#! /usr/bin/vvp
:ivl_version "12.0 (stable)";
:ivl_delay_selection "TYPICAL";
:vpi_time_precision - 12;
:vpi_module "/usr/lib/x86_64-linux-gnu/ivl/system.vpi";
:vpi_module "/usr/lib/x86_64-linux-gnu/ivl/vhdl_sys.vpi";
:vpi_module "/usr/lib/x86_64-linux-gnu/ivl/vhdl_textio.vpi";
:vpi_module "/usr/lib/x86_64-linux-gnu/ivl/v2005_math.vpi";
:vpi_module "/usr/lib/x86_64-linux-gnu/ivl/va_math.vpi";
S_0x56110638ceb0 .scope module, "CPU_tb" "CPU_tb" 2 4;
 .timescale -9 -12;
v0x561106550f50_0 .var/i "FAILED", 31 0;
v0x561106551030_0 .var "clk", 0 0;
v0x5611065510f0_0 .net "halt", 0 0, L_0x561106561520;  1 drivers
v0x5611065511f0_0 .var/i "i", 31 0;
v0x561106551290 .array "memory", 8191 0, 31 0;
v0x561106551380 .array "register_file", 31 0, 31 0;
v0x561106551440_0 .var "rst", 0 0;
S_0x56110638c3d0 .scope begin, "CLOCK_GENERATOR" "CLOCK_GENERATOR" 2 25, 2 25 0, S_0x56110638ceb0;
 .timescale -9 -12;
S_0x56110638c750 .scope begin, "REF_INIT" "REF_INIT" 2 19, 2 19 0, S_0x56110638ceb0;
 .timescale -9 -12;
S_0x56110638cb00 .scope begin, "Settings" "Settings" 2 30, 2 30 0, S_0x56110638ceb0;
 .timescale -9 -12;
E_0x5611063a8b10 .event posedge, v0x56110654fdf0_0;
S_0x561106388d30 .scope module, "cpu" "CPU" 2 17, 3 5 0, S_0x56110638ceb0;
 .timescale -9 -12;
    .port_info 0 /INPUT 1 "clk";
    .port_info 1 /INPUT 1 "rst";
    .port_info 2 /OUTPUT 1 "halt";
L_0x561106562160 .functor BUFZ 5, L_0x5611065617c0, C4<00000>, C4<00000>, C4<00000>;
L_0x5611064db380 .functor BUFZ 5, L_0x561106561860, C4<00000>, C4<00000>, C4<00000>;
L_0x5611063c5fb0 .functor BUFZ 32, v0x5611064db4a0_0, C4<00000000000000000000000000000000>, C4<00000000000000000000000000000000>, C4<00000000000000000000000000000000>;
L_0x561106562660 .functor BUFZ 32, v0x56110654e180_0, C4<00000000000000000000000000000000>, C4<00000000000000000000000000000000>, C4<00000000000000000000000000000000>;
L_0x561106562770 .functor BUFZ 32, v0x56110654e050_0, C4<00000000000000000000000000000000>, C4<00000000000000000000000000000000>, C4<00000000000000000000000000000000>;
v0x56110654eb10_0 .net "ALUOp", 3 0, v0x561106396500_0;  1 drivers
v0x56110654ebf0_0 .net "ALUSrc", 0 0, v0x5611063965e0_0;  1 drivers
v0x56110654ecb0_0 .net "Branch", 0 0, v0x5611063966a0_0;  1 drivers
v0x56110654ed50_0 .net "JR", 0 0, v0x561106396740_0;  1 drivers
v0x56110654ee20_0 .net "Jump", 0 0, v0x561106357490_0;  1 drivers
v0x56110654ef10_0 .net "MemRead", 0 0, v0x5611063575a0_0;  1 drivers
v0x56110654efe0_0 .net "MemWrite", 0 0, v0x561106357660_0;  1 drivers
v0x56110654f0d0_0 .net "MemtoReg", 0 0, v0x561106357720_0;  1 drivers
v0x56110654f170_0 .var "PC", 31 0;
v0x56110654f2d0_0 .var "PC_next", 31 0;
v0x56110654f370_0 .net "RegDst", 0 0, v0x5611063577e0_0;  1 drivers
v0x56110654f440_0 .net "RegWrite", 0 0, v0x5611063ac760_0;  1 drivers
v0x56110654f4e0_0 .net "SavePC", 0 0, v0x5611063ac820_0;  1 drivers
v0x56110654f580_0 .net "SignExtend", 0 0, v0x5611063ac8e0_0;  1 drivers
L_0x7fa2255ab018 .functor BUFT 1, C4<00000000000000000000000000000000>, C4<0>, C4<0>, C4<0>;
v0x56110654f650_0 .net/2u *"_ivl_0", 31 0, L_0x7fa2255ab018;  1 drivers
v0x56110654f6f0_0 .net *"_ivl_21", 0 0, L_0x561106561d30;  1 drivers
v0x56110654f790_0 .net *"_ivl_22", 15 0, L_0x561106561e80;  1 drivers
v0x56110654f830_0 .net *"_ivl_24", 31 0, L_0x5611065620c0;  1 drivers
L_0x7fa2255ab060 .functor BUFT 1, C4<0000000000000000>, C4<0>, C4<0>, C4<0>;
v0x56110654f8d0_0 .net/2u *"_ivl_26", 15 0, L_0x7fa2255ab060;  1 drivers
v0x56110654f990_0 .net *"_ivl_28", 31 0, L_0x5611065621d0;  1 drivers
v0x56110654fa70_0 .net "alu_result", 31 0, v0x5611064db4a0_0;  1 drivers
v0x56110654fb60_0 .net "clk", 0 0, v0x561106551030_0;  1 drivers
v0x56110654fc50_0 .net "ext_imm", 31 0, L_0x561106562270;  1 drivers
v0x56110654fd30_0 .net "funct", 5 0, L_0x561106561ab0;  1 drivers
v0x56110654fdf0_0 .net "halt", 0 0, L_0x561106561520;  alias, 1 drivers
v0x56110654fe90_0 .net "immi", 15 0, L_0x561106561ba0;  1 drivers
v0x56110654ff70_0 .net "immj", 25 0, L_0x561106561c90;  1 drivers
v0x561106550050_0 .net "inst", 31 0, v0x5611063bb690_0;  1 drivers
v0x561106550110_0 .net "mem_addr", 31 0, L_0x5611063c5fb0;  1 drivers
v0x5611065501e0_0 .net "mem_read_data", 31 0, v0x5611063bb910_0;  1 drivers
v0x5611065502b0_0 .net "mem_write_data", 31 0, L_0x561106562660;  1 drivers
v0x561106550380_0 .net "opcode", 5 0, L_0x5611065616d0;  1 drivers
v0x561106550450_0 .net "operand1", 31 0, L_0x561106562770;  1 drivers
v0x561106550520_0 .net "operand2", 31 0, L_0x561106562880;  1 drivers
v0x5611065505e0_0 .net "rd", 4 0, L_0x561106561930;  1 drivers
v0x5611065506a0_0 .net "rd_addr1", 4 0, L_0x561106562160;  1 drivers
v0x561106550790_0 .net "rd_addr2", 4 0, L_0x5611064db380;  1 drivers
v0x561106550860_0 .net "rd_data1", 31 0, v0x56110654e050_0;  1 drivers
v0x561106550930_0 .net "rd_data2", 31 0, v0x56110654e180_0;  1 drivers
v0x561106550a00_0 .net "rs", 4 0, L_0x5611065617c0;  1 drivers
v0x561106550ac0_0 .net "rst", 0 0, v0x561106551440_0;  1 drivers
v0x561106550bb0_0 .net "rt", 4 0, L_0x561106561860;  1 drivers
v0x561106550c90_0 .net "shamt", 4 0, L_0x5611065619d0;  1 drivers
v0x561106550d50_0 .var "wr_addr", 4 0;
v0x561106550e20_0 .var "wr_data", 31 0;
E_0x5611063a86a0/0 .event anyedge, v0x5611063ac820_0, v0x5611063577e0_0, v0x5611065505e0_0, v0x561106550bb0_0;
E_0x5611063a86a0/1 .event anyedge, v0x5611063bb750_0, v0x561106357720_0, v0x5611063bb910_0, v0x5611064db4a0_0;
E_0x5611063a86a0/2 .event anyedge, v0x561106357490_0, v0x561106396740_0, v0x56110654e050_0, v0x56110654ff70_0;
E_0x5611063a86a0/3 .event anyedge, v0x5611063966a0_0, v0x56110654fc50_0;
E_0x5611063a86a0 .event/or E_0x5611063a86a0/0, E_0x5611063a86a0/1, E_0x5611063a86a0/2, E_0x5611063a86a0/3;
L_0x561106561520 .cmp/eq 32, v0x5611063bb690_0, L_0x7fa2255ab018;
L_0x5611065616d0 .part v0x5611063bb690_0, 26, 6;
L_0x5611065617c0 .part v0x5611063bb690_0, 21, 5;
L_0x561106561860 .part v0x5611063bb690_0, 16, 5;
L_0x561106561930 .part v0x5611063bb690_0, 11, 5;
L_0x5611065619d0 .part v0x5611063bb690_0, 6, 5;
L_0x561106561ab0 .part v0x5611063bb690_0, 0, 6;
L_0x561106561ba0 .part v0x5611063bb690_0, 0, 16;
L_0x561106561c90 .part v0x5611063bb690_0, 0, 26;
L_0x561106561d30 .part L_0x561106561ba0, 15, 1;
LS_0x561106561e80_0_0 .concat [ 1 1 1 1], L_0x561106561d30, L_0x561106561d30, L_0x561106561d30, L_0x561106561d30;
LS_0x561106561e80_0_4 .concat [ 1 1 1 1], L_0x561106561d30, L_0x561106561d30, L_0x561106561d30, L_0x561106561d30;
LS_0x561106561e80_0_8 .concat [ 1 1 1 1], L_0x561106561d30, L_0x561106561d30, L_0x561106561d30, L_0x561106561d30;
LS_0x561106561e80_0_12 .concat [ 1 1 1 1], L_0x561106561d30, L_0x561106561d30, L_0x561106561d30, L_0x561106561d30;
L_0x561106561e80 .concat [ 4 4 4 4], LS_0x561106561e80_0_0, LS_0x561106561e80_0_4, LS_0x561106561e80_0_8, LS_0x561106561e80_0_12;
L_0x5611065620c0 .concat [ 16 16 0 0], L_0x561106561ba0, L_0x561106561e80;
L_0x5611065621d0 .concat [ 16 16 0 0], L_0x561106561ba0, L_0x7fa2255ab060;
L_0x561106562270 .functor MUXZ 32, L_0x5611065621d0, L_0x5611065620c0, v0x5611063ac8e0_0, C4<>;
L_0x561106562880 .functor MUXZ 32, v0x56110654e180_0, L_0x561106562270, v0x5611063965e0_0, C4<>;
S_0x5611063888f0 .scope module, "alu" "ALU" 3 175, 4 5 0, S_0x561106388d30;
 .timescale -9 -12;
    .port_info 0 /INPUT 32 "operand1";
    .port_info 1 /INPUT 32 "operand2";
    .port_info 2 /INPUT 5 "shamt";
    .port_info 3 /INPUT 4 "funct";
    .port_info 4 /OUTPUT 32 "alu_result";
v0x5611064db4a0_0 .var "alu_result", 31 0;
v0x5611063c60d0_0 .net "funct", 3 0, v0x561106396500_0;  alias, 1 drivers
v0x5611063b9b70_0 .net "operand1", 31 0, L_0x561106562770;  alias, 1 drivers
v0x56110638d5f0_0 .net "operand2", 31 0, L_0x561106562880;  alias, 1 drivers
v0x561106389170_0 .net "shamt", 4 0, L_0x5611065619d0;  alias, 1 drivers
E_0x5611063a7900 .event anyedge, v0x5611063c60d0_0, v0x5611063b9b70_0, v0x56110638d5f0_0, v0x561106389170_0;
S_0x56110638d260 .scope module, "ctrl" "CTRL" 3 135, 5 4 0, S_0x561106388d30;
 .timescale -9 -12;
    .port_info 0 /INPUT 6 "opcode";
    .port_info 1 /INPUT 6 "funct";
    .port_info 2 /OUTPUT 1 "RegDst";
    .port_info 3 /OUTPUT 1 "Jump";
    .port_info 4 /OUTPUT 1 "Branch";
    .port_info 5 /OUTPUT 1 "JR";
    .port_info 6 /OUTPUT 1 "MemRead";
    .port_info 7 /OUTPUT 1 "MemtoReg";
    .port_info 8 /OUTPUT 1 "MemWrite";
    .port_info 9 /OUTPUT 1 "ALUSrc";
    .port_info 10 /OUTPUT 1 "SignExtend";
    .port_info 11 /OUTPUT 1 "RegWrite";
    .port_info 12 /OUTPUT 4 "ALUOp";
    .port_info 13 /OUTPUT 1 "SavePC";
v0x561106396500_0 .var "ALUOp", 3 0;
v0x5611063965e0_0 .var "ALUSrc", 0 0;
v0x5611063966a0_0 .var "Branch", 0 0;
v0x561106396740_0 .var "JR", 0 0;
v0x561106357490_0 .var "Jump", 0 0;
v0x5611063575a0_0 .var "MemRead", 0 0;
v0x561106357660_0 .var "MemWrite", 0 0;
v0x561106357720_0 .var "MemtoReg", 0 0;
v0x5611063577e0_0 .var "RegDst", 0 0;
v0x5611063ac760_0 .var "RegWrite", 0 0;
v0x5611063ac820_0 .var "SavePC", 0 0;
v0x5611063ac8e0_0 .var "SignExtend", 0 0;
v0x5611063ac9a0_0 .net "funct", 5 0, L_0x561106561ab0;  alias, 1 drivers
v0x5611063aca80_0 .net "opcode", 5 0, L_0x5611065616d0;  alias, 1 drivers
E_0x5611063a7db0 .event anyedge, v0x5611063aca80_0, v0x5611063ac9a0_0;
S_0x5611063b7510 .scope module, "mem" "MEM" 3 164, 6 3 0, S_0x561106388d30;
 .timescale -9 -12;
    .port_info 0 /INPUT 1 "clk";
    .port_info 1 /INPUT 1 "rst";
    .port_info 2 /INPUT 32 "inst_addr";
    .port_info 3 /OUTPUT 32 "inst";
    .port_info 4 /INPUT 32 "mem_addr";
    .port_info 5 /INPUT 1 "MemWrite";
    .port_info 6 /INPUT 32 "mem_write_data";
    .port_info 7 /OUTPUT 32 "mem_read_data";
v0x5611063b77e0_0 .net "MemWrite", 0 0, v0x561106357660_0;  alias, 1 drivers
v0x5611063b78a0_0 .net "clk", 0 0, v0x561106551030_0;  alias, 1 drivers
v0x5611063bb690_0 .var "inst", 31 0;
v0x5611063bb750_0 .net "inst_addr", 31 0, v0x56110654f170_0;  1 drivers
v0x5611063bb830_0 .net "mem_addr", 31 0, L_0x5611063c5fb0;  alias, 1 drivers
v0x5611063bb910_0 .var "mem_read_data", 31 0;
v0x5611063bb9f0_0 .net "mem_write_data", 31 0, L_0x561106562660;  alias, 1 drivers
v0x5611063a7130 .array "memory", 8191 0, 31 0;
v0x56110654d700_0 .net "rst", 0 0, v0x561106551440_0;  alias, 1 drivers
E_0x5611063a8220 .event posedge, v0x5611063b78a0_0;
v0x5611063a7130_0 .array/port v0x5611063a7130, 0;
v0x5611063a7130_1 .array/port v0x5611063a7130, 1;
v0x5611063a7130_2 .array/port v0x5611063a7130, 2;
E_0x56110637b490/0 .event anyedge, v0x5611063bb750_0, v0x5611063a7130_0, v0x5611063a7130_1, v0x5611063a7130_2;
v0x5611063a7130_3 .array/port v0x5611063a7130, 3;
v0x5611063a7130_4 .array/port v0x5611063a7130, 4;
v0x5611063a7130_5 .array/port v0x5611063a7130, 5;
v0x5611063a7130_6 .array/port v0x5611063a7130, 6;
E_0x56110637b490/1 .event anyedge, v0x5611063a7130_3, v0x5611063a7130_4, v0x5611063a7130_5, v0x5611063a7130_6;
v0x5611063a7130_7 .array/port v0x5611063a7130, 7;
v0x5611063a7130_8 .array/port v0x5611063a7130, 8;
v0x5611063a7130_9 .array/port v0x5611063a7130, 9;
v0x5611063a7130_10 .array/port v0x5611063a7130, 10;
E_0x56110637b490/2 .event anyedge, v0x5611063a7130_7, v0x5611063a7130_8, v0x5611063a7130_9, v0x5611063a7130_10;
v0x5611063a7130_11 .array/port v0x5611063a7130, 11;
v0x5611063a7130_12 .array/port v0x5611063a7130, 12;
v0x5611063a7130_13 .array/port v0x5611063a7130, 13;
v0x5611063a7130_14 .array/port v0x5611063a7130, 14;
E_0x56110637b490/3 .event anyedge, v0x5611063a7130_11, v0x5611063a7130_12, v0x5611063a7130_13, v0x5611063a7130_14;
v0x5611063a7130_15 .array/port v0x5611063a7130, 15;
v0x5611063a7130_16 .array/port v0x5611063a7130, 16;
v0x5611063a7130_17 .array/port v0x5611063a7130, 17;
v0x5611063a7130_18 .array/port v0x5611063a7130, 18;
E_0x56110637b490/4 .event anyedge, v0x5611063a7130_15, v0x5611063a7130_16, v0x5611063a7130_17, v0x5611063a7130_18;
v0x5611063a7130_19 .array/port v0x5611063a7130, 19;
v0x5611063a7130_20 .array/port v0x5611063a7130, 20;
v0x5611063a7130_21 .array/port v0x5611063a7130, 21;
v0x5611063a7130_22 .array/port v0x5611063a7130, 22;
E_0x56110637b490/5 .event anyedge, v0x5611063a7130_19, v0x5611063a7130_20, v0x5611063a7130_21, v0x5611063a7130_22;
v0x5611063a7130_23 .array/port v0x5611063a7130, 23;
v0x5611063a7130_24 .array/port v0x5611063a7130, 24;
v0x5611063a7130_25 .array/port v0x5611063a7130, 25;
v0x5611063a7130_26 .array/port v0x5611063a7130, 26;
E_0x56110637b490/6 .event anyedge, v0x5611063a7130_23, v0x5611063a7130_24, v0x5611063a7130_25, v0x5611063a7130_26;
v0x5611063a7130_27 .array/port v0x5611063a7130, 27;
v0x5611063a7130_28 .array/port v0x5611063a7130, 28;
v0x5611063a7130_29 .array/port v0x5611063a7130, 29;
v0x5611063a7130_30 .array/port v0x5611063a7130, 30;
E_0x56110637b490/7 .event anyedge, v0x5611063a7130_27, v0x5611063a7130_28, v0x5611063a7130_29, v0x5611063a7130_30;
v0x5611063a7130_31 .array/port v0x5611063a7130, 31;
v0x5611063a7130_32 .array/port v0x5611063a7130, 32;
v0x5611063a7130_33 .array/port v0x5611063a7130, 33;
v0x5611063a7130_34 .array/port v0x5611063a7130, 34;
E_0x56110637b490/8 .event anyedge, v0x5611063a7130_31, v0x5611063a7130_32, v0x5611063a7130_33, v0x5611063a7130_34;
v0x5611063a7130_35 .array/port v0x5611063a7130, 35;
v0x5611063a7130_36 .array/port v0x5611063a7130, 36;
v0x5611063a7130_37 .array/port v0x5611063a7130, 37;
v0x5611063a7130_38 .array/port v0x5611063a7130, 38;
E_0x56110637b490/9 .event anyedge, v0x5611063a7130_35, v0x5611063a7130_36, v0x5611063a7130_37, v0x5611063a7130_38;
v0x5611063a7130_39 .array/port v0x5611063a7130, 39;
v0x5611063a7130_40 .array/port v0x5611063a7130, 40;
v0x5611063a7130_41 .array/port v0x5611063a7130, 41;
v0x5611063a7130_42 .array/port v0x5611063a7130, 42;
E_0x56110637b490/10 .event anyedge, v0x5611063a7130_39, v0x5611063a7130_40, v0x5611063a7130_41, v0x5611063a7130_42;
v0x5611063a7130_43 .array/port v0x5611063a7130, 43;
v0x5611063a7130_44 .array/port v0x5611063a7130, 44;
v0x5611063a7130_45 .array/port v0x5611063a7130, 45;
v0x5611063a7130_46 .array/port v0x5611063a7130, 46;
E_0x56110637b490/11 .event anyedge, v0x5611063a7130_43, v0x5611063a7130_44, v0x5611063a7130_45, v0x5611063a7130_46;
v0x5611063a7130_47 .array/port v0x5611063a7130, 47;
v0x5611063a7130_48 .array/port v0x5611063a7130, 48;
v0x5611063a7130_49 .array/port v0x5611063a7130, 49;
v0x5611063a7130_50 .array/port v0x5611063a7130, 50;
E_0x56110637b490/12 .event anyedge, v0x5611063a7130_47, v0x5611063a7130_48, v0x5611063a7130_49, v0x5611063a7130_50;
v0x5611063a7130_51 .array/port v0x5611063a7130, 51;
v0x5611063a7130_52 .array/port v0x5611063a7130, 52;
v0x5611063a7130_53 .array/port v0x5611063a7130, 53;
v0x5611063a7130_54 .array/port v0x5611063a7130, 54;
E_0x56110637b490/13 .event anyedge, v0x5611063a7130_51, v0x5611063a7130_52, v0x5611063a7130_53, v0x5611063a7130_54;
v0x5611063a7130_55 .array/port v0x5611063a7130, 55;
v0x5611063a7130_56 .array/port v0x5611063a7130, 56;
v0x5611063a7130_57 .array/port v0x5611063a7130, 57;
v0x5611063a7130_58 .array/port v0x5611063a7130, 58;
E_0x56110637b490/14 .event anyedge, v0x5611063a7130_55, v0x5611063a7130_56, v0x5611063a7130_57, v0x5611063a7130_58;
v0x5611063a7130_59 .array/port v0x5611063a7130, 59;
v0x5611063a7130_60 .array/port v0x5611063a7130, 60;
v0x5611063a7130_61 .array/port v0x5611063a7130, 61;
v0x5611063a7130_62 .array/port v0x5611063a7130, 62;
E_0x56110637b490/15 .event anyedge, v0x5611063a7130_59, v0x5611063a7130_60, v0x5611063a7130_61, v0x5611063a7130_62;
v0x5611063a7130_63 .array/port v0x5611063a7130, 63;
v0x5611063a7130_64 .array/port v0x5611063a7130, 64;
v0x5611063a7130_65 .array/port v0x5611063a7130, 65;
v0x5611063a7130_66 .array/port v0x5611063a7130, 66;
E_0x56110637b490/16 .event anyedge, v0x5611063a7130_63, v0x5611063a7130_64, v0x5611063a7130_65, v0x5611063a7130_66;
v0x5611063a7130_67 .array/port v0x5611063a7130, 67;
v0x5611063a7130_68 .array/port v0x5611063a7130, 68;
v0x5611063a7130_69 .array/port v0x5611063a7130, 69;
v0x5611063a7130_70 .array/port v0x5611063a7130, 70;
E_0x56110637b490/17 .event anyedge, v0x5611063a7130_67, v0x5611063a7130_68, v0x5611063a7130_69, v0x5611063a7130_70;
v0x5611063a7130_71 .array/port v0x5611063a7130, 71;
v0x5611063a7130_72 .array/port v0x5611063a7130, 72;
v0x5611063a7130_73 .array/port v0x5611063a7130, 73;
v0x5611063a7130_74 .array/port v0x5611063a7130, 74;
E_0x56110637b490/18 .event anyedge, v0x5611063a7130_71, v0x5611063a7130_72, v0x5611063a7130_73, v0x5611063a7130_74;
v0x5611063a7130_75 .array/port v0x5611063a7130, 75;
v0x5611063a7130_76 .array/port v0x5611063a7130, 76;
v0x5611063a7130_77 .array/port v0x5611063a7130, 77;
v0x5611063a7130_78 .array/port v0x5611063a7130, 78;
E_0x56110637b490/19 .event anyedge, v0x5611063a7130_75, v0x5611063a7130_76, v0x5611063a7130_77, v0x5611063a7130_78;
v0x5611063a7130_79 .array/port v0x5611063a7130, 79;
v0x5611063a7130_80 .array/port v0x5611063a7130, 80;
v0x5611063a7130_81 .array/port v0x5611063a7130, 81;
v0x5611063a7130_82 .array/port v0x5611063a7130, 82;
E_0x56110637b490/20 .event anyedge, v0x5611063a7130_79, v0x5611063a7130_80, v0x5611063a7130_81, v0x5611063a7130_82;
v0x5611063a7130_83 .array/port v0x5611063a7130, 83;
v0x5611063a7130_84 .array/port v0x5611063a7130, 84;
v0x5611063a7130_85 .array/port v0x5611063a7130, 85;
v0x5611063a7130_86 .array/port v0x5611063a7130, 86;
E_0x56110637b490/21 .event anyedge, v0x5611063a7130_83, v0x5611063a7130_84, v0x5611063a7130_85, v0x5611063a7130_86;
v0x5611063a7130_87 .array/port v0x5611063a7130, 87;
v0x5611063a7130_88 .array/port v0x5611063a7130, 88;
v0x5611063a7130_89 .array/port v0x5611063a7130, 89;
v0x5611063a7130_90 .array/port v0x5611063a7130, 90;
E_0x56110637b490/22 .event anyedge, v0x5611063a7130_87, v0x5611063a7130_88, v0x5611063a7130_89, v0x5611063a7130_90;
v0x5611063a7130_91 .array/port v0x5611063a7130, 91;
v0x5611063a7130_92 .array/port v0x5611063a7130, 92;
v0x5611063a7130_93 .array/port v0x5611063a7130, 93;
v0x5611063a7130_94 .array/port v0x5611063a7130, 94;
E_0x56110637b490/23 .event anyedge, v0x5611063a7130_91, v0x5611063a7130_92, v0x5611063a7130_93, v0x5611063a7130_94;
v0x5611063a7130_95 .array/port v0x5611063a7130, 95;
v0x5611063a7130_96 .array/port v0x5611063a7130, 96;
v0x5611063a7130_97 .array/port v0x5611063a7130, 97;
v0x5611063a7130_98 .array/port v0x5611063a7130, 98;
E_0x56110637b490/24 .event anyedge, v0x5611063a7130_95, v0x5611063a7130_96, v0x5611063a7130_97, v0x5611063a7130_98;
v0x5611063a7130_99 .array/port v0x5611063a7130, 99;
v0x5611063a7130_100 .array/port v0x5611063a7130, 100;
v0x5611063a7130_101 .array/port v0x5611063a7130, 101;
v0x5611063a7130_102 .array/port v0x5611063a7130, 102;
E_0x56110637b490/25 .event anyedge, v0x5611063a7130_99, v0x5611063a7130_100, v0x5611063a7130_101, v0x5611063a7130_102;
v0x5611063a7130_103 .array/port v0x5611063a7130, 103;
v0x5611063a7130_104 .array/port v0x5611063a7130, 104;
v0x5611063a7130_105 .array/port v0x5611063a7130, 105;
v0x5611063a7130_106 .array/port v0x5611063a7130, 106;
E_0x56110637b490/26 .event anyedge, v0x5611063a7130_103, v0x5611063a7130_104, v0x5611063a7130_105, v0x5611063a7130_106;
v0x5611063a7130_107 .array/port v0x5611063a7130, 107;
v0x5611063a7130_108 .array/port v0x5611063a7130, 108;
v0x5611063a7130_109 .array/port v0x5611063a7130, 109;
v0x5611063a7130_110 .array/port v0x5611063a7130, 110;
E_0x56110637b490/27 .event anyedge, v0x5611063a7130_107, v0x5611063a7130_108, v0x5611063a7130_109, v0x5611063a7130_110;
v0x5611063a7130_111 .array/port v0x5611063a7130, 111;
v0x5611063a7130_112 .array/port v0x5611063a7130, 112;
v0x5611063a7130_113 .array/port v0x5611063a7130, 113;
v0x5611063a7130_114 .array/port v0x5611063a7130, 114;
E_0x56110637b490/28 .event anyedge, v0x5611063a7130_111, v0x5611063a7130_112, v0x5611063a7130_113, v0x5611063a7130_114;
v0x5611063a7130_115 .array/port v0x5611063a7130, 115;
v0x5611063a7130_116 .array/port v0x5611063a7130, 116;
v0x5611063a7130_117 .array/port v0x5611063a7130, 117;
v0x5611063a7130_118 .array/port v0x5611063a7130, 118;
E_0x56110637b490/29 .event anyedge, v0x5611063a7130_115, v0x5611063a7130_116, v0x5611063a7130_117, v0x5611063a7130_118;
v0x5611063a7130_119 .array/port v0x5611063a7130, 119;
v0x5611063a7130_120 .array/port v0x5611063a7130, 120;
v0x5611063a7130_121 .array/port v0x5611063a7130, 121;
v0x5611063a7130_122 .array/port v0x5611063a7130, 122;
E_0x56110637b490/30 .event anyedge, v0x5611063a7130_119, v0x5611063a7130_120, v0x5611063a7130_121, v0x5611063a7130_122;
v0x5611063a7130_123 .array/port v0x5611063a7130, 123;
v0x5611063a7130_124 .array/port v0x5611063a7130, 124;
v0x5611063a7130_125 .array/port v0x5611063a7130, 125;
v0x5611063a7130_126 .array/port v0x5611063a7130, 126;
E_0x56110637b490/31 .event anyedge, v0x5611063a7130_123, v0x5611063a7130_124, v0x5611063a7130_125, v0x5611063a7130_126;
v0x5611063a7130_127 .array/port v0x5611063a7130, 127;
v0x5611063a7130_128 .array/port v0x5611063a7130, 128;
v0x5611063a7130_129 .array/port v0x5611063a7130, 129;
v0x5611063a7130_130 .array/port v0x5611063a7130, 130;
E_0x56110637b490/32 .event anyedge, v0x5611063a7130_127, v0x5611063a7130_128, v0x5611063a7130_129, v0x5611063a7130_130;
v0x5611063a7130_131 .array/port v0x5611063a7130, 131;
v0x5611063a7130_132 .array/port v0x5611063a7130, 132;
v0x5611063a7130_133 .array/port v0x5611063a7130, 133;
v0x5611063a7130_134 .array/port v0x5611063a7130, 134;
E_0x56110637b490/33 .event anyedge, v0x5611063a7130_131, v0x5611063a7130_132, v0x5611063a7130_133, v0x5611063a7130_134;
v0x5611063a7130_135 .array/port v0x5611063a7130, 135;
v0x5611063a7130_136 .array/port v0x5611063a7130, 136;
v0x5611063a7130_137 .array/port v0x5611063a7130, 137;
v0x5611063a7130_138 .array/port v0x5611063a7130, 138;
E_0x56110637b490/34 .event anyedge, v0x5611063a7130_135, v0x5611063a7130_136, v0x5611063a7130_137, v0x5611063a7130_138;
v0x5611063a7130_139 .array/port v0x5611063a7130, 139;
v0x5611063a7130_140 .array/port v0x5611063a7130, 140;
v0x5611063a7130_141 .array/port v0x5611063a7130, 141;
v0x5611063a7130_142 .array/port v0x5611063a7130, 142;
E_0x56110637b490/35 .event anyedge, v0x5611063a7130_139, v0x5611063a7130_140, v0x5611063a7130_141, v0x5611063a7130_142;
v0x5611063a7130_143 .array/port v0x5611063a7130, 143;
v0x5611063a7130_144 .array/port v0x5611063a7130, 144;
v0x5611063a7130_145 .array/port v0x5611063a7130, 145;
v0x5611063a7130_146 .array/port v0x5611063a7130, 146;
E_0x56110637b490/36 .event anyedge, v0x5611063a7130_143, v0x5611063a7130_144, v0x5611063a7130_145, v0x5611063a7130_146;
v0x5611063a7130_147 .array/port v0x5611063a7130, 147;
v0x5611063a7130_148 .array/port v0x5611063a7130, 148;
v0x5611063a7130_149 .array/port v0x5611063a7130, 149;
v0x5611063a7130_150 .array/port v0x5611063a7130, 150;
E_0x56110637b490/37 .event anyedge, v0x5611063a7130_147, v0x5611063a7130_148, v0x5611063a7130_149, v0x5611063a7130_150;
v0x5611063a7130_151 .array/port v0x5611063a7130, 151;
v0x5611063a7130_152 .array/port v0x5611063a7130, 152;
v0x5611063a7130_153 .array/port v0x5611063a7130, 153;
v0x5611063a7130_154 .array/port v0x5611063a7130, 154;
E_0x56110637b490/38 .event anyedge, v0x5611063a7130_151, v0x5611063a7130_152, v0x5611063a7130_153, v0x5611063a7130_154;
v0x5611063a7130_155 .array/port v0x5611063a7130, 155;
v0x5611063a7130_156 .array/port v0x5611063a7130, 156;
v0x5611063a7130_157 .array/port v0x5611063a7130, 157;
v0x5611063a7130_158 .array/port v0x5611063a7130, 158;
E_0x56110637b490/39 .event anyedge, v0x5611063a7130_155, v0x5611063a7130_156, v0x5611063a7130_157, v0x5611063a7130_158;
v0x5611063a7130_159 .array/port v0x5611063a7130, 159;
v0x5611063a7130_160 .array/port v0x5611063a7130, 160;
v0x5611063a7130_161 .array/port v0x5611063a7130, 161;
v0x5611063a7130_162 .array/port v0x5611063a7130, 162;
E_0x56110637b490/40 .event anyedge, v0x5611063a7130_159, v0x5611063a7130_160, v0x5611063a7130_161, v0x5611063a7130_162;
v0x5611063a7130_163 .array/port v0x5611063a7130, 163;
v0x5611063a7130_164 .array/port v0x5611063a7130, 164;
v0x5611063a7130_165 .array/port v0x5611063a7130, 165;
v0x5611063a7130_166 .array/port v0x5611063a7130, 166;
E_0x56110637b490/41 .event anyedge, v0x5611063a7130_163, v0x5611063a7130_164, v0x5611063a7130_165, v0x5611063a7130_166;
v0x5611063a7130_167 .array/port v0x5611063a7130, 167;
v0x5611063a7130_168 .array/port v0x5611063a7130, 168;
v0x5611063a7130_169 .array/port v0x5611063a7130, 169;
v0x5611063a7130_170 .array/port v0x5611063a7130, 170;
E_0x56110637b490/42 .event anyedge, v0x5611063a7130_167, v0x5611063a7130_168, v0x5611063a7130_169, v0x5611063a7130_170;
v0x5611063a7130_171 .array/port v0x5611063a7130, 171;
v0x5611063a7130_172 .array/port v0x5611063a7130, 172;
v0x5611063a7130_173 .array/port v0x5611063a7130, 173;
v0x5611063a7130_174 .array/port v0x5611063a7130, 174;
E_0x56110637b490/43 .event anyedge, v0x5611063a7130_171, v0x5611063a7130_172, v0x5611063a7130_173, v0x5611063a7130_174;
v0x5611063a7130_175 .array/port v0x5611063a7130, 175;
v0x5611063a7130_176 .array/port v0x5611063a7130, 176;
v0x5611063a7130_177 .array/port v0x5611063a7130, 177;
v0x5611063a7130_178 .array/port v0x5611063a7130, 178;
E_0x56110637b490/44 .event anyedge, v0x5611063a7130_175, v0x5611063a7130_176, v0x5611063a7130_177, v0x5611063a7130_178;
v0x5611063a7130_179 .array/port v0x5611063a7130, 179;
v0x5611063a7130_180 .array/port v0x5611063a7130, 180;
v0x5611063a7130_181 .array/port v0x5611063a7130, 181;
v0x5611063a7130_182 .array/port v0x5611063a7130, 182;
E_0x56110637b490/45 .event anyedge, v0x5611063a7130_179, v0x5611063a7130_180, v0x5611063a7130_181, v0x5611063a7130_182;
v0x5611063a7130_183 .array/port v0x5611063a7130, 183;
v0x5611063a7130_184 .array/port v0x5611063a7130, 184;
v0x5611063a7130_185 .array/port v0x5611063a7130, 185;
v0x5611063a7130_186 .array/port v0x5611063a7130, 186;
E_0x56110637b490/46 .event anyedge, v0x5611063a7130_183, v0x5611063a7130_184, v0x5611063a7130_185, v0x5611063a7130_186;
v0x5611063a7130_187 .array/port v0x5611063a7130, 187;
v0x5611063a7130_188 .array/port v0x5611063a7130, 188;
v0x5611063a7130_189 .array/port v0x5611063a7130, 189;
v0x5611063a7130_190 .array/port v0x5611063a7130, 190;
E_0x56110637b490/47 .event anyedge, v0x5611063a7130_187, v0x5611063a7130_188, v0x5611063a7130_189, v0x5611063a7130_190;
v0x5611063a7130_191 .array/port v0x5611063a7130, 191;
v0x5611063a7130_192 .array/port v0x5611063a7130, 192;
v0x5611063a7130_193 .array/port v0x5611063a7130, 193;
v0x5611063a7130_194 .array/port v0x5611063a7130, 194;
E_0x56110637b490/48 .event anyedge, v0x5611063a7130_191, v0x5611063a7130_192, v0x5611063a7130_193, v0x5611063a7130_194;
v0x5611063a7130_195 .array/port v0x5611063a7130, 195;
v0x5611063a7130_196 .array/port v0x5611063a7130, 196;
v0x5611063a7130_197 .array/port v0x5611063a7130, 197;
v0x5611063a7130_198 .array/port v0x5611063a7130, 198;
E_0x56110637b490/49 .event anyedge, v0x5611063a7130_195, v0x5611063a7130_196, v0x5611063a7130_197, v0x5611063a7130_198;
v0x5611063a7130_199 .array/port v0x5611063a7130, 199;
v0x5611063a7130_200 .array/port v0x5611063a7130, 200;
v0x5611063a7130_201 .array/port v0x5611063a7130, 201;
v0x5611063a7130_202 .array/port v0x5611063a7130, 202;
E_0x56110637b490/50 .event anyedge, v0x5611063a7130_199, v0x5611063a7130_200, v0x5611063a7130_201, v0x5611063a7130_202;
v0x5611063a7130_203 .array/port v0x5611063a7130, 203;
v0x5611063a7130_204 .array/port v0x5611063a7130, 204;
v0x5611063a7130_205 .array/port v0x5611063a7130, 205;
v0x5611063a7130_206 .array/port v0x5611063a7130, 206;
E_0x56110637b490/51 .event anyedge, v0x5611063a7130_203, v0x5611063a7130_204, v0x5611063a7130_205, v0x5611063a7130_206;
v0x5611063a7130_207 .array/port v0x5611063a7130, 207;
v0x5611063a7130_208 .array/port v0x5611063a7130, 208;
v0x5611063a7130_209 .array/port v0x5611063a7130, 209;
v0x5611063a7130_210 .array/port v0x5611063a7130, 210;
E_0x56110637b490/52 .event anyedge, v0x5611063a7130_207, v0x5611063a7130_208, v0x5611063a7130_209, v0x5611063a7130_210;
v0x5611063a7130_211 .array/port v0x5611063a7130, 211;
v0x5611063a7130_212 .array/port v0x5611063a7130, 212;
v0x5611063a7130_213 .array/port v0x5611063a7130, 213;
v0x5611063a7130_214 .array/port v0x5611063a7130, 214;
E_0x56110637b490/53 .event anyedge, v0x5611063a7130_211, v0x5611063a7130_212, v0x5611063a7130_213, v0x5611063a7130_214;
v0x5611063a7130_215 .array/port v0x5611063a7130, 215;
v0x5611063a7130_216 .array/port v0x5611063a7130, 216;
v0x5611063a7130_217 .array/port v0x5611063a7130, 217;
v0x5611063a7130_218 .array/port v0x5611063a7130, 218;
E_0x56110637b490/54 .event anyedge, v0x5611063a7130_215, v0x5611063a7130_216, v0x5611063a7130_217, v0x5611063a7130_218;
v0x5611063a7130_219 .array/port v0x5611063a7130, 219;
v0x5611063a7130_220 .array/port v0x5611063a7130, 220;
v0x5611063a7130_221 .array/port v0x5611063a7130, 221;
v0x5611063a7130_222 .array/port v0x5611063a7130, 222;
E_0x56110637b490/55 .event anyedge, v0x5611063a7130_219, v0x5611063a7130_220, v0x5611063a7130_221, v0x5611063a7130_222;
v0x5611063a7130_223 .array/port v0x5611063a7130, 223;
v0x5611063a7130_224 .array/port v0x5611063a7130, 224;
v0x5611063a7130_225 .array/port v0x5611063a7130, 225;
v0x5611063a7130_226 .array/port v0x5611063a7130, 226;
E_0x56110637b490/56 .event anyedge, v0x5611063a7130_223, v0x5611063a7130_224, v0x5611063a7130_225, v0x5611063a7130_226;
v0x5611063a7130_227 .array/port v0x5611063a7130, 227;
v0x5611063a7130_228 .array/port v0x5611063a7130, 228;
v0x5611063a7130_229 .array/port v0x5611063a7130, 229;
v0x5611063a7130_230 .array/port v0x5611063a7130, 230;
E_0x56110637b490/57 .event anyedge, v0x5611063a7130_227, v0x5611063a7130_228, v0x5611063a7130_229, v0x5611063a7130_230;
v0x5611063a7130_231 .array/port v0x5611063a7130, 231;
v0x5611063a7130_232 .array/port v0x5611063a7130, 232;
v0x5611063a7130_233 .array/port v0x5611063a7130, 233;
v0x5611063a7130_234 .array/port v0x5611063a7130, 234;
E_0x56110637b490/58 .event anyedge, v0x5611063a7130_231, v0x5611063a7130_232, v0x5611063a7130_233, v0x5611063a7130_234;
v0x5611063a7130_235 .array/port v0x5611063a7130, 235;
v0x5611063a7130_236 .array/port v0x5611063a7130, 236;
v0x5611063a7130_237 .array/port v0x5611063a7130, 237;
v0x5611063a7130_238 .array/port v0x5611063a7130, 238;
E_0x56110637b490/59 .event anyedge, v0x5611063a7130_235, v0x5611063a7130_236, v0x5611063a7130_237, v0x5611063a7130_238;
v0x5611063a7130_239 .array/port v0x5611063a7130, 239;
v0x5611063a7130_240 .array/port v0x5611063a7130, 240;
v0x5611063a7130_241 .array/port v0x5611063a7130, 241;
v0x5611063a7130_242 .array/port v0x5611063a7130, 242;
E_0x56110637b490/60 .event anyedge, v0x5611063a7130_239, v0x5611063a7130_240, v0x5611063a7130_241, v0x5611063a7130_242;
v0x5611063a7130_243 .array/port v0x5611063a7130, 243;
v0x5611063a7130_244 .array/port v0x5611063a7130, 244;
v0x5611063a7130_245 .array/port v0x5611063a7130, 245;
v0x5611063a7130_246 .array/port v0x5611063a7130, 246;
E_0x56110637b490/61 .event anyedge, v0x5611063a7130_243, v0x5611063a7130_244, v0x5611063a7130_245, v0x5611063a7130_246;
v0x5611063a7130_247 .array/port v0x5611063a7130, 247;
v0x5611063a7130_248 .array/port v0x5611063a7130, 248;
v0x5611063a7130_249 .array/port v0x5611063a7130, 249;
v0x5611063a7130_250 .array/port v0x5611063a7130, 250;
E_0x56110637b490/62 .event anyedge, v0x5611063a7130_247, v0x5611063a7130_248, v0x5611063a7130_249, v0x5611063a7130_250;
v0x5611063a7130_251 .array/port v0x5611063a7130, 251;
v0x5611063a7130_252 .array/port v0x5611063a7130, 252;
v0x5611063a7130_253 .array/port v0x5611063a7130, 253;
v0x5611063a7130_254 .array/port v0x5611063a7130, 254;
E_0x56110637b490/63 .event anyedge, v0x5611063a7130_251, v0x5611063a7130_252, v0x5611063a7130_253, v0x5611063a7130_254;
v0x5611063a7130_255 .array/port v0x5611063a7130, 255;
v0x5611063a7130_256 .array/port v0x5611063a7130, 256;
v0x5611063a7130_257 .array/port v0x5611063a7130, 257;
v0x5611063a7130_258 .array/port v0x5611063a7130, 258;
E_0x56110637b490/64 .event anyedge, v0x5611063a7130_255, v0x5611063a7130_256, v0x5611063a7130_257, v0x5611063a7130_258;
v0x5611063a7130_259 .array/port v0x5611063a7130, 259;
v0x5611063a7130_260 .array/port v0x5611063a7130, 260;
v0x5611063a7130_261 .array/port v0x5611063a7130, 261;
v0x5611063a7130_262 .array/port v0x5611063a7130, 262;
E_0x56110637b490/65 .event anyedge, v0x5611063a7130_259, v0x5611063a7130_260, v0x5611063a7130_261, v0x5611063a7130_262;
v0x5611063a7130_263 .array/port v0x5611063a7130, 263;
v0x5611063a7130_264 .array/port v0x5611063a7130, 264;
v0x5611063a7130_265 .array/port v0x5611063a7130, 265;
v0x5611063a7130_266 .array/port v0x5611063a7130, 266;
E_0x56110637b490/66 .event anyedge, v0x5611063a7130_263, v0x5611063a7130_264, v0x5611063a7130_265, v0x5611063a7130_266;
v0x5611063a7130_267 .array/port v0x5611063a7130, 267;
v0x5611063a7130_268 .array/port v0x5611063a7130, 268;
v0x5611063a7130_269 .array/port v0x5611063a7130, 269;
v0x5611063a7130_270 .array/port v0x5611063a7130, 270;
E_0x56110637b490/67 .event anyedge, v0x5611063a7130_267, v0x5611063a7130_268, v0x5611063a7130_269, v0x5611063a7130_270;
v0x5611063a7130_271 .array/port v0x5611063a7130, 271;
v0x5611063a7130_272 .array/port v0x5611063a7130, 272;
v0x5611063a7130_273 .array/port v0x5611063a7130, 273;
v0x5611063a7130_274 .array/port v0x5611063a7130, 274;
E_0x56110637b490/68 .event anyedge, v0x5611063a7130_271, v0x5611063a7130_272, v0x5611063a7130_273, v0x5611063a7130_274;
v0x5611063a7130_275 .array/port v0x5611063a7130, 275;
v0x5611063a7130_276 .array/port v0x5611063a7130, 276;
v0x5611063a7130_277 .array/port v0x5611063a7130, 277;
v0x5611063a7130_278 .array/port v0x5611063a7130, 278;
E_0x56110637b490/69 .event anyedge, v0x5611063a7130_275, v0x5611063a7130_276, v0x5611063a7130_277, v0x5611063a7130_278;
v0x5611063a7130_279 .array/port v0x5611063a7130, 279;
v0x5611063a7130_280 .array/port v0x5611063a7130, 280;
v0x5611063a7130_281 .array/port v0x5611063a7130, 281;
v0x5611063a7130_282 .array/port v0x5611063a7130, 282;
E_0x56110637b490/70 .event anyedge, v0x5611063a7130_279, v0x5611063a7130_280, v0x5611063a7130_281, v0x5611063a7130_282;
v0x5611063a7130_283 .array/port v0x5611063a7130, 283;
v0x5611063a7130_284 .array/port v0x5611063a7130, 284;
v0x5611063a7130_285 .array/port v0x5611063a7130, 285;
v0x5611063a7130_286 .array/port v0x5611063a7130, 286;
E_0x56110637b490/71 .event anyedge, v0x5611063a7130_283, v0x5611063a7130_284, v0x5611063a7130_285, v0x5611063a7130_286;
v0x5611063a7130_287 .array/port v0x5611063a7130, 287;
v0x5611063a7130_288 .array/port v0x5611063a7130, 288;
v0x5611063a7130_289 .array/port v0x5611063a7130, 289;
v0x5611063a7130_290 .array/port v0x5611063a7130, 290;
E_0x56110637b490/72 .event anyedge, v0x5611063a7130_287, v0x5611063a7130_288, v0x5611063a7130_289, v0x5611063a7130_290;
v0x5611063a7130_291 .array/port v0x5611063a7130, 291;
v0x5611063a7130_292 .array/port v0x5611063a7130, 292;
v0x5611063a7130_293 .array/port v0x5611063a7130, 293;
v0x5611063a7130_294 .array/port v0x5611063a7130, 294;
E_0x56110637b490/73 .event anyedge, v0x5611063a7130_291, v0x5611063a7130_292, v0x5611063a7130_293, v0x5611063a7130_294;
v0x5611063a7130_295 .array/port v0x5611063a7130, 295;
v0x5611063a7130_296 .array/port v0x5611063a7130, 296;
v0x5611063a7130_297 .array/port v0x5611063a7130, 297;
v0x5611063a7130_298 .array/port v0x5611063a7130, 298;
E_0x56110637b490/74 .event anyedge, v0x5611063a7130_295, v0x5611063a7130_296, v0x5611063a7130_297, v0x5611063a7130_298;
v0x5611063a7130_299 .array/port v0x5611063a7130, 299;
v0x5611063a7130_300 .array/port v0x5611063a7130, 300;
v0x5611063a7130_301 .array/port v0x5611063a7130, 301;
v0x5611063a7130_302 .array/port v0x5611063a7130, 302;
E_0x56110637b490/75 .event anyedge, v0x5611063a7130_299, v0x5611063a7130_300, v0x5611063a7130_301, v0x5611063a7130_302;
v0x5611063a7130_303 .array/port v0x5611063a7130, 303;
v0x5611063a7130_304 .array/port v0x5611063a7130, 304;
v0x5611063a7130_305 .array/port v0x5611063a7130, 305;
v0x5611063a7130_306 .array/port v0x5611063a7130, 306;
E_0x56110637b490/76 .event anyedge, v0x5611063a7130_303, v0x5611063a7130_304, v0x5611063a7130_305, v0x5611063a7130_306;
v0x5611063a7130_307 .array/port v0x5611063a7130, 307;
v0x5611063a7130_308 .array/port v0x5611063a7130, 308;
v0x5611063a7130_309 .array/port v0x5611063a7130, 309;
v0x5611063a7130_310 .array/port v0x5611063a7130, 310;
E_0x56110637b490/77 .event anyedge, v0x5611063a7130_307, v0x5611063a7130_308, v0x5611063a7130_309, v0x5611063a7130_310;
v0x5611063a7130_311 .array/port v0x5611063a7130, 311;
v0x5611063a7130_312 .array/port v0x5611063a7130, 312;
v0x5611063a7130_313 .array/port v0x5611063a7130, 313;
v0x5611063a7130_314 .array/port v0x5611063a7130, 314;
E_0x56110637b490/78 .event anyedge, v0x5611063a7130_311, v0x5611063a7130_312, v0x5611063a7130_313, v0x5611063a7130_314;
v0x5611063a7130_315 .array/port v0x5611063a7130, 315;
v0x5611063a7130_316 .array/port v0x5611063a7130, 316;
v0x5611063a7130_317 .array/port v0x5611063a7130, 317;
v0x5611063a7130_318 .array/port v0x5611063a7130, 318;
E_0x56110637b490/79 .event anyedge, v0x5611063a7130_315, v0x5611063a7130_316, v0x5611063a7130_317, v0x5611063a7130_318;
v0x5611063a7130_319 .array/port v0x5611063a7130, 319;
v0x5611063a7130_320 .array/port v0x5611063a7130, 320;
v0x5611063a7130_321 .array/port v0x5611063a7130, 321;
v0x5611063a7130_322 .array/port v0x5611063a7130, 322;
E_0x56110637b490/80 .event anyedge, v0x5611063a7130_319, v0x5611063a7130_320, v0x5611063a7130_321, v0x5611063a7130_322;
v0x5611063a7130_323 .array/port v0x5611063a7130, 323;
v0x5611063a7130_324 .array/port v0x5611063a7130, 324;
v0x5611063a7130_325 .array/port v0x5611063a7130, 325;
v0x5611063a7130_326 .array/port v0x5611063a7130, 326;
E_0x56110637b490/81 .event anyedge, v0x5611063a7130_323, v0x5611063a7130_324, v0x5611063a7130_325, v0x5611063a7130_326;
v0x5611063a7130_327 .array/port v0x5611063a7130, 327;
v0x5611063a7130_328 .array/port v0x5611063a7130, 328;
v0x5611063a7130_329 .array/port v0x5611063a7130, 329;
v0x5611063a7130_330 .array/port v0x5611063a7130, 330;
E_0x56110637b490/82 .event anyedge, v0x5611063a7130_327, v0x5611063a7130_328, v0x5611063a7130_329, v0x5611063a7130_330;
v0x5611063a7130_331 .array/port v0x5611063a7130, 331;
v0x5611063a7130_332 .array/port v0x5611063a7130, 332;
v0x5611063a7130_333 .array/port v0x5611063a7130, 333;
v0x5611063a7130_334 .array/port v0x5611063a7130, 334;
E_0x56110637b490/83 .event anyedge, v0x5611063a7130_331, v0x5611063a7130_332, v0x5611063a7130_333, v0x5611063a7130_334;
v0x5611063a7130_335 .array/port v0x5611063a7130, 335;
v0x5611063a7130_336 .array/port v0x5611063a7130, 336;
v0x5611063a7130_337 .array/port v0x5611063a7130, 337;
v0x5611063a7130_338 .array/port v0x5611063a7130, 338;
E_0x56110637b490/84 .event anyedge, v0x5611063a7130_335, v0x5611063a7130_336, v0x5611063a7130_337, v0x5611063a7130_338;
v0x5611063a7130_339 .array/port v0x5611063a7130, 339;
v0x5611063a7130_340 .array/port v0x5611063a7130, 340;
v0x5611063a7130_341 .array/port v0x5611063a7130, 341;
v0x5611063a7130_342 .array/port v0x5611063a7130, 342;
E_0x56110637b490/85 .event anyedge, v0x5611063a7130_339, v0x5611063a7130_340, v0x5611063a7130_341, v0x5611063a7130_342;
v0x5611063a7130_343 .array/port v0x5611063a7130, 343;
v0x5611063a7130_344 .array/port v0x5611063a7130, 344;
v0x5611063a7130_345 .array/port v0x5611063a7130, 345;
v0x5611063a7130_346 .array/port v0x5611063a7130, 346;
E_0x56110637b490/86 .event anyedge, v0x5611063a7130_343, v0x5611063a7130_344, v0x5611063a7130_345, v0x5611063a7130_346;
v0x5611063a7130_347 .array/port v0x5611063a7130, 347;
v0x5611063a7130_348 .array/port v0x5611063a7130, 348;
v0x5611063a7130_349 .array/port v0x5611063a7130, 349;
v0x5611063a7130_350 .array/port v0x5611063a7130, 350;
E_0x56110637b490/87 .event anyedge, v0x5611063a7130_347, v0x5611063a7130_348, v0x5611063a7130_349, v0x5611063a7130_350;
v0x5611063a7130_351 .array/port v0x5611063a7130, 351;
v0x5611063a7130_352 .array/port v0x5611063a7130, 352;
v0x5611063a7130_353 .array/port v0x5611063a7130, 353;
v0x5611063a7130_354 .array/port v0x5611063a7130, 354;
E_0x56110637b490/88 .event anyedge, v0x5611063a7130_351, v0x5611063a7130_352, v0x5611063a7130_353, v0x5611063a7130_354;
v0x5611063a7130_355 .array/port v0x5611063a7130, 355;
v0x5611063a7130_356 .array/port v0x5611063a7130, 356;
v0x5611063a7130_357 .array/port v0x5611063a7130, 357;
v0x5611063a7130_358 .array/port v0x5611063a7130, 358;
E_0x56110637b490/89 .event anyedge, v0x5611063a7130_355, v0x5611063a7130_356, v0x5611063a7130_357, v0x5611063a7130_358;
v0x5611063a7130_359 .array/port v0x5611063a7130, 359;
v0x5611063a7130_360 .array/port v0x5611063a7130, 360;
v0x5611063a7130_361 .array/port v0x5611063a7130, 361;
v0x5611063a7130_362 .array/port v0x5611063a7130, 362;
E_0x56110637b490/90 .event anyedge, v0x5611063a7130_359, v0x5611063a7130_360, v0x5611063a7130_361, v0x5611063a7130_362;
v0x5611063a7130_363 .array/port v0x5611063a7130, 363;
v0x5611063a7130_364 .array/port v0x5611063a7130, 364;
v0x5611063a7130_365 .array/port v0x5611063a7130, 365;
v0x5611063a7130_366 .array/port v0x5611063a7130, 366;
E_0x56110637b490/91 .event anyedge, v0x5611063a7130_363, v0x5611063a7130_364, v0x5611063a7130_365, v0x5611063a7130_366;
v0x5611063a7130_367 .array/port v0x5611063a7130, 367;
v0x5611063a7130_368 .array/port v0x5611063a7130, 368;
v0x5611063a7130_369 .array/port v0x5611063a7130, 369;
v0x5611063a7130_370 .array/port v0x5611063a7130, 370;
E_0x56110637b490/92 .event anyedge, v0x5611063a7130_367, v0x5611063a7130_368, v0x5611063a7130_369, v0x5611063a7130_370;
v0x5611063a7130_371 .array/port v0x5611063a7130, 371;
v0x5611063a7130_372 .array/port v0x5611063a7130, 372;
v0x5611063a7130_373 .array/port v0x5611063a7130, 373;
v0x5611063a7130_374 .array/port v0x5611063a7130, 374;
E_0x56110637b490/93 .event anyedge, v0x5611063a7130_371, v0x5611063a7130_372, v0x5611063a7130_373, v0x5611063a7130_374;
v0x5611063a7130_375 .array/port v0x5611063a7130, 375;
v0x5611063a7130_376 .array/port v0x5611063a7130, 376;
v0x5611063a7130_377 .array/port v0x5611063a7130, 377;
v0x5611063a7130_378 .array/port v0x5611063a7130, 378;
E_0x56110637b490/94 .event anyedge, v0x5611063a7130_375, v0x5611063a7130_376, v0x5611063a7130_377, v0x5611063a7130_378;
v0x5611063a7130_379 .array/port v0x5611063a7130, 379;
v0x5611063a7130_380 .array/port v0x5611063a7130, 380;
v0x5611063a7130_381 .array/port v0x5611063a7130, 381;
v0x5611063a7130_382 .array/port v0x5611063a7130, 382;
E_0x56110637b490/95 .event anyedge, v0x5611063a7130_379, v0x5611063a7130_380, v0x5611063a7130_381, v0x5611063a7130_382;
v0x5611063a7130_383 .array/port v0x5611063a7130, 383;
v0x5611063a7130_384 .array/port v0x5611063a7130, 384;
v0x5611063a7130_385 .array/port v0x5611063a7130, 385;
v0x5611063a7130_386 .array/port v0x5611063a7130, 386;
E_0x56110637b490/96 .event anyedge, v0x5611063a7130_383, v0x5611063a7130_384, v0x5611063a7130_385, v0x5611063a7130_386;
v0x5611063a7130_387 .array/port v0x5611063a7130, 387;
v0x5611063a7130_388 .array/port v0x5611063a7130, 388;
v0x5611063a7130_389 .array/port v0x5611063a7130, 389;
v0x5611063a7130_390 .array/port v0x5611063a7130, 390;
E_0x56110637b490/97 .event anyedge, v0x5611063a7130_387, v0x5611063a7130_388, v0x5611063a7130_389, v0x5611063a7130_390;
v0x5611063a7130_391 .array/port v0x5611063a7130, 391;
v0x5611063a7130_392 .array/port v0x5611063a7130, 392;
v0x5611063a7130_393 .array/port v0x5611063a7130, 393;
v0x5611063a7130_394 .array/port v0x5611063a7130, 394;
E_0x56110637b490/98 .event anyedge, v0x5611063a7130_391, v0x5611063a7130_392, v0x5611063a7130_393, v0x5611063a7130_394;
v0x5611063a7130_395 .array/port v0x5611063a7130, 395;
v0x5611063a7130_396 .array/port v0x5611063a7130, 396;
v0x5611063a7130_397 .array/port v0x5611063a7130, 397;
v0x5611063a7130_398 .array/port v0x5611063a7130, 398;
E_0x56110637b490/99 .event anyedge, v0x5611063a7130_395, v0x5611063a7130_396, v0x5611063a7130_397, v0x5611063a7130_398;
v0x5611063a7130_399 .array/port v0x5611063a7130, 399;
v0x5611063a7130_400 .array/port v0x5611063a7130, 400;
v0x5611063a7130_401 .array/port v0x5611063a7130, 401;
v0x5611063a7130_402 .array/port v0x5611063a7130, 402;
E_0x56110637b490/100 .event anyedge, v0x5611063a7130_399, v0x5611063a7130_400, v0x5611063a7130_401, v0x5611063a7130_402;
v0x5611063a7130_403 .array/port v0x5611063a7130, 403;
v0x5611063a7130_404 .array/port v0x5611063a7130, 404;
v0x5611063a7130_405 .array/port v0x5611063a7130, 405;
v0x5611063a7130_406 .array/port v0x5611063a7130, 406;
E_0x56110637b490/101 .event anyedge, v0x5611063a7130_403, v0x5611063a7130_404, v0x5611063a7130_405, v0x5611063a7130_406;
v0x5611063a7130_407 .array/port v0x5611063a7130, 407;
v0x5611063a7130_408 .array/port v0x5611063a7130, 408;
v0x5611063a7130_409 .array/port v0x5611063a7130, 409;
v0x5611063a7130_410 .array/port v0x5611063a7130, 410;
E_0x56110637b490/102 .event anyedge, v0x5611063a7130_407, v0x5611063a7130_408, v0x5611063a7130_409, v0x5611063a7130_410;
v0x5611063a7130_411 .array/port v0x5611063a7130, 411;
v0x5611063a7130_412 .array/port v0x5611063a7130, 412;
v0x5611063a7130_413 .array/port v0x5611063a7130, 413;
v0x5611063a7130_414 .array/port v0x5611063a7130, 414;
E_0x56110637b490/103 .event anyedge, v0x5611063a7130_411, v0x5611063a7130_412, v0x5611063a7130_413, v0x5611063a7130_414;
v0x5611063a7130_415 .array/port v0x5611063a7130, 415;
v0x5611063a7130_416 .array/port v0x5611063a7130, 416;
v0x5611063a7130_417 .array/port v0x5611063a7130, 417;
v0x5611063a7130_418 .array/port v0x5611063a7130, 418;
E_0x56110637b490/104 .event anyedge, v0x5611063a7130_415, v0x5611063a7130_416, v0x5611063a7130_417, v0x5611063a7130_418;
v0x5611063a7130_419 .array/port v0x5611063a7130, 419;
v0x5611063a7130_420 .array/port v0x5611063a7130, 420;
v0x5611063a7130_421 .array/port v0x5611063a7130, 421;
v0x5611063a7130_422 .array/port v0x5611063a7130, 422;
E_0x56110637b490/105 .event anyedge, v0x5611063a7130_419, v0x5611063a7130_420, v0x5611063a7130_421, v0x5611063a7130_422;
v0x5611063a7130_423 .array/port v0x5611063a7130, 423;
v0x5611063a7130_424 .array/port v0x5611063a7130, 424;
v0x5611063a7130_425 .array/port v0x5611063a7130, 425;
v0x5611063a7130_426 .array/port v0x5611063a7130, 426;
E_0x56110637b490/106 .event anyedge, v0x5611063a7130_423, v0x5611063a7130_424, v0x5611063a7130_425, v0x5611063a7130_426;
v0x5611063a7130_427 .array/port v0x5611063a7130, 427;
v0x5611063a7130_428 .array/port v0x5611063a7130, 428;
v0x5611063a7130_429 .array/port v0x5611063a7130, 429;
v0x5611063a7130_430 .array/port v0x5611063a7130, 430;
E_0x56110637b490/107 .event anyedge, v0x5611063a7130_427, v0x5611063a7130_428, v0x5611063a7130_429, v0x5611063a7130_430;
v0x5611063a7130_431 .array/port v0x5611063a7130, 431;
v0x5611063a7130_432 .array/port v0x5611063a7130, 432;
v0x5611063a7130_433 .array/port v0x5611063a7130, 433;
v0x5611063a7130_434 .array/port v0x5611063a7130, 434;
E_0x56110637b490/108 .event anyedge, v0x5611063a7130_431, v0x5611063a7130_432, v0x5611063a7130_433, v0x5611063a7130_434;
v0x5611063a7130_435 .array/port v0x5611063a7130, 435;
v0x5611063a7130_436 .array/port v0x5611063a7130, 436;
v0x5611063a7130_437 .array/port v0x5611063a7130, 437;
v0x5611063a7130_438 .array/port v0x5611063a7130, 438;
E_0x56110637b490/109 .event anyedge, v0x5611063a7130_435, v0x5611063a7130_436, v0x5611063a7130_437, v0x5611063a7130_438;
v0x5611063a7130_439 .array/port v0x5611063a7130, 439;
v0x5611063a7130_440 .array/port v0x5611063a7130, 440;
v0x5611063a7130_441 .array/port v0x5611063a7130, 441;
v0x5611063a7130_442 .array/port v0x5611063a7130, 442;
E_0x56110637b490/110 .event anyedge, v0x5611063a7130_439, v0x5611063a7130_440, v0x5611063a7130_441, v0x5611063a7130_442;
v0x5611063a7130_443 .array/port v0x5611063a7130, 443;
v0x5611063a7130_444 .array/port v0x5611063a7130, 444;
v0x5611063a7130_445 .array/port v0x5611063a7130, 445;
v0x5611063a7130_446 .array/port v0x5611063a7130, 446;
E_0x56110637b490/111 .event anyedge, v0x5611063a7130_443, v0x5611063a7130_444, v0x5611063a7130_445, v0x5611063a7130_446;
v0x5611063a7130_447 .array/port v0x5611063a7130, 447;
v0x5611063a7130_448 .array/port v0x5611063a7130, 448;
v0x5611063a7130_449 .array/port v0x5611063a7130, 449;
v0x5611063a7130_450 .array/port v0x5611063a7130, 450;
E_0x56110637b490/112 .event anyedge, v0x5611063a7130_447, v0x5611063a7130_448, v0x5611063a7130_449, v0x5611063a7130_450;
v0x5611063a7130_451 .array/port v0x5611063a7130, 451;
v0x5611063a7130_452 .array/port v0x5611063a7130, 452;
v0x5611063a7130_453 .array/port v0x5611063a7130, 453;
v0x5611063a7130_454 .array/port v0x5611063a7130, 454;
E_0x56110637b490/113 .event anyedge, v0x5611063a7130_451, v0x5611063a7130_452, v0x5611063a7130_453, v0x5611063a7130_454;
v0x5611063a7130_455 .array/port v0x5611063a7130, 455;
v0x5611063a7130_456 .array/port v0x5611063a7130, 456;
v0x5611063a7130_457 .array/port v0x5611063a7130, 457;
v0x5611063a7130_458 .array/port v0x5611063a7130, 458;
E_0x56110637b490/114 .event anyedge, v0x5611063a7130_455, v0x5611063a7130_456, v0x5611063a7130_457, v0x5611063a7130_458;
v0x5611063a7130_459 .array/port v0x5611063a7130, 459;
v0x5611063a7130_460 .array/port v0x5611063a7130, 460;
v0x5611063a7130_461 .array/port v0x5611063a7130, 461;
v0x5611063a7130_462 .array/port v0x5611063a7130, 462;
E_0x56110637b490/115 .event anyedge, v0x5611063a7130_459, v0x5611063a7130_460, v0x5611063a7130_461, v0x5611063a7130_462;
v0x5611063a7130_463 .array/port v0x5611063a7130, 463;
v0x5611063a7130_464 .array/port v0x5611063a7130, 464;
v0x5611063a7130_465 .array/port v0x5611063a7130, 465;
v0x5611063a7130_466 .array/port v0x5611063a7130, 466;
E_0x56110637b490/116 .event anyedge, v0x5611063a7130_463, v0x5611063a7130_464, v0x5611063a7130_465, v0x5611063a7130_466;
v0x5611063a7130_467 .array/port v0x5611063a7130, 467;
v0x5611063a7130_468 .array/port v0x5611063a7130, 468;
v0x5611063a7130_469 .array/port v0x5611063a7130, 469;
v0x5611063a7130_470 .array/port v0x5611063a7130, 470;
E_0x56110637b490/117 .event anyedge, v0x5611063a7130_467, v0x5611063a7130_468, v0x5611063a7130_469, v0x5611063a7130_470;
v0x5611063a7130_471 .array/port v0x5611063a7130, 471;
v0x5611063a7130_472 .array/port v0x5611063a7130, 472;
v0x5611063a7130_473 .array/port v0x5611063a7130, 473;
v0x5611063a7130_474 .array/port v0x5611063a7130, 474;
E_0x56110637b490/118 .event anyedge, v0x5611063a7130_471, v0x5611063a7130_472, v0x5611063a7130_473, v0x5611063a7130_474;
v0x5611063a7130_475 .array/port v0x5611063a7130, 475;
v0x5611063a7130_476 .array/port v0x5611063a7130, 476;
v0x5611063a7130_477 .array/port v0x5611063a7130, 477;
v0x5611063a7130_478 .array/port v0x5611063a7130, 478;
E_0x56110637b490/119 .event anyedge, v0x5611063a7130_475, v0x5611063a7130_476, v0x5611063a7130_477, v0x5611063a7130_478;
v0x5611063a7130_479 .array/port v0x5611063a7130, 479;
v0x5611063a7130_480 .array/port v0x5611063a7130, 480;
v0x5611063a7130_481 .array/port v0x5611063a7130, 481;
v0x5611063a7130_482 .array/port v0x5611063a7130, 482;
E_0x56110637b490/120 .event anyedge, v0x5611063a7130_479, v0x5611063a7130_480, v0x5611063a7130_481, v0x5611063a7130_482;
v0x5611063a7130_483 .array/port v0x5611063a7130, 483;
v0x5611063a7130_484 .array/port v0x5611063a7130, 484;
v0x5611063a7130_485 .array/port v0x5611063a7130, 485;
v0x5611063a7130_486 .array/port v0x5611063a7130, 486;
E_0x56110637b490/121 .event anyedge, v0x5611063a7130_483, v0x5611063a7130_484, v0x5611063a7130_485, v0x5611063a7130_486;
v0x5611063a7130_487 .array/port v0x5611063a7130, 487;
v0x5611063a7130_488 .array/port v0x5611063a7130, 488;
v0x5611063a7130_489 .array/port v0x5611063a7130, 489;
v0x5611063a7130_490 .array/port v0x5611063a7130, 490;
E_0x56110637b490/122 .event anyedge, v0x5611063a7130_487, v0x5611063a7130_488, v0x5611063a7130_489, v0x5611063a7130_490;
v0x5611063a7130_491 .array/port v0x5611063a7130, 491;
v0x5611063a7130_492 .array/port v0x5611063a7130, 492;
v0x5611063a7130_493 .array/port v0x5611063a7130, 493;
v0x5611063a7130_494 .array/port v0x5611063a7130, 494;
E_0x56110637b490/123 .event anyedge, v0x5611063a7130_491, v0x5611063a7130_492, v0x5611063a7130_493, v0x5611063a7130_494;
v0x5611063a7130_495 .array/port v0x5611063a7130, 495;
v0x5611063a7130_496 .array/port v0x5611063a7130, 496;
v0x5611063a7130_497 .array/port v0x5611063a7130, 497;
v0x5611063a7130_498 .array/port v0x5611063a7130, 498;
E_0x56110637b490/124 .event anyedge, v0x5611063a7130_495, v0x5611063a7130_496, v0x5611063a7130_497, v0x5611063a7130_498;
v0x5611063a7130_499 .array/port v0x5611063a7130, 499;
v0x5611063a7130_500 .array/port v0x5611063a7130, 500;
v0x5611063a7130_501 .array/port v0x5611063a7130, 501;
v0x5611063a7130_502 .array/port v0x5611063a7130, 502;
E_0x56110637b490/125 .event anyedge, v0x5611063a7130_499, v0x5611063a7130_500, v0x5611063a7130_501, v0x5611063a7130_502;
v0x5611063a7130_503 .array/port v0x5611063a7130, 503;
v0x5611063a7130_504 .array/port v0x5611063a7130, 504;
v0x5611063a7130_505 .array/port v0x5611063a7130, 505;
v0x5611063a7130_506 .array/port v0x5611063a7130, 506;
E_0x56110637b490/126 .event anyedge, v0x5611063a7130_503, v0x5611063a7130_504, v0x5611063a7130_505, v0x5611063a7130_506;
v0x5611063a7130_507 .array/port v0x5611063a7130, 507;
v0x5611063a7130_508 .array/port v0x5611063a7130, 508;
v0x5611063a7130_509 .array/port v0x5611063a7130, 509;
v0x5611063a7130_510 .array/port v0x5611063a7130, 510;
E_0x56110637b490/127 .event anyedge, v0x5611063a7130_507, v0x5611063a7130_508, v0x5611063a7130_509, v0x5611063a7130_510;
v0x5611063a7130_511 .array/port v0x5611063a7130, 511;
v0x5611063a7130_512 .array/port v0x5611063a7130, 512;
v0x5611063a7130_513 .array/port v0x5611063a7130, 513;
v0x5611063a7130_514 .array/port v0x5611063a7130, 514;
E_0x56110637b490/128 .event anyedge, v0x5611063a7130_511, v0x5611063a7130_512, v0x5611063a7130_513, v0x5611063a7130_514;
v0x5611063a7130_515 .array/port v0x5611063a7130, 515;
v0x5611063a7130_516 .array/port v0x5611063a7130, 516;
v0x5611063a7130_517 .array/port v0x5611063a7130, 517;
v0x5611063a7130_518 .array/port v0x5611063a7130, 518;
E_0x56110637b490/129 .event anyedge, v0x5611063a7130_515, v0x5611063a7130_516, v0x5611063a7130_517, v0x5611063a7130_518;
v0x5611063a7130_519 .array/port v0x5611063a7130, 519;
v0x5611063a7130_520 .array/port v0x5611063a7130, 520;
v0x5611063a7130_521 .array/port v0x5611063a7130, 521;
v0x5611063a7130_522 .array/port v0x5611063a7130, 522;
E_0x56110637b490/130 .event anyedge, v0x5611063a7130_519, v0x5611063a7130_520, v0x5611063a7130_521, v0x5611063a7130_522;
v0x5611063a7130_523 .array/port v0x5611063a7130, 523;
v0x5611063a7130_524 .array/port v0x5611063a7130, 524;
v0x5611063a7130_525 .array/port v0x5611063a7130, 525;
v0x5611063a7130_526 .array/port v0x5611063a7130, 526;
E_0x56110637b490/131 .event anyedge, v0x5611063a7130_523, v0x5611063a7130_524, v0x5611063a7130_525, v0x5611063a7130_526;
v0x5611063a7130_527 .array/port v0x5611063a7130, 527;
v0x5611063a7130_528 .array/port v0x5611063a7130, 528;
v0x5611063a7130_529 .array/port v0x5611063a7130, 529;
v0x5611063a7130_530 .array/port v0x5611063a7130, 530;
E_0x56110637b490/132 .event anyedge, v0x5611063a7130_527, v0x5611063a7130_528, v0x5611063a7130_529, v0x5611063a7130_530;
v0x5611063a7130_531 .array/port v0x5611063a7130, 531;
v0x5611063a7130_532 .array/port v0x5611063a7130, 532;
v0x5611063a7130_533 .array/port v0x5611063a7130, 533;
v0x5611063a7130_534 .array/port v0x5611063a7130, 534;
E_0x56110637b490/133 .event anyedge, v0x5611063a7130_531, v0x5611063a7130_532, v0x5611063a7130_533, v0x5611063a7130_534;
v0x5611063a7130_535 .array/port v0x5611063a7130, 535;
v0x5611063a7130_536 .array/port v0x5611063a7130, 536;
v0x5611063a7130_537 .array/port v0x5611063a7130, 537;
v0x5611063a7130_538 .array/port v0x5611063a7130, 538;
E_0x56110637b490/134 .event anyedge, v0x5611063a7130_535, v0x5611063a7130_536, v0x5611063a7130_537, v0x5611063a7130_538;
v0x5611063a7130_539 .array/port v0x5611063a7130, 539;
v0x5611063a7130_540 .array/port v0x5611063a7130, 540;
v0x5611063a7130_541 .array/port v0x5611063a7130, 541;
v0x5611063a7130_542 .array/port v0x5611063a7130, 542;
E_0x56110637b490/135 .event anyedge, v0x5611063a7130_539, v0x5611063a7130_540, v0x5611063a7130_541, v0x5611063a7130_542;
v0x5611063a7130_543 .array/port v0x5611063a7130, 543;
v0x5611063a7130_544 .array/port v0x5611063a7130, 544;
v0x5611063a7130_545 .array/port v0x5611063a7130, 545;
v0x5611063a7130_546 .array/port v0x5611063a7130, 546;
E_0x56110637b490/136 .event anyedge, v0x5611063a7130_543, v0x5611063a7130_544, v0x5611063a7130_545, v0x5611063a7130_546;
v0x5611063a7130_547 .array/port v0x5611063a7130, 547;
v0x5611063a7130_548 .array/port v0x5611063a7130, 548;
v0x5611063a7130_549 .array/port v0x5611063a7130, 549;
v0x5611063a7130_550 .array/port v0x5611063a7130, 550;
E_0x56110637b490/137 .event anyedge, v0x5611063a7130_547, v0x5611063a7130_548, v0x5611063a7130_549, v0x5611063a7130_550;
v0x5611063a7130_551 .array/port v0x5611063a7130, 551;
v0x5611063a7130_552 .array/port v0x5611063a7130, 552;
v0x5611063a7130_553 .array/port v0x5611063a7130, 553;
v0x5611063a7130_554 .array/port v0x5611063a7130, 554;
E_0x56110637b490/138 .event anyedge, v0x5611063a7130_551, v0x5611063a7130_552, v0x5611063a7130_553, v0x5611063a7130_554;
v0x5611063a7130_555 .array/port v0x5611063a7130, 555;
v0x5611063a7130_556 .array/port v0x5611063a7130, 556;
v0x5611063a7130_557 .array/port v0x5611063a7130, 557;
v0x5611063a7130_558 .array/port v0x5611063a7130, 558;
E_0x56110637b490/139 .event anyedge, v0x5611063a7130_555, v0x5611063a7130_556, v0x5611063a7130_557, v0x5611063a7130_558;
v0x5611063a7130_559 .array/port v0x5611063a7130, 559;
v0x5611063a7130_560 .array/port v0x5611063a7130, 560;
v0x5611063a7130_561 .array/port v0x5611063a7130, 561;
v0x5611063a7130_562 .array/port v0x5611063a7130, 562;
E_0x56110637b490/140 .event anyedge, v0x5611063a7130_559, v0x5611063a7130_560, v0x5611063a7130_561, v0x5611063a7130_562;
v0x5611063a7130_563 .array/port v0x5611063a7130, 563;
v0x5611063a7130_564 .array/port v0x5611063a7130, 564;
v0x5611063a7130_565 .array/port v0x5611063a7130, 565;
v0x5611063a7130_566 .array/port v0x5611063a7130, 566;
E_0x56110637b490/141 .event anyedge, v0x5611063a7130_563, v0x5611063a7130_564, v0x5611063a7130_565, v0x5611063a7130_566;
v0x5611063a7130_567 .array/port v0x5611063a7130, 567;
v0x5611063a7130_568 .array/port v0x5611063a7130, 568;
v0x5611063a7130_569 .array/port v0x5611063a7130, 569;
v0x5611063a7130_570 .array/port v0x5611063a7130, 570;
E_0x56110637b490/142 .event anyedge, v0x5611063a7130_567, v0x5611063a7130_568, v0x5611063a7130_569, v0x5611063a7130_570;
v0x5611063a7130_571 .array/port v0x5611063a7130, 571;
v0x5611063a7130_572 .array/port v0x5611063a7130, 572;
v0x5611063a7130_573 .array/port v0x5611063a7130, 573;
v0x5611063a7130_574 .array/port v0x5611063a7130, 574;
E_0x56110637b490/143 .event anyedge, v0x5611063a7130_571, v0x5611063a7130_572, v0x5611063a7130_573, v0x5611063a7130_574;
v0x5611063a7130_575 .array/port v0x5611063a7130, 575;
v0x5611063a7130_576 .array/port v0x5611063a7130, 576;
v0x5611063a7130_577 .array/port v0x5611063a7130, 577;
v0x5611063a7130_578 .array/port v0x5611063a7130, 578;
E_0x56110637b490/144 .event anyedge, v0x5611063a7130_575, v0x5611063a7130_576, v0x5611063a7130_577, v0x5611063a7130_578;
v0x5611063a7130_579 .array/port v0x5611063a7130, 579;
v0x5611063a7130_580 .array/port v0x5611063a7130, 580;
v0x5611063a7130_581 .array/port v0x5611063a7130, 581;
v0x5611063a7130_582 .array/port v0x5611063a7130, 582;
E_0x56110637b490/145 .event anyedge, v0x5611063a7130_579, v0x5611063a7130_580, v0x5611063a7130_581, v0x5611063a7130_582;
v0x5611063a7130_583 .array/port v0x5611063a7130, 583;
v0x5611063a7130_584 .array/port v0x5611063a7130, 584;
v0x5611063a7130_585 .array/port v0x5611063a7130, 585;
v0x5611063a7130_586 .array/port v0x5611063a7130, 586;
E_0x56110637b490/146 .event anyedge, v0x5611063a7130_583, v0x5611063a7130_584, v0x5611063a7130_585, v0x5611063a7130_586;
v0x5611063a7130_587 .array/port v0x5611063a7130, 587;
v0x5611063a7130_588 .array/port v0x5611063a7130, 588;
v0x5611063a7130_589 .array/port v0x5611063a7130, 589;
v0x5611063a7130_590 .array/port v0x5611063a7130, 590;
E_0x56110637b490/147 .event anyedge, v0x5611063a7130_587, v0x5611063a7130_588, v0x5611063a7130_589, v0x5611063a7130_590;
v0x5611063a7130_591 .array/port v0x5611063a7130, 591;
v0x5611063a7130_592 .array/port v0x5611063a7130, 592;
v0x5611063a7130_593 .array/port v0x5611063a7130, 593;
v0x5611063a7130_594 .array/port v0x5611063a7130, 594;
E_0x56110637b490/148 .event anyedge, v0x5611063a7130_591, v0x5611063a7130_592, v0x5611063a7130_593, v0x5611063a7130_594;
v0x5611063a7130_595 .array/port v0x5611063a7130, 595;
v0x5611063a7130_596 .array/port v0x5611063a7130, 596;
v0x5611063a7130_597 .array/port v0x5611063a7130, 597;
v0x5611063a7130_598 .array/port v0x5611063a7130, 598;
E_0x56110637b490/149 .event anyedge, v0x5611063a7130_595, v0x5611063a7130_596, v0x5611063a7130_597, v0x5611063a7130_598;
v0x5611063a7130_599 .array/port v0x5611063a7130, 599;
v0x5611063a7130_600 .array/port v0x5611063a7130, 600;
v0x5611063a7130_601 .array/port v0x5611063a7130, 601;
v0x5611063a7130_602 .array/port v0x5611063a7130, 602;
E_0x56110637b490/150 .event anyedge, v0x5611063a7130_599, v0x5611063a7130_600, v0x5611063a7130_601, v0x5611063a7130_602;
v0x5611063a7130_603 .array/port v0x5611063a7130, 603;
v0x5611063a7130_604 .array/port v0x5611063a7130, 604;
v0x5611063a7130_605 .array/port v0x5611063a7130, 605;
v0x5611063a7130_606 .array/port v0x5611063a7130, 606;
E_0x56110637b490/151 .event anyedge, v0x5611063a7130_603, v0x5611063a7130_604, v0x5611063a7130_605, v0x5611063a7130_606;
v0x5611063a7130_607 .array/port v0x5611063a7130, 607;
v0x5611063a7130_608 .array/port v0x5611063a7130, 608;
v0x5611063a7130_609 .array/port v0x5611063a7130, 609;
v0x5611063a7130_610 .array/port v0x5611063a7130, 610;
E_0x56110637b490/152 .event anyedge, v0x5611063a7130_607, v0x5611063a7130_608, v0x5611063a7130_609, v0x5611063a7130_610;
v0x5611063a7130_611 .array/port v0x5611063a7130, 611;
v0x5611063a7130_612 .array/port v0x5611063a7130, 612;
v0x5611063a7130_613 .array/port v0x5611063a7130, 613;
v0x5611063a7130_614 .array/port v0x5611063a7130, 614;
E_0x56110637b490/153 .event anyedge, v0x5611063a7130_611, v0x5611063a7130_612, v0x5611063a7130_613, v0x5611063a7130_614;
v0x5611063a7130_615 .array/port v0x5611063a7130, 615;
v0x5611063a7130_616 .array/port v0x5611063a7130, 616;
v0x5611063a7130_617 .array/port v0x5611063a7130, 617;
v0x5611063a7130_618 .array/port v0x5611063a7130, 618;
E_0x56110637b490/154 .event anyedge, v0x5611063a7130_615, v0x5611063a7130_616, v0x5611063a7130_617, v0x5611063a7130_618;
v0x5611063a7130_619 .array/port v0x5611063a7130, 619;
v0x5611063a7130_620 .array/port v0x5611063a7130, 620;
v0x5611063a7130_621 .array/port v0x5611063a7130, 621;
v0x5611063a7130_622 .array/port v0x5611063a7130, 622;
E_0x56110637b490/155 .event anyedge, v0x5611063a7130_619, v0x5611063a7130_620, v0x5611063a7130_621, v0x5611063a7130_622;
v0x5611063a7130_623 .array/port v0x5611063a7130, 623;
v0x5611063a7130_624 .array/port v0x5611063a7130, 624;
v0x5611063a7130_625 .array/port v0x5611063a7130, 625;
v0x5611063a7130_626 .array/port v0x5611063a7130, 626;
E_0x56110637b490/156 .event anyedge, v0x5611063a7130_623, v0x5611063a7130_624, v0x5611063a7130_625, v0x5611063a7130_626;
v0x5611063a7130_627 .array/port v0x5611063a7130, 627;
v0x5611063a7130_628 .array/port v0x5611063a7130, 628;
v0x5611063a7130_629 .array/port v0x5611063a7130, 629;
v0x5611063a7130_630 .array/port v0x5611063a7130, 630;
E_0x56110637b490/157 .event anyedge, v0x5611063a7130_627, v0x5611063a7130_628, v0x5611063a7130_629, v0x5611063a7130_630;
v0x5611063a7130_631 .array/port v0x5611063a7130, 631;
v0x5611063a7130_632 .array/port v0x5611063a7130, 632;
v0x5611063a7130_633 .array/port v0x5611063a7130, 633;
v0x5611063a7130_634 .array/port v0x5611063a7130, 634;
E_0x56110637b490/158 .event anyedge, v0x5611063a7130_631, v0x5611063a7130_632, v0x5611063a7130_633, v0x5611063a7130_634;
v0x5611063a7130_635 .array/port v0x5611063a7130, 635;
v0x5611063a7130_636 .array/port v0x5611063a7130, 636;
v0x5611063a7130_637 .array/port v0x5611063a7130, 637;
v0x5611063a7130_638 .array/port v0x5611063a7130, 638;
E_0x56110637b490/159 .event anyedge, v0x5611063a7130_635, v0x5611063a7130_636, v0x5611063a7130_637, v0x5611063a7130_638;
v0x5611063a7130_639 .array/port v0x5611063a7130, 639;
v0x5611063a7130_640 .array/port v0x5611063a7130, 640;
v0x5611063a7130_641 .array/port v0x5611063a7130, 641;
v0x5611063a7130_642 .array/port v0x5611063a7130, 642;
E_0x56110637b490/160 .event anyedge, v0x5611063a7130_639, v0x5611063a7130_640, v0x5611063a7130_641, v0x5611063a7130_642;
v0x5611063a7130_643 .array/port v0x5611063a7130, 643;
v0x5611063a7130_644 .array/port v0x5611063a7130, 644;
v0x5611063a7130_645 .array/port v0x5611063a7130, 645;
v0x5611063a7130_646 .array/port v0x5611063a7130, 646;
E_0x56110637b490/161 .event anyedge, v0x5611063a7130_643, v0x5611063a7130_644, v0x5611063a7130_645, v0x5611063a7130_646;
v0x5611063a7130_647 .array/port v0x5611063a7130, 647;
v0x5611063a7130_648 .array/port v0x5611063a7130, 648;
v0x5611063a7130_649 .array/port v0x5611063a7130, 649;
v0x5611063a7130_650 .array/port v0x5611063a7130, 650;
E_0x56110637b490/162 .event anyedge, v0x5611063a7130_647, v0x5611063a7130_648, v0x5611063a7130_649, v0x5611063a7130_650;
v0x5611063a7130_651 .array/port v0x5611063a7130, 651;
v0x5611063a7130_652 .array/port v0x5611063a7130, 652;
v0x5611063a7130_653 .array/port v0x5611063a7130, 653;
v0x5611063a7130_654 .array/port v0x5611063a7130, 654;
E_0x56110637b490/163 .event anyedge, v0x5611063a7130_651, v0x5611063a7130_652, v0x5611063a7130_653, v0x5611063a7130_654;
v0x5611063a7130_655 .array/port v0x5611063a7130, 655;
v0x5611063a7130_656 .array/port v0x5611063a7130, 656;
v0x5611063a7130_657 .array/port v0x5611063a7130, 657;
v0x5611063a7130_658 .array/port v0x5611063a7130, 658;
E_0x56110637b490/164 .event anyedge, v0x5611063a7130_655, v0x5611063a7130_656, v0x5611063a7130_657, v0x5611063a7130_658;
v0x5611063a7130_659 .array/port v0x5611063a7130, 659;
v0x5611063a7130_660 .array/port v0x5611063a7130, 660;
v0x5611063a7130_661 .array/port v0x5611063a7130, 661;
v0x5611063a7130_662 .array/port v0x5611063a7130, 662;
E_0x56110637b490/165 .event anyedge, v0x5611063a7130_659, v0x5611063a7130_660, v0x5611063a7130_661, v0x5611063a7130_662;
v0x5611063a7130_663 .array/port v0x5611063a7130, 663;
v0x5611063a7130_664 .array/port v0x5611063a7130, 664;
v0x5611063a7130_665 .array/port v0x5611063a7130, 665;
v0x5611063a7130_666 .array/port v0x5611063a7130, 666;
E_0x56110637b490/166 .event anyedge, v0x5611063a7130_663, v0x5611063a7130_664, v0x5611063a7130_665, v0x5611063a7130_666;
v0x5611063a7130_667 .array/port v0x5611063a7130, 667;
v0x5611063a7130_668 .array/port v0x5611063a7130, 668;
v0x5611063a7130_669 .array/port v0x5611063a7130, 669;
v0x5611063a7130_670 .array/port v0x5611063a7130, 670;
E_0x56110637b490/167 .event anyedge, v0x5611063a7130_667, v0x5611063a7130_668, v0x5611063a7130_669, v0x5611063a7130_670;
v0x5611063a7130_671 .array/port v0x5611063a7130, 671;
v0x5611063a7130_672 .array/port v0x5611063a7130, 672;
v0x5611063a7130_673 .array/port v0x5611063a7130, 673;
v0x5611063a7130_674 .array/port v0x5611063a7130, 674;
E_0x56110637b490/168 .event anyedge, v0x5611063a7130_671, v0x5611063a7130_672, v0x5611063a7130_673, v0x5611063a7130_674;
v0x5611063a7130_675 .array/port v0x5611063a7130, 675;
v0x5611063a7130_676 .array/port v0x5611063a7130, 676;
v0x5611063a7130_677 .array/port v0x5611063a7130, 677;
v0x5611063a7130_678 .array/port v0x5611063a7130, 678;
E_0x56110637b490/169 .event anyedge, v0x5611063a7130_675, v0x5611063a7130_676, v0x5611063a7130_677, v0x5611063a7130_678;
v0x5611063a7130_679 .array/port v0x5611063a7130, 679;
v0x5611063a7130_680 .array/port v0x5611063a7130, 680;
v0x5611063a7130_681 .array/port v0x5611063a7130, 681;
v0x5611063a7130_682 .array/port v0x5611063a7130, 682;
E_0x56110637b490/170 .event anyedge, v0x5611063a7130_679, v0x5611063a7130_680, v0x5611063a7130_681, v0x5611063a7130_682;
v0x5611063a7130_683 .array/port v0x5611063a7130, 683;
v0x5611063a7130_684 .array/port v0x5611063a7130, 684;
v0x5611063a7130_685 .array/port v0x5611063a7130, 685;
v0x5611063a7130_686 .array/port v0x5611063a7130, 686;
E_0x56110637b490/171 .event anyedge, v0x5611063a7130_683, v0x5611063a7130_684, v0x5611063a7130_685, v0x5611063a7130_686;
v0x5611063a7130_687 .array/port v0x5611063a7130, 687;
v0x5611063a7130_688 .array/port v0x5611063a7130, 688;
v0x5611063a7130_689 .array/port v0x5611063a7130, 689;
v0x5611063a7130_690 .array/port v0x5611063a7130, 690;
E_0x56110637b490/172 .event anyedge, v0x5611063a7130_687, v0x5611063a7130_688, v0x5611063a7130_689, v0x5611063a7130_690;
v0x5611063a7130_691 .array/port v0x5611063a7130, 691;
v0x5611063a7130_692 .array/port v0x5611063a7130, 692;
v0x5611063a7130_693 .array/port v0x5611063a7130, 693;
v0x5611063a7130_694 .array/port v0x5611063a7130, 694;
E_0x56110637b490/173 .event anyedge, v0x5611063a7130_691, v0x5611063a7130_692, v0x5611063a7130_693, v0x5611063a7130_694;
v0x5611063a7130_695 .array/port v0x5611063a7130, 695;
v0x5611063a7130_696 .array/port v0x5611063a7130, 696;
v0x5611063a7130_697 .array/port v0x5611063a7130, 697;
v0x5611063a7130_698 .array/port v0x5611063a7130, 698;
E_0x56110637b490/174 .event anyedge, v0x5611063a7130_695, v0x5611063a7130_696, v0x5611063a7130_697, v0x5611063a7130_698;
v0x5611063a7130_699 .array/port v0x5611063a7130, 699;
v0x5611063a7130_700 .array/port v0x5611063a7130, 700;
v0x5611063a7130_701 .array/port v0x5611063a7130, 701;
v0x5611063a7130_702 .array/port v0x5611063a7130, 702;
E_0x56110637b490/175 .event anyedge, v0x5611063a7130_699, v0x5611063a7130_700, v0x5611063a7130_701, v0x5611063a7130_702;
v0x5611063a7130_703 .array/port v0x5611063a7130, 703;
v0x5611063a7130_704 .array/port v0x5611063a7130, 704;
v0x5611063a7130_705 .array/port v0x5611063a7130, 705;
v0x5611063a7130_706 .array/port v0x5611063a7130, 706;
E_0x56110637b490/176 .event anyedge, v0x5611063a7130_703, v0x5611063a7130_704, v0x5611063a7130_705, v0x5611063a7130_706;
v0x5611063a7130_707 .array/port v0x5611063a7130, 707;
v0x5611063a7130_708 .array/port v0x5611063a7130, 708;
v0x5611063a7130_709 .array/port v0x5611063a7130, 709;
v0x5611063a7130_710 .array/port v0x5611063a7130, 710;
E_0x56110637b490/177 .event anyedge, v0x5611063a7130_707, v0x5611063a7130_708, v0x5611063a7130_709, v0x5611063a7130_710;
v0x5611063a7130_711 .array/port v0x5611063a7130, 711;
v0x5611063a7130_712 .array/port v0x5611063a7130, 712;
v0x5611063a7130_713 .array/port v0x5611063a7130, 713;
v0x5611063a7130_714 .array/port v0x5611063a7130, 714;
E_0x56110637b490/178 .event anyedge, v0x5611063a7130_711, v0x5611063a7130_712, v0x5611063a7130_713, v0x5611063a7130_714;
v0x5611063a7130_715 .array/port v0x5611063a7130, 715;
v0x5611063a7130_716 .array/port v0x5611063a7130, 716;
v0x5611063a7130_717 .array/port v0x5611063a7130, 717;
v0x5611063a7130_718 .array/port v0x5611063a7130, 718;
E_0x56110637b490/179 .event anyedge, v0x5611063a7130_715, v0x5611063a7130_716, v0x5611063a7130_717, v0x5611063a7130_718;
v0x5611063a7130_719 .array/port v0x5611063a7130, 719;
v0x5611063a7130_720 .array/port v0x5611063a7130, 720;
v0x5611063a7130_721 .array/port v0x5611063a7130, 721;
v0x5611063a7130_722 .array/port v0x5611063a7130, 722;
E_0x56110637b490/180 .event anyedge, v0x5611063a7130_719, v0x5611063a7130_720, v0x5611063a7130_721, v0x5611063a7130_722;
v0x5611063a7130_723 .array/port v0x5611063a7130, 723;
v0x5611063a7130_724 .array/port v0x5611063a7130, 724;
v0x5611063a7130_725 .array/port v0x5611063a7130, 725;
v0x5611063a7130_726 .array/port v0x5611063a7130, 726;
E_0x56110637b490/181 .event anyedge, v0x5611063a7130_723, v0x5611063a7130_724, v0x5611063a7130_725, v0x5611063a7130_726;
v0x5611063a7130_727 .array/port v0x5611063a7130, 727;
v0x5611063a7130_728 .array/port v0x5611063a7130, 728;
v0x5611063a7130_729 .array/port v0x5611063a7130, 729;
v0x5611063a7130_730 .array/port v0x5611063a7130, 730;
E_0x56110637b490/182 .event anyedge, v0x5611063a7130_727, v0x5611063a7130_728, v0x5611063a7130_729, v0x5611063a7130_730;
v0x5611063a7130_731 .array/port v0x5611063a7130, 731;
v0x5611063a7130_732 .array/port v0x5611063a7130, 732;
v0x5611063a7130_733 .array/port v0x5611063a7130, 733;
v0x5611063a7130_734 .array/port v0x5611063a7130, 734;
E_0x56110637b490/183 .event anyedge, v0x5611063a7130_731, v0x5611063a7130_732, v0x5611063a7130_733, v0x5611063a7130_734;
v0x5611063a7130_735 .array/port v0x5611063a7130, 735;
v0x5611063a7130_736 .array/port v0x5611063a7130, 736;
v0x5611063a7130_737 .array/port v0x5611063a7130, 737;
v0x5611063a7130_738 .array/port v0x5611063a7130, 738;
E_0x56110637b490/184 .event anyedge, v0x5611063a7130_735, v0x5611063a7130_736, v0x5611063a7130_737, v0x5611063a7130_738;
v0x5611063a7130_739 .array/port v0x5611063a7130, 739;
v0x5611063a7130_740 .array/port v0x5611063a7130, 740;
v0x5611063a7130_741 .array/port v0x5611063a7130, 741;
v0x5611063a7130_742 .array/port v0x5611063a7130, 742;
E_0x56110637b490/185 .event anyedge, v0x5611063a7130_739, v0x5611063a7130_740, v0x5611063a7130_741, v0x5611063a7130_742;
v0x5611063a7130_743 .array/port v0x5611063a7130, 743;
v0x5611063a7130_744 .array/port v0x5611063a7130, 744;
v0x5611063a7130_745 .array/port v0x5611063a7130, 745;
v0x5611063a7130_746 .array/port v0x5611063a7130, 746;
E_0x56110637b490/186 .event anyedge, v0x5611063a7130_743, v0x5611063a7130_744, v0x5611063a7130_745, v0x5611063a7130_746;
v0x5611063a7130_747 .array/port v0x5611063a7130, 747;
v0x5611063a7130_748 .array/port v0x5611063a7130, 748;
v0x5611063a7130_749 .array/port v0x5611063a7130, 749;
v0x5611063a7130_750 .array/port v0x5611063a7130, 750;
E_0x56110637b490/187 .event anyedge, v0x5611063a7130_747, v0x5611063a7130_748, v0x5611063a7130_749, v0x5611063a7130_750;
v0x5611063a7130_751 .array/port v0x5611063a7130, 751;
v0x5611063a7130_752 .array/port v0x5611063a7130, 752;
v0x5611063a7130_753 .array/port v0x5611063a7130, 753;
v0x5611063a7130_754 .array/port v0x5611063a7130, 754;
E_0x56110637b490/188 .event anyedge, v0x5611063a7130_751, v0x5611063a7130_752, v0x5611063a7130_753, v0x5611063a7130_754;
v0x5611063a7130_755 .array/port v0x5611063a7130, 755;
v0x5611063a7130_756 .array/port v0x5611063a7130, 756;
v0x5611063a7130_757 .array/port v0x5611063a7130, 757;
v0x5611063a7130_758 .array/port v0x5611063a7130, 758;
E_0x56110637b490/189 .event anyedge, v0x5611063a7130_755, v0x5611063a7130_756, v0x5611063a7130_757, v0x5611063a7130_758;
v0x5611063a7130_759 .array/port v0x5611063a7130, 759;
v0x5611063a7130_760 .array/port v0x5611063a7130, 760;
v0x5611063a7130_761 .array/port v0x5611063a7130, 761;
v0x5611063a7130_762 .array/port v0x5611063a7130, 762;
E_0x56110637b490/190 .event anyedge, v0x5611063a7130_759, v0x5611063a7130_760, v0x5611063a7130_761, v0x5611063a7130_762;
v0x5611063a7130_763 .array/port v0x5611063a7130, 763;
v0x5611063a7130_764 .array/port v0x5611063a7130, 764;
v0x5611063a7130_765 .array/port v0x5611063a7130, 765;
v0x5611063a7130_766 .array/port v0x5611063a7130, 766;
E_0x56110637b490/191 .event anyedge, v0x5611063a7130_763, v0x5611063a7130_764, v0x5611063a7130_765, v0x5611063a7130_766;
v0x5611063a7130_767 .array/port v0x5611063a7130, 767;
v0x5611063a7130_768 .array/port v0x5611063a7130, 768;
v0x5611063a7130_769 .array/port v0x5611063a7130, 769;
v0x5611063a7130_770 .array/port v0x5611063a7130, 770;
E_0x56110637b490/192 .event anyedge, v0x5611063a7130_767, v0x5611063a7130_768, v0x5611063a7130_769, v0x5611063a7130_770;
v0x5611063a7130_771 .array/port v0x5611063a7130, 771;
v0x5611063a7130_772 .array/port v0x5611063a7130, 772;
v0x5611063a7130_773 .array/port v0x5611063a7130, 773;
v0x5611063a7130_774 .array/port v0x5611063a7130, 774;
E_0x56110637b490/193 .event anyedge, v0x5611063a7130_771, v0x5611063a7130_772, v0x5611063a7130_773, v0x5611063a7130_774;
v0x5611063a7130_775 .array/port v0x5611063a7130, 775;
v0x5611063a7130_776 .array/port v0x5611063a7130, 776;
v0x5611063a7130_777 .array/port v0x5611063a7130, 777;
v0x5611063a7130_778 .array/port v0x5611063a7130, 778;
E_0x56110637b490/194 .event anyedge, v0x5611063a7130_775, v0x5611063a7130_776, v0x5611063a7130_777, v0x5611063a7130_778;
v0x5611063a7130_779 .array/port v0x5611063a7130, 779;
v0x5611063a7130_780 .array/port v0x5611063a7130, 780;
v0x5611063a7130_781 .array/port v0x5611063a7130, 781;
v0x5611063a7130_782 .array/port v0x5611063a7130, 782;
E_0x56110637b490/195 .event anyedge, v0x5611063a7130_779, v0x5611063a7130_780, v0x5611063a7130_781, v0x5611063a7130_782;
v0x5611063a7130_783 .array/port v0x5611063a7130, 783;
v0x5611063a7130_784 .array/port v0x5611063a7130, 784;
v0x5611063a7130_785 .array/port v0x5611063a7130, 785;
v0x5611063a7130_786 .array/port v0x5611063a7130, 786;
E_0x56110637b490/196 .event anyedge, v0x5611063a7130_783, v0x5611063a7130_784, v0x5611063a7130_785, v0x5611063a7130_786;
v0x5611063a7130_787 .array/port v0x5611063a7130, 787;
v0x5611063a7130_788 .array/port v0x5611063a7130, 788;
v0x5611063a7130_789 .array/port v0x5611063a7130, 789;
v0x5611063a7130_790 .array/port v0x5611063a7130, 790;
E_0x56110637b490/197 .event anyedge, v0x5611063a7130_787, v0x5611063a7130_788, v0x5611063a7130_789, v0x5611063a7130_790;
v0x5611063a7130_791 .array/port v0x5611063a7130, 791;
v0x5611063a7130_792 .array/port v0x5611063a7130, 792;
v0x5611063a7130_793 .array/port v0x5611063a7130, 793;
v0x5611063a7130_794 .array/port v0x5611063a7130, 794;
E_0x56110637b490/198 .event anyedge, v0x5611063a7130_791, v0x5611063a7130_792, v0x5611063a7130_793, v0x5611063a7130_794;
v0x5611063a7130_795 .array/port v0x5611063a7130, 795;
v0x5611063a7130_796 .array/port v0x5611063a7130, 796;
v0x5611063a7130_797 .array/port v0x5611063a7130, 797;
v0x5611063a7130_798 .array/port v0x5611063a7130, 798;
E_0x56110637b490/199 .event anyedge, v0x5611063a7130_795, v0x5611063a7130_796, v0x5611063a7130_797, v0x5611063a7130_798;
v0x5611063a7130_799 .array/port v0x5611063a7130, 799;
v0x5611063a7130_800 .array/port v0x5611063a7130, 800;
v0x5611063a7130_801 .array/port v0x5611063a7130, 801;
v0x5611063a7130_802 .array/port v0x5611063a7130, 802;
E_0x56110637b490/200 .event anyedge, v0x5611063a7130_799, v0x5611063a7130_800, v0x5611063a7130_801, v0x5611063a7130_802;
v0x5611063a7130_803 .array/port v0x5611063a7130, 803;
v0x5611063a7130_804 .array/port v0x5611063a7130, 804;
v0x5611063a7130_805 .array/port v0x5611063a7130, 805;
v0x5611063a7130_806 .array/port v0x5611063a7130, 806;
E_0x56110637b490/201 .event anyedge, v0x5611063a7130_803, v0x5611063a7130_804, v0x5611063a7130_805, v0x5611063a7130_806;
v0x5611063a7130_807 .array/port v0x5611063a7130, 807;
v0x5611063a7130_808 .array/port v0x5611063a7130, 808;
v0x5611063a7130_809 .array/port v0x5611063a7130, 809;
v0x5611063a7130_810 .array/port v0x5611063a7130, 810;
E_0x56110637b490/202 .event anyedge, v0x5611063a7130_807, v0x5611063a7130_808, v0x5611063a7130_809, v0x5611063a7130_810;
v0x5611063a7130_811 .array/port v0x5611063a7130, 811;
v0x5611063a7130_812 .array/port v0x5611063a7130, 812;
v0x5611063a7130_813 .array/port v0x5611063a7130, 813;
v0x5611063a7130_814 .array/port v0x5611063a7130, 814;
E_0x56110637b490/203 .event anyedge, v0x5611063a7130_811, v0x5611063a7130_812, v0x5611063a7130_813, v0x5611063a7130_814;
v0x5611063a7130_815 .array/port v0x5611063a7130, 815;
v0x5611063a7130_816 .array/port v0x5611063a7130, 816;
v0x5611063a7130_817 .array/port v0x5611063a7130, 817;
v0x5611063a7130_818 .array/port v0x5611063a7130, 818;
E_0x56110637b490/204 .event anyedge, v0x5611063a7130_815, v0x5611063a7130_816, v0x5611063a7130_817, v0x5611063a7130_818;
v0x5611063a7130_819 .array/port v0x5611063a7130, 819;
v0x5611063a7130_820 .array/port v0x5611063a7130, 820;
v0x5611063a7130_821 .array/port v0x5611063a7130, 821;
v0x5611063a7130_822 .array/port v0x5611063a7130, 822;
E_0x56110637b490/205 .event anyedge, v0x5611063a7130_819, v0x5611063a7130_820, v0x5611063a7130_821, v0x5611063a7130_822;
v0x5611063a7130_823 .array/port v0x5611063a7130, 823;
v0x5611063a7130_824 .array/port v0x5611063a7130, 824;
v0x5611063a7130_825 .array/port v0x5611063a7130, 825;
v0x5611063a7130_826 .array/port v0x5611063a7130, 826;
E_0x56110637b490/206 .event anyedge, v0x5611063a7130_823, v0x5611063a7130_824, v0x5611063a7130_825, v0x5611063a7130_826;
v0x5611063a7130_827 .array/port v0x5611063a7130, 827;
v0x5611063a7130_828 .array/port v0x5611063a7130, 828;
v0x5611063a7130_829 .array/port v0x5611063a7130, 829;
v0x5611063a7130_830 .array/port v0x5611063a7130, 830;
E_0x56110637b490/207 .event anyedge, v0x5611063a7130_827, v0x5611063a7130_828, v0x5611063a7130_829, v0x5611063a7130_830;
v0x5611063a7130_831 .array/port v0x5611063a7130, 831;
v0x5611063a7130_832 .array/port v0x5611063a7130, 832;
v0x5611063a7130_833 .array/port v0x5611063a7130, 833;
v0x5611063a7130_834 .array/port v0x5611063a7130, 834;
E_0x56110637b490/208 .event anyedge, v0x5611063a7130_831, v0x5611063a7130_832, v0x5611063a7130_833, v0x5611063a7130_834;
v0x5611063a7130_835 .array/port v0x5611063a7130, 835;
v0x5611063a7130_836 .array/port v0x5611063a7130, 836;
v0x5611063a7130_837 .array/port v0x5611063a7130, 837;
v0x5611063a7130_838 .array/port v0x5611063a7130, 838;
E_0x56110637b490/209 .event anyedge, v0x5611063a7130_835, v0x5611063a7130_836, v0x5611063a7130_837, v0x5611063a7130_838;
v0x5611063a7130_839 .array/port v0x5611063a7130, 839;
v0x5611063a7130_840 .array/port v0x5611063a7130, 840;
v0x5611063a7130_841 .array/port v0x5611063a7130, 841;
v0x5611063a7130_842 .array/port v0x5611063a7130, 842;
E_0x56110637b490/210 .event anyedge, v0x5611063a7130_839, v0x5611063a7130_840, v0x5611063a7130_841, v0x5611063a7130_842;
v0x5611063a7130_843 .array/port v0x5611063a7130, 843;
v0x5611063a7130_844 .array/port v0x5611063a7130, 844;
v0x5611063a7130_845 .array/port v0x5611063a7130, 845;
v0x5611063a7130_846 .array/port v0x5611063a7130, 846;
E_0x56110637b490/211 .event anyedge, v0x5611063a7130_843, v0x5611063a7130_844, v0x5611063a7130_845, v0x5611063a7130_846;
v0x5611063a7130_847 .array/port v0x5611063a7130, 847;
v0x5611063a7130_848 .array/port v0x5611063a7130, 848;
v0x5611063a7130_849 .array/port v0x5611063a7130, 849;
v0x5611063a7130_850 .array/port v0x5611063a7130, 850;
E_0x56110637b490/212 .event anyedge, v0x5611063a7130_847, v0x5611063a7130_848, v0x5611063a7130_849, v0x5611063a7130_850;
v0x5611063a7130_851 .array/port v0x5611063a7130, 851;
v0x5611063a7130_852 .array/port v0x5611063a7130, 852;
v0x5611063a7130_853 .array/port v0x5611063a7130, 853;
v0x5611063a7130_854 .array/port v0x5611063a7130, 854;
E_0x56110637b490/213 .event anyedge, v0x5611063a7130_851, v0x5611063a7130_852, v0x5611063a7130_853, v0x5611063a7130_854;
v0x5611063a7130_855 .array/port v0x5611063a7130, 855;
v0x5611063a7130_856 .array/port v0x5611063a7130, 856;
v0x5611063a7130_857 .array/port v0x5611063a7130, 857;
v0x5611063a7130_858 .array/port v0x5611063a7130, 858;
E_0x56110637b490/214 .event anyedge, v0x5611063a7130_855, v0x5611063a7130_856, v0x5611063a7130_857, v0x5611063a7130_858;
v0x5611063a7130_859 .array/port v0x5611063a7130, 859;
v0x5611063a7130_860 .array/port v0x5611063a7130, 860;
v0x5611063a7130_861 .array/port v0x5611063a7130, 861;
v0x5611063a7130_862 .array/port v0x5611063a7130, 862;
E_0x56110637b490/215 .event anyedge, v0x5611063a7130_859, v0x5611063a7130_860, v0x5611063a7130_861, v0x5611063a7130_862;
v0x5611063a7130_863 .array/port v0x5611063a7130, 863;
v0x5611063a7130_864 .array/port v0x5611063a7130, 864;
v0x5611063a7130_865 .array/port v0x5611063a7130, 865;
v0x5611063a7130_866 .array/port v0x5611063a7130, 866;
E_0x56110637b490/216 .event anyedge, v0x5611063a7130_863, v0x5611063a7130_864, v0x5611063a7130_865, v0x5611063a7130_866;
v0x5611063a7130_867 .array/port v0x5611063a7130, 867;
v0x5611063a7130_868 .array/port v0x5611063a7130, 868;
v0x5611063a7130_869 .array/port v0x5611063a7130, 869;
v0x5611063a7130_870 .array/port v0x5611063a7130, 870;
E_0x56110637b490/217 .event anyedge, v0x5611063a7130_867, v0x5611063a7130_868, v0x5611063a7130_869, v0x5611063a7130_870;
v0x5611063a7130_871 .array/port v0x5611063a7130, 871;
v0x5611063a7130_872 .array/port v0x5611063a7130, 872;
v0x5611063a7130_873 .array/port v0x5611063a7130, 873;
v0x5611063a7130_874 .array/port v0x5611063a7130, 874;
E_0x56110637b490/218 .event anyedge, v0x5611063a7130_871, v0x5611063a7130_872, v0x5611063a7130_873, v0x5611063a7130_874;
v0x5611063a7130_875 .array/port v0x5611063a7130, 875;
v0x5611063a7130_876 .array/port v0x5611063a7130, 876;
v0x5611063a7130_877 .array/port v0x5611063a7130, 877;
v0x5611063a7130_878 .array/port v0x5611063a7130, 878;
E_0x56110637b490/219 .event anyedge, v0x5611063a7130_875, v0x5611063a7130_876, v0x5611063a7130_877, v0x5611063a7130_878;
v0x5611063a7130_879 .array/port v0x5611063a7130, 879;
v0x5611063a7130_880 .array/port v0x5611063a7130, 880;
v0x5611063a7130_881 .array/port v0x5611063a7130, 881;
v0x5611063a7130_882 .array/port v0x5611063a7130, 882;
E_0x56110637b490/220 .event anyedge, v0x5611063a7130_879, v0x5611063a7130_880, v0x5611063a7130_881, v0x5611063a7130_882;
v0x5611063a7130_883 .array/port v0x5611063a7130, 883;
v0x5611063a7130_884 .array/port v0x5611063a7130, 884;
v0x5611063a7130_885 .array/port v0x5611063a7130, 885;
v0x5611063a7130_886 .array/port v0x5611063a7130, 886;
E_0x56110637b490/221 .event anyedge, v0x5611063a7130_883, v0x5611063a7130_884, v0x5611063a7130_885, v0x5611063a7130_886;
v0x5611063a7130_887 .array/port v0x5611063a7130, 887;
v0x5611063a7130_888 .array/port v0x5611063a7130, 888;
v0x5611063a7130_889 .array/port v0x5611063a7130, 889;
v0x5611063a7130_890 .array/port v0x5611063a7130, 890;
E_0x56110637b490/222 .event anyedge, v0x5611063a7130_887, v0x5611063a7130_888, v0x5611063a7130_889, v0x5611063a7130_890;
v0x5611063a7130_891 .array/port v0x5611063a7130, 891;
v0x5611063a7130_892 .array/port v0x5611063a7130, 892;
v0x5611063a7130_893 .array/port v0x5611063a7130, 893;
v0x5611063a7130_894 .array/port v0x5611063a7130, 894;
E_0x56110637b490/223 .event anyedge, v0x5611063a7130_891, v0x5611063a7130_892, v0x5611063a7130_893, v0x5611063a7130_894;
v0x5611063a7130_895 .array/port v0x5611063a7130, 895;
v0x5611063a7130_896 .array/port v0x5611063a7130, 896;
v0x5611063a7130_897 .array/port v0x5611063a7130, 897;
v0x5611063a7130_898 .array/port v0x5611063a7130, 898;
E_0x56110637b490/224 .event anyedge, v0x5611063a7130_895, v0x5611063a7130_896, v0x5611063a7130_897, v0x5611063a7130_898;
v0x5611063a7130_899 .array/port v0x5611063a7130, 899;
v0x5611063a7130_900 .array/port v0x5611063a7130, 900;
v0x5611063a7130_901 .array/port v0x5611063a7130, 901;
v0x5611063a7130_902 .array/port v0x5611063a7130, 902;
E_0x56110637b490/225 .event anyedge, v0x5611063a7130_899, v0x5611063a7130_900, v0x5611063a7130_901, v0x5611063a7130_902;
v0x5611063a7130_903 .array/port v0x5611063a7130, 903;
v0x5611063a7130_904 .array/port v0x5611063a7130, 904;
v0x5611063a7130_905 .array/port v0x5611063a7130, 905;
v0x5611063a7130_906 .array/port v0x5611063a7130, 906;
E_0x56110637b490/226 .event anyedge, v0x5611063a7130_903, v0x5611063a7130_904, v0x5611063a7130_905, v0x5611063a7130_906;
v0x5611063a7130_907 .array/port v0x5611063a7130, 907;
v0x5611063a7130_908 .array/port v0x5611063a7130, 908;
v0x5611063a7130_909 .array/port v0x5611063a7130, 909;
v0x5611063a7130_910 .array/port v0x5611063a7130, 910;
E_0x56110637b490/227 .event anyedge, v0x5611063a7130_907, v0x5611063a7130_908, v0x5611063a7130_909, v0x5611063a7130_910;
v0x5611063a7130_911 .array/port v0x5611063a7130, 911;
v0x5611063a7130_912 .array/port v0x5611063a7130, 912;
v0x5611063a7130_913 .array/port v0x5611063a7130, 913;
v0x5611063a7130_914 .array/port v0x5611063a7130, 914;
E_0x56110637b490/228 .event anyedge, v0x5611063a7130_911, v0x5611063a7130_912, v0x5611063a7130_913, v0x5611063a7130_914;
v0x5611063a7130_915 .array/port v0x5611063a7130, 915;
v0x5611063a7130_916 .array/port v0x5611063a7130, 916;
v0x5611063a7130_917 .array/port v0x5611063a7130, 917;
v0x5611063a7130_918 .array/port v0x5611063a7130, 918;
E_0x56110637b490/229 .event anyedge, v0x5611063a7130_915, v0x5611063a7130_916, v0x5611063a7130_917, v0x5611063a7130_918;
v0x5611063a7130_919 .array/port v0x5611063a7130, 919;
v0x5611063a7130_920 .array/port v0x5611063a7130, 920;
v0x5611063a7130_921 .array/port v0x5611063a7130, 921;
v0x5611063a7130_922 .array/port v0x5611063a7130, 922;
E_0x56110637b490/230 .event anyedge, v0x5611063a7130_919, v0x5611063a7130_920, v0x5611063a7130_921, v0x5611063a7130_922;
v0x5611063a7130_923 .array/port v0x5611063a7130, 923;
v0x5611063a7130_924 .array/port v0x5611063a7130, 924;
v0x5611063a7130_925 .array/port v0x5611063a7130, 925;
v0x5611063a7130_926 .array/port v0x5611063a7130, 926;
E_0x56110637b490/231 .event anyedge, v0x5611063a7130_923, v0x5611063a7130_924, v0x5611063a7130_925, v0x5611063a7130_926;
v0x5611063a7130_927 .array/port v0x5611063a7130, 927;
v0x5611063a7130_928 .array/port v0x5611063a7130, 928;
v0x5611063a7130_929 .array/port v0x5611063a7130, 929;
v0x5611063a7130_930 .array/port v0x5611063a7130, 930;
E_0x56110637b490/232 .event anyedge, v0x5611063a7130_927, v0x5611063a7130_928, v0x5611063a7130_929, v0x5611063a7130_930;
v0x5611063a7130_931 .array/port v0x5611063a7130, 931;
v0x5611063a7130_932 .array/port v0x5611063a7130, 932;
v0x5611063a7130_933 .array/port v0x5611063a7130, 933;
v0x5611063a7130_934 .array/port v0x5611063a7130, 934;
E_0x56110637b490/233 .event anyedge, v0x5611063a7130_931, v0x5611063a7130_932, v0x5611063a7130_933, v0x5611063a7130_934;
v0x5611063a7130_935 .array/port v0x5611063a7130, 935;
v0x5611063a7130_936 .array/port v0x5611063a7130, 936;
v0x5611063a7130_937 .array/port v0x5611063a7130, 937;
v0x5611063a7130_938 .array/port v0x5611063a7130, 938;
E_0x56110637b490/234 .event anyedge, v0x5611063a7130_935, v0x5611063a7130_936, v0x5611063a7130_937, v0x5611063a7130_938;
v0x5611063a7130_939 .array/port v0x5611063a7130, 939;
v0x5611063a7130_940 .array/port v0x5611063a7130, 940;
v0x5611063a7130_941 .array/port v0x5611063a7130, 941;
v0x5611063a7130_942 .array/port v0x5611063a7130, 942;
E_0x56110637b490/235 .event anyedge, v0x5611063a7130_939, v0x5611063a7130_940, v0x5611063a7130_941, v0x5611063a7130_942;
v0x5611063a7130_943 .array/port v0x5611063a7130, 943;
v0x5611063a7130_944 .array/port v0x5611063a7130, 944;
v0x5611063a7130_945 .array/port v0x5611063a7130, 945;
v0x5611063a7130_946 .array/port v0x5611063a7130, 946;
E_0x56110637b490/236 .event anyedge, v0x5611063a7130_943, v0x5611063a7130_944, v0x5611063a7130_945, v0x5611063a7130_946;
v0x5611063a7130_947 .array/port v0x5611063a7130, 947;
v0x5611063a7130_948 .array/port v0x5611063a7130, 948;
v0x5611063a7130_949 .array/port v0x5611063a7130, 949;
v0x5611063a7130_950 .array/port v0x5611063a7130, 950;
E_0x56110637b490/237 .event anyedge, v0x5611063a7130_947, v0x5611063a7130_948, v0x5611063a7130_949, v0x5611063a7130_950;
v0x5611063a7130_951 .array/port v0x5611063a7130, 951;
v0x5611063a7130_952 .array/port v0x5611063a7130, 952;
v0x5611063a7130_953 .array/port v0x5611063a7130, 953;
v0x5611063a7130_954 .array/port v0x5611063a7130, 954;
E_0x56110637b490/238 .event anyedge, v0x5611063a7130_951, v0x5611063a7130_952, v0x5611063a7130_953, v0x5611063a7130_954;
v0x5611063a7130_955 .array/port v0x5611063a7130, 955;
v0x5611063a7130_956 .array/port v0x5611063a7130, 956;
v0x5611063a7130_957 .array/port v0x5611063a7130, 957;
v0x5611063a7130_958 .array/port v0x5611063a7130, 958;
E_0x56110637b490/239 .event anyedge, v0x5611063a7130_955, v0x5611063a7130_956, v0x5611063a7130_957, v0x5611063a7130_958;
v0x5611063a7130_959 .array/port v0x5611063a7130, 959;
v0x5611063a7130_960 .array/port v0x5611063a7130, 960;
v0x5611063a7130_961 .array/port v0x5611063a7130, 961;
v0x5611063a7130_962 .array/port v0x5611063a7130, 962;
E_0x56110637b490/240 .event anyedge, v0x5611063a7130_959, v0x5611063a7130_960, v0x5611063a7130_961, v0x5611063a7130_962;
v0x5611063a7130_963 .array/port v0x5611063a7130, 963;
v0x5611063a7130_964 .array/port v0x5611063a7130, 964;
v0x5611063a7130_965 .array/port v0x5611063a7130, 965;
v0x5611063a7130_966 .array/port v0x5611063a7130, 966;
E_0x56110637b490/241 .event anyedge, v0x5611063a7130_963, v0x5611063a7130_964, v0x5611063a7130_965, v0x5611063a7130_966;
v0x5611063a7130_967 .array/port v0x5611063a7130, 967;
v0x5611063a7130_968 .array/port v0x5611063a7130, 968;
v0x5611063a7130_969 .array/port v0x5611063a7130, 969;
v0x5611063a7130_970 .array/port v0x5611063a7130, 970;
E_0x56110637b490/242 .event anyedge, v0x5611063a7130_967, v0x5611063a7130_968, v0x5611063a7130_969, v0x5611063a7130_970;
v0x5611063a7130_971 .array/port v0x5611063a7130, 971;
v0x5611063a7130_972 .array/port v0x5611063a7130, 972;
v0x5611063a7130_973 .array/port v0x5611063a7130, 973;
v0x5611063a7130_974 .array/port v0x5611063a7130, 974;
E_0x56110637b490/243 .event anyedge, v0x5611063a7130_971, v0x5611063a7130_972, v0x5611063a7130_973, v0x5611063a7130_974;
v0x5611063a7130_975 .array/port v0x5611063a7130, 975;
v0x5611063a7130_976 .array/port v0x5611063a7130, 976;
v0x5611063a7130_977 .array/port v0x5611063a7130, 977;
v0x5611063a7130_978 .array/port v0x5611063a7130, 978;
E_0x56110637b490/244 .event anyedge, v0x5611063a7130_975, v0x5611063a7130_976, v0x5611063a7130_977, v0x5611063a7130_978;
v0x5611063a7130_979 .array/port v0x5611063a7130, 979;
v0x5611063a7130_980 .array/port v0x5611063a7130, 980;
v0x5611063a7130_981 .array/port v0x5611063a7130, 981;
v0x5611063a7130_982 .array/port v0x5611063a7130, 982;
E_0x56110637b490/245 .event anyedge, v0x5611063a7130_979, v0x5611063a7130_980, v0x5611063a7130_981, v0x5611063a7130_982;
v0x5611063a7130_983 .array/port v0x5611063a7130, 983;
v0x5611063a7130_984 .array/port v0x5611063a7130, 984;
v0x5611063a7130_985 .array/port v0x5611063a7130, 985;
v0x5611063a7130_986 .array/port v0x5611063a7130, 986;
E_0x56110637b490/246 .event anyedge, v0x5611063a7130_983, v0x5611063a7130_984, v0x5611063a7130_985, v0x5611063a7130_986;
v0x5611063a7130_987 .array/port v0x5611063a7130, 987;
v0x5611063a7130_988 .array/port v0x5611063a7130, 988;
v0x5611063a7130_989 .array/port v0x5611063a7130, 989;
v0x5611063a7130_990 .array/port v0x5611063a7130, 990;
E_0x56110637b490/247 .event anyedge, v0x5611063a7130_987, v0x5611063a7130_988, v0x5611063a7130_989, v0x5611063a7130_990;
v0x5611063a7130_991 .array/port v0x5611063a7130, 991;
v0x5611063a7130_992 .array/port v0x5611063a7130, 992;
v0x5611063a7130_993 .array/port v0x5611063a7130, 993;
v0x5611063a7130_994 .array/port v0x5611063a7130, 994;
E_0x56110637b490/248 .event anyedge, v0x5611063a7130_991, v0x5611063a7130_992, v0x5611063a7130_993, v0x5611063a7130_994;
v0x5611063a7130_995 .array/port v0x5611063a7130, 995;
v0x5611063a7130_996 .array/port v0x5611063a7130, 996;
v0x5611063a7130_997 .array/port v0x5611063a7130, 997;
v0x5611063a7130_998 .array/port v0x5611063a7130, 998;
E_0x56110637b490/249 .event anyedge, v0x5611063a7130_995, v0x5611063a7130_996, v0x5611063a7130_997, v0x5611063a7130_998;
v0x5611063a7130_999 .array/port v0x5611063a7130, 999;
v0x5611063a7130_1000 .array/port v0x5611063a7130, 1000;
v0x5611063a7130_1001 .array/port v0x5611063a7130, 1001;
v0x5611063a7130_1002 .array/port v0x5611063a7130, 1002;
E_0x56110637b490/250 .event anyedge, v0x5611063a7130_999, v0x5611063a7130_1000, v0x5611063a7130_1001, v0x5611063a7130_1002;
v0x5611063a7130_1003 .array/port v0x5611063a7130, 1003;
v0x5611063a7130_1004 .array/port v0x5611063a7130, 1004;
v0x5611063a7130_1005 .array/port v0x5611063a7130, 1005;
v0x5611063a7130_1006 .array/port v0x5611063a7130, 1006;
E_0x56110637b490/251 .event anyedge, v0x5611063a7130_1003, v0x5611063a7130_1004, v0x5611063a7130_1005, v0x5611063a7130_1006;
v0x5611063a7130_1007 .array/port v0x5611063a7130, 1007;
v0x5611063a7130_1008 .array/port v0x5611063a7130, 1008;
v0x5611063a7130_1009 .array/port v0x5611063a7130, 1009;
v0x5611063a7130_1010 .array/port v0x5611063a7130, 1010;
E_0x56110637b490/252 .event anyedge, v0x5611063a7130_1007, v0x5611063a7130_1008, v0x5611063a7130_1009, v0x5611063a7130_1010;
v0x5611063a7130_1011 .array/port v0x5611063a7130, 1011;
v0x5611063a7130_1012 .array/port v0x5611063a7130, 1012;
v0x5611063a7130_1013 .array/port v0x5611063a7130, 1013;
v0x5611063a7130_1014 .array/port v0x5611063a7130, 1014;
E_0x56110637b490/253 .event anyedge, v0x5611063a7130_1011, v0x5611063a7130_1012, v0x5611063a7130_1013, v0x5611063a7130_1014;
v0x5611063a7130_1015 .array/port v0x5611063a7130, 1015;
v0x5611063a7130_1016 .array/port v0x5611063a7130, 1016;
v0x5611063a7130_1017 .array/port v0x5611063a7130, 1017;
v0x5611063a7130_1018 .array/port v0x5611063a7130, 1018;
E_0x56110637b490/254 .event anyedge, v0x5611063a7130_1015, v0x5611063a7130_1016, v0x5611063a7130_1017, v0x5611063a7130_1018;
v0x5611063a7130_1019 .array/port v0x5611063a7130, 1019;
v0x5611063a7130_1020 .array/port v0x5611063a7130, 1020;
v0x5611063a7130_1021 .array/port v0x5611063a7130, 1021;
v0x5611063a7130_1022 .array/port v0x5611063a7130, 1022;
E_0x56110637b490/255 .event anyedge, v0x5611063a7130_1019, v0x5611063a7130_1020, v0x5611063a7130_1021, v0x5611063a7130_1022;
v0x5611063a7130_1023 .array/port v0x5611063a7130, 1023;
v0x5611063a7130_1024 .array/port v0x5611063a7130, 1024;
v0x5611063a7130_1025 .array/port v0x5611063a7130, 1025;
v0x5611063a7130_1026 .array/port v0x5611063a7130, 1026;
E_0x56110637b490/256 .event anyedge, v0x5611063a7130_1023, v0x5611063a7130_1024, v0x5611063a7130_1025, v0x5611063a7130_1026;
v0x5611063a7130_1027 .array/port v0x5611063a7130, 1027;
v0x5611063a7130_1028 .array/port v0x5611063a7130, 1028;
v0x5611063a7130_1029 .array/port v0x5611063a7130, 1029;
v0x5611063a7130_1030 .array/port v0x5611063a7130, 1030;
E_0x56110637b490/257 .event anyedge, v0x5611063a7130_1027, v0x5611063a7130_1028, v0x5611063a7130_1029, v0x5611063a7130_1030;
v0x5611063a7130_1031 .array/port v0x5611063a7130, 1031;
v0x5611063a7130_1032 .array/port v0x5611063a7130, 1032;
v0x5611063a7130_1033 .array/port v0x5611063a7130, 1033;
v0x5611063a7130_1034 .array/port v0x5611063a7130, 1034;
E_0x56110637b490/258 .event anyedge, v0x5611063a7130_1031, v0x5611063a7130_1032, v0x5611063a7130_1033, v0x5611063a7130_1034;
v0x5611063a7130_1035 .array/port v0x5611063a7130, 1035;
v0x5611063a7130_1036 .array/port v0x5611063a7130, 1036;
v0x5611063a7130_1037 .array/port v0x5611063a7130, 1037;
v0x5611063a7130_1038 .array/port v0x5611063a7130, 1038;
E_0x56110637b490/259 .event anyedge, v0x5611063a7130_1035, v0x5611063a7130_1036, v0x5611063a7130_1037, v0x5611063a7130_1038;
v0x5611063a7130_1039 .array/port v0x5611063a7130, 1039;
v0x5611063a7130_1040 .array/port v0x5611063a7130, 1040;
v0x5611063a7130_1041 .array/port v0x5611063a7130, 1041;
v0x5611063a7130_1042 .array/port v0x5611063a7130, 1042;
E_0x56110637b490/260 .event anyedge, v0x5611063a7130_1039, v0x5611063a7130_1040, v0x5611063a7130_1041, v0x5611063a7130_1042;
v0x5611063a7130_1043 .array/port v0x5611063a7130, 1043;
v0x5611063a7130_1044 .array/port v0x5611063a7130, 1044;
v0x5611063a7130_1045 .array/port v0x5611063a7130, 1045;
v0x5611063a7130_1046 .array/port v0x5611063a7130, 1046;
E_0x56110637b490/261 .event anyedge, v0x5611063a7130_1043, v0x5611063a7130_1044, v0x5611063a7130_1045, v0x5611063a7130_1046;
v0x5611063a7130_1047 .array/port v0x5611063a7130, 1047;
v0x5611063a7130_1048 .array/port v0x5611063a7130, 1048;
v0x5611063a7130_1049 .array/port v0x5611063a7130, 1049;
v0x5611063a7130_1050 .array/port v0x5611063a7130, 1050;
E_0x56110637b490/262 .event anyedge, v0x5611063a7130_1047, v0x5611063a7130_1048, v0x5611063a7130_1049, v0x5611063a7130_1050;
v0x5611063a7130_1051 .array/port v0x5611063a7130, 1051;
v0x5611063a7130_1052 .array/port v0x5611063a7130, 1052;
v0x5611063a7130_1053 .array/port v0x5611063a7130, 1053;
v0x5611063a7130_1054 .array/port v0x5611063a7130, 1054;
E_0x56110637b490/263 .event anyedge, v0x5611063a7130_1051, v0x5611063a7130_1052, v0x5611063a7130_1053, v0x5611063a7130_1054;
v0x5611063a7130_1055 .array/port v0x5611063a7130, 1055;
v0x5611063a7130_1056 .array/port v0x5611063a7130, 1056;
v0x5611063a7130_1057 .array/port v0x5611063a7130, 1057;
v0x5611063a7130_1058 .array/port v0x5611063a7130, 1058;
E_0x56110637b490/264 .event anyedge, v0x5611063a7130_1055, v0x5611063a7130_1056, v0x5611063a7130_1057, v0x5611063a7130_1058;
v0x5611063a7130_1059 .array/port v0x5611063a7130, 1059;
v0x5611063a7130_1060 .array/port v0x5611063a7130, 1060;
v0x5611063a7130_1061 .array/port v0x5611063a7130, 1061;
v0x5611063a7130_1062 .array/port v0x5611063a7130, 1062;
E_0x56110637b490/265 .event anyedge, v0x5611063a7130_1059, v0x5611063a7130_1060, v0x5611063a7130_1061, v0x5611063a7130_1062;
v0x5611063a7130_1063 .array/port v0x5611063a7130, 1063;
v0x5611063a7130_1064 .array/port v0x5611063a7130, 1064;
v0x5611063a7130_1065 .array/port v0x5611063a7130, 1065;
v0x5611063a7130_1066 .array/port v0x5611063a7130, 1066;
E_0x56110637b490/266 .event anyedge, v0x5611063a7130_1063, v0x5611063a7130_1064, v0x5611063a7130_1065, v0x5611063a7130_1066;
v0x5611063a7130_1067 .array/port v0x5611063a7130, 1067;
v0x5611063a7130_1068 .array/port v0x5611063a7130, 1068;
v0x5611063a7130_1069 .array/port v0x5611063a7130, 1069;
v0x5611063a7130_1070 .array/port v0x5611063a7130, 1070;
E_0x56110637b490/267 .event anyedge, v0x5611063a7130_1067, v0x5611063a7130_1068, v0x5611063a7130_1069, v0x5611063a7130_1070;
v0x5611063a7130_1071 .array/port v0x5611063a7130, 1071;
v0x5611063a7130_1072 .array/port v0x5611063a7130, 1072;
v0x5611063a7130_1073 .array/port v0x5611063a7130, 1073;
v0x5611063a7130_1074 .array/port v0x5611063a7130, 1074;
E_0x56110637b490/268 .event anyedge, v0x5611063a7130_1071, v0x5611063a7130_1072, v0x5611063a7130_1073, v0x5611063a7130_1074;
v0x5611063a7130_1075 .array/port v0x5611063a7130, 1075;
v0x5611063a7130_1076 .array/port v0x5611063a7130, 1076;
v0x5611063a7130_1077 .array/port v0x5611063a7130, 1077;
v0x5611063a7130_1078 .array/port v0x5611063a7130, 1078;
E_0x56110637b490/269 .event anyedge, v0x5611063a7130_1075, v0x5611063a7130_1076, v0x5611063a7130_1077, v0x5611063a7130_1078;
v0x5611063a7130_1079 .array/port v0x5611063a7130, 1079;
v0x5611063a7130_1080 .array/port v0x5611063a7130, 1080;
v0x5611063a7130_1081 .array/port v0x5611063a7130, 1081;
v0x5611063a7130_1082 .array/port v0x5611063a7130, 1082;
E_0x56110637b490/270 .event anyedge, v0x5611063a7130_1079, v0x5611063a7130_1080, v0x5611063a7130_1081, v0x5611063a7130_1082;
v0x5611063a7130_1083 .array/port v0x5611063a7130, 1083;
v0x5611063a7130_1084 .array/port v0x5611063a7130, 1084;
v0x5611063a7130_1085 .array/port v0x5611063a7130, 1085;
v0x5611063a7130_1086 .array/port v0x5611063a7130, 1086;
E_0x56110637b490/271 .event anyedge, v0x5611063a7130_1083, v0x5611063a7130_1084, v0x5611063a7130_1085, v0x5611063a7130_1086;
v0x5611063a7130_1087 .array/port v0x5611063a7130, 1087;
v0x5611063a7130_1088 .array/port v0x5611063a7130, 1088;
v0x5611063a7130_1089 .array/port v0x5611063a7130, 1089;
v0x5611063a7130_1090 .array/port v0x5611063a7130, 1090;
E_0x56110637b490/272 .event anyedge, v0x5611063a7130_1087, v0x5611063a7130_1088, v0x5611063a7130_1089, v0x5611063a7130_1090;
v0x5611063a7130_1091 .array/port v0x5611063a7130, 1091;
v0x5611063a7130_1092 .array/port v0x5611063a7130, 1092;
v0x5611063a7130_1093 .array/port v0x5611063a7130, 1093;
v0x5611063a7130_1094 .array/port v0x5611063a7130, 1094;
E_0x56110637b490/273 .event anyedge, v0x5611063a7130_1091, v0x5611063a7130_1092, v0x5611063a7130_1093, v0x5611063a7130_1094;
v0x5611063a7130_1095 .array/port v0x5611063a7130, 1095;
v0x5611063a7130_1096 .array/port v0x5611063a7130, 1096;
v0x5611063a7130_1097 .array/port v0x5611063a7130, 1097;
v0x5611063a7130_1098 .array/port v0x5611063a7130, 1098;
E_0x56110637b490/274 .event anyedge, v0x5611063a7130_1095, v0x5611063a7130_1096, v0x5611063a7130_1097, v0x5611063a7130_1098;
v0x5611063a7130_1099 .array/port v0x5611063a7130, 1099;
v0x5611063a7130_1100 .array/port v0x5611063a7130, 1100;
v0x5611063a7130_1101 .array/port v0x5611063a7130, 1101;
v0x5611063a7130_1102 .array/port v0x5611063a7130, 1102;
E_0x56110637b490/275 .event anyedge, v0x5611063a7130_1099, v0x5611063a7130_1100, v0x5611063a7130_1101, v0x5611063a7130_1102;
v0x5611063a7130_1103 .array/port v0x5611063a7130, 1103;
v0x5611063a7130_1104 .array/port v0x5611063a7130, 1104;
v0x5611063a7130_1105 .array/port v0x5611063a7130, 1105;
v0x5611063a7130_1106 .array/port v0x5611063a7130, 1106;
E_0x56110637b490/276 .event anyedge, v0x5611063a7130_1103, v0x5611063a7130_1104, v0x5611063a7130_1105, v0x5611063a7130_1106;
v0x5611063a7130_1107 .array/port v0x5611063a7130, 1107;
v0x5611063a7130_1108 .array/port v0x5611063a7130, 1108;
v0x5611063a7130_1109 .array/port v0x5611063a7130, 1109;
v0x5611063a7130_1110 .array/port v0x5611063a7130, 1110;
E_0x56110637b490/277 .event anyedge, v0x5611063a7130_1107, v0x5611063a7130_1108, v0x5611063a7130_1109, v0x5611063a7130_1110;
v0x5611063a7130_1111 .array/port v0x5611063a7130, 1111;
v0x5611063a7130_1112 .array/port v0x5611063a7130, 1112;
v0x5611063a7130_1113 .array/port v0x5611063a7130, 1113;
v0x5611063a7130_1114 .array/port v0x5611063a7130, 1114;
E_0x56110637b490/278 .event anyedge, v0x5611063a7130_1111, v0x5611063a7130_1112, v0x5611063a7130_1113, v0x5611063a7130_1114;
v0x5611063a7130_1115 .array/port v0x5611063a7130, 1115;
v0x5611063a7130_1116 .array/port v0x5611063a7130, 1116;
v0x5611063a7130_1117 .array/port v0x5611063a7130, 1117;
v0x5611063a7130_1118 .array/port v0x5611063a7130, 1118;
E_0x56110637b490/279 .event anyedge, v0x5611063a7130_1115, v0x5611063a7130_1116, v0x5611063a7130_1117, v0x5611063a7130_1118;
v0x5611063a7130_1119 .array/port v0x5611063a7130, 1119;
v0x5611063a7130_1120 .array/port v0x5611063a7130, 1120;
v0x5611063a7130_1121 .array/port v0x5611063a7130, 1121;
v0x5611063a7130_1122 .array/port v0x5611063a7130, 1122;
E_0x56110637b490/280 .event anyedge, v0x5611063a7130_1119, v0x5611063a7130_1120, v0x5611063a7130_1121, v0x5611063a7130_1122;
v0x5611063a7130_1123 .array/port v0x5611063a7130, 1123;
v0x5611063a7130_1124 .array/port v0x5611063a7130, 1124;
v0x5611063a7130_1125 .array/port v0x5611063a7130, 1125;
v0x5611063a7130_1126 .array/port v0x5611063a7130, 1126;
E_0x56110637b490/281 .event anyedge, v0x5611063a7130_1123, v0x5611063a7130_1124, v0x5611063a7130_1125, v0x5611063a7130_1126;
v0x5611063a7130_1127 .array/port v0x5611063a7130, 1127;
v0x5611063a7130_1128 .array/port v0x5611063a7130, 1128;
v0x5611063a7130_1129 .array/port v0x5611063a7130, 1129;
v0x5611063a7130_1130 .array/port v0x5611063a7130, 1130;
E_0x56110637b490/282 .event anyedge, v0x5611063a7130_1127, v0x5611063a7130_1128, v0x5611063a7130_1129, v0x5611063a7130_1130;
v0x5611063a7130_1131 .array/port v0x5611063a7130, 1131;
v0x5611063a7130_1132 .array/port v0x5611063a7130, 1132;
v0x5611063a7130_1133 .array/port v0x5611063a7130, 1133;
v0x5611063a7130_1134 .array/port v0x5611063a7130, 1134;
E_0x56110637b490/283 .event anyedge, v0x5611063a7130_1131, v0x5611063a7130_1132, v0x5611063a7130_1133, v0x5611063a7130_1134;
v0x5611063a7130_1135 .array/port v0x5611063a7130, 1135;
v0x5611063a7130_1136 .array/port v0x5611063a7130, 1136;
v0x5611063a7130_1137 .array/port v0x5611063a7130, 1137;
v0x5611063a7130_1138 .array/port v0x5611063a7130, 1138;
E_0x56110637b490/284 .event anyedge, v0x5611063a7130_1135, v0x5611063a7130_1136, v0x5611063a7130_1137, v0x5611063a7130_1138;
v0x5611063a7130_1139 .array/port v0x5611063a7130, 1139;
v0x5611063a7130_1140 .array/port v0x5611063a7130, 1140;
v0x5611063a7130_1141 .array/port v0x5611063a7130, 1141;
v0x5611063a7130_1142 .array/port v0x5611063a7130, 1142;
E_0x56110637b490/285 .event anyedge, v0x5611063a7130_1139, v0x5611063a7130_1140, v0x5611063a7130_1141, v0x5611063a7130_1142;
v0x5611063a7130_1143 .array/port v0x5611063a7130, 1143;
v0x5611063a7130_1144 .array/port v0x5611063a7130, 1144;
v0x5611063a7130_1145 .array/port v0x5611063a7130, 1145;
v0x5611063a7130_1146 .array/port v0x5611063a7130, 1146;
E_0x56110637b490/286 .event anyedge, v0x5611063a7130_1143, v0x5611063a7130_1144, v0x5611063a7130_1145, v0x5611063a7130_1146;
v0x5611063a7130_1147 .array/port v0x5611063a7130, 1147;
v0x5611063a7130_1148 .array/port v0x5611063a7130, 1148;
v0x5611063a7130_1149 .array/port v0x5611063a7130, 1149;
v0x5611063a7130_1150 .array/port v0x5611063a7130, 1150;
E_0x56110637b490/287 .event anyedge, v0x5611063a7130_1147, v0x5611063a7130_1148, v0x5611063a7130_1149, v0x5611063a7130_1150;
v0x5611063a7130_1151 .array/port v0x5611063a7130, 1151;
v0x5611063a7130_1152 .array/port v0x5611063a7130, 1152;
v0x5611063a7130_1153 .array/port v0x5611063a7130, 1153;
v0x5611063a7130_1154 .array/port v0x5611063a7130, 1154;
E_0x56110637b490/288 .event anyedge, v0x5611063a7130_1151, v0x5611063a7130_1152, v0x5611063a7130_1153, v0x5611063a7130_1154;
v0x5611063a7130_1155 .array/port v0x5611063a7130, 1155;
v0x5611063a7130_1156 .array/port v0x5611063a7130, 1156;
v0x5611063a7130_1157 .array/port v0x5611063a7130, 1157;
v0x5611063a7130_1158 .array/port v0x5611063a7130, 1158;
E_0x56110637b490/289 .event anyedge, v0x5611063a7130_1155, v0x5611063a7130_1156, v0x5611063a7130_1157, v0x5611063a7130_1158;
v0x5611063a7130_1159 .array/port v0x5611063a7130, 1159;
v0x5611063a7130_1160 .array/port v0x5611063a7130, 1160;
v0x5611063a7130_1161 .array/port v0x5611063a7130, 1161;
v0x5611063a7130_1162 .array/port v0x5611063a7130, 1162;
E_0x56110637b490/290 .event anyedge, v0x5611063a7130_1159, v0x5611063a7130_1160, v0x5611063a7130_1161, v0x5611063a7130_1162;
v0x5611063a7130_1163 .array/port v0x5611063a7130, 1163;
v0x5611063a7130_1164 .array/port v0x5611063a7130, 1164;
v0x5611063a7130_1165 .array/port v0x5611063a7130, 1165;
v0x5611063a7130_1166 .array/port v0x5611063a7130, 1166;
E_0x56110637b490/291 .event anyedge, v0x5611063a7130_1163, v0x5611063a7130_1164, v0x5611063a7130_1165, v0x5611063a7130_1166;
v0x5611063a7130_1167 .array/port v0x5611063a7130, 1167;
v0x5611063a7130_1168 .array/port v0x5611063a7130, 1168;
v0x5611063a7130_1169 .array/port v0x5611063a7130, 1169;
v0x5611063a7130_1170 .array/port v0x5611063a7130, 1170;
E_0x56110637b490/292 .event anyedge, v0x5611063a7130_1167, v0x5611063a7130_1168, v0x5611063a7130_1169, v0x5611063a7130_1170;
v0x5611063a7130_1171 .array/port v0x5611063a7130, 1171;
v0x5611063a7130_1172 .array/port v0x5611063a7130, 1172;
v0x5611063a7130_1173 .array/port v0x5611063a7130, 1173;
v0x5611063a7130_1174 .array/port v0x5611063a7130, 1174;
E_0x56110637b490/293 .event anyedge, v0x5611063a7130_1171, v0x5611063a7130_1172, v0x5611063a7130_1173, v0x5611063a7130_1174;
v0x5611063a7130_1175 .array/port v0x5611063a7130, 1175;
v0x5611063a7130_1176 .array/port v0x5611063a7130, 1176;
v0x5611063a7130_1177 .array/port v0x5611063a7130, 1177;
v0x5611063a7130_1178 .array/port v0x5611063a7130, 1178;
E_0x56110637b490/294 .event anyedge, v0x5611063a7130_1175, v0x5611063a7130_1176, v0x5611063a7130_1177, v0x5611063a7130_1178;
v0x5611063a7130_1179 .array/port v0x5611063a7130, 1179;
v0x5611063a7130_1180 .array/port v0x5611063a7130, 1180;
v0x5611063a7130_1181 .array/port v0x5611063a7130, 1181;
v0x5611063a7130_1182 .array/port v0x5611063a7130, 1182;
E_0x56110637b490/295 .event anyedge, v0x5611063a7130_1179, v0x5611063a7130_1180, v0x5611063a7130_1181, v0x5611063a7130_1182;
v0x5611063a7130_1183 .array/port v0x5611063a7130, 1183;
v0x5611063a7130_1184 .array/port v0x5611063a7130, 1184;
v0x5611063a7130_1185 .array/port v0x5611063a7130, 1185;
v0x5611063a7130_1186 .array/port v0x5611063a7130, 1186;
E_0x56110637b490/296 .event anyedge, v0x5611063a7130_1183, v0x5611063a7130_1184, v0x5611063a7130_1185, v0x5611063a7130_1186;
v0x5611063a7130_1187 .array/port v0x5611063a7130, 1187;
v0x5611063a7130_1188 .array/port v0x5611063a7130, 1188;
v0x5611063a7130_1189 .array/port v0x5611063a7130, 1189;
v0x5611063a7130_1190 .array/port v0x5611063a7130, 1190;
E_0x56110637b490/297 .event anyedge, v0x5611063a7130_1187, v0x5611063a7130_1188, v0x5611063a7130_1189, v0x5611063a7130_1190;
v0x5611063a7130_1191 .array/port v0x5611063a7130, 1191;
v0x5611063a7130_1192 .array/port v0x5611063a7130, 1192;
v0x5611063a7130_1193 .array/port v0x5611063a7130, 1193;
v0x5611063a7130_1194 .array/port v0x5611063a7130, 1194;
E_0x56110637b490/298 .event anyedge, v0x5611063a7130_1191, v0x5611063a7130_1192, v0x5611063a7130_1193, v0x5611063a7130_1194;
v0x5611063a7130_1195 .array/port v0x5611063a7130, 1195;
v0x5611063a7130_1196 .array/port v0x5611063a7130, 1196;
v0x5611063a7130_1197 .array/port v0x5611063a7130, 1197;
v0x5611063a7130_1198 .array/port v0x5611063a7130, 1198;
E_0x56110637b490/299 .event anyedge, v0x5611063a7130_1195, v0x5611063a7130_1196, v0x5611063a7130_1197, v0x5611063a7130_1198;
v0x5611063a7130_1199 .array/port v0x5611063a7130, 1199;
v0x5611063a7130_1200 .array/port v0x5611063a7130, 1200;
v0x5611063a7130_1201 .array/port v0x5611063a7130, 1201;
v0x5611063a7130_1202 .array/port v0x5611063a7130, 1202;
E_0x56110637b490/300 .event anyedge, v0x5611063a7130_1199, v0x5611063a7130_1200, v0x5611063a7130_1201, v0x5611063a7130_1202;
v0x5611063a7130_1203 .array/port v0x5611063a7130, 1203;
v0x5611063a7130_1204 .array/port v0x5611063a7130, 1204;
v0x5611063a7130_1205 .array/port v0x5611063a7130, 1205;
v0x5611063a7130_1206 .array/port v0x5611063a7130, 1206;
E_0x56110637b490/301 .event anyedge, v0x5611063a7130_1203, v0x5611063a7130_1204, v0x5611063a7130_1205, v0x5611063a7130_1206;
v0x5611063a7130_1207 .array/port v0x5611063a7130, 1207;
v0x5611063a7130_1208 .array/port v0x5611063a7130, 1208;
v0x5611063a7130_1209 .array/port v0x5611063a7130, 1209;
v0x5611063a7130_1210 .array/port v0x5611063a7130, 1210;
E_0x56110637b490/302 .event anyedge, v0x5611063a7130_1207, v0x5611063a7130_1208, v0x5611063a7130_1209, v0x5611063a7130_1210;
v0x5611063a7130_1211 .array/port v0x5611063a7130, 1211;
v0x5611063a7130_1212 .array/port v0x5611063a7130, 1212;
v0x5611063a7130_1213 .array/port v0x5611063a7130, 1213;
v0x5611063a7130_1214 .array/port v0x5611063a7130, 1214;
E_0x56110637b490/303 .event anyedge, v0x5611063a7130_1211, v0x5611063a7130_1212, v0x5611063a7130_1213, v0x5611063a7130_1214;
v0x5611063a7130_1215 .array/port v0x5611063a7130, 1215;
v0x5611063a7130_1216 .array/port v0x5611063a7130, 1216;
v0x5611063a7130_1217 .array/port v0x5611063a7130, 1217;
v0x5611063a7130_1218 .array/port v0x5611063a7130, 1218;
E_0x56110637b490/304 .event anyedge, v0x5611063a7130_1215, v0x5611063a7130_1216, v0x5611063a7130_1217, v0x5611063a7130_1218;
v0x5611063a7130_1219 .array/port v0x5611063a7130, 1219;
v0x5611063a7130_1220 .array/port v0x5611063a7130, 1220;
v0x5611063a7130_1221 .array/port v0x5611063a7130, 1221;
v0x5611063a7130_1222 .array/port v0x5611063a7130, 1222;
E_0x56110637b490/305 .event anyedge, v0x5611063a7130_1219, v0x5611063a7130_1220, v0x5611063a7130_1221, v0x5611063a7130_1222;
v0x5611063a7130_1223 .array/port v0x5611063a7130, 1223;
v0x5611063a7130_1224 .array/port v0x5611063a7130, 1224;
v0x5611063a7130_1225 .array/port v0x5611063a7130, 1225;
v0x5611063a7130_1226 .array/port v0x5611063a7130, 1226;
E_0x56110637b490/306 .event anyedge, v0x5611063a7130_1223, v0x5611063a7130_1224, v0x5611063a7130_1225, v0x5611063a7130_1226;
v0x5611063a7130_1227 .array/port v0x5611063a7130, 1227;
v0x5611063a7130_1228 .array/port v0x5611063a7130, 1228;
v0x5611063a7130_1229 .array/port v0x5611063a7130, 1229;
v0x5611063a7130_1230 .array/port v0x5611063a7130, 1230;
E_0x56110637b490/307 .event anyedge, v0x5611063a7130_1227, v0x5611063a7130_1228, v0x5611063a7130_1229, v0x5611063a7130_1230;
v0x5611063a7130_1231 .array/port v0x5611063a7130, 1231;
v0x5611063a7130_1232 .array/port v0x5611063a7130, 1232;
v0x5611063a7130_1233 .array/port v0x5611063a7130, 1233;
v0x5611063a7130_1234 .array/port v0x5611063a7130, 1234;
E_0x56110637b490/308 .event anyedge, v0x5611063a7130_1231, v0x5611063a7130_1232, v0x5611063a7130_1233, v0x5611063a7130_1234;
v0x5611063a7130_1235 .array/port v0x5611063a7130, 1235;
v0x5611063a7130_1236 .array/port v0x5611063a7130, 1236;
v0x5611063a7130_1237 .array/port v0x5611063a7130, 1237;
v0x5611063a7130_1238 .array/port v0x5611063a7130, 1238;
E_0x56110637b490/309 .event anyedge, v0x5611063a7130_1235, v0x5611063a7130_1236, v0x5611063a7130_1237, v0x5611063a7130_1238;
v0x5611063a7130_1239 .array/port v0x5611063a7130, 1239;
v0x5611063a7130_1240 .array/port v0x5611063a7130, 1240;
v0x5611063a7130_1241 .array/port v0x5611063a7130, 1241;
v0x5611063a7130_1242 .array/port v0x5611063a7130, 1242;
E_0x56110637b490/310 .event anyedge, v0x5611063a7130_1239, v0x5611063a7130_1240, v0x5611063a7130_1241, v0x5611063a7130_1242;
v0x5611063a7130_1243 .array/port v0x5611063a7130, 1243;
v0x5611063a7130_1244 .array/port v0x5611063a7130, 1244;
v0x5611063a7130_1245 .array/port v0x5611063a7130, 1245;
v0x5611063a7130_1246 .array/port v0x5611063a7130, 1246;
E_0x56110637b490/311 .event anyedge, v0x5611063a7130_1243, v0x5611063a7130_1244, v0x5611063a7130_1245, v0x5611063a7130_1246;
v0x5611063a7130_1247 .array/port v0x5611063a7130, 1247;
v0x5611063a7130_1248 .array/port v0x5611063a7130, 1248;
v0x5611063a7130_1249 .array/port v0x5611063a7130, 1249;
v0x5611063a7130_1250 .array/port v0x5611063a7130, 1250;
E_0x56110637b490/312 .event anyedge, v0x5611063a7130_1247, v0x5611063a7130_1248, v0x5611063a7130_1249, v0x5611063a7130_1250;
v0x5611063a7130_1251 .array/port v0x5611063a7130, 1251;
v0x5611063a7130_1252 .array/port v0x5611063a7130, 1252;
v0x5611063a7130_1253 .array/port v0x5611063a7130, 1253;
v0x5611063a7130_1254 .array/port v0x5611063a7130, 1254;
E_0x56110637b490/313 .event anyedge, v0x5611063a7130_1251, v0x5611063a7130_1252, v0x5611063a7130_1253, v0x5611063a7130_1254;
v0x5611063a7130_1255 .array/port v0x5611063a7130, 1255;
v0x5611063a7130_1256 .array/port v0x5611063a7130, 1256;
v0x5611063a7130_1257 .array/port v0x5611063a7130, 1257;
v0x5611063a7130_1258 .array/port v0x5611063a7130, 1258;
E_0x56110637b490/314 .event anyedge, v0x5611063a7130_1255, v0x5611063a7130_1256, v0x5611063a7130_1257, v0x5611063a7130_1258;
v0x5611063a7130_1259 .array/port v0x5611063a7130, 1259;
v0x5611063a7130_1260 .array/port v0x5611063a7130, 1260;
v0x5611063a7130_1261 .array/port v0x5611063a7130, 1261;
v0x5611063a7130_1262 .array/port v0x5611063a7130, 1262;
E_0x56110637b490/315 .event anyedge, v0x5611063a7130_1259, v0x5611063a7130_1260, v0x5611063a7130_1261, v0x5611063a7130_1262;
v0x5611063a7130_1263 .array/port v0x5611063a7130, 1263;
v0x5611063a7130_1264 .array/port v0x5611063a7130, 1264;
v0x5611063a7130_1265 .array/port v0x5611063a7130, 1265;
v0x5611063a7130_1266 .array/port v0x5611063a7130, 1266;
E_0x56110637b490/316 .event anyedge, v0x5611063a7130_1263, v0x5611063a7130_1264, v0x5611063a7130_1265, v0x5611063a7130_1266;
v0x5611063a7130_1267 .array/port v0x5611063a7130, 1267;
v0x5611063a7130_1268 .array/port v0x5611063a7130, 1268;
v0x5611063a7130_1269 .array/port v0x5611063a7130, 1269;
v0x5611063a7130_1270 .array/port v0x5611063a7130, 1270;
E_0x56110637b490/317 .event anyedge, v0x5611063a7130_1267, v0x5611063a7130_1268, v0x5611063a7130_1269, v0x5611063a7130_1270;
v0x5611063a7130_1271 .array/port v0x5611063a7130, 1271;
v0x5611063a7130_1272 .array/port v0x5611063a7130, 1272;
v0x5611063a7130_1273 .array/port v0x5611063a7130, 1273;
v0x5611063a7130_1274 .array/port v0x5611063a7130, 1274;
E_0x56110637b490/318 .event anyedge, v0x5611063a7130_1271, v0x5611063a7130_1272, v0x5611063a7130_1273, v0x5611063a7130_1274;
v0x5611063a7130_1275 .array/port v0x5611063a7130, 1275;
v0x5611063a7130_1276 .array/port v0x5611063a7130, 1276;
v0x5611063a7130_1277 .array/port v0x5611063a7130, 1277;
v0x5611063a7130_1278 .array/port v0x5611063a7130, 1278;
E_0x56110637b490/319 .event anyedge, v0x5611063a7130_1275, v0x5611063a7130_1276, v0x5611063a7130_1277, v0x5611063a7130_1278;
v0x5611063a7130_1279 .array/port v0x5611063a7130, 1279;
v0x5611063a7130_1280 .array/port v0x5611063a7130, 1280;
v0x5611063a7130_1281 .array/port v0x5611063a7130, 1281;
v0x5611063a7130_1282 .array/port v0x5611063a7130, 1282;
E_0x56110637b490/320 .event anyedge, v0x5611063a7130_1279, v0x5611063a7130_1280, v0x5611063a7130_1281, v0x5611063a7130_1282;
v0x5611063a7130_1283 .array/port v0x5611063a7130, 1283;
v0x5611063a7130_1284 .array/port v0x5611063a7130, 1284;
v0x5611063a7130_1285 .array/port v0x5611063a7130, 1285;
v0x5611063a7130_1286 .array/port v0x5611063a7130, 1286;
E_0x56110637b490/321 .event anyedge, v0x5611063a7130_1283, v0x5611063a7130_1284, v0x5611063a7130_1285, v0x5611063a7130_1286;
v0x5611063a7130_1287 .array/port v0x5611063a7130, 1287;
v0x5611063a7130_1288 .array/port v0x5611063a7130, 1288;
v0x5611063a7130_1289 .array/port v0x5611063a7130, 1289;
v0x5611063a7130_1290 .array/port v0x5611063a7130, 1290;
E_0x56110637b490/322 .event anyedge, v0x5611063a7130_1287, v0x5611063a7130_1288, v0x5611063a7130_1289, v0x5611063a7130_1290;
v0x5611063a7130_1291 .array/port v0x5611063a7130, 1291;
v0x5611063a7130_1292 .array/port v0x5611063a7130, 1292;
v0x5611063a7130_1293 .array/port v0x5611063a7130, 1293;
v0x5611063a7130_1294 .array/port v0x5611063a7130, 1294;
E_0x56110637b490/323 .event anyedge, v0x5611063a7130_1291, v0x5611063a7130_1292, v0x5611063a7130_1293, v0x5611063a7130_1294;
v0x5611063a7130_1295 .array/port v0x5611063a7130, 1295;
v0x5611063a7130_1296 .array/port v0x5611063a7130, 1296;
v0x5611063a7130_1297 .array/port v0x5611063a7130, 1297;
v0x5611063a7130_1298 .array/port v0x5611063a7130, 1298;
E_0x56110637b490/324 .event anyedge, v0x5611063a7130_1295, v0x5611063a7130_1296, v0x5611063a7130_1297, v0x5611063a7130_1298;
v0x5611063a7130_1299 .array/port v0x5611063a7130, 1299;
v0x5611063a7130_1300 .array/port v0x5611063a7130, 1300;
v0x5611063a7130_1301 .array/port v0x5611063a7130, 1301;
v0x5611063a7130_1302 .array/port v0x5611063a7130, 1302;
E_0x56110637b490/325 .event anyedge, v0x5611063a7130_1299, v0x5611063a7130_1300, v0x5611063a7130_1301, v0x5611063a7130_1302;
v0x5611063a7130_1303 .array/port v0x5611063a7130, 1303;
v0x5611063a7130_1304 .array/port v0x5611063a7130, 1304;
v0x5611063a7130_1305 .array/port v0x5611063a7130, 1305;
v0x5611063a7130_1306 .array/port v0x5611063a7130, 1306;
E_0x56110637b490/326 .event anyedge, v0x5611063a7130_1303, v0x5611063a7130_1304, v0x5611063a7130_1305, v0x5611063a7130_1306;
v0x5611063a7130_1307 .array/port v0x5611063a7130, 1307;
v0x5611063a7130_1308 .array/port v0x5611063a7130, 1308;
v0x5611063a7130_1309 .array/port v0x5611063a7130, 1309;
v0x5611063a7130_1310 .array/port v0x5611063a7130, 1310;
E_0x56110637b490/327 .event anyedge, v0x5611063a7130_1307, v0x5611063a7130_1308, v0x5611063a7130_1309, v0x5611063a7130_1310;
v0x5611063a7130_1311 .array/port v0x5611063a7130, 1311;
v0x5611063a7130_1312 .array/port v0x5611063a7130, 1312;
v0x5611063a7130_1313 .array/port v0x5611063a7130, 1313;
v0x5611063a7130_1314 .array/port v0x5611063a7130, 1314;
E_0x56110637b490/328 .event anyedge, v0x5611063a7130_1311, v0x5611063a7130_1312, v0x5611063a7130_1313, v0x5611063a7130_1314;
v0x5611063a7130_1315 .array/port v0x5611063a7130, 1315;
v0x5611063a7130_1316 .array/port v0x5611063a7130, 1316;
v0x5611063a7130_1317 .array/port v0x5611063a7130, 1317;
v0x5611063a7130_1318 .array/port v0x5611063a7130, 1318;
E_0x56110637b490/329 .event anyedge, v0x5611063a7130_1315, v0x5611063a7130_1316, v0x5611063a7130_1317, v0x5611063a7130_1318;
v0x5611063a7130_1319 .array/port v0x5611063a7130, 1319;
v0x5611063a7130_1320 .array/port v0x5611063a7130, 1320;
v0x5611063a7130_1321 .array/port v0x5611063a7130, 1321;
v0x5611063a7130_1322 .array/port v0x5611063a7130, 1322;
E_0x56110637b490/330 .event anyedge, v0x5611063a7130_1319, v0x5611063a7130_1320, v0x5611063a7130_1321, v0x5611063a7130_1322;
v0x5611063a7130_1323 .array/port v0x5611063a7130, 1323;
v0x5611063a7130_1324 .array/port v0x5611063a7130, 1324;
v0x5611063a7130_1325 .array/port v0x5611063a7130, 1325;
v0x5611063a7130_1326 .array/port v0x5611063a7130, 1326;
E_0x56110637b490/331 .event anyedge, v0x5611063a7130_1323, v0x5611063a7130_1324, v0x5611063a7130_1325, v0x5611063a7130_1326;
v0x5611063a7130_1327 .array/port v0x5611063a7130, 1327;
v0x5611063a7130_1328 .array/port v0x5611063a7130, 1328;
v0x5611063a7130_1329 .array/port v0x5611063a7130, 1329;
v0x5611063a7130_1330 .array/port v0x5611063a7130, 1330;
E_0x56110637b490/332 .event anyedge, v0x5611063a7130_1327, v0x5611063a7130_1328, v0x5611063a7130_1329, v0x5611063a7130_1330;
v0x5611063a7130_1331 .array/port v0x5611063a7130, 1331;
v0x5611063a7130_1332 .array/port v0x5611063a7130, 1332;
v0x5611063a7130_1333 .array/port v0x5611063a7130, 1333;
v0x5611063a7130_1334 .array/port v0x5611063a7130, 1334;
E_0x56110637b490/333 .event anyedge, v0x5611063a7130_1331, v0x5611063a7130_1332, v0x5611063a7130_1333, v0x5611063a7130_1334;
v0x5611063a7130_1335 .array/port v0x5611063a7130, 1335;
v0x5611063a7130_1336 .array/port v0x5611063a7130, 1336;
v0x5611063a7130_1337 .array/port v0x5611063a7130, 1337;
v0x5611063a7130_1338 .array/port v0x5611063a7130, 1338;
E_0x56110637b490/334 .event anyedge, v0x5611063a7130_1335, v0x5611063a7130_1336, v0x5611063a7130_1337, v0x5611063a7130_1338;
v0x5611063a7130_1339 .array/port v0x5611063a7130, 1339;
v0x5611063a7130_1340 .array/port v0x5611063a7130, 1340;
v0x5611063a7130_1341 .array/port v0x5611063a7130, 1341;
v0x5611063a7130_1342 .array/port v0x5611063a7130, 1342;
E_0x56110637b490/335 .event anyedge, v0x5611063a7130_1339, v0x5611063a7130_1340, v0x5611063a7130_1341, v0x5611063a7130_1342;
v0x5611063a7130_1343 .array/port v0x5611063a7130, 1343;
v0x5611063a7130_1344 .array/port v0x5611063a7130, 1344;
v0x5611063a7130_1345 .array/port v0x5611063a7130, 1345;
v0x5611063a7130_1346 .array/port v0x5611063a7130, 1346;
E_0x56110637b490/336 .event anyedge, v0x5611063a7130_1343, v0x5611063a7130_1344, v0x5611063a7130_1345, v0x5611063a7130_1346;
v0x5611063a7130_1347 .array/port v0x5611063a7130, 1347;
v0x5611063a7130_1348 .array/port v0x5611063a7130, 1348;
v0x5611063a7130_1349 .array/port v0x5611063a7130, 1349;
v0x5611063a7130_1350 .array/port v0x5611063a7130, 1350;
E_0x56110637b490/337 .event anyedge, v0x5611063a7130_1347, v0x5611063a7130_1348, v0x5611063a7130_1349, v0x5611063a7130_1350;
v0x5611063a7130_1351 .array/port v0x5611063a7130, 1351;
v0x5611063a7130_1352 .array/port v0x5611063a7130, 1352;
v0x5611063a7130_1353 .array/port v0x5611063a7130, 1353;
v0x5611063a7130_1354 .array/port v0x5611063a7130, 1354;
E_0x56110637b490/338 .event anyedge, v0x5611063a7130_1351, v0x5611063a7130_1352, v0x5611063a7130_1353, v0x5611063a7130_1354;
v0x5611063a7130_1355 .array/port v0x5611063a7130, 1355;
v0x5611063a7130_1356 .array/port v0x5611063a7130, 1356;
v0x5611063a7130_1357 .array/port v0x5611063a7130, 1357;
v0x5611063a7130_1358 .array/port v0x5611063a7130, 1358;
E_0x56110637b490/339 .event anyedge, v0x5611063a7130_1355, v0x5611063a7130_1356, v0x5611063a7130_1357, v0x5611063a7130_1358;
v0x5611063a7130_1359 .array/port v0x5611063a7130, 1359;
v0x5611063a7130_1360 .array/port v0x5611063a7130, 1360;
v0x5611063a7130_1361 .array/port v0x5611063a7130, 1361;
v0x5611063a7130_1362 .array/port v0x5611063a7130, 1362;
E_0x56110637b490/340 .event anyedge, v0x5611063a7130_1359, v0x5611063a7130_1360, v0x5611063a7130_1361, v0x5611063a7130_1362;
v0x5611063a7130_1363 .array/port v0x5611063a7130, 1363;
v0x5611063a7130_1364 .array/port v0x5611063a7130, 1364;
v0x5611063a7130_1365 .array/port v0x5611063a7130, 1365;
v0x5611063a7130_1366 .array/port v0x5611063a7130, 1366;
E_0x56110637b490/341 .event anyedge, v0x5611063a7130_1363, v0x5611063a7130_1364, v0x5611063a7130_1365, v0x5611063a7130_1366;
v0x5611063a7130_1367 .array/port v0x5611063a7130, 1367;
v0x5611063a7130_1368 .array/port v0x5611063a7130, 1368;
v0x5611063a7130_1369 .array/port v0x5611063a7130, 1369;
v0x5611063a7130_1370 .array/port v0x5611063a7130, 1370;
E_0x56110637b490/342 .event anyedge, v0x5611063a7130_1367, v0x5611063a7130_1368, v0x5611063a7130_1369, v0x5611063a7130_1370;
v0x5611063a7130_1371 .array/port v0x5611063a7130, 1371;
v0x5611063a7130_1372 .array/port v0x5611063a7130, 1372;
v0x5611063a7130_1373 .array/port v0x5611063a7130, 1373;
v0x5611063a7130_1374 .array/port v0x5611063a7130, 1374;
E_0x56110637b490/343 .event anyedge, v0x5611063a7130_1371, v0x5611063a7130_1372, v0x5611063a7130_1373, v0x5611063a7130_1374;
v0x5611063a7130_1375 .array/port v0x5611063a7130, 1375;
v0x5611063a7130_1376 .array/port v0x5611063a7130, 1376;
v0x5611063a7130_1377 .array/port v0x5611063a7130, 1377;
v0x5611063a7130_1378 .array/port v0x5611063a7130, 1378;
E_0x56110637b490/344 .event anyedge, v0x5611063a7130_1375, v0x5611063a7130_1376, v0x5611063a7130_1377, v0x5611063a7130_1378;
v0x5611063a7130_1379 .array/port v0x5611063a7130, 1379;
v0x5611063a7130_1380 .array/port v0x5611063a7130, 1380;
v0x5611063a7130_1381 .array/port v0x5611063a7130, 1381;
v0x5611063a7130_1382 .array/port v0x5611063a7130, 1382;
E_0x56110637b490/345 .event anyedge, v0x5611063a7130_1379, v0x5611063a7130_1380, v0x5611063a7130_1381, v0x5611063a7130_1382;
v0x5611063a7130_1383 .array/port v0x5611063a7130, 1383;
v0x5611063a7130_1384 .array/port v0x5611063a7130, 1384;
v0x5611063a7130_1385 .array/port v0x5611063a7130, 1385;
v0x5611063a7130_1386 .array/port v0x5611063a7130, 1386;
E_0x56110637b490/346 .event anyedge, v0x5611063a7130_1383, v0x5611063a7130_1384, v0x5611063a7130_1385, v0x5611063a7130_1386;
v0x5611063a7130_1387 .array/port v0x5611063a7130, 1387;
v0x5611063a7130_1388 .array/port v0x5611063a7130, 1388;
v0x5611063a7130_1389 .array/port v0x5611063a7130, 1389;
v0x5611063a7130_1390 .array/port v0x5611063a7130, 1390;
E_0x56110637b490/347 .event anyedge, v0x5611063a7130_1387, v0x5611063a7130_1388, v0x5611063a7130_1389, v0x5611063a7130_1390;
v0x5611063a7130_1391 .array/port v0x5611063a7130, 1391;
v0x5611063a7130_1392 .array/port v0x5611063a7130, 1392;
v0x5611063a7130_1393 .array/port v0x5611063a7130, 1393;
v0x5611063a7130_1394 .array/port v0x5611063a7130, 1394;
E_0x56110637b490/348 .event anyedge, v0x5611063a7130_1391, v0x5611063a7130_1392, v0x5611063a7130_1393, v0x5611063a7130_1394;
v0x5611063a7130_1395 .array/port v0x5611063a7130, 1395;
v0x5611063a7130_1396 .array/port v0x5611063a7130, 1396;
v0x5611063a7130_1397 .array/port v0x5611063a7130, 1397;
v0x5611063a7130_1398 .array/port v0x5611063a7130, 1398;
E_0x56110637b490/349 .event anyedge, v0x5611063a7130_1395, v0x5611063a7130_1396, v0x5611063a7130_1397, v0x5611063a7130_1398;
v0x5611063a7130_1399 .array/port v0x5611063a7130, 1399;
v0x5611063a7130_1400 .array/port v0x5611063a7130, 1400;
v0x5611063a7130_1401 .array/port v0x5611063a7130, 1401;
v0x5611063a7130_1402 .array/port v0x5611063a7130, 1402;
E_0x56110637b490/350 .event anyedge, v0x5611063a7130_1399, v0x5611063a7130_1400, v0x5611063a7130_1401, v0x5611063a7130_1402;
v0x5611063a7130_1403 .array/port v0x5611063a7130, 1403;
v0x5611063a7130_1404 .array/port v0x5611063a7130, 1404;
v0x5611063a7130_1405 .array/port v0x5611063a7130, 1405;
v0x5611063a7130_1406 .array/port v0x5611063a7130, 1406;
E_0x56110637b490/351 .event anyedge, v0x5611063a7130_1403, v0x5611063a7130_1404, v0x5611063a7130_1405, v0x5611063a7130_1406;
v0x5611063a7130_1407 .array/port v0x5611063a7130, 1407;
v0x5611063a7130_1408 .array/port v0x5611063a7130, 1408;
v0x5611063a7130_1409 .array/port v0x5611063a7130, 1409;
v0x5611063a7130_1410 .array/port v0x5611063a7130, 1410;
E_0x56110637b490/352 .event anyedge, v0x5611063a7130_1407, v0x5611063a7130_1408, v0x5611063a7130_1409, v0x5611063a7130_1410;
v0x5611063a7130_1411 .array/port v0x5611063a7130, 1411;
v0x5611063a7130_1412 .array/port v0x5611063a7130, 1412;
v0x5611063a7130_1413 .array/port v0x5611063a7130, 1413;
v0x5611063a7130_1414 .array/port v0x5611063a7130, 1414;
E_0x56110637b490/353 .event anyedge, v0x5611063a7130_1411, v0x5611063a7130_1412, v0x5611063a7130_1413, v0x5611063a7130_1414;
v0x5611063a7130_1415 .array/port v0x5611063a7130, 1415;
v0x5611063a7130_1416 .array/port v0x5611063a7130, 1416;
v0x5611063a7130_1417 .array/port v0x5611063a7130, 1417;
v0x5611063a7130_1418 .array/port v0x5611063a7130, 1418;
E_0x56110637b490/354 .event anyedge, v0x5611063a7130_1415, v0x5611063a7130_1416, v0x5611063a7130_1417, v0x5611063a7130_1418;
v0x5611063a7130_1419 .array/port v0x5611063a7130, 1419;
v0x5611063a7130_1420 .array/port v0x5611063a7130, 1420;
v0x5611063a7130_1421 .array/port v0x5611063a7130, 1421;
v0x5611063a7130_1422 .array/port v0x5611063a7130, 1422;
E_0x56110637b490/355 .event anyedge, v0x5611063a7130_1419, v0x5611063a7130_1420, v0x5611063a7130_1421, v0x5611063a7130_1422;
v0x5611063a7130_1423 .array/port v0x5611063a7130, 1423;
v0x5611063a7130_1424 .array/port v0x5611063a7130, 1424;
v0x5611063a7130_1425 .array/port v0x5611063a7130, 1425;
v0x5611063a7130_1426 .array/port v0x5611063a7130, 1426;
E_0x56110637b490/356 .event anyedge, v0x5611063a7130_1423, v0x5611063a7130_1424, v0x5611063a7130_1425, v0x5611063a7130_1426;
v0x5611063a7130_1427 .array/port v0x5611063a7130, 1427;
v0x5611063a7130_1428 .array/port v0x5611063a7130, 1428;
v0x5611063a7130_1429 .array/port v0x5611063a7130, 1429;
v0x5611063a7130_1430 .array/port v0x5611063a7130, 1430;
E_0x56110637b490/357 .event anyedge, v0x5611063a7130_1427, v0x5611063a7130_1428, v0x5611063a7130_1429, v0x5611063a7130_1430;
v0x5611063a7130_1431 .array/port v0x5611063a7130, 1431;
v0x5611063a7130_1432 .array/port v0x5611063a7130, 1432;
v0x5611063a7130_1433 .array/port v0x5611063a7130, 1433;
v0x5611063a7130_1434 .array/port v0x5611063a7130, 1434;
E_0x56110637b490/358 .event anyedge, v0x5611063a7130_1431, v0x5611063a7130_1432, v0x5611063a7130_1433, v0x5611063a7130_1434;
v0x5611063a7130_1435 .array/port v0x5611063a7130, 1435;
v0x5611063a7130_1436 .array/port v0x5611063a7130, 1436;
v0x5611063a7130_1437 .array/port v0x5611063a7130, 1437;
v0x5611063a7130_1438 .array/port v0x5611063a7130, 1438;
E_0x56110637b490/359 .event anyedge, v0x5611063a7130_1435, v0x5611063a7130_1436, v0x5611063a7130_1437, v0x5611063a7130_1438;
v0x5611063a7130_1439 .array/port v0x5611063a7130, 1439;
v0x5611063a7130_1440 .array/port v0x5611063a7130, 1440;
v0x5611063a7130_1441 .array/port v0x5611063a7130, 1441;
v0x5611063a7130_1442 .array/port v0x5611063a7130, 1442;
E_0x56110637b490/360 .event anyedge, v0x5611063a7130_1439, v0x5611063a7130_1440, v0x5611063a7130_1441, v0x5611063a7130_1442;
v0x5611063a7130_1443 .array/port v0x5611063a7130, 1443;
v0x5611063a7130_1444 .array/port v0x5611063a7130, 1444;
v0x5611063a7130_1445 .array/port v0x5611063a7130, 1445;
v0x5611063a7130_1446 .array/port v0x5611063a7130, 1446;
E_0x56110637b490/361 .event anyedge, v0x5611063a7130_1443, v0x5611063a7130_1444, v0x5611063a7130_1445, v0x5611063a7130_1446;
v0x5611063a7130_1447 .array/port v0x5611063a7130, 1447;
v0x5611063a7130_1448 .array/port v0x5611063a7130, 1448;
v0x5611063a7130_1449 .array/port v0x5611063a7130, 1449;
v0x5611063a7130_1450 .array/port v0x5611063a7130, 1450;
E_0x56110637b490/362 .event anyedge, v0x5611063a7130_1447, v0x5611063a7130_1448, v0x5611063a7130_1449, v0x5611063a7130_1450;
v0x5611063a7130_1451 .array/port v0x5611063a7130, 1451;
v0x5611063a7130_1452 .array/port v0x5611063a7130, 1452;
v0x5611063a7130_1453 .array/port v0x5611063a7130, 1453;
v0x5611063a7130_1454 .array/port v0x5611063a7130, 1454;
E_0x56110637b490/363 .event anyedge, v0x5611063a7130_1451, v0x5611063a7130_1452, v0x5611063a7130_1453, v0x5611063a7130_1454;
v0x5611063a7130_1455 .array/port v0x5611063a7130, 1455;
v0x5611063a7130_1456 .array/port v0x5611063a7130, 1456;
v0x5611063a7130_1457 .array/port v0x5611063a7130, 1457;
v0x5611063a7130_1458 .array/port v0x5611063a7130, 1458;
E_0x56110637b490/364 .event anyedge, v0x5611063a7130_1455, v0x5611063a7130_1456, v0x5611063a7130_1457, v0x5611063a7130_1458;
v0x5611063a7130_1459 .array/port v0x5611063a7130, 1459;
v0x5611063a7130_1460 .array/port v0x5611063a7130, 1460;
v0x5611063a7130_1461 .array/port v0x5611063a7130, 1461;
v0x5611063a7130_1462 .array/port v0x5611063a7130, 1462;
E_0x56110637b490/365 .event anyedge, v0x5611063a7130_1459, v0x5611063a7130_1460, v0x5611063a7130_1461, v0x5611063a7130_1462;
v0x5611063a7130_1463 .array/port v0x5611063a7130, 1463;
v0x5611063a7130_1464 .array/port v0x5611063a7130, 1464;
v0x5611063a7130_1465 .array/port v0x5611063a7130, 1465;
v0x5611063a7130_1466 .array/port v0x5611063a7130, 1466;
E_0x56110637b490/366 .event anyedge, v0x5611063a7130_1463, v0x5611063a7130_1464, v0x5611063a7130_1465, v0x5611063a7130_1466;
v0x5611063a7130_1467 .array/port v0x5611063a7130, 1467;
v0x5611063a7130_1468 .array/port v0x5611063a7130, 1468;
v0x5611063a7130_1469 .array/port v0x5611063a7130, 1469;
v0x5611063a7130_1470 .array/port v0x5611063a7130, 1470;
E_0x56110637b490/367 .event anyedge, v0x5611063a7130_1467, v0x5611063a7130_1468, v0x5611063a7130_1469, v0x5611063a7130_1470;
v0x5611063a7130_1471 .array/port v0x5611063a7130, 1471;
v0x5611063a7130_1472 .array/port v0x5611063a7130, 1472;
v0x5611063a7130_1473 .array/port v0x5611063a7130, 1473;
v0x5611063a7130_1474 .array/port v0x5611063a7130, 1474;
E_0x56110637b490/368 .event anyedge, v0x5611063a7130_1471, v0x5611063a7130_1472, v0x5611063a7130_1473, v0x5611063a7130_1474;
v0x5611063a7130_1475 .array/port v0x5611063a7130, 1475;
v0x5611063a7130_1476 .array/port v0x5611063a7130, 1476;
v0x5611063a7130_1477 .array/port v0x5611063a7130, 1477;
v0x5611063a7130_1478 .array/port v0x5611063a7130, 1478;
E_0x56110637b490/369 .event anyedge, v0x5611063a7130_1475, v0x5611063a7130_1476, v0x5611063a7130_1477, v0x5611063a7130_1478;
v0x5611063a7130_1479 .array/port v0x5611063a7130, 1479;
v0x5611063a7130_1480 .array/port v0x5611063a7130, 1480;
v0x5611063a7130_1481 .array/port v0x5611063a7130, 1481;
v0x5611063a7130_1482 .array/port v0x5611063a7130, 1482;
E_0x56110637b490/370 .event anyedge, v0x5611063a7130_1479, v0x5611063a7130_1480, v0x5611063a7130_1481, v0x5611063a7130_1482;
v0x5611063a7130_1483 .array/port v0x5611063a7130, 1483;
v0x5611063a7130_1484 .array/port v0x5611063a7130, 1484;
v0x5611063a7130_1485 .array/port v0x5611063a7130, 1485;
v0x5611063a7130_1486 .array/port v0x5611063a7130, 1486;
E_0x56110637b490/371 .event anyedge, v0x5611063a7130_1483, v0x5611063a7130_1484, v0x5611063a7130_1485, v0x5611063a7130_1486;
v0x5611063a7130_1487 .array/port v0x5611063a7130, 1487;
v0x5611063a7130_1488 .array/port v0x5611063a7130, 1488;
v0x5611063a7130_1489 .array/port v0x5611063a7130, 1489;
v0x5611063a7130_1490 .array/port v0x5611063a7130, 1490;
E_0x56110637b490/372 .event anyedge, v0x5611063a7130_1487, v0x5611063a7130_1488, v0x5611063a7130_1489, v0x5611063a7130_1490;
v0x5611063a7130_1491 .array/port v0x5611063a7130, 1491;
v0x5611063a7130_1492 .array/port v0x5611063a7130, 1492;
v0x5611063a7130_1493 .array/port v0x5611063a7130, 1493;
v0x5611063a7130_1494 .array/port v0x5611063a7130, 1494;
E_0x56110637b490/373 .event anyedge, v0x5611063a7130_1491, v0x5611063a7130_1492, v0x5611063a7130_1493, v0x5611063a7130_1494;
v0x5611063a7130_1495 .array/port v0x5611063a7130, 1495;
v0x5611063a7130_1496 .array/port v0x5611063a7130, 1496;
v0x5611063a7130_1497 .array/port v0x5611063a7130, 1497;
v0x5611063a7130_1498 .array/port v0x5611063a7130, 1498;
E_0x56110637b490/374 .event anyedge, v0x5611063a7130_1495, v0x5611063a7130_1496, v0x5611063a7130_1497, v0x5611063a7130_1498;
v0x5611063a7130_1499 .array/port v0x5611063a7130, 1499;
v0x5611063a7130_1500 .array/port v0x5611063a7130, 1500;
v0x5611063a7130_1501 .array/port v0x5611063a7130, 1501;
v0x5611063a7130_1502 .array/port v0x5611063a7130, 1502;
E_0x56110637b490/375 .event anyedge, v0x5611063a7130_1499, v0x5611063a7130_1500, v0x5611063a7130_1501, v0x5611063a7130_1502;
v0x5611063a7130_1503 .array/port v0x5611063a7130, 1503;
v0x5611063a7130_1504 .array/port v0x5611063a7130, 1504;
v0x5611063a7130_1505 .array/port v0x5611063a7130, 1505;
v0x5611063a7130_1506 .array/port v0x5611063a7130, 1506;
E_0x56110637b490/376 .event anyedge, v0x5611063a7130_1503, v0x5611063a7130_1504, v0x5611063a7130_1505, v0x5611063a7130_1506;
v0x5611063a7130_1507 .array/port v0x5611063a7130, 1507;
v0x5611063a7130_1508 .array/port v0x5611063a7130, 1508;
v0x5611063a7130_1509 .array/port v0x5611063a7130, 1509;
v0x5611063a7130_1510 .array/port v0x5611063a7130, 1510;
E_0x56110637b490/377 .event anyedge, v0x5611063a7130_1507, v0x5611063a7130_1508, v0x5611063a7130_1509, v0x5611063a7130_1510;
v0x5611063a7130_1511 .array/port v0x5611063a7130, 1511;
v0x5611063a7130_1512 .array/port v0x5611063a7130, 1512;
v0x5611063a7130_1513 .array/port v0x5611063a7130, 1513;
v0x5611063a7130_1514 .array/port v0x5611063a7130, 1514;
E_0x56110637b490/378 .event anyedge, v0x5611063a7130_1511, v0x5611063a7130_1512, v0x5611063a7130_1513, v0x5611063a7130_1514;
v0x5611063a7130_1515 .array/port v0x5611063a7130, 1515;
v0x5611063a7130_1516 .array/port v0x5611063a7130, 1516;
v0x5611063a7130_1517 .array/port v0x5611063a7130, 1517;
v0x5611063a7130_1518 .array/port v0x5611063a7130, 1518;
E_0x56110637b490/379 .event anyedge, v0x5611063a7130_1515, v0x5611063a7130_1516, v0x5611063a7130_1517, v0x5611063a7130_1518;
v0x5611063a7130_1519 .array/port v0x5611063a7130, 1519;
v0x5611063a7130_1520 .array/port v0x5611063a7130, 1520;
v0x5611063a7130_1521 .array/port v0x5611063a7130, 1521;
v0x5611063a7130_1522 .array/port v0x5611063a7130, 1522;
E_0x56110637b490/380 .event anyedge, v0x5611063a7130_1519, v0x5611063a7130_1520, v0x5611063a7130_1521, v0x5611063a7130_1522;
v0x5611063a7130_1523 .array/port v0x5611063a7130, 1523;
v0x5611063a7130_1524 .array/port v0x5611063a7130, 1524;
v0x5611063a7130_1525 .array/port v0x5611063a7130, 1525;
v0x5611063a7130_1526 .array/port v0x5611063a7130, 1526;
E_0x56110637b490/381 .event anyedge, v0x5611063a7130_1523, v0x5611063a7130_1524, v0x5611063a7130_1525, v0x5611063a7130_1526;
v0x5611063a7130_1527 .array/port v0x5611063a7130, 1527;
v0x5611063a7130_1528 .array/port v0x5611063a7130, 1528;
v0x5611063a7130_1529 .array/port v0x5611063a7130, 1529;
v0x5611063a7130_1530 .array/port v0x5611063a7130, 1530;
E_0x56110637b490/382 .event anyedge, v0x5611063a7130_1527, v0x5611063a7130_1528, v0x5611063a7130_1529, v0x5611063a7130_1530;
v0x5611063a7130_1531 .array/port v0x5611063a7130, 1531;
v0x5611063a7130_1532 .array/port v0x5611063a7130, 1532;
v0x5611063a7130_1533 .array/port v0x5611063a7130, 1533;
v0x5611063a7130_1534 .array/port v0x5611063a7130, 1534;
E_0x56110637b490/383 .event anyedge, v0x5611063a7130_1531, v0x5611063a7130_1532, v0x5611063a7130_1533, v0x5611063a7130_1534;
v0x5611063a7130_1535 .array/port v0x5611063a7130, 1535;
v0x5611063a7130_1536 .array/port v0x5611063a7130, 1536;
v0x5611063a7130_1537 .array/port v0x5611063a7130, 1537;
v0x5611063a7130_1538 .array/port v0x5611063a7130, 1538;
E_0x56110637b490/384 .event anyedge, v0x5611063a7130_1535, v0x5611063a7130_1536, v0x5611063a7130_1537, v0x5611063a7130_1538;
v0x5611063a7130_1539 .array/port v0x5611063a7130, 1539;
v0x5611063a7130_1540 .array/port v0x5611063a7130, 1540;
v0x5611063a7130_1541 .array/port v0x5611063a7130, 1541;
v0x5611063a7130_1542 .array/port v0x5611063a7130, 1542;
E_0x56110637b490/385 .event anyedge, v0x5611063a7130_1539, v0x5611063a7130_1540, v0x5611063a7130_1541, v0x5611063a7130_1542;
v0x5611063a7130_1543 .array/port v0x5611063a7130, 1543;
v0x5611063a7130_1544 .array/port v0x5611063a7130, 1544;
v0x5611063a7130_1545 .array/port v0x5611063a7130, 1545;
v0x5611063a7130_1546 .array/port v0x5611063a7130, 1546;
E_0x56110637b490/386 .event anyedge, v0x5611063a7130_1543, v0x5611063a7130_1544, v0x5611063a7130_1545, v0x5611063a7130_1546;
v0x5611063a7130_1547 .array/port v0x5611063a7130, 1547;
v0x5611063a7130_1548 .array/port v0x5611063a7130, 1548;
v0x5611063a7130_1549 .array/port v0x5611063a7130, 1549;
v0x5611063a7130_1550 .array/port v0x5611063a7130, 1550;
E_0x56110637b490/387 .event anyedge, v0x5611063a7130_1547, v0x5611063a7130_1548, v0x5611063a7130_1549, v0x5611063a7130_1550;
v0x5611063a7130_1551 .array/port v0x5611063a7130, 1551;
v0x5611063a7130_1552 .array/port v0x5611063a7130, 1552;
v0x5611063a7130_1553 .array/port v0x5611063a7130, 1553;
v0x5611063a7130_1554 .array/port v0x5611063a7130, 1554;
E_0x56110637b490/388 .event anyedge, v0x5611063a7130_1551, v0x5611063a7130_1552, v0x5611063a7130_1553, v0x5611063a7130_1554;
v0x5611063a7130_1555 .array/port v0x5611063a7130, 1555;
v0x5611063a7130_1556 .array/port v0x5611063a7130, 1556;
v0x5611063a7130_1557 .array/port v0x5611063a7130, 1557;
v0x5611063a7130_1558 .array/port v0x5611063a7130, 1558;
E_0x56110637b490/389 .event anyedge, v0x5611063a7130_1555, v0x5611063a7130_1556, v0x5611063a7130_1557, v0x5611063a7130_1558;
v0x5611063a7130_1559 .array/port v0x5611063a7130, 1559;
v0x5611063a7130_1560 .array/port v0x5611063a7130, 1560;
v0x5611063a7130_1561 .array/port v0x5611063a7130, 1561;
v0x5611063a7130_1562 .array/port v0x5611063a7130, 1562;
E_0x56110637b490/390 .event anyedge, v0x5611063a7130_1559, v0x5611063a7130_1560, v0x5611063a7130_1561, v0x5611063a7130_1562;
v0x5611063a7130_1563 .array/port v0x5611063a7130, 1563;
v0x5611063a7130_1564 .array/port v0x5611063a7130, 1564;
v0x5611063a7130_1565 .array/port v0x5611063a7130, 1565;
v0x5611063a7130_1566 .array/port v0x5611063a7130, 1566;
E_0x56110637b490/391 .event anyedge, v0x5611063a7130_1563, v0x5611063a7130_1564, v0x5611063a7130_1565, v0x5611063a7130_1566;
v0x5611063a7130_1567 .array/port v0x5611063a7130, 1567;
v0x5611063a7130_1568 .array/port v0x5611063a7130, 1568;
v0x5611063a7130_1569 .array/port v0x5611063a7130, 1569;
v0x5611063a7130_1570 .array/port v0x5611063a7130, 1570;
E_0x56110637b490/392 .event anyedge, v0x5611063a7130_1567, v0x5611063a7130_1568, v0x5611063a7130_1569, v0x5611063a7130_1570;
v0x5611063a7130_1571 .array/port v0x5611063a7130, 1571;
v0x5611063a7130_1572 .array/port v0x5611063a7130, 1572;
v0x5611063a7130_1573 .array/port v0x5611063a7130, 1573;
v0x5611063a7130_1574 .array/port v0x5611063a7130, 1574;
E_0x56110637b490/393 .event anyedge, v0x5611063a7130_1571, v0x5611063a7130_1572, v0x5611063a7130_1573, v0x5611063a7130_1574;
v0x5611063a7130_1575 .array/port v0x5611063a7130, 1575;
v0x5611063a7130_1576 .array/port v0x5611063a7130, 1576;
v0x5611063a7130_1577 .array/port v0x5611063a7130, 1577;
v0x5611063a7130_1578 .array/port v0x5611063a7130, 1578;
E_0x56110637b490/394 .event anyedge, v0x5611063a7130_1575, v0x5611063a7130_1576, v0x5611063a7130_1577, v0x5611063a7130_1578;
v0x5611063a7130_1579 .array/port v0x5611063a7130, 1579;
v0x5611063a7130_1580 .array/port v0x5611063a7130, 1580;
v0x5611063a7130_1581 .array/port v0x5611063a7130, 1581;
v0x5611063a7130_1582 .array/port v0x5611063a7130, 1582;
E_0x56110637b490/395 .event anyedge, v0x5611063a7130_1579, v0x5611063a7130_1580, v0x5611063a7130_1581, v0x5611063a7130_1582;
v0x5611063a7130_1583 .array/port v0x5611063a7130, 1583;
v0x5611063a7130_1584 .array/port v0x5611063a7130, 1584;
v0x5611063a7130_1585 .array/port v0x5611063a7130, 1585;
v0x5611063a7130_1586 .array/port v0x5611063a7130, 1586;
E_0x56110637b490/396 .event anyedge, v0x5611063a7130_1583, v0x5611063a7130_1584, v0x5611063a7130_1585, v0x5611063a7130_1586;
v0x5611063a7130_1587 .array/port v0x5611063a7130, 1587;
v0x5611063a7130_1588 .array/port v0x5611063a7130, 1588;
v0x5611063a7130_1589 .array/port v0x5611063a7130, 1589;
v0x5611063a7130_1590 .array/port v0x5611063a7130, 1590;
E_0x56110637b490/397 .event anyedge, v0x5611063a7130_1587, v0x5611063a7130_1588, v0x5611063a7130_1589, v0x5611063a7130_1590;
v0x5611063a7130_1591 .array/port v0x5611063a7130, 1591;
v0x5611063a7130_1592 .array/port v0x5611063a7130, 1592;
v0x5611063a7130_1593 .array/port v0x5611063a7130, 1593;
v0x5611063a7130_1594 .array/port v0x5611063a7130, 1594;
E_0x56110637b490/398 .event anyedge, v0x5611063a7130_1591, v0x5611063a7130_1592, v0x5611063a7130_1593, v0x5611063a7130_1594;
v0x5611063a7130_1595 .array/port v0x5611063a7130, 1595;
v0x5611063a7130_1596 .array/port v0x5611063a7130, 1596;
v0x5611063a7130_1597 .array/port v0x5611063a7130, 1597;
v0x5611063a7130_1598 .array/port v0x5611063a7130, 1598;
E_0x56110637b490/399 .event anyedge, v0x5611063a7130_1595, v0x5611063a7130_1596, v0x5611063a7130_1597, v0x5611063a7130_1598;
v0x5611063a7130_1599 .array/port v0x5611063a7130, 1599;
v0x5611063a7130_1600 .array/port v0x5611063a7130, 1600;
v0x5611063a7130_1601 .array/port v0x5611063a7130, 1601;
v0x5611063a7130_1602 .array/port v0x5611063a7130, 1602;
E_0x56110637b490/400 .event anyedge, v0x5611063a7130_1599, v0x5611063a7130_1600, v0x5611063a7130_1601, v0x5611063a7130_1602;
v0x5611063a7130_1603 .array/port v0x5611063a7130, 1603;
v0x5611063a7130_1604 .array/port v0x5611063a7130, 1604;
v0x5611063a7130_1605 .array/port v0x5611063a7130, 1605;
v0x5611063a7130_1606 .array/port v0x5611063a7130, 1606;
E_0x56110637b490/401 .event anyedge, v0x5611063a7130_1603, v0x5611063a7130_1604, v0x5611063a7130_1605, v0x5611063a7130_1606;
v0x5611063a7130_1607 .array/port v0x5611063a7130, 1607;
v0x5611063a7130_1608 .array/port v0x5611063a7130, 1608;
v0x5611063a7130_1609 .array/port v0x5611063a7130, 1609;
v0x5611063a7130_1610 .array/port v0x5611063a7130, 1610;
E_0x56110637b490/402 .event anyedge, v0x5611063a7130_1607, v0x5611063a7130_1608, v0x5611063a7130_1609, v0x5611063a7130_1610;
v0x5611063a7130_1611 .array/port v0x5611063a7130, 1611;
v0x5611063a7130_1612 .array/port v0x5611063a7130, 1612;
v0x5611063a7130_1613 .array/port v0x5611063a7130, 1613;
v0x5611063a7130_1614 .array/port v0x5611063a7130, 1614;
E_0x56110637b490/403 .event anyedge, v0x5611063a7130_1611, v0x5611063a7130_1612, v0x5611063a7130_1613, v0x5611063a7130_1614;
v0x5611063a7130_1615 .array/port v0x5611063a7130, 1615;
v0x5611063a7130_1616 .array/port v0x5611063a7130, 1616;
v0x5611063a7130_1617 .array/port v0x5611063a7130, 1617;
v0x5611063a7130_1618 .array/port v0x5611063a7130, 1618;
E_0x56110637b490/404 .event anyedge, v0x5611063a7130_1615, v0x5611063a7130_1616, v0x5611063a7130_1617, v0x5611063a7130_1618;
v0x5611063a7130_1619 .array/port v0x5611063a7130, 1619;
v0x5611063a7130_1620 .array/port v0x5611063a7130, 1620;
v0x5611063a7130_1621 .array/port v0x5611063a7130, 1621;
v0x5611063a7130_1622 .array/port v0x5611063a7130, 1622;
E_0x56110637b490/405 .event anyedge, v0x5611063a7130_1619, v0x5611063a7130_1620, v0x5611063a7130_1621, v0x5611063a7130_1622;
v0x5611063a7130_1623 .array/port v0x5611063a7130, 1623;
v0x5611063a7130_1624 .array/port v0x5611063a7130, 1624;
v0x5611063a7130_1625 .array/port v0x5611063a7130, 1625;
v0x5611063a7130_1626 .array/port v0x5611063a7130, 1626;
E_0x56110637b490/406 .event anyedge, v0x5611063a7130_1623, v0x5611063a7130_1624, v0x5611063a7130_1625, v0x5611063a7130_1626;
v0x5611063a7130_1627 .array/port v0x5611063a7130, 1627;
v0x5611063a7130_1628 .array/port v0x5611063a7130, 1628;
v0x5611063a7130_1629 .array/port v0x5611063a7130, 1629;
v0x5611063a7130_1630 .array/port v0x5611063a7130, 1630;
E_0x56110637b490/407 .event anyedge, v0x5611063a7130_1627, v0x5611063a7130_1628, v0x5611063a7130_1629, v0x5611063a7130_1630;
v0x5611063a7130_1631 .array/port v0x5611063a7130, 1631;
v0x5611063a7130_1632 .array/port v0x5611063a7130, 1632;
v0x5611063a7130_1633 .array/port v0x5611063a7130, 1633;
v0x5611063a7130_1634 .array/port v0x5611063a7130, 1634;
E_0x56110637b490/408 .event anyedge, v0x5611063a7130_1631, v0x5611063a7130_1632, v0x5611063a7130_1633, v0x5611063a7130_1634;
v0x5611063a7130_1635 .array/port v0x5611063a7130, 1635;
v0x5611063a7130_1636 .array/port v0x5611063a7130, 1636;
v0x5611063a7130_1637 .array/port v0x5611063a7130, 1637;
v0x5611063a7130_1638 .array/port v0x5611063a7130, 1638;
E_0x56110637b490/409 .event anyedge, v0x5611063a7130_1635, v0x5611063a7130_1636, v0x5611063a7130_1637, v0x5611063a7130_1638;
v0x5611063a7130_1639 .array/port v0x5611063a7130, 1639;
v0x5611063a7130_1640 .array/port v0x5611063a7130, 1640;
v0x5611063a7130_1641 .array/port v0x5611063a7130, 1641;
v0x5611063a7130_1642 .array/port v0x5611063a7130, 1642;
E_0x56110637b490/410 .event anyedge, v0x5611063a7130_1639, v0x5611063a7130_1640, v0x5611063a7130_1641, v0x5611063a7130_1642;
v0x5611063a7130_1643 .array/port v0x5611063a7130, 1643;
v0x5611063a7130_1644 .array/port v0x5611063a7130, 1644;
v0x5611063a7130_1645 .array/port v0x5611063a7130, 1645;
v0x5611063a7130_1646 .array/port v0x5611063a7130, 1646;
E_0x56110637b490/411 .event anyedge, v0x5611063a7130_1643, v0x5611063a7130_1644, v0x5611063a7130_1645, v0x5611063a7130_1646;
v0x5611063a7130_1647 .array/port v0x5611063a7130, 1647;
v0x5611063a7130_1648 .array/port v0x5611063a7130, 1648;
v0x5611063a7130_1649 .array/port v0x5611063a7130, 1649;
v0x5611063a7130_1650 .array/port v0x5611063a7130, 1650;
E_0x56110637b490/412 .event anyedge, v0x5611063a7130_1647, v0x5611063a7130_1648, v0x5611063a7130_1649, v0x5611063a7130_1650;
v0x5611063a7130_1651 .array/port v0x5611063a7130, 1651;
v0x5611063a7130_1652 .array/port v0x5611063a7130, 1652;
v0x5611063a7130_1653 .array/port v0x5611063a7130, 1653;
v0x5611063a7130_1654 .array/port v0x5611063a7130, 1654;
E_0x56110637b490/413 .event anyedge, v0x5611063a7130_1651, v0x5611063a7130_1652, v0x5611063a7130_1653, v0x5611063a7130_1654;
v0x5611063a7130_1655 .array/port v0x5611063a7130, 1655;
v0x5611063a7130_1656 .array/port v0x5611063a7130, 1656;
v0x5611063a7130_1657 .array/port v0x5611063a7130, 1657;
v0x5611063a7130_1658 .array/port v0x5611063a7130, 1658;
E_0x56110637b490/414 .event anyedge, v0x5611063a7130_1655, v0x5611063a7130_1656, v0x5611063a7130_1657, v0x5611063a7130_1658;
v0x5611063a7130_1659 .array/port v0x5611063a7130, 1659;
v0x5611063a7130_1660 .array/port v0x5611063a7130, 1660;
v0x5611063a7130_1661 .array/port v0x5611063a7130, 1661;
v0x5611063a7130_1662 .array/port v0x5611063a7130, 1662;
E_0x56110637b490/415 .event anyedge, v0x5611063a7130_1659, v0x5611063a7130_1660, v0x5611063a7130_1661, v0x5611063a7130_1662;
v0x5611063a7130_1663 .array/port v0x5611063a7130, 1663;
v0x5611063a7130_1664 .array/port v0x5611063a7130, 1664;
v0x5611063a7130_1665 .array/port v0x5611063a7130, 1665;
v0x5611063a7130_1666 .array/port v0x5611063a7130, 1666;
E_0x56110637b490/416 .event anyedge, v0x5611063a7130_1663, v0x5611063a7130_1664, v0x5611063a7130_1665, v0x5611063a7130_1666;
v0x5611063a7130_1667 .array/port v0x5611063a7130, 1667;
v0x5611063a7130_1668 .array/port v0x5611063a7130, 1668;
v0x5611063a7130_1669 .array/port v0x5611063a7130, 1669;
v0x5611063a7130_1670 .array/port v0x5611063a7130, 1670;
E_0x56110637b490/417 .event anyedge, v0x5611063a7130_1667, v0x5611063a7130_1668, v0x5611063a7130_1669, v0x5611063a7130_1670;
v0x5611063a7130_1671 .array/port v0x5611063a7130, 1671;
v0x5611063a7130_1672 .array/port v0x5611063a7130, 1672;
v0x5611063a7130_1673 .array/port v0x5611063a7130, 1673;
v0x5611063a7130_1674 .array/port v0x5611063a7130, 1674;
E_0x56110637b490/418 .event anyedge, v0x5611063a7130_1671, v0x5611063a7130_1672, v0x5611063a7130_1673, v0x5611063a7130_1674;
v0x5611063a7130_1675 .array/port v0x5611063a7130, 1675;
v0x5611063a7130_1676 .array/port v0x5611063a7130, 1676;
v0x5611063a7130_1677 .array/port v0x5611063a7130, 1677;
v0x5611063a7130_1678 .array/port v0x5611063a7130, 1678;
E_0x56110637b490/419 .event anyedge, v0x5611063a7130_1675, v0x5611063a7130_1676, v0x5611063a7130_1677, v0x5611063a7130_1678;
v0x5611063a7130_1679 .array/port v0x5611063a7130, 1679;
v0x5611063a7130_1680 .array/port v0x5611063a7130, 1680;
v0x5611063a7130_1681 .array/port v0x5611063a7130, 1681;
v0x5611063a7130_1682 .array/port v0x5611063a7130, 1682;
E_0x56110637b490/420 .event anyedge, v0x5611063a7130_1679, v0x5611063a7130_1680, v0x5611063a7130_1681, v0x5611063a7130_1682;
v0x5611063a7130_1683 .array/port v0x5611063a7130, 1683;
v0x5611063a7130_1684 .array/port v0x5611063a7130, 1684;
v0x5611063a7130_1685 .array/port v0x5611063a7130, 1685;
v0x5611063a7130_1686 .array/port v0x5611063a7130, 1686;
E_0x56110637b490/421 .event anyedge, v0x5611063a7130_1683, v0x5611063a7130_1684, v0x5611063a7130_1685, v0x5611063a7130_1686;
v0x5611063a7130_1687 .array/port v0x5611063a7130, 1687;
v0x5611063a7130_1688 .array/port v0x5611063a7130, 1688;
v0x5611063a7130_1689 .array/port v0x5611063a7130, 1689;
v0x5611063a7130_1690 .array/port v0x5611063a7130, 1690;
E_0x56110637b490/422 .event anyedge, v0x5611063a7130_1687, v0x5611063a7130_1688, v0x5611063a7130_1689, v0x5611063a7130_1690;
v0x5611063a7130_1691 .array/port v0x5611063a7130, 1691;
v0x5611063a7130_1692 .array/port v0x5611063a7130, 1692;
v0x5611063a7130_1693 .array/port v0x5611063a7130, 1693;
v0x5611063a7130_1694 .array/port v0x5611063a7130, 1694;
E_0x56110637b490/423 .event anyedge, v0x5611063a7130_1691, v0x5611063a7130_1692, v0x5611063a7130_1693, v0x5611063a7130_1694;
v0x5611063a7130_1695 .array/port v0x5611063a7130, 1695;
v0x5611063a7130_1696 .array/port v0x5611063a7130, 1696;
v0x5611063a7130_1697 .array/port v0x5611063a7130, 1697;
v0x5611063a7130_1698 .array/port v0x5611063a7130, 1698;
E_0x56110637b490/424 .event anyedge, v0x5611063a7130_1695, v0x5611063a7130_1696, v0x5611063a7130_1697, v0x5611063a7130_1698;
v0x5611063a7130_1699 .array/port v0x5611063a7130, 1699;
v0x5611063a7130_1700 .array/port v0x5611063a7130, 1700;
v0x5611063a7130_1701 .array/port v0x5611063a7130, 1701;
v0x5611063a7130_1702 .array/port v0x5611063a7130, 1702;
E_0x56110637b490/425 .event anyedge, v0x5611063a7130_1699, v0x5611063a7130_1700, v0x5611063a7130_1701, v0x5611063a7130_1702;
v0x5611063a7130_1703 .array/port v0x5611063a7130, 1703;
v0x5611063a7130_1704 .array/port v0x5611063a7130, 1704;
v0x5611063a7130_1705 .array/port v0x5611063a7130, 1705;
v0x5611063a7130_1706 .array/port v0x5611063a7130, 1706;
E_0x56110637b490/426 .event anyedge, v0x5611063a7130_1703, v0x5611063a7130_1704, v0x5611063a7130_1705, v0x5611063a7130_1706;
v0x5611063a7130_1707 .array/port v0x5611063a7130, 1707;
v0x5611063a7130_1708 .array/port v0x5611063a7130, 1708;
v0x5611063a7130_1709 .array/port v0x5611063a7130, 1709;
v0x5611063a7130_1710 .array/port v0x5611063a7130, 1710;
E_0x56110637b490/427 .event anyedge, v0x5611063a7130_1707, v0x5611063a7130_1708, v0x5611063a7130_1709, v0x5611063a7130_1710;
v0x5611063a7130_1711 .array/port v0x5611063a7130, 1711;
v0x5611063a7130_1712 .array/port v0x5611063a7130, 1712;
v0x5611063a7130_1713 .array/port v0x5611063a7130, 1713;
v0x5611063a7130_1714 .array/port v0x5611063a7130, 1714;
E_0x56110637b490/428 .event anyedge, v0x5611063a7130_1711, v0x5611063a7130_1712, v0x5611063a7130_1713, v0x5611063a7130_1714;
v0x5611063a7130_1715 .array/port v0x5611063a7130, 1715;
v0x5611063a7130_1716 .array/port v0x5611063a7130, 1716;
v0x5611063a7130_1717 .array/port v0x5611063a7130, 1717;
v0x5611063a7130_1718 .array/port v0x5611063a7130, 1718;
E_0x56110637b490/429 .event anyedge, v0x5611063a7130_1715, v0x5611063a7130_1716, v0x5611063a7130_1717, v0x5611063a7130_1718;
v0x5611063a7130_1719 .array/port v0x5611063a7130, 1719;
v0x5611063a7130_1720 .array/port v0x5611063a7130, 1720;
v0x5611063a7130_1721 .array/port v0x5611063a7130, 1721;
v0x5611063a7130_1722 .array/port v0x5611063a7130, 1722;
E_0x56110637b490/430 .event anyedge, v0x5611063a7130_1719, v0x5611063a7130_1720, v0x5611063a7130_1721, v0x5611063a7130_1722;
v0x5611063a7130_1723 .array/port v0x5611063a7130, 1723;
v0x5611063a7130_1724 .array/port v0x5611063a7130, 1724;
v0x5611063a7130_1725 .array/port v0x5611063a7130, 1725;
v0x5611063a7130_1726 .array/port v0x5611063a7130, 1726;
E_0x56110637b490/431 .event anyedge, v0x5611063a7130_1723, v0x5611063a7130_1724, v0x5611063a7130_1725, v0x5611063a7130_1726;
v0x5611063a7130_1727 .array/port v0x5611063a7130, 1727;
v0x5611063a7130_1728 .array/port v0x5611063a7130, 1728;
v0x5611063a7130_1729 .array/port v0x5611063a7130, 1729;
v0x5611063a7130_1730 .array/port v0x5611063a7130, 1730;
E_0x56110637b490/432 .event anyedge, v0x5611063a7130_1727, v0x5611063a7130_1728, v0x5611063a7130_1729, v0x5611063a7130_1730;
v0x5611063a7130_1731 .array/port v0x5611063a7130, 1731;
v0x5611063a7130_1732 .array/port v0x5611063a7130, 1732;
v0x5611063a7130_1733 .array/port v0x5611063a7130, 1733;
v0x5611063a7130_1734 .array/port v0x5611063a7130, 1734;
E_0x56110637b490/433 .event anyedge, v0x5611063a7130_1731, v0x5611063a7130_1732, v0x5611063a7130_1733, v0x5611063a7130_1734;
v0x5611063a7130_1735 .array/port v0x5611063a7130, 1735;
v0x5611063a7130_1736 .array/port v0x5611063a7130, 1736;
v0x5611063a7130_1737 .array/port v0x5611063a7130, 1737;
v0x5611063a7130_1738 .array/port v0x5611063a7130, 1738;
E_0x56110637b490/434 .event anyedge, v0x5611063a7130_1735, v0x5611063a7130_1736, v0x5611063a7130_1737, v0x5611063a7130_1738;
v0x5611063a7130_1739 .array/port v0x5611063a7130, 1739;
v0x5611063a7130_1740 .array/port v0x5611063a7130, 1740;
v0x5611063a7130_1741 .array/port v0x5611063a7130, 1741;
v0x5611063a7130_1742 .array/port v0x5611063a7130, 1742;
E_0x56110637b490/435 .event anyedge, v0x5611063a7130_1739, v0x5611063a7130_1740, v0x5611063a7130_1741, v0x5611063a7130_1742;
v0x5611063a7130_1743 .array/port v0x5611063a7130, 1743;
v0x5611063a7130_1744 .array/port v0x5611063a7130, 1744;
v0x5611063a7130_1745 .array/port v0x5611063a7130, 1745;
v0x5611063a7130_1746 .array/port v0x5611063a7130, 1746;
E_0x56110637b490/436 .event anyedge, v0x5611063a7130_1743, v0x5611063a7130_1744, v0x5611063a7130_1745, v0x5611063a7130_1746;
v0x5611063a7130_1747 .array/port v0x5611063a7130, 1747;
v0x5611063a7130_1748 .array/port v0x5611063a7130, 1748;
v0x5611063a7130_1749 .array/port v0x5611063a7130, 1749;
v0x5611063a7130_1750 .array/port v0x5611063a7130, 1750;
E_0x56110637b490/437 .event anyedge, v0x5611063a7130_1747, v0x5611063a7130_1748, v0x5611063a7130_1749, v0x5611063a7130_1750;
v0x5611063a7130_1751 .array/port v0x5611063a7130, 1751;
v0x5611063a7130_1752 .array/port v0x5611063a7130, 1752;
v0x5611063a7130_1753 .array/port v0x5611063a7130, 1753;
v0x5611063a7130_1754 .array/port v0x5611063a7130, 1754;
E_0x56110637b490/438 .event anyedge, v0x5611063a7130_1751, v0x5611063a7130_1752, v0x5611063a7130_1753, v0x5611063a7130_1754;
v0x5611063a7130_1755 .array/port v0x5611063a7130, 1755;
v0x5611063a7130_1756 .array/port v0x5611063a7130, 1756;
v0x5611063a7130_1757 .array/port v0x5611063a7130, 1757;
v0x5611063a7130_1758 .array/port v0x5611063a7130, 1758;
E_0x56110637b490/439 .event anyedge, v0x5611063a7130_1755, v0x5611063a7130_1756, v0x5611063a7130_1757, v0x5611063a7130_1758;
v0x5611063a7130_1759 .array/port v0x5611063a7130, 1759;
v0x5611063a7130_1760 .array/port v0x5611063a7130, 1760;
v0x5611063a7130_1761 .array/port v0x5611063a7130, 1761;
v0x5611063a7130_1762 .array/port v0x5611063a7130, 1762;
E_0x56110637b490/440 .event anyedge, v0x5611063a7130_1759, v0x5611063a7130_1760, v0x5611063a7130_1761, v0x5611063a7130_1762;
v0x5611063a7130_1763 .array/port v0x5611063a7130, 1763;
v0x5611063a7130_1764 .array/port v0x5611063a7130, 1764;
v0x5611063a7130_1765 .array/port v0x5611063a7130, 1765;
v0x5611063a7130_1766 .array/port v0x5611063a7130, 1766;
E_0x56110637b490/441 .event anyedge, v0x5611063a7130_1763, v0x5611063a7130_1764, v0x5611063a7130_1765, v0x5611063a7130_1766;
v0x5611063a7130_1767 .array/port v0x5611063a7130, 1767;
v0x5611063a7130_1768 .array/port v0x5611063a7130, 1768;
v0x5611063a7130_1769 .array/port v0x5611063a7130, 1769;
v0x5611063a7130_1770 .array/port v0x5611063a7130, 1770;
E_0x56110637b490/442 .event anyedge, v0x5611063a7130_1767, v0x5611063a7130_1768, v0x5611063a7130_1769, v0x5611063a7130_1770;
v0x5611063a7130_1771 .array/port v0x5611063a7130, 1771;
v0x5611063a7130_1772 .array/port v0x5611063a7130, 1772;
v0x5611063a7130_1773 .array/port v0x5611063a7130, 1773;
v0x5611063a7130_1774 .array/port v0x5611063a7130, 1774;
E_0x56110637b490/443 .event anyedge, v0x5611063a7130_1771, v0x5611063a7130_1772, v0x5611063a7130_1773, v0x5611063a7130_1774;
v0x5611063a7130_1775 .array/port v0x5611063a7130, 1775;
v0x5611063a7130_1776 .array/port v0x5611063a7130, 1776;
v0x5611063a7130_1777 .array/port v0x5611063a7130, 1777;
v0x5611063a7130_1778 .array/port v0x5611063a7130, 1778;
E_0x56110637b490/444 .event anyedge, v0x5611063a7130_1775, v0x5611063a7130_1776, v0x5611063a7130_1777, v0x5611063a7130_1778;
v0x5611063a7130_1779 .array/port v0x5611063a7130, 1779;
v0x5611063a7130_1780 .array/port v0x5611063a7130, 1780;
v0x5611063a7130_1781 .array/port v0x5611063a7130, 1781;
v0x5611063a7130_1782 .array/port v0x5611063a7130, 1782;
E_0x56110637b490/445 .event anyedge, v0x5611063a7130_1779, v0x5611063a7130_1780, v0x5611063a7130_1781, v0x5611063a7130_1782;
v0x5611063a7130_1783 .array/port v0x5611063a7130, 1783;
v0x5611063a7130_1784 .array/port v0x5611063a7130, 1784;
v0x5611063a7130_1785 .array/port v0x5611063a7130, 1785;
v0x5611063a7130_1786 .array/port v0x5611063a7130, 1786;
E_0x56110637b490/446 .event anyedge, v0x5611063a7130_1783, v0x5611063a7130_1784, v0x5611063a7130_1785, v0x5611063a7130_1786;
v0x5611063a7130_1787 .array/port v0x5611063a7130, 1787;
v0x5611063a7130_1788 .array/port v0x5611063a7130, 1788;
v0x5611063a7130_1789 .array/port v0x5611063a7130, 1789;
v0x5611063a7130_1790 .array/port v0x5611063a7130, 1790;
E_0x56110637b490/447 .event anyedge, v0x5611063a7130_1787, v0x5611063a7130_1788, v0x5611063a7130_1789, v0x5611063a7130_1790;
v0x5611063a7130_1791 .array/port v0x5611063a7130, 1791;
v0x5611063a7130_1792 .array/port v0x5611063a7130, 1792;
v0x5611063a7130_1793 .array/port v0x5611063a7130, 1793;
v0x5611063a7130_1794 .array/port v0x5611063a7130, 1794;
E_0x56110637b490/448 .event anyedge, v0x5611063a7130_1791, v0x5611063a7130_1792, v0x5611063a7130_1793, v0x5611063a7130_1794;
v0x5611063a7130_1795 .array/port v0x5611063a7130, 1795;
v0x5611063a7130_1796 .array/port v0x5611063a7130, 1796;
v0x5611063a7130_1797 .array/port v0x5611063a7130, 1797;
v0x5611063a7130_1798 .array/port v0x5611063a7130, 1798;
E_0x56110637b490/449 .event anyedge, v0x5611063a7130_1795, v0x5611063a7130_1796, v0x5611063a7130_1797, v0x5611063a7130_1798;
v0x5611063a7130_1799 .array/port v0x5611063a7130, 1799;
v0x5611063a7130_1800 .array/port v0x5611063a7130, 1800;
v0x5611063a7130_1801 .array/port v0x5611063a7130, 1801;
v0x5611063a7130_1802 .array/port v0x5611063a7130, 1802;
E_0x56110637b490/450 .event anyedge, v0x5611063a7130_1799, v0x5611063a7130_1800, v0x5611063a7130_1801, v0x5611063a7130_1802;
v0x5611063a7130_1803 .array/port v0x5611063a7130, 1803;
v0x5611063a7130_1804 .array/port v0x5611063a7130, 1804;
v0x5611063a7130_1805 .array/port v0x5611063a7130, 1805;
v0x5611063a7130_1806 .array/port v0x5611063a7130, 1806;
E_0x56110637b490/451 .event anyedge, v0x5611063a7130_1803, v0x5611063a7130_1804, v0x5611063a7130_1805, v0x5611063a7130_1806;
v0x5611063a7130_1807 .array/port v0x5611063a7130, 1807;
v0x5611063a7130_1808 .array/port v0x5611063a7130, 1808;
v0x5611063a7130_1809 .array/port v0x5611063a7130, 1809;
v0x5611063a7130_1810 .array/port v0x5611063a7130, 1810;
E_0x56110637b490/452 .event anyedge, v0x5611063a7130_1807, v0x5611063a7130_1808, v0x5611063a7130_1809, v0x5611063a7130_1810;
v0x5611063a7130_1811 .array/port v0x5611063a7130, 1811;
v0x5611063a7130_1812 .array/port v0x5611063a7130, 1812;
v0x5611063a7130_1813 .array/port v0x5611063a7130, 1813;
v0x5611063a7130_1814 .array/port v0x5611063a7130, 1814;
E_0x56110637b490/453 .event anyedge, v0x5611063a7130_1811, v0x5611063a7130_1812, v0x5611063a7130_1813, v0x5611063a7130_1814;
v0x5611063a7130_1815 .array/port v0x5611063a7130, 1815;
v0x5611063a7130_1816 .array/port v0x5611063a7130, 1816;
v0x5611063a7130_1817 .array/port v0x5611063a7130, 1817;
v0x5611063a7130_1818 .array/port v0x5611063a7130, 1818;
E_0x56110637b490/454 .event anyedge, v0x5611063a7130_1815, v0x5611063a7130_1816, v0x5611063a7130_1817, v0x5611063a7130_1818;
v0x5611063a7130_1819 .array/port v0x5611063a7130, 1819;
v0x5611063a7130_1820 .array/port v0x5611063a7130, 1820;
v0x5611063a7130_1821 .array/port v0x5611063a7130, 1821;
v0x5611063a7130_1822 .array/port v0x5611063a7130, 1822;
E_0x56110637b490/455 .event anyedge, v0x5611063a7130_1819, v0x5611063a7130_1820, v0x5611063a7130_1821, v0x5611063a7130_1822;
v0x5611063a7130_1823 .array/port v0x5611063a7130, 1823;
v0x5611063a7130_1824 .array/port v0x5611063a7130, 1824;
v0x5611063a7130_1825 .array/port v0x5611063a7130, 1825;
v0x5611063a7130_1826 .array/port v0x5611063a7130, 1826;
E_0x56110637b490/456 .event anyedge, v0x5611063a7130_1823, v0x5611063a7130_1824, v0x5611063a7130_1825, v0x5611063a7130_1826;
v0x5611063a7130_1827 .array/port v0x5611063a7130, 1827;
v0x5611063a7130_1828 .array/port v0x5611063a7130, 1828;
v0x5611063a7130_1829 .array/port v0x5611063a7130, 1829;
v0x5611063a7130_1830 .array/port v0x5611063a7130, 1830;
E_0x56110637b490/457 .event anyedge, v0x5611063a7130_1827, v0x5611063a7130_1828, v0x5611063a7130_1829, v0x5611063a7130_1830;
v0x5611063a7130_1831 .array/port v0x5611063a7130, 1831;
v0x5611063a7130_1832 .array/port v0x5611063a7130, 1832;
v0x5611063a7130_1833 .array/port v0x5611063a7130, 1833;
v0x5611063a7130_1834 .array/port v0x5611063a7130, 1834;
E_0x56110637b490/458 .event anyedge, v0x5611063a7130_1831, v0x5611063a7130_1832, v0x5611063a7130_1833, v0x5611063a7130_1834;
v0x5611063a7130_1835 .array/port v0x5611063a7130, 1835;
v0x5611063a7130_1836 .array/port v0x5611063a7130, 1836;
v0x5611063a7130_1837 .array/port v0x5611063a7130, 1837;
v0x5611063a7130_1838 .array/port v0x5611063a7130, 1838;
E_0x56110637b490/459 .event anyedge, v0x5611063a7130_1835, v0x5611063a7130_1836, v0x5611063a7130_1837, v0x5611063a7130_1838;
v0x5611063a7130_1839 .array/port v0x5611063a7130, 1839;
v0x5611063a7130_1840 .array/port v0x5611063a7130, 1840;
v0x5611063a7130_1841 .array/port v0x5611063a7130, 1841;
v0x5611063a7130_1842 .array/port v0x5611063a7130, 1842;
E_0x56110637b490/460 .event anyedge, v0x5611063a7130_1839, v0x5611063a7130_1840, v0x5611063a7130_1841, v0x5611063a7130_1842;
v0x5611063a7130_1843 .array/port v0x5611063a7130, 1843;
v0x5611063a7130_1844 .array/port v0x5611063a7130, 1844;
v0x5611063a7130_1845 .array/port v0x5611063a7130, 1845;
v0x5611063a7130_1846 .array/port v0x5611063a7130, 1846;
E_0x56110637b490/461 .event anyedge, v0x5611063a7130_1843, v0x5611063a7130_1844, v0x5611063a7130_1845, v0x5611063a7130_1846;
v0x5611063a7130_1847 .array/port v0x5611063a7130, 1847;
v0x5611063a7130_1848 .array/port v0x5611063a7130, 1848;
v0x5611063a7130_1849 .array/port v0x5611063a7130, 1849;
v0x5611063a7130_1850 .array/port v0x5611063a7130, 1850;
E_0x56110637b490/462 .event anyedge, v0x5611063a7130_1847, v0x5611063a7130_1848, v0x5611063a7130_1849, v0x5611063a7130_1850;
v0x5611063a7130_1851 .array/port v0x5611063a7130, 1851;
v0x5611063a7130_1852 .array/port v0x5611063a7130, 1852;
v0x5611063a7130_1853 .array/port v0x5611063a7130, 1853;
v0x5611063a7130_1854 .array/port v0x5611063a7130, 1854;
E_0x56110637b490/463 .event anyedge, v0x5611063a7130_1851, v0x5611063a7130_1852, v0x5611063a7130_1853, v0x5611063a7130_1854;
v0x5611063a7130_1855 .array/port v0x5611063a7130, 1855;
v0x5611063a7130_1856 .array/port v0x5611063a7130, 1856;
v0x5611063a7130_1857 .array/port v0x5611063a7130, 1857;
v0x5611063a7130_1858 .array/port v0x5611063a7130, 1858;
E_0x56110637b490/464 .event anyedge, v0x5611063a7130_1855, v0x5611063a7130_1856, v0x5611063a7130_1857, v0x5611063a7130_1858;
v0x5611063a7130_1859 .array/port v0x5611063a7130, 1859;
v0x5611063a7130_1860 .array/port v0x5611063a7130, 1860;
v0x5611063a7130_1861 .array/port v0x5611063a7130, 1861;
v0x5611063a7130_1862 .array/port v0x5611063a7130, 1862;
E_0x56110637b490/465 .event anyedge, v0x5611063a7130_1859, v0x5611063a7130_1860, v0x5611063a7130_1861, v0x5611063a7130_1862;
v0x5611063a7130_1863 .array/port v0x5611063a7130, 1863;
v0x5611063a7130_1864 .array/port v0x5611063a7130, 1864;
v0x5611063a7130_1865 .array/port v0x5611063a7130, 1865;
v0x5611063a7130_1866 .array/port v0x5611063a7130, 1866;
E_0x56110637b490/466 .event anyedge, v0x5611063a7130_1863, v0x5611063a7130_1864, v0x5611063a7130_1865, v0x5611063a7130_1866;
v0x5611063a7130_1867 .array/port v0x5611063a7130, 1867;
v0x5611063a7130_1868 .array/port v0x5611063a7130, 1868;
v0x5611063a7130_1869 .array/port v0x5611063a7130, 1869;
v0x5611063a7130_1870 .array/port v0x5611063a7130, 1870;
E_0x56110637b490/467 .event anyedge, v0x5611063a7130_1867, v0x5611063a7130_1868, v0x5611063a7130_1869, v0x5611063a7130_1870;
v0x5611063a7130_1871 .array/port v0x5611063a7130, 1871;
v0x5611063a7130_1872 .array/port v0x5611063a7130, 1872;
v0x5611063a7130_1873 .array/port v0x5611063a7130, 1873;
v0x5611063a7130_1874 .array/port v0x5611063a7130, 1874;
E_0x56110637b490/468 .event anyedge, v0x5611063a7130_1871, v0x5611063a7130_1872, v0x5611063a7130_1873, v0x5611063a7130_1874;
v0x5611063a7130_1875 .array/port v0x5611063a7130, 1875;
v0x5611063a7130_1876 .array/port v0x5611063a7130, 1876;
v0x5611063a7130_1877 .array/port v0x5611063a7130, 1877;
v0x5611063a7130_1878 .array/port v0x5611063a7130, 1878;
E_0x56110637b490/469 .event anyedge, v0x5611063a7130_1875, v0x5611063a7130_1876, v0x5611063a7130_1877, v0x5611063a7130_1878;
v0x5611063a7130_1879 .array/port v0x5611063a7130, 1879;
v0x5611063a7130_1880 .array/port v0x5611063a7130, 1880;
v0x5611063a7130_1881 .array/port v0x5611063a7130, 1881;
v0x5611063a7130_1882 .array/port v0x5611063a7130, 1882;
E_0x56110637b490/470 .event anyedge, v0x5611063a7130_1879, v0x5611063a7130_1880, v0x5611063a7130_1881, v0x5611063a7130_1882;
v0x5611063a7130_1883 .array/port v0x5611063a7130, 1883;
v0x5611063a7130_1884 .array/port v0x5611063a7130, 1884;
v0x5611063a7130_1885 .array/port v0x5611063a7130, 1885;
v0x5611063a7130_1886 .array/port v0x5611063a7130, 1886;
E_0x56110637b490/471 .event anyedge, v0x5611063a7130_1883, v0x5611063a7130_1884, v0x5611063a7130_1885, v0x5611063a7130_1886;
v0x5611063a7130_1887 .array/port v0x5611063a7130, 1887;
v0x5611063a7130_1888 .array/port v0x5611063a7130, 1888;
v0x5611063a7130_1889 .array/port v0x5611063a7130, 1889;
v0x5611063a7130_1890 .array/port v0x5611063a7130, 1890;
E_0x56110637b490/472 .event anyedge, v0x5611063a7130_1887, v0x5611063a7130_1888, v0x5611063a7130_1889, v0x5611063a7130_1890;
v0x5611063a7130_1891 .array/port v0x5611063a7130, 1891;
v0x5611063a7130_1892 .array/port v0x5611063a7130, 1892;
v0x5611063a7130_1893 .array/port v0x5611063a7130, 1893;
v0x5611063a7130_1894 .array/port v0x5611063a7130, 1894;
E_0x56110637b490/473 .event anyedge, v0x5611063a7130_1891, v0x5611063a7130_1892, v0x5611063a7130_1893, v0x5611063a7130_1894;
v0x5611063a7130_1895 .array/port v0x5611063a7130, 1895;
v0x5611063a7130_1896 .array/port v0x5611063a7130, 1896;
v0x5611063a7130_1897 .array/port v0x5611063a7130, 1897;
v0x5611063a7130_1898 .array/port v0x5611063a7130, 1898;
E_0x56110637b490/474 .event anyedge, v0x5611063a7130_1895, v0x5611063a7130_1896, v0x5611063a7130_1897, v0x5611063a7130_1898;
v0x5611063a7130_1899 .array/port v0x5611063a7130, 1899;
v0x5611063a7130_1900 .array/port v0x5611063a7130, 1900;
v0x5611063a7130_1901 .array/port v0x5611063a7130, 1901;
v0x5611063a7130_1902 .array/port v0x5611063a7130, 1902;
E_0x56110637b490/475 .event anyedge, v0x5611063a7130_1899, v0x5611063a7130_1900, v0x5611063a7130_1901, v0x5611063a7130_1902;
v0x5611063a7130_1903 .array/port v0x5611063a7130, 1903;
v0x5611063a7130_1904 .array/port v0x5611063a7130, 1904;
v0x5611063a7130_1905 .array/port v0x5611063a7130, 1905;
v0x5611063a7130_1906 .array/port v0x5611063a7130, 1906;
E_0x56110637b490/476 .event anyedge, v0x5611063a7130_1903, v0x5611063a7130_1904, v0x5611063a7130_1905, v0x5611063a7130_1906;
v0x5611063a7130_1907 .array/port v0x5611063a7130, 1907;
v0x5611063a7130_1908 .array/port v0x5611063a7130, 1908;
v0x5611063a7130_1909 .array/port v0x5611063a7130, 1909;
v0x5611063a7130_1910 .array/port v0x5611063a7130, 1910;
E_0x56110637b490/477 .event anyedge, v0x5611063a7130_1907, v0x5611063a7130_1908, v0x5611063a7130_1909, v0x5611063a7130_1910;
v0x5611063a7130_1911 .array/port v0x5611063a7130, 1911;
v0x5611063a7130_1912 .array/port v0x5611063a7130, 1912;
v0x5611063a7130_1913 .array/port v0x5611063a7130, 1913;
v0x5611063a7130_1914 .array/port v0x5611063a7130, 1914;
E_0x56110637b490/478 .event anyedge, v0x5611063a7130_1911, v0x5611063a7130_1912, v0x5611063a7130_1913, v0x5611063a7130_1914;
v0x5611063a7130_1915 .array/port v0x5611063a7130, 1915;
v0x5611063a7130_1916 .array/port v0x5611063a7130, 1916;
v0x5611063a7130_1917 .array/port v0x5611063a7130, 1917;
v0x5611063a7130_1918 .array/port v0x5611063a7130, 1918;
E_0x56110637b490/479 .event anyedge, v0x5611063a7130_1915, v0x5611063a7130_1916, v0x5611063a7130_1917, v0x5611063a7130_1918;
v0x5611063a7130_1919 .array/port v0x5611063a7130, 1919;
v0x5611063a7130_1920 .array/port v0x5611063a7130, 1920;
v0x5611063a7130_1921 .array/port v0x5611063a7130, 1921;
v0x5611063a7130_1922 .array/port v0x5611063a7130, 1922;
E_0x56110637b490/480 .event anyedge, v0x5611063a7130_1919, v0x5611063a7130_1920, v0x5611063a7130_1921, v0x5611063a7130_1922;
v0x5611063a7130_1923 .array/port v0x5611063a7130, 1923;
v0x5611063a7130_1924 .array/port v0x5611063a7130, 1924;
v0x5611063a7130_1925 .array/port v0x5611063a7130, 1925;
v0x5611063a7130_1926 .array/port v0x5611063a7130, 1926;
E_0x56110637b490/481 .event anyedge, v0x5611063a7130_1923, v0x5611063a7130_1924, v0x5611063a7130_1925, v0x5611063a7130_1926;
v0x5611063a7130_1927 .array/port v0x5611063a7130, 1927;
v0x5611063a7130_1928 .array/port v0x5611063a7130, 1928;
v0x5611063a7130_1929 .array/port v0x5611063a7130, 1929;
v0x5611063a7130_1930 .array/port v0x5611063a7130, 1930;
E_0x56110637b490/482 .event anyedge, v0x5611063a7130_1927, v0x5611063a7130_1928, v0x5611063a7130_1929, v0x5611063a7130_1930;
v0x5611063a7130_1931 .array/port v0x5611063a7130, 1931;
v0x5611063a7130_1932 .array/port v0x5611063a7130, 1932;
v0x5611063a7130_1933 .array/port v0x5611063a7130, 1933;
v0x5611063a7130_1934 .array/port v0x5611063a7130, 1934;
E_0x56110637b490/483 .event anyedge, v0x5611063a7130_1931, v0x5611063a7130_1932, v0x5611063a7130_1933, v0x5611063a7130_1934;
v0x5611063a7130_1935 .array/port v0x5611063a7130, 1935;
v0x5611063a7130_1936 .array/port v0x5611063a7130, 1936;
v0x5611063a7130_1937 .array/port v0x5611063a7130, 1937;
v0x5611063a7130_1938 .array/port v0x5611063a7130, 1938;
E_0x56110637b490/484 .event anyedge, v0x5611063a7130_1935, v0x5611063a7130_1936, v0x5611063a7130_1937, v0x5611063a7130_1938;
v0x5611063a7130_1939 .array/port v0x5611063a7130, 1939;
v0x5611063a7130_1940 .array/port v0x5611063a7130, 1940;
v0x5611063a7130_1941 .array/port v0x5611063a7130, 1941;
v0x5611063a7130_1942 .array/port v0x5611063a7130, 1942;
E_0x56110637b490/485 .event anyedge, v0x5611063a7130_1939, v0x5611063a7130_1940, v0x5611063a7130_1941, v0x5611063a7130_1942;
v0x5611063a7130_1943 .array/port v0x5611063a7130, 1943;
v0x5611063a7130_1944 .array/port v0x5611063a7130, 1944;
v0x5611063a7130_1945 .array/port v0x5611063a7130, 1945;
v0x5611063a7130_1946 .array/port v0x5611063a7130, 1946;
E_0x56110637b490/486 .event anyedge, v0x5611063a7130_1943, v0x5611063a7130_1944, v0x5611063a7130_1945, v0x5611063a7130_1946;
v0x5611063a7130_1947 .array/port v0x5611063a7130, 1947;
v0x5611063a7130_1948 .array/port v0x5611063a7130, 1948;
v0x5611063a7130_1949 .array/port v0x5611063a7130, 1949;
v0x5611063a7130_1950 .array/port v0x5611063a7130, 1950;
E_0x56110637b490/487 .event anyedge, v0x5611063a7130_1947, v0x5611063a7130_1948, v0x5611063a7130_1949, v0x5611063a7130_1950;
v0x5611063a7130_1951 .array/port v0x5611063a7130, 1951;
v0x5611063a7130_1952 .array/port v0x5611063a7130, 1952;
v0x5611063a7130_1953 .array/port v0x5611063a7130, 1953;
v0x5611063a7130_1954 .array/port v0x5611063a7130, 1954;
E_0x56110637b490/488 .event anyedge, v0x5611063a7130_1951, v0x5611063a7130_1952, v0x5611063a7130_1953, v0x5611063a7130_1954;
v0x5611063a7130_1955 .array/port v0x5611063a7130, 1955;
v0x5611063a7130_1956 .array/port v0x5611063a7130, 1956;
v0x5611063a7130_1957 .array/port v0x5611063a7130, 1957;
v0x5611063a7130_1958 .array/port v0x5611063a7130, 1958;
E_0x56110637b490/489 .event anyedge, v0x5611063a7130_1955, v0x5611063a7130_1956, v0x5611063a7130_1957, v0x5611063a7130_1958;
v0x5611063a7130_1959 .array/port v0x5611063a7130, 1959;
v0x5611063a7130_1960 .array/port v0x5611063a7130, 1960;
v0x5611063a7130_1961 .array/port v0x5611063a7130, 1961;
v0x5611063a7130_1962 .array/port v0x5611063a7130, 1962;
E_0x56110637b490/490 .event anyedge, v0x5611063a7130_1959, v0x5611063a7130_1960, v0x5611063a7130_1961, v0x5611063a7130_1962;
v0x5611063a7130_1963 .array/port v0x5611063a7130, 1963;
v0x5611063a7130_1964 .array/port v0x5611063a7130, 1964;
v0x5611063a7130_1965 .array/port v0x5611063a7130, 1965;
v0x5611063a7130_1966 .array/port v0x5611063a7130, 1966;
E_0x56110637b490/491 .event anyedge, v0x5611063a7130_1963, v0x5611063a7130_1964, v0x5611063a7130_1965, v0x5611063a7130_1966;
v0x5611063a7130_1967 .array/port v0x5611063a7130, 1967;
v0x5611063a7130_1968 .array/port v0x5611063a7130, 1968;
v0x5611063a7130_1969 .array/port v0x5611063a7130, 1969;
v0x5611063a7130_1970 .array/port v0x5611063a7130, 1970;
E_0x56110637b490/492 .event anyedge, v0x5611063a7130_1967, v0x5611063a7130_1968, v0x5611063a7130_1969, v0x5611063a7130_1970;
v0x5611063a7130_1971 .array/port v0x5611063a7130, 1971;
v0x5611063a7130_1972 .array/port v0x5611063a7130, 1972;
v0x5611063a7130_1973 .array/port v0x5611063a7130, 1973;
v0x5611063a7130_1974 .array/port v0x5611063a7130, 1974;
E_0x56110637b490/493 .event anyedge, v0x5611063a7130_1971, v0x5611063a7130_1972, v0x5611063a7130_1973, v0x5611063a7130_1974;
v0x5611063a7130_1975 .array/port v0x5611063a7130, 1975;
v0x5611063a7130_1976 .array/port v0x5611063a7130, 1976;
v0x5611063a7130_1977 .array/port v0x5611063a7130, 1977;
v0x5611063a7130_1978 .array/port v0x5611063a7130, 1978;
E_0x56110637b490/494 .event anyedge, v0x5611063a7130_1975, v0x5611063a7130_1976, v0x5611063a7130_1977, v0x5611063a7130_1978;
v0x5611063a7130_1979 .array/port v0x5611063a7130, 1979;
v0x5611063a7130_1980 .array/port v0x5611063a7130, 1980;
v0x5611063a7130_1981 .array/port v0x5611063a7130, 1981;
v0x5611063a7130_1982 .array/port v0x5611063a7130, 1982;
E_0x56110637b490/495 .event anyedge, v0x5611063a7130_1979, v0x5611063a7130_1980, v0x5611063a7130_1981, v0x5611063a7130_1982;
v0x5611063a7130_1983 .array/port v0x5611063a7130, 1983;
v0x5611063a7130_1984 .array/port v0x5611063a7130, 1984;
v0x5611063a7130_1985 .array/port v0x5611063a7130, 1985;
v0x5611063a7130_1986 .array/port v0x5611063a7130, 1986;
E_0x56110637b490/496 .event anyedge, v0x5611063a7130_1983, v0x5611063a7130_1984, v0x5611063a7130_1985, v0x5611063a7130_1986;
v0x5611063a7130_1987 .array/port v0x5611063a7130, 1987;
v0x5611063a7130_1988 .array/port v0x5611063a7130, 1988;
v0x5611063a7130_1989 .array/port v0x5611063a7130, 1989;
v0x5611063a7130_1990 .array/port v0x5611063a7130, 1990;
E_0x56110637b490/497 .event anyedge, v0x5611063a7130_1987, v0x5611063a7130_1988, v0x5611063a7130_1989, v0x5611063a7130_1990;
v0x5611063a7130_1991 .array/port v0x5611063a7130, 1991;
v0x5611063a7130_1992 .array/port v0x5611063a7130, 1992;
v0x5611063a7130_1993 .array/port v0x5611063a7130, 1993;
v0x5611063a7130_1994 .array/port v0x5611063a7130, 1994;
E_0x56110637b490/498 .event anyedge, v0x5611063a7130_1991, v0x5611063a7130_1992, v0x5611063a7130_1993, v0x5611063a7130_1994;
v0x5611063a7130_1995 .array/port v0x5611063a7130, 1995;
v0x5611063a7130_1996 .array/port v0x5611063a7130, 1996;
v0x5611063a7130_1997 .array/port v0x5611063a7130, 1997;
v0x5611063a7130_1998 .array/port v0x5611063a7130, 1998;
E_0x56110637b490/499 .event anyedge, v0x5611063a7130_1995, v0x5611063a7130_1996, v0x5611063a7130_1997, v0x5611063a7130_1998;
v0x5611063a7130_1999 .array/port v0x5611063a7130, 1999;
v0x5611063a7130_2000 .array/port v0x5611063a7130, 2000;
v0x5611063a7130_2001 .array/port v0x5611063a7130, 2001;
v0x5611063a7130_2002 .array/port v0x5611063a7130, 2002;
E_0x56110637b490/500 .event anyedge, v0x5611063a7130_1999, v0x5611063a7130_2000, v0x5611063a7130_2001, v0x5611063a7130_2002;
v0x5611063a7130_2003 .array/port v0x5611063a7130, 2003;
v0x5611063a7130_2004 .array/port v0x5611063a7130, 2004;
v0x5611063a7130_2005 .array/port v0x5611063a7130, 2005;
v0x5611063a7130_2006 .array/port v0x5611063a7130, 2006;
E_0x56110637b490/501 .event anyedge, v0x5611063a7130_2003, v0x5611063a7130_2004, v0x5611063a7130_2005, v0x5611063a7130_2006;
v0x5611063a7130_2007 .array/port v0x5611063a7130, 2007;
v0x5611063a7130_2008 .array/port v0x5611063a7130, 2008;
v0x5611063a7130_2009 .array/port v0x5611063a7130, 2009;
v0x5611063a7130_2010 .array/port v0x5611063a7130, 2010;
E_0x56110637b490/502 .event anyedge, v0x5611063a7130_2007, v0x5611063a7130_2008, v0x5611063a7130_2009, v0x5611063a7130_2010;
v0x5611063a7130_2011 .array/port v0x5611063a7130, 2011;
v0x5611063a7130_2012 .array/port v0x5611063a7130, 2012;
v0x5611063a7130_2013 .array/port v0x5611063a7130, 2013;
v0x5611063a7130_2014 .array/port v0x5611063a7130, 2014;
E_0x56110637b490/503 .event anyedge, v0x5611063a7130_2011, v0x5611063a7130_2012, v0x5611063a7130_2013, v0x5611063a7130_2014;
v0x5611063a7130_2015 .array/port v0x5611063a7130, 2015;
v0x5611063a7130_2016 .array/port v0x5611063a7130, 2016;
v0x5611063a7130_2017 .array/port v0x5611063a7130, 2017;
v0x5611063a7130_2018 .array/port v0x5611063a7130, 2018;
E_0x56110637b490/504 .event anyedge, v0x5611063a7130_2015, v0x5611063a7130_2016, v0x5611063a7130_2017, v0x5611063a7130_2018;
v0x5611063a7130_2019 .array/port v0x5611063a7130, 2019;
v0x5611063a7130_2020 .array/port v0x5611063a7130, 2020;
v0x5611063a7130_2021 .array/port v0x5611063a7130, 2021;
v0x5611063a7130_2022 .array/port v0x5611063a7130, 2022;
E_0x56110637b490/505 .event anyedge, v0x5611063a7130_2019, v0x5611063a7130_2020, v0x5611063a7130_2021, v0x5611063a7130_2022;
v0x5611063a7130_2023 .array/port v0x5611063a7130, 2023;
v0x5611063a7130_2024 .array/port v0x5611063a7130, 2024;
v0x5611063a7130_2025 .array/port v0x5611063a7130, 2025;
v0x5611063a7130_2026 .array/port v0x5611063a7130, 2026;
E_0x56110637b490/506 .event anyedge, v0x5611063a7130_2023, v0x5611063a7130_2024, v0x5611063a7130_2025, v0x5611063a7130_2026;
v0x5611063a7130_2027 .array/port v0x5611063a7130, 2027;
v0x5611063a7130_2028 .array/port v0x5611063a7130, 2028;
v0x5611063a7130_2029 .array/port v0x5611063a7130, 2029;
v0x5611063a7130_2030 .array/port v0x5611063a7130, 2030;
E_0x56110637b490/507 .event anyedge, v0x5611063a7130_2027, v0x5611063a7130_2028, v0x5611063a7130_2029, v0x5611063a7130_2030;
v0x5611063a7130_2031 .array/port v0x5611063a7130, 2031;
v0x5611063a7130_2032 .array/port v0x5611063a7130, 2032;
v0x5611063a7130_2033 .array/port v0x5611063a7130, 2033;
v0x5611063a7130_2034 .array/port v0x5611063a7130, 2034;
E_0x56110637b490/508 .event anyedge, v0x5611063a7130_2031, v0x5611063a7130_2032, v0x5611063a7130_2033, v0x5611063a7130_2034;
v0x5611063a7130_2035 .array/port v0x5611063a7130, 2035;
v0x5611063a7130_2036 .array/port v0x5611063a7130, 2036;
v0x5611063a7130_2037 .array/port v0x5611063a7130, 2037;
v0x5611063a7130_2038 .array/port v0x5611063a7130, 2038;
E_0x56110637b490/509 .event anyedge, v0x5611063a7130_2035, v0x5611063a7130_2036, v0x5611063a7130_2037, v0x5611063a7130_2038;
v0x5611063a7130_2039 .array/port v0x5611063a7130, 2039;
v0x5611063a7130_2040 .array/port v0x5611063a7130, 2040;
v0x5611063a7130_2041 .array/port v0x5611063a7130, 2041;
v0x5611063a7130_2042 .array/port v0x5611063a7130, 2042;
E_0x56110637b490/510 .event anyedge, v0x5611063a7130_2039, v0x5611063a7130_2040, v0x5611063a7130_2041, v0x5611063a7130_2042;
v0x5611063a7130_2043 .array/port v0x5611063a7130, 2043;
v0x5611063a7130_2044 .array/port v0x5611063a7130, 2044;
v0x5611063a7130_2045 .array/port v0x5611063a7130, 2045;
v0x5611063a7130_2046 .array/port v0x5611063a7130, 2046;
E_0x56110637b490/511 .event anyedge, v0x5611063a7130_2043, v0x5611063a7130_2044, v0x5611063a7130_2045, v0x5611063a7130_2046;
v0x5611063a7130_2047 .array/port v0x5611063a7130, 2047;
v0x5611063a7130_2048 .array/port v0x5611063a7130, 2048;
v0x5611063a7130_2049 .array/port v0x5611063a7130, 2049;
v0x5611063a7130_2050 .array/port v0x5611063a7130, 2050;
E_0x56110637b490/512 .event anyedge, v0x5611063a7130_2047, v0x5611063a7130_2048, v0x5611063a7130_2049, v0x5611063a7130_2050;
v0x5611063a7130_2051 .array/port v0x5611063a7130, 2051;
v0x5611063a7130_2052 .array/port v0x5611063a7130, 2052;
v0x5611063a7130_2053 .array/port v0x5611063a7130, 2053;
v0x5611063a7130_2054 .array/port v0x5611063a7130, 2054;
E_0x56110637b490/513 .event anyedge, v0x5611063a7130_2051, v0x5611063a7130_2052, v0x5611063a7130_2053, v0x5611063a7130_2054;
v0x5611063a7130_2055 .array/port v0x5611063a7130, 2055;
v0x5611063a7130_2056 .array/port v0x5611063a7130, 2056;
v0x5611063a7130_2057 .array/port v0x5611063a7130, 2057;
v0x5611063a7130_2058 .array/port v0x5611063a7130, 2058;
E_0x56110637b490/514 .event anyedge, v0x5611063a7130_2055, v0x5611063a7130_2056, v0x5611063a7130_2057, v0x5611063a7130_2058;
v0x5611063a7130_2059 .array/port v0x5611063a7130, 2059;
v0x5611063a7130_2060 .array/port v0x5611063a7130, 2060;
v0x5611063a7130_2061 .array/port v0x5611063a7130, 2061;
v0x5611063a7130_2062 .array/port v0x5611063a7130, 2062;
E_0x56110637b490/515 .event anyedge, v0x5611063a7130_2059, v0x5611063a7130_2060, v0x5611063a7130_2061, v0x5611063a7130_2062;
v0x5611063a7130_2063 .array/port v0x5611063a7130, 2063;
v0x5611063a7130_2064 .array/port v0x5611063a7130, 2064;
v0x5611063a7130_2065 .array/port v0x5611063a7130, 2065;
v0x5611063a7130_2066 .array/port v0x5611063a7130, 2066;
E_0x56110637b490/516 .event anyedge, v0x5611063a7130_2063, v0x5611063a7130_2064, v0x5611063a7130_2065, v0x5611063a7130_2066;
v0x5611063a7130_2067 .array/port v0x5611063a7130, 2067;
v0x5611063a7130_2068 .array/port v0x5611063a7130, 2068;
v0x5611063a7130_2069 .array/port v0x5611063a7130, 2069;
v0x5611063a7130_2070 .array/port v0x5611063a7130, 2070;
E_0x56110637b490/517 .event anyedge, v0x5611063a7130_2067, v0x5611063a7130_2068, v0x5611063a7130_2069, v0x5611063a7130_2070;
v0x5611063a7130_2071 .array/port v0x5611063a7130, 2071;
v0x5611063a7130_2072 .array/port v0x5611063a7130, 2072;
v0x5611063a7130_2073 .array/port v0x5611063a7130, 2073;
v0x5611063a7130_2074 .array/port v0x5611063a7130, 2074;
E_0x56110637b490/518 .event anyedge, v0x5611063a7130_2071, v0x5611063a7130_2072, v0x5611063a7130_2073, v0x5611063a7130_2074;
v0x5611063a7130_2075 .array/port v0x5611063a7130, 2075;
v0x5611063a7130_2076 .array/port v0x5611063a7130, 2076;
v0x5611063a7130_2077 .array/port v0x5611063a7130, 2077;
v0x5611063a7130_2078 .array/port v0x5611063a7130, 2078;
E_0x56110637b490/519 .event anyedge, v0x5611063a7130_2075, v0x5611063a7130_2076, v0x5611063a7130_2077, v0x5611063a7130_2078;
v0x5611063a7130_2079 .array/port v0x5611063a7130, 2079;
v0x5611063a7130_2080 .array/port v0x5611063a7130, 2080;
v0x5611063a7130_2081 .array/port v0x5611063a7130, 2081;
v0x5611063a7130_2082 .array/port v0x5611063a7130, 2082;
E_0x56110637b490/520 .event anyedge, v0x5611063a7130_2079, v0x5611063a7130_2080, v0x5611063a7130_2081, v0x5611063a7130_2082;
v0x5611063a7130_2083 .array/port v0x5611063a7130, 2083;
v0x5611063a7130_2084 .array/port v0x5611063a7130, 2084;
v0x5611063a7130_2085 .array/port v0x5611063a7130, 2085;
v0x5611063a7130_2086 .array/port v0x5611063a7130, 2086;
E_0x56110637b490/521 .event anyedge, v0x5611063a7130_2083, v0x5611063a7130_2084, v0x5611063a7130_2085, v0x5611063a7130_2086;
v0x5611063a7130_2087 .array/port v0x5611063a7130, 2087;
v0x5611063a7130_2088 .array/port v0x5611063a7130, 2088;
v0x5611063a7130_2089 .array/port v0x5611063a7130, 2089;
v0x5611063a7130_2090 .array/port v0x5611063a7130, 2090;
E_0x56110637b490/522 .event anyedge, v0x5611063a7130_2087, v0x5611063a7130_2088, v0x5611063a7130_2089, v0x5611063a7130_2090;
v0x5611063a7130_2091 .array/port v0x5611063a7130, 2091;
v0x5611063a7130_2092 .array/port v0x5611063a7130, 2092;
v0x5611063a7130_2093 .array/port v0x5611063a7130, 2093;
v0x5611063a7130_2094 .array/port v0x5611063a7130, 2094;
E_0x56110637b490/523 .event anyedge, v0x5611063a7130_2091, v0x5611063a7130_2092, v0x5611063a7130_2093, v0x5611063a7130_2094;
v0x5611063a7130_2095 .array/port v0x5611063a7130, 2095;
v0x5611063a7130_2096 .array/port v0x5611063a7130, 2096;
v0x5611063a7130_2097 .array/port v0x5611063a7130, 2097;
v0x5611063a7130_2098 .array/port v0x5611063a7130, 2098;
E_0x56110637b490/524 .event anyedge, v0x5611063a7130_2095, v0x5611063a7130_2096, v0x5611063a7130_2097, v0x5611063a7130_2098;
v0x5611063a7130_2099 .array/port v0x5611063a7130, 2099;
v0x5611063a7130_2100 .array/port v0x5611063a7130, 2100;
v0x5611063a7130_2101 .array/port v0x5611063a7130, 2101;
v0x5611063a7130_2102 .array/port v0x5611063a7130, 2102;
E_0x56110637b490/525 .event anyedge, v0x5611063a7130_2099, v0x5611063a7130_2100, v0x5611063a7130_2101, v0x5611063a7130_2102;
v0x5611063a7130_2103 .array/port v0x5611063a7130, 2103;
v0x5611063a7130_2104 .array/port v0x5611063a7130, 2104;
v0x5611063a7130_2105 .array/port v0x5611063a7130, 2105;
v0x5611063a7130_2106 .array/port v0x5611063a7130, 2106;
E_0x56110637b490/526 .event anyedge, v0x5611063a7130_2103, v0x5611063a7130_2104, v0x5611063a7130_2105, v0x5611063a7130_2106;
v0x5611063a7130_2107 .array/port v0x5611063a7130, 2107;
v0x5611063a7130_2108 .array/port v0x5611063a7130, 2108;
v0x5611063a7130_2109 .array/port v0x5611063a7130, 2109;
v0x5611063a7130_2110 .array/port v0x5611063a7130, 2110;
E_0x56110637b490/527 .event anyedge, v0x5611063a7130_2107, v0x5611063a7130_2108, v0x5611063a7130_2109, v0x5611063a7130_2110;
v0x5611063a7130_2111 .array/port v0x5611063a7130, 2111;
v0x5611063a7130_2112 .array/port v0x5611063a7130, 2112;
v0x5611063a7130_2113 .array/port v0x5611063a7130, 2113;
v0x5611063a7130_2114 .array/port v0x5611063a7130, 2114;
E_0x56110637b490/528 .event anyedge, v0x5611063a7130_2111, v0x5611063a7130_2112, v0x5611063a7130_2113, v0x5611063a7130_2114;
v0x5611063a7130_2115 .array/port v0x5611063a7130, 2115;
v0x5611063a7130_2116 .array/port v0x5611063a7130, 2116;
v0x5611063a7130_2117 .array/port v0x5611063a7130, 2117;
v0x5611063a7130_2118 .array/port v0x5611063a7130, 2118;
E_0x56110637b490/529 .event anyedge, v0x5611063a7130_2115, v0x5611063a7130_2116, v0x5611063a7130_2117, v0x5611063a7130_2118;
v0x5611063a7130_2119 .array/port v0x5611063a7130, 2119;
v0x5611063a7130_2120 .array/port v0x5611063a7130, 2120;
v0x5611063a7130_2121 .array/port v0x5611063a7130, 2121;
v0x5611063a7130_2122 .array/port v0x5611063a7130, 2122;
E_0x56110637b490/530 .event anyedge, v0x5611063a7130_2119, v0x5611063a7130_2120, v0x5611063a7130_2121, v0x5611063a7130_2122;
v0x5611063a7130_2123 .array/port v0x5611063a7130, 2123;
v0x5611063a7130_2124 .array/port v0x5611063a7130, 2124;
v0x5611063a7130_2125 .array/port v0x5611063a7130, 2125;
v0x5611063a7130_2126 .array/port v0x5611063a7130, 2126;
E_0x56110637b490/531 .event anyedge, v0x5611063a7130_2123, v0x5611063a7130_2124, v0x5611063a7130_2125, v0x5611063a7130_2126;
v0x5611063a7130_2127 .array/port v0x5611063a7130, 2127;
v0x5611063a7130_2128 .array/port v0x5611063a7130, 2128;
v0x5611063a7130_2129 .array/port v0x5611063a7130, 2129;
v0x5611063a7130_2130 .array/port v0x5611063a7130, 2130;
E_0x56110637b490/532 .event anyedge, v0x5611063a7130_2127, v0x5611063a7130_2128, v0x5611063a7130_2129, v0x5611063a7130_2130;
v0x5611063a7130_2131 .array/port v0x5611063a7130, 2131;
v0x5611063a7130_2132 .array/port v0x5611063a7130, 2132;
v0x5611063a7130_2133 .array/port v0x5611063a7130, 2133;
v0x5611063a7130_2134 .array/port v0x5611063a7130, 2134;
E_0x56110637b490/533 .event anyedge, v0x5611063a7130_2131, v0x5611063a7130_2132, v0x5611063a7130_2133, v0x5611063a7130_2134;
v0x5611063a7130_2135 .array/port v0x5611063a7130, 2135;
v0x5611063a7130_2136 .array/port v0x5611063a7130, 2136;
v0x5611063a7130_2137 .array/port v0x5611063a7130, 2137;
v0x5611063a7130_2138 .array/port v0x5611063a7130, 2138;
E_0x56110637b490/534 .event anyedge, v0x5611063a7130_2135, v0x5611063a7130_2136, v0x5611063a7130_2137, v0x5611063a7130_2138;
v0x5611063a7130_2139 .array/port v0x5611063a7130, 2139;
v0x5611063a7130_2140 .array/port v0x5611063a7130, 2140;
v0x5611063a7130_2141 .array/port v0x5611063a7130, 2141;
v0x5611063a7130_2142 .array/port v0x5611063a7130, 2142;
E_0x56110637b490/535 .event anyedge, v0x5611063a7130_2139, v0x5611063a7130_2140, v0x5611063a7130_2141, v0x5611063a7130_2142;
v0x5611063a7130_2143 .array/port v0x5611063a7130, 2143;
v0x5611063a7130_2144 .array/port v0x5611063a7130, 2144;
v0x5611063a7130_2145 .array/port v0x5611063a7130, 2145;
v0x5611063a7130_2146 .array/port v0x5611063a7130, 2146;
E_0x56110637b490/536 .event anyedge, v0x5611063a7130_2143, v0x5611063a7130_2144, v0x5611063a7130_2145, v0x5611063a7130_2146;
v0x5611063a7130_2147 .array/port v0x5611063a7130, 2147;
v0x5611063a7130_2148 .array/port v0x5611063a7130, 2148;
v0x5611063a7130_2149 .array/port v0x5611063a7130, 2149;
v0x5611063a7130_2150 .array/port v0x5611063a7130, 2150;
E_0x56110637b490/537 .event anyedge, v0x5611063a7130_2147, v0x5611063a7130_2148, v0x5611063a7130_2149, v0x5611063a7130_2150;
v0x5611063a7130_2151 .array/port v0x5611063a7130, 2151;
v0x5611063a7130_2152 .array/port v0x5611063a7130, 2152;
v0x5611063a7130_2153 .array/port v0x5611063a7130, 2153;
v0x5611063a7130_2154 .array/port v0x5611063a7130, 2154;
E_0x56110637b490/538 .event anyedge, v0x5611063a7130_2151, v0x5611063a7130_2152, v0x5611063a7130_2153, v0x5611063a7130_2154;
v0x5611063a7130_2155 .array/port v0x5611063a7130, 2155;
v0x5611063a7130_2156 .array/port v0x5611063a7130, 2156;
v0x5611063a7130_2157 .array/port v0x5611063a7130, 2157;
v0x5611063a7130_2158 .array/port v0x5611063a7130, 2158;
E_0x56110637b490/539 .event anyedge, v0x5611063a7130_2155, v0x5611063a7130_2156, v0x5611063a7130_2157, v0x5611063a7130_2158;
v0x5611063a7130_2159 .array/port v0x5611063a7130, 2159;
v0x5611063a7130_2160 .array/port v0x5611063a7130, 2160;
v0x5611063a7130_2161 .array/port v0x5611063a7130, 2161;
v0x5611063a7130_2162 .array/port v0x5611063a7130, 2162;
E_0x56110637b490/540 .event anyedge, v0x5611063a7130_2159, v0x5611063a7130_2160, v0x5611063a7130_2161, v0x5611063a7130_2162;
v0x5611063a7130_2163 .array/port v0x5611063a7130, 2163;
v0x5611063a7130_2164 .array/port v0x5611063a7130, 2164;
v0x5611063a7130_2165 .array/port v0x5611063a7130, 2165;
v0x5611063a7130_2166 .array/port v0x5611063a7130, 2166;
E_0x56110637b490/541 .event anyedge, v0x5611063a7130_2163, v0x5611063a7130_2164, v0x5611063a7130_2165, v0x5611063a7130_2166;
v0x5611063a7130_2167 .array/port v0x5611063a7130, 2167;
v0x5611063a7130_2168 .array/port v0x5611063a7130, 2168;
v0x5611063a7130_2169 .array/port v0x5611063a7130, 2169;
v0x5611063a7130_2170 .array/port v0x5611063a7130, 2170;
E_0x56110637b490/542 .event anyedge, v0x5611063a7130_2167, v0x5611063a7130_2168, v0x5611063a7130_2169, v0x5611063a7130_2170;
v0x5611063a7130_2171 .array/port v0x5611063a7130, 2171;
v0x5611063a7130_2172 .array/port v0x5611063a7130, 2172;
v0x5611063a7130_2173 .array/port v0x5611063a7130, 2173;
v0x5611063a7130_2174 .array/port v0x5611063a7130, 2174;
E_0x56110637b490/543 .event anyedge, v0x5611063a7130_2171, v0x5611063a7130_2172, v0x5611063a7130_2173, v0x5611063a7130_2174;
v0x5611063a7130_2175 .array/port v0x5611063a7130, 2175;
v0x5611063a7130_2176 .array/port v0x5611063a7130, 2176;
v0x5611063a7130_2177 .array/port v0x5611063a7130, 2177;
v0x5611063a7130_2178 .array/port v0x5611063a7130, 2178;
E_0x56110637b490/544 .event anyedge, v0x5611063a7130_2175, v0x5611063a7130_2176, v0x5611063a7130_2177, v0x5611063a7130_2178;
v0x5611063a7130_2179 .array/port v0x5611063a7130, 2179;
v0x5611063a7130_2180 .array/port v0x5611063a7130, 2180;
v0x5611063a7130_2181 .array/port v0x5611063a7130, 2181;
v0x5611063a7130_2182 .array/port v0x5611063a7130, 2182;
E_0x56110637b490/545 .event anyedge, v0x5611063a7130_2179, v0x5611063a7130_2180, v0x5611063a7130_2181, v0x5611063a7130_2182;
v0x5611063a7130_2183 .array/port v0x5611063a7130, 2183;
v0x5611063a7130_2184 .array/port v0x5611063a7130, 2184;
v0x5611063a7130_2185 .array/port v0x5611063a7130, 2185;
v0x5611063a7130_2186 .array/port v0x5611063a7130, 2186;
E_0x56110637b490/546 .event anyedge, v0x5611063a7130_2183, v0x5611063a7130_2184, v0x5611063a7130_2185, v0x5611063a7130_2186;
v0x5611063a7130_2187 .array/port v0x5611063a7130, 2187;
v0x5611063a7130_2188 .array/port v0x5611063a7130, 2188;
v0x5611063a7130_2189 .array/port v0x5611063a7130, 2189;
v0x5611063a7130_2190 .array/port v0x5611063a7130, 2190;
E_0x56110637b490/547 .event anyedge, v0x5611063a7130_2187, v0x5611063a7130_2188, v0x5611063a7130_2189, v0x5611063a7130_2190;
v0x5611063a7130_2191 .array/port v0x5611063a7130, 2191;
v0x5611063a7130_2192 .array/port v0x5611063a7130, 2192;
v0x5611063a7130_2193 .array/port v0x5611063a7130, 2193;
v0x5611063a7130_2194 .array/port v0x5611063a7130, 2194;
E_0x56110637b490/548 .event anyedge, v0x5611063a7130_2191, v0x5611063a7130_2192, v0x5611063a7130_2193, v0x5611063a7130_2194;
v0x5611063a7130_2195 .array/port v0x5611063a7130, 2195;
v0x5611063a7130_2196 .array/port v0x5611063a7130, 2196;
v0x5611063a7130_2197 .array/port v0x5611063a7130, 2197;
v0x5611063a7130_2198 .array/port v0x5611063a7130, 2198;
E_0x56110637b490/549 .event anyedge, v0x5611063a7130_2195, v0x5611063a7130_2196, v0x5611063a7130_2197, v0x5611063a7130_2198;
v0x5611063a7130_2199 .array/port v0x5611063a7130, 2199;
v0x5611063a7130_2200 .array/port v0x5611063a7130, 2200;
v0x5611063a7130_2201 .array/port v0x5611063a7130, 2201;
v0x5611063a7130_2202 .array/port v0x5611063a7130, 2202;
E_0x56110637b490/550 .event anyedge, v0x5611063a7130_2199, v0x5611063a7130_2200, v0x5611063a7130_2201, v0x5611063a7130_2202;
v0x5611063a7130_2203 .array/port v0x5611063a7130, 2203;
v0x5611063a7130_2204 .array/port v0x5611063a7130, 2204;
v0x5611063a7130_2205 .array/port v0x5611063a7130, 2205;
v0x5611063a7130_2206 .array/port v0x5611063a7130, 2206;
E_0x56110637b490/551 .event anyedge, v0x5611063a7130_2203, v0x5611063a7130_2204, v0x5611063a7130_2205, v0x5611063a7130_2206;
v0x5611063a7130_2207 .array/port v0x5611063a7130, 2207;
v0x5611063a7130_2208 .array/port v0x5611063a7130, 2208;
v0x5611063a7130_2209 .array/port v0x5611063a7130, 2209;
v0x5611063a7130_2210 .array/port v0x5611063a7130, 2210;
E_0x56110637b490/552 .event anyedge, v0x5611063a7130_2207, v0x5611063a7130_2208, v0x5611063a7130_2209, v0x5611063a7130_2210;
v0x5611063a7130_2211 .array/port v0x5611063a7130, 2211;
v0x5611063a7130_2212 .array/port v0x5611063a7130, 2212;
v0x5611063a7130_2213 .array/port v0x5611063a7130, 2213;
v0x5611063a7130_2214 .array/port v0x5611063a7130, 2214;
E_0x56110637b490/553 .event anyedge, v0x5611063a7130_2211, v0x5611063a7130_2212, v0x5611063a7130_2213, v0x5611063a7130_2214;
v0x5611063a7130_2215 .array/port v0x5611063a7130, 2215;
v0x5611063a7130_2216 .array/port v0x5611063a7130, 2216;
v0x5611063a7130_2217 .array/port v0x5611063a7130, 2217;
v0x5611063a7130_2218 .array/port v0x5611063a7130, 2218;
E_0x56110637b490/554 .event anyedge, v0x5611063a7130_2215, v0x5611063a7130_2216, v0x5611063a7130_2217, v0x5611063a7130_2218;
v0x5611063a7130_2219 .array/port v0x5611063a7130, 2219;
v0x5611063a7130_2220 .array/port v0x5611063a7130, 2220;
v0x5611063a7130_2221 .array/port v0x5611063a7130, 2221;
v0x5611063a7130_2222 .array/port v0x5611063a7130, 2222;
E_0x56110637b490/555 .event anyedge, v0x5611063a7130_2219, v0x5611063a7130_2220, v0x5611063a7130_2221, v0x5611063a7130_2222;
v0x5611063a7130_2223 .array/port v0x5611063a7130, 2223;
v0x5611063a7130_2224 .array/port v0x5611063a7130, 2224;
v0x5611063a7130_2225 .array/port v0x5611063a7130, 2225;
v0x5611063a7130_2226 .array/port v0x5611063a7130, 2226;
E_0x56110637b490/556 .event anyedge, v0x5611063a7130_2223, v0x5611063a7130_2224, v0x5611063a7130_2225, v0x5611063a7130_2226;
v0x5611063a7130_2227 .array/port v0x5611063a7130, 2227;
v0x5611063a7130_2228 .array/port v0x5611063a7130, 2228;
v0x5611063a7130_2229 .array/port v0x5611063a7130, 2229;
v0x5611063a7130_2230 .array/port v0x5611063a7130, 2230;
E_0x56110637b490/557 .event anyedge, v0x5611063a7130_2227, v0x5611063a7130_2228, v0x5611063a7130_2229, v0x5611063a7130_2230;
v0x5611063a7130_2231 .array/port v0x5611063a7130, 2231;
v0x5611063a7130_2232 .array/port v0x5611063a7130, 2232;
v0x5611063a7130_2233 .array/port v0x5611063a7130, 2233;
v0x5611063a7130_2234 .array/port v0x5611063a7130, 2234;
E_0x56110637b490/558 .event anyedge, v0x5611063a7130_2231, v0x5611063a7130_2232, v0x5611063a7130_2233, v0x5611063a7130_2234;
v0x5611063a7130_2235 .array/port v0x5611063a7130, 2235;
v0x5611063a7130_2236 .array/port v0x5611063a7130, 2236;
v0x5611063a7130_2237 .array/port v0x5611063a7130, 2237;
v0x5611063a7130_2238 .array/port v0x5611063a7130, 2238;
E_0x56110637b490/559 .event anyedge, v0x5611063a7130_2235, v0x5611063a7130_2236, v0x5611063a7130_2237, v0x5611063a7130_2238;
v0x5611063a7130_2239 .array/port v0x5611063a7130, 2239;
v0x5611063a7130_2240 .array/port v0x5611063a7130, 2240;
v0x5611063a7130_2241 .array/port v0x5611063a7130, 2241;
v0x5611063a7130_2242 .array/port v0x5611063a7130, 2242;
E_0x56110637b490/560 .event anyedge, v0x5611063a7130_2239, v0x5611063a7130_2240, v0x5611063a7130_2241, v0x5611063a7130_2242;
v0x5611063a7130_2243 .array/port v0x5611063a7130, 2243;
v0x5611063a7130_2244 .array/port v0x5611063a7130, 2244;
v0x5611063a7130_2245 .array/port v0x5611063a7130, 2245;
v0x5611063a7130_2246 .array/port v0x5611063a7130, 2246;
E_0x56110637b490/561 .event anyedge, v0x5611063a7130_2243, v0x5611063a7130_2244, v0x5611063a7130_2245, v0x5611063a7130_2246;
v0x5611063a7130_2247 .array/port v0x5611063a7130, 2247;
v0x5611063a7130_2248 .array/port v0x5611063a7130, 2248;
v0x5611063a7130_2249 .array/port v0x5611063a7130, 2249;
v0x5611063a7130_2250 .array/port v0x5611063a7130, 2250;
E_0x56110637b490/562 .event anyedge, v0x5611063a7130_2247, v0x5611063a7130_2248, v0x5611063a7130_2249, v0x5611063a7130_2250;
v0x5611063a7130_2251 .array/port v0x5611063a7130, 2251;
v0x5611063a7130_2252 .array/port v0x5611063a7130, 2252;
v0x5611063a7130_2253 .array/port v0x5611063a7130, 2253;
v0x5611063a7130_2254 .array/port v0x5611063a7130, 2254;
E_0x56110637b490/563 .event anyedge, v0x5611063a7130_2251, v0x5611063a7130_2252, v0x5611063a7130_2253, v0x5611063a7130_2254;
v0x5611063a7130_2255 .array/port v0x5611063a7130, 2255;
v0x5611063a7130_2256 .array/port v0x5611063a7130, 2256;
v0x5611063a7130_2257 .array/port v0x5611063a7130, 2257;
v0x5611063a7130_2258 .array/port v0x5611063a7130, 2258;
E_0x56110637b490/564 .event anyedge, v0x5611063a7130_2255, v0x5611063a7130_2256, v0x5611063a7130_2257, v0x5611063a7130_2258;
v0x5611063a7130_2259 .array/port v0x5611063a7130, 2259;
v0x5611063a7130_2260 .array/port v0x5611063a7130, 2260;
v0x5611063a7130_2261 .array/port v0x5611063a7130, 2261;
v0x5611063a7130_2262 .array/port v0x5611063a7130, 2262;
E_0x56110637b490/565 .event anyedge, v0x5611063a7130_2259, v0x5611063a7130_2260, v0x5611063a7130_2261, v0x5611063a7130_2262;
v0x5611063a7130_2263 .array/port v0x5611063a7130, 2263;
v0x5611063a7130_2264 .array/port v0x5611063a7130, 2264;
v0x5611063a7130_2265 .array/port v0x5611063a7130, 2265;
v0x5611063a7130_2266 .array/port v0x5611063a7130, 2266;
E_0x56110637b490/566 .event anyedge, v0x5611063a7130_2263, v0x5611063a7130_2264, v0x5611063a7130_2265, v0x5611063a7130_2266;
v0x5611063a7130_2267 .array/port v0x5611063a7130, 2267;
v0x5611063a7130_2268 .array/port v0x5611063a7130, 2268;
v0x5611063a7130_2269 .array/port v0x5611063a7130, 2269;
v0x5611063a7130_2270 .array/port v0x5611063a7130, 2270;
E_0x56110637b490/567 .event anyedge, v0x5611063a7130_2267, v0x5611063a7130_2268, v0x5611063a7130_2269, v0x5611063a7130_2270;
v0x5611063a7130_2271 .array/port v0x5611063a7130, 2271;
v0x5611063a7130_2272 .array/port v0x5611063a7130, 2272;
v0x5611063a7130_2273 .array/port v0x5611063a7130, 2273;
v0x5611063a7130_2274 .array/port v0x5611063a7130, 2274;
E_0x56110637b490/568 .event anyedge, v0x5611063a7130_2271, v0x5611063a7130_2272, v0x5611063a7130_2273, v0x5611063a7130_2274;
v0x5611063a7130_2275 .array/port v0x5611063a7130, 2275;
v0x5611063a7130_2276 .array/port v0x5611063a7130, 2276;
v0x5611063a7130_2277 .array/port v0x5611063a7130, 2277;
v0x5611063a7130_2278 .array/port v0x5611063a7130, 2278;
E_0x56110637b490/569 .event anyedge, v0x5611063a7130_2275, v0x5611063a7130_2276, v0x5611063a7130_2277, v0x5611063a7130_2278;
v0x5611063a7130_2279 .array/port v0x5611063a7130, 2279;
v0x5611063a7130_2280 .array/port v0x5611063a7130, 2280;
v0x5611063a7130_2281 .array/port v0x5611063a7130, 2281;
v0x5611063a7130_2282 .array/port v0x5611063a7130, 2282;
E_0x56110637b490/570 .event anyedge, v0x5611063a7130_2279, v0x5611063a7130_2280, v0x5611063a7130_2281, v0x5611063a7130_2282;
v0x5611063a7130_2283 .array/port v0x5611063a7130, 2283;
v0x5611063a7130_2284 .array/port v0x5611063a7130, 2284;
v0x5611063a7130_2285 .array/port v0x5611063a7130, 2285;
v0x5611063a7130_2286 .array/port v0x5611063a7130, 2286;
E_0x56110637b490/571 .event anyedge, v0x5611063a7130_2283, v0x5611063a7130_2284, v0x5611063a7130_2285, v0x5611063a7130_2286;
v0x5611063a7130_2287 .array/port v0x5611063a7130, 2287;
v0x5611063a7130_2288 .array/port v0x5611063a7130, 2288;
v0x5611063a7130_2289 .array/port v0x5611063a7130, 2289;
v0x5611063a7130_2290 .array/port v0x5611063a7130, 2290;
E_0x56110637b490/572 .event anyedge, v0x5611063a7130_2287, v0x5611063a7130_2288, v0x5611063a7130_2289, v0x5611063a7130_2290;
v0x5611063a7130_2291 .array/port v0x5611063a7130, 2291;
v0x5611063a7130_2292 .array/port v0x5611063a7130, 2292;
v0x5611063a7130_2293 .array/port v0x5611063a7130, 2293;
v0x5611063a7130_2294 .array/port v0x5611063a7130, 2294;
E_0x56110637b490/573 .event anyedge, v0x5611063a7130_2291, v0x5611063a7130_2292, v0x5611063a7130_2293, v0x5611063a7130_2294;
v0x5611063a7130_2295 .array/port v0x5611063a7130, 2295;
v0x5611063a7130_2296 .array/port v0x5611063a7130, 2296;
v0x5611063a7130_2297 .array/port v0x5611063a7130, 2297;
v0x5611063a7130_2298 .array/port v0x5611063a7130, 2298;
E_0x56110637b490/574 .event anyedge, v0x5611063a7130_2295, v0x5611063a7130_2296, v0x5611063a7130_2297, v0x5611063a7130_2298;
v0x5611063a7130_2299 .array/port v0x5611063a7130, 2299;
v0x5611063a7130_2300 .array/port v0x5611063a7130, 2300;
v0x5611063a7130_2301 .array/port v0x5611063a7130, 2301;
v0x5611063a7130_2302 .array/port v0x5611063a7130, 2302;
E_0x56110637b490/575 .event anyedge, v0x5611063a7130_2299, v0x5611063a7130_2300, v0x5611063a7130_2301, v0x5611063a7130_2302;
v0x5611063a7130_2303 .array/port v0x5611063a7130, 2303;
v0x5611063a7130_2304 .array/port v0x5611063a7130, 2304;
v0x5611063a7130_2305 .array/port v0x5611063a7130, 2305;
v0x5611063a7130_2306 .array/port v0x5611063a7130, 2306;
E_0x56110637b490/576 .event anyedge, v0x5611063a7130_2303, v0x5611063a7130_2304, v0x5611063a7130_2305, v0x5611063a7130_2306;
v0x5611063a7130_2307 .array/port v0x5611063a7130, 2307;
v0x5611063a7130_2308 .array/port v0x5611063a7130, 2308;
v0x5611063a7130_2309 .array/port v0x5611063a7130, 2309;
v0x5611063a7130_2310 .array/port v0x5611063a7130, 2310;
E_0x56110637b490/577 .event anyedge, v0x5611063a7130_2307, v0x5611063a7130_2308, v0x5611063a7130_2309, v0x5611063a7130_2310;
v0x5611063a7130_2311 .array/port v0x5611063a7130, 2311;
v0x5611063a7130_2312 .array/port v0x5611063a7130, 2312;
v0x5611063a7130_2313 .array/port v0x5611063a7130, 2313;
v0x5611063a7130_2314 .array/port v0x5611063a7130, 2314;
E_0x56110637b490/578 .event anyedge, v0x5611063a7130_2311, v0x5611063a7130_2312, v0x5611063a7130_2313, v0x5611063a7130_2314;
v0x5611063a7130_2315 .array/port v0x5611063a7130, 2315;
v0x5611063a7130_2316 .array/port v0x5611063a7130, 2316;
v0x5611063a7130_2317 .array/port v0x5611063a7130, 2317;
v0x5611063a7130_2318 .array/port v0x5611063a7130, 2318;
E_0x56110637b490/579 .event anyedge, v0x5611063a7130_2315, v0x5611063a7130_2316, v0x5611063a7130_2317, v0x5611063a7130_2318;
v0x5611063a7130_2319 .array/port v0x5611063a7130, 2319;
v0x5611063a7130_2320 .array/port v0x5611063a7130, 2320;
v0x5611063a7130_2321 .array/port v0x5611063a7130, 2321;
v0x5611063a7130_2322 .array/port v0x5611063a7130, 2322;
E_0x56110637b490/580 .event anyedge, v0x5611063a7130_2319, v0x5611063a7130_2320, v0x5611063a7130_2321, v0x5611063a7130_2322;
v0x5611063a7130_2323 .array/port v0x5611063a7130, 2323;
v0x5611063a7130_2324 .array/port v0x5611063a7130, 2324;
v0x5611063a7130_2325 .array/port v0x5611063a7130, 2325;
v0x5611063a7130_2326 .array/port v0x5611063a7130, 2326;
E_0x56110637b490/581 .event anyedge, v0x5611063a7130_2323, v0x5611063a7130_2324, v0x5611063a7130_2325, v0x5611063a7130_2326;
v0x5611063a7130_2327 .array/port v0x5611063a7130, 2327;
v0x5611063a7130_2328 .array/port v0x5611063a7130, 2328;
v0x5611063a7130_2329 .array/port v0x5611063a7130, 2329;
v0x5611063a7130_2330 .array/port v0x5611063a7130, 2330;
E_0x56110637b490/582 .event anyedge, v0x5611063a7130_2327, v0x5611063a7130_2328, v0x5611063a7130_2329, v0x5611063a7130_2330;
v0x5611063a7130_2331 .array/port v0x5611063a7130, 2331;
v0x5611063a7130_2332 .array/port v0x5611063a7130, 2332;
v0x5611063a7130_2333 .array/port v0x5611063a7130, 2333;
v0x5611063a7130_2334 .array/port v0x5611063a7130, 2334;
E_0x56110637b490/583 .event anyedge, v0x5611063a7130_2331, v0x5611063a7130_2332, v0x5611063a7130_2333, v0x5611063a7130_2334;
v0x5611063a7130_2335 .array/port v0x5611063a7130, 2335;
v0x5611063a7130_2336 .array/port v0x5611063a7130, 2336;
v0x5611063a7130_2337 .array/port v0x5611063a7130, 2337;
v0x5611063a7130_2338 .array/port v0x5611063a7130, 2338;
E_0x56110637b490/584 .event anyedge, v0x5611063a7130_2335, v0x5611063a7130_2336, v0x5611063a7130_2337, v0x5611063a7130_2338;
v0x5611063a7130_2339 .array/port v0x5611063a7130, 2339;
v0x5611063a7130_2340 .array/port v0x5611063a7130, 2340;
v0x5611063a7130_2341 .array/port v0x5611063a7130, 2341;
v0x5611063a7130_2342 .array/port v0x5611063a7130, 2342;
E_0x56110637b490/585 .event anyedge, v0x5611063a7130_2339, v0x5611063a7130_2340, v0x5611063a7130_2341, v0x5611063a7130_2342;
v0x5611063a7130_2343 .array/port v0x5611063a7130, 2343;
v0x5611063a7130_2344 .array/port v0x5611063a7130, 2344;
v0x5611063a7130_2345 .array/port v0x5611063a7130, 2345;
v0x5611063a7130_2346 .array/port v0x5611063a7130, 2346;
E_0x56110637b490/586 .event anyedge, v0x5611063a7130_2343, v0x5611063a7130_2344, v0x5611063a7130_2345, v0x5611063a7130_2346;
v0x5611063a7130_2347 .array/port v0x5611063a7130, 2347;
v0x5611063a7130_2348 .array/port v0x5611063a7130, 2348;
v0x5611063a7130_2349 .array/port v0x5611063a7130, 2349;
v0x5611063a7130_2350 .array/port v0x5611063a7130, 2350;
E_0x56110637b490/587 .event anyedge, v0x5611063a7130_2347, v0x5611063a7130_2348, v0x5611063a7130_2349, v0x5611063a7130_2350;
v0x5611063a7130_2351 .array/port v0x5611063a7130, 2351;
v0x5611063a7130_2352 .array/port v0x5611063a7130, 2352;
v0x5611063a7130_2353 .array/port v0x5611063a7130, 2353;
v0x5611063a7130_2354 .array/port v0x5611063a7130, 2354;
E_0x56110637b490/588 .event anyedge, v0x5611063a7130_2351, v0x5611063a7130_2352, v0x5611063a7130_2353, v0x5611063a7130_2354;
v0x5611063a7130_2355 .array/port v0x5611063a7130, 2355;
v0x5611063a7130_2356 .array/port v0x5611063a7130, 2356;
v0x5611063a7130_2357 .array/port v0x5611063a7130, 2357;
v0x5611063a7130_2358 .array/port v0x5611063a7130, 2358;
E_0x56110637b490/589 .event anyedge, v0x5611063a7130_2355, v0x5611063a7130_2356, v0x5611063a7130_2357, v0x5611063a7130_2358;
v0x5611063a7130_2359 .array/port v0x5611063a7130, 2359;
v0x5611063a7130_2360 .array/port v0x5611063a7130, 2360;
v0x5611063a7130_2361 .array/port v0x5611063a7130, 2361;
v0x5611063a7130_2362 .array/port v0x5611063a7130, 2362;
E_0x56110637b490/590 .event anyedge, v0x5611063a7130_2359, v0x5611063a7130_2360, v0x5611063a7130_2361, v0x5611063a7130_2362;
v0x5611063a7130_2363 .array/port v0x5611063a7130, 2363;
v0x5611063a7130_2364 .array/port v0x5611063a7130, 2364;
v0x5611063a7130_2365 .array/port v0x5611063a7130, 2365;
v0x5611063a7130_2366 .array/port v0x5611063a7130, 2366;
E_0x56110637b490/591 .event anyedge, v0x5611063a7130_2363, v0x5611063a7130_2364, v0x5611063a7130_2365, v0x5611063a7130_2366;
v0x5611063a7130_2367 .array/port v0x5611063a7130, 2367;
v0x5611063a7130_2368 .array/port v0x5611063a7130, 2368;
v0x5611063a7130_2369 .array/port v0x5611063a7130, 2369;
v0x5611063a7130_2370 .array/port v0x5611063a7130, 2370;
E_0x56110637b490/592 .event anyedge, v0x5611063a7130_2367, v0x5611063a7130_2368, v0x5611063a7130_2369, v0x5611063a7130_2370;
v0x5611063a7130_2371 .array/port v0x5611063a7130, 2371;
v0x5611063a7130_2372 .array/port v0x5611063a7130, 2372;
v0x5611063a7130_2373 .array/port v0x5611063a7130, 2373;
v0x5611063a7130_2374 .array/port v0x5611063a7130, 2374;
E_0x56110637b490/593 .event anyedge, v0x5611063a7130_2371, v0x5611063a7130_2372, v0x5611063a7130_2373, v0x5611063a7130_2374;
v0x5611063a7130_2375 .array/port v0x5611063a7130, 2375;
v0x5611063a7130_2376 .array/port v0x5611063a7130, 2376;
v0x5611063a7130_2377 .array/port v0x5611063a7130, 2377;
v0x5611063a7130_2378 .array/port v0x5611063a7130, 2378;
E_0x56110637b490/594 .event anyedge, v0x5611063a7130_2375, v0x5611063a7130_2376, v0x5611063a7130_2377, v0x5611063a7130_2378;
v0x5611063a7130_2379 .array/port v0x5611063a7130, 2379;
v0x5611063a7130_2380 .array/port v0x5611063a7130, 2380;
v0x5611063a7130_2381 .array/port v0x5611063a7130, 2381;
v0x5611063a7130_2382 .array/port v0x5611063a7130, 2382;
E_0x56110637b490/595 .event anyedge, v0x5611063a7130_2379, v0x5611063a7130_2380, v0x5611063a7130_2381, v0x5611063a7130_2382;
v0x5611063a7130_2383 .array/port v0x5611063a7130, 2383;
v0x5611063a7130_2384 .array/port v0x5611063a7130, 2384;
v0x5611063a7130_2385 .array/port v0x5611063a7130, 2385;
v0x5611063a7130_2386 .array/port v0x5611063a7130, 2386;
E_0x56110637b490/596 .event anyedge, v0x5611063a7130_2383, v0x5611063a7130_2384, v0x5611063a7130_2385, v0x5611063a7130_2386;
v0x5611063a7130_2387 .array/port v0x5611063a7130, 2387;
v0x5611063a7130_2388 .array/port v0x5611063a7130, 2388;
v0x5611063a7130_2389 .array/port v0x5611063a7130, 2389;
v0x5611063a7130_2390 .array/port v0x5611063a7130, 2390;
E_0x56110637b490/597 .event anyedge, v0x5611063a7130_2387, v0x5611063a7130_2388, v0x5611063a7130_2389, v0x5611063a7130_2390;
v0x5611063a7130_2391 .array/port v0x5611063a7130, 2391;
v0x5611063a7130_2392 .array/port v0x5611063a7130, 2392;
v0x5611063a7130_2393 .array/port v0x5611063a7130, 2393;
v0x5611063a7130_2394 .array/port v0x5611063a7130, 2394;
E_0x56110637b490/598 .event anyedge, v0x5611063a7130_2391, v0x5611063a7130_2392, v0x5611063a7130_2393, v0x5611063a7130_2394;
v0x5611063a7130_2395 .array/port v0x5611063a7130, 2395;
v0x5611063a7130_2396 .array/port v0x5611063a7130, 2396;
v0x5611063a7130_2397 .array/port v0x5611063a7130, 2397;
v0x5611063a7130_2398 .array/port v0x5611063a7130, 2398;
E_0x56110637b490/599 .event anyedge, v0x5611063a7130_2395, v0x5611063a7130_2396, v0x5611063a7130_2397, v0x5611063a7130_2398;
v0x5611063a7130_2399 .array/port v0x5611063a7130, 2399;
v0x5611063a7130_2400 .array/port v0x5611063a7130, 2400;
v0x5611063a7130_2401 .array/port v0x5611063a7130, 2401;
v0x5611063a7130_2402 .array/port v0x5611063a7130, 2402;
E_0x56110637b490/600 .event anyedge, v0x5611063a7130_2399, v0x5611063a7130_2400, v0x5611063a7130_2401, v0x5611063a7130_2402;
v0x5611063a7130_2403 .array/port v0x5611063a7130, 2403;
v0x5611063a7130_2404 .array/port v0x5611063a7130, 2404;
v0x5611063a7130_2405 .array/port v0x5611063a7130, 2405;
v0x5611063a7130_2406 .array/port v0x5611063a7130, 2406;
E_0x56110637b490/601 .event anyedge, v0x5611063a7130_2403, v0x5611063a7130_2404, v0x5611063a7130_2405, v0x5611063a7130_2406;
v0x5611063a7130_2407 .array/port v0x5611063a7130, 2407;
v0x5611063a7130_2408 .array/port v0x5611063a7130, 2408;
v0x5611063a7130_2409 .array/port v0x5611063a7130, 2409;
v0x5611063a7130_2410 .array/port v0x5611063a7130, 2410;
E_0x56110637b490/602 .event anyedge, v0x5611063a7130_2407, v0x5611063a7130_2408, v0x5611063a7130_2409, v0x5611063a7130_2410;
v0x5611063a7130_2411 .array/port v0x5611063a7130, 2411;
v0x5611063a7130_2412 .array/port v0x5611063a7130, 2412;
v0x5611063a7130_2413 .array/port v0x5611063a7130, 2413;
v0x5611063a7130_2414 .array/port v0x5611063a7130, 2414;
E_0x56110637b490/603 .event anyedge, v0x5611063a7130_2411, v0x5611063a7130_2412, v0x5611063a7130_2413, v0x5611063a7130_2414;
v0x5611063a7130_2415 .array/port v0x5611063a7130, 2415;
v0x5611063a7130_2416 .array/port v0x5611063a7130, 2416;
v0x5611063a7130_2417 .array/port v0x5611063a7130, 2417;
v0x5611063a7130_2418 .array/port v0x5611063a7130, 2418;
E_0x56110637b490/604 .event anyedge, v0x5611063a7130_2415, v0x5611063a7130_2416, v0x5611063a7130_2417, v0x5611063a7130_2418;
v0x5611063a7130_2419 .array/port v0x5611063a7130, 2419;
v0x5611063a7130_2420 .array/port v0x5611063a7130, 2420;
v0x5611063a7130_2421 .array/port v0x5611063a7130, 2421;
v0x5611063a7130_2422 .array/port v0x5611063a7130, 2422;
E_0x56110637b490/605 .event anyedge, v0x5611063a7130_2419, v0x5611063a7130_2420, v0x5611063a7130_2421, v0x5611063a7130_2422;
v0x5611063a7130_2423 .array/port v0x5611063a7130, 2423;
v0x5611063a7130_2424 .array/port v0x5611063a7130, 2424;
v0x5611063a7130_2425 .array/port v0x5611063a7130, 2425;
v0x5611063a7130_2426 .array/port v0x5611063a7130, 2426;
E_0x56110637b490/606 .event anyedge, v0x5611063a7130_2423, v0x5611063a7130_2424, v0x5611063a7130_2425, v0x5611063a7130_2426;
v0x5611063a7130_2427 .array/port v0x5611063a7130, 2427;
v0x5611063a7130_2428 .array/port v0x5611063a7130, 2428;
v0x5611063a7130_2429 .array/port v0x5611063a7130, 2429;
v0x5611063a7130_2430 .array/port v0x5611063a7130, 2430;
E_0x56110637b490/607 .event anyedge, v0x5611063a7130_2427, v0x5611063a7130_2428, v0x5611063a7130_2429, v0x5611063a7130_2430;
v0x5611063a7130_2431 .array/port v0x5611063a7130, 2431;
v0x5611063a7130_2432 .array/port v0x5611063a7130, 2432;
v0x5611063a7130_2433 .array/port v0x5611063a7130, 2433;
v0x5611063a7130_2434 .array/port v0x5611063a7130, 2434;
E_0x56110637b490/608 .event anyedge, v0x5611063a7130_2431, v0x5611063a7130_2432, v0x5611063a7130_2433, v0x5611063a7130_2434;
v0x5611063a7130_2435 .array/port v0x5611063a7130, 2435;
v0x5611063a7130_2436 .array/port v0x5611063a7130, 2436;
v0x5611063a7130_2437 .array/port v0x5611063a7130, 2437;
v0x5611063a7130_2438 .array/port v0x5611063a7130, 2438;
E_0x56110637b490/609 .event anyedge, v0x5611063a7130_2435, v0x5611063a7130_2436, v0x5611063a7130_2437, v0x5611063a7130_2438;
v0x5611063a7130_2439 .array/port v0x5611063a7130, 2439;
v0x5611063a7130_2440 .array/port v0x5611063a7130, 2440;
v0x5611063a7130_2441 .array/port v0x5611063a7130, 2441;
v0x5611063a7130_2442 .array/port v0x5611063a7130, 2442;
E_0x56110637b490/610 .event anyedge, v0x5611063a7130_2439, v0x5611063a7130_2440, v0x5611063a7130_2441, v0x5611063a7130_2442;
v0x5611063a7130_2443 .array/port v0x5611063a7130, 2443;
v0x5611063a7130_2444 .array/port v0x5611063a7130, 2444;
v0x5611063a7130_2445 .array/port v0x5611063a7130, 2445;
v0x5611063a7130_2446 .array/port v0x5611063a7130, 2446;
E_0x56110637b490/611 .event anyedge, v0x5611063a7130_2443, v0x5611063a7130_2444, v0x5611063a7130_2445, v0x5611063a7130_2446;
v0x5611063a7130_2447 .array/port v0x5611063a7130, 2447;
v0x5611063a7130_2448 .array/port v0x5611063a7130, 2448;
v0x5611063a7130_2449 .array/port v0x5611063a7130, 2449;
v0x5611063a7130_2450 .array/port v0x5611063a7130, 2450;
E_0x56110637b490/612 .event anyedge, v0x5611063a7130_2447, v0x5611063a7130_2448, v0x5611063a7130_2449, v0x5611063a7130_2450;
v0x5611063a7130_2451 .array/port v0x5611063a7130, 2451;
v0x5611063a7130_2452 .array/port v0x5611063a7130, 2452;
v0x5611063a7130_2453 .array/port v0x5611063a7130, 2453;
v0x5611063a7130_2454 .array/port v0x5611063a7130, 2454;
E_0x56110637b490/613 .event anyedge, v0x5611063a7130_2451, v0x5611063a7130_2452, v0x5611063a7130_2453, v0x5611063a7130_2454;
v0x5611063a7130_2455 .array/port v0x5611063a7130, 2455;
v0x5611063a7130_2456 .array/port v0x5611063a7130, 2456;
v0x5611063a7130_2457 .array/port v0x5611063a7130, 2457;
v0x5611063a7130_2458 .array/port v0x5611063a7130, 2458;
E_0x56110637b490/614 .event anyedge, v0x5611063a7130_2455, v0x5611063a7130_2456, v0x5611063a7130_2457, v0x5611063a7130_2458;
v0x5611063a7130_2459 .array/port v0x5611063a7130, 2459;
v0x5611063a7130_2460 .array/port v0x5611063a7130, 2460;
v0x5611063a7130_2461 .array/port v0x5611063a7130, 2461;
v0x5611063a7130_2462 .array/port v0x5611063a7130, 2462;
E_0x56110637b490/615 .event anyedge, v0x5611063a7130_2459, v0x5611063a7130_2460, v0x5611063a7130_2461, v0x5611063a7130_2462;
v0x5611063a7130_2463 .array/port v0x5611063a7130, 2463;
v0x5611063a7130_2464 .array/port v0x5611063a7130, 2464;
v0x5611063a7130_2465 .array/port v0x5611063a7130, 2465;
v0x5611063a7130_2466 .array/port v0x5611063a7130, 2466;
E_0x56110637b490/616 .event anyedge, v0x5611063a7130_2463, v0x5611063a7130_2464, v0x5611063a7130_2465, v0x5611063a7130_2466;
v0x5611063a7130_2467 .array/port v0x5611063a7130, 2467;
v0x5611063a7130_2468 .array/port v0x5611063a7130, 2468;
v0x5611063a7130_2469 .array/port v0x5611063a7130, 2469;
v0x5611063a7130_2470 .array/port v0x5611063a7130, 2470;
E_0x56110637b490/617 .event anyedge, v0x5611063a7130_2467, v0x5611063a7130_2468, v0x5611063a7130_2469, v0x5611063a7130_2470;
v0x5611063a7130_2471 .array/port v0x5611063a7130, 2471;
v0x5611063a7130_2472 .array/port v0x5611063a7130, 2472;
v0x5611063a7130_2473 .array/port v0x5611063a7130, 2473;
v0x5611063a7130_2474 .array/port v0x5611063a7130, 2474;
E_0x56110637b490/618 .event anyedge, v0x5611063a7130_2471, v0x5611063a7130_2472, v0x5611063a7130_2473, v0x5611063a7130_2474;
v0x5611063a7130_2475 .array/port v0x5611063a7130, 2475;
v0x5611063a7130_2476 .array/port v0x5611063a7130, 2476;
v0x5611063a7130_2477 .array/port v0x5611063a7130, 2477;
v0x5611063a7130_2478 .array/port v0x5611063a7130, 2478;
E_0x56110637b490/619 .event anyedge, v0x5611063a7130_2475, v0x5611063a7130_2476, v0x5611063a7130_2477, v0x5611063a7130_2478;
v0x5611063a7130_2479 .array/port v0x5611063a7130, 2479;
v0x5611063a7130_2480 .array/port v0x5611063a7130, 2480;
v0x5611063a7130_2481 .array/port v0x5611063a7130, 2481;
v0x5611063a7130_2482 .array/port v0x5611063a7130, 2482;
E_0x56110637b490/620 .event anyedge, v0x5611063a7130_2479, v0x5611063a7130_2480, v0x5611063a7130_2481, v0x5611063a7130_2482;
v0x5611063a7130_2483 .array/port v0x5611063a7130, 2483;
v0x5611063a7130_2484 .array/port v0x5611063a7130, 2484;
v0x5611063a7130_2485 .array/port v0x5611063a7130, 2485;
v0x5611063a7130_2486 .array/port v0x5611063a7130, 2486;
E_0x56110637b490/621 .event anyedge, v0x5611063a7130_2483, v0x5611063a7130_2484, v0x5611063a7130_2485, v0x5611063a7130_2486;
v0x5611063a7130_2487 .array/port v0x5611063a7130, 2487;
v0x5611063a7130_2488 .array/port v0x5611063a7130, 2488;
v0x5611063a7130_2489 .array/port v0x5611063a7130, 2489;
v0x5611063a7130_2490 .array/port v0x5611063a7130, 2490;
E_0x56110637b490/622 .event anyedge, v0x5611063a7130_2487, v0x5611063a7130_2488, v0x5611063a7130_2489, v0x5611063a7130_2490;
v0x5611063a7130_2491 .array/port v0x5611063a7130, 2491;
v0x5611063a7130_2492 .array/port v0x5611063a7130, 2492;
v0x5611063a7130_2493 .array/port v0x5611063a7130, 2493;
v0x5611063a7130_2494 .array/port v0x5611063a7130, 2494;
E_0x56110637b490/623 .event anyedge, v0x5611063a7130_2491, v0x5611063a7130_2492, v0x5611063a7130_2493, v0x5611063a7130_2494;
v0x5611063a7130_2495 .array/port v0x5611063a7130, 2495;
v0x5611063a7130_2496 .array/port v0x5611063a7130, 2496;
v0x5611063a7130_2497 .array/port v0x5611063a7130, 2497;
v0x5611063a7130_2498 .array/port v0x5611063a7130, 2498;
E_0x56110637b490/624 .event anyedge, v0x5611063a7130_2495, v0x5611063a7130_2496, v0x5611063a7130_2497, v0x5611063a7130_2498;
v0x5611063a7130_2499 .array/port v0x5611063a7130, 2499;
v0x5611063a7130_2500 .array/port v0x5611063a7130, 2500;
v0x5611063a7130_2501 .array/port v0x5611063a7130, 2501;
v0x5611063a7130_2502 .array/port v0x5611063a7130, 2502;
E_0x56110637b490/625 .event anyedge, v0x5611063a7130_2499, v0x5611063a7130_2500, v0x5611063a7130_2501, v0x5611063a7130_2502;
v0x5611063a7130_2503 .array/port v0x5611063a7130, 2503;
v0x5611063a7130_2504 .array/port v0x5611063a7130, 2504;
v0x5611063a7130_2505 .array/port v0x5611063a7130, 2505;
v0x5611063a7130_2506 .array/port v0x5611063a7130, 2506;
E_0x56110637b490/626 .event anyedge, v0x5611063a7130_2503, v0x5611063a7130_2504, v0x5611063a7130_2505, v0x5611063a7130_2506;
v0x5611063a7130_2507 .array/port v0x5611063a7130, 2507;
v0x5611063a7130_2508 .array/port v0x5611063a7130, 2508;
v0x5611063a7130_2509 .array/port v0x5611063a7130, 2509;
v0x5611063a7130_2510 .array/port v0x5611063a7130, 2510;
E_0x56110637b490/627 .event anyedge, v0x5611063a7130_2507, v0x5611063a7130_2508, v0x5611063a7130_2509, v0x5611063a7130_2510;
v0x5611063a7130_2511 .array/port v0x5611063a7130, 2511;
v0x5611063a7130_2512 .array/port v0x5611063a7130, 2512;
v0x5611063a7130_2513 .array/port v0x5611063a7130, 2513;
v0x5611063a7130_2514 .array/port v0x5611063a7130, 2514;
E_0x56110637b490/628 .event anyedge, v0x5611063a7130_2511, v0x5611063a7130_2512, v0x5611063a7130_2513, v0x5611063a7130_2514;
v0x5611063a7130_2515 .array/port v0x5611063a7130, 2515;
v0x5611063a7130_2516 .array/port v0x5611063a7130, 2516;
v0x5611063a7130_2517 .array/port v0x5611063a7130, 2517;
v0x5611063a7130_2518 .array/port v0x5611063a7130, 2518;
E_0x56110637b490/629 .event anyedge, v0x5611063a7130_2515, v0x5611063a7130_2516, v0x5611063a7130_2517, v0x5611063a7130_2518;
v0x5611063a7130_2519 .array/port v0x5611063a7130, 2519;
v0x5611063a7130_2520 .array/port v0x5611063a7130, 2520;
v0x5611063a7130_2521 .array/port v0x5611063a7130, 2521;
v0x5611063a7130_2522 .array/port v0x5611063a7130, 2522;
E_0x56110637b490/630 .event anyedge, v0x5611063a7130_2519, v0x5611063a7130_2520, v0x5611063a7130_2521, v0x5611063a7130_2522;
v0x5611063a7130_2523 .array/port v0x5611063a7130, 2523;
v0x5611063a7130_2524 .array/port v0x5611063a7130, 2524;
v0x5611063a7130_2525 .array/port v0x5611063a7130, 2525;
v0x5611063a7130_2526 .array/port v0x5611063a7130, 2526;
E_0x56110637b490/631 .event anyedge, v0x5611063a7130_2523, v0x5611063a7130_2524, v0x5611063a7130_2525, v0x5611063a7130_2526;
v0x5611063a7130_2527 .array/port v0x5611063a7130, 2527;
v0x5611063a7130_2528 .array/port v0x5611063a7130, 2528;
v0x5611063a7130_2529 .array/port v0x5611063a7130, 2529;
v0x5611063a7130_2530 .array/port v0x5611063a7130, 2530;
E_0x56110637b490/632 .event anyedge, v0x5611063a7130_2527, v0x5611063a7130_2528, v0x5611063a7130_2529, v0x5611063a7130_2530;
v0x5611063a7130_2531 .array/port v0x5611063a7130, 2531;
v0x5611063a7130_2532 .array/port v0x5611063a7130, 2532;
v0x5611063a7130_2533 .array/port v0x5611063a7130, 2533;
v0x5611063a7130_2534 .array/port v0x5611063a7130, 2534;
E_0x56110637b490/633 .event anyedge, v0x5611063a7130_2531, v0x5611063a7130_2532, v0x5611063a7130_2533, v0x5611063a7130_2534;
v0x5611063a7130_2535 .array/port v0x5611063a7130, 2535;
v0x5611063a7130_2536 .array/port v0x5611063a7130, 2536;
v0x5611063a7130_2537 .array/port v0x5611063a7130, 2537;
v0x5611063a7130_2538 .array/port v0x5611063a7130, 2538;
E_0x56110637b490/634 .event anyedge, v0x5611063a7130_2535, v0x5611063a7130_2536, v0x5611063a7130_2537, v0x5611063a7130_2538;
v0x5611063a7130_2539 .array/port v0x5611063a7130, 2539;
v0x5611063a7130_2540 .array/port v0x5611063a7130, 2540;
v0x5611063a7130_2541 .array/port v0x5611063a7130, 2541;
v0x5611063a7130_2542 .array/port v0x5611063a7130, 2542;
E_0x56110637b490/635 .event anyedge, v0x5611063a7130_2539, v0x5611063a7130_2540, v0x5611063a7130_2541, v0x5611063a7130_2542;
v0x5611063a7130_2543 .array/port v0x5611063a7130, 2543;
v0x5611063a7130_2544 .array/port v0x5611063a7130, 2544;
v0x5611063a7130_2545 .array/port v0x5611063a7130, 2545;
v0x5611063a7130_2546 .array/port v0x5611063a7130, 2546;
E_0x56110637b490/636 .event anyedge, v0x5611063a7130_2543, v0x5611063a7130_2544, v0x5611063a7130_2545, v0x5611063a7130_2546;
v0x5611063a7130_2547 .array/port v0x5611063a7130, 2547;
v0x5611063a7130_2548 .array/port v0x5611063a7130, 2548;
v0x5611063a7130_2549 .array/port v0x5611063a7130, 2549;
v0x5611063a7130_2550 .array/port v0x5611063a7130, 2550;
E_0x56110637b490/637 .event anyedge, v0x5611063a7130_2547, v0x5611063a7130_2548, v0x5611063a7130_2549, v0x5611063a7130_2550;
v0x5611063a7130_2551 .array/port v0x5611063a7130, 2551;
v0x5611063a7130_2552 .array/port v0x5611063a7130, 2552;
v0x5611063a7130_2553 .array/port v0x5611063a7130, 2553;
v0x5611063a7130_2554 .array/port v0x5611063a7130, 2554;
E_0x56110637b490/638 .event anyedge, v0x5611063a7130_2551, v0x5611063a7130_2552, v0x5611063a7130_2553, v0x5611063a7130_2554;
v0x5611063a7130_2555 .array/port v0x5611063a7130, 2555;
v0x5611063a7130_2556 .array/port v0x5611063a7130, 2556;
v0x5611063a7130_2557 .array/port v0x5611063a7130, 2557;
v0x5611063a7130_2558 .array/port v0x5611063a7130, 2558;
E_0x56110637b490/639 .event anyedge, v0x5611063a7130_2555, v0x5611063a7130_2556, v0x5611063a7130_2557, v0x5611063a7130_2558;
v0x5611063a7130_2559 .array/port v0x5611063a7130, 2559;
v0x5611063a7130_2560 .array/port v0x5611063a7130, 2560;
v0x5611063a7130_2561 .array/port v0x5611063a7130, 2561;
v0x5611063a7130_2562 .array/port v0x5611063a7130, 2562;
E_0x56110637b490/640 .event anyedge, v0x5611063a7130_2559, v0x5611063a7130_2560, v0x5611063a7130_2561, v0x5611063a7130_2562;
v0x5611063a7130_2563 .array/port v0x5611063a7130, 2563;
v0x5611063a7130_2564 .array/port v0x5611063a7130, 2564;
v0x5611063a7130_2565 .array/port v0x5611063a7130, 2565;
v0x5611063a7130_2566 .array/port v0x5611063a7130, 2566;
E_0x56110637b490/641 .event anyedge, v0x5611063a7130_2563, v0x5611063a7130_2564, v0x5611063a7130_2565, v0x5611063a7130_2566;
v0x5611063a7130_2567 .array/port v0x5611063a7130, 2567;
v0x5611063a7130_2568 .array/port v0x5611063a7130, 2568;
v0x5611063a7130_2569 .array/port v0x5611063a7130, 2569;
v0x5611063a7130_2570 .array/port v0x5611063a7130, 2570;
E_0x56110637b490/642 .event anyedge, v0x5611063a7130_2567, v0x5611063a7130_2568, v0x5611063a7130_2569, v0x5611063a7130_2570;
v0x5611063a7130_2571 .array/port v0x5611063a7130, 2571;
v0x5611063a7130_2572 .array/port v0x5611063a7130, 2572;
v0x5611063a7130_2573 .array/port v0x5611063a7130, 2573;
v0x5611063a7130_2574 .array/port v0x5611063a7130, 2574;
E_0x56110637b490/643 .event anyedge, v0x5611063a7130_2571, v0x5611063a7130_2572, v0x5611063a7130_2573, v0x5611063a7130_2574;
v0x5611063a7130_2575 .array/port v0x5611063a7130, 2575;
v0x5611063a7130_2576 .array/port v0x5611063a7130, 2576;
v0x5611063a7130_2577 .array/port v0x5611063a7130, 2577;
v0x5611063a7130_2578 .array/port v0x5611063a7130, 2578;
E_0x56110637b490/644 .event anyedge, v0x5611063a7130_2575, v0x5611063a7130_2576, v0x5611063a7130_2577, v0x5611063a7130_2578;
v0x5611063a7130_2579 .array/port v0x5611063a7130, 2579;
v0x5611063a7130_2580 .array/port v0x5611063a7130, 2580;
v0x5611063a7130_2581 .array/port v0x5611063a7130, 2581;
v0x5611063a7130_2582 .array/port v0x5611063a7130, 2582;
E_0x56110637b490/645 .event anyedge, v0x5611063a7130_2579, v0x5611063a7130_2580, v0x5611063a7130_2581, v0x5611063a7130_2582;
v0x5611063a7130_2583 .array/port v0x5611063a7130, 2583;
v0x5611063a7130_2584 .array/port v0x5611063a7130, 2584;
v0x5611063a7130_2585 .array/port v0x5611063a7130, 2585;
v0x5611063a7130_2586 .array/port v0x5611063a7130, 2586;
E_0x56110637b490/646 .event anyedge, v0x5611063a7130_2583, v0x5611063a7130_2584, v0x5611063a7130_2585, v0x5611063a7130_2586;
v0x5611063a7130_2587 .array/port v0x5611063a7130, 2587;
v0x5611063a7130_2588 .array/port v0x5611063a7130, 2588;
v0x5611063a7130_2589 .array/port v0x5611063a7130, 2589;
v0x5611063a7130_2590 .array/port v0x5611063a7130, 2590;
E_0x56110637b490/647 .event anyedge, v0x5611063a7130_2587, v0x5611063a7130_2588, v0x5611063a7130_2589, v0x5611063a7130_2590;
v0x5611063a7130_2591 .array/port v0x5611063a7130, 2591;
v0x5611063a7130_2592 .array/port v0x5611063a7130, 2592;
v0x5611063a7130_2593 .array/port v0x5611063a7130, 2593;
v0x5611063a7130_2594 .array/port v0x5611063a7130, 2594;
E_0x56110637b490/648 .event anyedge, v0x5611063a7130_2591, v0x5611063a7130_2592, v0x5611063a7130_2593, v0x5611063a7130_2594;
v0x5611063a7130_2595 .array/port v0x5611063a7130, 2595;
v0x5611063a7130_2596 .array/port v0x5611063a7130, 2596;
v0x5611063a7130_2597 .array/port v0x5611063a7130, 2597;
v0x5611063a7130_2598 .array/port v0x5611063a7130, 2598;
E_0x56110637b490/649 .event anyedge, v0x5611063a7130_2595, v0x5611063a7130_2596, v0x5611063a7130_2597, v0x5611063a7130_2598;
v0x5611063a7130_2599 .array/port v0x5611063a7130, 2599;
v0x5611063a7130_2600 .array/port v0x5611063a7130, 2600;
v0x5611063a7130_2601 .array/port v0x5611063a7130, 2601;
v0x5611063a7130_2602 .array/port v0x5611063a7130, 2602;
E_0x56110637b490/650 .event anyedge, v0x5611063a7130_2599, v0x5611063a7130_2600, v0x5611063a7130_2601, v0x5611063a7130_2602;
v0x5611063a7130_2603 .array/port v0x5611063a7130, 2603;
v0x5611063a7130_2604 .array/port v0x5611063a7130, 2604;
v0x5611063a7130_2605 .array/port v0x5611063a7130, 2605;
v0x5611063a7130_2606 .array/port v0x5611063a7130, 2606;
E_0x56110637b490/651 .event anyedge, v0x5611063a7130_2603, v0x5611063a7130_2604, v0x5611063a7130_2605, v0x5611063a7130_2606;
v0x5611063a7130_2607 .array/port v0x5611063a7130, 2607;
v0x5611063a7130_2608 .array/port v0x5611063a7130, 2608;
v0x5611063a7130_2609 .array/port v0x5611063a7130, 2609;
v0x5611063a7130_2610 .array/port v0x5611063a7130, 2610;
E_0x56110637b490/652 .event anyedge, v0x5611063a7130_2607, v0x5611063a7130_2608, v0x5611063a7130_2609, v0x5611063a7130_2610;
v0x5611063a7130_2611 .array/port v0x5611063a7130, 2611;
v0x5611063a7130_2612 .array/port v0x5611063a7130, 2612;
v0x5611063a7130_2613 .array/port v0x5611063a7130, 2613;
v0x5611063a7130_2614 .array/port v0x5611063a7130, 2614;
E_0x56110637b490/653 .event anyedge, v0x5611063a7130_2611, v0x5611063a7130_2612, v0x5611063a7130_2613, v0x5611063a7130_2614;
v0x5611063a7130_2615 .array/port v0x5611063a7130, 2615;
v0x5611063a7130_2616 .array/port v0x5611063a7130, 2616;
v0x5611063a7130_2617 .array/port v0x5611063a7130, 2617;
v0x5611063a7130_2618 .array/port v0x5611063a7130, 2618;
E_0x56110637b490/654 .event anyedge, v0x5611063a7130_2615, v0x5611063a7130_2616, v0x5611063a7130_2617, v0x5611063a7130_2618;
v0x5611063a7130_2619 .array/port v0x5611063a7130, 2619;
v0x5611063a7130_2620 .array/port v0x5611063a7130, 2620;
v0x5611063a7130_2621 .array/port v0x5611063a7130, 2621;
v0x5611063a7130_2622 .array/port v0x5611063a7130, 2622;
E_0x56110637b490/655 .event anyedge, v0x5611063a7130_2619, v0x5611063a7130_2620, v0x5611063a7130_2621, v0x5611063a7130_2622;
v0x5611063a7130_2623 .array/port v0x5611063a7130, 2623;
v0x5611063a7130_2624 .array/port v0x5611063a7130, 2624;
v0x5611063a7130_2625 .array/port v0x5611063a7130, 2625;
v0x5611063a7130_2626 .array/port v0x5611063a7130, 2626;
E_0x56110637b490/656 .event anyedge, v0x5611063a7130_2623, v0x5611063a7130_2624, v0x5611063a7130_2625, v0x5611063a7130_2626;
v0x5611063a7130_2627 .array/port v0x5611063a7130, 2627;
v0x5611063a7130_2628 .array/port v0x5611063a7130, 2628;
v0x5611063a7130_2629 .array/port v0x5611063a7130, 2629;
v0x5611063a7130_2630 .array/port v0x5611063a7130, 2630;
E_0x56110637b490/657 .event anyedge, v0x5611063a7130_2627, v0x5611063a7130_2628, v0x5611063a7130_2629, v0x5611063a7130_2630;
v0x5611063a7130_2631 .array/port v0x5611063a7130, 2631;
v0x5611063a7130_2632 .array/port v0x5611063a7130, 2632;
v0x5611063a7130_2633 .array/port v0x5611063a7130, 2633;
v0x5611063a7130_2634 .array/port v0x5611063a7130, 2634;
E_0x56110637b490/658 .event anyedge, v0x5611063a7130_2631, v0x5611063a7130_2632, v0x5611063a7130_2633, v0x5611063a7130_2634;
v0x5611063a7130_2635 .array/port v0x5611063a7130, 2635;
v0x5611063a7130_2636 .array/port v0x5611063a7130, 2636;
v0x5611063a7130_2637 .array/port v0x5611063a7130, 2637;
v0x5611063a7130_2638 .array/port v0x5611063a7130, 2638;
E_0x56110637b490/659 .event anyedge, v0x5611063a7130_2635, v0x5611063a7130_2636, v0x5611063a7130_2637, v0x5611063a7130_2638;
v0x5611063a7130_2639 .array/port v0x5611063a7130, 2639;
v0x5611063a7130_2640 .array/port v0x5611063a7130, 2640;
v0x5611063a7130_2641 .array/port v0x5611063a7130, 2641;
v0x5611063a7130_2642 .array/port v0x5611063a7130, 2642;
E_0x56110637b490/660 .event anyedge, v0x5611063a7130_2639, v0x5611063a7130_2640, v0x5611063a7130_2641, v0x5611063a7130_2642;
v0x5611063a7130_2643 .array/port v0x5611063a7130, 2643;
v0x5611063a7130_2644 .array/port v0x5611063a7130, 2644;
v0x5611063a7130_2645 .array/port v0x5611063a7130, 2645;
v0x5611063a7130_2646 .array/port v0x5611063a7130, 2646;
E_0x56110637b490/661 .event anyedge, v0x5611063a7130_2643, v0x5611063a7130_2644, v0x5611063a7130_2645, v0x5611063a7130_2646;
v0x5611063a7130_2647 .array/port v0x5611063a7130, 2647;
v0x5611063a7130_2648 .array/port v0x5611063a7130, 2648;
v0x5611063a7130_2649 .array/port v0x5611063a7130, 2649;
v0x5611063a7130_2650 .array/port v0x5611063a7130, 2650;
E_0x56110637b490/662 .event anyedge, v0x5611063a7130_2647, v0x5611063a7130_2648, v0x5611063a7130_2649, v0x5611063a7130_2650;
v0x5611063a7130_2651 .array/port v0x5611063a7130, 2651;
v0x5611063a7130_2652 .array/port v0x5611063a7130, 2652;
v0x5611063a7130_2653 .array/port v0x5611063a7130, 2653;
v0x5611063a7130_2654 .array/port v0x5611063a7130, 2654;
E_0x56110637b490/663 .event anyedge, v0x5611063a7130_2651, v0x5611063a7130_2652, v0x5611063a7130_2653, v0x5611063a7130_2654;
v0x5611063a7130_2655 .array/port v0x5611063a7130, 2655;
v0x5611063a7130_2656 .array/port v0x5611063a7130, 2656;
v0x5611063a7130_2657 .array/port v0x5611063a7130, 2657;
v0x5611063a7130_2658 .array/port v0x5611063a7130, 2658;
E_0x56110637b490/664 .event anyedge, v0x5611063a7130_2655, v0x5611063a7130_2656, v0x5611063a7130_2657, v0x5611063a7130_2658;
v0x5611063a7130_2659 .array/port v0x5611063a7130, 2659;
v0x5611063a7130_2660 .array/port v0x5611063a7130, 2660;
v0x5611063a7130_2661 .array/port v0x5611063a7130, 2661;
v0x5611063a7130_2662 .array/port v0x5611063a7130, 2662;
E_0x56110637b490/665 .event anyedge, v0x5611063a7130_2659, v0x5611063a7130_2660, v0x5611063a7130_2661, v0x5611063a7130_2662;
v0x5611063a7130_2663 .array/port v0x5611063a7130, 2663;
v0x5611063a7130_2664 .array/port v0x5611063a7130, 2664;
v0x5611063a7130_2665 .array/port v0x5611063a7130, 2665;
v0x5611063a7130_2666 .array/port v0x5611063a7130, 2666;
E_0x56110637b490/666 .event anyedge, v0x5611063a7130_2663, v0x5611063a7130_2664, v0x5611063a7130_2665, v0x5611063a7130_2666;
v0x5611063a7130_2667 .array/port v0x5611063a7130, 2667;
v0x5611063a7130_2668 .array/port v0x5611063a7130, 2668;
v0x5611063a7130_2669 .array/port v0x5611063a7130, 2669;
v0x5611063a7130_2670 .array/port v0x5611063a7130, 2670;
E_0x56110637b490/667 .event anyedge, v0x5611063a7130_2667, v0x5611063a7130_2668, v0x5611063a7130_2669, v0x5611063a7130_2670;
v0x5611063a7130_2671 .array/port v0x5611063a7130, 2671;
v0x5611063a7130_2672 .array/port v0x5611063a7130, 2672;
v0x5611063a7130_2673 .array/port v0x5611063a7130, 2673;
v0x5611063a7130_2674 .array/port v0x5611063a7130, 2674;
E_0x56110637b490/668 .event anyedge, v0x5611063a7130_2671, v0x5611063a7130_2672, v0x5611063a7130_2673, v0x5611063a7130_2674;
v0x5611063a7130_2675 .array/port v0x5611063a7130, 2675;
v0x5611063a7130_2676 .array/port v0x5611063a7130, 2676;
v0x5611063a7130_2677 .array/port v0x5611063a7130, 2677;
v0x5611063a7130_2678 .array/port v0x5611063a7130, 2678;
E_0x56110637b490/669 .event anyedge, v0x5611063a7130_2675, v0x5611063a7130_2676, v0x5611063a7130_2677, v0x5611063a7130_2678;
v0x5611063a7130_2679 .array/port v0x5611063a7130, 2679;
v0x5611063a7130_2680 .array/port v0x5611063a7130, 2680;
v0x5611063a7130_2681 .array/port v0x5611063a7130, 2681;
v0x5611063a7130_2682 .array/port v0x5611063a7130, 2682;
E_0x56110637b490/670 .event anyedge, v0x5611063a7130_2679, v0x5611063a7130_2680, v0x5611063a7130_2681, v0x5611063a7130_2682;
v0x5611063a7130_2683 .array/port v0x5611063a7130, 2683;
v0x5611063a7130_2684 .array/port v0x5611063a7130, 2684;
v0x5611063a7130_2685 .array/port v0x5611063a7130, 2685;
v0x5611063a7130_2686 .array/port v0x5611063a7130, 2686;
E_0x56110637b490/671 .event anyedge, v0x5611063a7130_2683, v0x5611063a7130_2684, v0x5611063a7130_2685, v0x5611063a7130_2686;
v0x5611063a7130_2687 .array/port v0x5611063a7130, 2687;
v0x5611063a7130_2688 .array/port v0x5611063a7130, 2688;
v0x5611063a7130_2689 .array/port v0x5611063a7130, 2689;
v0x5611063a7130_2690 .array/port v0x5611063a7130, 2690;
E_0x56110637b490/672 .event anyedge, v0x5611063a7130_2687, v0x5611063a7130_2688, v0x5611063a7130_2689, v0x5611063a7130_2690;
v0x5611063a7130_2691 .array/port v0x5611063a7130, 2691;
v0x5611063a7130_2692 .array/port v0x5611063a7130, 2692;
v0x5611063a7130_2693 .array/port v0x5611063a7130, 2693;
v0x5611063a7130_2694 .array/port v0x5611063a7130, 2694;
E_0x56110637b490/673 .event anyedge, v0x5611063a7130_2691, v0x5611063a7130_2692, v0x5611063a7130_2693, v0x5611063a7130_2694;
v0x5611063a7130_2695 .array/port v0x5611063a7130, 2695;
v0x5611063a7130_2696 .array/port v0x5611063a7130, 2696;
v0x5611063a7130_2697 .array/port v0x5611063a7130, 2697;
v0x5611063a7130_2698 .array/port v0x5611063a7130, 2698;
E_0x56110637b490/674 .event anyedge, v0x5611063a7130_2695, v0x5611063a7130_2696, v0x5611063a7130_2697, v0x5611063a7130_2698;
v0x5611063a7130_2699 .array/port v0x5611063a7130, 2699;
v0x5611063a7130_2700 .array/port v0x5611063a7130, 2700;
v0x5611063a7130_2701 .array/port v0x5611063a7130, 2701;
v0x5611063a7130_2702 .array/port v0x5611063a7130, 2702;
E_0x56110637b490/675 .event anyedge, v0x5611063a7130_2699, v0x5611063a7130_2700, v0x5611063a7130_2701, v0x5611063a7130_2702;
v0x5611063a7130_2703 .array/port v0x5611063a7130, 2703;
v0x5611063a7130_2704 .array/port v0x5611063a7130, 2704;
v0x5611063a7130_2705 .array/port v0x5611063a7130, 2705;
v0x5611063a7130_2706 .array/port v0x5611063a7130, 2706;
E_0x56110637b490/676 .event anyedge, v0x5611063a7130_2703, v0x5611063a7130_2704, v0x5611063a7130_2705, v0x5611063a7130_2706;
v0x5611063a7130_2707 .array/port v0x5611063a7130, 2707;
v0x5611063a7130_2708 .array/port v0x5611063a7130, 2708;
v0x5611063a7130_2709 .array/port v0x5611063a7130, 2709;
v0x5611063a7130_2710 .array/port v0x5611063a7130, 2710;
E_0x56110637b490/677 .event anyedge, v0x5611063a7130_2707, v0x5611063a7130_2708, v0x5611063a7130_2709, v0x5611063a7130_2710;
v0x5611063a7130_2711 .array/port v0x5611063a7130, 2711;
v0x5611063a7130_2712 .array/port v0x5611063a7130, 2712;
v0x5611063a7130_2713 .array/port v0x5611063a7130, 2713;
v0x5611063a7130_2714 .array/port v0x5611063a7130, 2714;
E_0x56110637b490/678 .event anyedge, v0x5611063a7130_2711, v0x5611063a7130_2712, v0x5611063a7130_2713, v0x5611063a7130_2714;
v0x5611063a7130_2715 .array/port v0x5611063a7130, 2715;
v0x5611063a7130_2716 .array/port v0x5611063a7130, 2716;
v0x5611063a7130_2717 .array/port v0x5611063a7130, 2717;
v0x5611063a7130_2718 .array/port v0x5611063a7130, 2718;
E_0x56110637b490/679 .event anyedge, v0x5611063a7130_2715, v0x5611063a7130_2716, v0x5611063a7130_2717, v0x5611063a7130_2718;
v0x5611063a7130_2719 .array/port v0x5611063a7130, 2719;
v0x5611063a7130_2720 .array/port v0x5611063a7130, 2720;
v0x5611063a7130_2721 .array/port v0x5611063a7130, 2721;
v0x5611063a7130_2722 .array/port v0x5611063a7130, 2722;
E_0x56110637b490/680 .event anyedge, v0x5611063a7130_2719, v0x5611063a7130_2720, v0x5611063a7130_2721, v0x5611063a7130_2722;
v0x5611063a7130_2723 .array/port v0x5611063a7130, 2723;
v0x5611063a7130_2724 .array/port v0x5611063a7130, 2724;
v0x5611063a7130_2725 .array/port v0x5611063a7130, 2725;
v0x5611063a7130_2726 .array/port v0x5611063a7130, 2726;
E_0x56110637b490/681 .event anyedge, v0x5611063a7130_2723, v0x5611063a7130_2724, v0x5611063a7130_2725, v0x5611063a7130_2726;
v0x5611063a7130_2727 .array/port v0x5611063a7130, 2727;
v0x5611063a7130_2728 .array/port v0x5611063a7130, 2728;
v0x5611063a7130_2729 .array/port v0x5611063a7130, 2729;
v0x5611063a7130_2730 .array/port v0x5611063a7130, 2730;
E_0x56110637b490/682 .event anyedge, v0x5611063a7130_2727, v0x5611063a7130_2728, v0x5611063a7130_2729, v0x5611063a7130_2730;
v0x5611063a7130_2731 .array/port v0x5611063a7130, 2731;
v0x5611063a7130_2732 .array/port v0x5611063a7130, 2732;
v0x5611063a7130_2733 .array/port v0x5611063a7130, 2733;
v0x5611063a7130_2734 .array/port v0x5611063a7130, 2734;
E_0x56110637b490/683 .event anyedge, v0x5611063a7130_2731, v0x5611063a7130_2732, v0x5611063a7130_2733, v0x5611063a7130_2734;
v0x5611063a7130_2735 .array/port v0x5611063a7130, 2735;
v0x5611063a7130_2736 .array/port v0x5611063a7130, 2736;
v0x5611063a7130_2737 .array/port v0x5611063a7130, 2737;
v0x5611063a7130_2738 .array/port v0x5611063a7130, 2738;
E_0x56110637b490/684 .event anyedge, v0x5611063a7130_2735, v0x5611063a7130_2736, v0x5611063a7130_2737, v0x5611063a7130_2738;
v0x5611063a7130_2739 .array/port v0x5611063a7130, 2739;
v0x5611063a7130_2740 .array/port v0x5611063a7130, 2740;
v0x5611063a7130_2741 .array/port v0x5611063a7130, 2741;
v0x5611063a7130_2742 .array/port v0x5611063a7130, 2742;
E_0x56110637b490/685 .event anyedge, v0x5611063a7130_2739, v0x5611063a7130_2740, v0x5611063a7130_2741, v0x5611063a7130_2742;
v0x5611063a7130_2743 .array/port v0x5611063a7130, 2743;
v0x5611063a7130_2744 .array/port v0x5611063a7130, 2744;
v0x5611063a7130_2745 .array/port v0x5611063a7130, 2745;
v0x5611063a7130_2746 .array/port v0x5611063a7130, 2746;
E_0x56110637b490/686 .event anyedge, v0x5611063a7130_2743, v0x5611063a7130_2744, v0x5611063a7130_2745, v0x5611063a7130_2746;
v0x5611063a7130_2747 .array/port v0x5611063a7130, 2747;
v0x5611063a7130_2748 .array/port v0x5611063a7130, 2748;
v0x5611063a7130_2749 .array/port v0x5611063a7130, 2749;
v0x5611063a7130_2750 .array/port v0x5611063a7130, 2750;
E_0x56110637b490/687 .event anyedge, v0x5611063a7130_2747, v0x5611063a7130_2748, v0x5611063a7130_2749, v0x5611063a7130_2750;
v0x5611063a7130_2751 .array/port v0x5611063a7130, 2751;
v0x5611063a7130_2752 .array/port v0x5611063a7130, 2752;
v0x5611063a7130_2753 .array/port v0x5611063a7130, 2753;
v0x5611063a7130_2754 .array/port v0x5611063a7130, 2754;
E_0x56110637b490/688 .event anyedge, v0x5611063a7130_2751, v0x5611063a7130_2752, v0x5611063a7130_2753, v0x5611063a7130_2754;
v0x5611063a7130_2755 .array/port v0x5611063a7130, 2755;
v0x5611063a7130_2756 .array/port v0x5611063a7130, 2756;
v0x5611063a7130_2757 .array/port v0x5611063a7130, 2757;
v0x5611063a7130_2758 .array/port v0x5611063a7130, 2758;
E_0x56110637b490/689 .event anyedge, v0x5611063a7130_2755, v0x5611063a7130_2756, v0x5611063a7130_2757, v0x5611063a7130_2758;
v0x5611063a7130_2759 .array/port v0x5611063a7130, 2759;
v0x5611063a7130_2760 .array/port v0x5611063a7130, 2760;
v0x5611063a7130_2761 .array/port v0x5611063a7130, 2761;
v0x5611063a7130_2762 .array/port v0x5611063a7130, 2762;
E_0x56110637b490/690 .event anyedge, v0x5611063a7130_2759, v0x5611063a7130_2760, v0x5611063a7130_2761, v0x5611063a7130_2762;
v0x5611063a7130_2763 .array/port v0x5611063a7130, 2763;
v0x5611063a7130_2764 .array/port v0x5611063a7130, 2764;
v0x5611063a7130_2765 .array/port v0x5611063a7130, 2765;
v0x5611063a7130_2766 .array/port v0x5611063a7130, 2766;
E_0x56110637b490/691 .event anyedge, v0x5611063a7130_2763, v0x5611063a7130_2764, v0x5611063a7130_2765, v0x5611063a7130_2766;
v0x5611063a7130_2767 .array/port v0x5611063a7130, 2767;
v0x5611063a7130_2768 .array/port v0x5611063a7130, 2768;
v0x5611063a7130_2769 .array/port v0x5611063a7130, 2769;
v0x5611063a7130_2770 .array/port v0x5611063a7130, 2770;
E_0x56110637b490/692 .event anyedge, v0x5611063a7130_2767, v0x5611063a7130_2768, v0x5611063a7130_2769, v0x5611063a7130_2770;
v0x5611063a7130_2771 .array/port v0x5611063a7130, 2771;
v0x5611063a7130_2772 .array/port v0x5611063a7130, 2772;
v0x5611063a7130_2773 .array/port v0x5611063a7130, 2773;
v0x5611063a7130_2774 .array/port v0x5611063a7130, 2774;
E_0x56110637b490/693 .event anyedge, v0x5611063a7130_2771, v0x5611063a7130_2772, v0x5611063a7130_2773, v0x5611063a7130_2774;
v0x5611063a7130_2775 .array/port v0x5611063a7130, 2775;
v0x5611063a7130_2776 .array/port v0x5611063a7130, 2776;
v0x5611063a7130_2777 .array/port v0x5611063a7130, 2777;
v0x5611063a7130_2778 .array/port v0x5611063a7130, 2778;
E_0x56110637b490/694 .event anyedge, v0x5611063a7130_2775, v0x5611063a7130_2776, v0x5611063a7130_2777, v0x5611063a7130_2778;
v0x5611063a7130_2779 .array/port v0x5611063a7130, 2779;
v0x5611063a7130_2780 .array/port v0x5611063a7130, 2780;
v0x5611063a7130_2781 .array/port v0x5611063a7130, 2781;
v0x5611063a7130_2782 .array/port v0x5611063a7130, 2782;
E_0x56110637b490/695 .event anyedge, v0x5611063a7130_2779, v0x5611063a7130_2780, v0x5611063a7130_2781, v0x5611063a7130_2782;
v0x5611063a7130_2783 .array/port v0x5611063a7130, 2783;
v0x5611063a7130_2784 .array/port v0x5611063a7130, 2784;
v0x5611063a7130_2785 .array/port v0x5611063a7130, 2785;
v0x5611063a7130_2786 .array/port v0x5611063a7130, 2786;
E_0x56110637b490/696 .event anyedge, v0x5611063a7130_2783, v0x5611063a7130_2784, v0x5611063a7130_2785, v0x5611063a7130_2786;
v0x5611063a7130_2787 .array/port v0x5611063a7130, 2787;
v0x5611063a7130_2788 .array/port v0x5611063a7130, 2788;
v0x5611063a7130_2789 .array/port v0x5611063a7130, 2789;
v0x5611063a7130_2790 .array/port v0x5611063a7130, 2790;
E_0x56110637b490/697 .event anyedge, v0x5611063a7130_2787, v0x5611063a7130_2788, v0x5611063a7130_2789, v0x5611063a7130_2790;
v0x5611063a7130_2791 .array/port v0x5611063a7130, 2791;
v0x5611063a7130_2792 .array/port v0x5611063a7130, 2792;
v0x5611063a7130_2793 .array/port v0x5611063a7130, 2793;
v0x5611063a7130_2794 .array/port v0x5611063a7130, 2794;
E_0x56110637b490/698 .event anyedge, v0x5611063a7130_2791, v0x5611063a7130_2792, v0x5611063a7130_2793, v0x5611063a7130_2794;
v0x5611063a7130_2795 .array/port v0x5611063a7130, 2795;
v0x5611063a7130_2796 .array/port v0x5611063a7130, 2796;
v0x5611063a7130_2797 .array/port v0x5611063a7130, 2797;
v0x5611063a7130_2798 .array/port v0x5611063a7130, 2798;
E_0x56110637b490/699 .event anyedge, v0x5611063a7130_2795, v0x5611063a7130_2796, v0x5611063a7130_2797, v0x5611063a7130_2798;
v0x5611063a7130_2799 .array/port v0x5611063a7130, 2799;
v0x5611063a7130_2800 .array/port v0x5611063a7130, 2800;
v0x5611063a7130_2801 .array/port v0x5611063a7130, 2801;
v0x5611063a7130_2802 .array/port v0x5611063a7130, 2802;
E_0x56110637b490/700 .event anyedge, v0x5611063a7130_2799, v0x5611063a7130_2800, v0x5611063a7130_2801, v0x5611063a7130_2802;
v0x5611063a7130_2803 .array/port v0x5611063a7130, 2803;
v0x5611063a7130_2804 .array/port v0x5611063a7130, 2804;
v0x5611063a7130_2805 .array/port v0x5611063a7130, 2805;
v0x5611063a7130_2806 .array/port v0x5611063a7130, 2806;
E_0x56110637b490/701 .event anyedge, v0x5611063a7130_2803, v0x5611063a7130_2804, v0x5611063a7130_2805, v0x5611063a7130_2806;
v0x5611063a7130_2807 .array/port v0x5611063a7130, 2807;
v0x5611063a7130_2808 .array/port v0x5611063a7130, 2808;
v0x5611063a7130_2809 .array/port v0x5611063a7130, 2809;
v0x5611063a7130_2810 .array/port v0x5611063a7130, 2810;
E_0x56110637b490/702 .event anyedge, v0x5611063a7130_2807, v0x5611063a7130_2808, v0x5611063a7130_2809, v0x5611063a7130_2810;
v0x5611063a7130_2811 .array/port v0x5611063a7130, 2811;
v0x5611063a7130_2812 .array/port v0x5611063a7130, 2812;
v0x5611063a7130_2813 .array/port v0x5611063a7130, 2813;
v0x5611063a7130_2814 .array/port v0x5611063a7130, 2814;
E_0x56110637b490/703 .event anyedge, v0x5611063a7130_2811, v0x5611063a7130_2812, v0x5611063a7130_2813, v0x5611063a7130_2814;
v0x5611063a7130_2815 .array/port v0x5611063a7130, 2815;
v0x5611063a7130_2816 .array/port v0x5611063a7130, 2816;
v0x5611063a7130_2817 .array/port v0x5611063a7130, 2817;
v0x5611063a7130_2818 .array/port v0x5611063a7130, 2818;
E_0x56110637b490/704 .event anyedge, v0x5611063a7130_2815, v0x5611063a7130_2816, v0x5611063a7130_2817, v0x5611063a7130_2818;
v0x5611063a7130_2819 .array/port v0x5611063a7130, 2819;
v0x5611063a7130_2820 .array/port v0x5611063a7130, 2820;
v0x5611063a7130_2821 .array/port v0x5611063a7130, 2821;
v0x5611063a7130_2822 .array/port v0x5611063a7130, 2822;
E_0x56110637b490/705 .event anyedge, v0x5611063a7130_2819, v0x5611063a7130_2820, v0x5611063a7130_2821, v0x5611063a7130_2822;
v0x5611063a7130_2823 .array/port v0x5611063a7130, 2823;
v0x5611063a7130_2824 .array/port v0x5611063a7130, 2824;
v0x5611063a7130_2825 .array/port v0x5611063a7130, 2825;
v0x5611063a7130_2826 .array/port v0x5611063a7130, 2826;
E_0x56110637b490/706 .event anyedge, v0x5611063a7130_2823, v0x5611063a7130_2824, v0x5611063a7130_2825, v0x5611063a7130_2826;
v0x5611063a7130_2827 .array/port v0x5611063a7130, 2827;
v0x5611063a7130_2828 .array/port v0x5611063a7130, 2828;
v0x5611063a7130_2829 .array/port v0x5611063a7130, 2829;
v0x5611063a7130_2830 .array/port v0x5611063a7130, 2830;
E_0x56110637b490/707 .event anyedge, v0x5611063a7130_2827, v0x5611063a7130_2828, v0x5611063a7130_2829, v0x5611063a7130_2830;
v0x5611063a7130_2831 .array/port v0x5611063a7130, 2831;
v0x5611063a7130_2832 .array/port v0x5611063a7130, 2832;
v0x5611063a7130_2833 .array/port v0x5611063a7130, 2833;
v0x5611063a7130_2834 .array/port v0x5611063a7130, 2834;
E_0x56110637b490/708 .event anyedge, v0x5611063a7130_2831, v0x5611063a7130_2832, v0x5611063a7130_2833, v0x5611063a7130_2834;
v0x5611063a7130_2835 .array/port v0x5611063a7130, 2835;
v0x5611063a7130_2836 .array/port v0x5611063a7130, 2836;
v0x5611063a7130_2837 .array/port v0x5611063a7130, 2837;
v0x5611063a7130_2838 .array/port v0x5611063a7130, 2838;
E_0x56110637b490/709 .event anyedge, v0x5611063a7130_2835, v0x5611063a7130_2836, v0x5611063a7130_2837, v0x5611063a7130_2838;
v0x5611063a7130_2839 .array/port v0x5611063a7130, 2839;
v0x5611063a7130_2840 .array/port v0x5611063a7130, 2840;
v0x5611063a7130_2841 .array/port v0x5611063a7130, 2841;
v0x5611063a7130_2842 .array/port v0x5611063a7130, 2842;
E_0x56110637b490/710 .event anyedge, v0x5611063a7130_2839, v0x5611063a7130_2840, v0x5611063a7130_2841, v0x5611063a7130_2842;
v0x5611063a7130_2843 .array/port v0x5611063a7130, 2843;
v0x5611063a7130_2844 .array/port v0x5611063a7130, 2844;
v0x5611063a7130_2845 .array/port v0x5611063a7130, 2845;
v0x5611063a7130_2846 .array/port v0x5611063a7130, 2846;
E_0x56110637b490/711 .event anyedge, v0x5611063a7130_2843, v0x5611063a7130_2844, v0x5611063a7130_2845, v0x5611063a7130_2846;
v0x5611063a7130_2847 .array/port v0x5611063a7130, 2847;
v0x5611063a7130_2848 .array/port v0x5611063a7130, 2848;
v0x5611063a7130_2849 .array/port v0x5611063a7130, 2849;
v0x5611063a7130_2850 .array/port v0x5611063a7130, 2850;
E_0x56110637b490/712 .event anyedge, v0x5611063a7130_2847, v0x5611063a7130_2848, v0x5611063a7130_2849, v0x5611063a7130_2850;
v0x5611063a7130_2851 .array/port v0x5611063a7130, 2851;
v0x5611063a7130_2852 .array/port v0x5611063a7130, 2852;
v0x5611063a7130_2853 .array/port v0x5611063a7130, 2853;
v0x5611063a7130_2854 .array/port v0x5611063a7130, 2854;
E_0x56110637b490/713 .event anyedge, v0x5611063a7130_2851, v0x5611063a7130_2852, v0x5611063a7130_2853, v0x5611063a7130_2854;
v0x5611063a7130_2855 .array/port v0x5611063a7130, 2855;
v0x5611063a7130_2856 .array/port v0x5611063a7130, 2856;
v0x5611063a7130_2857 .array/port v0x5611063a7130, 2857;
v0x5611063a7130_2858 .array/port v0x5611063a7130, 2858;
E_0x56110637b490/714 .event anyedge, v0x5611063a7130_2855, v0x5611063a7130_2856, v0x5611063a7130_2857, v0x5611063a7130_2858;
v0x5611063a7130_2859 .array/port v0x5611063a7130, 2859;
v0x5611063a7130_2860 .array/port v0x5611063a7130, 2860;
v0x5611063a7130_2861 .array/port v0x5611063a7130, 2861;
v0x5611063a7130_2862 .array/port v0x5611063a7130, 2862;
E_0x56110637b490/715 .event anyedge, v0x5611063a7130_2859, v0x5611063a7130_2860, v0x5611063a7130_2861, v0x5611063a7130_2862;
v0x5611063a7130_2863 .array/port v0x5611063a7130, 2863;
v0x5611063a7130_2864 .array/port v0x5611063a7130, 2864;
v0x5611063a7130_2865 .array/port v0x5611063a7130, 2865;
v0x5611063a7130_2866 .array/port v0x5611063a7130, 2866;
E_0x56110637b490/716 .event anyedge, v0x5611063a7130_2863, v0x5611063a7130_2864, v0x5611063a7130_2865, v0x5611063a7130_2866;
v0x5611063a7130_2867 .array/port v0x5611063a7130, 2867;
v0x5611063a7130_2868 .array/port v0x5611063a7130, 2868;
v0x5611063a7130_2869 .array/port v0x5611063a7130, 2869;
v0x5611063a7130_2870 .array/port v0x5611063a7130, 2870;
E_0x56110637b490/717 .event anyedge, v0x5611063a7130_2867, v0x5611063a7130_2868, v0x5611063a7130_2869, v0x5611063a7130_2870;
v0x5611063a7130_2871 .array/port v0x5611063a7130, 2871;
v0x5611063a7130_2872 .array/port v0x5611063a7130, 2872;
v0x5611063a7130_2873 .array/port v0x5611063a7130, 2873;
v0x5611063a7130_2874 .array/port v0x5611063a7130, 2874;
E_0x56110637b490/718 .event anyedge, v0x5611063a7130_2871, v0x5611063a7130_2872, v0x5611063a7130_2873, v0x5611063a7130_2874;
v0x5611063a7130_2875 .array/port v0x5611063a7130, 2875;
v0x5611063a7130_2876 .array/port v0x5611063a7130, 2876;
v0x5611063a7130_2877 .array/port v0x5611063a7130, 2877;
v0x5611063a7130_2878 .array/port v0x5611063a7130, 2878;
E_0x56110637b490/719 .event anyedge, v0x5611063a7130_2875, v0x5611063a7130_2876, v0x5611063a7130_2877, v0x5611063a7130_2878;
v0x5611063a7130_2879 .array/port v0x5611063a7130, 2879;
v0x5611063a7130_2880 .array/port v0x5611063a7130, 2880;
v0x5611063a7130_2881 .array/port v0x5611063a7130, 2881;
v0x5611063a7130_2882 .array/port v0x5611063a7130, 2882;
E_0x56110637b490/720 .event anyedge, v0x5611063a7130_2879, v0x5611063a7130_2880, v0x5611063a7130_2881, v0x5611063a7130_2882;
v0x5611063a7130_2883 .array/port v0x5611063a7130, 2883;
v0x5611063a7130_2884 .array/port v0x5611063a7130, 2884;
v0x5611063a7130_2885 .array/port v0x5611063a7130, 2885;
v0x5611063a7130_2886 .array/port v0x5611063a7130, 2886;
E_0x56110637b490/721 .event anyedge, v0x5611063a7130_2883, v0x5611063a7130_2884, v0x5611063a7130_2885, v0x5611063a7130_2886;
v0x5611063a7130_2887 .array/port v0x5611063a7130, 2887;
v0x5611063a7130_2888 .array/port v0x5611063a7130, 2888;
v0x5611063a7130_2889 .array/port v0x5611063a7130, 2889;
v0x5611063a7130_2890 .array/port v0x5611063a7130, 2890;
E_0x56110637b490/722 .event anyedge, v0x5611063a7130_2887, v0x5611063a7130_2888, v0x5611063a7130_2889, v0x5611063a7130_2890;
v0x5611063a7130_2891 .array/port v0x5611063a7130, 2891;
v0x5611063a7130_2892 .array/port v0x5611063a7130, 2892;
v0x5611063a7130_2893 .array/port v0x5611063a7130, 2893;
v0x5611063a7130_2894 .array/port v0x5611063a7130, 2894;
E_0x56110637b490/723 .event anyedge, v0x5611063a7130_2891, v0x5611063a7130_2892, v0x5611063a7130_2893, v0x5611063a7130_2894;
v0x5611063a7130_2895 .array/port v0x5611063a7130, 2895;
v0x5611063a7130_2896 .array/port v0x5611063a7130, 2896;
v0x5611063a7130_2897 .array/port v0x5611063a7130, 2897;
v0x5611063a7130_2898 .array/port v0x5611063a7130, 2898;
E_0x56110637b490/724 .event anyedge, v0x5611063a7130_2895, v0x5611063a7130_2896, v0x5611063a7130_2897, v0x5611063a7130_2898;
v0x5611063a7130_2899 .array/port v0x5611063a7130, 2899;
v0x5611063a7130_2900 .array/port v0x5611063a7130, 2900;
v0x5611063a7130_2901 .array/port v0x5611063a7130, 2901;
v0x5611063a7130_2902 .array/port v0x5611063a7130, 2902;
E_0x56110637b490/725 .event anyedge, v0x5611063a7130_2899, v0x5611063a7130_2900, v0x5611063a7130_2901, v0x5611063a7130_2902;
v0x5611063a7130_2903 .array/port v0x5611063a7130, 2903;
v0x5611063a7130_2904 .array/port v0x5611063a7130, 2904;
v0x5611063a7130_2905 .array/port v0x5611063a7130, 2905;
v0x5611063a7130_2906 .array/port v0x5611063a7130, 2906;
E_0x56110637b490/726 .event anyedge, v0x5611063a7130_2903, v0x5611063a7130_2904, v0x5611063a7130_2905, v0x5611063a7130_2906;
v0x5611063a7130_2907 .array/port v0x5611063a7130, 2907;
v0x5611063a7130_2908 .array/port v0x5611063a7130, 2908;
v0x5611063a7130_2909 .array/port v0x5611063a7130, 2909;
v0x5611063a7130_2910 .array/port v0x5611063a7130, 2910;
E_0x56110637b490/727 .event anyedge, v0x5611063a7130_2907, v0x5611063a7130_2908, v0x5611063a7130_2909, v0x5611063a7130_2910;
v0x5611063a7130_2911 .array/port v0x5611063a7130, 2911;
v0x5611063a7130_2912 .array/port v0x5611063a7130, 2912;
v0x5611063a7130_2913 .array/port v0x5611063a7130, 2913;
v0x5611063a7130_2914 .array/port v0x5611063a7130, 2914;
E_0x56110637b490/728 .event anyedge, v0x5611063a7130_2911, v0x5611063a7130_2912, v0x5611063a7130_2913, v0x5611063a7130_2914;
v0x5611063a7130_2915 .array/port v0x5611063a7130, 2915;
v0x5611063a7130_2916 .array/port v0x5611063a7130, 2916;
v0x5611063a7130_2917 .array/port v0x5611063a7130, 2917;
v0x5611063a7130_2918 .array/port v0x5611063a7130, 2918;
E_0x56110637b490/729 .event anyedge, v0x5611063a7130_2915, v0x5611063a7130_2916, v0x5611063a7130_2917, v0x5611063a7130_2918;
v0x5611063a7130_2919 .array/port v0x5611063a7130, 2919;
v0x5611063a7130_2920 .array/port v0x5611063a7130, 2920;
v0x5611063a7130_2921 .array/port v0x5611063a7130, 2921;
v0x5611063a7130_2922 .array/port v0x5611063a7130, 2922;
E_0x56110637b490/730 .event anyedge, v0x5611063a7130_2919, v0x5611063a7130_2920, v0x5611063a7130_2921, v0x5611063a7130_2922;
v0x5611063a7130_2923 .array/port v0x5611063a7130, 2923;
v0x5611063a7130_2924 .array/port v0x5611063a7130, 2924;
v0x5611063a7130_2925 .array/port v0x5611063a7130, 2925;
v0x5611063a7130_2926 .array/port v0x5611063a7130, 2926;
E_0x56110637b490/731 .event anyedge, v0x5611063a7130_2923, v0x5611063a7130_2924, v0x5611063a7130_2925, v0x5611063a7130_2926;
v0x5611063a7130_2927 .array/port v0x5611063a7130, 2927;
v0x5611063a7130_2928 .array/port v0x5611063a7130, 2928;
v0x5611063a7130_2929 .array/port v0x5611063a7130, 2929;
v0x5611063a7130_2930 .array/port v0x5611063a7130, 2930;
E_0x56110637b490/732 .event anyedge, v0x5611063a7130_2927, v0x5611063a7130_2928, v0x5611063a7130_2929, v0x5611063a7130_2930;
v0x5611063a7130_2931 .array/port v0x5611063a7130, 2931;
v0x5611063a7130_2932 .array/port v0x5611063a7130, 2932;
v0x5611063a7130_2933 .array/port v0x5611063a7130, 2933;
v0x5611063a7130_2934 .array/port v0x5611063a7130, 2934;
E_0x56110637b490/733 .event anyedge, v0x5611063a7130_2931, v0x5611063a7130_2932, v0x5611063a7130_2933, v0x5611063a7130_2934;
v0x5611063a7130_2935 .array/port v0x5611063a7130, 2935;
v0x5611063a7130_2936 .array/port v0x5611063a7130, 2936;
v0x5611063a7130_2937 .array/port v0x5611063a7130, 2937;
v0x5611063a7130_2938 .array/port v0x5611063a7130, 2938;
E_0x56110637b490/734 .event anyedge, v0x5611063a7130_2935, v0x5611063a7130_2936, v0x5611063a7130_2937, v0x5611063a7130_2938;
v0x5611063a7130_2939 .array/port v0x5611063a7130, 2939;
v0x5611063a7130_2940 .array/port v0x5611063a7130, 2940;
v0x5611063a7130_2941 .array/port v0x5611063a7130, 2941;
v0x5611063a7130_2942 .array/port v0x5611063a7130, 2942;
E_0x56110637b490/735 .event anyedge, v0x5611063a7130_2939, v0x5611063a7130_2940, v0x5611063a7130_2941, v0x5611063a7130_2942;
v0x5611063a7130_2943 .array/port v0x5611063a7130, 2943;
v0x5611063a7130_2944 .array/port v0x5611063a7130, 2944;
v0x5611063a7130_2945 .array/port v0x5611063a7130, 2945;
v0x5611063a7130_2946 .array/port v0x5611063a7130, 2946;
E_0x56110637b490/736 .event anyedge, v0x5611063a7130_2943, v0x5611063a7130_2944, v0x5611063a7130_2945, v0x5611063a7130_2946;
v0x5611063a7130_2947 .array/port v0x5611063a7130, 2947;
v0x5611063a7130_2948 .array/port v0x5611063a7130, 2948;
v0x5611063a7130_2949 .array/port v0x5611063a7130, 2949;
v0x5611063a7130_2950 .array/port v0x5611063a7130, 2950;
E_0x56110637b490/737 .event anyedge, v0x5611063a7130_2947, v0x5611063a7130_2948, v0x5611063a7130_2949, v0x5611063a7130_2950;
v0x5611063a7130_2951 .array/port v0x5611063a7130, 2951;
v0x5611063a7130_2952 .array/port v0x5611063a7130, 2952;
v0x5611063a7130_2953 .array/port v0x5611063a7130, 2953;
v0x5611063a7130_2954 .array/port v0x5611063a7130, 2954;
E_0x56110637b490/738 .event anyedge, v0x5611063a7130_2951, v0x5611063a7130_2952, v0x5611063a7130_2953, v0x5611063a7130_2954;
v0x5611063a7130_2955 .array/port v0x5611063a7130, 2955;
v0x5611063a7130_2956 .array/port v0x5611063a7130, 2956;
v0x5611063a7130_2957 .array/port v0x5611063a7130, 2957;
v0x5611063a7130_2958 .array/port v0x5611063a7130, 2958;
E_0x56110637b490/739 .event anyedge, v0x5611063a7130_2955, v0x5611063a7130_2956, v0x5611063a7130_2957, v0x5611063a7130_2958;
v0x5611063a7130_2959 .array/port v0x5611063a7130, 2959;
v0x5611063a7130_2960 .array/port v0x5611063a7130, 2960;
v0x5611063a7130_2961 .array/port v0x5611063a7130, 2961;
v0x5611063a7130_2962 .array/port v0x5611063a7130, 2962;
E_0x56110637b490/740 .event anyedge, v0x5611063a7130_2959, v0x5611063a7130_2960, v0x5611063a7130_2961, v0x5611063a7130_2962;
v0x5611063a7130_2963 .array/port v0x5611063a7130, 2963;
v0x5611063a7130_2964 .array/port v0x5611063a7130, 2964;
v0x5611063a7130_2965 .array/port v0x5611063a7130, 2965;
v0x5611063a7130_2966 .array/port v0x5611063a7130, 2966;
E_0x56110637b490/741 .event anyedge, v0x5611063a7130_2963, v0x5611063a7130_2964, v0x5611063a7130_2965, v0x5611063a7130_2966;
v0x5611063a7130_2967 .array/port v0x5611063a7130, 2967;
v0x5611063a7130_2968 .array/port v0x5611063a7130, 2968;
v0x5611063a7130_2969 .array/port v0x5611063a7130, 2969;
v0x5611063a7130_2970 .array/port v0x5611063a7130, 2970;
E_0x56110637b490/742 .event anyedge, v0x5611063a7130_2967, v0x5611063a7130_2968, v0x5611063a7130_2969, v0x5611063a7130_2970;
v0x5611063a7130_2971 .array/port v0x5611063a7130, 2971;
v0x5611063a7130_2972 .array/port v0x5611063a7130, 2972;
v0x5611063a7130_2973 .array/port v0x5611063a7130, 2973;
v0x5611063a7130_2974 .array/port v0x5611063a7130, 2974;
E_0x56110637b490/743 .event anyedge, v0x5611063a7130_2971, v0x5611063a7130_2972, v0x5611063a7130_2973, v0x5611063a7130_2974;
v0x5611063a7130_2975 .array/port v0x5611063a7130, 2975;
v0x5611063a7130_2976 .array/port v0x5611063a7130, 2976;
v0x5611063a7130_2977 .array/port v0x5611063a7130, 2977;
v0x5611063a7130_2978 .array/port v0x5611063a7130, 2978;
E_0x56110637b490/744 .event anyedge, v0x5611063a7130_2975, v0x5611063a7130_2976, v0x5611063a7130_2977, v0x5611063a7130_2978;
v0x5611063a7130_2979 .array/port v0x5611063a7130, 2979;
v0x5611063a7130_2980 .array/port v0x5611063a7130, 2980;
v0x5611063a7130_2981 .array/port v0x5611063a7130, 2981;
v0x5611063a7130_2982 .array/port v0x5611063a7130, 2982;
E_0x56110637b490/745 .event anyedge, v0x5611063a7130_2979, v0x5611063a7130_2980, v0x5611063a7130_2981, v0x5611063a7130_2982;
v0x5611063a7130_2983 .array/port v0x5611063a7130, 2983;
v0x5611063a7130_2984 .array/port v0x5611063a7130, 2984;
v0x5611063a7130_2985 .array/port v0x5611063a7130, 2985;
v0x5611063a7130_2986 .array/port v0x5611063a7130, 2986;
E_0x56110637b490/746 .event anyedge, v0x5611063a7130_2983, v0x5611063a7130_2984, v0x5611063a7130_2985, v0x5611063a7130_2986;
v0x5611063a7130_2987 .array/port v0x5611063a7130, 2987;
v0x5611063a7130_2988 .array/port v0x5611063a7130, 2988;
v0x5611063a7130_2989 .array/port v0x5611063a7130, 2989;
v0x5611063a7130_2990 .array/port v0x5611063a7130, 2990;
E_0x56110637b490/747 .event anyedge, v0x5611063a7130_2987, v0x5611063a7130_2988, v0x5611063a7130_2989, v0x5611063a7130_2990;
v0x5611063a7130_2991 .array/port v0x5611063a7130, 2991;
v0x5611063a7130_2992 .array/port v0x5611063a7130, 2992;
v0x5611063a7130_2993 .array/port v0x5611063a7130, 2993;
v0x5611063a7130_2994 .array/port v0x5611063a7130, 2994;
E_0x56110637b490/748 .event anyedge, v0x5611063a7130_2991, v0x5611063a7130_2992, v0x5611063a7130_2993, v0x5611063a7130_2994;
v0x5611063a7130_2995 .array/port v0x5611063a7130, 2995;
v0x5611063a7130_2996 .array/port v0x5611063a7130, 2996;
v0x5611063a7130_2997 .array/port v0x5611063a7130, 2997;
v0x5611063a7130_2998 .array/port v0x5611063a7130, 2998;
E_0x56110637b490/749 .event anyedge, v0x5611063a7130_2995, v0x5611063a7130_2996, v0x5611063a7130_2997, v0x5611063a7130_2998;
v0x5611063a7130_2999 .array/port v0x5611063a7130, 2999;
v0x5611063a7130_3000 .array/port v0x5611063a7130, 3000;
v0x5611063a7130_3001 .array/port v0x5611063a7130, 3001;
v0x5611063a7130_3002 .array/port v0x5611063a7130, 3002;
E_0x56110637b490/750 .event anyedge, v0x5611063a7130_2999, v0x5611063a7130_3000, v0x5611063a7130_3001, v0x5611063a7130_3002;
v0x5611063a7130_3003 .array/port v0x5611063a7130, 3003;
v0x5611063a7130_3004 .array/port v0x5611063a7130, 3004;
v0x5611063a7130_3005 .array/port v0x5611063a7130, 3005;
v0x5611063a7130_3006 .array/port v0x5611063a7130, 3006;
E_0x56110637b490/751 .event anyedge, v0x5611063a7130_3003, v0x5611063a7130_3004, v0x5611063a7130_3005, v0x5611063a7130_3006;
v0x5611063a7130_3007 .array/port v0x5611063a7130, 3007;
v0x5611063a7130_3008 .array/port v0x5611063a7130, 3008;
v0x5611063a7130_3009 .array/port v0x5611063a7130, 3009;
v0x5611063a7130_3010 .array/port v0x5611063a7130, 3010;
E_0x56110637b490/752 .event anyedge, v0x5611063a7130_3007, v0x5611063a7130_3008, v0x5611063a7130_3009, v0x5611063a7130_3010;
v0x5611063a7130_3011 .array/port v0x5611063a7130, 3011;
v0x5611063a7130_3012 .array/port v0x5611063a7130, 3012;
v0x5611063a7130_3013 .array/port v0x5611063a7130, 3013;
v0x5611063a7130_3014 .array/port v0x5611063a7130, 3014;
E_0x56110637b490/753 .event anyedge, v0x5611063a7130_3011, v0x5611063a7130_3012, v0x5611063a7130_3013, v0x5611063a7130_3014;
v0x5611063a7130_3015 .array/port v0x5611063a7130, 3015;
v0x5611063a7130_3016 .array/port v0x5611063a7130, 3016;
v0x5611063a7130_3017 .array/port v0x5611063a7130, 3017;
v0x5611063a7130_3018 .array/port v0x5611063a7130, 3018;
E_0x56110637b490/754 .event anyedge, v0x5611063a7130_3015, v0x5611063a7130_3016, v0x5611063a7130_3017, v0x5611063a7130_3018;
v0x5611063a7130_3019 .array/port v0x5611063a7130, 3019;
v0x5611063a7130_3020 .array/port v0x5611063a7130, 3020;
v0x5611063a7130_3021 .array/port v0x5611063a7130, 3021;
v0x5611063a7130_3022 .array/port v0x5611063a7130, 3022;
E_0x56110637b490/755 .event anyedge, v0x5611063a7130_3019, v0x5611063a7130_3020, v0x5611063a7130_3021, v0x5611063a7130_3022;
v0x5611063a7130_3023 .array/port v0x5611063a7130, 3023;
v0x5611063a7130_3024 .array/port v0x5611063a7130, 3024;
v0x5611063a7130_3025 .array/port v0x5611063a7130, 3025;
v0x5611063a7130_3026 .array/port v0x5611063a7130, 3026;
E_0x56110637b490/756 .event anyedge, v0x5611063a7130_3023, v0x5611063a7130_3024, v0x5611063a7130_3025, v0x5611063a7130_3026;
v0x5611063a7130_3027 .array/port v0x5611063a7130, 3027;
v0x5611063a7130_3028 .array/port v0x5611063a7130, 3028;
v0x5611063a7130_3029 .array/port v0x5611063a7130, 3029;
v0x5611063a7130_3030 .array/port v0x5611063a7130, 3030;
E_0x56110637b490/757 .event anyedge, v0x5611063a7130_3027, v0x5611063a7130_3028, v0x5611063a7130_3029, v0x5611063a7130_3030;
v0x5611063a7130_3031 .array/port v0x5611063a7130, 3031;
v0x5611063a7130_3032 .array/port v0x5611063a7130, 3032;
v0x5611063a7130_3033 .array/port v0x5611063a7130, 3033;
v0x5611063a7130_3034 .array/port v0x5611063a7130, 3034;
E_0x56110637b490/758 .event anyedge, v0x5611063a7130_3031, v0x5611063a7130_3032, v0x5611063a7130_3033, v0x5611063a7130_3034;
v0x5611063a7130_3035 .array/port v0x5611063a7130, 3035;
v0x5611063a7130_3036 .array/port v0x5611063a7130, 3036;
v0x5611063a7130_3037 .array/port v0x5611063a7130, 3037;
v0x5611063a7130_3038 .array/port v0x5611063a7130, 3038;
E_0x56110637b490/759 .event anyedge, v0x5611063a7130_3035, v0x5611063a7130_3036, v0x5611063a7130_3037, v0x5611063a7130_3038;
v0x5611063a7130_3039 .array/port v0x5611063a7130, 3039;
v0x5611063a7130_3040 .array/port v0x5611063a7130, 3040;
v0x5611063a7130_3041 .array/port v0x5611063a7130, 3041;
v0x5611063a7130_3042 .array/port v0x5611063a7130, 3042;
E_0x56110637b490/760 .event anyedge, v0x5611063a7130_3039, v0x5611063a7130_3040, v0x5611063a7130_3041, v0x5611063a7130_3042;
v0x5611063a7130_3043 .array/port v0x5611063a7130, 3043;
v0x5611063a7130_3044 .array/port v0x5611063a7130, 3044;
v0x5611063a7130_3045 .array/port v0x5611063a7130, 3045;
v0x5611063a7130_3046 .array/port v0x5611063a7130, 3046;
E_0x56110637b490/761 .event anyedge, v0x5611063a7130_3043, v0x5611063a7130_3044, v0x5611063a7130_3045, v0x5611063a7130_3046;
v0x5611063a7130_3047 .array/port v0x5611063a7130, 3047;
v0x5611063a7130_3048 .array/port v0x5611063a7130, 3048;
v0x5611063a7130_3049 .array/port v0x5611063a7130, 3049;
v0x5611063a7130_3050 .array/port v0x5611063a7130, 3050;
E_0x56110637b490/762 .event anyedge, v0x5611063a7130_3047, v0x5611063a7130_3048, v0x5611063a7130_3049, v0x5611063a7130_3050;
v0x5611063a7130_3051 .array/port v0x5611063a7130, 3051;
v0x5611063a7130_3052 .array/port v0x5611063a7130, 3052;
v0x5611063a7130_3053 .array/port v0x5611063a7130, 3053;
v0x5611063a7130_3054 .array/port v0x5611063a7130, 3054;
E_0x56110637b490/763 .event anyedge, v0x5611063a7130_3051, v0x5611063a7130_3052, v0x5611063a7130_3053, v0x5611063a7130_3054;
v0x5611063a7130_3055 .array/port v0x5611063a7130, 3055;
v0x5611063a7130_3056 .array/port v0x5611063a7130, 3056;
v0x5611063a7130_3057 .array/port v0x5611063a7130, 3057;
v0x5611063a7130_3058 .array/port v0x5611063a7130, 3058;
E_0x56110637b490/764 .event anyedge, v0x5611063a7130_3055, v0x5611063a7130_3056, v0x5611063a7130_3057, v0x5611063a7130_3058;
v0x5611063a7130_3059 .array/port v0x5611063a7130, 3059;
v0x5611063a7130_3060 .array/port v0x5611063a7130, 3060;
v0x5611063a7130_3061 .array/port v0x5611063a7130, 3061;
v0x5611063a7130_3062 .array/port v0x5611063a7130, 3062;
E_0x56110637b490/765 .event anyedge, v0x5611063a7130_3059, v0x5611063a7130_3060, v0x5611063a7130_3061, v0x5611063a7130_3062;
v0x5611063a7130_3063 .array/port v0x5611063a7130, 3063;
v0x5611063a7130_3064 .array/port v0x5611063a7130, 3064;
v0x5611063a7130_3065 .array/port v0x5611063a7130, 3065;
v0x5611063a7130_3066 .array/port v0x5611063a7130, 3066;
E_0x56110637b490/766 .event anyedge, v0x5611063a7130_3063, v0x5611063a7130_3064, v0x5611063a7130_3065, v0x5611063a7130_3066;
v0x5611063a7130_3067 .array/port v0x5611063a7130, 3067;
v0x5611063a7130_3068 .array/port v0x5611063a7130, 3068;
v0x5611063a7130_3069 .array/port v0x5611063a7130, 3069;
v0x5611063a7130_3070 .array/port v0x5611063a7130, 3070;
E_0x56110637b490/767 .event anyedge, v0x5611063a7130_3067, v0x5611063a7130_3068, v0x5611063a7130_3069, v0x5611063a7130_3070;
v0x5611063a7130_3071 .array/port v0x5611063a7130, 3071;
v0x5611063a7130_3072 .array/port v0x5611063a7130, 3072;
v0x5611063a7130_3073 .array/port v0x5611063a7130, 3073;
v0x5611063a7130_3074 .array/port v0x5611063a7130, 3074;
E_0x56110637b490/768 .event anyedge, v0x5611063a7130_3071, v0x5611063a7130_3072, v0x5611063a7130_3073, v0x5611063a7130_3074;
v0x5611063a7130_3075 .array/port v0x5611063a7130, 3075;
v0x5611063a7130_3076 .array/port v0x5611063a7130, 3076;
v0x5611063a7130_3077 .array/port v0x5611063a7130, 3077;
v0x5611063a7130_3078 .array/port v0x5611063a7130, 3078;
E_0x56110637b490/769 .event anyedge, v0x5611063a7130_3075, v0x5611063a7130_3076, v0x5611063a7130_3077, v0x5611063a7130_3078;
v0x5611063a7130_3079 .array/port v0x5611063a7130, 3079;
v0x5611063a7130_3080 .array/port v0x5611063a7130, 3080;
v0x5611063a7130_3081 .array/port v0x5611063a7130, 3081;
v0x5611063a7130_3082 .array/port v0x5611063a7130, 3082;
E_0x56110637b490/770 .event anyedge, v0x5611063a7130_3079, v0x5611063a7130_3080, v0x5611063a7130_3081, v0x5611063a7130_3082;
v0x5611063a7130_3083 .array/port v0x5611063a7130, 3083;
v0x5611063a7130_3084 .array/port v0x5611063a7130, 3084;
v0x5611063a7130_3085 .array/port v0x5611063a7130, 3085;
v0x5611063a7130_3086 .array/port v0x5611063a7130, 3086;
E_0x56110637b490/771 .event anyedge, v0x5611063a7130_3083, v0x5611063a7130_3084, v0x5611063a7130_3085, v0x5611063a7130_3086;
v0x5611063a7130_3087 .array/port v0x5611063a7130, 3087;
v0x5611063a7130_3088 .array/port v0x5611063a7130, 3088;
v0x5611063a7130_3089 .array/port v0x5611063a7130, 3089;
v0x5611063a7130_3090 .array/port v0x5611063a7130, 3090;
E_0x56110637b490/772 .event anyedge, v0x5611063a7130_3087, v0x5611063a7130_3088, v0x5611063a7130_3089, v0x5611063a7130_3090;
v0x5611063a7130_3091 .array/port v0x5611063a7130, 3091;
v0x5611063a7130_3092 .array/port v0x5611063a7130, 3092;
v0x5611063a7130_3093 .array/port v0x5611063a7130, 3093;
v0x5611063a7130_3094 .array/port v0x5611063a7130, 3094;
E_0x56110637b490/773 .event anyedge, v0x5611063a7130_3091, v0x5611063a7130_3092, v0x5611063a7130_3093, v0x5611063a7130_3094;
v0x5611063a7130_3095 .array/port v0x5611063a7130, 3095;
v0x5611063a7130_3096 .array/port v0x5611063a7130, 3096;
v0x5611063a7130_3097 .array/port v0x5611063a7130, 3097;
v0x5611063a7130_3098 .array/port v0x5611063a7130, 3098;
E_0x56110637b490/774 .event anyedge, v0x5611063a7130_3095, v0x5611063a7130_3096, v0x5611063a7130_3097, v0x5611063a7130_3098;
v0x5611063a7130_3099 .array/port v0x5611063a7130, 3099;
v0x5611063a7130_3100 .array/port v0x5611063a7130, 3100;
v0x5611063a7130_3101 .array/port v0x5611063a7130, 3101;
v0x5611063a7130_3102 .array/port v0x5611063a7130, 3102;
E_0x56110637b490/775 .event anyedge, v0x5611063a7130_3099, v0x5611063a7130_3100, v0x5611063a7130_3101, v0x5611063a7130_3102;
v0x5611063a7130_3103 .array/port v0x5611063a7130, 3103;
v0x5611063a7130_3104 .array/port v0x5611063a7130, 3104;
v0x5611063a7130_3105 .array/port v0x5611063a7130, 3105;
v0x5611063a7130_3106 .array/port v0x5611063a7130, 3106;
E_0x56110637b490/776 .event anyedge, v0x5611063a7130_3103, v0x5611063a7130_3104, v0x5611063a7130_3105, v0x5611063a7130_3106;
v0x5611063a7130_3107 .array/port v0x5611063a7130, 3107;
v0x5611063a7130_3108 .array/port v0x5611063a7130, 3108;
v0x5611063a7130_3109 .array/port v0x5611063a7130, 3109;
v0x5611063a7130_3110 .array/port v0x5611063a7130, 3110;
E_0x56110637b490/777 .event anyedge, v0x5611063a7130_3107, v0x5611063a7130_3108, v0x5611063a7130_3109, v0x5611063a7130_3110;
v0x5611063a7130_3111 .array/port v0x5611063a7130, 3111;
v0x5611063a7130_3112 .array/port v0x5611063a7130, 3112;
v0x5611063a7130_3113 .array/port v0x5611063a7130, 3113;
v0x5611063a7130_3114 .array/port v0x5611063a7130, 3114;
E_0x56110637b490/778 .event anyedge, v0x5611063a7130_3111, v0x5611063a7130_3112, v0x5611063a7130_3113, v0x5611063a7130_3114;
v0x5611063a7130_3115 .array/port v0x5611063a7130, 3115;
v0x5611063a7130_3116 .array/port v0x5611063a7130, 3116;
v0x5611063a7130_3117 .array/port v0x5611063a7130, 3117;
v0x5611063a7130_3118 .array/port v0x5611063a7130, 3118;
E_0x56110637b490/779 .event anyedge, v0x5611063a7130_3115, v0x5611063a7130_3116, v0x5611063a7130_3117, v0x5611063a7130_3118;
v0x5611063a7130_3119 .array/port v0x5611063a7130, 3119;
v0x5611063a7130_3120 .array/port v0x5611063a7130, 3120;
v0x5611063a7130_3121 .array/port v0x5611063a7130, 3121;
v0x5611063a7130_3122 .array/port v0x5611063a7130, 3122;
E_0x56110637b490/780 .event anyedge, v0x5611063a7130_3119, v0x5611063a7130_3120, v0x5611063a7130_3121, v0x5611063a7130_3122;
v0x5611063a7130_3123 .array/port v0x5611063a7130, 3123;
v0x5611063a7130_3124 .array/port v0x5611063a7130, 3124;
v0x5611063a7130_3125 .array/port v0x5611063a7130, 3125;
v0x5611063a7130_3126 .array/port v0x5611063a7130, 3126;
E_0x56110637b490/781 .event anyedge, v0x5611063a7130_3123, v0x5611063a7130_3124, v0x5611063a7130_3125, v0x5611063a7130_3126;
v0x5611063a7130_3127 .array/port v0x5611063a7130, 3127;
v0x5611063a7130_3128 .array/port v0x5611063a7130, 3128;
v0x5611063a7130_3129 .array/port v0x5611063a7130, 3129;
v0x5611063a7130_3130 .array/port v0x5611063a7130, 3130;
E_0x56110637b490/782 .event anyedge, v0x5611063a7130_3127, v0x5611063a7130_3128, v0x5611063a7130_3129, v0x5611063a7130_3130;
v0x5611063a7130_3131 .array/port v0x5611063a7130, 3131;
v0x5611063a7130_3132 .array/port v0x5611063a7130, 3132;
v0x5611063a7130_3133 .array/port v0x5611063a7130, 3133;
v0x5611063a7130_3134 .array/port v0x5611063a7130, 3134;
E_0x56110637b490/783 .event anyedge, v0x5611063a7130_3131, v0x5611063a7130_3132, v0x5611063a7130_3133, v0x5611063a7130_3134;
v0x5611063a7130_3135 .array/port v0x5611063a7130, 3135;
v0x5611063a7130_3136 .array/port v0x5611063a7130, 3136;
v0x5611063a7130_3137 .array/port v0x5611063a7130, 3137;
v0x5611063a7130_3138 .array/port v0x5611063a7130, 3138;
E_0x56110637b490/784 .event anyedge, v0x5611063a7130_3135, v0x5611063a7130_3136, v0x5611063a7130_3137, v0x5611063a7130_3138;
v0x5611063a7130_3139 .array/port v0x5611063a7130, 3139;
v0x5611063a7130_3140 .array/port v0x5611063a7130, 3140;
v0x5611063a7130_3141 .array/port v0x5611063a7130, 3141;
v0x5611063a7130_3142 .array/port v0x5611063a7130, 3142;
E_0x56110637b490/785 .event anyedge, v0x5611063a7130_3139, v0x5611063a7130_3140, v0x5611063a7130_3141, v0x5611063a7130_3142;
v0x5611063a7130_3143 .array/port v0x5611063a7130, 3143;
v0x5611063a7130_3144 .array/port v0x5611063a7130, 3144;
v0x5611063a7130_3145 .array/port v0x5611063a7130, 3145;
v0x5611063a7130_3146 .array/port v0x5611063a7130, 3146;
E_0x56110637b490/786 .event anyedge, v0x5611063a7130_3143, v0x5611063a7130_3144, v0x5611063a7130_3145, v0x5611063a7130_3146;
v0x5611063a7130_3147 .array/port v0x5611063a7130, 3147;
v0x5611063a7130_3148 .array/port v0x5611063a7130, 3148;
v0x5611063a7130_3149 .array/port v0x5611063a7130, 3149;
v0x5611063a7130_3150 .array/port v0x5611063a7130, 3150;
E_0x56110637b490/787 .event anyedge, v0x5611063a7130_3147, v0x5611063a7130_3148, v0x5611063a7130_3149, v0x5611063a7130_3150;
v0x5611063a7130_3151 .array/port v0x5611063a7130, 3151;
v0x5611063a7130_3152 .array/port v0x5611063a7130, 3152;
v0x5611063a7130_3153 .array/port v0x5611063a7130, 3153;
v0x5611063a7130_3154 .array/port v0x5611063a7130, 3154;
E_0x56110637b490/788 .event anyedge, v0x5611063a7130_3151, v0x5611063a7130_3152, v0x5611063a7130_3153, v0x5611063a7130_3154;
v0x5611063a7130_3155 .array/port v0x5611063a7130, 3155;
v0x5611063a7130_3156 .array/port v0x5611063a7130, 3156;
v0x5611063a7130_3157 .array/port v0x5611063a7130, 3157;
v0x5611063a7130_3158 .array/port v0x5611063a7130, 3158;
E_0x56110637b490/789 .event anyedge, v0x5611063a7130_3155, v0x5611063a7130_3156, v0x5611063a7130_3157, v0x5611063a7130_3158;
v0x5611063a7130_3159 .array/port v0x5611063a7130, 3159;
v0x5611063a7130_3160 .array/port v0x5611063a7130, 3160;
v0x5611063a7130_3161 .array/port v0x5611063a7130, 3161;
v0x5611063a7130_3162 .array/port v0x5611063a7130, 3162;
E_0x56110637b490/790 .event anyedge, v0x5611063a7130_3159, v0x5611063a7130_3160, v0x5611063a7130_3161, v0x5611063a7130_3162;
v0x5611063a7130_3163 .array/port v0x5611063a7130, 3163;
v0x5611063a7130_3164 .array/port v0x5611063a7130, 3164;
v0x5611063a7130_3165 .array/port v0x5611063a7130, 3165;
v0x5611063a7130_3166 .array/port v0x5611063a7130, 3166;
E_0x56110637b490/791 .event anyedge, v0x5611063a7130_3163, v0x5611063a7130_3164, v0x5611063a7130_3165, v0x5611063a7130_3166;
v0x5611063a7130_3167 .array/port v0x5611063a7130, 3167;
v0x5611063a7130_3168 .array/port v0x5611063a7130, 3168;
v0x5611063a7130_3169 .array/port v0x5611063a7130, 3169;
v0x5611063a7130_3170 .array/port v0x5611063a7130, 3170;
E_0x56110637b490/792 .event anyedge, v0x5611063a7130_3167, v0x5611063a7130_3168, v0x5611063a7130_3169, v0x5611063a7130_3170;
v0x5611063a7130_3171 .array/port v0x5611063a7130, 3171;
v0x5611063a7130_3172 .array/port v0x5611063a7130, 3172;
v0x5611063a7130_3173 .array/port v0x5611063a7130, 3173;
v0x5611063a7130_3174 .array/port v0x5611063a7130, 3174;
E_0x56110637b490/793 .event anyedge, v0x5611063a7130_3171, v0x5611063a7130_3172, v0x5611063a7130_3173, v0x5611063a7130_3174;
v0x5611063a7130_3175 .array/port v0x5611063a7130, 3175;
v0x5611063a7130_3176 .array/port v0x5611063a7130, 3176;
v0x5611063a7130_3177 .array/port v0x5611063a7130, 3177;
v0x5611063a7130_3178 .array/port v0x5611063a7130, 3178;
E_0x56110637b490/794 .event anyedge, v0x5611063a7130_3175, v0x5611063a7130_3176, v0x5611063a7130_3177, v0x5611063a7130_3178;
v0x5611063a7130_3179 .array/port v0x5611063a7130, 3179;
v0x5611063a7130_3180 .array/port v0x5611063a7130, 3180;
v0x5611063a7130_3181 .array/port v0x5611063a7130, 3181;
v0x5611063a7130_3182 .array/port v0x5611063a7130, 3182;
E_0x56110637b490/795 .event anyedge, v0x5611063a7130_3179, v0x5611063a7130_3180, v0x5611063a7130_3181, v0x5611063a7130_3182;
v0x5611063a7130_3183 .array/port v0x5611063a7130, 3183;
v0x5611063a7130_3184 .array/port v0x5611063a7130, 3184;
v0x5611063a7130_3185 .array/port v0x5611063a7130, 3185;
v0x5611063a7130_3186 .array/port v0x5611063a7130, 3186;
E_0x56110637b490/796 .event anyedge, v0x5611063a7130_3183, v0x5611063a7130_3184, v0x5611063a7130_3185, v0x5611063a7130_3186;
v0x5611063a7130_3187 .array/port v0x5611063a7130, 3187;
v0x5611063a7130_3188 .array/port v0x5611063a7130, 3188;
v0x5611063a7130_3189 .array/port v0x5611063a7130, 3189;
v0x5611063a7130_3190 .array/port v0x5611063a7130, 3190;
E_0x56110637b490/797 .event anyedge, v0x5611063a7130_3187, v0x5611063a7130_3188, v0x5611063a7130_3189, v0x5611063a7130_3190;
v0x5611063a7130_3191 .array/port v0x5611063a7130, 3191;
v0x5611063a7130_3192 .array/port v0x5611063a7130, 3192;
v0x5611063a7130_3193 .array/port v0x5611063a7130, 3193;
v0x5611063a7130_3194 .array/port v0x5611063a7130, 3194;
E_0x56110637b490/798 .event anyedge, v0x5611063a7130_3191, v0x5611063a7130_3192, v0x5611063a7130_3193, v0x5611063a7130_3194;
v0x5611063a7130_3195 .array/port v0x5611063a7130, 3195;
v0x5611063a7130_3196 .array/port v0x5611063a7130, 3196;
v0x5611063a7130_3197 .array/port v0x5611063a7130, 3197;
v0x5611063a7130_3198 .array/port v0x5611063a7130, 3198;
E_0x56110637b490/799 .event anyedge, v0x5611063a7130_3195, v0x5611063a7130_3196, v0x5611063a7130_3197, v0x5611063a7130_3198;
v0x5611063a7130_3199 .array/port v0x5611063a7130, 3199;
v0x5611063a7130_3200 .array/port v0x5611063a7130, 3200;
v0x5611063a7130_3201 .array/port v0x5611063a7130, 3201;
v0x5611063a7130_3202 .array/port v0x5611063a7130, 3202;
E_0x56110637b490/800 .event anyedge, v0x5611063a7130_3199, v0x5611063a7130_3200, v0x5611063a7130_3201, v0x5611063a7130_3202;
v0x5611063a7130_3203 .array/port v0x5611063a7130, 3203;
v0x5611063a7130_3204 .array/port v0x5611063a7130, 3204;
v0x5611063a7130_3205 .array/port v0x5611063a7130, 3205;
v0x5611063a7130_3206 .array/port v0x5611063a7130, 3206;
E_0x56110637b490/801 .event anyedge, v0x5611063a7130_3203, v0x5611063a7130_3204, v0x5611063a7130_3205, v0x5611063a7130_3206;
v0x5611063a7130_3207 .array/port v0x5611063a7130, 3207;
v0x5611063a7130_3208 .array/port v0x5611063a7130, 3208;
v0x5611063a7130_3209 .array/port v0x5611063a7130, 3209;
v0x5611063a7130_3210 .array/port v0x5611063a7130, 3210;
E_0x56110637b490/802 .event anyedge, v0x5611063a7130_3207, v0x5611063a7130_3208, v0x5611063a7130_3209, v0x5611063a7130_3210;
v0x5611063a7130_3211 .array/port v0x5611063a7130, 3211;
v0x5611063a7130_3212 .array/port v0x5611063a7130, 3212;
v0x5611063a7130_3213 .array/port v0x5611063a7130, 3213;
v0x5611063a7130_3214 .array/port v0x5611063a7130, 3214;
E_0x56110637b490/803 .event anyedge, v0x5611063a7130_3211, v0x5611063a7130_3212, v0x5611063a7130_3213, v0x5611063a7130_3214;
v0x5611063a7130_3215 .array/port v0x5611063a7130, 3215;
v0x5611063a7130_3216 .array/port v0x5611063a7130, 3216;
v0x5611063a7130_3217 .array/port v0x5611063a7130, 3217;
v0x5611063a7130_3218 .array/port v0x5611063a7130, 3218;
E_0x56110637b490/804 .event anyedge, v0x5611063a7130_3215, v0x5611063a7130_3216, v0x5611063a7130_3217, v0x5611063a7130_3218;
v0x5611063a7130_3219 .array/port v0x5611063a7130, 3219;
v0x5611063a7130_3220 .array/port v0x5611063a7130, 3220;
v0x5611063a7130_3221 .array/port v0x5611063a7130, 3221;
v0x5611063a7130_3222 .array/port v0x5611063a7130, 3222;
E_0x56110637b490/805 .event anyedge, v0x5611063a7130_3219, v0x5611063a7130_3220, v0x5611063a7130_3221, v0x5611063a7130_3222;
v0x5611063a7130_3223 .array/port v0x5611063a7130, 3223;
v0x5611063a7130_3224 .array/port v0x5611063a7130, 3224;
v0x5611063a7130_3225 .array/port v0x5611063a7130, 3225;
v0x5611063a7130_3226 .array/port v0x5611063a7130, 3226;
E_0x56110637b490/806 .event anyedge, v0x5611063a7130_3223, v0x5611063a7130_3224, v0x5611063a7130_3225, v0x5611063a7130_3226;
v0x5611063a7130_3227 .array/port v0x5611063a7130, 3227;
v0x5611063a7130_3228 .array/port v0x5611063a7130, 3228;
v0x5611063a7130_3229 .array/port v0x5611063a7130, 3229;
v0x5611063a7130_3230 .array/port v0x5611063a7130, 3230;
E_0x56110637b490/807 .event anyedge, v0x5611063a7130_3227, v0x5611063a7130_3228, v0x5611063a7130_3229, v0x5611063a7130_3230;
v0x5611063a7130_3231 .array/port v0x5611063a7130, 3231;
v0x5611063a7130_3232 .array/port v0x5611063a7130, 3232;
v0x5611063a7130_3233 .array/port v0x5611063a7130, 3233;
v0x5611063a7130_3234 .array/port v0x5611063a7130, 3234;
E_0x56110637b490/808 .event anyedge, v0x5611063a7130_3231, v0x5611063a7130_3232, v0x5611063a7130_3233, v0x5611063a7130_3234;
v0x5611063a7130_3235 .array/port v0x5611063a7130, 3235;
v0x5611063a7130_3236 .array/port v0x5611063a7130, 3236;
v0x5611063a7130_3237 .array/port v0x5611063a7130, 3237;
v0x5611063a7130_3238 .array/port v0x5611063a7130, 3238;
E_0x56110637b490/809 .event anyedge, v0x5611063a7130_3235, v0x5611063a7130_3236, v0x5611063a7130_3237, v0x5611063a7130_3238;
v0x5611063a7130_3239 .array/port v0x5611063a7130, 3239;
v0x5611063a7130_3240 .array/port v0x5611063a7130, 3240;
v0x5611063a7130_3241 .array/port v0x5611063a7130, 3241;
v0x5611063a7130_3242 .array/port v0x5611063a7130, 3242;
E_0x56110637b490/810 .event anyedge, v0x5611063a7130_3239, v0x5611063a7130_3240, v0x5611063a7130_3241, v0x5611063a7130_3242;
v0x5611063a7130_3243 .array/port v0x5611063a7130, 3243;
v0x5611063a7130_3244 .array/port v0x5611063a7130, 3244;
v0x5611063a7130_3245 .array/port v0x5611063a7130, 3245;
v0x5611063a7130_3246 .array/port v0x5611063a7130, 3246;
E_0x56110637b490/811 .event anyedge, v0x5611063a7130_3243, v0x5611063a7130_3244, v0x5611063a7130_3245, v0x5611063a7130_3246;
v0x5611063a7130_3247 .array/port v0x5611063a7130, 3247;
v0x5611063a7130_3248 .array/port v0x5611063a7130, 3248;
v0x5611063a7130_3249 .array/port v0x5611063a7130, 3249;
v0x5611063a7130_3250 .array/port v0x5611063a7130, 3250;
E_0x56110637b490/812 .event anyedge, v0x5611063a7130_3247, v0x5611063a7130_3248, v0x5611063a7130_3249, v0x5611063a7130_3250;
v0x5611063a7130_3251 .array/port v0x5611063a7130, 3251;
v0x5611063a7130_3252 .array/port v0x5611063a7130, 3252;
v0x5611063a7130_3253 .array/port v0x5611063a7130, 3253;
v0x5611063a7130_3254 .array/port v0x5611063a7130, 3254;
E_0x56110637b490/813 .event anyedge, v0x5611063a7130_3251, v0x5611063a7130_3252, v0x5611063a7130_3253, v0x5611063a7130_3254;
v0x5611063a7130_3255 .array/port v0x5611063a7130, 3255;
v0x5611063a7130_3256 .array/port v0x5611063a7130, 3256;
v0x5611063a7130_3257 .array/port v0x5611063a7130, 3257;
v0x5611063a7130_3258 .array/port v0x5611063a7130, 3258;
E_0x56110637b490/814 .event anyedge, v0x5611063a7130_3255, v0x5611063a7130_3256, v0x5611063a7130_3257, v0x5611063a7130_3258;
v0x5611063a7130_3259 .array/port v0x5611063a7130, 3259;
v0x5611063a7130_3260 .array/port v0x5611063a7130, 3260;
v0x5611063a7130_3261 .array/port v0x5611063a7130, 3261;
v0x5611063a7130_3262 .array/port v0x5611063a7130, 3262;
E_0x56110637b490/815 .event anyedge, v0x5611063a7130_3259, v0x5611063a7130_3260, v0x5611063a7130_3261, v0x5611063a7130_3262;
v0x5611063a7130_3263 .array/port v0x5611063a7130, 3263;
v0x5611063a7130_3264 .array/port v0x5611063a7130, 3264;
v0x5611063a7130_3265 .array/port v0x5611063a7130, 3265;
v0x5611063a7130_3266 .array/port v0x5611063a7130, 3266;
E_0x56110637b490/816 .event anyedge, v0x5611063a7130_3263, v0x5611063a7130_3264, v0x5611063a7130_3265, v0x5611063a7130_3266;
v0x5611063a7130_3267 .array/port v0x5611063a7130, 3267;
v0x5611063a7130_3268 .array/port v0x5611063a7130, 3268;
v0x5611063a7130_3269 .array/port v0x5611063a7130, 3269;
v0x5611063a7130_3270 .array/port v0x5611063a7130, 3270;
E_0x56110637b490/817 .event anyedge, v0x5611063a7130_3267, v0x5611063a7130_3268, v0x5611063a7130_3269, v0x5611063a7130_3270;
v0x5611063a7130_3271 .array/port v0x5611063a7130, 3271;
v0x5611063a7130_3272 .array/port v0x5611063a7130, 3272;
v0x5611063a7130_3273 .array/port v0x5611063a7130, 3273;
v0x5611063a7130_3274 .array/port v0x5611063a7130, 3274;
E_0x56110637b490/818 .event anyedge, v0x5611063a7130_3271, v0x5611063a7130_3272, v0x5611063a7130_3273, v0x5611063a7130_3274;
v0x5611063a7130_3275 .array/port v0x5611063a7130, 3275;
v0x5611063a7130_3276 .array/port v0x5611063a7130, 3276;
v0x5611063a7130_3277 .array/port v0x5611063a7130, 3277;
v0x5611063a7130_3278 .array/port v0x5611063a7130, 3278;
E_0x56110637b490/819 .event anyedge, v0x5611063a7130_3275, v0x5611063a7130_3276, v0x5611063a7130_3277, v0x5611063a7130_3278;
v0x5611063a7130_3279 .array/port v0x5611063a7130, 3279;
v0x5611063a7130_3280 .array/port v0x5611063a7130, 3280;
v0x5611063a7130_3281 .array/port v0x5611063a7130, 3281;
v0x5611063a7130_3282 .array/port v0x5611063a7130, 3282;
E_0x56110637b490/820 .event anyedge, v0x5611063a7130_3279, v0x5611063a7130_3280, v0x5611063a7130_3281, v0x5611063a7130_3282;
v0x5611063a7130_3283 .array/port v0x5611063a7130, 3283;
v0x5611063a7130_3284 .array/port v0x5611063a7130, 3284;
v0x5611063a7130_3285 .array/port v0x5611063a7130, 3285;
v0x5611063a7130_3286 .array/port v0x5611063a7130, 3286;
E_0x56110637b490/821 .event anyedge, v0x5611063a7130_3283, v0x5611063a7130_3284, v0x5611063a7130_3285, v0x5611063a7130_3286;
v0x5611063a7130_3287 .array/port v0x5611063a7130, 3287;
v0x5611063a7130_3288 .array/port v0x5611063a7130, 3288;
v0x5611063a7130_3289 .array/port v0x5611063a7130, 3289;
v0x5611063a7130_3290 .array/port v0x5611063a7130, 3290;
E_0x56110637b490/822 .event anyedge, v0x5611063a7130_3287, v0x5611063a7130_3288, v0x5611063a7130_3289, v0x5611063a7130_3290;
v0x5611063a7130_3291 .array/port v0x5611063a7130, 3291;
v0x5611063a7130_3292 .array/port v0x5611063a7130, 3292;
v0x5611063a7130_3293 .array/port v0x5611063a7130, 3293;
v0x5611063a7130_3294 .array/port v0x5611063a7130, 3294;
E_0x56110637b490/823 .event anyedge, v0x5611063a7130_3291, v0x5611063a7130_3292, v0x5611063a7130_3293, v0x5611063a7130_3294;
v0x5611063a7130_3295 .array/port v0x5611063a7130, 3295;
v0x5611063a7130_3296 .array/port v0x5611063a7130, 3296;
v0x5611063a7130_3297 .array/port v0x5611063a7130, 3297;
v0x5611063a7130_3298 .array/port v0x5611063a7130, 3298;
E_0x56110637b490/824 .event anyedge, v0x5611063a7130_3295, v0x5611063a7130_3296, v0x5611063a7130_3297, v0x5611063a7130_3298;
v0x5611063a7130_3299 .array/port v0x5611063a7130, 3299;
v0x5611063a7130_3300 .array/port v0x5611063a7130, 3300;
v0x5611063a7130_3301 .array/port v0x5611063a7130, 3301;
v0x5611063a7130_3302 .array/port v0x5611063a7130, 3302;
E_0x56110637b490/825 .event anyedge, v0x5611063a7130_3299, v0x5611063a7130_3300, v0x5611063a7130_3301, v0x5611063a7130_3302;
v0x5611063a7130_3303 .array/port v0x5611063a7130, 3303;
v0x5611063a7130_3304 .array/port v0x5611063a7130, 3304;
v0x5611063a7130_3305 .array/port v0x5611063a7130, 3305;
v0x5611063a7130_3306 .array/port v0x5611063a7130, 3306;
E_0x56110637b490/826 .event anyedge, v0x5611063a7130_3303, v0x5611063a7130_3304, v0x5611063a7130_3305, v0x5611063a7130_3306;
v0x5611063a7130_3307 .array/port v0x5611063a7130, 3307;
v0x5611063a7130_3308 .array/port v0x5611063a7130, 3308;
v0x5611063a7130_3309 .array/port v0x5611063a7130, 3309;
v0x5611063a7130_3310 .array/port v0x5611063a7130, 3310;
E_0x56110637b490/827 .event anyedge, v0x5611063a7130_3307, v0x5611063a7130_3308, v0x5611063a7130_3309, v0x5611063a7130_3310;
v0x5611063a7130_3311 .array/port v0x5611063a7130, 3311;
v0x5611063a7130_3312 .array/port v0x5611063a7130, 3312;
v0x5611063a7130_3313 .array/port v0x5611063a7130, 3313;
v0x5611063a7130_3314 .array/port v0x5611063a7130, 3314;
E_0x56110637b490/828 .event anyedge, v0x5611063a7130_3311, v0x5611063a7130_3312, v0x5611063a7130_3313, v0x5611063a7130_3314;
v0x5611063a7130_3315 .array/port v0x5611063a7130, 3315;
v0x5611063a7130_3316 .array/port v0x5611063a7130, 3316;
v0x5611063a7130_3317 .array/port v0x5611063a7130, 3317;
v0x5611063a7130_3318 .array/port v0x5611063a7130, 3318;
E_0x56110637b490/829 .event anyedge, v0x5611063a7130_3315, v0x5611063a7130_3316, v0x5611063a7130_3317, v0x5611063a7130_3318;
v0x5611063a7130_3319 .array/port v0x5611063a7130, 3319;
v0x5611063a7130_3320 .array/port v0x5611063a7130, 3320;
v0x5611063a7130_3321 .array/port v0x5611063a7130, 3321;
v0x5611063a7130_3322 .array/port v0x5611063a7130, 3322;
E_0x56110637b490/830 .event anyedge, v0x5611063a7130_3319, v0x5611063a7130_3320, v0x5611063a7130_3321, v0x5611063a7130_3322;
v0x5611063a7130_3323 .array/port v0x5611063a7130, 3323;
v0x5611063a7130_3324 .array/port v0x5611063a7130, 3324;
v0x5611063a7130_3325 .array/port v0x5611063a7130, 3325;
v0x5611063a7130_3326 .array/port v0x5611063a7130, 3326;
E_0x56110637b490/831 .event anyedge, v0x5611063a7130_3323, v0x5611063a7130_3324, v0x5611063a7130_3325, v0x5611063a7130_3326;
v0x5611063a7130_3327 .array/port v0x5611063a7130, 3327;
v0x5611063a7130_3328 .array/port v0x5611063a7130, 3328;
v0x5611063a7130_3329 .array/port v0x5611063a7130, 3329;
v0x5611063a7130_3330 .array/port v0x5611063a7130, 3330;
E_0x56110637b490/832 .event anyedge, v0x5611063a7130_3327, v0x5611063a7130_3328, v0x5611063a7130_3329, v0x5611063a7130_3330;
v0x5611063a7130_3331 .array/port v0x5611063a7130, 3331;
v0x5611063a7130_3332 .array/port v0x5611063a7130, 3332;
v0x5611063a7130_3333 .array/port v0x5611063a7130, 3333;
v0x5611063a7130_3334 .array/port v0x5611063a7130, 3334;
E_0x56110637b490/833 .event anyedge, v0x5611063a7130_3331, v0x5611063a7130_3332, v0x5611063a7130_3333, v0x5611063a7130_3334;
v0x5611063a7130_3335 .array/port v0x5611063a7130, 3335;
v0x5611063a7130_3336 .array/port v0x5611063a7130, 3336;
v0x5611063a7130_3337 .array/port v0x5611063a7130, 3337;
v0x5611063a7130_3338 .array/port v0x5611063a7130, 3338;
E_0x56110637b490/834 .event anyedge, v0x5611063a7130_3335, v0x5611063a7130_3336, v0x5611063a7130_3337, v0x5611063a7130_3338;
v0x5611063a7130_3339 .array/port v0x5611063a7130, 3339;
v0x5611063a7130_3340 .array/port v0x5611063a7130, 3340;
v0x5611063a7130_3341 .array/port v0x5611063a7130, 3341;
v0x5611063a7130_3342 .array/port v0x5611063a7130, 3342;
E_0x56110637b490/835 .event anyedge, v0x5611063a7130_3339, v0x5611063a7130_3340, v0x5611063a7130_3341, v0x5611063a7130_3342;
v0x5611063a7130_3343 .array/port v0x5611063a7130, 3343;
v0x5611063a7130_3344 .array/port v0x5611063a7130, 3344;
v0x5611063a7130_3345 .array/port v0x5611063a7130, 3345;
v0x5611063a7130_3346 .array/port v0x5611063a7130, 3346;
E_0x56110637b490/836 .event anyedge, v0x5611063a7130_3343, v0x5611063a7130_3344, v0x5611063a7130_3345, v0x5611063a7130_3346;
v0x5611063a7130_3347 .array/port v0x5611063a7130, 3347;
v0x5611063a7130_3348 .array/port v0x5611063a7130, 3348;
v0x5611063a7130_3349 .array/port v0x5611063a7130, 3349;
v0x5611063a7130_3350 .array/port v0x5611063a7130, 3350;
E_0x56110637b490/837 .event anyedge, v0x5611063a7130_3347, v0x5611063a7130_3348, v0x5611063a7130_3349, v0x5611063a7130_3350;
v0x5611063a7130_3351 .array/port v0x5611063a7130, 3351;
v0x5611063a7130_3352 .array/port v0x5611063a7130, 3352;
v0x5611063a7130_3353 .array/port v0x5611063a7130, 3353;
v0x5611063a7130_3354 .array/port v0x5611063a7130, 3354;
E_0x56110637b490/838 .event anyedge, v0x5611063a7130_3351, v0x5611063a7130_3352, v0x5611063a7130_3353, v0x5611063a7130_3354;
v0x5611063a7130_3355 .array/port v0x5611063a7130, 3355;
v0x5611063a7130_3356 .array/port v0x5611063a7130, 3356;
v0x5611063a7130_3357 .array/port v0x5611063a7130, 3357;
v0x5611063a7130_3358 .array/port v0x5611063a7130, 3358;
E_0x56110637b490/839 .event anyedge, v0x5611063a7130_3355, v0x5611063a7130_3356, v0x5611063a7130_3357, v0x5611063a7130_3358;
v0x5611063a7130_3359 .array/port v0x5611063a7130, 3359;
v0x5611063a7130_3360 .array/port v0x5611063a7130, 3360;
v0x5611063a7130_3361 .array/port v0x5611063a7130, 3361;
v0x5611063a7130_3362 .array/port v0x5611063a7130, 3362;
E_0x56110637b490/840 .event anyedge, v0x5611063a7130_3359, v0x5611063a7130_3360, v0x5611063a7130_3361, v0x5611063a7130_3362;
v0x5611063a7130_3363 .array/port v0x5611063a7130, 3363;
v0x5611063a7130_3364 .array/port v0x5611063a7130, 3364;
v0x5611063a7130_3365 .array/port v0x5611063a7130, 3365;
v0x5611063a7130_3366 .array/port v0x5611063a7130, 3366;
E_0x56110637b490/841 .event anyedge, v0x5611063a7130_3363, v0x5611063a7130_3364, v0x5611063a7130_3365, v0x5611063a7130_3366;
v0x5611063a7130_3367 .array/port v0x5611063a7130, 3367;
v0x5611063a7130_3368 .array/port v0x5611063a7130, 3368;
v0x5611063a7130_3369 .array/port v0x5611063a7130, 3369;
v0x5611063a7130_3370 .array/port v0x5611063a7130, 3370;
E_0x56110637b490/842 .event anyedge, v0x5611063a7130_3367, v0x5611063a7130_3368, v0x5611063a7130_3369, v0x5611063a7130_3370;
v0x5611063a7130_3371 .array/port v0x5611063a7130, 3371;
v0x5611063a7130_3372 .array/port v0x5611063a7130, 3372;
v0x5611063a7130_3373 .array/port v0x5611063a7130, 3373;
v0x5611063a7130_3374 .array/port v0x5611063a7130, 3374;
E_0x56110637b490/843 .event anyedge, v0x5611063a7130_3371, v0x5611063a7130_3372, v0x5611063a7130_3373, v0x5611063a7130_3374;
v0x5611063a7130_3375 .array/port v0x5611063a7130, 3375;
v0x5611063a7130_3376 .array/port v0x5611063a7130, 3376;
v0x5611063a7130_3377 .array/port v0x5611063a7130, 3377;
v0x5611063a7130_3378 .array/port v0x5611063a7130, 3378;
E_0x56110637b490/844 .event anyedge, v0x5611063a7130_3375, v0x5611063a7130_3376, v0x5611063a7130_3377, v0x5611063a7130_3378;
v0x5611063a7130_3379 .array/port v0x5611063a7130, 3379;
v0x5611063a7130_3380 .array/port v0x5611063a7130, 3380;
v0x5611063a7130_3381 .array/port v0x5611063a7130, 3381;
v0x5611063a7130_3382 .array/port v0x5611063a7130, 3382;
E_0x56110637b490/845 .event anyedge, v0x5611063a7130_3379, v0x5611063a7130_3380, v0x5611063a7130_3381, v0x5611063a7130_3382;
v0x5611063a7130_3383 .array/port v0x5611063a7130, 3383;
v0x5611063a7130_3384 .array/port v0x5611063a7130, 3384;
v0x5611063a7130_3385 .array/port v0x5611063a7130, 3385;
v0x5611063a7130_3386 .array/port v0x5611063a7130, 3386;
E_0x56110637b490/846 .event anyedge, v0x5611063a7130_3383, v0x5611063a7130_3384, v0x5611063a7130_3385, v0x5611063a7130_3386;
v0x5611063a7130_3387 .array/port v0x5611063a7130, 3387;
v0x5611063a7130_3388 .array/port v0x5611063a7130, 3388;
v0x5611063a7130_3389 .array/port v0x5611063a7130, 3389;
v0x5611063a7130_3390 .array/port v0x5611063a7130, 3390;
E_0x56110637b490/847 .event anyedge, v0x5611063a7130_3387, v0x5611063a7130_3388, v0x5611063a7130_3389, v0x5611063a7130_3390;
v0x5611063a7130_3391 .array/port v0x5611063a7130, 3391;
v0x5611063a7130_3392 .array/port v0x5611063a7130, 3392;
v0x5611063a7130_3393 .array/port v0x5611063a7130, 3393;
v0x5611063a7130_3394 .array/port v0x5611063a7130, 3394;
E_0x56110637b490/848 .event anyedge, v0x5611063a7130_3391, v0x5611063a7130_3392, v0x5611063a7130_3393, v0x5611063a7130_3394;
v0x5611063a7130_3395 .array/port v0x5611063a7130, 3395;
v0x5611063a7130_3396 .array/port v0x5611063a7130, 3396;
v0x5611063a7130_3397 .array/port v0x5611063a7130, 3397;
v0x5611063a7130_3398 .array/port v0x5611063a7130, 3398;
E_0x56110637b490/849 .event anyedge, v0x5611063a7130_3395, v0x5611063a7130_3396, v0x5611063a7130_3397, v0x5611063a7130_3398;
v0x5611063a7130_3399 .array/port v0x5611063a7130, 3399;
v0x5611063a7130_3400 .array/port v0x5611063a7130, 3400;
v0x5611063a7130_3401 .array/port v0x5611063a7130, 3401;
v0x5611063a7130_3402 .array/port v0x5611063a7130, 3402;
E_0x56110637b490/850 .event anyedge, v0x5611063a7130_3399, v0x5611063a7130_3400, v0x5611063a7130_3401, v0x5611063a7130_3402;
v0x5611063a7130_3403 .array/port v0x5611063a7130, 3403;
v0x5611063a7130_3404 .array/port v0x5611063a7130, 3404;
v0x5611063a7130_3405 .array/port v0x5611063a7130, 3405;
v0x5611063a7130_3406 .array/port v0x5611063a7130, 3406;
E_0x56110637b490/851 .event anyedge, v0x5611063a7130_3403, v0x5611063a7130_3404, v0x5611063a7130_3405, v0x5611063a7130_3406;
v0x5611063a7130_3407 .array/port v0x5611063a7130, 3407;
v0x5611063a7130_3408 .array/port v0x5611063a7130, 3408;
v0x5611063a7130_3409 .array/port v0x5611063a7130, 3409;
v0x5611063a7130_3410 .array/port v0x5611063a7130, 3410;
E_0x56110637b490/852 .event anyedge, v0x5611063a7130_3407, v0x5611063a7130_3408, v0x5611063a7130_3409, v0x5611063a7130_3410;
v0x5611063a7130_3411 .array/port v0x5611063a7130, 3411;
v0x5611063a7130_3412 .array/port v0x5611063a7130, 3412;
v0x5611063a7130_3413 .array/port v0x5611063a7130, 3413;
v0x5611063a7130_3414 .array/port v0x5611063a7130, 3414;
E_0x56110637b490/853 .event anyedge, v0x5611063a7130_3411, v0x5611063a7130_3412, v0x5611063a7130_3413, v0x5611063a7130_3414;
v0x5611063a7130_3415 .array/port v0x5611063a7130, 3415;
v0x5611063a7130_3416 .array/port v0x5611063a7130, 3416;
v0x5611063a7130_3417 .array/port v0x5611063a7130, 3417;
v0x5611063a7130_3418 .array/port v0x5611063a7130, 3418;
E_0x56110637b490/854 .event anyedge, v0x5611063a7130_3415, v0x5611063a7130_3416, v0x5611063a7130_3417, v0x5611063a7130_3418;
v0x5611063a7130_3419 .array/port v0x5611063a7130, 3419;
v0x5611063a7130_3420 .array/port v0x5611063a7130, 3420;
v0x5611063a7130_3421 .array/port v0x5611063a7130, 3421;
v0x5611063a7130_3422 .array/port v0x5611063a7130, 3422;
E_0x56110637b490/855 .event anyedge, v0x5611063a7130_3419, v0x5611063a7130_3420, v0x5611063a7130_3421, v0x5611063a7130_3422;
v0x5611063a7130_3423 .array/port v0x5611063a7130, 3423;
v0x5611063a7130_3424 .array/port v0x5611063a7130, 3424;
v0x5611063a7130_3425 .array/port v0x5611063a7130, 3425;
v0x5611063a7130_3426 .array/port v0x5611063a7130, 3426;
E_0x56110637b490/856 .event anyedge, v0x5611063a7130_3423, v0x5611063a7130_3424, v0x5611063a7130_3425, v0x5611063a7130_3426;
v0x5611063a7130_3427 .array/port v0x5611063a7130, 3427;
v0x5611063a7130_3428 .array/port v0x5611063a7130, 3428;
v0x5611063a7130_3429 .array/port v0x5611063a7130, 3429;
v0x5611063a7130_3430 .array/port v0x5611063a7130, 3430;
E_0x56110637b490/857 .event anyedge, v0x5611063a7130_3427, v0x5611063a7130_3428, v0x5611063a7130_3429, v0x5611063a7130_3430;
v0x5611063a7130_3431 .array/port v0x5611063a7130, 3431;
v0x5611063a7130_3432 .array/port v0x5611063a7130, 3432;
v0x5611063a7130_3433 .array/port v0x5611063a7130, 3433;
v0x5611063a7130_3434 .array/port v0x5611063a7130, 3434;
E_0x56110637b490/858 .event anyedge, v0x5611063a7130_3431, v0x5611063a7130_3432, v0x5611063a7130_3433, v0x5611063a7130_3434;
v0x5611063a7130_3435 .array/port v0x5611063a7130, 3435;
v0x5611063a7130_3436 .array/port v0x5611063a7130, 3436;
v0x5611063a7130_3437 .array/port v0x5611063a7130, 3437;
v0x5611063a7130_3438 .array/port v0x5611063a7130, 3438;
E_0x56110637b490/859 .event anyedge, v0x5611063a7130_3435, v0x5611063a7130_3436, v0x5611063a7130_3437, v0x5611063a7130_3438;
v0x5611063a7130_3439 .array/port v0x5611063a7130, 3439;
v0x5611063a7130_3440 .array/port v0x5611063a7130, 3440;
v0x5611063a7130_3441 .array/port v0x5611063a7130, 3441;
v0x5611063a7130_3442 .array/port v0x5611063a7130, 3442;
E_0x56110637b490/860 .event anyedge, v0x5611063a7130_3439, v0x5611063a7130_3440, v0x5611063a7130_3441, v0x5611063a7130_3442;
v0x5611063a7130_3443 .array/port v0x5611063a7130, 3443;
v0x5611063a7130_3444 .array/port v0x5611063a7130, 3444;
v0x5611063a7130_3445 .array/port v0x5611063a7130, 3445;
v0x5611063a7130_3446 .array/port v0x5611063a7130, 3446;
E_0x56110637b490/861 .event anyedge, v0x5611063a7130_3443, v0x5611063a7130_3444, v0x5611063a7130_3445, v0x5611063a7130_3446;
v0x5611063a7130_3447 .array/port v0x5611063a7130, 3447;
v0x5611063a7130_3448 .array/port v0x5611063a7130, 3448;
v0x5611063a7130_3449 .array/port v0x5611063a7130, 3449;
v0x5611063a7130_3450 .array/port v0x5611063a7130, 3450;
E_0x56110637b490/862 .event anyedge, v0x5611063a7130_3447, v0x5611063a7130_3448, v0x5611063a7130_3449, v0x5611063a7130_3450;
v0x5611063a7130_3451 .array/port v0x5611063a7130, 3451;
v0x5611063a7130_3452 .array/port v0x5611063a7130, 3452;
v0x5611063a7130_3453 .array/port v0x5611063a7130, 3453;
v0x5611063a7130_3454 .array/port v0x5611063a7130, 3454;
E_0x56110637b490/863 .event anyedge, v0x5611063a7130_3451, v0x5611063a7130_3452, v0x5611063a7130_3453, v0x5611063a7130_3454;
v0x5611063a7130_3455 .array/port v0x5611063a7130, 3455;
v0x5611063a7130_3456 .array/port v0x5611063a7130, 3456;
v0x5611063a7130_3457 .array/port v0x5611063a7130, 3457;
v0x5611063a7130_3458 .array/port v0x5611063a7130, 3458;
E_0x56110637b490/864 .event anyedge, v0x5611063a7130_3455, v0x5611063a7130_3456, v0x5611063a7130_3457, v0x5611063a7130_3458;
v0x5611063a7130_3459 .array/port v0x5611063a7130, 3459;
v0x5611063a7130_3460 .array/port v0x5611063a7130, 3460;
v0x5611063a7130_3461 .array/port v0x5611063a7130, 3461;
v0x5611063a7130_3462 .array/port v0x5611063a7130, 3462;
E_0x56110637b490/865 .event anyedge, v0x5611063a7130_3459, v0x5611063a7130_3460, v0x5611063a7130_3461, v0x5611063a7130_3462;
v0x5611063a7130_3463 .array/port v0x5611063a7130, 3463;
v0x5611063a7130_3464 .array/port v0x5611063a7130, 3464;
v0x5611063a7130_3465 .array/port v0x5611063a7130, 3465;
v0x5611063a7130_3466 .array/port v0x5611063a7130, 3466;
E_0x56110637b490/866 .event anyedge, v0x5611063a7130_3463, v0x5611063a7130_3464, v0x5611063a7130_3465, v0x5611063a7130_3466;
v0x5611063a7130_3467 .array/port v0x5611063a7130, 3467;
v0x5611063a7130_3468 .array/port v0x5611063a7130, 3468;
v0x5611063a7130_3469 .array/port v0x5611063a7130, 3469;
v0x5611063a7130_3470 .array/port v0x5611063a7130, 3470;
E_0x56110637b490/867 .event anyedge, v0x5611063a7130_3467, v0x5611063a7130_3468, v0x5611063a7130_3469, v0x5611063a7130_3470;
v0x5611063a7130_3471 .array/port v0x5611063a7130, 3471;
v0x5611063a7130_3472 .array/port v0x5611063a7130, 3472;
v0x5611063a7130_3473 .array/port v0x5611063a7130, 3473;
v0x5611063a7130_3474 .array/port v0x5611063a7130, 3474;
E_0x56110637b490/868 .event anyedge, v0x5611063a7130_3471, v0x5611063a7130_3472, v0x5611063a7130_3473, v0x5611063a7130_3474;
v0x5611063a7130_3475 .array/port v0x5611063a7130, 3475;
v0x5611063a7130_3476 .array/port v0x5611063a7130, 3476;
v0x5611063a7130_3477 .array/port v0x5611063a7130, 3477;
v0x5611063a7130_3478 .array/port v0x5611063a7130, 3478;
E_0x56110637b490/869 .event anyedge, v0x5611063a7130_3475, v0x5611063a7130_3476, v0x5611063a7130_3477, v0x5611063a7130_3478;
v0x5611063a7130_3479 .array/port v0x5611063a7130, 3479;
v0x5611063a7130_3480 .array/port v0x5611063a7130, 3480;
v0x5611063a7130_3481 .array/port v0x5611063a7130, 3481;
v0x5611063a7130_3482 .array/port v0x5611063a7130, 3482;
E_0x56110637b490/870 .event anyedge, v0x5611063a7130_3479, v0x5611063a7130_3480, v0x5611063a7130_3481, v0x5611063a7130_3482;
v0x5611063a7130_3483 .array/port v0x5611063a7130, 3483;
v0x5611063a7130_3484 .array/port v0x5611063a7130, 3484;
v0x5611063a7130_3485 .array/port v0x5611063a7130, 3485;
v0x5611063a7130_3486 .array/port v0x5611063a7130, 3486;
E_0x56110637b490/871 .event anyedge, v0x5611063a7130_3483, v0x5611063a7130_3484, v0x5611063a7130_3485, v0x5611063a7130_3486;
v0x5611063a7130_3487 .array/port v0x5611063a7130, 3487;
v0x5611063a7130_3488 .array/port v0x5611063a7130, 3488;
v0x5611063a7130_3489 .array/port v0x5611063a7130, 3489;
v0x5611063a7130_3490 .array/port v0x5611063a7130, 3490;
E_0x56110637b490/872 .event anyedge, v0x5611063a7130_3487, v0x5611063a7130_3488, v0x5611063a7130_3489, v0x5611063a7130_3490;
v0x5611063a7130_3491 .array/port v0x5611063a7130, 3491;
v0x5611063a7130_3492 .array/port v0x5611063a7130, 3492;
v0x5611063a7130_3493 .array/port v0x5611063a7130, 3493;
v0x5611063a7130_3494 .array/port v0x5611063a7130, 3494;
E_0x56110637b490/873 .event anyedge, v0x5611063a7130_3491, v0x5611063a7130_3492, v0x5611063a7130_3493, v0x5611063a7130_3494;
v0x5611063a7130_3495 .array/port v0x5611063a7130, 3495;
v0x5611063a7130_3496 .array/port v0x5611063a7130, 3496;
v0x5611063a7130_3497 .array/port v0x5611063a7130, 3497;
v0x5611063a7130_3498 .array/port v0x5611063a7130, 3498;
E_0x56110637b490/874 .event anyedge, v0x5611063a7130_3495, v0x5611063a7130_3496, v0x5611063a7130_3497, v0x5611063a7130_3498;
v0x5611063a7130_3499 .array/port v0x5611063a7130, 3499;
v0x5611063a7130_3500 .array/port v0x5611063a7130, 3500;
v0x5611063a7130_3501 .array/port v0x5611063a7130, 3501;
v0x5611063a7130_3502 .array/port v0x5611063a7130, 3502;
E_0x56110637b490/875 .event anyedge, v0x5611063a7130_3499, v0x5611063a7130_3500, v0x5611063a7130_3501, v0x5611063a7130_3502;
v0x5611063a7130_3503 .array/port v0x5611063a7130, 3503;
v0x5611063a7130_3504 .array/port v0x5611063a7130, 3504;
v0x5611063a7130_3505 .array/port v0x5611063a7130, 3505;
v0x5611063a7130_3506 .array/port v0x5611063a7130, 3506;
E_0x56110637b490/876 .event anyedge, v0x5611063a7130_3503, v0x5611063a7130_3504, v0x5611063a7130_3505, v0x5611063a7130_3506;
v0x5611063a7130_3507 .array/port v0x5611063a7130, 3507;
v0x5611063a7130_3508 .array/port v0x5611063a7130, 3508;
v0x5611063a7130_3509 .array/port v0x5611063a7130, 3509;
v0x5611063a7130_3510 .array/port v0x5611063a7130, 3510;
E_0x56110637b490/877 .event anyedge, v0x5611063a7130_3507, v0x5611063a7130_3508, v0x5611063a7130_3509, v0x5611063a7130_3510;
v0x5611063a7130_3511 .array/port v0x5611063a7130, 3511;
v0x5611063a7130_3512 .array/port v0x5611063a7130, 3512;
v0x5611063a7130_3513 .array/port v0x5611063a7130, 3513;
v0x5611063a7130_3514 .array/port v0x5611063a7130, 3514;
E_0x56110637b490/878 .event anyedge, v0x5611063a7130_3511, v0x5611063a7130_3512, v0x5611063a7130_3513, v0x5611063a7130_3514;
v0x5611063a7130_3515 .array/port v0x5611063a7130, 3515;
v0x5611063a7130_3516 .array/port v0x5611063a7130, 3516;
v0x5611063a7130_3517 .array/port v0x5611063a7130, 3517;
v0x5611063a7130_3518 .array/port v0x5611063a7130, 3518;
E_0x56110637b490/879 .event anyedge, v0x5611063a7130_3515, v0x5611063a7130_3516, v0x5611063a7130_3517, v0x5611063a7130_3518;
v0x5611063a7130_3519 .array/port v0x5611063a7130, 3519;
v0x5611063a7130_3520 .array/port v0x5611063a7130, 3520;
v0x5611063a7130_3521 .array/port v0x5611063a7130, 3521;
v0x5611063a7130_3522 .array/port v0x5611063a7130, 3522;
E_0x56110637b490/880 .event anyedge, v0x5611063a7130_3519, v0x5611063a7130_3520, v0x5611063a7130_3521, v0x5611063a7130_3522;
v0x5611063a7130_3523 .array/port v0x5611063a7130, 3523;
v0x5611063a7130_3524 .array/port v0x5611063a7130, 3524;
v0x5611063a7130_3525 .array/port v0x5611063a7130, 3525;
v0x5611063a7130_3526 .array/port v0x5611063a7130, 3526;
E_0x56110637b490/881 .event anyedge, v0x5611063a7130_3523, v0x5611063a7130_3524, v0x5611063a7130_3525, v0x5611063a7130_3526;
v0x5611063a7130_3527 .array/port v0x5611063a7130, 3527;
v0x5611063a7130_3528 .array/port v0x5611063a7130, 3528;
v0x5611063a7130_3529 .array/port v0x5611063a7130, 3529;
v0x5611063a7130_3530 .array/port v0x5611063a7130, 3530;
E_0x56110637b490/882 .event anyedge, v0x5611063a7130_3527, v0x5611063a7130_3528, v0x5611063a7130_3529, v0x5611063a7130_3530;
v0x5611063a7130_3531 .array/port v0x5611063a7130, 3531;
v0x5611063a7130_3532 .array/port v0x5611063a7130, 3532;
v0x5611063a7130_3533 .array/port v0x5611063a7130, 3533;
v0x5611063a7130_3534 .array/port v0x5611063a7130, 3534;
E_0x56110637b490/883 .event anyedge, v0x5611063a7130_3531, v0x5611063a7130_3532, v0x5611063a7130_3533, v0x5611063a7130_3534;
v0x5611063a7130_3535 .array/port v0x5611063a7130, 3535;
v0x5611063a7130_3536 .array/port v0x5611063a7130, 3536;
v0x5611063a7130_3537 .array/port v0x5611063a7130, 3537;
v0x5611063a7130_3538 .array/port v0x5611063a7130, 3538;
E_0x56110637b490/884 .event anyedge, v0x5611063a7130_3535, v0x5611063a7130_3536, v0x5611063a7130_3537, v0x5611063a7130_3538;
v0x5611063a7130_3539 .array/port v0x5611063a7130, 3539;
v0x5611063a7130_3540 .array/port v0x5611063a7130, 3540;
v0x5611063a7130_3541 .array/port v0x5611063a7130, 3541;
v0x5611063a7130_3542 .array/port v0x5611063a7130, 3542;
E_0x56110637b490/885 .event anyedge, v0x5611063a7130_3539, v0x5611063a7130_3540, v0x5611063a7130_3541, v0x5611063a7130_3542;
v0x5611063a7130_3543 .array/port v0x5611063a7130, 3543;
v0x5611063a7130_3544 .array/port v0x5611063a7130, 3544;
v0x5611063a7130_3545 .array/port v0x5611063a7130, 3545;
v0x5611063a7130_3546 .array/port v0x5611063a7130, 3546;
E_0x56110637b490/886 .event anyedge, v0x5611063a7130_3543, v0x5611063a7130_3544, v0x5611063a7130_3545, v0x5611063a7130_3546;
v0x5611063a7130_3547 .array/port v0x5611063a7130, 3547;
v0x5611063a7130_3548 .array/port v0x5611063a7130, 3548;
v0x5611063a7130_3549 .array/port v0x5611063a7130, 3549;
v0x5611063a7130_3550 .array/port v0x5611063a7130, 3550;
E_0x56110637b490/887 .event anyedge, v0x5611063a7130_3547, v0x5611063a7130_3548, v0x5611063a7130_3549, v0x5611063a7130_3550;
v0x5611063a7130_3551 .array/port v0x5611063a7130, 3551;
v0x5611063a7130_3552 .array/port v0x5611063a7130, 3552;
v0x5611063a7130_3553 .array/port v0x5611063a7130, 3553;
v0x5611063a7130_3554 .array/port v0x5611063a7130, 3554;
E_0x56110637b490/888 .event anyedge, v0x5611063a7130_3551, v0x5611063a7130_3552, v0x5611063a7130_3553, v0x5611063a7130_3554;
v0x5611063a7130_3555 .array/port v0x5611063a7130, 3555;
v0x5611063a7130_3556 .array/port v0x5611063a7130, 3556;
v0x5611063a7130_3557 .array/port v0x5611063a7130, 3557;
v0x5611063a7130_3558 .array/port v0x5611063a7130, 3558;
E_0x56110637b490/889 .event anyedge, v0x5611063a7130_3555, v0x5611063a7130_3556, v0x5611063a7130_3557, v0x5611063a7130_3558;
v0x5611063a7130_3559 .array/port v0x5611063a7130, 3559;
v0x5611063a7130_3560 .array/port v0x5611063a7130, 3560;
v0x5611063a7130_3561 .array/port v0x5611063a7130, 3561;
v0x5611063a7130_3562 .array/port v0x5611063a7130, 3562;
E_0x56110637b490/890 .event anyedge, v0x5611063a7130_3559, v0x5611063a7130_3560, v0x5611063a7130_3561, v0x5611063a7130_3562;
v0x5611063a7130_3563 .array/port v0x5611063a7130, 3563;
v0x5611063a7130_3564 .array/port v0x5611063a7130, 3564;
v0x5611063a7130_3565 .array/port v0x5611063a7130, 3565;
v0x5611063a7130_3566 .array/port v0x5611063a7130, 3566;
E_0x56110637b490/891 .event anyedge, v0x5611063a7130_3563, v0x5611063a7130_3564, v0x5611063a7130_3565, v0x5611063a7130_3566;
v0x5611063a7130_3567 .array/port v0x5611063a7130, 3567;
v0x5611063a7130_3568 .array/port v0x5611063a7130, 3568;
v0x5611063a7130_3569 .array/port v0x5611063a7130, 3569;
v0x5611063a7130_3570 .array/port v0x5611063a7130, 3570;
E_0x56110637b490/892 .event anyedge, v0x5611063a7130_3567, v0x5611063a7130_3568, v0x5611063a7130_3569, v0x5611063a7130_3570;
v0x5611063a7130_3571 .array/port v0x5611063a7130, 3571;
v0x5611063a7130_3572 .array/port v0x5611063a7130, 3572;
v0x5611063a7130_3573 .array/port v0x5611063a7130, 3573;
v0x5611063a7130_3574 .array/port v0x5611063a7130, 3574;
E_0x56110637b490/893 .event anyedge, v0x5611063a7130_3571, v0x5611063a7130_3572, v0x5611063a7130_3573, v0x5611063a7130_3574;
v0x5611063a7130_3575 .array/port v0x5611063a7130, 3575;
v0x5611063a7130_3576 .array/port v0x5611063a7130, 3576;
v0x5611063a7130_3577 .array/port v0x5611063a7130, 3577;
v0x5611063a7130_3578 .array/port v0x5611063a7130, 3578;
E_0x56110637b490/894 .event anyedge, v0x5611063a7130_3575, v0x5611063a7130_3576, v0x5611063a7130_3577, v0x5611063a7130_3578;
v0x5611063a7130_3579 .array/port v0x5611063a7130, 3579;
v0x5611063a7130_3580 .array/port v0x5611063a7130, 3580;
v0x5611063a7130_3581 .array/port v0x5611063a7130, 3581;
v0x5611063a7130_3582 .array/port v0x5611063a7130, 3582;
E_0x56110637b490/895 .event anyedge, v0x5611063a7130_3579, v0x5611063a7130_3580, v0x5611063a7130_3581, v0x5611063a7130_3582;
v0x5611063a7130_3583 .array/port v0x5611063a7130, 3583;
v0x5611063a7130_3584 .array/port v0x5611063a7130, 3584;
v0x5611063a7130_3585 .array/port v0x5611063a7130, 3585;
v0x5611063a7130_3586 .array/port v0x5611063a7130, 3586;
E_0x56110637b490/896 .event anyedge, v0x5611063a7130_3583, v0x5611063a7130_3584, v0x5611063a7130_3585, v0x5611063a7130_3586;
v0x5611063a7130_3587 .array/port v0x5611063a7130, 3587;
v0x5611063a7130_3588 .array/port v0x5611063a7130, 3588;
v0x5611063a7130_3589 .array/port v0x5611063a7130, 3589;
v0x5611063a7130_3590 .array/port v0x5611063a7130, 3590;
E_0x56110637b490/897 .event anyedge, v0x5611063a7130_3587, v0x5611063a7130_3588, v0x5611063a7130_3589, v0x5611063a7130_3590;
v0x5611063a7130_3591 .array/port v0x5611063a7130, 3591;
v0x5611063a7130_3592 .array/port v0x5611063a7130, 3592;
v0x5611063a7130_3593 .array/port v0x5611063a7130, 3593;
v0x5611063a7130_3594 .array/port v0x5611063a7130, 3594;
E_0x56110637b490/898 .event anyedge, v0x5611063a7130_3591, v0x5611063a7130_3592, v0x5611063a7130_3593, v0x5611063a7130_3594;
v0x5611063a7130_3595 .array/port v0x5611063a7130, 3595;
v0x5611063a7130_3596 .array/port v0x5611063a7130, 3596;
v0x5611063a7130_3597 .array/port v0x5611063a7130, 3597;
v0x5611063a7130_3598 .array/port v0x5611063a7130, 3598;
E_0x56110637b490/899 .event anyedge, v0x5611063a7130_3595, v0x5611063a7130_3596, v0x5611063a7130_3597, v0x5611063a7130_3598;
v0x5611063a7130_3599 .array/port v0x5611063a7130, 3599;
v0x5611063a7130_3600 .array/port v0x5611063a7130, 3600;
v0x5611063a7130_3601 .array/port v0x5611063a7130, 3601;
v0x5611063a7130_3602 .array/port v0x5611063a7130, 3602;
E_0x56110637b490/900 .event anyedge, v0x5611063a7130_3599, v0x5611063a7130_3600, v0x5611063a7130_3601, v0x5611063a7130_3602;
v0x5611063a7130_3603 .array/port v0x5611063a7130, 3603;
v0x5611063a7130_3604 .array/port v0x5611063a7130, 3604;
v0x5611063a7130_3605 .array/port v0x5611063a7130, 3605;
v0x5611063a7130_3606 .array/port v0x5611063a7130, 3606;
E_0x56110637b490/901 .event anyedge, v0x5611063a7130_3603, v0x5611063a7130_3604, v0x5611063a7130_3605, v0x5611063a7130_3606;
v0x5611063a7130_3607 .array/port v0x5611063a7130, 3607;
v0x5611063a7130_3608 .array/port v0x5611063a7130, 3608;
v0x5611063a7130_3609 .array/port v0x5611063a7130, 3609;
v0x5611063a7130_3610 .array/port v0x5611063a7130, 3610;
E_0x56110637b490/902 .event anyedge, v0x5611063a7130_3607, v0x5611063a7130_3608, v0x5611063a7130_3609, v0x5611063a7130_3610;
v0x5611063a7130_3611 .array/port v0x5611063a7130, 3611;
v0x5611063a7130_3612 .array/port v0x5611063a7130, 3612;
v0x5611063a7130_3613 .array/port v0x5611063a7130, 3613;
v0x5611063a7130_3614 .array/port v0x5611063a7130, 3614;
E_0x56110637b490/903 .event anyedge, v0x5611063a7130_3611, v0x5611063a7130_3612, v0x5611063a7130_3613, v0x5611063a7130_3614;
v0x5611063a7130_3615 .array/port v0x5611063a7130, 3615;
v0x5611063a7130_3616 .array/port v0x5611063a7130, 3616;
v0x5611063a7130_3617 .array/port v0x5611063a7130, 3617;
v0x5611063a7130_3618 .array/port v0x5611063a7130, 3618;
E_0x56110637b490/904 .event anyedge, v0x5611063a7130_3615, v0x5611063a7130_3616, v0x5611063a7130_3617, v0x5611063a7130_3618;
v0x5611063a7130_3619 .array/port v0x5611063a7130, 3619;
v0x5611063a7130_3620 .array/port v0x5611063a7130, 3620;
v0x5611063a7130_3621 .array/port v0x5611063a7130, 3621;
v0x5611063a7130_3622 .array/port v0x5611063a7130, 3622;
E_0x56110637b490/905 .event anyedge, v0x5611063a7130_3619, v0x5611063a7130_3620, v0x5611063a7130_3621, v0x5611063a7130_3622;
v0x5611063a7130_3623 .array/port v0x5611063a7130, 3623;
v0x5611063a7130_3624 .array/port v0x5611063a7130, 3624;
v0x5611063a7130_3625 .array/port v0x5611063a7130, 3625;
v0x5611063a7130_3626 .array/port v0x5611063a7130, 3626;
E_0x56110637b490/906 .event anyedge, v0x5611063a7130_3623, v0x5611063a7130_3624, v0x5611063a7130_3625, v0x5611063a7130_3626;
v0x5611063a7130_3627 .array/port v0x5611063a7130, 3627;
v0x5611063a7130_3628 .array/port v0x5611063a7130, 3628;
v0x5611063a7130_3629 .array/port v0x5611063a7130, 3629;
v0x5611063a7130_3630 .array/port v0x5611063a7130, 3630;
E_0x56110637b490/907 .event anyedge, v0x5611063a7130_3627, v0x5611063a7130_3628, v0x5611063a7130_3629, v0x5611063a7130_3630;
v0x5611063a7130_3631 .array/port v0x5611063a7130, 3631;
v0x5611063a7130_3632 .array/port v0x5611063a7130, 3632;
v0x5611063a7130_3633 .array/port v0x5611063a7130, 3633;
v0x5611063a7130_3634 .array/port v0x5611063a7130, 3634;
E_0x56110637b490/908 .event anyedge, v0x5611063a7130_3631, v0x5611063a7130_3632, v0x5611063a7130_3633, v0x5611063a7130_3634;
v0x5611063a7130_3635 .array/port v0x5611063a7130, 3635;
v0x5611063a7130_3636 .array/port v0x5611063a7130, 3636;
v0x5611063a7130_3637 .array/port v0x5611063a7130, 3637;
v0x5611063a7130_3638 .array/port v0x5611063a7130, 3638;
E_0x56110637b490/909 .event anyedge, v0x5611063a7130_3635, v0x5611063a7130_3636, v0x5611063a7130_3637, v0x5611063a7130_3638;
v0x5611063a7130_3639 .array/port v0x5611063a7130, 3639;
v0x5611063a7130_3640 .array/port v0x5611063a7130, 3640;
v0x5611063a7130_3641 .array/port v0x5611063a7130, 3641;
v0x5611063a7130_3642 .array/port v0x5611063a7130, 3642;
E_0x56110637b490/910 .event anyedge, v0x5611063a7130_3639, v0x5611063a7130_3640, v0x5611063a7130_3641, v0x5611063a7130_3642;
v0x5611063a7130_3643 .array/port v0x5611063a7130, 3643;
v0x5611063a7130_3644 .array/port v0x5611063a7130, 3644;
v0x5611063a7130_3645 .array/port v0x5611063a7130, 3645;
v0x5611063a7130_3646 .array/port v0x5611063a7130, 3646;
E_0x56110637b490/911 .event anyedge, v0x5611063a7130_3643, v0x5611063a7130_3644, v0x5611063a7130_3645, v0x5611063a7130_3646;
v0x5611063a7130_3647 .array/port v0x5611063a7130, 3647;
v0x5611063a7130_3648 .array/port v0x5611063a7130, 3648;
v0x5611063a7130_3649 .array/port v0x5611063a7130, 3649;
v0x5611063a7130_3650 .array/port v0x5611063a7130, 3650;
E_0x56110637b490/912 .event anyedge, v0x5611063a7130_3647, v0x5611063a7130_3648, v0x5611063a7130_3649, v0x5611063a7130_3650;
v0x5611063a7130_3651 .array/port v0x5611063a7130, 3651;
v0x5611063a7130_3652 .array/port v0x5611063a7130, 3652;
v0x5611063a7130_3653 .array/port v0x5611063a7130, 3653;
v0x5611063a7130_3654 .array/port v0x5611063a7130, 3654;
E_0x56110637b490/913 .event anyedge, v0x5611063a7130_3651, v0x5611063a7130_3652, v0x5611063a7130_3653, v0x5611063a7130_3654;
v0x5611063a7130_3655 .array/port v0x5611063a7130, 3655;
v0x5611063a7130_3656 .array/port v0x5611063a7130, 3656;
v0x5611063a7130_3657 .array/port v0x5611063a7130, 3657;
v0x5611063a7130_3658 .array/port v0x5611063a7130, 3658;
E_0x56110637b490/914 .event anyedge, v0x5611063a7130_3655, v0x5611063a7130_3656, v0x5611063a7130_3657, v0x5611063a7130_3658;
v0x5611063a7130_3659 .array/port v0x5611063a7130, 3659;
v0x5611063a7130_3660 .array/port v0x5611063a7130, 3660;
v0x5611063a7130_3661 .array/port v0x5611063a7130, 3661;
v0x5611063a7130_3662 .array/port v0x5611063a7130, 3662;
E_0x56110637b490/915 .event anyedge, v0x5611063a7130_3659, v0x5611063a7130_3660, v0x5611063a7130_3661, v0x5611063a7130_3662;
v0x5611063a7130_3663 .array/port v0x5611063a7130, 3663;
v0x5611063a7130_3664 .array/port v0x5611063a7130, 3664;
v0x5611063a7130_3665 .array/port v0x5611063a7130, 3665;
v0x5611063a7130_3666 .array/port v0x5611063a7130, 3666;
E_0x56110637b490/916 .event anyedge, v0x5611063a7130_3663, v0x5611063a7130_3664, v0x5611063a7130_3665, v0x5611063a7130_3666;
v0x5611063a7130_3667 .array/port v0x5611063a7130, 3667;
v0x5611063a7130_3668 .array/port v0x5611063a7130, 3668;
v0x5611063a7130_3669 .array/port v0x5611063a7130, 3669;
v0x5611063a7130_3670 .array/port v0x5611063a7130, 3670;
E_0x56110637b490/917 .event anyedge, v0x5611063a7130_3667, v0x5611063a7130_3668, v0x5611063a7130_3669, v0x5611063a7130_3670;
v0x5611063a7130_3671 .array/port v0x5611063a7130, 3671;
v0x5611063a7130_3672 .array/port v0x5611063a7130, 3672;
v0x5611063a7130_3673 .array/port v0x5611063a7130, 3673;
v0x5611063a7130_3674 .array/port v0x5611063a7130, 3674;
E_0x56110637b490/918 .event anyedge, v0x5611063a7130_3671, v0x5611063a7130_3672, v0x5611063a7130_3673, v0x5611063a7130_3674;
v0x5611063a7130_3675 .array/port v0x5611063a7130, 3675;
v0x5611063a7130_3676 .array/port v0x5611063a7130, 3676;
v0x5611063a7130_3677 .array/port v0x5611063a7130, 3677;
v0x5611063a7130_3678 .array/port v0x5611063a7130, 3678;
E_0x56110637b490/919 .event anyedge, v0x5611063a7130_3675, v0x5611063a7130_3676, v0x5611063a7130_3677, v0x5611063a7130_3678;
v0x5611063a7130_3679 .array/port v0x5611063a7130, 3679;
v0x5611063a7130_3680 .array/port v0x5611063a7130, 3680;
v0x5611063a7130_3681 .array/port v0x5611063a7130, 3681;
v0x5611063a7130_3682 .array/port v0x5611063a7130, 3682;
E_0x56110637b490/920 .event anyedge, v0x5611063a7130_3679, v0x5611063a7130_3680, v0x5611063a7130_3681, v0x5611063a7130_3682;
v0x5611063a7130_3683 .array/port v0x5611063a7130, 3683;
v0x5611063a7130_3684 .array/port v0x5611063a7130, 3684;
v0x5611063a7130_3685 .array/port v0x5611063a7130, 3685;
v0x5611063a7130_3686 .array/port v0x5611063a7130, 3686;
E_0x56110637b490/921 .event anyedge, v0x5611063a7130_3683, v0x5611063a7130_3684, v0x5611063a7130_3685, v0x5611063a7130_3686;
v0x5611063a7130_3687 .array/port v0x5611063a7130, 3687;
v0x5611063a7130_3688 .array/port v0x5611063a7130, 3688;
v0x5611063a7130_3689 .array/port v0x5611063a7130, 3689;
v0x5611063a7130_3690 .array/port v0x5611063a7130, 3690;
E_0x56110637b490/922 .event anyedge, v0x5611063a7130_3687, v0x5611063a7130_3688, v0x5611063a7130_3689, v0x5611063a7130_3690;
v0x5611063a7130_3691 .array/port v0x5611063a7130, 3691;
v0x5611063a7130_3692 .array/port v0x5611063a7130, 3692;
v0x5611063a7130_3693 .array/port v0x5611063a7130, 3693;
v0x5611063a7130_3694 .array/port v0x5611063a7130, 3694;
E_0x56110637b490/923 .event anyedge, v0x5611063a7130_3691, v0x5611063a7130_3692, v0x5611063a7130_3693, v0x5611063a7130_3694;
v0x5611063a7130_3695 .array/port v0x5611063a7130, 3695;
v0x5611063a7130_3696 .array/port v0x5611063a7130, 3696;
v0x5611063a7130_3697 .array/port v0x5611063a7130, 3697;
v0x5611063a7130_3698 .array/port v0x5611063a7130, 3698;
E_0x56110637b490/924 .event anyedge, v0x5611063a7130_3695, v0x5611063a7130_3696, v0x5611063a7130_3697, v0x5611063a7130_3698;
v0x5611063a7130_3699 .array/port v0x5611063a7130, 3699;
v0x5611063a7130_3700 .array/port v0x5611063a7130, 3700;
v0x5611063a7130_3701 .array/port v0x5611063a7130, 3701;
v0x5611063a7130_3702 .array/port v0x5611063a7130, 3702;
E_0x56110637b490/925 .event anyedge, v0x5611063a7130_3699, v0x5611063a7130_3700, v0x5611063a7130_3701, v0x5611063a7130_3702;
v0x5611063a7130_3703 .array/port v0x5611063a7130, 3703;
v0x5611063a7130_3704 .array/port v0x5611063a7130, 3704;
v0x5611063a7130_3705 .array/port v0x5611063a7130, 3705;
v0x5611063a7130_3706 .array/port v0x5611063a7130, 3706;
E_0x56110637b490/926 .event anyedge, v0x5611063a7130_3703, v0x5611063a7130_3704, v0x5611063a7130_3705, v0x5611063a7130_3706;
v0x5611063a7130_3707 .array/port v0x5611063a7130, 3707;
v0x5611063a7130_3708 .array/port v0x5611063a7130, 3708;
v0x5611063a7130_3709 .array/port v0x5611063a7130, 3709;
v0x5611063a7130_3710 .array/port v0x5611063a7130, 3710;
E_0x56110637b490/927 .event anyedge, v0x5611063a7130_3707, v0x5611063a7130_3708, v0x5611063a7130_3709, v0x5611063a7130_3710;
v0x5611063a7130_3711 .array/port v0x5611063a7130, 3711;
v0x5611063a7130_3712 .array/port v0x5611063a7130, 3712;
v0x5611063a7130_3713 .array/port v0x5611063a7130, 3713;
v0x5611063a7130_3714 .array/port v0x5611063a7130, 3714;
E_0x56110637b490/928 .event anyedge, v0x5611063a7130_3711, v0x5611063a7130_3712, v0x5611063a7130_3713, v0x5611063a7130_3714;
v0x5611063a7130_3715 .array/port v0x5611063a7130, 3715;
v0x5611063a7130_3716 .array/port v0x5611063a7130, 3716;
v0x5611063a7130_3717 .array/port v0x5611063a7130, 3717;
v0x5611063a7130_3718 .array/port v0x5611063a7130, 3718;
E_0x56110637b490/929 .event anyedge, v0x5611063a7130_3715, v0x5611063a7130_3716, v0x5611063a7130_3717, v0x5611063a7130_3718;
v0x5611063a7130_3719 .array/port v0x5611063a7130, 3719;
v0x5611063a7130_3720 .array/port v0x5611063a7130, 3720;
v0x5611063a7130_3721 .array/port v0x5611063a7130, 3721;
v0x5611063a7130_3722 .array/port v0x5611063a7130, 3722;
E_0x56110637b490/930 .event anyedge, v0x5611063a7130_3719, v0x5611063a7130_3720, v0x5611063a7130_3721, v0x5611063a7130_3722;
v0x5611063a7130_3723 .array/port v0x5611063a7130, 3723;
v0x5611063a7130_3724 .array/port v0x5611063a7130, 3724;
v0x5611063a7130_3725 .array/port v0x5611063a7130, 3725;
v0x5611063a7130_3726 .array/port v0x5611063a7130, 3726;
E_0x56110637b490/931 .event anyedge, v0x5611063a7130_3723, v0x5611063a7130_3724, v0x5611063a7130_3725, v0x5611063a7130_3726;
v0x5611063a7130_3727 .array/port v0x5611063a7130, 3727;
v0x5611063a7130_3728 .array/port v0x5611063a7130, 3728;
v0x5611063a7130_3729 .array/port v0x5611063a7130, 3729;
v0x5611063a7130_3730 .array/port v0x5611063a7130, 3730;
E_0x56110637b490/932 .event anyedge, v0x5611063a7130_3727, v0x5611063a7130_3728, v0x5611063a7130_3729, v0x5611063a7130_3730;
v0x5611063a7130_3731 .array/port v0x5611063a7130, 3731;
v0x5611063a7130_3732 .array/port v0x5611063a7130, 3732;
v0x5611063a7130_3733 .array/port v0x5611063a7130, 3733;
v0x5611063a7130_3734 .array/port v0x5611063a7130, 3734;
E_0x56110637b490/933 .event anyedge, v0x5611063a7130_3731, v0x5611063a7130_3732, v0x5611063a7130_3733, v0x5611063a7130_3734;
v0x5611063a7130_3735 .array/port v0x5611063a7130, 3735;
v0x5611063a7130_3736 .array/port v0x5611063a7130, 3736;
v0x5611063a7130_3737 .array/port v0x5611063a7130, 3737;
v0x5611063a7130_3738 .array/port v0x5611063a7130, 3738;
E_0x56110637b490/934 .event anyedge, v0x5611063a7130_3735, v0x5611063a7130_3736, v0x5611063a7130_3737, v0x5611063a7130_3738;
v0x5611063a7130_3739 .array/port v0x5611063a7130, 3739;
v0x5611063a7130_3740 .array/port v0x5611063a7130, 3740;
v0x5611063a7130_3741 .array/port v0x5611063a7130, 3741;
v0x5611063a7130_3742 .array/port v0x5611063a7130, 3742;
E_0x56110637b490/935 .event anyedge, v0x5611063a7130_3739, v0x5611063a7130_3740, v0x5611063a7130_3741, v0x5611063a7130_3742;
v0x5611063a7130_3743 .array/port v0x5611063a7130, 3743;
v0x5611063a7130_3744 .array/port v0x5611063a7130, 3744;
v0x5611063a7130_3745 .array/port v0x5611063a7130, 3745;
v0x5611063a7130_3746 .array/port v0x5611063a7130, 3746;
E_0x56110637b490/936 .event anyedge, v0x5611063a7130_3743, v0x5611063a7130_3744, v0x5611063a7130_3745, v0x5611063a7130_3746;
v0x5611063a7130_3747 .array/port v0x5611063a7130, 3747;
v0x5611063a7130_3748 .array/port v0x5611063a7130, 3748;
v0x5611063a7130_3749 .array/port v0x5611063a7130, 3749;
v0x5611063a7130_3750 .array/port v0x5611063a7130, 3750;
E_0x56110637b490/937 .event anyedge, v0x5611063a7130_3747, v0x5611063a7130_3748, v0x5611063a7130_3749, v0x5611063a7130_3750;
v0x5611063a7130_3751 .array/port v0x5611063a7130, 3751;
v0x5611063a7130_3752 .array/port v0x5611063a7130, 3752;
v0x5611063a7130_3753 .array/port v0x5611063a7130, 3753;
v0x5611063a7130_3754 .array/port v0x5611063a7130, 3754;
E_0x56110637b490/938 .event anyedge, v0x5611063a7130_3751, v0x5611063a7130_3752, v0x5611063a7130_3753, v0x5611063a7130_3754;
v0x5611063a7130_3755 .array/port v0x5611063a7130, 3755;
v0x5611063a7130_3756 .array/port v0x5611063a7130, 3756;
v0x5611063a7130_3757 .array/port v0x5611063a7130, 3757;
v0x5611063a7130_3758 .array/port v0x5611063a7130, 3758;
E_0x56110637b490/939 .event anyedge, v0x5611063a7130_3755, v0x5611063a7130_3756, v0x5611063a7130_3757, v0x5611063a7130_3758;
v0x5611063a7130_3759 .array/port v0x5611063a7130, 3759;
v0x5611063a7130_3760 .array/port v0x5611063a7130, 3760;
v0x5611063a7130_3761 .array/port v0x5611063a7130, 3761;
v0x5611063a7130_3762 .array/port v0x5611063a7130, 3762;
E_0x56110637b490/940 .event anyedge, v0x5611063a7130_3759, v0x5611063a7130_3760, v0x5611063a7130_3761, v0x5611063a7130_3762;
v0x5611063a7130_3763 .array/port v0x5611063a7130, 3763;
v0x5611063a7130_3764 .array/port v0x5611063a7130, 3764;
v0x5611063a7130_3765 .array/port v0x5611063a7130, 3765;
v0x5611063a7130_3766 .array/port v0x5611063a7130, 3766;
E_0x56110637b490/941 .event anyedge, v0x5611063a7130_3763, v0x5611063a7130_3764, v0x5611063a7130_3765, v0x5611063a7130_3766;
v0x5611063a7130_3767 .array/port v0x5611063a7130, 3767;
v0x5611063a7130_3768 .array/port v0x5611063a7130, 3768;
v0x5611063a7130_3769 .array/port v0x5611063a7130, 3769;
v0x5611063a7130_3770 .array/port v0x5611063a7130, 3770;
E_0x56110637b490/942 .event anyedge, v0x5611063a7130_3767, v0x5611063a7130_3768, v0x5611063a7130_3769, v0x5611063a7130_3770;
v0x5611063a7130_3771 .array/port v0x5611063a7130, 3771;
v0x5611063a7130_3772 .array/port v0x5611063a7130, 3772;
v0x5611063a7130_3773 .array/port v0x5611063a7130, 3773;
v0x5611063a7130_3774 .array/port v0x5611063a7130, 3774;
E_0x56110637b490/943 .event anyedge, v0x5611063a7130_3771, v0x5611063a7130_3772, v0x5611063a7130_3773, v0x5611063a7130_3774;
v0x5611063a7130_3775 .array/port v0x5611063a7130, 3775;
v0x5611063a7130_3776 .array/port v0x5611063a7130, 3776;
v0x5611063a7130_3777 .array/port v0x5611063a7130, 3777;
v0x5611063a7130_3778 .array/port v0x5611063a7130, 3778;
E_0x56110637b490/944 .event anyedge, v0x5611063a7130_3775, v0x5611063a7130_3776, v0x5611063a7130_3777, v0x5611063a7130_3778;
v0x5611063a7130_3779 .array/port v0x5611063a7130, 3779;
v0x5611063a7130_3780 .array/port v0x5611063a7130, 3780;
v0x5611063a7130_3781 .array/port v0x5611063a7130, 3781;
v0x5611063a7130_3782 .array/port v0x5611063a7130, 3782;
E_0x56110637b490/945 .event anyedge, v0x5611063a7130_3779, v0x5611063a7130_3780, v0x5611063a7130_3781, v0x5611063a7130_3782;
v0x5611063a7130_3783 .array/port v0x5611063a7130, 3783;
v0x5611063a7130_3784 .array/port v0x5611063a7130, 3784;
v0x5611063a7130_3785 .array/port v0x5611063a7130, 3785;
v0x5611063a7130_3786 .array/port v0x5611063a7130, 3786;
E_0x56110637b490/946 .event anyedge, v0x5611063a7130_3783, v0x5611063a7130_3784, v0x5611063a7130_3785, v0x5611063a7130_3786;
v0x5611063a7130_3787 .array/port v0x5611063a7130, 3787;
v0x5611063a7130_3788 .array/port v0x5611063a7130, 3788;
v0x5611063a7130_3789 .array/port v0x5611063a7130, 3789;
v0x5611063a7130_3790 .array/port v0x5611063a7130, 3790;
E_0x56110637b490/947 .event anyedge, v0x5611063a7130_3787, v0x5611063a7130_3788, v0x5611063a7130_3789, v0x5611063a7130_3790;
v0x5611063a7130_3791 .array/port v0x5611063a7130, 3791;
v0x5611063a7130_3792 .array/port v0x5611063a7130, 3792;
v0x5611063a7130_3793 .array/port v0x5611063a7130, 3793;
v0x5611063a7130_3794 .array/port v0x5611063a7130, 3794;
E_0x56110637b490/948 .event anyedge, v0x5611063a7130_3791, v0x5611063a7130_3792, v0x5611063a7130_3793, v0x5611063a7130_3794;
v0x5611063a7130_3795 .array/port v0x5611063a7130, 3795;
v0x5611063a7130_3796 .array/port v0x5611063a7130, 3796;
v0x5611063a7130_3797 .array/port v0x5611063a7130, 3797;
v0x5611063a7130_3798 .array/port v0x5611063a7130, 3798;
E_0x56110637b490/949 .event anyedge, v0x5611063a7130_3795, v0x5611063a7130_3796, v0x5611063a7130_3797, v0x5611063a7130_3798;
v0x5611063a7130_3799 .array/port v0x5611063a7130, 3799;
v0x5611063a7130_3800 .array/port v0x5611063a7130, 3800;
v0x5611063a7130_3801 .array/port v0x5611063a7130, 3801;
v0x5611063a7130_3802 .array/port v0x5611063a7130, 3802;
E_0x56110637b490/950 .event anyedge, v0x5611063a7130_3799, v0x5611063a7130_3800, v0x5611063a7130_3801, v0x5611063a7130_3802;
v0x5611063a7130_3803 .array/port v0x5611063a7130, 3803;
v0x5611063a7130_3804 .array/port v0x5611063a7130, 3804;
v0x5611063a7130_3805 .array/port v0x5611063a7130, 3805;
v0x5611063a7130_3806 .array/port v0x5611063a7130, 3806;
E_0x56110637b490/951 .event anyedge, v0x5611063a7130_3803, v0x5611063a7130_3804, v0x5611063a7130_3805, v0x5611063a7130_3806;
v0x5611063a7130_3807 .array/port v0x5611063a7130, 3807;
v0x5611063a7130_3808 .array/port v0x5611063a7130, 3808;
v0x5611063a7130_3809 .array/port v0x5611063a7130, 3809;
v0x5611063a7130_3810 .array/port v0x5611063a7130, 3810;
E_0x56110637b490/952 .event anyedge, v0x5611063a7130_3807, v0x5611063a7130_3808, v0x5611063a7130_3809, v0x5611063a7130_3810;
v0x5611063a7130_3811 .array/port v0x5611063a7130, 3811;
v0x5611063a7130_3812 .array/port v0x5611063a7130, 3812;
v0x5611063a7130_3813 .array/port v0x5611063a7130, 3813;
v0x5611063a7130_3814 .array/port v0x5611063a7130, 3814;
E_0x56110637b490/953 .event anyedge, v0x5611063a7130_3811, v0x5611063a7130_3812, v0x5611063a7130_3813, v0x5611063a7130_3814;
v0x5611063a7130_3815 .array/port v0x5611063a7130, 3815;
v0x5611063a7130_3816 .array/port v0x5611063a7130, 3816;
v0x5611063a7130_3817 .array/port v0x5611063a7130, 3817;
v0x5611063a7130_3818 .array/port v0x5611063a7130, 3818;
E_0x56110637b490/954 .event anyedge, v0x5611063a7130_3815, v0x5611063a7130_3816, v0x5611063a7130_3817, v0x5611063a7130_3818;
v0x5611063a7130_3819 .array/port v0x5611063a7130, 3819;
v0x5611063a7130_3820 .array/port v0x5611063a7130, 3820;
v0x5611063a7130_3821 .array/port v0x5611063a7130, 3821;
v0x5611063a7130_3822 .array/port v0x5611063a7130, 3822;
E_0x56110637b490/955 .event anyedge, v0x5611063a7130_3819, v0x5611063a7130_3820, v0x5611063a7130_3821, v0x5611063a7130_3822;
v0x5611063a7130_3823 .array/port v0x5611063a7130, 3823;
v0x5611063a7130_3824 .array/port v0x5611063a7130, 3824;
v0x5611063a7130_3825 .array/port v0x5611063a7130, 3825;
v0x5611063a7130_3826 .array/port v0x5611063a7130, 3826;
E_0x56110637b490/956 .event anyedge, v0x5611063a7130_3823, v0x5611063a7130_3824, v0x5611063a7130_3825, v0x5611063a7130_3826;
v0x5611063a7130_3827 .array/port v0x5611063a7130, 3827;
v0x5611063a7130_3828 .array/port v0x5611063a7130, 3828;
v0x5611063a7130_3829 .array/port v0x5611063a7130, 3829;
v0x5611063a7130_3830 .array/port v0x5611063a7130, 3830;
E_0x56110637b490/957 .event anyedge, v0x5611063a7130_3827, v0x5611063a7130_3828, v0x5611063a7130_3829, v0x5611063a7130_3830;
v0x5611063a7130_3831 .array/port v0x5611063a7130, 3831;
v0x5611063a7130_3832 .array/port v0x5611063a7130, 3832;
v0x5611063a7130_3833 .array/port v0x5611063a7130, 3833;
v0x5611063a7130_3834 .array/port v0x5611063a7130, 3834;
E_0x56110637b490/958 .event anyedge, v0x5611063a7130_3831, v0x5611063a7130_3832, v0x5611063a7130_3833, v0x5611063a7130_3834;
v0x5611063a7130_3835 .array/port v0x5611063a7130, 3835;
v0x5611063a7130_3836 .array/port v0x5611063a7130, 3836;
v0x5611063a7130_3837 .array/port v0x5611063a7130, 3837;
v0x5611063a7130_3838 .array/port v0x5611063a7130, 3838;
E_0x56110637b490/959 .event anyedge, v0x5611063a7130_3835, v0x5611063a7130_3836, v0x5611063a7130_3837, v0x5611063a7130_3838;
v0x5611063a7130_3839 .array/port v0x5611063a7130, 3839;
v0x5611063a7130_3840 .array/port v0x5611063a7130, 3840;
v0x5611063a7130_3841 .array/port v0x5611063a7130, 3841;
v0x5611063a7130_3842 .array/port v0x5611063a7130, 3842;
E_0x56110637b490/960 .event anyedge, v0x5611063a7130_3839, v0x5611063a7130_3840, v0x5611063a7130_3841, v0x5611063a7130_3842;
v0x5611063a7130_3843 .array/port v0x5611063a7130, 3843;
v0x5611063a7130_3844 .array/port v0x5611063a7130, 3844;
v0x5611063a7130_3845 .array/port v0x5611063a7130, 3845;
v0x5611063a7130_3846 .array/port v0x5611063a7130, 3846;
E_0x56110637b490/961 .event anyedge, v0x5611063a7130_3843, v0x5611063a7130_3844, v0x5611063a7130_3845, v0x5611063a7130_3846;
v0x5611063a7130_3847 .array/port v0x5611063a7130, 3847;
v0x5611063a7130_3848 .array/port v0x5611063a7130, 3848;
v0x5611063a7130_3849 .array/port v0x5611063a7130, 3849;
v0x5611063a7130_3850 .array/port v0x5611063a7130, 3850;
E_0x56110637b490/962 .event anyedge, v0x5611063a7130_3847, v0x5611063a7130_3848, v0x5611063a7130_3849, v0x5611063a7130_3850;
v0x5611063a7130_3851 .array/port v0x5611063a7130, 3851;
v0x5611063a7130_3852 .array/port v0x5611063a7130, 3852;
v0x5611063a7130_3853 .array/port v0x5611063a7130, 3853;
v0x5611063a7130_3854 .array/port v0x5611063a7130, 3854;
E_0x56110637b490/963 .event anyedge, v0x5611063a7130_3851, v0x5611063a7130_3852, v0x5611063a7130_3853, v0x5611063a7130_3854;
v0x5611063a7130_3855 .array/port v0x5611063a7130, 3855;
v0x5611063a7130_3856 .array/port v0x5611063a7130, 3856;
v0x5611063a7130_3857 .array/port v0x5611063a7130, 3857;
v0x5611063a7130_3858 .array/port v0x5611063a7130, 3858;
E_0x56110637b490/964 .event anyedge, v0x5611063a7130_3855, v0x5611063a7130_3856, v0x5611063a7130_3857, v0x5611063a7130_3858;
v0x5611063a7130_3859 .array/port v0x5611063a7130, 3859;
v0x5611063a7130_3860 .array/port v0x5611063a7130, 3860;
v0x5611063a7130_3861 .array/port v0x5611063a7130, 3861;
v0x5611063a7130_3862 .array/port v0x5611063a7130, 3862;
E_0x56110637b490/965 .event anyedge, v0x5611063a7130_3859, v0x5611063a7130_3860, v0x5611063a7130_3861, v0x5611063a7130_3862;
v0x5611063a7130_3863 .array/port v0x5611063a7130, 3863;
v0x5611063a7130_3864 .array/port v0x5611063a7130, 3864;
v0x5611063a7130_3865 .array/port v0x5611063a7130, 3865;
v0x5611063a7130_3866 .array/port v0x5611063a7130, 3866;
E_0x56110637b490/966 .event anyedge, v0x5611063a7130_3863, v0x5611063a7130_3864, v0x5611063a7130_3865, v0x5611063a7130_3866;
v0x5611063a7130_3867 .array/port v0x5611063a7130, 3867;
v0x5611063a7130_3868 .array/port v0x5611063a7130, 3868;
v0x5611063a7130_3869 .array/port v0x5611063a7130, 3869;
v0x5611063a7130_3870 .array/port v0x5611063a7130, 3870;
E_0x56110637b490/967 .event anyedge, v0x5611063a7130_3867, v0x5611063a7130_3868, v0x5611063a7130_3869, v0x5611063a7130_3870;
v0x5611063a7130_3871 .array/port v0x5611063a7130, 3871;
v0x5611063a7130_3872 .array/port v0x5611063a7130, 3872;
v0x5611063a7130_3873 .array/port v0x5611063a7130, 3873;
v0x5611063a7130_3874 .array/port v0x5611063a7130, 3874;
E_0x56110637b490/968 .event anyedge, v0x5611063a7130_3871, v0x5611063a7130_3872, v0x5611063a7130_3873, v0x5611063a7130_3874;
v0x5611063a7130_3875 .array/port v0x5611063a7130, 3875;
v0x5611063a7130_3876 .array/port v0x5611063a7130, 3876;
v0x5611063a7130_3877 .array/port v0x5611063a7130, 3877;
v0x5611063a7130_3878 .array/port v0x5611063a7130, 3878;
E_0x56110637b490/969 .event anyedge, v0x5611063a7130_3875, v0x5611063a7130_3876, v0x5611063a7130_3877, v0x5611063a7130_3878;
v0x5611063a7130_3879 .array/port v0x5611063a7130, 3879;
v0x5611063a7130_3880 .array/port v0x5611063a7130, 3880;
v0x5611063a7130_3881 .array/port v0x5611063a7130, 3881;
v0x5611063a7130_3882 .array/port v0x5611063a7130, 3882;
E_0x56110637b490/970 .event anyedge, v0x5611063a7130_3879, v0x5611063a7130_3880, v0x5611063a7130_3881, v0x5611063a7130_3882;
v0x5611063a7130_3883 .array/port v0x5611063a7130, 3883;
v0x5611063a7130_3884 .array/port v0x5611063a7130, 3884;
v0x5611063a7130_3885 .array/port v0x5611063a7130, 3885;
v0x5611063a7130_3886 .array/port v0x5611063a7130, 3886;
E_0x56110637b490/971 .event anyedge, v0x5611063a7130_3883, v0x5611063a7130_3884, v0x5611063a7130_3885, v0x5611063a7130_3886;
v0x5611063a7130_3887 .array/port v0x5611063a7130, 3887;
v0x5611063a7130_3888 .array/port v0x5611063a7130, 3888;
v0x5611063a7130_3889 .array/port v0x5611063a7130, 3889;
v0x5611063a7130_3890 .array/port v0x5611063a7130, 3890;
E_0x56110637b490/972 .event anyedge, v0x5611063a7130_3887, v0x5611063a7130_3888, v0x5611063a7130_3889, v0x5611063a7130_3890;
v0x5611063a7130_3891 .array/port v0x5611063a7130, 3891;
v0x5611063a7130_3892 .array/port v0x5611063a7130, 3892;
v0x5611063a7130_3893 .array/port v0x5611063a7130, 3893;
v0x5611063a7130_3894 .array/port v0x5611063a7130, 3894;
E_0x56110637b490/973 .event anyedge, v0x5611063a7130_3891, v0x5611063a7130_3892, v0x5611063a7130_3893, v0x5611063a7130_3894;
v0x5611063a7130_3895 .array/port v0x5611063a7130, 3895;
v0x5611063a7130_3896 .array/port v0x5611063a7130, 3896;
v0x5611063a7130_3897 .array/port v0x5611063a7130, 3897;
v0x5611063a7130_3898 .array/port v0x5611063a7130, 3898;
E_0x56110637b490/974 .event anyedge, v0x5611063a7130_3895, v0x5611063a7130_3896, v0x5611063a7130_3897, v0x5611063a7130_3898;
v0x5611063a7130_3899 .array/port v0x5611063a7130, 3899;
v0x5611063a7130_3900 .array/port v0x5611063a7130, 3900;
v0x5611063a7130_3901 .array/port v0x5611063a7130, 3901;
v0x5611063a7130_3902 .array/port v0x5611063a7130, 3902;
E_0x56110637b490/975 .event anyedge, v0x5611063a7130_3899, v0x5611063a7130_3900, v0x5611063a7130_3901, v0x5611063a7130_3902;
v0x5611063a7130_3903 .array/port v0x5611063a7130, 3903;
v0x5611063a7130_3904 .array/port v0x5611063a7130, 3904;
v0x5611063a7130_3905 .array/port v0x5611063a7130, 3905;
v0x5611063a7130_3906 .array/port v0x5611063a7130, 3906;
E_0x56110637b490/976 .event anyedge, v0x5611063a7130_3903, v0x5611063a7130_3904, v0x5611063a7130_3905, v0x5611063a7130_3906;
v0x5611063a7130_3907 .array/port v0x5611063a7130, 3907;
v0x5611063a7130_3908 .array/port v0x5611063a7130, 3908;
v0x5611063a7130_3909 .array/port v0x5611063a7130, 3909;
v0x5611063a7130_3910 .array/port v0x5611063a7130, 3910;
E_0x56110637b490/977 .event anyedge, v0x5611063a7130_3907, v0x5611063a7130_3908, v0x5611063a7130_3909, v0x5611063a7130_3910;
v0x5611063a7130_3911 .array/port v0x5611063a7130, 3911;
v0x5611063a7130_3912 .array/port v0x5611063a7130, 3912;
v0x5611063a7130_3913 .array/port v0x5611063a7130, 3913;
v0x5611063a7130_3914 .array/port v0x5611063a7130, 3914;
E_0x56110637b490/978 .event anyedge, v0x5611063a7130_3911, v0x5611063a7130_3912, v0x5611063a7130_3913, v0x5611063a7130_3914;
v0x5611063a7130_3915 .array/port v0x5611063a7130, 3915;
v0x5611063a7130_3916 .array/port v0x5611063a7130, 3916;
v0x5611063a7130_3917 .array/port v0x5611063a7130, 3917;
v0x5611063a7130_3918 .array/port v0x5611063a7130, 3918;
E_0x56110637b490/979 .event anyedge, v0x5611063a7130_3915, v0x5611063a7130_3916, v0x5611063a7130_3917, v0x5611063a7130_3918;
v0x5611063a7130_3919 .array/port v0x5611063a7130, 3919;
v0x5611063a7130_3920 .array/port v0x5611063a7130, 3920;
v0x5611063a7130_3921 .array/port v0x5611063a7130, 3921;
v0x5611063a7130_3922 .array/port v0x5611063a7130, 3922;
E_0x56110637b490/980 .event anyedge, v0x5611063a7130_3919, v0x5611063a7130_3920, v0x5611063a7130_3921, v0x5611063a7130_3922;
v0x5611063a7130_3923 .array/port v0x5611063a7130, 3923;
v0x5611063a7130_3924 .array/port v0x5611063a7130, 3924;
v0x5611063a7130_3925 .array/port v0x5611063a7130, 3925;
v0x5611063a7130_3926 .array/port v0x5611063a7130, 3926;
E_0x56110637b490/981 .event anyedge, v0x5611063a7130_3923, v0x5611063a7130_3924, v0x5611063a7130_3925, v0x5611063a7130_3926;
v0x5611063a7130_3927 .array/port v0x5611063a7130, 3927;
v0x5611063a7130_3928 .array/port v0x5611063a7130, 3928;
v0x5611063a7130_3929 .array/port v0x5611063a7130, 3929;
v0x5611063a7130_3930 .array/port v0x5611063a7130, 3930;
E_0x56110637b490/982 .event anyedge, v0x5611063a7130_3927, v0x5611063a7130_3928, v0x5611063a7130_3929, v0x5611063a7130_3930;
v0x5611063a7130_3931 .array/port v0x5611063a7130, 3931;
v0x5611063a7130_3932 .array/port v0x5611063a7130, 3932;
v0x5611063a7130_3933 .array/port v0x5611063a7130, 3933;
v0x5611063a7130_3934 .array/port v0x5611063a7130, 3934;
E_0x56110637b490/983 .event anyedge, v0x5611063a7130_3931, v0x5611063a7130_3932, v0x5611063a7130_3933, v0x5611063a7130_3934;
v0x5611063a7130_3935 .array/port v0x5611063a7130, 3935;
v0x5611063a7130_3936 .array/port v0x5611063a7130, 3936;
v0x5611063a7130_3937 .array/port v0x5611063a7130, 3937;
v0x5611063a7130_3938 .array/port v0x5611063a7130, 3938;
E_0x56110637b490/984 .event anyedge, v0x5611063a7130_3935, v0x5611063a7130_3936, v0x5611063a7130_3937, v0x5611063a7130_3938;
v0x5611063a7130_3939 .array/port v0x5611063a7130, 3939;
v0x5611063a7130_3940 .array/port v0x5611063a7130, 3940;
v0x5611063a7130_3941 .array/port v0x5611063a7130, 3941;
v0x5611063a7130_3942 .array/port v0x5611063a7130, 3942;
E_0x56110637b490/985 .event anyedge, v0x5611063a7130_3939, v0x5611063a7130_3940, v0x5611063a7130_3941, v0x5611063a7130_3942;
v0x5611063a7130_3943 .array/port v0x5611063a7130, 3943;
v0x5611063a7130_3944 .array/port v0x5611063a7130, 3944;
v0x5611063a7130_3945 .array/port v0x5611063a7130, 3945;
v0x5611063a7130_3946 .array/port v0x5611063a7130, 3946;
E_0x56110637b490/986 .event anyedge, v0x5611063a7130_3943, v0x5611063a7130_3944, v0x5611063a7130_3945, v0x5611063a7130_3946;
v0x5611063a7130_3947 .array/port v0x5611063a7130, 3947;
v0x5611063a7130_3948 .array/port v0x5611063a7130, 3948;
v0x5611063a7130_3949 .array/port v0x5611063a7130, 3949;
v0x5611063a7130_3950 .array/port v0x5611063a7130, 3950;
E_0x56110637b490/987 .event anyedge, v0x5611063a7130_3947, v0x5611063a7130_3948, v0x5611063a7130_3949, v0x5611063a7130_3950;
v0x5611063a7130_3951 .array/port v0x5611063a7130, 3951;
v0x5611063a7130_3952 .array/port v0x5611063a7130, 3952;
v0x5611063a7130_3953 .array/port v0x5611063a7130, 3953;
v0x5611063a7130_3954 .array/port v0x5611063a7130, 3954;
E_0x56110637b490/988 .event anyedge, v0x5611063a7130_3951, v0x5611063a7130_3952, v0x5611063a7130_3953, v0x5611063a7130_3954;
v0x5611063a7130_3955 .array/port v0x5611063a7130, 3955;
v0x5611063a7130_3956 .array/port v0x5611063a7130, 3956;
v0x5611063a7130_3957 .array/port v0x5611063a7130, 3957;
v0x5611063a7130_3958 .array/port v0x5611063a7130, 3958;
E_0x56110637b490/989 .event anyedge, v0x5611063a7130_3955, v0x5611063a7130_3956, v0x5611063a7130_3957, v0x5611063a7130_3958;
v0x5611063a7130_3959 .array/port v0x5611063a7130, 3959;
v0x5611063a7130_3960 .array/port v0x5611063a7130, 3960;
v0x5611063a7130_3961 .array/port v0x5611063a7130, 3961;
v0x5611063a7130_3962 .array/port v0x5611063a7130, 3962;
E_0x56110637b490/990 .event anyedge, v0x5611063a7130_3959, v0x5611063a7130_3960, v0x5611063a7130_3961, v0x5611063a7130_3962;
v0x5611063a7130_3963 .array/port v0x5611063a7130, 3963;
v0x5611063a7130_3964 .array/port v0x5611063a7130, 3964;
v0x5611063a7130_3965 .array/port v0x5611063a7130, 3965;
v0x5611063a7130_3966 .array/port v0x5611063a7130, 3966;
E_0x56110637b490/991 .event anyedge, v0x5611063a7130_3963, v0x5611063a7130_3964, v0x5611063a7130_3965, v0x5611063a7130_3966;
v0x5611063a7130_3967 .array/port v0x5611063a7130, 3967;
v0x5611063a7130_3968 .array/port v0x5611063a7130, 3968;
v0x5611063a7130_3969 .array/port v0x5611063a7130, 3969;
v0x5611063a7130_3970 .array/port v0x5611063a7130, 3970;
E_0x56110637b490/992 .event anyedge, v0x5611063a7130_3967, v0x5611063a7130_3968, v0x5611063a7130_3969, v0x5611063a7130_3970;
v0x5611063a7130_3971 .array/port v0x5611063a7130, 3971;
v0x5611063a7130_3972 .array/port v0x5611063a7130, 3972;
v0x5611063a7130_3973 .array/port v0x5611063a7130, 3973;
v0x5611063a7130_3974 .array/port v0x5611063a7130, 3974;
E_0x56110637b490/993 .event anyedge, v0x5611063a7130_3971, v0x5611063a7130_3972, v0x5611063a7130_3973, v0x5611063a7130_3974;
v0x5611063a7130_3975 .array/port v0x5611063a7130, 3975;
v0x5611063a7130_3976 .array/port v0x5611063a7130, 3976;
v0x5611063a7130_3977 .array/port v0x5611063a7130, 3977;
v0x5611063a7130_3978 .array/port v0x5611063a7130, 3978;
E_0x56110637b490/994 .event anyedge, v0x5611063a7130_3975, v0x5611063a7130_3976, v0x5611063a7130_3977, v0x5611063a7130_3978;
v0x5611063a7130_3979 .array/port v0x5611063a7130, 3979;
v0x5611063a7130_3980 .array/port v0x5611063a7130, 3980;
v0x5611063a7130_3981 .array/port v0x5611063a7130, 3981;
v0x5611063a7130_3982 .array/port v0x5611063a7130, 3982;
E_0x56110637b490/995 .event anyedge, v0x5611063a7130_3979, v0x5611063a7130_3980, v0x5611063a7130_3981, v0x5611063a7130_3982;
v0x5611063a7130_3983 .array/port v0x5611063a7130, 3983;
v0x5611063a7130_3984 .array/port v0x5611063a7130, 3984;
v0x5611063a7130_3985 .array/port v0x5611063a7130, 3985;
v0x5611063a7130_3986 .array/port v0x5611063a7130, 3986;
E_0x56110637b490/996 .event anyedge, v0x5611063a7130_3983, v0x5611063a7130_3984, v0x5611063a7130_3985, v0x5611063a7130_3986;
v0x5611063a7130_3987 .array/port v0x5611063a7130, 3987;
v0x5611063a7130_3988 .array/port v0x5611063a7130, 3988;
v0x5611063a7130_3989 .array/port v0x5611063a7130, 3989;
v0x5611063a7130_3990 .array/port v0x5611063a7130, 3990;
E_0x56110637b490/997 .event anyedge, v0x5611063a7130_3987, v0x5611063a7130_3988, v0x5611063a7130_3989, v0x5611063a7130_3990;
v0x5611063a7130_3991 .array/port v0x5611063a7130, 3991;
v0x5611063a7130_3992 .array/port v0x5611063a7130, 3992;
v0x5611063a7130_3993 .array/port v0x5611063a7130, 3993;
v0x5611063a7130_3994 .array/port v0x5611063a7130, 3994;
E_0x56110637b490/998 .event anyedge, v0x5611063a7130_3991, v0x5611063a7130_3992, v0x5611063a7130_3993, v0x5611063a7130_3994;
v0x5611063a7130_3995 .array/port v0x5611063a7130, 3995;
v0x5611063a7130_3996 .array/port v0x5611063a7130, 3996;
v0x5611063a7130_3997 .array/port v0x5611063a7130, 3997;
v0x5611063a7130_3998 .array/port v0x5611063a7130, 3998;
E_0x56110637b490/999 .event anyedge, v0x5611063a7130_3995, v0x5611063a7130_3996, v0x5611063a7130_3997, v0x5611063a7130_3998;
v0x5611063a7130_3999 .array/port v0x5611063a7130, 3999;
v0x5611063a7130_4000 .array/port v0x5611063a7130, 4000;
v0x5611063a7130_4001 .array/port v0x5611063a7130, 4001;
v0x5611063a7130_4002 .array/port v0x5611063a7130, 4002;
E_0x56110637b490/1000 .event anyedge, v0x5611063a7130_3999, v0x5611063a7130_4000, v0x5611063a7130_4001, v0x5611063a7130_4002;
v0x5611063a7130_4003 .array/port v0x5611063a7130, 4003;
v0x5611063a7130_4004 .array/port v0x5611063a7130, 4004;
v0x5611063a7130_4005 .array/port v0x5611063a7130, 4005;
v0x5611063a7130_4006 .array/port v0x5611063a7130, 4006;
E_0x56110637b490/1001 .event anyedge, v0x5611063a7130_4003, v0x5611063a7130_4004, v0x5611063a7130_4005, v0x5611063a7130_4006;
v0x5611063a7130_4007 .array/port v0x5611063a7130, 4007;
v0x5611063a7130_4008 .array/port v0x5611063a7130, 4008;
v0x5611063a7130_4009 .array/port v0x5611063a7130, 4009;
v0x5611063a7130_4010 .array/port v0x5611063a7130, 4010;
E_0x56110637b490/1002 .event anyedge, v0x5611063a7130_4007, v0x5611063a7130_4008, v0x5611063a7130_4009, v0x5611063a7130_4010;
v0x5611063a7130_4011 .array/port v0x5611063a7130, 4011;
v0x5611063a7130_4012 .array/port v0x5611063a7130, 4012;
v0x5611063a7130_4013 .array/port v0x5611063a7130, 4013;
v0x5611063a7130_4014 .array/port v0x5611063a7130, 4014;
E_0x56110637b490/1003 .event anyedge, v0x5611063a7130_4011, v0x5611063a7130_4012, v0x5611063a7130_4013, v0x5611063a7130_4014;
v0x5611063a7130_4015 .array/port v0x5611063a7130, 4015;
v0x5611063a7130_4016 .array/port v0x5611063a7130, 4016;
v0x5611063a7130_4017 .array/port v0x5611063a7130, 4017;
v0x5611063a7130_4018 .array/port v0x5611063a7130, 4018;
E_0x56110637b490/1004 .event anyedge, v0x5611063a7130_4015, v0x5611063a7130_4016, v0x5611063a7130_4017, v0x5611063a7130_4018;
v0x5611063a7130_4019 .array/port v0x5611063a7130, 4019;
v0x5611063a7130_4020 .array/port v0x5611063a7130, 4020;
v0x5611063a7130_4021 .array/port v0x5611063a7130, 4021;
v0x5611063a7130_4022 .array/port v0x5611063a7130, 4022;
E_0x56110637b490/1005 .event anyedge, v0x5611063a7130_4019, v0x5611063a7130_4020, v0x5611063a7130_4021, v0x5611063a7130_4022;
v0x5611063a7130_4023 .array/port v0x5611063a7130, 4023;
v0x5611063a7130_4024 .array/port v0x5611063a7130, 4024;
v0x5611063a7130_4025 .array/port v0x5611063a7130, 4025;
v0x5611063a7130_4026 .array/port v0x5611063a7130, 4026;
E_0x56110637b490/1006 .event anyedge, v0x5611063a7130_4023, v0x5611063a7130_4024, v0x5611063a7130_4025, v0x5611063a7130_4026;
v0x5611063a7130_4027 .array/port v0x5611063a7130, 4027;
v0x5611063a7130_4028 .array/port v0x5611063a7130, 4028;
v0x5611063a7130_4029 .array/port v0x5611063a7130, 4029;
v0x5611063a7130_4030 .array/port v0x5611063a7130, 4030;
E_0x56110637b490/1007 .event anyedge, v0x5611063a7130_4027, v0x5611063a7130_4028, v0x5611063a7130_4029, v0x5611063a7130_4030;
v0x5611063a7130_4031 .array/port v0x5611063a7130, 4031;
v0x5611063a7130_4032 .array/port v0x5611063a7130, 4032;
v0x5611063a7130_4033 .array/port v0x5611063a7130, 4033;
v0x5611063a7130_4034 .array/port v0x5611063a7130, 4034;
E_0x56110637b490/1008 .event anyedge, v0x5611063a7130_4031, v0x5611063a7130_4032, v0x5611063a7130_4033, v0x5611063a7130_4034;
v0x5611063a7130_4035 .array/port v0x5611063a7130, 4035;
v0x5611063a7130_4036 .array/port v0x5611063a7130, 4036;
v0x5611063a7130_4037 .array/port v0x5611063a7130, 4037;
v0x5611063a7130_4038 .array/port v0x5611063a7130, 4038;
E_0x56110637b490/1009 .event anyedge, v0x5611063a7130_4035, v0x5611063a7130_4036, v0x5611063a7130_4037, v0x5611063a7130_4038;
v0x5611063a7130_4039 .array/port v0x5611063a7130, 4039;
v0x5611063a7130_4040 .array/port v0x5611063a7130, 4040;
v0x5611063a7130_4041 .array/port v0x5611063a7130, 4041;
v0x5611063a7130_4042 .array/port v0x5611063a7130, 4042;
E_0x56110637b490/1010 .event anyedge, v0x5611063a7130_4039, v0x5611063a7130_4040, v0x5611063a7130_4041, v0x5611063a7130_4042;
v0x5611063a7130_4043 .array/port v0x5611063a7130, 4043;
v0x5611063a7130_4044 .array/port v0x5611063a7130, 4044;
v0x5611063a7130_4045 .array/port v0x5611063a7130, 4045;
v0x5611063a7130_4046 .array/port v0x5611063a7130, 4046;
E_0x56110637b490/1011 .event anyedge, v0x5611063a7130_4043, v0x5611063a7130_4044, v0x5611063a7130_4045, v0x5611063a7130_4046;
v0x5611063a7130_4047 .array/port v0x5611063a7130, 4047;
v0x5611063a7130_4048 .array/port v0x5611063a7130, 4048;
v0x5611063a7130_4049 .array/port v0x5611063a7130, 4049;
v0x5611063a7130_4050 .array/port v0x5611063a7130, 4050;
E_0x56110637b490/1012 .event anyedge, v0x5611063a7130_4047, v0x5611063a7130_4048, v0x5611063a7130_4049, v0x5611063a7130_4050;
v0x5611063a7130_4051 .array/port v0x5611063a7130, 4051;
v0x5611063a7130_4052 .array/port v0x5611063a7130, 4052;
v0x5611063a7130_4053 .array/port v0x5611063a7130, 4053;
v0x5611063a7130_4054 .array/port v0x5611063a7130, 4054;
E_0x56110637b490/1013 .event anyedge, v0x5611063a7130_4051, v0x5611063a7130_4052, v0x5611063a7130_4053, v0x5611063a7130_4054;
v0x5611063a7130_4055 .array/port v0x5611063a7130, 4055;
v0x5611063a7130_4056 .array/port v0x5611063a7130, 4056;
v0x5611063a7130_4057 .array/port v0x5611063a7130, 4057;
v0x5611063a7130_4058 .array/port v0x5611063a7130, 4058;
E_0x56110637b490/1014 .event anyedge, v0x5611063a7130_4055, v0x5611063a7130_4056, v0x5611063a7130_4057, v0x5611063a7130_4058;
v0x5611063a7130_4059 .array/port v0x5611063a7130, 4059;
v0x5611063a7130_4060 .array/port v0x5611063a7130, 4060;
v0x5611063a7130_4061 .array/port v0x5611063a7130, 4061;
v0x5611063a7130_4062 .array/port v0x5611063a7130, 4062;
E_0x56110637b490/1015 .event anyedge, v0x5611063a7130_4059, v0x5611063a7130_4060, v0x5611063a7130_4061, v0x5611063a7130_4062;
v0x5611063a7130_4063 .array/port v0x5611063a7130, 4063;
v0x5611063a7130_4064 .array/port v0x5611063a7130, 4064;
v0x5611063a7130_4065 .array/port v0x5611063a7130, 4065;
v0x5611063a7130_4066 .array/port v0x5611063a7130, 4066;
E_0x56110637b490/1016 .event anyedge, v0x5611063a7130_4063, v0x5611063a7130_4064, v0x5611063a7130_4065, v0x5611063a7130_4066;
v0x5611063a7130_4067 .array/port v0x5611063a7130, 4067;
v0x5611063a7130_4068 .array/port v0x5611063a7130, 4068;
v0x5611063a7130_4069 .array/port v0x5611063a7130, 4069;
v0x5611063a7130_4070 .array/port v0x5611063a7130, 4070;
E_0x56110637b490/1017 .event anyedge, v0x5611063a7130_4067, v0x5611063a7130_4068, v0x5611063a7130_4069, v0x5611063a7130_4070;
v0x5611063a7130_4071 .array/port v0x5611063a7130, 4071;
v0x5611063a7130_4072 .array/port v0x5611063a7130, 4072;
v0x5611063a7130_4073 .array/port v0x5611063a7130, 4073;
v0x5611063a7130_4074 .array/port v0x5611063a7130, 4074;
E_0x56110637b490/1018 .event anyedge, v0x5611063a7130_4071, v0x5611063a7130_4072, v0x5611063a7130_4073, v0x5611063a7130_4074;
v0x5611063a7130_4075 .array/port v0x5611063a7130, 4075;
v0x5611063a7130_4076 .array/port v0x5611063a7130, 4076;
v0x5611063a7130_4077 .array/port v0x5611063a7130, 4077;
v0x5611063a7130_4078 .array/port v0x5611063a7130, 4078;
E_0x56110637b490/1019 .event anyedge, v0x5611063a7130_4075, v0x5611063a7130_4076, v0x5611063a7130_4077, v0x5611063a7130_4078;
v0x5611063a7130_4079 .array/port v0x5611063a7130, 4079;
v0x5611063a7130_4080 .array/port v0x5611063a7130, 4080;
v0x5611063a7130_4081 .array/port v0x5611063a7130, 4081;
v0x5611063a7130_4082 .array/port v0x5611063a7130, 4082;
E_0x56110637b490/1020 .event anyedge, v0x5611063a7130_4079, v0x5611063a7130_4080, v0x5611063a7130_4081, v0x5611063a7130_4082;
v0x5611063a7130_4083 .array/port v0x5611063a7130, 4083;
v0x5611063a7130_4084 .array/port v0x5611063a7130, 4084;
v0x5611063a7130_4085 .array/port v0x5611063a7130, 4085;
v0x5611063a7130_4086 .array/port v0x5611063a7130, 4086;
E_0x56110637b490/1021 .event anyedge, v0x5611063a7130_4083, v0x5611063a7130_4084, v0x5611063a7130_4085, v0x5611063a7130_4086;
v0x5611063a7130_4087 .array/port v0x5611063a7130, 4087;
v0x5611063a7130_4088 .array/port v0x5611063a7130, 4088;
v0x5611063a7130_4089 .array/port v0x5611063a7130, 4089;
v0x5611063a7130_4090 .array/port v0x5611063a7130, 4090;
E_0x56110637b490/1022 .event anyedge, v0x5611063a7130_4087, v0x5611063a7130_4088, v0x5611063a7130_4089, v0x5611063a7130_4090;
v0x5611063a7130_4091 .array/port v0x5611063a7130, 4091;
v0x5611063a7130_4092 .array/port v0x5611063a7130, 4092;
v0x5611063a7130_4093 .array/port v0x5611063a7130, 4093;
v0x5611063a7130_4094 .array/port v0x5611063a7130, 4094;
E_0x56110637b490/1023 .event anyedge, v0x5611063a7130_4091, v0x5611063a7130_4092, v0x5611063a7130_4093, v0x5611063a7130_4094;
v0x5611063a7130_4095 .array/port v0x5611063a7130, 4095;
v0x5611063a7130_4096 .array/port v0x5611063a7130, 4096;
v0x5611063a7130_4097 .array/port v0x5611063a7130, 4097;
v0x5611063a7130_4098 .array/port v0x5611063a7130, 4098;
E_0x56110637b490/1024 .event anyedge, v0x5611063a7130_4095, v0x5611063a7130_4096, v0x5611063a7130_4097, v0x5611063a7130_4098;
v0x5611063a7130_4099 .array/port v0x5611063a7130, 4099;
v0x5611063a7130_4100 .array/port v0x5611063a7130, 4100;
v0x5611063a7130_4101 .array/port v0x5611063a7130, 4101;
v0x5611063a7130_4102 .array/port v0x5611063a7130, 4102;
E_0x56110637b490/1025 .event anyedge, v0x5611063a7130_4099, v0x5611063a7130_4100, v0x5611063a7130_4101, v0x5611063a7130_4102;
v0x5611063a7130_4103 .array/port v0x5611063a7130, 4103;
v0x5611063a7130_4104 .array/port v0x5611063a7130, 4104;
v0x5611063a7130_4105 .array/port v0x5611063a7130, 4105;
v0x5611063a7130_4106 .array/port v0x5611063a7130, 4106;
E_0x56110637b490/1026 .event anyedge, v0x5611063a7130_4103, v0x5611063a7130_4104, v0x5611063a7130_4105, v0x5611063a7130_4106;
v0x5611063a7130_4107 .array/port v0x5611063a7130, 4107;
v0x5611063a7130_4108 .array/port v0x5611063a7130, 4108;
v0x5611063a7130_4109 .array/port v0x5611063a7130, 4109;
v0x5611063a7130_4110 .array/port v0x5611063a7130, 4110;
E_0x56110637b490/1027 .event anyedge, v0x5611063a7130_4107, v0x5611063a7130_4108, v0x5611063a7130_4109, v0x5611063a7130_4110;
v0x5611063a7130_4111 .array/port v0x5611063a7130, 4111;
v0x5611063a7130_4112 .array/port v0x5611063a7130, 4112;
v0x5611063a7130_4113 .array/port v0x5611063a7130, 4113;
v0x5611063a7130_4114 .array/port v0x5611063a7130, 4114;
E_0x56110637b490/1028 .event anyedge, v0x5611063a7130_4111, v0x5611063a7130_4112, v0x5611063a7130_4113, v0x5611063a7130_4114;
v0x5611063a7130_4115 .array/port v0x5611063a7130, 4115;
v0x5611063a7130_4116 .array/port v0x5611063a7130, 4116;
v0x5611063a7130_4117 .array/port v0x5611063a7130, 4117;
v0x5611063a7130_4118 .array/port v0x5611063a7130, 4118;
E_0x56110637b490/1029 .event anyedge, v0x5611063a7130_4115, v0x5611063a7130_4116, v0x5611063a7130_4117, v0x5611063a7130_4118;
v0x5611063a7130_4119 .array/port v0x5611063a7130, 4119;
v0x5611063a7130_4120 .array/port v0x5611063a7130, 4120;
v0x5611063a7130_4121 .array/port v0x5611063a7130, 4121;
v0x5611063a7130_4122 .array/port v0x5611063a7130, 4122;
E_0x56110637b490/1030 .event anyedge, v0x5611063a7130_4119, v0x5611063a7130_4120, v0x5611063a7130_4121, v0x5611063a7130_4122;
v0x5611063a7130_4123 .array/port v0x5611063a7130, 4123;
v0x5611063a7130_4124 .array/port v0x5611063a7130, 4124;
v0x5611063a7130_4125 .array/port v0x5611063a7130, 4125;
v0x5611063a7130_4126 .array/port v0x5611063a7130, 4126;
E_0x56110637b490/1031 .event anyedge, v0x5611063a7130_4123, v0x5611063a7130_4124, v0x5611063a7130_4125, v0x5611063a7130_4126;
v0x5611063a7130_4127 .array/port v0x5611063a7130, 4127;
v0x5611063a7130_4128 .array/port v0x5611063a7130, 4128;
v0x5611063a7130_4129 .array/port v0x5611063a7130, 4129;
v0x5611063a7130_4130 .array/port v0x5611063a7130, 4130;
E_0x56110637b490/1032 .event anyedge, v0x5611063a7130_4127, v0x5611063a7130_4128, v0x5611063a7130_4129, v0x5611063a7130_4130;
v0x5611063a7130_4131 .array/port v0x5611063a7130, 4131;
v0x5611063a7130_4132 .array/port v0x5611063a7130, 4132;
v0x5611063a7130_4133 .array/port v0x5611063a7130, 4133;
v0x5611063a7130_4134 .array/port v0x5611063a7130, 4134;
E_0x56110637b490/1033 .event anyedge, v0x5611063a7130_4131, v0x5611063a7130_4132, v0x5611063a7130_4133, v0x5611063a7130_4134;
v0x5611063a7130_4135 .array/port v0x5611063a7130, 4135;
v0x5611063a7130_4136 .array/port v0x5611063a7130, 4136;
v0x5611063a7130_4137 .array/port v0x5611063a7130, 4137;
v0x5611063a7130_4138 .array/port v0x5611063a7130, 4138;
E_0x56110637b490/1034 .event anyedge, v0x5611063a7130_4135, v0x5611063a7130_4136, v0x5611063a7130_4137, v0x5611063a7130_4138;
v0x5611063a7130_4139 .array/port v0x5611063a7130, 4139;
v0x5611063a7130_4140 .array/port v0x5611063a7130, 4140;
v0x5611063a7130_4141 .array/port v0x5611063a7130, 4141;
v0x5611063a7130_4142 .array/port v0x5611063a7130, 4142;
E_0x56110637b490/1035 .event anyedge, v0x5611063a7130_4139, v0x5611063a7130_4140, v0x5611063a7130_4141, v0x5611063a7130_4142;
v0x5611063a7130_4143 .array/port v0x5611063a7130, 4143;
v0x5611063a7130_4144 .array/port v0x5611063a7130, 4144;
v0x5611063a7130_4145 .array/port v0x5611063a7130, 4145;
v0x5611063a7130_4146 .array/port v0x5611063a7130, 4146;
E_0x56110637b490/1036 .event anyedge, v0x5611063a7130_4143, v0x5611063a7130_4144, v0x5611063a7130_4145, v0x5611063a7130_4146;
v0x5611063a7130_4147 .array/port v0x5611063a7130, 4147;
v0x5611063a7130_4148 .array/port v0x5611063a7130, 4148;
v0x5611063a7130_4149 .array/port v0x5611063a7130, 4149;
v0x5611063a7130_4150 .array/port v0x5611063a7130, 4150;
E_0x56110637b490/1037 .event anyedge, v0x5611063a7130_4147, v0x5611063a7130_4148, v0x5611063a7130_4149, v0x5611063a7130_4150;
v0x5611063a7130_4151 .array/port v0x5611063a7130, 4151;
v0x5611063a7130_4152 .array/port v0x5611063a7130, 4152;
v0x5611063a7130_4153 .array/port v0x5611063a7130, 4153;
v0x5611063a7130_4154 .array/port v0x5611063a7130, 4154;
E_0x56110637b490/1038 .event anyedge, v0x5611063a7130_4151, v0x5611063a7130_4152, v0x5611063a7130_4153, v0x5611063a7130_4154;
v0x5611063a7130_4155 .array/port v0x5611063a7130, 4155;
v0x5611063a7130_4156 .array/port v0x5611063a7130, 4156;
v0x5611063a7130_4157 .array/port v0x5611063a7130, 4157;
v0x5611063a7130_4158 .array/port v0x5611063a7130, 4158;
E_0x56110637b490/1039 .event anyedge, v0x5611063a7130_4155, v0x5611063a7130_4156, v0x5611063a7130_4157, v0x5611063a7130_4158;
v0x5611063a7130_4159 .array/port v0x5611063a7130, 4159;
v0x5611063a7130_4160 .array/port v0x5611063a7130, 4160;
v0x5611063a7130_4161 .array/port v0x5611063a7130, 4161;
v0x5611063a7130_4162 .array/port v0x5611063a7130, 4162;
E_0x56110637b490/1040 .event anyedge, v0x5611063a7130_4159, v0x5611063a7130_4160, v0x5611063a7130_4161, v0x5611063a7130_4162;
v0x5611063a7130_4163 .array/port v0x5611063a7130, 4163;
v0x5611063a7130_4164 .array/port v0x5611063a7130, 4164;
v0x5611063a7130_4165 .array/port v0x5611063a7130, 4165;
v0x5611063a7130_4166 .array/port v0x5611063a7130, 4166;
E_0x56110637b490/1041 .event anyedge, v0x5611063a7130_4163, v0x5611063a7130_4164, v0x5611063a7130_4165, v0x5611063a7130_4166;
v0x5611063a7130_4167 .array/port v0x5611063a7130, 4167;
v0x5611063a7130_4168 .array/port v0x5611063a7130, 4168;
v0x5611063a7130_4169 .array/port v0x5611063a7130, 4169;
v0x5611063a7130_4170 .array/port v0x5611063a7130, 4170;
E_0x56110637b490/1042 .event anyedge, v0x5611063a7130_4167, v0x5611063a7130_4168, v0x5611063a7130_4169, v0x5611063a7130_4170;
v0x5611063a7130_4171 .array/port v0x5611063a7130, 4171;
v0x5611063a7130_4172 .array/port v0x5611063a7130, 4172;
v0x5611063a7130_4173 .array/port v0x5611063a7130, 4173;
v0x5611063a7130_4174 .array/port v0x5611063a7130, 4174;
E_0x56110637b490/1043 .event anyedge, v0x5611063a7130_4171, v0x5611063a7130_4172, v0x5611063a7130_4173, v0x5611063a7130_4174;
v0x5611063a7130_4175 .array/port v0x5611063a7130, 4175;
v0x5611063a7130_4176 .array/port v0x5611063a7130, 4176;
v0x5611063a7130_4177 .array/port v0x5611063a7130, 4177;
v0x5611063a7130_4178 .array/port v0x5611063a7130, 4178;
E_0x56110637b490/1044 .event anyedge, v0x5611063a7130_4175, v0x5611063a7130_4176, v0x5611063a7130_4177, v0x5611063a7130_4178;
v0x5611063a7130_4179 .array/port v0x5611063a7130, 4179;
v0x5611063a7130_4180 .array/port v0x5611063a7130, 4180;
v0x5611063a7130_4181 .array/port v0x5611063a7130, 4181;
v0x5611063a7130_4182 .array/port v0x5611063a7130, 4182;
E_0x56110637b490/1045 .event anyedge, v0x5611063a7130_4179, v0x5611063a7130_4180, v0x5611063a7130_4181, v0x5611063a7130_4182;
v0x5611063a7130_4183 .array/port v0x5611063a7130, 4183;
v0x5611063a7130_4184 .array/port v0x5611063a7130, 4184;
v0x5611063a7130_4185 .array/port v0x5611063a7130, 4185;
v0x5611063a7130_4186 .array/port v0x5611063a7130, 4186;
E_0x56110637b490/1046 .event anyedge, v0x5611063a7130_4183, v0x5611063a7130_4184, v0x5611063a7130_4185, v0x5611063a7130_4186;
v0x5611063a7130_4187 .array/port v0x5611063a7130, 4187;
v0x5611063a7130_4188 .array/port v0x5611063a7130, 4188;
v0x5611063a7130_4189 .array/port v0x5611063a7130, 4189;
v0x5611063a7130_4190 .array/port v0x5611063a7130, 4190;
E_0x56110637b490/1047 .event anyedge, v0x5611063a7130_4187, v0x5611063a7130_4188, v0x5611063a7130_4189, v0x5611063a7130_4190;
v0x5611063a7130_4191 .array/port v0x5611063a7130, 4191;
v0x5611063a7130_4192 .array/port v0x5611063a7130, 4192;
v0x5611063a7130_4193 .array/port v0x5611063a7130, 4193;
v0x5611063a7130_4194 .array/port v0x5611063a7130, 4194;
E_0x56110637b490/1048 .event anyedge, v0x5611063a7130_4191, v0x5611063a7130_4192, v0x5611063a7130_4193, v0x5611063a7130_4194;
v0x5611063a7130_4195 .array/port v0x5611063a7130, 4195;
v0x5611063a7130_4196 .array/port v0x5611063a7130, 4196;
v0x5611063a7130_4197 .array/port v0x5611063a7130, 4197;
v0x5611063a7130_4198 .array/port v0x5611063a7130, 4198;
E_0x56110637b490/1049 .event anyedge, v0x5611063a7130_4195, v0x5611063a7130_4196, v0x5611063a7130_4197, v0x5611063a7130_4198;
v0x5611063a7130_4199 .array/port v0x5611063a7130, 4199;
v0x5611063a7130_4200 .array/port v0x5611063a7130, 4200;
v0x5611063a7130_4201 .array/port v0x5611063a7130, 4201;
v0x5611063a7130_4202 .array/port v0x5611063a7130, 4202;
E_0x56110637b490/1050 .event anyedge, v0x5611063a7130_4199, v0x5611063a7130_4200, v0x5611063a7130_4201, v0x5611063a7130_4202;
v0x5611063a7130_4203 .array/port v0x5611063a7130, 4203;
v0x5611063a7130_4204 .array/port v0x5611063a7130, 4204;
v0x5611063a7130_4205 .array/port v0x5611063a7130, 4205;
v0x5611063a7130_4206 .array/port v0x5611063a7130, 4206;
E_0x56110637b490/1051 .event anyedge, v0x5611063a7130_4203, v0x5611063a7130_4204, v0x5611063a7130_4205, v0x5611063a7130_4206;
v0x5611063a7130_4207 .array/port v0x5611063a7130, 4207;
v0x5611063a7130_4208 .array/port v0x5611063a7130, 4208;
v0x5611063a7130_4209 .array/port v0x5611063a7130, 4209;
v0x5611063a7130_4210 .array/port v0x5611063a7130, 4210;
E_0x56110637b490/1052 .event anyedge, v0x5611063a7130_4207, v0x5611063a7130_4208, v0x5611063a7130_4209, v0x5611063a7130_4210;
v0x5611063a7130_4211 .array/port v0x5611063a7130, 4211;
v0x5611063a7130_4212 .array/port v0x5611063a7130, 4212;
v0x5611063a7130_4213 .array/port v0x5611063a7130, 4213;
v0x5611063a7130_4214 .array/port v0x5611063a7130, 4214;
E_0x56110637b490/1053 .event anyedge, v0x5611063a7130_4211, v0x5611063a7130_4212, v0x5611063a7130_4213, v0x5611063a7130_4214;
v0x5611063a7130_4215 .array/port v0x5611063a7130, 4215;
v0x5611063a7130_4216 .array/port v0x5611063a7130, 4216;
v0x5611063a7130_4217 .array/port v0x5611063a7130, 4217;
v0x5611063a7130_4218 .array/port v0x5611063a7130, 4218;
E_0x56110637b490/1054 .event anyedge, v0x5611063a7130_4215, v0x5611063a7130_4216, v0x5611063a7130_4217, v0x5611063a7130_4218;
v0x5611063a7130_4219 .array/port v0x5611063a7130, 4219;
v0x5611063a7130_4220 .array/port v0x5611063a7130, 4220;
v0x5611063a7130_4221 .array/port v0x5611063a7130, 4221;
v0x5611063a7130_4222 .array/port v0x5611063a7130, 4222;
E_0x56110637b490/1055 .event anyedge, v0x5611063a7130_4219, v0x5611063a7130_4220, v0x5611063a7130_4221, v0x5611063a7130_4222;
v0x5611063a7130_4223 .array/port v0x5611063a7130, 4223;
v0x5611063a7130_4224 .array/port v0x5611063a7130, 4224;
v0x5611063a7130_4225 .array/port v0x5611063a7130, 4225;
v0x5611063a7130_4226 .array/port v0x5611063a7130, 4226;
E_0x56110637b490/1056 .event anyedge, v0x5611063a7130_4223, v0x5611063a7130_4224, v0x5611063a7130_4225, v0x5611063a7130_4226;
v0x5611063a7130_4227 .array/port v0x5611063a7130, 4227;
v0x5611063a7130_4228 .array/port v0x5611063a7130, 4228;
v0x5611063a7130_4229 .array/port v0x5611063a7130, 4229;
v0x5611063a7130_4230 .array/port v0x5611063a7130, 4230;
E_0x56110637b490/1057 .event anyedge, v0x5611063a7130_4227, v0x5611063a7130_4228, v0x5611063a7130_4229, v0x5611063a7130_4230;
v0x5611063a7130_4231 .array/port v0x5611063a7130, 4231;
v0x5611063a7130_4232 .array/port v0x5611063a7130, 4232;
v0x5611063a7130_4233 .array/port v0x5611063a7130, 4233;
v0x5611063a7130_4234 .array/port v0x5611063a7130, 4234;
E_0x56110637b490/1058 .event anyedge, v0x5611063a7130_4231, v0x5611063a7130_4232, v0x5611063a7130_4233, v0x5611063a7130_4234;
v0x5611063a7130_4235 .array/port v0x5611063a7130, 4235;
v0x5611063a7130_4236 .array/port v0x5611063a7130, 4236;
v0x5611063a7130_4237 .array/port v0x5611063a7130, 4237;
v0x5611063a7130_4238 .array/port v0x5611063a7130, 4238;
E_0x56110637b490/1059 .event anyedge, v0x5611063a7130_4235, v0x5611063a7130_4236, v0x5611063a7130_4237, v0x5611063a7130_4238;
v0x5611063a7130_4239 .array/port v0x5611063a7130, 4239;
v0x5611063a7130_4240 .array/port v0x5611063a7130, 4240;
v0x5611063a7130_4241 .array/port v0x5611063a7130, 4241;
v0x5611063a7130_4242 .array/port v0x5611063a7130, 4242;
E_0x56110637b490/1060 .event anyedge, v0x5611063a7130_4239, v0x5611063a7130_4240, v0x5611063a7130_4241, v0x5611063a7130_4242;
v0x5611063a7130_4243 .array/port v0x5611063a7130, 4243;
v0x5611063a7130_4244 .array/port v0x5611063a7130, 4244;
v0x5611063a7130_4245 .array/port v0x5611063a7130, 4245;
v0x5611063a7130_4246 .array/port v0x5611063a7130, 4246;
E_0x56110637b490/1061 .event anyedge, v0x5611063a7130_4243, v0x5611063a7130_4244, v0x5611063a7130_4245, v0x5611063a7130_4246;
v0x5611063a7130_4247 .array/port v0x5611063a7130, 4247;
v0x5611063a7130_4248 .array/port v0x5611063a7130, 4248;
v0x5611063a7130_4249 .array/port v0x5611063a7130, 4249;
v0x5611063a7130_4250 .array/port v0x5611063a7130, 4250;
E_0x56110637b490/1062 .event anyedge, v0x5611063a7130_4247, v0x5611063a7130_4248, v0x5611063a7130_4249, v0x5611063a7130_4250;
v0x5611063a7130_4251 .array/port v0x5611063a7130, 4251;
v0x5611063a7130_4252 .array/port v0x5611063a7130, 4252;
v0x5611063a7130_4253 .array/port v0x5611063a7130, 4253;
v0x5611063a7130_4254 .array/port v0x5611063a7130, 4254;
E_0x56110637b490/1063 .event anyedge, v0x5611063a7130_4251, v0x5611063a7130_4252, v0x5611063a7130_4253, v0x5611063a7130_4254;
v0x5611063a7130_4255 .array/port v0x5611063a7130, 4255;
v0x5611063a7130_4256 .array/port v0x5611063a7130, 4256;
v0x5611063a7130_4257 .array/port v0x5611063a7130, 4257;
v0x5611063a7130_4258 .array/port v0x5611063a7130, 4258;
E_0x56110637b490/1064 .event anyedge, v0x5611063a7130_4255, v0x5611063a7130_4256, v0x5611063a7130_4257, v0x5611063a7130_4258;
v0x5611063a7130_4259 .array/port v0x5611063a7130, 4259;
v0x5611063a7130_4260 .array/port v0x5611063a7130, 4260;
v0x5611063a7130_4261 .array/port v0x5611063a7130, 4261;
v0x5611063a7130_4262 .array/port v0x5611063a7130, 4262;
E_0x56110637b490/1065 .event anyedge, v0x5611063a7130_4259, v0x5611063a7130_4260, v0x5611063a7130_4261, v0x5611063a7130_4262;
v0x5611063a7130_4263 .array/port v0x5611063a7130, 4263;
v0x5611063a7130_4264 .array/port v0x5611063a7130, 4264;
v0x5611063a7130_4265 .array/port v0x5611063a7130, 4265;
v0x5611063a7130_4266 .array/port v0x5611063a7130, 4266;
E_0x56110637b490/1066 .event anyedge, v0x5611063a7130_4263, v0x5611063a7130_4264, v0x5611063a7130_4265, v0x5611063a7130_4266;
v0x5611063a7130_4267 .array/port v0x5611063a7130, 4267;
v0x5611063a7130_4268 .array/port v0x5611063a7130, 4268;
v0x5611063a7130_4269 .array/port v0x5611063a7130, 4269;
v0x5611063a7130_4270 .array/port v0x5611063a7130, 4270;
E_0x56110637b490/1067 .event anyedge, v0x5611063a7130_4267, v0x5611063a7130_4268, v0x5611063a7130_4269, v0x5611063a7130_4270;
v0x5611063a7130_4271 .array/port v0x5611063a7130, 4271;
v0x5611063a7130_4272 .array/port v0x5611063a7130, 4272;
v0x5611063a7130_4273 .array/port v0x5611063a7130, 4273;
v0x5611063a7130_4274 .array/port v0x5611063a7130, 4274;
E_0x56110637b490/1068 .event anyedge, v0x5611063a7130_4271, v0x5611063a7130_4272, v0x5611063a7130_4273, v0x5611063a7130_4274;
v0x5611063a7130_4275 .array/port v0x5611063a7130, 4275;
v0x5611063a7130_4276 .array/port v0x5611063a7130, 4276;
v0x5611063a7130_4277 .array/port v0x5611063a7130, 4277;
v0x5611063a7130_4278 .array/port v0x5611063a7130, 4278;
E_0x56110637b490/1069 .event anyedge, v0x5611063a7130_4275, v0x5611063a7130_4276, v0x5611063a7130_4277, v0x5611063a7130_4278;
v0x5611063a7130_4279 .array/port v0x5611063a7130, 4279;
v0x5611063a7130_4280 .array/port v0x5611063a7130, 4280;
v0x5611063a7130_4281 .array/port v0x5611063a7130, 4281;
v0x5611063a7130_4282 .array/port v0x5611063a7130, 4282;
E_0x56110637b490/1070 .event anyedge, v0x5611063a7130_4279, v0x5611063a7130_4280, v0x5611063a7130_4281, v0x5611063a7130_4282;
v0x5611063a7130_4283 .array/port v0x5611063a7130, 4283;
v0x5611063a7130_4284 .array/port v0x5611063a7130, 4284;
v0x5611063a7130_4285 .array/port v0x5611063a7130, 4285;
v0x5611063a7130_4286 .array/port v0x5611063a7130, 4286;
E_0x56110637b490/1071 .event anyedge, v0x5611063a7130_4283, v0x5611063a7130_4284, v0x5611063a7130_4285, v0x5611063a7130_4286;
v0x5611063a7130_4287 .array/port v0x5611063a7130, 4287;
v0x5611063a7130_4288 .array/port v0x5611063a7130, 4288;
v0x5611063a7130_4289 .array/port v0x5611063a7130, 4289;
v0x5611063a7130_4290 .array/port v0x5611063a7130, 4290;
E_0x56110637b490/1072 .event anyedge, v0x5611063a7130_4287, v0x5611063a7130_4288, v0x5611063a7130_4289, v0x5611063a7130_4290;
v0x5611063a7130_4291 .array/port v0x5611063a7130, 4291;
v0x5611063a7130_4292 .array/port v0x5611063a7130, 4292;
v0x5611063a7130_4293 .array/port v0x5611063a7130, 4293;
v0x5611063a7130_4294 .array/port v0x5611063a7130, 4294;
E_0x56110637b490/1073 .event anyedge, v0x5611063a7130_4291, v0x5611063a7130_4292, v0x5611063a7130_4293, v0x5611063a7130_4294;
v0x5611063a7130_4295 .array/port v0x5611063a7130, 4295;
v0x5611063a7130_4296 .array/port v0x5611063a7130, 4296;
v0x5611063a7130_4297 .array/port v0x5611063a7130, 4297;
v0x5611063a7130_4298 .array/port v0x5611063a7130, 4298;
E_0x56110637b490/1074 .event anyedge, v0x5611063a7130_4295, v0x5611063a7130_4296, v0x5611063a7130_4297, v0x5611063a7130_4298;
v0x5611063a7130_4299 .array/port v0x5611063a7130, 4299;
v0x5611063a7130_4300 .array/port v0x5611063a7130, 4300;
v0x5611063a7130_4301 .array/port v0x5611063a7130, 4301;
v0x5611063a7130_4302 .array/port v0x5611063a7130, 4302;
E_0x56110637b490/1075 .event anyedge, v0x5611063a7130_4299, v0x5611063a7130_4300, v0x5611063a7130_4301, v0x5611063a7130_4302;
v0x5611063a7130_4303 .array/port v0x5611063a7130, 4303;
v0x5611063a7130_4304 .array/port v0x5611063a7130, 4304;
v0x5611063a7130_4305 .array/port v0x5611063a7130, 4305;
v0x5611063a7130_4306 .array/port v0x5611063a7130, 4306;
E_0x56110637b490/1076 .event anyedge, v0x5611063a7130_4303, v0x5611063a7130_4304, v0x5611063a7130_4305, v0x5611063a7130_4306;
v0x5611063a7130_4307 .array/port v0x5611063a7130, 4307;
v0x5611063a7130_4308 .array/port v0x5611063a7130, 4308;
v0x5611063a7130_4309 .array/port v0x5611063a7130, 4309;
v0x5611063a7130_4310 .array/port v0x5611063a7130, 4310;
E_0x56110637b490/1077 .event anyedge, v0x5611063a7130_4307, v0x5611063a7130_4308, v0x5611063a7130_4309, v0x5611063a7130_4310;
v0x5611063a7130_4311 .array/port v0x5611063a7130, 4311;
v0x5611063a7130_4312 .array/port v0x5611063a7130, 4312;
v0x5611063a7130_4313 .array/port v0x5611063a7130, 4313;
v0x5611063a7130_4314 .array/port v0x5611063a7130, 4314;
E_0x56110637b490/1078 .event anyedge, v0x5611063a7130_4311, v0x5611063a7130_4312, v0x5611063a7130_4313, v0x5611063a7130_4314;
v0x5611063a7130_4315 .array/port v0x5611063a7130, 4315;
v0x5611063a7130_4316 .array/port v0x5611063a7130, 4316;
v0x5611063a7130_4317 .array/port v0x5611063a7130, 4317;
v0x5611063a7130_4318 .array/port v0x5611063a7130, 4318;
E_0x56110637b490/1079 .event anyedge, v0x5611063a7130_4315, v0x5611063a7130_4316, v0x5611063a7130_4317, v0x5611063a7130_4318;
v0x5611063a7130_4319 .array/port v0x5611063a7130, 4319;
v0x5611063a7130_4320 .array/port v0x5611063a7130, 4320;
v0x5611063a7130_4321 .array/port v0x5611063a7130, 4321;
v0x5611063a7130_4322 .array/port v0x5611063a7130, 4322;
E_0x56110637b490/1080 .event anyedge, v0x5611063a7130_4319, v0x5611063a7130_4320, v0x5611063a7130_4321, v0x5611063a7130_4322;
v0x5611063a7130_4323 .array/port v0x5611063a7130, 4323;
v0x5611063a7130_4324 .array/port v0x5611063a7130, 4324;
v0x5611063a7130_4325 .array/port v0x5611063a7130, 4325;
v0x5611063a7130_4326 .array/port v0x5611063a7130, 4326;
E_0x56110637b490/1081 .event anyedge, v0x5611063a7130_4323, v0x5611063a7130_4324, v0x5611063a7130_4325, v0x5611063a7130_4326;
v0x5611063a7130_4327 .array/port v0x5611063a7130, 4327;
v0x5611063a7130_4328 .array/port v0x5611063a7130, 4328;
v0x5611063a7130_4329 .array/port v0x5611063a7130, 4329;
v0x5611063a7130_4330 .array/port v0x5611063a7130, 4330;
E_0x56110637b490/1082 .event anyedge, v0x5611063a7130_4327, v0x5611063a7130_4328, v0x5611063a7130_4329, v0x5611063a7130_4330;
v0x5611063a7130_4331 .array/port v0x5611063a7130, 4331;
v0x5611063a7130_4332 .array/port v0x5611063a7130, 4332;
v0x5611063a7130_4333 .array/port v0x5611063a7130, 4333;
v0x5611063a7130_4334 .array/port v0x5611063a7130, 4334;
E_0x56110637b490/1083 .event anyedge, v0x5611063a7130_4331, v0x5611063a7130_4332, v0x5611063a7130_4333, v0x5611063a7130_4334;
v0x5611063a7130_4335 .array/port v0x5611063a7130, 4335;
v0x5611063a7130_4336 .array/port v0x5611063a7130, 4336;
v0x5611063a7130_4337 .array/port v0x5611063a7130, 4337;
v0x5611063a7130_4338 .array/port v0x5611063a7130, 4338;
E_0x56110637b490/1084 .event anyedge, v0x5611063a7130_4335, v0x5611063a7130_4336, v0x5611063a7130_4337, v0x5611063a7130_4338;
v0x5611063a7130_4339 .array/port v0x5611063a7130, 4339;
v0x5611063a7130_4340 .array/port v0x5611063a7130, 4340;
v0x5611063a7130_4341 .array/port v0x5611063a7130, 4341;
v0x5611063a7130_4342 .array/port v0x5611063a7130, 4342;
E_0x56110637b490/1085 .event anyedge, v0x5611063a7130_4339, v0x5611063a7130_4340, v0x5611063a7130_4341, v0x5611063a7130_4342;
v0x5611063a7130_4343 .array/port v0x5611063a7130, 4343;
v0x5611063a7130_4344 .array/port v0x5611063a7130, 4344;
v0x5611063a7130_4345 .array/port v0x5611063a7130, 4345;
v0x5611063a7130_4346 .array/port v0x5611063a7130, 4346;
E_0x56110637b490/1086 .event anyedge, v0x5611063a7130_4343, v0x5611063a7130_4344, v0x5611063a7130_4345, v0x5611063a7130_4346;
v0x5611063a7130_4347 .array/port v0x5611063a7130, 4347;
v0x5611063a7130_4348 .array/port v0x5611063a7130, 4348;
v0x5611063a7130_4349 .array/port v0x5611063a7130, 4349;
v0x5611063a7130_4350 .array/port v0x5611063a7130, 4350;
E_0x56110637b490/1087 .event anyedge, v0x5611063a7130_4347, v0x5611063a7130_4348, v0x5611063a7130_4349, v0x5611063a7130_4350;
v0x5611063a7130_4351 .array/port v0x5611063a7130, 4351;
v0x5611063a7130_4352 .array/port v0x5611063a7130, 4352;
v0x5611063a7130_4353 .array/port v0x5611063a7130, 4353;
v0x5611063a7130_4354 .array/port v0x5611063a7130, 4354;
E_0x56110637b490/1088 .event anyedge, v0x5611063a7130_4351, v0x5611063a7130_4352, v0x5611063a7130_4353, v0x5611063a7130_4354;
v0x5611063a7130_4355 .array/port v0x5611063a7130, 4355;
v0x5611063a7130_4356 .array/port v0x5611063a7130, 4356;
v0x5611063a7130_4357 .array/port v0x5611063a7130, 4357;
v0x5611063a7130_4358 .array/port v0x5611063a7130, 4358;
E_0x56110637b490/1089 .event anyedge, v0x5611063a7130_4355, v0x5611063a7130_4356, v0x5611063a7130_4357, v0x5611063a7130_4358;
v0x5611063a7130_4359 .array/port v0x5611063a7130, 4359;
v0x5611063a7130_4360 .array/port v0x5611063a7130, 4360;
v0x5611063a7130_4361 .array/port v0x5611063a7130, 4361;
v0x5611063a7130_4362 .array/port v0x5611063a7130, 4362;
E_0x56110637b490/1090 .event anyedge, v0x5611063a7130_4359, v0x5611063a7130_4360, v0x5611063a7130_4361, v0x5611063a7130_4362;
v0x5611063a7130_4363 .array/port v0x5611063a7130, 4363;
v0x5611063a7130_4364 .array/port v0x5611063a7130, 4364;
v0x5611063a7130_4365 .array/port v0x5611063a7130, 4365;
v0x5611063a7130_4366 .array/port v0x5611063a7130, 4366;
E_0x56110637b490/1091 .event anyedge, v0x5611063a7130_4363, v0x5611063a7130_4364, v0x5611063a7130_4365, v0x5611063a7130_4366;
v0x5611063a7130_4367 .array/port v0x5611063a7130, 4367;
v0x5611063a7130_4368 .array/port v0x5611063a7130, 4368;
v0x5611063a7130_4369 .array/port v0x5611063a7130, 4369;
v0x5611063a7130_4370 .array/port v0x5611063a7130, 4370;
E_0x56110637b490/1092 .event anyedge, v0x5611063a7130_4367, v0x5611063a7130_4368, v0x5611063a7130_4369, v0x5611063a7130_4370;
v0x5611063a7130_4371 .array/port v0x5611063a7130, 4371;
v0x5611063a7130_4372 .array/port v0x5611063a7130, 4372;
v0x5611063a7130_4373 .array/port v0x5611063a7130, 4373;
v0x5611063a7130_4374 .array/port v0x5611063a7130, 4374;
E_0x56110637b490/1093 .event anyedge, v0x5611063a7130_4371, v0x5611063a7130_4372, v0x5611063a7130_4373, v0x5611063a7130_4374;
v0x5611063a7130_4375 .array/port v0x5611063a7130, 4375;
v0x5611063a7130_4376 .array/port v0x5611063a7130, 4376;
v0x5611063a7130_4377 .array/port v0x5611063a7130, 4377;
v0x5611063a7130_4378 .array/port v0x5611063a7130, 4378;
E_0x56110637b490/1094 .event anyedge, v0x5611063a7130_4375, v0x5611063a7130_4376, v0x5611063a7130_4377, v0x5611063a7130_4378;
v0x5611063a7130_4379 .array/port v0x5611063a7130, 4379;
v0x5611063a7130_4380 .array/port v0x5611063a7130, 4380;
v0x5611063a7130_4381 .array/port v0x5611063a7130, 4381;
v0x5611063a7130_4382 .array/port v0x5611063a7130, 4382;
E_0x56110637b490/1095 .event anyedge, v0x5611063a7130_4379, v0x5611063a7130_4380, v0x5611063a7130_4381, v0x5611063a7130_4382;
v0x5611063a7130_4383 .array/port v0x5611063a7130, 4383;
v0x5611063a7130_4384 .array/port v0x5611063a7130, 4384;
v0x5611063a7130_4385 .array/port v0x5611063a7130, 4385;
v0x5611063a7130_4386 .array/port v0x5611063a7130, 4386;
E_0x56110637b490/1096 .event anyedge, v0x5611063a7130_4383, v0x5611063a7130_4384, v0x5611063a7130_4385, v0x5611063a7130_4386;
v0x5611063a7130_4387 .array/port v0x5611063a7130, 4387;
v0x5611063a7130_4388 .array/port v0x5611063a7130, 4388;
v0x5611063a7130_4389 .array/port v0x5611063a7130, 4389;
v0x5611063a7130_4390 .array/port v0x5611063a7130, 4390;
E_0x56110637b490/1097 .event anyedge, v0x5611063a7130_4387, v0x5611063a7130_4388, v0x5611063a7130_4389, v0x5611063a7130_4390;
v0x5611063a7130_4391 .array/port v0x5611063a7130, 4391;
v0x5611063a7130_4392 .array/port v0x5611063a7130, 4392;
v0x5611063a7130_4393 .array/port v0x5611063a7130, 4393;
v0x5611063a7130_4394 .array/port v0x5611063a7130, 4394;
E_0x56110637b490/1098 .event anyedge, v0x5611063a7130_4391, v0x5611063a7130_4392, v0x5611063a7130_4393, v0x5611063a7130_4394;
v0x5611063a7130_4395 .array/port v0x5611063a7130, 4395;
v0x5611063a7130_4396 .array/port v0x5611063a7130, 4396;
v0x5611063a7130_4397 .array/port v0x5611063a7130, 4397;
v0x5611063a7130_4398 .array/port v0x5611063a7130, 4398;
E_0x56110637b490/1099 .event anyedge, v0x5611063a7130_4395, v0x5611063a7130_4396, v0x5611063a7130_4397, v0x5611063a7130_4398;
v0x5611063a7130_4399 .array/port v0x5611063a7130, 4399;
v0x5611063a7130_4400 .array/port v0x5611063a7130, 4400;
v0x5611063a7130_4401 .array/port v0x5611063a7130, 4401;
v0x5611063a7130_4402 .array/port v0x5611063a7130, 4402;
E_0x56110637b490/1100 .event anyedge, v0x5611063a7130_4399, v0x5611063a7130_4400, v0x5611063a7130_4401, v0x5611063a7130_4402;
v0x5611063a7130_4403 .array/port v0x5611063a7130, 4403;
v0x5611063a7130_4404 .array/port v0x5611063a7130, 4404;
v0x5611063a7130_4405 .array/port v0x5611063a7130, 4405;
v0x5611063a7130_4406 .array/port v0x5611063a7130, 4406;
E_0x56110637b490/1101 .event anyedge, v0x5611063a7130_4403, v0x5611063a7130_4404, v0x5611063a7130_4405, v0x5611063a7130_4406;
v0x5611063a7130_4407 .array/port v0x5611063a7130, 4407;
v0x5611063a7130_4408 .array/port v0x5611063a7130, 4408;
v0x5611063a7130_4409 .array/port v0x5611063a7130, 4409;
v0x5611063a7130_4410 .array/port v0x5611063a7130, 4410;
E_0x56110637b490/1102 .event anyedge, v0x5611063a7130_4407, v0x5611063a7130_4408, v0x5611063a7130_4409, v0x5611063a7130_4410;
v0x5611063a7130_4411 .array/port v0x5611063a7130, 4411;
v0x5611063a7130_4412 .array/port v0x5611063a7130, 4412;
v0x5611063a7130_4413 .array/port v0x5611063a7130, 4413;
v0x5611063a7130_4414 .array/port v0x5611063a7130, 4414;
E_0x56110637b490/1103 .event anyedge, v0x5611063a7130_4411, v0x5611063a7130_4412, v0x5611063a7130_4413, v0x5611063a7130_4414;
v0x5611063a7130_4415 .array/port v0x5611063a7130, 4415;
v0x5611063a7130_4416 .array/port v0x5611063a7130, 4416;
v0x5611063a7130_4417 .array/port v0x5611063a7130, 4417;
v0x5611063a7130_4418 .array/port v0x5611063a7130, 4418;
E_0x56110637b490/1104 .event anyedge, v0x5611063a7130_4415, v0x5611063a7130_4416, v0x5611063a7130_4417, v0x5611063a7130_4418;
v0x5611063a7130_4419 .array/port v0x5611063a7130, 4419;
v0x5611063a7130_4420 .array/port v0x5611063a7130, 4420;
v0x5611063a7130_4421 .array/port v0x5611063a7130, 4421;
v0x5611063a7130_4422 .array/port v0x5611063a7130, 4422;
E_0x56110637b490/1105 .event anyedge, v0x5611063a7130_4419, v0x5611063a7130_4420, v0x5611063a7130_4421, v0x5611063a7130_4422;
v0x5611063a7130_4423 .array/port v0x5611063a7130, 4423;
v0x5611063a7130_4424 .array/port v0x5611063a7130, 4424;
v0x5611063a7130_4425 .array/port v0x5611063a7130, 4425;
v0x5611063a7130_4426 .array/port v0x5611063a7130, 4426;
E_0x56110637b490/1106 .event anyedge, v0x5611063a7130_4423, v0x5611063a7130_4424, v0x5611063a7130_4425, v0x5611063a7130_4426;
v0x5611063a7130_4427 .array/port v0x5611063a7130, 4427;
v0x5611063a7130_4428 .array/port v0x5611063a7130, 4428;
v0x5611063a7130_4429 .array/port v0x5611063a7130, 4429;
v0x5611063a7130_4430 .array/port v0x5611063a7130, 4430;
E_0x56110637b490/1107 .event anyedge, v0x5611063a7130_4427, v0x5611063a7130_4428, v0x5611063a7130_4429, v0x5611063a7130_4430;
v0x5611063a7130_4431 .array/port v0x5611063a7130, 4431;
v0x5611063a7130_4432 .array/port v0x5611063a7130, 4432;
v0x5611063a7130_4433 .array/port v0x5611063a7130, 4433;
v0x5611063a7130_4434 .array/port v0x5611063a7130, 4434;
E_0x56110637b490/1108 .event anyedge, v0x5611063a7130_4431, v0x5611063a7130_4432, v0x5611063a7130_4433, v0x5611063a7130_4434;
v0x5611063a7130_4435 .array/port v0x5611063a7130, 4435;
v0x5611063a7130_4436 .array/port v0x5611063a7130, 4436;
v0x5611063a7130_4437 .array/port v0x5611063a7130, 4437;
v0x5611063a7130_4438 .array/port v0x5611063a7130, 4438;
E_0x56110637b490/1109 .event anyedge, v0x5611063a7130_4435, v0x5611063a7130_4436, v0x5611063a7130_4437, v0x5611063a7130_4438;
v0x5611063a7130_4439 .array/port v0x5611063a7130, 4439;
v0x5611063a7130_4440 .array/port v0x5611063a7130, 4440;
v0x5611063a7130_4441 .array/port v0x5611063a7130, 4441;
v0x5611063a7130_4442 .array/port v0x5611063a7130, 4442;
E_0x56110637b490/1110 .event anyedge, v0x5611063a7130_4439, v0x5611063a7130_4440, v0x5611063a7130_4441, v0x5611063a7130_4442;
v0x5611063a7130_4443 .array/port v0x5611063a7130, 4443;
v0x5611063a7130_4444 .array/port v0x5611063a7130, 4444;
v0x5611063a7130_4445 .array/port v0x5611063a7130, 4445;
v0x5611063a7130_4446 .array/port v0x5611063a7130, 4446;
E_0x56110637b490/1111 .event anyedge, v0x5611063a7130_4443, v0x5611063a7130_4444, v0x5611063a7130_4445, v0x5611063a7130_4446;
v0x5611063a7130_4447 .array/port v0x5611063a7130, 4447;
v0x5611063a7130_4448 .array/port v0x5611063a7130, 4448;
v0x5611063a7130_4449 .array/port v0x5611063a7130, 4449;
v0x5611063a7130_4450 .array/port v0x5611063a7130, 4450;
E_0x56110637b490/1112 .event anyedge, v0x5611063a7130_4447, v0x5611063a7130_4448, v0x5611063a7130_4449, v0x5611063a7130_4450;
v0x5611063a7130_4451 .array/port v0x5611063a7130, 4451;
v0x5611063a7130_4452 .array/port v0x5611063a7130, 4452;
v0x5611063a7130_4453 .array/port v0x5611063a7130, 4453;
v0x5611063a7130_4454 .array/port v0x5611063a7130, 4454;
E_0x56110637b490/1113 .event anyedge, v0x5611063a7130_4451, v0x5611063a7130_4452, v0x5611063a7130_4453, v0x5611063a7130_4454;
v0x5611063a7130_4455 .array/port v0x5611063a7130, 4455;
v0x5611063a7130_4456 .array/port v0x5611063a7130, 4456;
v0x5611063a7130_4457 .array/port v0x5611063a7130, 4457;
v0x5611063a7130_4458 .array/port v0x5611063a7130, 4458;
E_0x56110637b490/1114 .event anyedge, v0x5611063a7130_4455, v0x5611063a7130_4456, v0x5611063a7130_4457, v0x5611063a7130_4458;
v0x5611063a7130_4459 .array/port v0x5611063a7130, 4459;
v0x5611063a7130_4460 .array/port v0x5611063a7130, 4460;
v0x5611063a7130_4461 .array/port v0x5611063a7130, 4461;
v0x5611063a7130_4462 .array/port v0x5611063a7130, 4462;
E_0x56110637b490/1115 .event anyedge, v0x5611063a7130_4459, v0x5611063a7130_4460, v0x5611063a7130_4461, v0x5611063a7130_4462;
v0x5611063a7130_4463 .array/port v0x5611063a7130, 4463;
v0x5611063a7130_4464 .array/port v0x5611063a7130, 4464;
v0x5611063a7130_4465 .array/port v0x5611063a7130, 4465;
v0x5611063a7130_4466 .array/port v0x5611063a7130, 4466;
E_0x56110637b490/1116 .event anyedge, v0x5611063a7130_4463, v0x5611063a7130_4464, v0x5611063a7130_4465, v0x5611063a7130_4466;
v0x5611063a7130_4467 .array/port v0x5611063a7130, 4467;
v0x5611063a7130_4468 .array/port v0x5611063a7130, 4468;
v0x5611063a7130_4469 .array/port v0x5611063a7130, 4469;
v0x5611063a7130_4470 .array/port v0x5611063a7130, 4470;
E_0x56110637b490/1117 .event anyedge, v0x5611063a7130_4467, v0x5611063a7130_4468, v0x5611063a7130_4469, v0x5611063a7130_4470;
v0x5611063a7130_4471 .array/port v0x5611063a7130, 4471;
v0x5611063a7130_4472 .array/port v0x5611063a7130, 4472;
v0x5611063a7130_4473 .array/port v0x5611063a7130, 4473;
v0x5611063a7130_4474 .array/port v0x5611063a7130, 4474;
E_0x56110637b490/1118 .event anyedge, v0x5611063a7130_4471, v0x5611063a7130_4472, v0x5611063a7130_4473, v0x5611063a7130_4474;
v0x5611063a7130_4475 .array/port v0x5611063a7130, 4475;
v0x5611063a7130_4476 .array/port v0x5611063a7130, 4476;
v0x5611063a7130_4477 .array/port v0x5611063a7130, 4477;
v0x5611063a7130_4478 .array/port v0x5611063a7130, 4478;
E_0x56110637b490/1119 .event anyedge, v0x5611063a7130_4475, v0x5611063a7130_4476, v0x5611063a7130_4477, v0x5611063a7130_4478;
v0x5611063a7130_4479 .array/port v0x5611063a7130, 4479;
v0x5611063a7130_4480 .array/port v0x5611063a7130, 4480;
v0x5611063a7130_4481 .array/port v0x5611063a7130, 4481;
v0x5611063a7130_4482 .array/port v0x5611063a7130, 4482;
E_0x56110637b490/1120 .event anyedge, v0x5611063a7130_4479, v0x5611063a7130_4480, v0x5611063a7130_4481, v0x5611063a7130_4482;
v0x5611063a7130_4483 .array/port v0x5611063a7130, 4483;
v0x5611063a7130_4484 .array/port v0x5611063a7130, 4484;
v0x5611063a7130_4485 .array/port v0x5611063a7130, 4485;
v0x5611063a7130_4486 .array/port v0x5611063a7130, 4486;
E_0x56110637b490/1121 .event anyedge, v0x5611063a7130_4483, v0x5611063a7130_4484, v0x5611063a7130_4485, v0x5611063a7130_4486;
v0x5611063a7130_4487 .array/port v0x5611063a7130, 4487;
v0x5611063a7130_4488 .array/port v0x5611063a7130, 4488;
v0x5611063a7130_4489 .array/port v0x5611063a7130, 4489;
v0x5611063a7130_4490 .array/port v0x5611063a7130, 4490;
E_0x56110637b490/1122 .event anyedge, v0x5611063a7130_4487, v0x5611063a7130_4488, v0x5611063a7130_4489, v0x5611063a7130_4490;
v0x5611063a7130_4491 .array/port v0x5611063a7130, 4491;
v0x5611063a7130_4492 .array/port v0x5611063a7130, 4492;
v0x5611063a7130_4493 .array/port v0x5611063a7130, 4493;
v0x5611063a7130_4494 .array/port v0x5611063a7130, 4494;
E_0x56110637b490/1123 .event anyedge, v0x5611063a7130_4491, v0x5611063a7130_4492, v0x5611063a7130_4493, v0x5611063a7130_4494;
v0x5611063a7130_4495 .array/port v0x5611063a7130, 4495;
v0x5611063a7130_4496 .array/port v0x5611063a7130, 4496;
v0x5611063a7130_4497 .array/port v0x5611063a7130, 4497;
v0x5611063a7130_4498 .array/port v0x5611063a7130, 4498;
E_0x56110637b490/1124 .event anyedge, v0x5611063a7130_4495, v0x5611063a7130_4496, v0x5611063a7130_4497, v0x5611063a7130_4498;
v0x5611063a7130_4499 .array/port v0x5611063a7130, 4499;
v0x5611063a7130_4500 .array/port v0x5611063a7130, 4500;
v0x5611063a7130_4501 .array/port v0x5611063a7130, 4501;
v0x5611063a7130_4502 .array/port v0x5611063a7130, 4502;
E_0x56110637b490/1125 .event anyedge, v0x5611063a7130_4499, v0x5611063a7130_4500, v0x5611063a7130_4501, v0x5611063a7130_4502;
v0x5611063a7130_4503 .array/port v0x5611063a7130, 4503;
v0x5611063a7130_4504 .array/port v0x5611063a7130, 4504;
v0x5611063a7130_4505 .array/port v0x5611063a7130, 4505;
v0x5611063a7130_4506 .array/port v0x5611063a7130, 4506;
E_0x56110637b490/1126 .event anyedge, v0x5611063a7130_4503, v0x5611063a7130_4504, v0x5611063a7130_4505, v0x5611063a7130_4506;
v0x5611063a7130_4507 .array/port v0x5611063a7130, 4507;
v0x5611063a7130_4508 .array/port v0x5611063a7130, 4508;
v0x5611063a7130_4509 .array/port v0x5611063a7130, 4509;
v0x5611063a7130_4510 .array/port v0x5611063a7130, 4510;
E_0x56110637b490/1127 .event anyedge, v0x5611063a7130_4507, v0x5611063a7130_4508, v0x5611063a7130_4509, v0x5611063a7130_4510;
v0x5611063a7130_4511 .array/port v0x5611063a7130, 4511;
v0x5611063a7130_4512 .array/port v0x5611063a7130, 4512;
v0x5611063a7130_4513 .array/port v0x5611063a7130, 4513;
v0x5611063a7130_4514 .array/port v0x5611063a7130, 4514;
E_0x56110637b490/1128 .event anyedge, v0x5611063a7130_4511, v0x5611063a7130_4512, v0x5611063a7130_4513, v0x5611063a7130_4514;
v0x5611063a7130_4515 .array/port v0x5611063a7130, 4515;
v0x5611063a7130_4516 .array/port v0x5611063a7130, 4516;
v0x5611063a7130_4517 .array/port v0x5611063a7130, 4517;
v0x5611063a7130_4518 .array/port v0x5611063a7130, 4518;
E_0x56110637b490/1129 .event anyedge, v0x5611063a7130_4515, v0x5611063a7130_4516, v0x5611063a7130_4517, v0x5611063a7130_4518;
v0x5611063a7130_4519 .array/port v0x5611063a7130, 4519;
v0x5611063a7130_4520 .array/port v0x5611063a7130, 4520;
v0x5611063a7130_4521 .array/port v0x5611063a7130, 4521;
v0x5611063a7130_4522 .array/port v0x5611063a7130, 4522;
E_0x56110637b490/1130 .event anyedge, v0x5611063a7130_4519, v0x5611063a7130_4520, v0x5611063a7130_4521, v0x5611063a7130_4522;
v0x5611063a7130_4523 .array/port v0x5611063a7130, 4523;
v0x5611063a7130_4524 .array/port v0x5611063a7130, 4524;
v0x5611063a7130_4525 .array/port v0x5611063a7130, 4525;
v0x5611063a7130_4526 .array/port v0x5611063a7130, 4526;
E_0x56110637b490/1131 .event anyedge, v0x5611063a7130_4523, v0x5611063a7130_4524, v0x5611063a7130_4525, v0x5611063a7130_4526;
v0x5611063a7130_4527 .array/port v0x5611063a7130, 4527;
v0x5611063a7130_4528 .array/port v0x5611063a7130, 4528;
v0x5611063a7130_4529 .array/port v0x5611063a7130, 4529;
v0x5611063a7130_4530 .array/port v0x5611063a7130, 4530;
E_0x56110637b490/1132 .event anyedge, v0x5611063a7130_4527, v0x5611063a7130_4528, v0x5611063a7130_4529, v0x5611063a7130_4530;
v0x5611063a7130_4531 .array/port v0x5611063a7130, 4531;
v0x5611063a7130_4532 .array/port v0x5611063a7130, 4532;
v0x5611063a7130_4533 .array/port v0x5611063a7130, 4533;
v0x5611063a7130_4534 .array/port v0x5611063a7130, 4534;
E_0x56110637b490/1133 .event anyedge, v0x5611063a7130_4531, v0x5611063a7130_4532, v0x5611063a7130_4533, v0x5611063a7130_4534;
v0x5611063a7130_4535 .array/port v0x5611063a7130, 4535;
v0x5611063a7130_4536 .array/port v0x5611063a7130, 4536;
v0x5611063a7130_4537 .array/port v0x5611063a7130, 4537;
v0x5611063a7130_4538 .array/port v0x5611063a7130, 4538;
E_0x56110637b490/1134 .event anyedge, v0x5611063a7130_4535, v0x5611063a7130_4536, v0x5611063a7130_4537, v0x5611063a7130_4538;
v0x5611063a7130_4539 .array/port v0x5611063a7130, 4539;
v0x5611063a7130_4540 .array/port v0x5611063a7130, 4540;
v0x5611063a7130_4541 .array/port v0x5611063a7130, 4541;
v0x5611063a7130_4542 .array/port v0x5611063a7130, 4542;
E_0x56110637b490/1135 .event anyedge, v0x5611063a7130_4539, v0x5611063a7130_4540, v0x5611063a7130_4541, v0x5611063a7130_4542;
v0x5611063a7130_4543 .array/port v0x5611063a7130, 4543;
v0x5611063a7130_4544 .array/port v0x5611063a7130, 4544;
v0x5611063a7130_4545 .array/port v0x5611063a7130, 4545;
v0x5611063a7130_4546 .array/port v0x5611063a7130, 4546;
E_0x56110637b490/1136 .event anyedge, v0x5611063a7130_4543, v0x5611063a7130_4544, v0x5611063a7130_4545, v0x5611063a7130_4546;
v0x5611063a7130_4547 .array/port v0x5611063a7130, 4547;
v0x5611063a7130_4548 .array/port v0x5611063a7130, 4548;
v0x5611063a7130_4549 .array/port v0x5611063a7130, 4549;
v0x5611063a7130_4550 .array/port v0x5611063a7130, 4550;
E_0x56110637b490/1137 .event anyedge, v0x5611063a7130_4547, v0x5611063a7130_4548, v0x5611063a7130_4549, v0x5611063a7130_4550;
v0x5611063a7130_4551 .array/port v0x5611063a7130, 4551;
v0x5611063a7130_4552 .array/port v0x5611063a7130, 4552;
v0x5611063a7130_4553 .array/port v0x5611063a7130, 4553;
v0x5611063a7130_4554 .array/port v0x5611063a7130, 4554;
E_0x56110637b490/1138 .event anyedge, v0x5611063a7130_4551, v0x5611063a7130_4552, v0x5611063a7130_4553, v0x5611063a7130_4554;
v0x5611063a7130_4555 .array/port v0x5611063a7130, 4555;
v0x5611063a7130_4556 .array/port v0x5611063a7130, 4556;
v0x5611063a7130_4557 .array/port v0x5611063a7130, 4557;
v0x5611063a7130_4558 .array/port v0x5611063a7130, 4558;
E_0x56110637b490/1139 .event anyedge, v0x5611063a7130_4555, v0x5611063a7130_4556, v0x5611063a7130_4557, v0x5611063a7130_4558;
v0x5611063a7130_4559 .array/port v0x5611063a7130, 4559;
v0x5611063a7130_4560 .array/port v0x5611063a7130, 4560;
v0x5611063a7130_4561 .array/port v0x5611063a7130, 4561;
v0x5611063a7130_4562 .array/port v0x5611063a7130, 4562;
E_0x56110637b490/1140 .event anyedge, v0x5611063a7130_4559, v0x5611063a7130_4560, v0x5611063a7130_4561, v0x5611063a7130_4562;
v0x5611063a7130_4563 .array/port v0x5611063a7130, 4563;
v0x5611063a7130_4564 .array/port v0x5611063a7130, 4564;
v0x5611063a7130_4565 .array/port v0x5611063a7130, 4565;
v0x5611063a7130_4566 .array/port v0x5611063a7130, 4566;
E_0x56110637b490/1141 .event anyedge, v0x5611063a7130_4563, v0x5611063a7130_4564, v0x5611063a7130_4565, v0x5611063a7130_4566;
v0x5611063a7130_4567 .array/port v0x5611063a7130, 4567;
v0x5611063a7130_4568 .array/port v0x5611063a7130, 4568;
v0x5611063a7130_4569 .array/port v0x5611063a7130, 4569;
v0x5611063a7130_4570 .array/port v0x5611063a7130, 4570;
E_0x56110637b490/1142 .event anyedge, v0x5611063a7130_4567, v0x5611063a7130_4568, v0x5611063a7130_4569, v0x5611063a7130_4570;
v0x5611063a7130_4571 .array/port v0x5611063a7130, 4571;
v0x5611063a7130_4572 .array/port v0x5611063a7130, 4572;
v0x5611063a7130_4573 .array/port v0x5611063a7130, 4573;
v0x5611063a7130_4574 .array/port v0x5611063a7130, 4574;
E_0x56110637b490/1143 .event anyedge, v0x5611063a7130_4571, v0x5611063a7130_4572, v0x5611063a7130_4573, v0x5611063a7130_4574;
v0x5611063a7130_4575 .array/port v0x5611063a7130, 4575;
v0x5611063a7130_4576 .array/port v0x5611063a7130, 4576;
v0x5611063a7130_4577 .array/port v0x5611063a7130, 4577;
v0x5611063a7130_4578 .array/port v0x5611063a7130, 4578;
E_0x56110637b490/1144 .event anyedge, v0x5611063a7130_4575, v0x5611063a7130_4576, v0x5611063a7130_4577, v0x5611063a7130_4578;
v0x5611063a7130_4579 .array/port v0x5611063a7130, 4579;
v0x5611063a7130_4580 .array/port v0x5611063a7130, 4580;
v0x5611063a7130_4581 .array/port v0x5611063a7130, 4581;
v0x5611063a7130_4582 .array/port v0x5611063a7130, 4582;
E_0x56110637b490/1145 .event anyedge, v0x5611063a7130_4579, v0x5611063a7130_4580, v0x5611063a7130_4581, v0x5611063a7130_4582;
v0x5611063a7130_4583 .array/port v0x5611063a7130, 4583;
v0x5611063a7130_4584 .array/port v0x5611063a7130, 4584;
v0x5611063a7130_4585 .array/port v0x5611063a7130, 4585;
v0x5611063a7130_4586 .array/port v0x5611063a7130, 4586;
E_0x56110637b490/1146 .event anyedge, v0x5611063a7130_4583, v0x5611063a7130_4584, v0x5611063a7130_4585, v0x5611063a7130_4586;
v0x5611063a7130_4587 .array/port v0x5611063a7130, 4587;
v0x5611063a7130_4588 .array/port v0x5611063a7130, 4588;
v0x5611063a7130_4589 .array/port v0x5611063a7130, 4589;
v0x5611063a7130_4590 .array/port v0x5611063a7130, 4590;
E_0x56110637b490/1147 .event anyedge, v0x5611063a7130_4587, v0x5611063a7130_4588, v0x5611063a7130_4589, v0x5611063a7130_4590;
v0x5611063a7130_4591 .array/port v0x5611063a7130, 4591;
v0x5611063a7130_4592 .array/port v0x5611063a7130, 4592;
v0x5611063a7130_4593 .array/port v0x5611063a7130, 4593;
v0x5611063a7130_4594 .array/port v0x5611063a7130, 4594;
E_0x56110637b490/1148 .event anyedge, v0x5611063a7130_4591, v0x5611063a7130_4592, v0x5611063a7130_4593, v0x5611063a7130_4594;
v0x5611063a7130_4595 .array/port v0x5611063a7130, 4595;
v0x5611063a7130_4596 .array/port v0x5611063a7130, 4596;
v0x5611063a7130_4597 .array/port v0x5611063a7130, 4597;
v0x5611063a7130_4598 .array/port v0x5611063a7130, 4598;
E_0x56110637b490/1149 .event anyedge, v0x5611063a7130_4595, v0x5611063a7130_4596, v0x5611063a7130_4597, v0x5611063a7130_4598;
v0x5611063a7130_4599 .array/port v0x5611063a7130, 4599;
v0x5611063a7130_4600 .array/port v0x5611063a7130, 4600;
v0x5611063a7130_4601 .array/port v0x5611063a7130, 4601;
v0x5611063a7130_4602 .array/port v0x5611063a7130, 4602;
E_0x56110637b490/1150 .event anyedge, v0x5611063a7130_4599, v0x5611063a7130_4600, v0x5611063a7130_4601, v0x5611063a7130_4602;
v0x5611063a7130_4603 .array/port v0x5611063a7130, 4603;
v0x5611063a7130_4604 .array/port v0x5611063a7130, 4604;
v0x5611063a7130_4605 .array/port v0x5611063a7130, 4605;
v0x5611063a7130_4606 .array/port v0x5611063a7130, 4606;
E_0x56110637b490/1151 .event anyedge, v0x5611063a7130_4603, v0x5611063a7130_4604, v0x5611063a7130_4605, v0x5611063a7130_4606;
v0x5611063a7130_4607 .array/port v0x5611063a7130, 4607;
v0x5611063a7130_4608 .array/port v0x5611063a7130, 4608;
v0x5611063a7130_4609 .array/port v0x5611063a7130, 4609;
v0x5611063a7130_4610 .array/port v0x5611063a7130, 4610;
E_0x56110637b490/1152 .event anyedge, v0x5611063a7130_4607, v0x5611063a7130_4608, v0x5611063a7130_4609, v0x5611063a7130_4610;
v0x5611063a7130_4611 .array/port v0x5611063a7130, 4611;
v0x5611063a7130_4612 .array/port v0x5611063a7130, 4612;
v0x5611063a7130_4613 .array/port v0x5611063a7130, 4613;
v0x5611063a7130_4614 .array/port v0x5611063a7130, 4614;
E_0x56110637b490/1153 .event anyedge, v0x5611063a7130_4611, v0x5611063a7130_4612, v0x5611063a7130_4613, v0x5611063a7130_4614;
v0x5611063a7130_4615 .array/port v0x5611063a7130, 4615;
v0x5611063a7130_4616 .array/port v0x5611063a7130, 4616;
v0x5611063a7130_4617 .array/port v0x5611063a7130, 4617;
v0x5611063a7130_4618 .array/port v0x5611063a7130, 4618;
E_0x56110637b490/1154 .event anyedge, v0x5611063a7130_4615, v0x5611063a7130_4616, v0x5611063a7130_4617, v0x5611063a7130_4618;
v0x5611063a7130_4619 .array/port v0x5611063a7130, 4619;
v0x5611063a7130_4620 .array/port v0x5611063a7130, 4620;
v0x5611063a7130_4621 .array/port v0x5611063a7130, 4621;
v0x5611063a7130_4622 .array/port v0x5611063a7130, 4622;
E_0x56110637b490/1155 .event anyedge, v0x5611063a7130_4619, v0x5611063a7130_4620, v0x5611063a7130_4621, v0x5611063a7130_4622;
v0x5611063a7130_4623 .array/port v0x5611063a7130, 4623;
v0x5611063a7130_4624 .array/port v0x5611063a7130, 4624;
v0x5611063a7130_4625 .array/port v0x5611063a7130, 4625;
v0x5611063a7130_4626 .array/port v0x5611063a7130, 4626;
E_0x56110637b490/1156 .event anyedge, v0x5611063a7130_4623, v0x5611063a7130_4624, v0x5611063a7130_4625, v0x5611063a7130_4626;
v0x5611063a7130_4627 .array/port v0x5611063a7130, 4627;
v0x5611063a7130_4628 .array/port v0x5611063a7130, 4628;
v0x5611063a7130_4629 .array/port v0x5611063a7130, 4629;
v0x5611063a7130_4630 .array/port v0x5611063a7130, 4630;
E_0x56110637b490/1157 .event anyedge, v0x5611063a7130_4627, v0x5611063a7130_4628, v0x5611063a7130_4629, v0x5611063a7130_4630;
v0x5611063a7130_4631 .array/port v0x5611063a7130, 4631;
v0x5611063a7130_4632 .array/port v0x5611063a7130, 4632;
v0x5611063a7130_4633 .array/port v0x5611063a7130, 4633;
v0x5611063a7130_4634 .array/port v0x5611063a7130, 4634;
E_0x56110637b490/1158 .event anyedge, v0x5611063a7130_4631, v0x5611063a7130_4632, v0x5611063a7130_4633, v0x5611063a7130_4634;
v0x5611063a7130_4635 .array/port v0x5611063a7130, 4635;
v0x5611063a7130_4636 .array/port v0x5611063a7130, 4636;
v0x5611063a7130_4637 .array/port v0x5611063a7130, 4637;
v0x5611063a7130_4638 .array/port v0x5611063a7130, 4638;
E_0x56110637b490/1159 .event anyedge, v0x5611063a7130_4635, v0x5611063a7130_4636, v0x5611063a7130_4637, v0x5611063a7130_4638;
v0x5611063a7130_4639 .array/port v0x5611063a7130, 4639;
v0x5611063a7130_4640 .array/port v0x5611063a7130, 4640;
v0x5611063a7130_4641 .array/port v0x5611063a7130, 4641;
v0x5611063a7130_4642 .array/port v0x5611063a7130, 4642;
E_0x56110637b490/1160 .event anyedge, v0x5611063a7130_4639, v0x5611063a7130_4640, v0x5611063a7130_4641, v0x5611063a7130_4642;
v0x5611063a7130_4643 .array/port v0x5611063a7130, 4643;
v0x5611063a7130_4644 .array/port v0x5611063a7130, 4644;
v0x5611063a7130_4645 .array/port v0x5611063a7130, 4645;
v0x5611063a7130_4646 .array/port v0x5611063a7130, 4646;
E_0x56110637b490/1161 .event anyedge, v0x5611063a7130_4643, v0x5611063a7130_4644, v0x5611063a7130_4645, v0x5611063a7130_4646;
v0x5611063a7130_4647 .array/port v0x5611063a7130, 4647;
v0x5611063a7130_4648 .array/port v0x5611063a7130, 4648;
v0x5611063a7130_4649 .array/port v0x5611063a7130, 4649;
v0x5611063a7130_4650 .array/port v0x5611063a7130, 4650;
E_0x56110637b490/1162 .event anyedge, v0x5611063a7130_4647, v0x5611063a7130_4648, v0x5611063a7130_4649, v0x5611063a7130_4650;
v0x5611063a7130_4651 .array/port v0x5611063a7130, 4651;
v0x5611063a7130_4652 .array/port v0x5611063a7130, 4652;
v0x5611063a7130_4653 .array/port v0x5611063a7130, 4653;
v0x5611063a7130_4654 .array/port v0x5611063a7130, 4654;
E_0x56110637b490/1163 .event anyedge, v0x5611063a7130_4651, v0x5611063a7130_4652, v0x5611063a7130_4653, v0x5611063a7130_4654;
v0x5611063a7130_4655 .array/port v0x5611063a7130, 4655;
v0x5611063a7130_4656 .array/port v0x5611063a7130, 4656;
v0x5611063a7130_4657 .array/port v0x5611063a7130, 4657;
v0x5611063a7130_4658 .array/port v0x5611063a7130, 4658;
E_0x56110637b490/1164 .event anyedge, v0x5611063a7130_4655, v0x5611063a7130_4656, v0x5611063a7130_4657, v0x5611063a7130_4658;
v0x5611063a7130_4659 .array/port v0x5611063a7130, 4659;
v0x5611063a7130_4660 .array/port v0x5611063a7130, 4660;
v0x5611063a7130_4661 .array/port v0x5611063a7130, 4661;
v0x5611063a7130_4662 .array/port v0x5611063a7130, 4662;
E_0x56110637b490/1165 .event anyedge, v0x5611063a7130_4659, v0x5611063a7130_4660, v0x5611063a7130_4661, v0x5611063a7130_4662;
v0x5611063a7130_4663 .array/port v0x5611063a7130, 4663;
v0x5611063a7130_4664 .array/port v0x5611063a7130, 4664;
v0x5611063a7130_4665 .array/port v0x5611063a7130, 4665;
v0x5611063a7130_4666 .array/port v0x5611063a7130, 4666;
E_0x56110637b490/1166 .event anyedge, v0x5611063a7130_4663, v0x5611063a7130_4664, v0x5611063a7130_4665, v0x5611063a7130_4666;
v0x5611063a7130_4667 .array/port v0x5611063a7130, 4667;
v0x5611063a7130_4668 .array/port v0x5611063a7130, 4668;
v0x5611063a7130_4669 .array/port v0x5611063a7130, 4669;
v0x5611063a7130_4670 .array/port v0x5611063a7130, 4670;
E_0x56110637b490/1167 .event anyedge, v0x5611063a7130_4667, v0x5611063a7130_4668, v0x5611063a7130_4669, v0x5611063a7130_4670;
v0x5611063a7130_4671 .array/port v0x5611063a7130, 4671;
v0x5611063a7130_4672 .array/port v0x5611063a7130, 4672;
v0x5611063a7130_4673 .array/port v0x5611063a7130, 4673;
v0x5611063a7130_4674 .array/port v0x5611063a7130, 4674;
E_0x56110637b490/1168 .event anyedge, v0x5611063a7130_4671, v0x5611063a7130_4672, v0x5611063a7130_4673, v0x5611063a7130_4674;
v0x5611063a7130_4675 .array/port v0x5611063a7130, 4675;
v0x5611063a7130_4676 .array/port v0x5611063a7130, 4676;
v0x5611063a7130_4677 .array/port v0x5611063a7130, 4677;
v0x5611063a7130_4678 .array/port v0x5611063a7130, 4678;
E_0x56110637b490/1169 .event anyedge, v0x5611063a7130_4675, v0x5611063a7130_4676, v0x5611063a7130_4677, v0x5611063a7130_4678;
v0x5611063a7130_4679 .array/port v0x5611063a7130, 4679;
v0x5611063a7130_4680 .array/port v0x5611063a7130, 4680;
v0x5611063a7130_4681 .array/port v0x5611063a7130, 4681;
v0x5611063a7130_4682 .array/port v0x5611063a7130, 4682;
E_0x56110637b490/1170 .event anyedge, v0x5611063a7130_4679, v0x5611063a7130_4680, v0x5611063a7130_4681, v0x5611063a7130_4682;
v0x5611063a7130_4683 .array/port v0x5611063a7130, 4683;
v0x5611063a7130_4684 .array/port v0x5611063a7130, 4684;
v0x5611063a7130_4685 .array/port v0x5611063a7130, 4685;
v0x5611063a7130_4686 .array/port v0x5611063a7130, 4686;
E_0x56110637b490/1171 .event anyedge, v0x5611063a7130_4683, v0x5611063a7130_4684, v0x5611063a7130_4685, v0x5611063a7130_4686;
v0x5611063a7130_4687 .array/port v0x5611063a7130, 4687;
v0x5611063a7130_4688 .array/port v0x5611063a7130, 4688;
v0x5611063a7130_4689 .array/port v0x5611063a7130, 4689;
v0x5611063a7130_4690 .array/port v0x5611063a7130, 4690;
E_0x56110637b490/1172 .event anyedge, v0x5611063a7130_4687, v0x5611063a7130_4688, v0x5611063a7130_4689, v0x5611063a7130_4690;
v0x5611063a7130_4691 .array/port v0x5611063a7130, 4691;
v0x5611063a7130_4692 .array/port v0x5611063a7130, 4692;
v0x5611063a7130_4693 .array/port v0x5611063a7130, 4693;
v0x5611063a7130_4694 .array/port v0x5611063a7130, 4694;
E_0x56110637b490/1173 .event anyedge, v0x5611063a7130_4691, v0x5611063a7130_4692, v0x5611063a7130_4693, v0x5611063a7130_4694;
v0x5611063a7130_4695 .array/port v0x5611063a7130, 4695;
v0x5611063a7130_4696 .array/port v0x5611063a7130, 4696;
v0x5611063a7130_4697 .array/port v0x5611063a7130, 4697;
v0x5611063a7130_4698 .array/port v0x5611063a7130, 4698;
E_0x56110637b490/1174 .event anyedge, v0x5611063a7130_4695, v0x5611063a7130_4696, v0x5611063a7130_4697, v0x5611063a7130_4698;
v0x5611063a7130_4699 .array/port v0x5611063a7130, 4699;
v0x5611063a7130_4700 .array/port v0x5611063a7130, 4700;
v0x5611063a7130_4701 .array/port v0x5611063a7130, 4701;
v0x5611063a7130_4702 .array/port v0x5611063a7130, 4702;
E_0x56110637b490/1175 .event anyedge, v0x5611063a7130_4699, v0x5611063a7130_4700, v0x5611063a7130_4701, v0x5611063a7130_4702;
v0x5611063a7130_4703 .array/port v0x5611063a7130, 4703;
v0x5611063a7130_4704 .array/port v0x5611063a7130, 4704;
v0x5611063a7130_4705 .array/port v0x5611063a7130, 4705;
v0x5611063a7130_4706 .array/port v0x5611063a7130, 4706;
E_0x56110637b490/1176 .event anyedge, v0x5611063a7130_4703, v0x5611063a7130_4704, v0x5611063a7130_4705, v0x5611063a7130_4706;
v0x5611063a7130_4707 .array/port v0x5611063a7130, 4707;
v0x5611063a7130_4708 .array/port v0x5611063a7130, 4708;
v0x5611063a7130_4709 .array/port v0x5611063a7130, 4709;
v0x5611063a7130_4710 .array/port v0x5611063a7130, 4710;
E_0x56110637b490/1177 .event anyedge, v0x5611063a7130_4707, v0x5611063a7130_4708, v0x5611063a7130_4709, v0x5611063a7130_4710;
v0x5611063a7130_4711 .array/port v0x5611063a7130, 4711;
v0x5611063a7130_4712 .array/port v0x5611063a7130, 4712;
v0x5611063a7130_4713 .array/port v0x5611063a7130, 4713;
v0x5611063a7130_4714 .array/port v0x5611063a7130, 4714;
E_0x56110637b490/1178 .event anyedge, v0x5611063a7130_4711, v0x5611063a7130_4712, v0x5611063a7130_4713, v0x5611063a7130_4714;
v0x5611063a7130_4715 .array/port v0x5611063a7130, 4715;
v0x5611063a7130_4716 .array/port v0x5611063a7130, 4716;
v0x5611063a7130_4717 .array/port v0x5611063a7130, 4717;
v0x5611063a7130_4718 .array/port v0x5611063a7130, 4718;
E_0x56110637b490/1179 .event anyedge, v0x5611063a7130_4715, v0x5611063a7130_4716, v0x5611063a7130_4717, v0x5611063a7130_4718;
v0x5611063a7130_4719 .array/port v0x5611063a7130, 4719;
v0x5611063a7130_4720 .array/port v0x5611063a7130, 4720;
v0x5611063a7130_4721 .array/port v0x5611063a7130, 4721;
v0x5611063a7130_4722 .array/port v0x5611063a7130, 4722;
E_0x56110637b490/1180 .event anyedge, v0x5611063a7130_4719, v0x5611063a7130_4720, v0x5611063a7130_4721, v0x5611063a7130_4722;
v0x5611063a7130_4723 .array/port v0x5611063a7130, 4723;
v0x5611063a7130_4724 .array/port v0x5611063a7130, 4724;
v0x5611063a7130_4725 .array/port v0x5611063a7130, 4725;
v0x5611063a7130_4726 .array/port v0x5611063a7130, 4726;
E_0x56110637b490/1181 .event anyedge, v0x5611063a7130_4723, v0x5611063a7130_4724, v0x5611063a7130_4725, v0x5611063a7130_4726;
v0x5611063a7130_4727 .array/port v0x5611063a7130, 4727;
v0x5611063a7130_4728 .array/port v0x5611063a7130, 4728;
v0x5611063a7130_4729 .array/port v0x5611063a7130, 4729;
v0x5611063a7130_4730 .array/port v0x5611063a7130, 4730;
E_0x56110637b490/1182 .event anyedge, v0x5611063a7130_4727, v0x5611063a7130_4728, v0x5611063a7130_4729, v0x5611063a7130_4730;
v0x5611063a7130_4731 .array/port v0x5611063a7130, 4731;
v0x5611063a7130_4732 .array/port v0x5611063a7130, 4732;
v0x5611063a7130_4733 .array/port v0x5611063a7130, 4733;
v0x5611063a7130_4734 .array/port v0x5611063a7130, 4734;
E_0x56110637b490/1183 .event anyedge, v0x5611063a7130_4731, v0x5611063a7130_4732, v0x5611063a7130_4733, v0x5611063a7130_4734;
v0x5611063a7130_4735 .array/port v0x5611063a7130, 4735;
v0x5611063a7130_4736 .array/port v0x5611063a7130, 4736;
v0x5611063a7130_4737 .array/port v0x5611063a7130, 4737;
v0x5611063a7130_4738 .array/port v0x5611063a7130, 4738;
E_0x56110637b490/1184 .event anyedge, v0x5611063a7130_4735, v0x5611063a7130_4736, v0x5611063a7130_4737, v0x5611063a7130_4738;
v0x5611063a7130_4739 .array/port v0x5611063a7130, 4739;
v0x5611063a7130_4740 .array/port v0x5611063a7130, 4740;
v0x5611063a7130_4741 .array/port v0x5611063a7130, 4741;
v0x5611063a7130_4742 .array/port v0x5611063a7130, 4742;
E_0x56110637b490/1185 .event anyedge, v0x5611063a7130_4739, v0x5611063a7130_4740, v0x5611063a7130_4741, v0x5611063a7130_4742;
v0x5611063a7130_4743 .array/port v0x5611063a7130, 4743;
v0x5611063a7130_4744 .array/port v0x5611063a7130, 4744;
v0x5611063a7130_4745 .array/port v0x5611063a7130, 4745;
v0x5611063a7130_4746 .array/port v0x5611063a7130, 4746;
E_0x56110637b490/1186 .event anyedge, v0x5611063a7130_4743, v0x5611063a7130_4744, v0x5611063a7130_4745, v0x5611063a7130_4746;
v0x5611063a7130_4747 .array/port v0x5611063a7130, 4747;
v0x5611063a7130_4748 .array/port v0x5611063a7130, 4748;
v0x5611063a7130_4749 .array/port v0x5611063a7130, 4749;
v0x5611063a7130_4750 .array/port v0x5611063a7130, 4750;
E_0x56110637b490/1187 .event anyedge, v0x5611063a7130_4747, v0x5611063a7130_4748, v0x5611063a7130_4749, v0x5611063a7130_4750;
v0x5611063a7130_4751 .array/port v0x5611063a7130, 4751;
v0x5611063a7130_4752 .array/port v0x5611063a7130, 4752;
v0x5611063a7130_4753 .array/port v0x5611063a7130, 4753;
v0x5611063a7130_4754 .array/port v0x5611063a7130, 4754;
E_0x56110637b490/1188 .event anyedge, v0x5611063a7130_4751, v0x5611063a7130_4752, v0x5611063a7130_4753, v0x5611063a7130_4754;
v0x5611063a7130_4755 .array/port v0x5611063a7130, 4755;
v0x5611063a7130_4756 .array/port v0x5611063a7130, 4756;
v0x5611063a7130_4757 .array/port v0x5611063a7130, 4757;
v0x5611063a7130_4758 .array/port v0x5611063a7130, 4758;
E_0x56110637b490/1189 .event anyedge, v0x5611063a7130_4755, v0x5611063a7130_4756, v0x5611063a7130_4757, v0x5611063a7130_4758;
v0x5611063a7130_4759 .array/port v0x5611063a7130, 4759;
v0x5611063a7130_4760 .array/port v0x5611063a7130, 4760;
v0x5611063a7130_4761 .array/port v0x5611063a7130, 4761;
v0x5611063a7130_4762 .array/port v0x5611063a7130, 4762;
E_0x56110637b490/1190 .event anyedge, v0x5611063a7130_4759, v0x5611063a7130_4760, v0x5611063a7130_4761, v0x5611063a7130_4762;
v0x5611063a7130_4763 .array/port v0x5611063a7130, 4763;
v0x5611063a7130_4764 .array/port v0x5611063a7130, 4764;
v0x5611063a7130_4765 .array/port v0x5611063a7130, 4765;
v0x5611063a7130_4766 .array/port v0x5611063a7130, 4766;
E_0x56110637b490/1191 .event anyedge, v0x5611063a7130_4763, v0x5611063a7130_4764, v0x5611063a7130_4765, v0x5611063a7130_4766;
v0x5611063a7130_4767 .array/port v0x5611063a7130, 4767;
v0x5611063a7130_4768 .array/port v0x5611063a7130, 4768;
v0x5611063a7130_4769 .array/port v0x5611063a7130, 4769;
v0x5611063a7130_4770 .array/port v0x5611063a7130, 4770;
E_0x56110637b490/1192 .event anyedge, v0x5611063a7130_4767, v0x5611063a7130_4768, v0x5611063a7130_4769, v0x5611063a7130_4770;
v0x5611063a7130_4771 .array/port v0x5611063a7130, 4771;
v0x5611063a7130_4772 .array/port v0x5611063a7130, 4772;
v0x5611063a7130_4773 .array/port v0x5611063a7130, 4773;
v0x5611063a7130_4774 .array/port v0x5611063a7130, 4774;
E_0x56110637b490/1193 .event anyedge, v0x5611063a7130_4771, v0x5611063a7130_4772, v0x5611063a7130_4773, v0x5611063a7130_4774;
v0x5611063a7130_4775 .array/port v0x5611063a7130, 4775;
v0x5611063a7130_4776 .array/port v0x5611063a7130, 4776;
v0x5611063a7130_4777 .array/port v0x5611063a7130, 4777;
v0x5611063a7130_4778 .array/port v0x5611063a7130, 4778;
E_0x56110637b490/1194 .event anyedge, v0x5611063a7130_4775, v0x5611063a7130_4776, v0x5611063a7130_4777, v0x5611063a7130_4778;
v0x5611063a7130_4779 .array/port v0x5611063a7130, 4779;
v0x5611063a7130_4780 .array/port v0x5611063a7130, 4780;
v0x5611063a7130_4781 .array/port v0x5611063a7130, 4781;
v0x5611063a7130_4782 .array/port v0x5611063a7130, 4782;
E_0x56110637b490/1195 .event anyedge, v0x5611063a7130_4779, v0x5611063a7130_4780, v0x5611063a7130_4781, v0x5611063a7130_4782;
v0x5611063a7130_4783 .array/port v0x5611063a7130, 4783;
v0x5611063a7130_4784 .array/port v0x5611063a7130, 4784;
v0x5611063a7130_4785 .array/port v0x5611063a7130, 4785;
v0x5611063a7130_4786 .array/port v0x5611063a7130, 4786;
E_0x56110637b490/1196 .event anyedge, v0x5611063a7130_4783, v0x5611063a7130_4784, v0x5611063a7130_4785, v0x5611063a7130_4786;
v0x5611063a7130_4787 .array/port v0x5611063a7130, 4787;
v0x5611063a7130_4788 .array/port v0x5611063a7130, 4788;
v0x5611063a7130_4789 .array/port v0x5611063a7130, 4789;
v0x5611063a7130_4790 .array/port v0x5611063a7130, 4790;
E_0x56110637b490/1197 .event anyedge, v0x5611063a7130_4787, v0x5611063a7130_4788, v0x5611063a7130_4789, v0x5611063a7130_4790;
v0x5611063a7130_4791 .array/port v0x5611063a7130, 4791;
v0x5611063a7130_4792 .array/port v0x5611063a7130, 4792;
v0x5611063a7130_4793 .array/port v0x5611063a7130, 4793;
v0x5611063a7130_4794 .array/port v0x5611063a7130, 4794;
E_0x56110637b490/1198 .event anyedge, v0x5611063a7130_4791, v0x5611063a7130_4792, v0x5611063a7130_4793, v0x5611063a7130_4794;
v0x5611063a7130_4795 .array/port v0x5611063a7130, 4795;
v0x5611063a7130_4796 .array/port v0x5611063a7130, 4796;
v0x5611063a7130_4797 .array/port v0x5611063a7130, 4797;
v0x5611063a7130_4798 .array/port v0x5611063a7130, 4798;
E_0x56110637b490/1199 .event anyedge, v0x5611063a7130_4795, v0x5611063a7130_4796, v0x5611063a7130_4797, v0x5611063a7130_4798;
v0x5611063a7130_4799 .array/port v0x5611063a7130, 4799;
v0x5611063a7130_4800 .array/port v0x5611063a7130, 4800;
v0x5611063a7130_4801 .array/port v0x5611063a7130, 4801;
v0x5611063a7130_4802 .array/port v0x5611063a7130, 4802;
E_0x56110637b490/1200 .event anyedge, v0x5611063a7130_4799, v0x5611063a7130_4800, v0x5611063a7130_4801, v0x5611063a7130_4802;
v0x5611063a7130_4803 .array/port v0x5611063a7130, 4803;
v0x5611063a7130_4804 .array/port v0x5611063a7130, 4804;
v0x5611063a7130_4805 .array/port v0x5611063a7130, 4805;
v0x5611063a7130_4806 .array/port v0x5611063a7130, 4806;
E_0x56110637b490/1201 .event anyedge, v0x5611063a7130_4803, v0x5611063a7130_4804, v0x5611063a7130_4805, v0x5611063a7130_4806;
v0x5611063a7130_4807 .array/port v0x5611063a7130, 4807;
v0x5611063a7130_4808 .array/port v0x5611063a7130, 4808;
v0x5611063a7130_4809 .array/port v0x5611063a7130, 4809;
v0x5611063a7130_4810 .array/port v0x5611063a7130, 4810;
E_0x56110637b490/1202 .event anyedge, v0x5611063a7130_4807, v0x5611063a7130_4808, v0x5611063a7130_4809, v0x5611063a7130_4810;
v0x5611063a7130_4811 .array/port v0x5611063a7130, 4811;
v0x5611063a7130_4812 .array/port v0x5611063a7130, 4812;
v0x5611063a7130_4813 .array/port v0x5611063a7130, 4813;
v0x5611063a7130_4814 .array/port v0x5611063a7130, 4814;
E_0x56110637b490/1203 .event anyedge, v0x5611063a7130_4811, v0x5611063a7130_4812, v0x5611063a7130_4813, v0x5611063a7130_4814;
v0x5611063a7130_4815 .array/port v0x5611063a7130, 4815;
v0x5611063a7130_4816 .array/port v0x5611063a7130, 4816;
v0x5611063a7130_4817 .array/port v0x5611063a7130, 4817;
v0x5611063a7130_4818 .array/port v0x5611063a7130, 4818;
E_0x56110637b490/1204 .event anyedge, v0x5611063a7130_4815, v0x5611063a7130_4816, v0x5611063a7130_4817, v0x5611063a7130_4818;
v0x5611063a7130_4819 .array/port v0x5611063a7130, 4819;
v0x5611063a7130_4820 .array/port v0x5611063a7130, 4820;
v0x5611063a7130_4821 .array/port v0x5611063a7130, 4821;
v0x5611063a7130_4822 .array/port v0x5611063a7130, 4822;
E_0x56110637b490/1205 .event anyedge, v0x5611063a7130_4819, v0x5611063a7130_4820, v0x5611063a7130_4821, v0x5611063a7130_4822;
v0x5611063a7130_4823 .array/port v0x5611063a7130, 4823;
v0x5611063a7130_4824 .array/port v0x5611063a7130, 4824;
v0x5611063a7130_4825 .array/port v0x5611063a7130, 4825;
v0x5611063a7130_4826 .array/port v0x5611063a7130, 4826;
E_0x56110637b490/1206 .event anyedge, v0x5611063a7130_4823, v0x5611063a7130_4824, v0x5611063a7130_4825, v0x5611063a7130_4826;
v0x5611063a7130_4827 .array/port v0x5611063a7130, 4827;
v0x5611063a7130_4828 .array/port v0x5611063a7130, 4828;
v0x5611063a7130_4829 .array/port v0x5611063a7130, 4829;
v0x5611063a7130_4830 .array/port v0x5611063a7130, 4830;
E_0x56110637b490/1207 .event anyedge, v0x5611063a7130_4827, v0x5611063a7130_4828, v0x5611063a7130_4829, v0x5611063a7130_4830;
v0x5611063a7130_4831 .array/port v0x5611063a7130, 4831;
v0x5611063a7130_4832 .array/port v0x5611063a7130, 4832;
v0x5611063a7130_4833 .array/port v0x5611063a7130, 4833;
v0x5611063a7130_4834 .array/port v0x5611063a7130, 4834;
E_0x56110637b490/1208 .event anyedge, v0x5611063a7130_4831, v0x5611063a7130_4832, v0x5611063a7130_4833, v0x5611063a7130_4834;
v0x5611063a7130_4835 .array/port v0x5611063a7130, 4835;
v0x5611063a7130_4836 .array/port v0x5611063a7130, 4836;
v0x5611063a7130_4837 .array/port v0x5611063a7130, 4837;
v0x5611063a7130_4838 .array/port v0x5611063a7130, 4838;
E_0x56110637b490/1209 .event anyedge, v0x5611063a7130_4835, v0x5611063a7130_4836, v0x5611063a7130_4837, v0x5611063a7130_4838;
v0x5611063a7130_4839 .array/port v0x5611063a7130, 4839;
v0x5611063a7130_4840 .array/port v0x5611063a7130, 4840;
v0x5611063a7130_4841 .array/port v0x5611063a7130, 4841;
v0x5611063a7130_4842 .array/port v0x5611063a7130, 4842;
E_0x56110637b490/1210 .event anyedge, v0x5611063a7130_4839, v0x5611063a7130_4840, v0x5611063a7130_4841, v0x5611063a7130_4842;
v0x5611063a7130_4843 .array/port v0x5611063a7130, 4843;
v0x5611063a7130_4844 .array/port v0x5611063a7130, 4844;
v0x5611063a7130_4845 .array/port v0x5611063a7130, 4845;
v0x5611063a7130_4846 .array/port v0x5611063a7130, 4846;
E_0x56110637b490/1211 .event anyedge, v0x5611063a7130_4843, v0x5611063a7130_4844, v0x5611063a7130_4845, v0x5611063a7130_4846;
v0x5611063a7130_4847 .array/port v0x5611063a7130, 4847;
v0x5611063a7130_4848 .array/port v0x5611063a7130, 4848;
v0x5611063a7130_4849 .array/port v0x5611063a7130, 4849;
v0x5611063a7130_4850 .array/port v0x5611063a7130, 4850;
E_0x56110637b490/1212 .event anyedge, v0x5611063a7130_4847, v0x5611063a7130_4848, v0x5611063a7130_4849, v0x5611063a7130_4850;
v0x5611063a7130_4851 .array/port v0x5611063a7130, 4851;
v0x5611063a7130_4852 .array/port v0x5611063a7130, 4852;
v0x5611063a7130_4853 .array/port v0x5611063a7130, 4853;
v0x5611063a7130_4854 .array/port v0x5611063a7130, 4854;
E_0x56110637b490/1213 .event anyedge, v0x5611063a7130_4851, v0x5611063a7130_4852, v0x5611063a7130_4853, v0x5611063a7130_4854;
v0x5611063a7130_4855 .array/port v0x5611063a7130, 4855;
v0x5611063a7130_4856 .array/port v0x5611063a7130, 4856;
v0x5611063a7130_4857 .array/port v0x5611063a7130, 4857;
v0x5611063a7130_4858 .array/port v0x5611063a7130, 4858;
E_0x56110637b490/1214 .event anyedge, v0x5611063a7130_4855, v0x5611063a7130_4856, v0x5611063a7130_4857, v0x5611063a7130_4858;
v0x5611063a7130_4859 .array/port v0x5611063a7130, 4859;
v0x5611063a7130_4860 .array/port v0x5611063a7130, 4860;
v0x5611063a7130_4861 .array/port v0x5611063a7130, 4861;
v0x5611063a7130_4862 .array/port v0x5611063a7130, 4862;
E_0x56110637b490/1215 .event anyedge, v0x5611063a7130_4859, v0x5611063a7130_4860, v0x5611063a7130_4861, v0x5611063a7130_4862;
v0x5611063a7130_4863 .array/port v0x5611063a7130, 4863;
v0x5611063a7130_4864 .array/port v0x5611063a7130, 4864;
v0x5611063a7130_4865 .array/port v0x5611063a7130, 4865;
v0x5611063a7130_4866 .array/port v0x5611063a7130, 4866;
E_0x56110637b490/1216 .event anyedge, v0x5611063a7130_4863, v0x5611063a7130_4864, v0x5611063a7130_4865, v0x5611063a7130_4866;
v0x5611063a7130_4867 .array/port v0x5611063a7130, 4867;
v0x5611063a7130_4868 .array/port v0x5611063a7130, 4868;
v0x5611063a7130_4869 .array/port v0x5611063a7130, 4869;
v0x5611063a7130_4870 .array/port v0x5611063a7130, 4870;
E_0x56110637b490/1217 .event anyedge, v0x5611063a7130_4867, v0x5611063a7130_4868, v0x5611063a7130_4869, v0x5611063a7130_4870;
v0x5611063a7130_4871 .array/port v0x5611063a7130, 4871;
v0x5611063a7130_4872 .array/port v0x5611063a7130, 4872;
v0x5611063a7130_4873 .array/port v0x5611063a7130, 4873;
v0x5611063a7130_4874 .array/port v0x5611063a7130, 4874;
E_0x56110637b490/1218 .event anyedge, v0x5611063a7130_4871, v0x5611063a7130_4872, v0x5611063a7130_4873, v0x5611063a7130_4874;
v0x5611063a7130_4875 .array/port v0x5611063a7130, 4875;
v0x5611063a7130_4876 .array/port v0x5611063a7130, 4876;
v0x5611063a7130_4877 .array/port v0x5611063a7130, 4877;
v0x5611063a7130_4878 .array/port v0x5611063a7130, 4878;
E_0x56110637b490/1219 .event anyedge, v0x5611063a7130_4875, v0x5611063a7130_4876, v0x5611063a7130_4877, v0x5611063a7130_4878;
v0x5611063a7130_4879 .array/port v0x5611063a7130, 4879;
v0x5611063a7130_4880 .array/port v0x5611063a7130, 4880;
v0x5611063a7130_4881 .array/port v0x5611063a7130, 4881;
v0x5611063a7130_4882 .array/port v0x5611063a7130, 4882;
E_0x56110637b490/1220 .event anyedge, v0x5611063a7130_4879, v0x5611063a7130_4880, v0x5611063a7130_4881, v0x5611063a7130_4882;
v0x5611063a7130_4883 .array/port v0x5611063a7130, 4883;
v0x5611063a7130_4884 .array/port v0x5611063a7130, 4884;
v0x5611063a7130_4885 .array/port v0x5611063a7130, 4885;
v0x5611063a7130_4886 .array/port v0x5611063a7130, 4886;
E_0x56110637b490/1221 .event anyedge, v0x5611063a7130_4883, v0x5611063a7130_4884, v0x5611063a7130_4885, v0x5611063a7130_4886;
v0x5611063a7130_4887 .array/port v0x5611063a7130, 4887;
v0x5611063a7130_4888 .array/port v0x5611063a7130, 4888;
v0x5611063a7130_4889 .array/port v0x5611063a7130, 4889;
v0x5611063a7130_4890 .array/port v0x5611063a7130, 4890;
E_0x56110637b490/1222 .event anyedge, v0x5611063a7130_4887, v0x5611063a7130_4888, v0x5611063a7130_4889, v0x5611063a7130_4890;
v0x5611063a7130_4891 .array/port v0x5611063a7130, 4891;
v0x5611063a7130_4892 .array/port v0x5611063a7130, 4892;
v0x5611063a7130_4893 .array/port v0x5611063a7130, 4893;
v0x5611063a7130_4894 .array/port v0x5611063a7130, 4894;
E_0x56110637b490/1223 .event anyedge, v0x5611063a7130_4891, v0x5611063a7130_4892, v0x5611063a7130_4893, v0x5611063a7130_4894;
v0x5611063a7130_4895 .array/port v0x5611063a7130, 4895;
v0x5611063a7130_4896 .array/port v0x5611063a7130, 4896;
v0x5611063a7130_4897 .array/port v0x5611063a7130, 4897;
v0x5611063a7130_4898 .array/port v0x5611063a7130, 4898;
E_0x56110637b490/1224 .event anyedge, v0x5611063a7130_4895, v0x5611063a7130_4896, v0x5611063a7130_4897, v0x5611063a7130_4898;
v0x5611063a7130_4899 .array/port v0x5611063a7130, 4899;
v0x5611063a7130_4900 .array/port v0x5611063a7130, 4900;
v0x5611063a7130_4901 .array/port v0x5611063a7130, 4901;
v0x5611063a7130_4902 .array/port v0x5611063a7130, 4902;
E_0x56110637b490/1225 .event anyedge, v0x5611063a7130_4899, v0x5611063a7130_4900, v0x5611063a7130_4901, v0x5611063a7130_4902;
v0x5611063a7130_4903 .array/port v0x5611063a7130, 4903;
v0x5611063a7130_4904 .array/port v0x5611063a7130, 4904;
v0x5611063a7130_4905 .array/port v0x5611063a7130, 4905;
v0x5611063a7130_4906 .array/port v0x5611063a7130, 4906;
E_0x56110637b490/1226 .event anyedge, v0x5611063a7130_4903, v0x5611063a7130_4904, v0x5611063a7130_4905, v0x5611063a7130_4906;
v0x5611063a7130_4907 .array/port v0x5611063a7130, 4907;
v0x5611063a7130_4908 .array/port v0x5611063a7130, 4908;
v0x5611063a7130_4909 .array/port v0x5611063a7130, 4909;
v0x5611063a7130_4910 .array/port v0x5611063a7130, 4910;
E_0x56110637b490/1227 .event anyedge, v0x5611063a7130_4907, v0x5611063a7130_4908, v0x5611063a7130_4909, v0x5611063a7130_4910;
v0x5611063a7130_4911 .array/port v0x5611063a7130, 4911;
v0x5611063a7130_4912 .array/port v0x5611063a7130, 4912;
v0x5611063a7130_4913 .array/port v0x5611063a7130, 4913;
v0x5611063a7130_4914 .array/port v0x5611063a7130, 4914;
E_0x56110637b490/1228 .event anyedge, v0x5611063a7130_4911, v0x5611063a7130_4912, v0x5611063a7130_4913, v0x5611063a7130_4914;
v0x5611063a7130_4915 .array/port v0x5611063a7130, 4915;
v0x5611063a7130_4916 .array/port v0x5611063a7130, 4916;
v0x5611063a7130_4917 .array/port v0x5611063a7130, 4917;
v0x5611063a7130_4918 .array/port v0x5611063a7130, 4918;
E_0x56110637b490/1229 .event anyedge, v0x5611063a7130_4915, v0x5611063a7130_4916, v0x5611063a7130_4917, v0x5611063a7130_4918;
v0x5611063a7130_4919 .array/port v0x5611063a7130, 4919;
v0x5611063a7130_4920 .array/port v0x5611063a7130, 4920;
v0x5611063a7130_4921 .array/port v0x5611063a7130, 4921;
v0x5611063a7130_4922 .array/port v0x5611063a7130, 4922;
E_0x56110637b490/1230 .event anyedge, v0x5611063a7130_4919, v0x5611063a7130_4920, v0x5611063a7130_4921, v0x5611063a7130_4922;
v0x5611063a7130_4923 .array/port v0x5611063a7130, 4923;
v0x5611063a7130_4924 .array/port v0x5611063a7130, 4924;
v0x5611063a7130_4925 .array/port v0x5611063a7130, 4925;
v0x5611063a7130_4926 .array/port v0x5611063a7130, 4926;
E_0x56110637b490/1231 .event anyedge, v0x5611063a7130_4923, v0x5611063a7130_4924, v0x5611063a7130_4925, v0x5611063a7130_4926;
v0x5611063a7130_4927 .array/port v0x5611063a7130, 4927;
v0x5611063a7130_4928 .array/port v0x5611063a7130, 4928;
v0x5611063a7130_4929 .array/port v0x5611063a7130, 4929;
v0x5611063a7130_4930 .array/port v0x5611063a7130, 4930;
E_0x56110637b490/1232 .event anyedge, v0x5611063a7130_4927, v0x5611063a7130_4928, v0x5611063a7130_4929, v0x5611063a7130_4930;
v0x5611063a7130_4931 .array/port v0x5611063a7130, 4931;
v0x5611063a7130_4932 .array/port v0x5611063a7130, 4932;
v0x5611063a7130_4933 .array/port v0x5611063a7130, 4933;
v0x5611063a7130_4934 .array/port v0x5611063a7130, 4934;
E_0x56110637b490/1233 .event anyedge, v0x5611063a7130_4931, v0x5611063a7130_4932, v0x5611063a7130_4933, v0x5611063a7130_4934;
v0x5611063a7130_4935 .array/port v0x5611063a7130, 4935;
v0x5611063a7130_4936 .array/port v0x5611063a7130, 4936;
v0x5611063a7130_4937 .array/port v0x5611063a7130, 4937;
v0x5611063a7130_4938 .array/port v0x5611063a7130, 4938;
E_0x56110637b490/1234 .event anyedge, v0x5611063a7130_4935, v0x5611063a7130_4936, v0x5611063a7130_4937, v0x5611063a7130_4938;
v0x5611063a7130_4939 .array/port v0x5611063a7130, 4939;
v0x5611063a7130_4940 .array/port v0x5611063a7130, 4940;
v0x5611063a7130_4941 .array/port v0x5611063a7130, 4941;
v0x5611063a7130_4942 .array/port v0x5611063a7130, 4942;
E_0x56110637b490/1235 .event anyedge, v0x5611063a7130_4939, v0x5611063a7130_4940, v0x5611063a7130_4941, v0x5611063a7130_4942;
v0x5611063a7130_4943 .array/port v0x5611063a7130, 4943;
v0x5611063a7130_4944 .array/port v0x5611063a7130, 4944;
v0x5611063a7130_4945 .array/port v0x5611063a7130, 4945;
v0x5611063a7130_4946 .array/port v0x5611063a7130, 4946;
E_0x56110637b490/1236 .event anyedge, v0x5611063a7130_4943, v0x5611063a7130_4944, v0x5611063a7130_4945, v0x5611063a7130_4946;
v0x5611063a7130_4947 .array/port v0x5611063a7130, 4947;
v0x5611063a7130_4948 .array/port v0x5611063a7130, 4948;
v0x5611063a7130_4949 .array/port v0x5611063a7130, 4949;
v0x5611063a7130_4950 .array/port v0x5611063a7130, 4950;
E_0x56110637b490/1237 .event anyedge, v0x5611063a7130_4947, v0x5611063a7130_4948, v0x5611063a7130_4949, v0x5611063a7130_4950;
v0x5611063a7130_4951 .array/port v0x5611063a7130, 4951;
v0x5611063a7130_4952 .array/port v0x5611063a7130, 4952;
v0x5611063a7130_4953 .array/port v0x5611063a7130, 4953;
v0x5611063a7130_4954 .array/port v0x5611063a7130, 4954;
E_0x56110637b490/1238 .event anyedge, v0x5611063a7130_4951, v0x5611063a7130_4952, v0x5611063a7130_4953, v0x5611063a7130_4954;
v0x5611063a7130_4955 .array/port v0x5611063a7130, 4955;
v0x5611063a7130_4956 .array/port v0x5611063a7130, 4956;
v0x5611063a7130_4957 .array/port v0x5611063a7130, 4957;
v0x5611063a7130_4958 .array/port v0x5611063a7130, 4958;
E_0x56110637b490/1239 .event anyedge, v0x5611063a7130_4955, v0x5611063a7130_4956, v0x5611063a7130_4957, v0x5611063a7130_4958;
v0x5611063a7130_4959 .array/port v0x5611063a7130, 4959;
v0x5611063a7130_4960 .array/port v0x5611063a7130, 4960;
v0x5611063a7130_4961 .array/port v0x5611063a7130, 4961;
v0x5611063a7130_4962 .array/port v0x5611063a7130, 4962;
E_0x56110637b490/1240 .event anyedge, v0x5611063a7130_4959, v0x5611063a7130_4960, v0x5611063a7130_4961, v0x5611063a7130_4962;
v0x5611063a7130_4963 .array/port v0x5611063a7130, 4963;
v0x5611063a7130_4964 .array/port v0x5611063a7130, 4964;
v0x5611063a7130_4965 .array/port v0x5611063a7130, 4965;
v0x5611063a7130_4966 .array/port v0x5611063a7130, 4966;
E_0x56110637b490/1241 .event anyedge, v0x5611063a7130_4963, v0x5611063a7130_4964, v0x5611063a7130_4965, v0x5611063a7130_4966;
v0x5611063a7130_4967 .array/port v0x5611063a7130, 4967;
v0x5611063a7130_4968 .array/port v0x5611063a7130, 4968;
v0x5611063a7130_4969 .array/port v0x5611063a7130, 4969;
v0x5611063a7130_4970 .array/port v0x5611063a7130, 4970;
E_0x56110637b490/1242 .event anyedge, v0x5611063a7130_4967, v0x5611063a7130_4968, v0x5611063a7130_4969, v0x5611063a7130_4970;
v0x5611063a7130_4971 .array/port v0x5611063a7130, 4971;
v0x5611063a7130_4972 .array/port v0x5611063a7130, 4972;
v0x5611063a7130_4973 .array/port v0x5611063a7130, 4973;
v0x5611063a7130_4974 .array/port v0x5611063a7130, 4974;
E_0x56110637b490/1243 .event anyedge, v0x5611063a7130_4971, v0x5611063a7130_4972, v0x5611063a7130_4973, v0x5611063a7130_4974;
v0x5611063a7130_4975 .array/port v0x5611063a7130, 4975;
v0x5611063a7130_4976 .array/port v0x5611063a7130, 4976;
v0x5611063a7130_4977 .array/port v0x5611063a7130, 4977;
v0x5611063a7130_4978 .array/port v0x5611063a7130, 4978;
E_0x56110637b490/1244 .event anyedge, v0x5611063a7130_4975, v0x5611063a7130_4976, v0x5611063a7130_4977, v0x5611063a7130_4978;
v0x5611063a7130_4979 .array/port v0x5611063a7130, 4979;
v0x5611063a7130_4980 .array/port v0x5611063a7130, 4980;
v0x5611063a7130_4981 .array/port v0x5611063a7130, 4981;
v0x5611063a7130_4982 .array/port v0x5611063a7130, 4982;
E_0x56110637b490/1245 .event anyedge, v0x5611063a7130_4979, v0x5611063a7130_4980, v0x5611063a7130_4981, v0x5611063a7130_4982;
v0x5611063a7130_4983 .array/port v0x5611063a7130, 4983;
v0x5611063a7130_4984 .array/port v0x5611063a7130, 4984;
v0x5611063a7130_4985 .array/port v0x5611063a7130, 4985;
v0x5611063a7130_4986 .array/port v0x5611063a7130, 4986;
E_0x56110637b490/1246 .event anyedge, v0x5611063a7130_4983, v0x5611063a7130_4984, v0x5611063a7130_4985, v0x5611063a7130_4986;
v0x5611063a7130_4987 .array/port v0x5611063a7130, 4987;
v0x5611063a7130_4988 .array/port v0x5611063a7130, 4988;
v0x5611063a7130_4989 .array/port v0x5611063a7130, 4989;
v0x5611063a7130_4990 .array/port v0x5611063a7130, 4990;
E_0x56110637b490/1247 .event anyedge, v0x5611063a7130_4987, v0x5611063a7130_4988, v0x5611063a7130_4989, v0x5611063a7130_4990;
v0x5611063a7130_4991 .array/port v0x5611063a7130, 4991;
v0x5611063a7130_4992 .array/port v0x5611063a7130, 4992;
v0x5611063a7130_4993 .array/port v0x5611063a7130, 4993;
v0x5611063a7130_4994 .array/port v0x5611063a7130, 4994;
E_0x56110637b490/1248 .event anyedge, v0x5611063a7130_4991, v0x5611063a7130_4992, v0x5611063a7130_4993, v0x5611063a7130_4994;
v0x5611063a7130_4995 .array/port v0x5611063a7130, 4995;
v0x5611063a7130_4996 .array/port v0x5611063a7130, 4996;
v0x5611063a7130_4997 .array/port v0x5611063a7130, 4997;
v0x5611063a7130_4998 .array/port v0x5611063a7130, 4998;
E_0x56110637b490/1249 .event anyedge, v0x5611063a7130_4995, v0x5611063a7130_4996, v0x5611063a7130_4997, v0x5611063a7130_4998;
v0x5611063a7130_4999 .array/port v0x5611063a7130, 4999;
v0x5611063a7130_5000 .array/port v0x5611063a7130, 5000;
v0x5611063a7130_5001 .array/port v0x5611063a7130, 5001;
v0x5611063a7130_5002 .array/port v0x5611063a7130, 5002;
E_0x56110637b490/1250 .event anyedge, v0x5611063a7130_4999, v0x5611063a7130_5000, v0x5611063a7130_5001, v0x5611063a7130_5002;
v0x5611063a7130_5003 .array/port v0x5611063a7130, 5003;
v0x5611063a7130_5004 .array/port v0x5611063a7130, 5004;
v0x5611063a7130_5005 .array/port v0x5611063a7130, 5005;
v0x5611063a7130_5006 .array/port v0x5611063a7130, 5006;
E_0x56110637b490/1251 .event anyedge, v0x5611063a7130_5003, v0x5611063a7130_5004, v0x5611063a7130_5005, v0x5611063a7130_5006;
v0x5611063a7130_5007 .array/port v0x5611063a7130, 5007;
v0x5611063a7130_5008 .array/port v0x5611063a7130, 5008;
v0x5611063a7130_5009 .array/port v0x5611063a7130, 5009;
v0x5611063a7130_5010 .array/port v0x5611063a7130, 5010;
E_0x56110637b490/1252 .event anyedge, v0x5611063a7130_5007, v0x5611063a7130_5008, v0x5611063a7130_5009, v0x5611063a7130_5010;
v0x5611063a7130_5011 .array/port v0x5611063a7130, 5011;
v0x5611063a7130_5012 .array/port v0x5611063a7130, 5012;
v0x5611063a7130_5013 .array/port v0x5611063a7130, 5013;
v0x5611063a7130_5014 .array/port v0x5611063a7130, 5014;
E_0x56110637b490/1253 .event anyedge, v0x5611063a7130_5011, v0x5611063a7130_5012, v0x5611063a7130_5013, v0x5611063a7130_5014;
v0x5611063a7130_5015 .array/port v0x5611063a7130, 5015;
v0x5611063a7130_5016 .array/port v0x5611063a7130, 5016;
v0x5611063a7130_5017 .array/port v0x5611063a7130, 5017;
v0x5611063a7130_5018 .array/port v0x5611063a7130, 5018;
E_0x56110637b490/1254 .event anyedge, v0x5611063a7130_5015, v0x5611063a7130_5016, v0x5611063a7130_5017, v0x5611063a7130_5018;
v0x5611063a7130_5019 .array/port v0x5611063a7130, 5019;
v0x5611063a7130_5020 .array/port v0x5611063a7130, 5020;
v0x5611063a7130_5021 .array/port v0x5611063a7130, 5021;
v0x5611063a7130_5022 .array/port v0x5611063a7130, 5022;
E_0x56110637b490/1255 .event anyedge, v0x5611063a7130_5019, v0x5611063a7130_5020, v0x5611063a7130_5021, v0x5611063a7130_5022;
v0x5611063a7130_5023 .array/port v0x5611063a7130, 5023;
v0x5611063a7130_5024 .array/port v0x5611063a7130, 5024;
v0x5611063a7130_5025 .array/port v0x5611063a7130, 5025;
v0x5611063a7130_5026 .array/port v0x5611063a7130, 5026;
E_0x56110637b490/1256 .event anyedge, v0x5611063a7130_5023, v0x5611063a7130_5024, v0x5611063a7130_5025, v0x5611063a7130_5026;
v0x5611063a7130_5027 .array/port v0x5611063a7130, 5027;
v0x5611063a7130_5028 .array/port v0x5611063a7130, 5028;
v0x5611063a7130_5029 .array/port v0x5611063a7130, 5029;
v0x5611063a7130_5030 .array/port v0x5611063a7130, 5030;
E_0x56110637b490/1257 .event anyedge, v0x5611063a7130_5027, v0x5611063a7130_5028, v0x5611063a7130_5029, v0x5611063a7130_5030;
v0x5611063a7130_5031 .array/port v0x5611063a7130, 5031;
v0x5611063a7130_5032 .array/port v0x5611063a7130, 5032;
v0x5611063a7130_5033 .array/port v0x5611063a7130, 5033;
v0x5611063a7130_5034 .array/port v0x5611063a7130, 5034;
E_0x56110637b490/1258 .event anyedge, v0x5611063a7130_5031, v0x5611063a7130_5032, v0x5611063a7130_5033, v0x5611063a7130_5034;
v0x5611063a7130_5035 .array/port v0x5611063a7130, 5035;
v0x5611063a7130_5036 .array/port v0x5611063a7130, 5036;
v0x5611063a7130_5037 .array/port v0x5611063a7130, 5037;
v0x5611063a7130_5038 .array/port v0x5611063a7130, 5038;
E_0x56110637b490/1259 .event anyedge, v0x5611063a7130_5035, v0x5611063a7130_5036, v0x5611063a7130_5037, v0x5611063a7130_5038;
v0x5611063a7130_5039 .array/port v0x5611063a7130, 5039;
v0x5611063a7130_5040 .array/port v0x5611063a7130, 5040;
v0x5611063a7130_5041 .array/port v0x5611063a7130, 5041;
v0x5611063a7130_5042 .array/port v0x5611063a7130, 5042;
E_0x56110637b490/1260 .event anyedge, v0x5611063a7130_5039, v0x5611063a7130_5040, v0x5611063a7130_5041, v0x5611063a7130_5042;
v0x5611063a7130_5043 .array/port v0x5611063a7130, 5043;
v0x5611063a7130_5044 .array/port v0x5611063a7130, 5044;
v0x5611063a7130_5045 .array/port v0x5611063a7130, 5045;
v0x5611063a7130_5046 .array/port v0x5611063a7130, 5046;
E_0x56110637b490/1261 .event anyedge, v0x5611063a7130_5043, v0x5611063a7130_5044, v0x5611063a7130_5045, v0x5611063a7130_5046;
v0x5611063a7130_5047 .array/port v0x5611063a7130, 5047;
v0x5611063a7130_5048 .array/port v0x5611063a7130, 5048;
v0x5611063a7130_5049 .array/port v0x5611063a7130, 5049;
v0x5611063a7130_5050 .array/port v0x5611063a7130, 5050;
E_0x56110637b490/1262 .event anyedge, v0x5611063a7130_5047, v0x5611063a7130_5048, v0x5611063a7130_5049, v0x5611063a7130_5050;
v0x5611063a7130_5051 .array/port v0x5611063a7130, 5051;
v0x5611063a7130_5052 .array/port v0x5611063a7130, 5052;
v0x5611063a7130_5053 .array/port v0x5611063a7130, 5053;
v0x5611063a7130_5054 .array/port v0x5611063a7130, 5054;
E_0x56110637b490/1263 .event anyedge, v0x5611063a7130_5051, v0x5611063a7130_5052, v0x5611063a7130_5053, v0x5611063a7130_5054;
v0x5611063a7130_5055 .array/port v0x5611063a7130, 5055;
v0x5611063a7130_5056 .array/port v0x5611063a7130, 5056;
v0x5611063a7130_5057 .array/port v0x5611063a7130, 5057;
v0x5611063a7130_5058 .array/port v0x5611063a7130, 5058;
E_0x56110637b490/1264 .event anyedge, v0x5611063a7130_5055, v0x5611063a7130_5056, v0x5611063a7130_5057, v0x5611063a7130_5058;
v0x5611063a7130_5059 .array/port v0x5611063a7130, 5059;
v0x5611063a7130_5060 .array/port v0x5611063a7130, 5060;
v0x5611063a7130_5061 .array/port v0x5611063a7130, 5061;
v0x5611063a7130_5062 .array/port v0x5611063a7130, 5062;
E_0x56110637b490/1265 .event anyedge, v0x5611063a7130_5059, v0x5611063a7130_5060, v0x5611063a7130_5061, v0x5611063a7130_5062;
v0x5611063a7130_5063 .array/port v0x5611063a7130, 5063;
v0x5611063a7130_5064 .array/port v0x5611063a7130, 5064;
v0x5611063a7130_5065 .array/port v0x5611063a7130, 5065;
v0x5611063a7130_5066 .array/port v0x5611063a7130, 5066;
E_0x56110637b490/1266 .event anyedge, v0x5611063a7130_5063, v0x5611063a7130_5064, v0x5611063a7130_5065, v0x5611063a7130_5066;
v0x5611063a7130_5067 .array/port v0x5611063a7130, 5067;
v0x5611063a7130_5068 .array/port v0x5611063a7130, 5068;
v0x5611063a7130_5069 .array/port v0x5611063a7130, 5069;
v0x5611063a7130_5070 .array/port v0x5611063a7130, 5070;
E_0x56110637b490/1267 .event anyedge, v0x5611063a7130_5067, v0x5611063a7130_5068, v0x5611063a7130_5069, v0x5611063a7130_5070;
v0x5611063a7130_5071 .array/port v0x5611063a7130, 5071;
v0x5611063a7130_5072 .array/port v0x5611063a7130, 5072;
v0x5611063a7130_5073 .array/port v0x5611063a7130, 5073;
v0x5611063a7130_5074 .array/port v0x5611063a7130, 5074;
E_0x56110637b490/1268 .event anyedge, v0x5611063a7130_5071, v0x5611063a7130_5072, v0x5611063a7130_5073, v0x5611063a7130_5074;
v0x5611063a7130_5075 .array/port v0x5611063a7130, 5075;
v0x5611063a7130_5076 .array/port v0x5611063a7130, 5076;
v0x5611063a7130_5077 .array/port v0x5611063a7130, 5077;
v0x5611063a7130_5078 .array/port v0x5611063a7130, 5078;
E_0x56110637b490/1269 .event anyedge, v0x5611063a7130_5075, v0x5611063a7130_5076, v0x5611063a7130_5077, v0x5611063a7130_5078;
v0x5611063a7130_5079 .array/port v0x5611063a7130, 5079;
v0x5611063a7130_5080 .array/port v0x5611063a7130, 5080;
v0x5611063a7130_5081 .array/port v0x5611063a7130, 5081;
v0x5611063a7130_5082 .array/port v0x5611063a7130, 5082;
E_0x56110637b490/1270 .event anyedge, v0x5611063a7130_5079, v0x5611063a7130_5080, v0x5611063a7130_5081, v0x5611063a7130_5082;
v0x5611063a7130_5083 .array/port v0x5611063a7130, 5083;
v0x5611063a7130_5084 .array/port v0x5611063a7130, 5084;
v0x5611063a7130_5085 .array/port v0x5611063a7130, 5085;
v0x5611063a7130_5086 .array/port v0x5611063a7130, 5086;
E_0x56110637b490/1271 .event anyedge, v0x5611063a7130_5083, v0x5611063a7130_5084, v0x5611063a7130_5085, v0x5611063a7130_5086;
v0x5611063a7130_5087 .array/port v0x5611063a7130, 5087;
v0x5611063a7130_5088 .array/port v0x5611063a7130, 5088;
v0x5611063a7130_5089 .array/port v0x5611063a7130, 5089;
v0x5611063a7130_5090 .array/port v0x5611063a7130, 5090;
E_0x56110637b490/1272 .event anyedge, v0x5611063a7130_5087, v0x5611063a7130_5088, v0x5611063a7130_5089, v0x5611063a7130_5090;
v0x5611063a7130_5091 .array/port v0x5611063a7130, 5091;
v0x5611063a7130_5092 .array/port v0x5611063a7130, 5092;
v0x5611063a7130_5093 .array/port v0x5611063a7130, 5093;
v0x5611063a7130_5094 .array/port v0x5611063a7130, 5094;
E_0x56110637b490/1273 .event anyedge, v0x5611063a7130_5091, v0x5611063a7130_5092, v0x5611063a7130_5093, v0x5611063a7130_5094;
v0x5611063a7130_5095 .array/port v0x5611063a7130, 5095;
v0x5611063a7130_5096 .array/port v0x5611063a7130, 5096;
v0x5611063a7130_5097 .array/port v0x5611063a7130, 5097;
v0x5611063a7130_5098 .array/port v0x5611063a7130, 5098;
E_0x56110637b490/1274 .event anyedge, v0x5611063a7130_5095, v0x5611063a7130_5096, v0x5611063a7130_5097, v0x5611063a7130_5098;
v0x5611063a7130_5099 .array/port v0x5611063a7130, 5099;
v0x5611063a7130_5100 .array/port v0x5611063a7130, 5100;
v0x5611063a7130_5101 .array/port v0x5611063a7130, 5101;
v0x5611063a7130_5102 .array/port v0x5611063a7130, 5102;
E_0x56110637b490/1275 .event anyedge, v0x5611063a7130_5099, v0x5611063a7130_5100, v0x5611063a7130_5101, v0x5611063a7130_5102;
v0x5611063a7130_5103 .array/port v0x5611063a7130, 5103;
v0x5611063a7130_5104 .array/port v0x5611063a7130, 5104;
v0x5611063a7130_5105 .array/port v0x5611063a7130, 5105;
v0x5611063a7130_5106 .array/port v0x5611063a7130, 5106;
E_0x56110637b490/1276 .event anyedge, v0x5611063a7130_5103, v0x5611063a7130_5104, v0x5611063a7130_5105, v0x5611063a7130_5106;
v0x5611063a7130_5107 .array/port v0x5611063a7130, 5107;
v0x5611063a7130_5108 .array/port v0x5611063a7130, 5108;
v0x5611063a7130_5109 .array/port v0x5611063a7130, 5109;
v0x5611063a7130_5110 .array/port v0x5611063a7130, 5110;
E_0x56110637b490/1277 .event anyedge, v0x5611063a7130_5107, v0x5611063a7130_5108, v0x5611063a7130_5109, v0x5611063a7130_5110;
v0x5611063a7130_5111 .array/port v0x5611063a7130, 5111;
v0x5611063a7130_5112 .array/port v0x5611063a7130, 5112;
v0x5611063a7130_5113 .array/port v0x5611063a7130, 5113;
v0x5611063a7130_5114 .array/port v0x5611063a7130, 5114;
E_0x56110637b490/1278 .event anyedge, v0x5611063a7130_5111, v0x5611063a7130_5112, v0x5611063a7130_5113, v0x5611063a7130_5114;
v0x5611063a7130_5115 .array/port v0x5611063a7130, 5115;
v0x5611063a7130_5116 .array/port v0x5611063a7130, 5116;
v0x5611063a7130_5117 .array/port v0x5611063a7130, 5117;
v0x5611063a7130_5118 .array/port v0x5611063a7130, 5118;
E_0x56110637b490/1279 .event anyedge, v0x5611063a7130_5115, v0x5611063a7130_5116, v0x5611063a7130_5117, v0x5611063a7130_5118;
v0x5611063a7130_5119 .array/port v0x5611063a7130, 5119;
v0x5611063a7130_5120 .array/port v0x5611063a7130, 5120;
v0x5611063a7130_5121 .array/port v0x5611063a7130, 5121;
v0x5611063a7130_5122 .array/port v0x5611063a7130, 5122;
E_0x56110637b490/1280 .event anyedge, v0x5611063a7130_5119, v0x5611063a7130_5120, v0x5611063a7130_5121, v0x5611063a7130_5122;
v0x5611063a7130_5123 .array/port v0x5611063a7130, 5123;
v0x5611063a7130_5124 .array/port v0x5611063a7130, 5124;
v0x5611063a7130_5125 .array/port v0x5611063a7130, 5125;
v0x5611063a7130_5126 .array/port v0x5611063a7130, 5126;
E_0x56110637b490/1281 .event anyedge, v0x5611063a7130_5123, v0x5611063a7130_5124, v0x5611063a7130_5125, v0x5611063a7130_5126;
v0x5611063a7130_5127 .array/port v0x5611063a7130, 5127;
v0x5611063a7130_5128 .array/port v0x5611063a7130, 5128;
v0x5611063a7130_5129 .array/port v0x5611063a7130, 5129;
v0x5611063a7130_5130 .array/port v0x5611063a7130, 5130;
E_0x56110637b490/1282 .event anyedge, v0x5611063a7130_5127, v0x5611063a7130_5128, v0x5611063a7130_5129, v0x5611063a7130_5130;
v0x5611063a7130_5131 .array/port v0x5611063a7130, 5131;
v0x5611063a7130_5132 .array/port v0x5611063a7130, 5132;
v0x5611063a7130_5133 .array/port v0x5611063a7130, 5133;
v0x5611063a7130_5134 .array/port v0x5611063a7130, 5134;
E_0x56110637b490/1283 .event anyedge, v0x5611063a7130_5131, v0x5611063a7130_5132, v0x5611063a7130_5133, v0x5611063a7130_5134;
v0x5611063a7130_5135 .array/port v0x5611063a7130, 5135;
v0x5611063a7130_5136 .array/port v0x5611063a7130, 5136;
v0x5611063a7130_5137 .array/port v0x5611063a7130, 5137;
v0x5611063a7130_5138 .array/port v0x5611063a7130, 5138;
E_0x56110637b490/1284 .event anyedge, v0x5611063a7130_5135, v0x5611063a7130_5136, v0x5611063a7130_5137, v0x5611063a7130_5138;
v0x5611063a7130_5139 .array/port v0x5611063a7130, 5139;
v0x5611063a7130_5140 .array/port v0x5611063a7130, 5140;
v0x5611063a7130_5141 .array/port v0x5611063a7130, 5141;
v0x5611063a7130_5142 .array/port v0x5611063a7130, 5142;
E_0x56110637b490/1285 .event anyedge, v0x5611063a7130_5139, v0x5611063a7130_5140, v0x5611063a7130_5141, v0x5611063a7130_5142;
v0x5611063a7130_5143 .array/port v0x5611063a7130, 5143;
v0x5611063a7130_5144 .array/port v0x5611063a7130, 5144;
v0x5611063a7130_5145 .array/port v0x5611063a7130, 5145;
v0x5611063a7130_5146 .array/port v0x5611063a7130, 5146;
E_0x56110637b490/1286 .event anyedge, v0x5611063a7130_5143, v0x5611063a7130_5144, v0x5611063a7130_5145, v0x5611063a7130_5146;
v0x5611063a7130_5147 .array/port v0x5611063a7130, 5147;
v0x5611063a7130_5148 .array/port v0x5611063a7130, 5148;
v0x5611063a7130_5149 .array/port v0x5611063a7130, 5149;
v0x5611063a7130_5150 .array/port v0x5611063a7130, 5150;
E_0x56110637b490/1287 .event anyedge, v0x5611063a7130_5147, v0x5611063a7130_5148, v0x5611063a7130_5149, v0x5611063a7130_5150;
v0x5611063a7130_5151 .array/port v0x5611063a7130, 5151;
v0x5611063a7130_5152 .array/port v0x5611063a7130, 5152;
v0x5611063a7130_5153 .array/port v0x5611063a7130, 5153;
v0x5611063a7130_5154 .array/port v0x5611063a7130, 5154;
E_0x56110637b490/1288 .event anyedge, v0x5611063a7130_5151, v0x5611063a7130_5152, v0x5611063a7130_5153, v0x5611063a7130_5154;
v0x5611063a7130_5155 .array/port v0x5611063a7130, 5155;
v0x5611063a7130_5156 .array/port v0x5611063a7130, 5156;
v0x5611063a7130_5157 .array/port v0x5611063a7130, 5157;
v0x5611063a7130_5158 .array/port v0x5611063a7130, 5158;
E_0x56110637b490/1289 .event anyedge, v0x5611063a7130_5155, v0x5611063a7130_5156, v0x5611063a7130_5157, v0x5611063a7130_5158;
v0x5611063a7130_5159 .array/port v0x5611063a7130, 5159;
v0x5611063a7130_5160 .array/port v0x5611063a7130, 5160;
v0x5611063a7130_5161 .array/port v0x5611063a7130, 5161;
v0x5611063a7130_5162 .array/port v0x5611063a7130, 5162;
E_0x56110637b490/1290 .event anyedge, v0x5611063a7130_5159, v0x5611063a7130_5160, v0x5611063a7130_5161, v0x5611063a7130_5162;
v0x5611063a7130_5163 .array/port v0x5611063a7130, 5163;
v0x5611063a7130_5164 .array/port v0x5611063a7130, 5164;
v0x5611063a7130_5165 .array/port v0x5611063a7130, 5165;
v0x5611063a7130_5166 .array/port v0x5611063a7130, 5166;
E_0x56110637b490/1291 .event anyedge, v0x5611063a7130_5163, v0x5611063a7130_5164, v0x5611063a7130_5165, v0x5611063a7130_5166;
v0x5611063a7130_5167 .array/port v0x5611063a7130, 5167;
v0x5611063a7130_5168 .array/port v0x5611063a7130, 5168;
v0x5611063a7130_5169 .array/port v0x5611063a7130, 5169;
v0x5611063a7130_5170 .array/port v0x5611063a7130, 5170;
E_0x56110637b490/1292 .event anyedge, v0x5611063a7130_5167, v0x5611063a7130_5168, v0x5611063a7130_5169, v0x5611063a7130_5170;
v0x5611063a7130_5171 .array/port v0x5611063a7130, 5171;
v0x5611063a7130_5172 .array/port v0x5611063a7130, 5172;
v0x5611063a7130_5173 .array/port v0x5611063a7130, 5173;
v0x5611063a7130_5174 .array/port v0x5611063a7130, 5174;
E_0x56110637b490/1293 .event anyedge, v0x5611063a7130_5171, v0x5611063a7130_5172, v0x5611063a7130_5173, v0x5611063a7130_5174;
v0x5611063a7130_5175 .array/port v0x5611063a7130, 5175;
v0x5611063a7130_5176 .array/port v0x5611063a7130, 5176;
v0x5611063a7130_5177 .array/port v0x5611063a7130, 5177;
v0x5611063a7130_5178 .array/port v0x5611063a7130, 5178;
E_0x56110637b490/1294 .event anyedge, v0x5611063a7130_5175, v0x5611063a7130_5176, v0x5611063a7130_5177, v0x5611063a7130_5178;
v0x5611063a7130_5179 .array/port v0x5611063a7130, 5179;
v0x5611063a7130_5180 .array/port v0x5611063a7130, 5180;
v0x5611063a7130_5181 .array/port v0x5611063a7130, 5181;
v0x5611063a7130_5182 .array/port v0x5611063a7130, 5182;
E_0x56110637b490/1295 .event anyedge, v0x5611063a7130_5179, v0x5611063a7130_5180, v0x5611063a7130_5181, v0x5611063a7130_5182;
v0x5611063a7130_5183 .array/port v0x5611063a7130, 5183;
v0x5611063a7130_5184 .array/port v0x5611063a7130, 5184;
v0x5611063a7130_5185 .array/port v0x5611063a7130, 5185;
v0x5611063a7130_5186 .array/port v0x5611063a7130, 5186;
E_0x56110637b490/1296 .event anyedge, v0x5611063a7130_5183, v0x5611063a7130_5184, v0x5611063a7130_5185, v0x5611063a7130_5186;
v0x5611063a7130_5187 .array/port v0x5611063a7130, 5187;
v0x5611063a7130_5188 .array/port v0x5611063a7130, 5188;
v0x5611063a7130_5189 .array/port v0x5611063a7130, 5189;
v0x5611063a7130_5190 .array/port v0x5611063a7130, 5190;
E_0x56110637b490/1297 .event anyedge, v0x5611063a7130_5187, v0x5611063a7130_5188, v0x5611063a7130_5189, v0x5611063a7130_5190;
v0x5611063a7130_5191 .array/port v0x5611063a7130, 5191;
v0x5611063a7130_5192 .array/port v0x5611063a7130, 5192;
v0x5611063a7130_5193 .array/port v0x5611063a7130, 5193;
v0x5611063a7130_5194 .array/port v0x5611063a7130, 5194;
E_0x56110637b490/1298 .event anyedge, v0x5611063a7130_5191, v0x5611063a7130_5192, v0x5611063a7130_5193, v0x5611063a7130_5194;
v0x5611063a7130_5195 .array/port v0x5611063a7130, 5195;
v0x5611063a7130_5196 .array/port v0x5611063a7130, 5196;
v0x5611063a7130_5197 .array/port v0x5611063a7130, 5197;
v0x5611063a7130_5198 .array/port v0x5611063a7130, 5198;
E_0x56110637b490/1299 .event anyedge, v0x5611063a7130_5195, v0x5611063a7130_5196, v0x5611063a7130_5197, v0x5611063a7130_5198;
v0x5611063a7130_5199 .array/port v0x5611063a7130, 5199;
v0x5611063a7130_5200 .array/port v0x5611063a7130, 5200;
v0x5611063a7130_5201 .array/port v0x5611063a7130, 5201;
v0x5611063a7130_5202 .array/port v0x5611063a7130, 5202;
E_0x56110637b490/1300 .event anyedge, v0x5611063a7130_5199, v0x5611063a7130_5200, v0x5611063a7130_5201, v0x5611063a7130_5202;
v0x5611063a7130_5203 .array/port v0x5611063a7130, 5203;
v0x5611063a7130_5204 .array/port v0x5611063a7130, 5204;
v0x5611063a7130_5205 .array/port v0x5611063a7130, 5205;
v0x5611063a7130_5206 .array/port v0x5611063a7130, 5206;
E_0x56110637b490/1301 .event anyedge, v0x5611063a7130_5203, v0x5611063a7130_5204, v0x5611063a7130_5205, v0x5611063a7130_5206;
v0x5611063a7130_5207 .array/port v0x5611063a7130, 5207;
v0x5611063a7130_5208 .array/port v0x5611063a7130, 5208;
v0x5611063a7130_5209 .array/port v0x5611063a7130, 5209;
v0x5611063a7130_5210 .array/port v0x5611063a7130, 5210;
E_0x56110637b490/1302 .event anyedge, v0x5611063a7130_5207, v0x5611063a7130_5208, v0x5611063a7130_5209, v0x5611063a7130_5210;
v0x5611063a7130_5211 .array/port v0x5611063a7130, 5211;
v0x5611063a7130_5212 .array/port v0x5611063a7130, 5212;
v0x5611063a7130_5213 .array/port v0x5611063a7130, 5213;
v0x5611063a7130_5214 .array/port v0x5611063a7130, 5214;
E_0x56110637b490/1303 .event anyedge, v0x5611063a7130_5211, v0x5611063a7130_5212, v0x5611063a7130_5213, v0x5611063a7130_5214;
v0x5611063a7130_5215 .array/port v0x5611063a7130, 5215;
v0x5611063a7130_5216 .array/port v0x5611063a7130, 5216;
v0x5611063a7130_5217 .array/port v0x5611063a7130, 5217;
v0x5611063a7130_5218 .array/port v0x5611063a7130, 5218;
E_0x56110637b490/1304 .event anyedge, v0x5611063a7130_5215, v0x5611063a7130_5216, v0x5611063a7130_5217, v0x5611063a7130_5218;
v0x5611063a7130_5219 .array/port v0x5611063a7130, 5219;
v0x5611063a7130_5220 .array/port v0x5611063a7130, 5220;
v0x5611063a7130_5221 .array/port v0x5611063a7130, 5221;
v0x5611063a7130_5222 .array/port v0x5611063a7130, 5222;
E_0x56110637b490/1305 .event anyedge, v0x5611063a7130_5219, v0x5611063a7130_5220, v0x5611063a7130_5221, v0x5611063a7130_5222;
v0x5611063a7130_5223 .array/port v0x5611063a7130, 5223;
v0x5611063a7130_5224 .array/port v0x5611063a7130, 5224;
v0x5611063a7130_5225 .array/port v0x5611063a7130, 5225;
v0x5611063a7130_5226 .array/port v0x5611063a7130, 5226;
E_0x56110637b490/1306 .event anyedge, v0x5611063a7130_5223, v0x5611063a7130_5224, v0x5611063a7130_5225, v0x5611063a7130_5226;
v0x5611063a7130_5227 .array/port v0x5611063a7130, 5227;
v0x5611063a7130_5228 .array/port v0x5611063a7130, 5228;
v0x5611063a7130_5229 .array/port v0x5611063a7130, 5229;
v0x5611063a7130_5230 .array/port v0x5611063a7130, 5230;
E_0x56110637b490/1307 .event anyedge, v0x5611063a7130_5227, v0x5611063a7130_5228, v0x5611063a7130_5229, v0x5611063a7130_5230;
v0x5611063a7130_5231 .array/port v0x5611063a7130, 5231;
v0x5611063a7130_5232 .array/port v0x5611063a7130, 5232;
v0x5611063a7130_5233 .array/port v0x5611063a7130, 5233;
v0x5611063a7130_5234 .array/port v0x5611063a7130, 5234;
E_0x56110637b490/1308 .event anyedge, v0x5611063a7130_5231, v0x5611063a7130_5232, v0x5611063a7130_5233, v0x5611063a7130_5234;
v0x5611063a7130_5235 .array/port v0x5611063a7130, 5235;
v0x5611063a7130_5236 .array/port v0x5611063a7130, 5236;
v0x5611063a7130_5237 .array/port v0x5611063a7130, 5237;
v0x5611063a7130_5238 .array/port v0x5611063a7130, 5238;
E_0x56110637b490/1309 .event anyedge, v0x5611063a7130_5235, v0x5611063a7130_5236, v0x5611063a7130_5237, v0x5611063a7130_5238;
v0x5611063a7130_5239 .array/port v0x5611063a7130, 5239;
v0x5611063a7130_5240 .array/port v0x5611063a7130, 5240;
v0x5611063a7130_5241 .array/port v0x5611063a7130, 5241;
v0x5611063a7130_5242 .array/port v0x5611063a7130, 5242;
E_0x56110637b490/1310 .event anyedge, v0x5611063a7130_5239, v0x5611063a7130_5240, v0x5611063a7130_5241, v0x5611063a7130_5242;
v0x5611063a7130_5243 .array/port v0x5611063a7130, 5243;
v0x5611063a7130_5244 .array/port v0x5611063a7130, 5244;
v0x5611063a7130_5245 .array/port v0x5611063a7130, 5245;
v0x5611063a7130_5246 .array/port v0x5611063a7130, 5246;
E_0x56110637b490/1311 .event anyedge, v0x5611063a7130_5243, v0x5611063a7130_5244, v0x5611063a7130_5245, v0x5611063a7130_5246;
v0x5611063a7130_5247 .array/port v0x5611063a7130, 5247;
v0x5611063a7130_5248 .array/port v0x5611063a7130, 5248;
v0x5611063a7130_5249 .array/port v0x5611063a7130, 5249;
v0x5611063a7130_5250 .array/port v0x5611063a7130, 5250;
E_0x56110637b490/1312 .event anyedge, v0x5611063a7130_5247, v0x5611063a7130_5248, v0x5611063a7130_5249, v0x5611063a7130_5250;
v0x5611063a7130_5251 .array/port v0x5611063a7130, 5251;
v0x5611063a7130_5252 .array/port v0x5611063a7130, 5252;
v0x5611063a7130_5253 .array/port v0x5611063a7130, 5253;
v0x5611063a7130_5254 .array/port v0x5611063a7130, 5254;
E_0x56110637b490/1313 .event anyedge, v0x5611063a7130_5251, v0x5611063a7130_5252, v0x5611063a7130_5253, v0x5611063a7130_5254;
v0x5611063a7130_5255 .array/port v0x5611063a7130, 5255;
v0x5611063a7130_5256 .array/port v0x5611063a7130, 5256;
v0x5611063a7130_5257 .array/port v0x5611063a7130, 5257;
v0x5611063a7130_5258 .array/port v0x5611063a7130, 5258;
E_0x56110637b490/1314 .event anyedge, v0x5611063a7130_5255, v0x5611063a7130_5256, v0x5611063a7130_5257, v0x5611063a7130_5258;
v0x5611063a7130_5259 .array/port v0x5611063a7130, 5259;
v0x5611063a7130_5260 .array/port v0x5611063a7130, 5260;
v0x5611063a7130_5261 .array/port v0x5611063a7130, 5261;
v0x5611063a7130_5262 .array/port v0x5611063a7130, 5262;
E_0x56110637b490/1315 .event anyedge, v0x5611063a7130_5259, v0x5611063a7130_5260, v0x5611063a7130_5261, v0x5611063a7130_5262;
v0x5611063a7130_5263 .array/port v0x5611063a7130, 5263;
v0x5611063a7130_5264 .array/port v0x5611063a7130, 5264;
v0x5611063a7130_5265 .array/port v0x5611063a7130, 5265;
v0x5611063a7130_5266 .array/port v0x5611063a7130, 5266;
E_0x56110637b490/1316 .event anyedge, v0x5611063a7130_5263, v0x5611063a7130_5264, v0x5611063a7130_5265, v0x5611063a7130_5266;
v0x5611063a7130_5267 .array/port v0x5611063a7130, 5267;
v0x5611063a7130_5268 .array/port v0x5611063a7130, 5268;
v0x5611063a7130_5269 .array/port v0x5611063a7130, 5269;
v0x5611063a7130_5270 .array/port v0x5611063a7130, 5270;
E_0x56110637b490/1317 .event anyedge, v0x5611063a7130_5267, v0x5611063a7130_5268, v0x5611063a7130_5269, v0x5611063a7130_5270;
v0x5611063a7130_5271 .array/port v0x5611063a7130, 5271;
v0x5611063a7130_5272 .array/port v0x5611063a7130, 5272;
v0x5611063a7130_5273 .array/port v0x5611063a7130, 5273;
v0x5611063a7130_5274 .array/port v0x5611063a7130, 5274;
E_0x56110637b490/1318 .event anyedge, v0x5611063a7130_5271, v0x5611063a7130_5272, v0x5611063a7130_5273, v0x5611063a7130_5274;
v0x5611063a7130_5275 .array/port v0x5611063a7130, 5275;
v0x5611063a7130_5276 .array/port v0x5611063a7130, 5276;
v0x5611063a7130_5277 .array/port v0x5611063a7130, 5277;
v0x5611063a7130_5278 .array/port v0x5611063a7130, 5278;
E_0x56110637b490/1319 .event anyedge, v0x5611063a7130_5275, v0x5611063a7130_5276, v0x5611063a7130_5277, v0x5611063a7130_5278;
v0x5611063a7130_5279 .array/port v0x5611063a7130, 5279;
v0x5611063a7130_5280 .array/port v0x5611063a7130, 5280;
v0x5611063a7130_5281 .array/port v0x5611063a7130, 5281;
v0x5611063a7130_5282 .array/port v0x5611063a7130, 5282;
E_0x56110637b490/1320 .event anyedge, v0x5611063a7130_5279, v0x5611063a7130_5280, v0x5611063a7130_5281, v0x5611063a7130_5282;
v0x5611063a7130_5283 .array/port v0x5611063a7130, 5283;
v0x5611063a7130_5284 .array/port v0x5611063a7130, 5284;
v0x5611063a7130_5285 .array/port v0x5611063a7130, 5285;
v0x5611063a7130_5286 .array/port v0x5611063a7130, 5286;
E_0x56110637b490/1321 .event anyedge, v0x5611063a7130_5283, v0x5611063a7130_5284, v0x5611063a7130_5285, v0x5611063a7130_5286;
v0x5611063a7130_5287 .array/port v0x5611063a7130, 5287;
v0x5611063a7130_5288 .array/port v0x5611063a7130, 5288;
v0x5611063a7130_5289 .array/port v0x5611063a7130, 5289;
v0x5611063a7130_5290 .array/port v0x5611063a7130, 5290;
E_0x56110637b490/1322 .event anyedge, v0x5611063a7130_5287, v0x5611063a7130_5288, v0x5611063a7130_5289, v0x5611063a7130_5290;
v0x5611063a7130_5291 .array/port v0x5611063a7130, 5291;
v0x5611063a7130_5292 .array/port v0x5611063a7130, 5292;
v0x5611063a7130_5293 .array/port v0x5611063a7130, 5293;
v0x5611063a7130_5294 .array/port v0x5611063a7130, 5294;
E_0x56110637b490/1323 .event anyedge, v0x5611063a7130_5291, v0x5611063a7130_5292, v0x5611063a7130_5293, v0x5611063a7130_5294;
v0x5611063a7130_5295 .array/port v0x5611063a7130, 5295;
v0x5611063a7130_5296 .array/port v0x5611063a7130, 5296;
v0x5611063a7130_5297 .array/port v0x5611063a7130, 5297;
v0x5611063a7130_5298 .array/port v0x5611063a7130, 5298;
E_0x56110637b490/1324 .event anyedge, v0x5611063a7130_5295, v0x5611063a7130_5296, v0x5611063a7130_5297, v0x5611063a7130_5298;
v0x5611063a7130_5299 .array/port v0x5611063a7130, 5299;
v0x5611063a7130_5300 .array/port v0x5611063a7130, 5300;
v0x5611063a7130_5301 .array/port v0x5611063a7130, 5301;
v0x5611063a7130_5302 .array/port v0x5611063a7130, 5302;
E_0x56110637b490/1325 .event anyedge, v0x5611063a7130_5299, v0x5611063a7130_5300, v0x5611063a7130_5301, v0x5611063a7130_5302;
v0x5611063a7130_5303 .array/port v0x5611063a7130, 5303;
v0x5611063a7130_5304 .array/port v0x5611063a7130, 5304;
v0x5611063a7130_5305 .array/port v0x5611063a7130, 5305;
v0x5611063a7130_5306 .array/port v0x5611063a7130, 5306;
E_0x56110637b490/1326 .event anyedge, v0x5611063a7130_5303, v0x5611063a7130_5304, v0x5611063a7130_5305, v0x5611063a7130_5306;
v0x5611063a7130_5307 .array/port v0x5611063a7130, 5307;
v0x5611063a7130_5308 .array/port v0x5611063a7130, 5308;
v0x5611063a7130_5309 .array/port v0x5611063a7130, 5309;
v0x5611063a7130_5310 .array/port v0x5611063a7130, 5310;
E_0x56110637b490/1327 .event anyedge, v0x5611063a7130_5307, v0x5611063a7130_5308, v0x5611063a7130_5309, v0x5611063a7130_5310;
v0x5611063a7130_5311 .array/port v0x5611063a7130, 5311;
v0x5611063a7130_5312 .array/port v0x5611063a7130, 5312;
v0x5611063a7130_5313 .array/port v0x5611063a7130, 5313;
v0x5611063a7130_5314 .array/port v0x5611063a7130, 5314;
E_0x56110637b490/1328 .event anyedge, v0x5611063a7130_5311, v0x5611063a7130_5312, v0x5611063a7130_5313, v0x5611063a7130_5314;
v0x5611063a7130_5315 .array/port v0x5611063a7130, 5315;
v0x5611063a7130_5316 .array/port v0x5611063a7130, 5316;
v0x5611063a7130_5317 .array/port v0x5611063a7130, 5317;
v0x5611063a7130_5318 .array/port v0x5611063a7130, 5318;
E_0x56110637b490/1329 .event anyedge, v0x5611063a7130_5315, v0x5611063a7130_5316, v0x5611063a7130_5317, v0x5611063a7130_5318;
v0x5611063a7130_5319 .array/port v0x5611063a7130, 5319;
v0x5611063a7130_5320 .array/port v0x5611063a7130, 5320;
v0x5611063a7130_5321 .array/port v0x5611063a7130, 5321;
v0x5611063a7130_5322 .array/port v0x5611063a7130, 5322;
E_0x56110637b490/1330 .event anyedge, v0x5611063a7130_5319, v0x5611063a7130_5320, v0x5611063a7130_5321, v0x5611063a7130_5322;
v0x5611063a7130_5323 .array/port v0x5611063a7130, 5323;
v0x5611063a7130_5324 .array/port v0x5611063a7130, 5324;
v0x5611063a7130_5325 .array/port v0x5611063a7130, 5325;
v0x5611063a7130_5326 .array/port v0x5611063a7130, 5326;
E_0x56110637b490/1331 .event anyedge, v0x5611063a7130_5323, v0x5611063a7130_5324, v0x5611063a7130_5325, v0x5611063a7130_5326;
v0x5611063a7130_5327 .array/port v0x5611063a7130, 5327;
v0x5611063a7130_5328 .array/port v0x5611063a7130, 5328;
v0x5611063a7130_5329 .array/port v0x5611063a7130, 5329;
v0x5611063a7130_5330 .array/port v0x5611063a7130, 5330;
E_0x56110637b490/1332 .event anyedge, v0x5611063a7130_5327, v0x5611063a7130_5328, v0x5611063a7130_5329, v0x5611063a7130_5330;
v0x5611063a7130_5331 .array/port v0x5611063a7130, 5331;
v0x5611063a7130_5332 .array/port v0x5611063a7130, 5332;
v0x5611063a7130_5333 .array/port v0x5611063a7130, 5333;
v0x5611063a7130_5334 .array/port v0x5611063a7130, 5334;
E_0x56110637b490/1333 .event anyedge, v0x5611063a7130_5331, v0x5611063a7130_5332, v0x5611063a7130_5333, v0x5611063a7130_5334;
v0x5611063a7130_5335 .array/port v0x5611063a7130, 5335;
v0x5611063a7130_5336 .array/port v0x5611063a7130, 5336;
v0x5611063a7130_5337 .array/port v0x5611063a7130, 5337;
v0x5611063a7130_5338 .array/port v0x5611063a7130, 5338;
E_0x56110637b490/1334 .event anyedge, v0x5611063a7130_5335, v0x5611063a7130_5336, v0x5611063a7130_5337, v0x5611063a7130_5338;
v0x5611063a7130_5339 .array/port v0x5611063a7130, 5339;
v0x5611063a7130_5340 .array/port v0x5611063a7130, 5340;
v0x5611063a7130_5341 .array/port v0x5611063a7130, 5341;
v0x5611063a7130_5342 .array/port v0x5611063a7130, 5342;
E_0x56110637b490/1335 .event anyedge, v0x5611063a7130_5339, v0x5611063a7130_5340, v0x5611063a7130_5341, v0x5611063a7130_5342;
v0x5611063a7130_5343 .array/port v0x5611063a7130, 5343;
v0x5611063a7130_5344 .array/port v0x5611063a7130, 5344;
v0x5611063a7130_5345 .array/port v0x5611063a7130, 5345;
v0x5611063a7130_5346 .array/port v0x5611063a7130, 5346;
E_0x56110637b490/1336 .event anyedge, v0x5611063a7130_5343, v0x5611063a7130_5344, v0x5611063a7130_5345, v0x5611063a7130_5346;
v0x5611063a7130_5347 .array/port v0x5611063a7130, 5347;
v0x5611063a7130_5348 .array/port v0x5611063a7130, 5348;
v0x5611063a7130_5349 .array/port v0x5611063a7130, 5349;
v0x5611063a7130_5350 .array/port v0x5611063a7130, 5350;
E_0x56110637b490/1337 .event anyedge, v0x5611063a7130_5347, v0x5611063a7130_5348, v0x5611063a7130_5349, v0x5611063a7130_5350;
v0x5611063a7130_5351 .array/port v0x5611063a7130, 5351;
v0x5611063a7130_5352 .array/port v0x5611063a7130, 5352;
v0x5611063a7130_5353 .array/port v0x5611063a7130, 5353;
v0x5611063a7130_5354 .array/port v0x5611063a7130, 5354;
E_0x56110637b490/1338 .event anyedge, v0x5611063a7130_5351, v0x5611063a7130_5352, v0x5611063a7130_5353, v0x5611063a7130_5354;
v0x5611063a7130_5355 .array/port v0x5611063a7130, 5355;
v0x5611063a7130_5356 .array/port v0x5611063a7130, 5356;
v0x5611063a7130_5357 .array/port v0x5611063a7130, 5357;
v0x5611063a7130_5358 .array/port v0x5611063a7130, 5358;
E_0x56110637b490/1339 .event anyedge, v0x5611063a7130_5355, v0x5611063a7130_5356, v0x5611063a7130_5357, v0x5611063a7130_5358;
v0x5611063a7130_5359 .array/port v0x5611063a7130, 5359;
v0x5611063a7130_5360 .array/port v0x5611063a7130, 5360;
v0x5611063a7130_5361 .array/port v0x5611063a7130, 5361;
v0x5611063a7130_5362 .array/port v0x5611063a7130, 5362;
E_0x56110637b490/1340 .event anyedge, v0x5611063a7130_5359, v0x5611063a7130_5360, v0x5611063a7130_5361, v0x5611063a7130_5362;
v0x5611063a7130_5363 .array/port v0x5611063a7130, 5363;
v0x5611063a7130_5364 .array/port v0x5611063a7130, 5364;
v0x5611063a7130_5365 .array/port v0x5611063a7130, 5365;
v0x5611063a7130_5366 .array/port v0x5611063a7130, 5366;
E_0x56110637b490/1341 .event anyedge, v0x5611063a7130_5363, v0x5611063a7130_5364, v0x5611063a7130_5365, v0x5611063a7130_5366;
v0x5611063a7130_5367 .array/port v0x5611063a7130, 5367;
v0x5611063a7130_5368 .array/port v0x5611063a7130, 5368;
v0x5611063a7130_5369 .array/port v0x5611063a7130, 5369;
v0x5611063a7130_5370 .array/port v0x5611063a7130, 5370;
E_0x56110637b490/1342 .event anyedge, v0x5611063a7130_5367, v0x5611063a7130_5368, v0x5611063a7130_5369, v0x5611063a7130_5370;
v0x5611063a7130_5371 .array/port v0x5611063a7130, 5371;
v0x5611063a7130_5372 .array/port v0x5611063a7130, 5372;
v0x5611063a7130_5373 .array/port v0x5611063a7130, 5373;
v0x5611063a7130_5374 .array/port v0x5611063a7130, 5374;
E_0x56110637b490/1343 .event anyedge, v0x5611063a7130_5371, v0x5611063a7130_5372, v0x5611063a7130_5373, v0x5611063a7130_5374;
v0x5611063a7130_5375 .array/port v0x5611063a7130, 5375;
v0x5611063a7130_5376 .array/port v0x5611063a7130, 5376;
v0x5611063a7130_5377 .array/port v0x5611063a7130, 5377;
v0x5611063a7130_5378 .array/port v0x5611063a7130, 5378;
E_0x56110637b490/1344 .event anyedge, v0x5611063a7130_5375, v0x5611063a7130_5376, v0x5611063a7130_5377, v0x5611063a7130_5378;
v0x5611063a7130_5379 .array/port v0x5611063a7130, 5379;
v0x5611063a7130_5380 .array/port v0x5611063a7130, 5380;
v0x5611063a7130_5381 .array/port v0x5611063a7130, 5381;
v0x5611063a7130_5382 .array/port v0x5611063a7130, 5382;
E_0x56110637b490/1345 .event anyedge, v0x5611063a7130_5379, v0x5611063a7130_5380, v0x5611063a7130_5381, v0x5611063a7130_5382;
v0x5611063a7130_5383 .array/port v0x5611063a7130, 5383;
v0x5611063a7130_5384 .array/port v0x5611063a7130, 5384;
v0x5611063a7130_5385 .array/port v0x5611063a7130, 5385;
v0x5611063a7130_5386 .array/port v0x5611063a7130, 5386;
E_0x56110637b490/1346 .event anyedge, v0x5611063a7130_5383, v0x5611063a7130_5384, v0x5611063a7130_5385, v0x5611063a7130_5386;
v0x5611063a7130_5387 .array/port v0x5611063a7130, 5387;
v0x5611063a7130_5388 .array/port v0x5611063a7130, 5388;
v0x5611063a7130_5389 .array/port v0x5611063a7130, 5389;
v0x5611063a7130_5390 .array/port v0x5611063a7130, 5390;
E_0x56110637b490/1347 .event anyedge, v0x5611063a7130_5387, v0x5611063a7130_5388, v0x5611063a7130_5389, v0x5611063a7130_5390;
v0x5611063a7130_5391 .array/port v0x5611063a7130, 5391;
v0x5611063a7130_5392 .array/port v0x5611063a7130, 5392;
v0x5611063a7130_5393 .array/port v0x5611063a7130, 5393;
v0x5611063a7130_5394 .array/port v0x5611063a7130, 5394;
E_0x56110637b490/1348 .event anyedge, v0x5611063a7130_5391, v0x5611063a7130_5392, v0x5611063a7130_5393, v0x5611063a7130_5394;
v0x5611063a7130_5395 .array/port v0x5611063a7130, 5395;
v0x5611063a7130_5396 .array/port v0x5611063a7130, 5396;
v0x5611063a7130_5397 .array/port v0x5611063a7130, 5397;
v0x5611063a7130_5398 .array/port v0x5611063a7130, 5398;
E_0x56110637b490/1349 .event anyedge, v0x5611063a7130_5395, v0x5611063a7130_5396, v0x5611063a7130_5397, v0x5611063a7130_5398;
v0x5611063a7130_5399 .array/port v0x5611063a7130, 5399;
v0x5611063a7130_5400 .array/port v0x5611063a7130, 5400;
v0x5611063a7130_5401 .array/port v0x5611063a7130, 5401;
v0x5611063a7130_5402 .array/port v0x5611063a7130, 5402;
E_0x56110637b490/1350 .event anyedge, v0x5611063a7130_5399, v0x5611063a7130_5400, v0x5611063a7130_5401, v0x5611063a7130_5402;
v0x5611063a7130_5403 .array/port v0x5611063a7130, 5403;
v0x5611063a7130_5404 .array/port v0x5611063a7130, 5404;
v0x5611063a7130_5405 .array/port v0x5611063a7130, 5405;
v0x5611063a7130_5406 .array/port v0x5611063a7130, 5406;
E_0x56110637b490/1351 .event anyedge, v0x5611063a7130_5403, v0x5611063a7130_5404, v0x5611063a7130_5405, v0x5611063a7130_5406;
v0x5611063a7130_5407 .array/port v0x5611063a7130, 5407;
v0x5611063a7130_5408 .array/port v0x5611063a7130, 5408;
v0x5611063a7130_5409 .array/port v0x5611063a7130, 5409;
v0x5611063a7130_5410 .array/port v0x5611063a7130, 5410;
E_0x56110637b490/1352 .event anyedge, v0x5611063a7130_5407, v0x5611063a7130_5408, v0x5611063a7130_5409, v0x5611063a7130_5410;
v0x5611063a7130_5411 .array/port v0x5611063a7130, 5411;
v0x5611063a7130_5412 .array/port v0x5611063a7130, 5412;
v0x5611063a7130_5413 .array/port v0x5611063a7130, 5413;
v0x5611063a7130_5414 .array/port v0x5611063a7130, 5414;
E_0x56110637b490/1353 .event anyedge, v0x5611063a7130_5411, v0x5611063a7130_5412, v0x5611063a7130_5413, v0x5611063a7130_5414;
v0x5611063a7130_5415 .array/port v0x5611063a7130, 5415;
v0x5611063a7130_5416 .array/port v0x5611063a7130, 5416;
v0x5611063a7130_5417 .array/port v0x5611063a7130, 5417;
v0x5611063a7130_5418 .array/port v0x5611063a7130, 5418;
E_0x56110637b490/1354 .event anyedge, v0x5611063a7130_5415, v0x5611063a7130_5416, v0x5611063a7130_5417, v0x5611063a7130_5418;
v0x5611063a7130_5419 .array/port v0x5611063a7130, 5419;
v0x5611063a7130_5420 .array/port v0x5611063a7130, 5420;
v0x5611063a7130_5421 .array/port v0x5611063a7130, 5421;
v0x5611063a7130_5422 .array/port v0x5611063a7130, 5422;
E_0x56110637b490/1355 .event anyedge, v0x5611063a7130_5419, v0x5611063a7130_5420, v0x5611063a7130_5421, v0x5611063a7130_5422;
v0x5611063a7130_5423 .array/port v0x5611063a7130, 5423;
v0x5611063a7130_5424 .array/port v0x5611063a7130, 5424;
v0x5611063a7130_5425 .array/port v0x5611063a7130, 5425;
v0x5611063a7130_5426 .array/port v0x5611063a7130, 5426;
E_0x56110637b490/1356 .event anyedge, v0x5611063a7130_5423, v0x5611063a7130_5424, v0x5611063a7130_5425, v0x5611063a7130_5426;
v0x5611063a7130_5427 .array/port v0x5611063a7130, 5427;
v0x5611063a7130_5428 .array/port v0x5611063a7130, 5428;
v0x5611063a7130_5429 .array/port v0x5611063a7130, 5429;
v0x5611063a7130_5430 .array/port v0x5611063a7130, 5430;
E_0x56110637b490/1357 .event anyedge, v0x5611063a7130_5427, v0x5611063a7130_5428, v0x5611063a7130_5429, v0x5611063a7130_5430;
v0x5611063a7130_5431 .array/port v0x5611063a7130, 5431;
v0x5611063a7130_5432 .array/port v0x5611063a7130, 5432;
v0x5611063a7130_5433 .array/port v0x5611063a7130, 5433;
v0x5611063a7130_5434 .array/port v0x5611063a7130, 5434;
E_0x56110637b490/1358 .event anyedge, v0x5611063a7130_5431, v0x5611063a7130_5432, v0x5611063a7130_5433, v0x5611063a7130_5434;
v0x5611063a7130_5435 .array/port v0x5611063a7130, 5435;
v0x5611063a7130_5436 .array/port v0x5611063a7130, 5436;
v0x5611063a7130_5437 .array/port v0x5611063a7130, 5437;
v0x5611063a7130_5438 .array/port v0x5611063a7130, 5438;
E_0x56110637b490/1359 .event anyedge, v0x5611063a7130_5435, v0x5611063a7130_5436, v0x5611063a7130_5437, v0x5611063a7130_5438;
v0x5611063a7130_5439 .array/port v0x5611063a7130, 5439;
v0x5611063a7130_5440 .array/port v0x5611063a7130, 5440;
v0x5611063a7130_5441 .array/port v0x5611063a7130, 5441;
v0x5611063a7130_5442 .array/port v0x5611063a7130, 5442;
E_0x56110637b490/1360 .event anyedge, v0x5611063a7130_5439, v0x5611063a7130_5440, v0x5611063a7130_5441, v0x5611063a7130_5442;
v0x5611063a7130_5443 .array/port v0x5611063a7130, 5443;
v0x5611063a7130_5444 .array/port v0x5611063a7130, 5444;
v0x5611063a7130_5445 .array/port v0x5611063a7130, 5445;
v0x5611063a7130_5446 .array/port v0x5611063a7130, 5446;
E_0x56110637b490/1361 .event anyedge, v0x5611063a7130_5443, v0x5611063a7130_5444, v0x5611063a7130_5445, v0x5611063a7130_5446;
v0x5611063a7130_5447 .array/port v0x5611063a7130, 5447;
v0x5611063a7130_5448 .array/port v0x5611063a7130, 5448;
v0x5611063a7130_5449 .array/port v0x5611063a7130, 5449;
v0x5611063a7130_5450 .array/port v0x5611063a7130, 5450;
E_0x56110637b490/1362 .event anyedge, v0x5611063a7130_5447, v0x5611063a7130_5448, v0x5611063a7130_5449, v0x5611063a7130_5450;
v0x5611063a7130_5451 .array/port v0x5611063a7130, 5451;
v0x5611063a7130_5452 .array/port v0x5611063a7130, 5452;
v0x5611063a7130_5453 .array/port v0x5611063a7130, 5453;
v0x5611063a7130_5454 .array/port v0x5611063a7130, 5454;
E_0x56110637b490/1363 .event anyedge, v0x5611063a7130_5451, v0x5611063a7130_5452, v0x5611063a7130_5453, v0x5611063a7130_5454;
v0x5611063a7130_5455 .array/port v0x5611063a7130, 5455;
v0x5611063a7130_5456 .array/port v0x5611063a7130, 5456;
v0x5611063a7130_5457 .array/port v0x5611063a7130, 5457;
v0x5611063a7130_5458 .array/port v0x5611063a7130, 5458;
E_0x56110637b490/1364 .event anyedge, v0x5611063a7130_5455, v0x5611063a7130_5456, v0x5611063a7130_5457, v0x5611063a7130_5458;
v0x5611063a7130_5459 .array/port v0x5611063a7130, 5459;
v0x5611063a7130_5460 .array/port v0x5611063a7130, 5460;
v0x5611063a7130_5461 .array/port v0x5611063a7130, 5461;
v0x5611063a7130_5462 .array/port v0x5611063a7130, 5462;
E_0x56110637b490/1365 .event anyedge, v0x5611063a7130_5459, v0x5611063a7130_5460, v0x5611063a7130_5461, v0x5611063a7130_5462;
v0x5611063a7130_5463 .array/port v0x5611063a7130, 5463;
v0x5611063a7130_5464 .array/port v0x5611063a7130, 5464;
v0x5611063a7130_5465 .array/port v0x5611063a7130, 5465;
v0x5611063a7130_5466 .array/port v0x5611063a7130, 5466;
E_0x56110637b490/1366 .event anyedge, v0x5611063a7130_5463, v0x5611063a7130_5464, v0x5611063a7130_5465, v0x5611063a7130_5466;
v0x5611063a7130_5467 .array/port v0x5611063a7130, 5467;
v0x5611063a7130_5468 .array/port v0x5611063a7130, 5468;
v0x5611063a7130_5469 .array/port v0x5611063a7130, 5469;
v0x5611063a7130_5470 .array/port v0x5611063a7130, 5470;
E_0x56110637b490/1367 .event anyedge, v0x5611063a7130_5467, v0x5611063a7130_5468, v0x5611063a7130_5469, v0x5611063a7130_5470;
v0x5611063a7130_5471 .array/port v0x5611063a7130, 5471;
v0x5611063a7130_5472 .array/port v0x5611063a7130, 5472;
v0x5611063a7130_5473 .array/port v0x5611063a7130, 5473;
v0x5611063a7130_5474 .array/port v0x5611063a7130, 5474;
E_0x56110637b490/1368 .event anyedge, v0x5611063a7130_5471, v0x5611063a7130_5472, v0x5611063a7130_5473, v0x5611063a7130_5474;
v0x5611063a7130_5475 .array/port v0x5611063a7130, 5475;
v0x5611063a7130_5476 .array/port v0x5611063a7130, 5476;
v0x5611063a7130_5477 .array/port v0x5611063a7130, 5477;
v0x5611063a7130_5478 .array/port v0x5611063a7130, 5478;
E_0x56110637b490/1369 .event anyedge, v0x5611063a7130_5475, v0x5611063a7130_5476, v0x5611063a7130_5477, v0x5611063a7130_5478;
v0x5611063a7130_5479 .array/port v0x5611063a7130, 5479;
v0x5611063a7130_5480 .array/port v0x5611063a7130, 5480;
v0x5611063a7130_5481 .array/port v0x5611063a7130, 5481;
v0x5611063a7130_5482 .array/port v0x5611063a7130, 5482;
E_0x56110637b490/1370 .event anyedge, v0x5611063a7130_5479, v0x5611063a7130_5480, v0x5611063a7130_5481, v0x5611063a7130_5482;
v0x5611063a7130_5483 .array/port v0x5611063a7130, 5483;
v0x5611063a7130_5484 .array/port v0x5611063a7130, 5484;
v0x5611063a7130_5485 .array/port v0x5611063a7130, 5485;
v0x5611063a7130_5486 .array/port v0x5611063a7130, 5486;
E_0x56110637b490/1371 .event anyedge, v0x5611063a7130_5483, v0x5611063a7130_5484, v0x5611063a7130_5485, v0x5611063a7130_5486;
v0x5611063a7130_5487 .array/port v0x5611063a7130, 5487;
v0x5611063a7130_5488 .array/port v0x5611063a7130, 5488;
v0x5611063a7130_5489 .array/port v0x5611063a7130, 5489;
v0x5611063a7130_5490 .array/port v0x5611063a7130, 5490;
E_0x56110637b490/1372 .event anyedge, v0x5611063a7130_5487, v0x5611063a7130_5488, v0x5611063a7130_5489, v0x5611063a7130_5490;
v0x5611063a7130_5491 .array/port v0x5611063a7130, 5491;
v0x5611063a7130_5492 .array/port v0x5611063a7130, 5492;
v0x5611063a7130_5493 .array/port v0x5611063a7130, 5493;
v0x5611063a7130_5494 .array/port v0x5611063a7130, 5494;
E_0x56110637b490/1373 .event anyedge, v0x5611063a7130_5491, v0x5611063a7130_5492, v0x5611063a7130_5493, v0x5611063a7130_5494;
v0x5611063a7130_5495 .array/port v0x5611063a7130, 5495;
v0x5611063a7130_5496 .array/port v0x5611063a7130, 5496;
v0x5611063a7130_5497 .array/port v0x5611063a7130, 5497;
v0x5611063a7130_5498 .array/port v0x5611063a7130, 5498;
E_0x56110637b490/1374 .event anyedge, v0x5611063a7130_5495, v0x5611063a7130_5496, v0x5611063a7130_5497, v0x5611063a7130_5498;
v0x5611063a7130_5499 .array/port v0x5611063a7130, 5499;
v0x5611063a7130_5500 .array/port v0x5611063a7130, 5500;
v0x5611063a7130_5501 .array/port v0x5611063a7130, 5501;
v0x5611063a7130_5502 .array/port v0x5611063a7130, 5502;
E_0x56110637b490/1375 .event anyedge, v0x5611063a7130_5499, v0x5611063a7130_5500, v0x5611063a7130_5501, v0x5611063a7130_5502;
v0x5611063a7130_5503 .array/port v0x5611063a7130, 5503;
v0x5611063a7130_5504 .array/port v0x5611063a7130, 5504;
v0x5611063a7130_5505 .array/port v0x5611063a7130, 5505;
v0x5611063a7130_5506 .array/port v0x5611063a7130, 5506;
E_0x56110637b490/1376 .event anyedge, v0x5611063a7130_5503, v0x5611063a7130_5504, v0x5611063a7130_5505, v0x5611063a7130_5506;
v0x5611063a7130_5507 .array/port v0x5611063a7130, 5507;
v0x5611063a7130_5508 .array/port v0x5611063a7130, 5508;
v0x5611063a7130_5509 .array/port v0x5611063a7130, 5509;
v0x5611063a7130_5510 .array/port v0x5611063a7130, 5510;
E_0x56110637b490/1377 .event anyedge, v0x5611063a7130_5507, v0x5611063a7130_5508, v0x5611063a7130_5509, v0x5611063a7130_5510;
v0x5611063a7130_5511 .array/port v0x5611063a7130, 5511;
v0x5611063a7130_5512 .array/port v0x5611063a7130, 5512;
v0x5611063a7130_5513 .array/port v0x5611063a7130, 5513;
v0x5611063a7130_5514 .array/port v0x5611063a7130, 5514;
E_0x56110637b490/1378 .event anyedge, v0x5611063a7130_5511, v0x5611063a7130_5512, v0x5611063a7130_5513, v0x5611063a7130_5514;
v0x5611063a7130_5515 .array/port v0x5611063a7130, 5515;
v0x5611063a7130_5516 .array/port v0x5611063a7130, 5516;
v0x5611063a7130_5517 .array/port v0x5611063a7130, 5517;
v0x5611063a7130_5518 .array/port v0x5611063a7130, 5518;
E_0x56110637b490/1379 .event anyedge, v0x5611063a7130_5515, v0x5611063a7130_5516, v0x5611063a7130_5517, v0x5611063a7130_5518;
v0x5611063a7130_5519 .array/port v0x5611063a7130, 5519;
v0x5611063a7130_5520 .array/port v0x5611063a7130, 5520;
v0x5611063a7130_5521 .array/port v0x5611063a7130, 5521;
v0x5611063a7130_5522 .array/port v0x5611063a7130, 5522;
E_0x56110637b490/1380 .event anyedge, v0x5611063a7130_5519, v0x5611063a7130_5520, v0x5611063a7130_5521, v0x5611063a7130_5522;
v0x5611063a7130_5523 .array/port v0x5611063a7130, 5523;
v0x5611063a7130_5524 .array/port v0x5611063a7130, 5524;
v0x5611063a7130_5525 .array/port v0x5611063a7130, 5525;
v0x5611063a7130_5526 .array/port v0x5611063a7130, 5526;
E_0x56110637b490/1381 .event anyedge, v0x5611063a7130_5523, v0x5611063a7130_5524, v0x5611063a7130_5525, v0x5611063a7130_5526;
v0x5611063a7130_5527 .array/port v0x5611063a7130, 5527;
v0x5611063a7130_5528 .array/port v0x5611063a7130, 5528;
v0x5611063a7130_5529 .array/port v0x5611063a7130, 5529;
v0x5611063a7130_5530 .array/port v0x5611063a7130, 5530;
E_0x56110637b490/1382 .event anyedge, v0x5611063a7130_5527, v0x5611063a7130_5528, v0x5611063a7130_5529, v0x5611063a7130_5530;
v0x5611063a7130_5531 .array/port v0x5611063a7130, 5531;
v0x5611063a7130_5532 .array/port v0x5611063a7130, 5532;
v0x5611063a7130_5533 .array/port v0x5611063a7130, 5533;
v0x5611063a7130_5534 .array/port v0x5611063a7130, 5534;
E_0x56110637b490/1383 .event anyedge, v0x5611063a7130_5531, v0x5611063a7130_5532, v0x5611063a7130_5533, v0x5611063a7130_5534;
v0x5611063a7130_5535 .array/port v0x5611063a7130, 5535;
v0x5611063a7130_5536 .array/port v0x5611063a7130, 5536;
v0x5611063a7130_5537 .array/port v0x5611063a7130, 5537;
v0x5611063a7130_5538 .array/port v0x5611063a7130, 5538;
E_0x56110637b490/1384 .event anyedge, v0x5611063a7130_5535, v0x5611063a7130_5536, v0x5611063a7130_5537, v0x5611063a7130_5538;
v0x5611063a7130_5539 .array/port v0x5611063a7130, 5539;
v0x5611063a7130_5540 .array/port v0x5611063a7130, 5540;
v0x5611063a7130_5541 .array/port v0x5611063a7130, 5541;
v0x5611063a7130_5542 .array/port v0x5611063a7130, 5542;
E_0x56110637b490/1385 .event anyedge, v0x5611063a7130_5539, v0x5611063a7130_5540, v0x5611063a7130_5541, v0x5611063a7130_5542;
v0x5611063a7130_5543 .array/port v0x5611063a7130, 5543;
v0x5611063a7130_5544 .array/port v0x5611063a7130, 5544;
v0x5611063a7130_5545 .array/port v0x5611063a7130, 5545;
v0x5611063a7130_5546 .array/port v0x5611063a7130, 5546;
E_0x56110637b490/1386 .event anyedge, v0x5611063a7130_5543, v0x5611063a7130_5544, v0x5611063a7130_5545, v0x5611063a7130_5546;
v0x5611063a7130_5547 .array/port v0x5611063a7130, 5547;
v0x5611063a7130_5548 .array/port v0x5611063a7130, 5548;
v0x5611063a7130_5549 .array/port v0x5611063a7130, 5549;
v0x5611063a7130_5550 .array/port v0x5611063a7130, 5550;
E_0x56110637b490/1387 .event anyedge, v0x5611063a7130_5547, v0x5611063a7130_5548, v0x5611063a7130_5549, v0x5611063a7130_5550;
v0x5611063a7130_5551 .array/port v0x5611063a7130, 5551;
v0x5611063a7130_5552 .array/port v0x5611063a7130, 5552;
v0x5611063a7130_5553 .array/port v0x5611063a7130, 5553;
v0x5611063a7130_5554 .array/port v0x5611063a7130, 5554;
E_0x56110637b490/1388 .event anyedge, v0x5611063a7130_5551, v0x5611063a7130_5552, v0x5611063a7130_5553, v0x5611063a7130_5554;
v0x5611063a7130_5555 .array/port v0x5611063a7130, 5555;
v0x5611063a7130_5556 .array/port v0x5611063a7130, 5556;
v0x5611063a7130_5557 .array/port v0x5611063a7130, 5557;
v0x5611063a7130_5558 .array/port v0x5611063a7130, 5558;
E_0x56110637b490/1389 .event anyedge, v0x5611063a7130_5555, v0x5611063a7130_5556, v0x5611063a7130_5557, v0x5611063a7130_5558;
v0x5611063a7130_5559 .array/port v0x5611063a7130, 5559;
v0x5611063a7130_5560 .array/port v0x5611063a7130, 5560;
v0x5611063a7130_5561 .array/port v0x5611063a7130, 5561;
v0x5611063a7130_5562 .array/port v0x5611063a7130, 5562;
E_0x56110637b490/1390 .event anyedge, v0x5611063a7130_5559, v0x5611063a7130_5560, v0x5611063a7130_5561, v0x5611063a7130_5562;
v0x5611063a7130_5563 .array/port v0x5611063a7130, 5563;
v0x5611063a7130_5564 .array/port v0x5611063a7130, 5564;
v0x5611063a7130_5565 .array/port v0x5611063a7130, 5565;
v0x5611063a7130_5566 .array/port v0x5611063a7130, 5566;
E_0x56110637b490/1391 .event anyedge, v0x5611063a7130_5563, v0x5611063a7130_5564, v0x5611063a7130_5565, v0x5611063a7130_5566;
v0x5611063a7130_5567 .array/port v0x5611063a7130, 5567;
v0x5611063a7130_5568 .array/port v0x5611063a7130, 5568;
v0x5611063a7130_5569 .array/port v0x5611063a7130, 5569;
v0x5611063a7130_5570 .array/port v0x5611063a7130, 5570;
E_0x56110637b490/1392 .event anyedge, v0x5611063a7130_5567, v0x5611063a7130_5568, v0x5611063a7130_5569, v0x5611063a7130_5570;
v0x5611063a7130_5571 .array/port v0x5611063a7130, 5571;
v0x5611063a7130_5572 .array/port v0x5611063a7130, 5572;
v0x5611063a7130_5573 .array/port v0x5611063a7130, 5573;
v0x5611063a7130_5574 .array/port v0x5611063a7130, 5574;
E_0x56110637b490/1393 .event anyedge, v0x5611063a7130_5571, v0x5611063a7130_5572, v0x5611063a7130_5573, v0x5611063a7130_5574;
v0x5611063a7130_5575 .array/port v0x5611063a7130, 5575;
v0x5611063a7130_5576 .array/port v0x5611063a7130, 5576;
v0x5611063a7130_5577 .array/port v0x5611063a7130, 5577;
v0x5611063a7130_5578 .array/port v0x5611063a7130, 5578;
E_0x56110637b490/1394 .event anyedge, v0x5611063a7130_5575, v0x5611063a7130_5576, v0x5611063a7130_5577, v0x5611063a7130_5578;
v0x5611063a7130_5579 .array/port v0x5611063a7130, 5579;
v0x5611063a7130_5580 .array/port v0x5611063a7130, 5580;
v0x5611063a7130_5581 .array/port v0x5611063a7130, 5581;
v0x5611063a7130_5582 .array/port v0x5611063a7130, 5582;
E_0x56110637b490/1395 .event anyedge, v0x5611063a7130_5579, v0x5611063a7130_5580, v0x5611063a7130_5581, v0x5611063a7130_5582;
v0x5611063a7130_5583 .array/port v0x5611063a7130, 5583;
v0x5611063a7130_5584 .array/port v0x5611063a7130, 5584;
v0x5611063a7130_5585 .array/port v0x5611063a7130, 5585;
v0x5611063a7130_5586 .array/port v0x5611063a7130, 5586;
E_0x56110637b490/1396 .event anyedge, v0x5611063a7130_5583, v0x5611063a7130_5584, v0x5611063a7130_5585, v0x5611063a7130_5586;
v0x5611063a7130_5587 .array/port v0x5611063a7130, 5587;
v0x5611063a7130_5588 .array/port v0x5611063a7130, 5588;
v0x5611063a7130_5589 .array/port v0x5611063a7130, 5589;
v0x5611063a7130_5590 .array/port v0x5611063a7130, 5590;
E_0x56110637b490/1397 .event anyedge, v0x5611063a7130_5587, v0x5611063a7130_5588, v0x5611063a7130_5589, v0x5611063a7130_5590;
v0x5611063a7130_5591 .array/port v0x5611063a7130, 5591;
v0x5611063a7130_5592 .array/port v0x5611063a7130, 5592;
v0x5611063a7130_5593 .array/port v0x5611063a7130, 5593;
v0x5611063a7130_5594 .array/port v0x5611063a7130, 5594;
E_0x56110637b490/1398 .event anyedge, v0x5611063a7130_5591, v0x5611063a7130_5592, v0x5611063a7130_5593, v0x5611063a7130_5594;
v0x5611063a7130_5595 .array/port v0x5611063a7130, 5595;
v0x5611063a7130_5596 .array/port v0x5611063a7130, 5596;
v0x5611063a7130_5597 .array/port v0x5611063a7130, 5597;
v0x5611063a7130_5598 .array/port v0x5611063a7130, 5598;
E_0x56110637b490/1399 .event anyedge, v0x5611063a7130_5595, v0x5611063a7130_5596, v0x5611063a7130_5597, v0x5611063a7130_5598;
v0x5611063a7130_5599 .array/port v0x5611063a7130, 5599;
v0x5611063a7130_5600 .array/port v0x5611063a7130, 5600;
v0x5611063a7130_5601 .array/port v0x5611063a7130, 5601;
v0x5611063a7130_5602 .array/port v0x5611063a7130, 5602;
E_0x56110637b490/1400 .event anyedge, v0x5611063a7130_5599, v0x5611063a7130_5600, v0x5611063a7130_5601, v0x5611063a7130_5602;
v0x5611063a7130_5603 .array/port v0x5611063a7130, 5603;
v0x5611063a7130_5604 .array/port v0x5611063a7130, 5604;
v0x5611063a7130_5605 .array/port v0x5611063a7130, 5605;
v0x5611063a7130_5606 .array/port v0x5611063a7130, 5606;
E_0x56110637b490/1401 .event anyedge, v0x5611063a7130_5603, v0x5611063a7130_5604, v0x5611063a7130_5605, v0x5611063a7130_5606;
v0x5611063a7130_5607 .array/port v0x5611063a7130, 5607;
v0x5611063a7130_5608 .array/port v0x5611063a7130, 5608;
v0x5611063a7130_5609 .array/port v0x5611063a7130, 5609;
v0x5611063a7130_5610 .array/port v0x5611063a7130, 5610;
E_0x56110637b490/1402 .event anyedge, v0x5611063a7130_5607, v0x5611063a7130_5608, v0x5611063a7130_5609, v0x5611063a7130_5610;
v0x5611063a7130_5611 .array/port v0x5611063a7130, 5611;
v0x5611063a7130_5612 .array/port v0x5611063a7130, 5612;
v0x5611063a7130_5613 .array/port v0x5611063a7130, 5613;
v0x5611063a7130_5614 .array/port v0x5611063a7130, 5614;
E_0x56110637b490/1403 .event anyedge, v0x5611063a7130_5611, v0x5611063a7130_5612, v0x5611063a7130_5613, v0x5611063a7130_5614;
v0x5611063a7130_5615 .array/port v0x5611063a7130, 5615;
v0x5611063a7130_5616 .array/port v0x5611063a7130, 5616;
v0x5611063a7130_5617 .array/port v0x5611063a7130, 5617;
v0x5611063a7130_5618 .array/port v0x5611063a7130, 5618;
E_0x56110637b490/1404 .event anyedge, v0x5611063a7130_5615, v0x5611063a7130_5616, v0x5611063a7130_5617, v0x5611063a7130_5618;
v0x5611063a7130_5619 .array/port v0x5611063a7130, 5619;
v0x5611063a7130_5620 .array/port v0x5611063a7130, 5620;
v0x5611063a7130_5621 .array/port v0x5611063a7130, 5621;
v0x5611063a7130_5622 .array/port v0x5611063a7130, 5622;
E_0x56110637b490/1405 .event anyedge, v0x5611063a7130_5619, v0x5611063a7130_5620, v0x5611063a7130_5621, v0x5611063a7130_5622;
v0x5611063a7130_5623 .array/port v0x5611063a7130, 5623;
v0x5611063a7130_5624 .array/port v0x5611063a7130, 5624;
v0x5611063a7130_5625 .array/port v0x5611063a7130, 5625;
v0x5611063a7130_5626 .array/port v0x5611063a7130, 5626;
E_0x56110637b490/1406 .event anyedge, v0x5611063a7130_5623, v0x5611063a7130_5624, v0x5611063a7130_5625, v0x5611063a7130_5626;
v0x5611063a7130_5627 .array/port v0x5611063a7130, 5627;
v0x5611063a7130_5628 .array/port v0x5611063a7130, 5628;
v0x5611063a7130_5629 .array/port v0x5611063a7130, 5629;
v0x5611063a7130_5630 .array/port v0x5611063a7130, 5630;
E_0x56110637b490/1407 .event anyedge, v0x5611063a7130_5627, v0x5611063a7130_5628, v0x5611063a7130_5629, v0x5611063a7130_5630;
v0x5611063a7130_5631 .array/port v0x5611063a7130, 5631;
v0x5611063a7130_5632 .array/port v0x5611063a7130, 5632;
v0x5611063a7130_5633 .array/port v0x5611063a7130, 5633;
v0x5611063a7130_5634 .array/port v0x5611063a7130, 5634;
E_0x56110637b490/1408 .event anyedge, v0x5611063a7130_5631, v0x5611063a7130_5632, v0x5611063a7130_5633, v0x5611063a7130_5634;
v0x5611063a7130_5635 .array/port v0x5611063a7130, 5635;
v0x5611063a7130_5636 .array/port v0x5611063a7130, 5636;
v0x5611063a7130_5637 .array/port v0x5611063a7130, 5637;
v0x5611063a7130_5638 .array/port v0x5611063a7130, 5638;
E_0x56110637b490/1409 .event anyedge, v0x5611063a7130_5635, v0x5611063a7130_5636, v0x5611063a7130_5637, v0x5611063a7130_5638;
v0x5611063a7130_5639 .array/port v0x5611063a7130, 5639;
v0x5611063a7130_5640 .array/port v0x5611063a7130, 5640;
v0x5611063a7130_5641 .array/port v0x5611063a7130, 5641;
v0x5611063a7130_5642 .array/port v0x5611063a7130, 5642;
E_0x56110637b490/1410 .event anyedge, v0x5611063a7130_5639, v0x5611063a7130_5640, v0x5611063a7130_5641, v0x5611063a7130_5642;
v0x5611063a7130_5643 .array/port v0x5611063a7130, 5643;
v0x5611063a7130_5644 .array/port v0x5611063a7130, 5644;
v0x5611063a7130_5645 .array/port v0x5611063a7130, 5645;
v0x5611063a7130_5646 .array/port v0x5611063a7130, 5646;
E_0x56110637b490/1411 .event anyedge, v0x5611063a7130_5643, v0x5611063a7130_5644, v0x5611063a7130_5645, v0x5611063a7130_5646;
v0x5611063a7130_5647 .array/port v0x5611063a7130, 5647;
v0x5611063a7130_5648 .array/port v0x5611063a7130, 5648;
v0x5611063a7130_5649 .array/port v0x5611063a7130, 5649;
v0x5611063a7130_5650 .array/port v0x5611063a7130, 5650;
E_0x56110637b490/1412 .event anyedge, v0x5611063a7130_5647, v0x5611063a7130_5648, v0x5611063a7130_5649, v0x5611063a7130_5650;
v0x5611063a7130_5651 .array/port v0x5611063a7130, 5651;
v0x5611063a7130_5652 .array/port v0x5611063a7130, 5652;
v0x5611063a7130_5653 .array/port v0x5611063a7130, 5653;
v0x5611063a7130_5654 .array/port v0x5611063a7130, 5654;
E_0x56110637b490/1413 .event anyedge, v0x5611063a7130_5651, v0x5611063a7130_5652, v0x5611063a7130_5653, v0x5611063a7130_5654;
v0x5611063a7130_5655 .array/port v0x5611063a7130, 5655;
v0x5611063a7130_5656 .array/port v0x5611063a7130, 5656;
v0x5611063a7130_5657 .array/port v0x5611063a7130, 5657;
v0x5611063a7130_5658 .array/port v0x5611063a7130, 5658;
E_0x56110637b490/1414 .event anyedge, v0x5611063a7130_5655, v0x5611063a7130_5656, v0x5611063a7130_5657, v0x5611063a7130_5658;
v0x5611063a7130_5659 .array/port v0x5611063a7130, 5659;
v0x5611063a7130_5660 .array/port v0x5611063a7130, 5660;
v0x5611063a7130_5661 .array/port v0x5611063a7130, 5661;
v0x5611063a7130_5662 .array/port v0x5611063a7130, 5662;
E_0x56110637b490/1415 .event anyedge, v0x5611063a7130_5659, v0x5611063a7130_5660, v0x5611063a7130_5661, v0x5611063a7130_5662;
v0x5611063a7130_5663 .array/port v0x5611063a7130, 5663;
v0x5611063a7130_5664 .array/port v0x5611063a7130, 5664;
v0x5611063a7130_5665 .array/port v0x5611063a7130, 5665;
v0x5611063a7130_5666 .array/port v0x5611063a7130, 5666;
E_0x56110637b490/1416 .event anyedge, v0x5611063a7130_5663, v0x5611063a7130_5664, v0x5611063a7130_5665, v0x5611063a7130_5666;
v0x5611063a7130_5667 .array/port v0x5611063a7130, 5667;
v0x5611063a7130_5668 .array/port v0x5611063a7130, 5668;
v0x5611063a7130_5669 .array/port v0x5611063a7130, 5669;
v0x5611063a7130_5670 .array/port v0x5611063a7130, 5670;
E_0x56110637b490/1417 .event anyedge, v0x5611063a7130_5667, v0x5611063a7130_5668, v0x5611063a7130_5669, v0x5611063a7130_5670;
v0x5611063a7130_5671 .array/port v0x5611063a7130, 5671;
v0x5611063a7130_5672 .array/port v0x5611063a7130, 5672;
v0x5611063a7130_5673 .array/port v0x5611063a7130, 5673;
v0x5611063a7130_5674 .array/port v0x5611063a7130, 5674;
E_0x56110637b490/1418 .event anyedge, v0x5611063a7130_5671, v0x5611063a7130_5672, v0x5611063a7130_5673, v0x5611063a7130_5674;
v0x5611063a7130_5675 .array/port v0x5611063a7130, 5675;
v0x5611063a7130_5676 .array/port v0x5611063a7130, 5676;
v0x5611063a7130_5677 .array/port v0x5611063a7130, 5677;
v0x5611063a7130_5678 .array/port v0x5611063a7130, 5678;
E_0x56110637b490/1419 .event anyedge, v0x5611063a7130_5675, v0x5611063a7130_5676, v0x5611063a7130_5677, v0x5611063a7130_5678;
v0x5611063a7130_5679 .array/port v0x5611063a7130, 5679;
v0x5611063a7130_5680 .array/port v0x5611063a7130, 5680;
v0x5611063a7130_5681 .array/port v0x5611063a7130, 5681;
v0x5611063a7130_5682 .array/port v0x5611063a7130, 5682;
E_0x56110637b490/1420 .event anyedge, v0x5611063a7130_5679, v0x5611063a7130_5680, v0x5611063a7130_5681, v0x5611063a7130_5682;
v0x5611063a7130_5683 .array/port v0x5611063a7130, 5683;
v0x5611063a7130_5684 .array/port v0x5611063a7130, 5684;
v0x5611063a7130_5685 .array/port v0x5611063a7130, 5685;
v0x5611063a7130_5686 .array/port v0x5611063a7130, 5686;
E_0x56110637b490/1421 .event anyedge, v0x5611063a7130_5683, v0x5611063a7130_5684, v0x5611063a7130_5685, v0x5611063a7130_5686;
v0x5611063a7130_5687 .array/port v0x5611063a7130, 5687;
v0x5611063a7130_5688 .array/port v0x5611063a7130, 5688;
v0x5611063a7130_5689 .array/port v0x5611063a7130, 5689;
v0x5611063a7130_5690 .array/port v0x5611063a7130, 5690;
E_0x56110637b490/1422 .event anyedge, v0x5611063a7130_5687, v0x5611063a7130_5688, v0x5611063a7130_5689, v0x5611063a7130_5690;
v0x5611063a7130_5691 .array/port v0x5611063a7130, 5691;
v0x5611063a7130_5692 .array/port v0x5611063a7130, 5692;
v0x5611063a7130_5693 .array/port v0x5611063a7130, 5693;
v0x5611063a7130_5694 .array/port v0x5611063a7130, 5694;
E_0x56110637b490/1423 .event anyedge, v0x5611063a7130_5691, v0x5611063a7130_5692, v0x5611063a7130_5693, v0x5611063a7130_5694;
v0x5611063a7130_5695 .array/port v0x5611063a7130, 5695;
v0x5611063a7130_5696 .array/port v0x5611063a7130, 5696;
v0x5611063a7130_5697 .array/port v0x5611063a7130, 5697;
v0x5611063a7130_5698 .array/port v0x5611063a7130, 5698;
E_0x56110637b490/1424 .event anyedge, v0x5611063a7130_5695, v0x5611063a7130_5696, v0x5611063a7130_5697, v0x5611063a7130_5698;
v0x5611063a7130_5699 .array/port v0x5611063a7130, 5699;
v0x5611063a7130_5700 .array/port v0x5611063a7130, 5700;
v0x5611063a7130_5701 .array/port v0x5611063a7130, 5701;
v0x5611063a7130_5702 .array/port v0x5611063a7130, 5702;
E_0x56110637b490/1425 .event anyedge, v0x5611063a7130_5699, v0x5611063a7130_5700, v0x5611063a7130_5701, v0x5611063a7130_5702;
v0x5611063a7130_5703 .array/port v0x5611063a7130, 5703;
v0x5611063a7130_5704 .array/port v0x5611063a7130, 5704;
v0x5611063a7130_5705 .array/port v0x5611063a7130, 5705;
v0x5611063a7130_5706 .array/port v0x5611063a7130, 5706;
E_0x56110637b490/1426 .event anyedge, v0x5611063a7130_5703, v0x5611063a7130_5704, v0x5611063a7130_5705, v0x5611063a7130_5706;
v0x5611063a7130_5707 .array/port v0x5611063a7130, 5707;
v0x5611063a7130_5708 .array/port v0x5611063a7130, 5708;
v0x5611063a7130_5709 .array/port v0x5611063a7130, 5709;
v0x5611063a7130_5710 .array/port v0x5611063a7130, 5710;
E_0x56110637b490/1427 .event anyedge, v0x5611063a7130_5707, v0x5611063a7130_5708, v0x5611063a7130_5709, v0x5611063a7130_5710;
v0x5611063a7130_5711 .array/port v0x5611063a7130, 5711;
v0x5611063a7130_5712 .array/port v0x5611063a7130, 5712;
v0x5611063a7130_5713 .array/port v0x5611063a7130, 5713;
v0x5611063a7130_5714 .array/port v0x5611063a7130, 5714;
E_0x56110637b490/1428 .event anyedge, v0x5611063a7130_5711, v0x5611063a7130_5712, v0x5611063a7130_5713, v0x5611063a7130_5714;
v0x5611063a7130_5715 .array/port v0x5611063a7130, 5715;
v0x5611063a7130_5716 .array/port v0x5611063a7130, 5716;
v0x5611063a7130_5717 .array/port v0x5611063a7130, 5717;
v0x5611063a7130_5718 .array/port v0x5611063a7130, 5718;
E_0x56110637b490/1429 .event anyedge, v0x5611063a7130_5715, v0x5611063a7130_5716, v0x5611063a7130_5717, v0x5611063a7130_5718;
v0x5611063a7130_5719 .array/port v0x5611063a7130, 5719;
v0x5611063a7130_5720 .array/port v0x5611063a7130, 5720;
v0x5611063a7130_5721 .array/port v0x5611063a7130, 5721;
v0x5611063a7130_5722 .array/port v0x5611063a7130, 5722;
E_0x56110637b490/1430 .event anyedge, v0x5611063a7130_5719, v0x5611063a7130_5720, v0x5611063a7130_5721, v0x5611063a7130_5722;
v0x5611063a7130_5723 .array/port v0x5611063a7130, 5723;
v0x5611063a7130_5724 .array/port v0x5611063a7130, 5724;
v0x5611063a7130_5725 .array/port v0x5611063a7130, 5725;
v0x5611063a7130_5726 .array/port v0x5611063a7130, 5726;
E_0x56110637b490/1431 .event anyedge, v0x5611063a7130_5723, v0x5611063a7130_5724, v0x5611063a7130_5725, v0x5611063a7130_5726;
v0x5611063a7130_5727 .array/port v0x5611063a7130, 5727;
v0x5611063a7130_5728 .array/port v0x5611063a7130, 5728;
v0x5611063a7130_5729 .array/port v0x5611063a7130, 5729;
v0x5611063a7130_5730 .array/port v0x5611063a7130, 5730;
E_0x56110637b490/1432 .event anyedge, v0x5611063a7130_5727, v0x5611063a7130_5728, v0x5611063a7130_5729, v0x5611063a7130_5730;
v0x5611063a7130_5731 .array/port v0x5611063a7130, 5731;
v0x5611063a7130_5732 .array/port v0x5611063a7130, 5732;
v0x5611063a7130_5733 .array/port v0x5611063a7130, 5733;
v0x5611063a7130_5734 .array/port v0x5611063a7130, 5734;
E_0x56110637b490/1433 .event anyedge, v0x5611063a7130_5731, v0x5611063a7130_5732, v0x5611063a7130_5733, v0x5611063a7130_5734;
v0x5611063a7130_5735 .array/port v0x5611063a7130, 5735;
v0x5611063a7130_5736 .array/port v0x5611063a7130, 5736;
v0x5611063a7130_5737 .array/port v0x5611063a7130, 5737;
v0x5611063a7130_5738 .array/port v0x5611063a7130, 5738;
E_0x56110637b490/1434 .event anyedge, v0x5611063a7130_5735, v0x5611063a7130_5736, v0x5611063a7130_5737, v0x5611063a7130_5738;
v0x5611063a7130_5739 .array/port v0x5611063a7130, 5739;
v0x5611063a7130_5740 .array/port v0x5611063a7130, 5740;
v0x5611063a7130_5741 .array/port v0x5611063a7130, 5741;
v0x5611063a7130_5742 .array/port v0x5611063a7130, 5742;
E_0x56110637b490/1435 .event anyedge, v0x5611063a7130_5739, v0x5611063a7130_5740, v0x5611063a7130_5741, v0x5611063a7130_5742;
v0x5611063a7130_5743 .array/port v0x5611063a7130, 5743;
v0x5611063a7130_5744 .array/port v0x5611063a7130, 5744;
v0x5611063a7130_5745 .array/port v0x5611063a7130, 5745;
v0x5611063a7130_5746 .array/port v0x5611063a7130, 5746;
E_0x56110637b490/1436 .event anyedge, v0x5611063a7130_5743, v0x5611063a7130_5744, v0x5611063a7130_5745, v0x5611063a7130_5746;
v0x5611063a7130_5747 .array/port v0x5611063a7130, 5747;
v0x5611063a7130_5748 .array/port v0x5611063a7130, 5748;
v0x5611063a7130_5749 .array/port v0x5611063a7130, 5749;
v0x5611063a7130_5750 .array/port v0x5611063a7130, 5750;
E_0x56110637b490/1437 .event anyedge, v0x5611063a7130_5747, v0x5611063a7130_5748, v0x5611063a7130_5749, v0x5611063a7130_5750;
v0x5611063a7130_5751 .array/port v0x5611063a7130, 5751;
v0x5611063a7130_5752 .array/port v0x5611063a7130, 5752;
v0x5611063a7130_5753 .array/port v0x5611063a7130, 5753;
v0x5611063a7130_5754 .array/port v0x5611063a7130, 5754;
E_0x56110637b490/1438 .event anyedge, v0x5611063a7130_5751, v0x5611063a7130_5752, v0x5611063a7130_5753, v0x5611063a7130_5754;
v0x5611063a7130_5755 .array/port v0x5611063a7130, 5755;
v0x5611063a7130_5756 .array/port v0x5611063a7130, 5756;
v0x5611063a7130_5757 .array/port v0x5611063a7130, 5757;
v0x5611063a7130_5758 .array/port v0x5611063a7130, 5758;
E_0x56110637b490/1439 .event anyedge, v0x5611063a7130_5755, v0x5611063a7130_5756, v0x5611063a7130_5757, v0x5611063a7130_5758;
v0x5611063a7130_5759 .array/port v0x5611063a7130, 5759;
v0x5611063a7130_5760 .array/port v0x5611063a7130, 5760;
v0x5611063a7130_5761 .array/port v0x5611063a7130, 5761;
v0x5611063a7130_5762 .array/port v0x5611063a7130, 5762;
E_0x56110637b490/1440 .event anyedge, v0x5611063a7130_5759, v0x5611063a7130_5760, v0x5611063a7130_5761, v0x5611063a7130_5762;
v0x5611063a7130_5763 .array/port v0x5611063a7130, 5763;
v0x5611063a7130_5764 .array/port v0x5611063a7130, 5764;
v0x5611063a7130_5765 .array/port v0x5611063a7130, 5765;
v0x5611063a7130_5766 .array/port v0x5611063a7130, 5766;
E_0x56110637b490/1441 .event anyedge, v0x5611063a7130_5763, v0x5611063a7130_5764, v0x5611063a7130_5765, v0x5611063a7130_5766;
v0x5611063a7130_5767 .array/port v0x5611063a7130, 5767;
v0x5611063a7130_5768 .array/port v0x5611063a7130, 5768;
v0x5611063a7130_5769 .array/port v0x5611063a7130, 5769;
v0x5611063a7130_5770 .array/port v0x5611063a7130, 5770;
E_0x56110637b490/1442 .event anyedge, v0x5611063a7130_5767, v0x5611063a7130_5768, v0x5611063a7130_5769, v0x5611063a7130_5770;
v0x5611063a7130_5771 .array/port v0x5611063a7130, 5771;
v0x5611063a7130_5772 .array/port v0x5611063a7130, 5772;
v0x5611063a7130_5773 .array/port v0x5611063a7130, 5773;
v0x5611063a7130_5774 .array/port v0x5611063a7130, 5774;
E_0x56110637b490/1443 .event anyedge, v0x5611063a7130_5771, v0x5611063a7130_5772, v0x5611063a7130_5773, v0x5611063a7130_5774;
v0x5611063a7130_5775 .array/port v0x5611063a7130, 5775;
v0x5611063a7130_5776 .array/port v0x5611063a7130, 5776;
v0x5611063a7130_5777 .array/port v0x5611063a7130, 5777;
v0x5611063a7130_5778 .array/port v0x5611063a7130, 5778;
E_0x56110637b490/1444 .event anyedge, v0x5611063a7130_5775, v0x5611063a7130_5776, v0x5611063a7130_5777, v0x5611063a7130_5778;
v0x5611063a7130_5779 .array/port v0x5611063a7130, 5779;
v0x5611063a7130_5780 .array/port v0x5611063a7130, 5780;
v0x5611063a7130_5781 .array/port v0x5611063a7130, 5781;
v0x5611063a7130_5782 .array/port v0x5611063a7130, 5782;
E_0x56110637b490/1445 .event anyedge, v0x5611063a7130_5779, v0x5611063a7130_5780, v0x5611063a7130_5781, v0x5611063a7130_5782;
v0x5611063a7130_5783 .array/port v0x5611063a7130, 5783;
v0x5611063a7130_5784 .array/port v0x5611063a7130, 5784;
v0x5611063a7130_5785 .array/port v0x5611063a7130, 5785;
v0x5611063a7130_5786 .array/port v0x5611063a7130, 5786;
E_0x56110637b490/1446 .event anyedge, v0x5611063a7130_5783, v0x5611063a7130_5784, v0x5611063a7130_5785, v0x5611063a7130_5786;
v0x5611063a7130_5787 .array/port v0x5611063a7130, 5787;
v0x5611063a7130_5788 .array/port v0x5611063a7130, 5788;
v0x5611063a7130_5789 .array/port v0x5611063a7130, 5789;
v0x5611063a7130_5790 .array/port v0x5611063a7130, 5790;
E_0x56110637b490/1447 .event anyedge, v0x5611063a7130_5787, v0x5611063a7130_5788, v0x5611063a7130_5789, v0x5611063a7130_5790;
v0x5611063a7130_5791 .array/port v0x5611063a7130, 5791;
v0x5611063a7130_5792 .array/port v0x5611063a7130, 5792;
v0x5611063a7130_5793 .array/port v0x5611063a7130, 5793;
v0x5611063a7130_5794 .array/port v0x5611063a7130, 5794;
E_0x56110637b490/1448 .event anyedge, v0x5611063a7130_5791, v0x5611063a7130_5792, v0x5611063a7130_5793, v0x5611063a7130_5794;
v0x5611063a7130_5795 .array/port v0x5611063a7130, 5795;
v0x5611063a7130_5796 .array/port v0x5611063a7130, 5796;
v0x5611063a7130_5797 .array/port v0x5611063a7130, 5797;
v0x5611063a7130_5798 .array/port v0x5611063a7130, 5798;
E_0x56110637b490/1449 .event anyedge, v0x5611063a7130_5795, v0x5611063a7130_5796, v0x5611063a7130_5797, v0x5611063a7130_5798;
v0x5611063a7130_5799 .array/port v0x5611063a7130, 5799;
v0x5611063a7130_5800 .array/port v0x5611063a7130, 5800;
v0x5611063a7130_5801 .array/port v0x5611063a7130, 5801;
v0x5611063a7130_5802 .array/port v0x5611063a7130, 5802;
E_0x56110637b490/1450 .event anyedge, v0x5611063a7130_5799, v0x5611063a7130_5800, v0x5611063a7130_5801, v0x5611063a7130_5802;
v0x5611063a7130_5803 .array/port v0x5611063a7130, 5803;
v0x5611063a7130_5804 .array/port v0x5611063a7130, 5804;
v0x5611063a7130_5805 .array/port v0x5611063a7130, 5805;
v0x5611063a7130_5806 .array/port v0x5611063a7130, 5806;
E_0x56110637b490/1451 .event anyedge, v0x5611063a7130_5803, v0x5611063a7130_5804, v0x5611063a7130_5805, v0x5611063a7130_5806;
v0x5611063a7130_5807 .array/port v0x5611063a7130, 5807;
v0x5611063a7130_5808 .array/port v0x5611063a7130, 5808;
v0x5611063a7130_5809 .array/port v0x5611063a7130, 5809;
v0x5611063a7130_5810 .array/port v0x5611063a7130, 5810;
E_0x56110637b490/1452 .event anyedge, v0x5611063a7130_5807, v0x5611063a7130_5808, v0x5611063a7130_5809, v0x5611063a7130_5810;
v0x5611063a7130_5811 .array/port v0x5611063a7130, 5811;
v0x5611063a7130_5812 .array/port v0x5611063a7130, 5812;
v0x5611063a7130_5813 .array/port v0x5611063a7130, 5813;
v0x5611063a7130_5814 .array/port v0x5611063a7130, 5814;
E_0x56110637b490/1453 .event anyedge, v0x5611063a7130_5811, v0x5611063a7130_5812, v0x5611063a7130_5813, v0x5611063a7130_5814;
v0x5611063a7130_5815 .array/port v0x5611063a7130, 5815;
v0x5611063a7130_5816 .array/port v0x5611063a7130, 5816;
v0x5611063a7130_5817 .array/port v0x5611063a7130, 5817;
v0x5611063a7130_5818 .array/port v0x5611063a7130, 5818;
E_0x56110637b490/1454 .event anyedge, v0x5611063a7130_5815, v0x5611063a7130_5816, v0x5611063a7130_5817, v0x5611063a7130_5818;
v0x5611063a7130_5819 .array/port v0x5611063a7130, 5819;
v0x5611063a7130_5820 .array/port v0x5611063a7130, 5820;
v0x5611063a7130_5821 .array/port v0x5611063a7130, 5821;
v0x5611063a7130_5822 .array/port v0x5611063a7130, 5822;
E_0x56110637b490/1455 .event anyedge, v0x5611063a7130_5819, v0x5611063a7130_5820, v0x5611063a7130_5821, v0x5611063a7130_5822;
v0x5611063a7130_5823 .array/port v0x5611063a7130, 5823;
v0x5611063a7130_5824 .array/port v0x5611063a7130, 5824;
v0x5611063a7130_5825 .array/port v0x5611063a7130, 5825;
v0x5611063a7130_5826 .array/port v0x5611063a7130, 5826;
E_0x56110637b490/1456 .event anyedge, v0x5611063a7130_5823, v0x5611063a7130_5824, v0x5611063a7130_5825, v0x5611063a7130_5826;
v0x5611063a7130_5827 .array/port v0x5611063a7130, 5827;
v0x5611063a7130_5828 .array/port v0x5611063a7130, 5828;
v0x5611063a7130_5829 .array/port v0x5611063a7130, 5829;
v0x5611063a7130_5830 .array/port v0x5611063a7130, 5830;
E_0x56110637b490/1457 .event anyedge, v0x5611063a7130_5827, v0x5611063a7130_5828, v0x5611063a7130_5829, v0x5611063a7130_5830;
v0x5611063a7130_5831 .array/port v0x5611063a7130, 5831;
v0x5611063a7130_5832 .array/port v0x5611063a7130, 5832;
v0x5611063a7130_5833 .array/port v0x5611063a7130, 5833;
v0x5611063a7130_5834 .array/port v0x5611063a7130, 5834;
E_0x56110637b490/1458 .event anyedge, v0x5611063a7130_5831, v0x5611063a7130_5832, v0x5611063a7130_5833, v0x5611063a7130_5834;
v0x5611063a7130_5835 .array/port v0x5611063a7130, 5835;
v0x5611063a7130_5836 .array/port v0x5611063a7130, 5836;
v0x5611063a7130_5837 .array/port v0x5611063a7130, 5837;
v0x5611063a7130_5838 .array/port v0x5611063a7130, 5838;
E_0x56110637b490/1459 .event anyedge, v0x5611063a7130_5835, v0x5611063a7130_5836, v0x5611063a7130_5837, v0x5611063a7130_5838;
v0x5611063a7130_5839 .array/port v0x5611063a7130, 5839;
v0x5611063a7130_5840 .array/port v0x5611063a7130, 5840;
v0x5611063a7130_5841 .array/port v0x5611063a7130, 5841;
v0x5611063a7130_5842 .array/port v0x5611063a7130, 5842;
E_0x56110637b490/1460 .event anyedge, v0x5611063a7130_5839, v0x5611063a7130_5840, v0x5611063a7130_5841, v0x5611063a7130_5842;
v0x5611063a7130_5843 .array/port v0x5611063a7130, 5843;
v0x5611063a7130_5844 .array/port v0x5611063a7130, 5844;
v0x5611063a7130_5845 .array/port v0x5611063a7130, 5845;
v0x5611063a7130_5846 .array/port v0x5611063a7130, 5846;
E_0x56110637b490/1461 .event anyedge, v0x5611063a7130_5843, v0x5611063a7130_5844, v0x5611063a7130_5845, v0x5611063a7130_5846;
v0x5611063a7130_5847 .array/port v0x5611063a7130, 5847;
v0x5611063a7130_5848 .array/port v0x5611063a7130, 5848;
v0x5611063a7130_5849 .array/port v0x5611063a7130, 5849;
v0x5611063a7130_5850 .array/port v0x5611063a7130, 5850;
E_0x56110637b490/1462 .event anyedge, v0x5611063a7130_5847, v0x5611063a7130_5848, v0x5611063a7130_5849, v0x5611063a7130_5850;
v0x5611063a7130_5851 .array/port v0x5611063a7130, 5851;
v0x5611063a7130_5852 .array/port v0x5611063a7130, 5852;
v0x5611063a7130_5853 .array/port v0x5611063a7130, 5853;
v0x5611063a7130_5854 .array/port v0x5611063a7130, 5854;
E_0x56110637b490/1463 .event anyedge, v0x5611063a7130_5851, v0x5611063a7130_5852, v0x5611063a7130_5853, v0x5611063a7130_5854;
v0x5611063a7130_5855 .array/port v0x5611063a7130, 5855;
v0x5611063a7130_5856 .array/port v0x5611063a7130, 5856;
v0x5611063a7130_5857 .array/port v0x5611063a7130, 5857;
v0x5611063a7130_5858 .array/port v0x5611063a7130, 5858;
E_0x56110637b490/1464 .event anyedge, v0x5611063a7130_5855, v0x5611063a7130_5856, v0x5611063a7130_5857, v0x5611063a7130_5858;
v0x5611063a7130_5859 .array/port v0x5611063a7130, 5859;
v0x5611063a7130_5860 .array/port v0x5611063a7130, 5860;
v0x5611063a7130_5861 .array/port v0x5611063a7130, 5861;
v0x5611063a7130_5862 .array/port v0x5611063a7130, 5862;
E_0x56110637b490/1465 .event anyedge, v0x5611063a7130_5859, v0x5611063a7130_5860, v0x5611063a7130_5861, v0x5611063a7130_5862;
v0x5611063a7130_5863 .array/port v0x5611063a7130, 5863;
v0x5611063a7130_5864 .array/port v0x5611063a7130, 5864;
v0x5611063a7130_5865 .array/port v0x5611063a7130, 5865;
v0x5611063a7130_5866 .array/port v0x5611063a7130, 5866;
E_0x56110637b490/1466 .event anyedge, v0x5611063a7130_5863, v0x5611063a7130_5864, v0x5611063a7130_5865, v0x5611063a7130_5866;
v0x5611063a7130_5867 .array/port v0x5611063a7130, 5867;
v0x5611063a7130_5868 .array/port v0x5611063a7130, 5868;
v0x5611063a7130_5869 .array/port v0x5611063a7130, 5869;
v0x5611063a7130_5870 .array/port v0x5611063a7130, 5870;
E_0x56110637b490/1467 .event anyedge, v0x5611063a7130_5867, v0x5611063a7130_5868, v0x5611063a7130_5869, v0x5611063a7130_5870;
v0x5611063a7130_5871 .array/port v0x5611063a7130, 5871;
v0x5611063a7130_5872 .array/port v0x5611063a7130, 5872;
v0x5611063a7130_5873 .array/port v0x5611063a7130, 5873;
v0x5611063a7130_5874 .array/port v0x5611063a7130, 5874;
E_0x56110637b490/1468 .event anyedge, v0x5611063a7130_5871, v0x5611063a7130_5872, v0x5611063a7130_5873, v0x5611063a7130_5874;
v0x5611063a7130_5875 .array/port v0x5611063a7130, 5875;
v0x5611063a7130_5876 .array/port v0x5611063a7130, 5876;
v0x5611063a7130_5877 .array/port v0x5611063a7130, 5877;
v0x5611063a7130_5878 .array/port v0x5611063a7130, 5878;
E_0x56110637b490/1469 .event anyedge, v0x5611063a7130_5875, v0x5611063a7130_5876, v0x5611063a7130_5877, v0x5611063a7130_5878;
v0x5611063a7130_5879 .array/port v0x5611063a7130, 5879;
v0x5611063a7130_5880 .array/port v0x5611063a7130, 5880;
v0x5611063a7130_5881 .array/port v0x5611063a7130, 5881;
v0x5611063a7130_5882 .array/port v0x5611063a7130, 5882;
E_0x56110637b490/1470 .event anyedge, v0x5611063a7130_5879, v0x5611063a7130_5880, v0x5611063a7130_5881, v0x5611063a7130_5882;
v0x5611063a7130_5883 .array/port v0x5611063a7130, 5883;
v0x5611063a7130_5884 .array/port v0x5611063a7130, 5884;
v0x5611063a7130_5885 .array/port v0x5611063a7130, 5885;
v0x5611063a7130_5886 .array/port v0x5611063a7130, 5886;
E_0x56110637b490/1471 .event anyedge, v0x5611063a7130_5883, v0x5611063a7130_5884, v0x5611063a7130_5885, v0x5611063a7130_5886;
v0x5611063a7130_5887 .array/port v0x5611063a7130, 5887;
v0x5611063a7130_5888 .array/port v0x5611063a7130, 5888;
v0x5611063a7130_5889 .array/port v0x5611063a7130, 5889;
v0x5611063a7130_5890 .array/port v0x5611063a7130, 5890;
E_0x56110637b490/1472 .event anyedge, v0x5611063a7130_5887, v0x5611063a7130_5888, v0x5611063a7130_5889, v0x5611063a7130_5890;
v0x5611063a7130_5891 .array/port v0x5611063a7130, 5891;
v0x5611063a7130_5892 .array/port v0x5611063a7130, 5892;
v0x5611063a7130_5893 .array/port v0x5611063a7130, 5893;
v0x5611063a7130_5894 .array/port v0x5611063a7130, 5894;
E_0x56110637b490/1473 .event anyedge, v0x5611063a7130_5891, v0x5611063a7130_5892, v0x5611063a7130_5893, v0x5611063a7130_5894;
v0x5611063a7130_5895 .array/port v0x5611063a7130, 5895;
v0x5611063a7130_5896 .array/port v0x5611063a7130, 5896;
v0x5611063a7130_5897 .array/port v0x5611063a7130, 5897;
v0x5611063a7130_5898 .array/port v0x5611063a7130, 5898;
E_0x56110637b490/1474 .event anyedge, v0x5611063a7130_5895, v0x5611063a7130_5896, v0x5611063a7130_5897, v0x5611063a7130_5898;
v0x5611063a7130_5899 .array/port v0x5611063a7130, 5899;
v0x5611063a7130_5900 .array/port v0x5611063a7130, 5900;
v0x5611063a7130_5901 .array/port v0x5611063a7130, 5901;
v0x5611063a7130_5902 .array/port v0x5611063a7130, 5902;
E_0x56110637b490/1475 .event anyedge, v0x5611063a7130_5899, v0x5611063a7130_5900, v0x5611063a7130_5901, v0x5611063a7130_5902;
v0x5611063a7130_5903 .array/port v0x5611063a7130, 5903;
v0x5611063a7130_5904 .array/port v0x5611063a7130, 5904;
v0x5611063a7130_5905 .array/port v0x5611063a7130, 5905;
v0x5611063a7130_5906 .array/port v0x5611063a7130, 5906;
E_0x56110637b490/1476 .event anyedge, v0x5611063a7130_5903, v0x5611063a7130_5904, v0x5611063a7130_5905, v0x5611063a7130_5906;
v0x5611063a7130_5907 .array/port v0x5611063a7130, 5907;
v0x5611063a7130_5908 .array/port v0x5611063a7130, 5908;
v0x5611063a7130_5909 .array/port v0x5611063a7130, 5909;
v0x5611063a7130_5910 .array/port v0x5611063a7130, 5910;
E_0x56110637b490/1477 .event anyedge, v0x5611063a7130_5907, v0x5611063a7130_5908, v0x5611063a7130_5909, v0x5611063a7130_5910;
v0x5611063a7130_5911 .array/port v0x5611063a7130, 5911;
v0x5611063a7130_5912 .array/port v0x5611063a7130, 5912;
v0x5611063a7130_5913 .array/port v0x5611063a7130, 5913;
v0x5611063a7130_5914 .array/port v0x5611063a7130, 5914;
E_0x56110637b490/1478 .event anyedge, v0x5611063a7130_5911, v0x5611063a7130_5912, v0x5611063a7130_5913, v0x5611063a7130_5914;
v0x5611063a7130_5915 .array/port v0x5611063a7130, 5915;
v0x5611063a7130_5916 .array/port v0x5611063a7130, 5916;
v0x5611063a7130_5917 .array/port v0x5611063a7130, 5917;
v0x5611063a7130_5918 .array/port v0x5611063a7130, 5918;
E_0x56110637b490/1479 .event anyedge, v0x5611063a7130_5915, v0x5611063a7130_5916, v0x5611063a7130_5917, v0x5611063a7130_5918;
v0x5611063a7130_5919 .array/port v0x5611063a7130, 5919;
v0x5611063a7130_5920 .array/port v0x5611063a7130, 5920;
v0x5611063a7130_5921 .array/port v0x5611063a7130, 5921;
v0x5611063a7130_5922 .array/port v0x5611063a7130, 5922;
E_0x56110637b490/1480 .event anyedge, v0x5611063a7130_5919, v0x5611063a7130_5920, v0x5611063a7130_5921, v0x5611063a7130_5922;
v0x5611063a7130_5923 .array/port v0x5611063a7130, 5923;
v0x5611063a7130_5924 .array/port v0x5611063a7130, 5924;
v0x5611063a7130_5925 .array/port v0x5611063a7130, 5925;
v0x5611063a7130_5926 .array/port v0x5611063a7130, 5926;
E_0x56110637b490/1481 .event anyedge, v0x5611063a7130_5923, v0x5611063a7130_5924, v0x5611063a7130_5925, v0x5611063a7130_5926;
v0x5611063a7130_5927 .array/port v0x5611063a7130, 5927;
v0x5611063a7130_5928 .array/port v0x5611063a7130, 5928;
v0x5611063a7130_5929 .array/port v0x5611063a7130, 5929;
v0x5611063a7130_5930 .array/port v0x5611063a7130, 5930;
E_0x56110637b490/1482 .event anyedge, v0x5611063a7130_5927, v0x5611063a7130_5928, v0x5611063a7130_5929, v0x5611063a7130_5930;
v0x5611063a7130_5931 .array/port v0x5611063a7130, 5931;
v0x5611063a7130_5932 .array/port v0x5611063a7130, 5932;
v0x5611063a7130_5933 .array/port v0x5611063a7130, 5933;
v0x5611063a7130_5934 .array/port v0x5611063a7130, 5934;
E_0x56110637b490/1483 .event anyedge, v0x5611063a7130_5931, v0x5611063a7130_5932, v0x5611063a7130_5933, v0x5611063a7130_5934;
v0x5611063a7130_5935 .array/port v0x5611063a7130, 5935;
v0x5611063a7130_5936 .array/port v0x5611063a7130, 5936;
v0x5611063a7130_5937 .array/port v0x5611063a7130, 5937;
v0x5611063a7130_5938 .array/port v0x5611063a7130, 5938;
E_0x56110637b490/1484 .event anyedge, v0x5611063a7130_5935, v0x5611063a7130_5936, v0x5611063a7130_5937, v0x5611063a7130_5938;
v0x5611063a7130_5939 .array/port v0x5611063a7130, 5939;
v0x5611063a7130_5940 .array/port v0x5611063a7130, 5940;
v0x5611063a7130_5941 .array/port v0x5611063a7130, 5941;
v0x5611063a7130_5942 .array/port v0x5611063a7130, 5942;
E_0x56110637b490/1485 .event anyedge, v0x5611063a7130_5939, v0x5611063a7130_5940, v0x5611063a7130_5941, v0x5611063a7130_5942;
v0x5611063a7130_5943 .array/port v0x5611063a7130, 5943;
v0x5611063a7130_5944 .array/port v0x5611063a7130, 5944;
v0x5611063a7130_5945 .array/port v0x5611063a7130, 5945;
v0x5611063a7130_5946 .array/port v0x5611063a7130, 5946;
E_0x56110637b490/1486 .event anyedge, v0x5611063a7130_5943, v0x5611063a7130_5944, v0x5611063a7130_5945, v0x5611063a7130_5946;
v0x5611063a7130_5947 .array/port v0x5611063a7130, 5947;
v0x5611063a7130_5948 .array/port v0x5611063a7130, 5948;
v0x5611063a7130_5949 .array/port v0x5611063a7130, 5949;
v0x5611063a7130_5950 .array/port v0x5611063a7130, 5950;
E_0x56110637b490/1487 .event anyedge, v0x5611063a7130_5947, v0x5611063a7130_5948, v0x5611063a7130_5949, v0x5611063a7130_5950;
v0x5611063a7130_5951 .array/port v0x5611063a7130, 5951;
v0x5611063a7130_5952 .array/port v0x5611063a7130, 5952;
v0x5611063a7130_5953 .array/port v0x5611063a7130, 5953;
v0x5611063a7130_5954 .array/port v0x5611063a7130, 5954;
E_0x56110637b490/1488 .event anyedge, v0x5611063a7130_5951, v0x5611063a7130_5952, v0x5611063a7130_5953, v0x5611063a7130_5954;
v0x5611063a7130_5955 .array/port v0x5611063a7130, 5955;
v0x5611063a7130_5956 .array/port v0x5611063a7130, 5956;
v0x5611063a7130_5957 .array/port v0x5611063a7130, 5957;
v0x5611063a7130_5958 .array/port v0x5611063a7130, 5958;
E_0x56110637b490/1489 .event anyedge, v0x5611063a7130_5955, v0x5611063a7130_5956, v0x5611063a7130_5957, v0x5611063a7130_5958;
v0x5611063a7130_5959 .array/port v0x5611063a7130, 5959;
v0x5611063a7130_5960 .array/port v0x5611063a7130, 5960;
v0x5611063a7130_5961 .array/port v0x5611063a7130, 5961;
v0x5611063a7130_5962 .array/port v0x5611063a7130, 5962;
E_0x56110637b490/1490 .event anyedge, v0x5611063a7130_5959, v0x5611063a7130_5960, v0x5611063a7130_5961, v0x5611063a7130_5962;
v0x5611063a7130_5963 .array/port v0x5611063a7130, 5963;
v0x5611063a7130_5964 .array/port v0x5611063a7130, 5964;
v0x5611063a7130_5965 .array/port v0x5611063a7130, 5965;
v0x5611063a7130_5966 .array/port v0x5611063a7130, 5966;
E_0x56110637b490/1491 .event anyedge, v0x5611063a7130_5963, v0x5611063a7130_5964, v0x5611063a7130_5965, v0x5611063a7130_5966;
v0x5611063a7130_5967 .array/port v0x5611063a7130, 5967;
v0x5611063a7130_5968 .array/port v0x5611063a7130, 5968;
v0x5611063a7130_5969 .array/port v0x5611063a7130, 5969;
v0x5611063a7130_5970 .array/port v0x5611063a7130, 5970;
E_0x56110637b490/1492 .event anyedge, v0x5611063a7130_5967, v0x5611063a7130_5968, v0x5611063a7130_5969, v0x5611063a7130_5970;
v0x5611063a7130_5971 .array/port v0x5611063a7130, 5971;
v0x5611063a7130_5972 .array/port v0x5611063a7130, 5972;
v0x5611063a7130_5973 .array/port v0x5611063a7130, 5973;
v0x5611063a7130_5974 .array/port v0x5611063a7130, 5974;
E_0x56110637b490/1493 .event anyedge, v0x5611063a7130_5971, v0x5611063a7130_5972, v0x5611063a7130_5973, v0x5611063a7130_5974;
v0x5611063a7130_5975 .array/port v0x5611063a7130, 5975;
v0x5611063a7130_5976 .array/port v0x5611063a7130, 5976;
v0x5611063a7130_5977 .array/port v0x5611063a7130, 5977;
v0x5611063a7130_5978 .array/port v0x5611063a7130, 5978;
E_0x56110637b490/1494 .event anyedge, v0x5611063a7130_5975, v0x5611063a7130_5976, v0x5611063a7130_5977, v0x5611063a7130_5978;
v0x5611063a7130_5979 .array/port v0x5611063a7130, 5979;
v0x5611063a7130_5980 .array/port v0x5611063a7130, 5980;
v0x5611063a7130_5981 .array/port v0x5611063a7130, 5981;
v0x5611063a7130_5982 .array/port v0x5611063a7130, 5982;
E_0x56110637b490/1495 .event anyedge, v0x5611063a7130_5979, v0x5611063a7130_5980, v0x5611063a7130_5981, v0x5611063a7130_5982;
v0x5611063a7130_5983 .array/port v0x5611063a7130, 5983;
v0x5611063a7130_5984 .array/port v0x5611063a7130, 5984;
v0x5611063a7130_5985 .array/port v0x5611063a7130, 5985;
v0x5611063a7130_5986 .array/port v0x5611063a7130, 5986;
E_0x56110637b490/1496 .event anyedge, v0x5611063a7130_5983, v0x5611063a7130_5984, v0x5611063a7130_5985, v0x5611063a7130_5986;
v0x5611063a7130_5987 .array/port v0x5611063a7130, 5987;
v0x5611063a7130_5988 .array/port v0x5611063a7130, 5988;
v0x5611063a7130_5989 .array/port v0x5611063a7130, 5989;
v0x5611063a7130_5990 .array/port v0x5611063a7130, 5990;
E_0x56110637b490/1497 .event anyedge, v0x5611063a7130_5987, v0x5611063a7130_5988, v0x5611063a7130_5989, v0x5611063a7130_5990;
v0x5611063a7130_5991 .array/port v0x5611063a7130, 5991;
v0x5611063a7130_5992 .array/port v0x5611063a7130, 5992;
v0x5611063a7130_5993 .array/port v0x5611063a7130, 5993;
v0x5611063a7130_5994 .array/port v0x5611063a7130, 5994;
E_0x56110637b490/1498 .event anyedge, v0x5611063a7130_5991, v0x5611063a7130_5992, v0x5611063a7130_5993, v0x5611063a7130_5994;
v0x5611063a7130_5995 .array/port v0x5611063a7130, 5995;
v0x5611063a7130_5996 .array/port v0x5611063a7130, 5996;
v0x5611063a7130_5997 .array/port v0x5611063a7130, 5997;
v0x5611063a7130_5998 .array/port v0x5611063a7130, 5998;
E_0x56110637b490/1499 .event anyedge, v0x5611063a7130_5995, v0x5611063a7130_5996, v0x5611063a7130_5997, v0x5611063a7130_5998;
v0x5611063a7130_5999 .array/port v0x5611063a7130, 5999;
v0x5611063a7130_6000 .array/port v0x5611063a7130, 6000;
v0x5611063a7130_6001 .array/port v0x5611063a7130, 6001;
v0x5611063a7130_6002 .array/port v0x5611063a7130, 6002;
E_0x56110637b490/1500 .event anyedge, v0x5611063a7130_5999, v0x5611063a7130_6000, v0x5611063a7130_6001, v0x5611063a7130_6002;
v0x5611063a7130_6003 .array/port v0x5611063a7130, 6003;
v0x5611063a7130_6004 .array/port v0x5611063a7130, 6004;
v0x5611063a7130_6005 .array/port v0x5611063a7130, 6005;
v0x5611063a7130_6006 .array/port v0x5611063a7130, 6006;
E_0x56110637b490/1501 .event anyedge, v0x5611063a7130_6003, v0x5611063a7130_6004, v0x5611063a7130_6005, v0x5611063a7130_6006;
v0x5611063a7130_6007 .array/port v0x5611063a7130, 6007;
v0x5611063a7130_6008 .array/port v0x5611063a7130, 6008;
v0x5611063a7130_6009 .array/port v0x5611063a7130, 6009;
v0x5611063a7130_6010 .array/port v0x5611063a7130, 6010;
E_0x56110637b490/1502 .event anyedge, v0x5611063a7130_6007, v0x5611063a7130_6008, v0x5611063a7130_6009, v0x5611063a7130_6010;
v0x5611063a7130_6011 .array/port v0x5611063a7130, 6011;
v0x5611063a7130_6012 .array/port v0x5611063a7130, 6012;
v0x5611063a7130_6013 .array/port v0x5611063a7130, 6013;
v0x5611063a7130_6014 .array/port v0x5611063a7130, 6014;
E_0x56110637b490/1503 .event anyedge, v0x5611063a7130_6011, v0x5611063a7130_6012, v0x5611063a7130_6013, v0x5611063a7130_6014;
v0x5611063a7130_6015 .array/port v0x5611063a7130, 6015;
v0x5611063a7130_6016 .array/port v0x5611063a7130, 6016;
v0x5611063a7130_6017 .array/port v0x5611063a7130, 6017;
v0x5611063a7130_6018 .array/port v0x5611063a7130, 6018;
E_0x56110637b490/1504 .event anyedge, v0x5611063a7130_6015, v0x5611063a7130_6016, v0x5611063a7130_6017, v0x5611063a7130_6018;
v0x5611063a7130_6019 .array/port v0x5611063a7130, 6019;
v0x5611063a7130_6020 .array/port v0x5611063a7130, 6020;
v0x5611063a7130_6021 .array/port v0x5611063a7130, 6021;
v0x5611063a7130_6022 .array/port v0x5611063a7130, 6022;
E_0x56110637b490/1505 .event anyedge, v0x5611063a7130_6019, v0x5611063a7130_6020, v0x5611063a7130_6021, v0x5611063a7130_6022;
v0x5611063a7130_6023 .array/port v0x5611063a7130, 6023;
v0x5611063a7130_6024 .array/port v0x5611063a7130, 6024;
v0x5611063a7130_6025 .array/port v0x5611063a7130, 6025;
v0x5611063a7130_6026 .array/port v0x5611063a7130, 6026;
E_0x56110637b490/1506 .event anyedge, v0x5611063a7130_6023, v0x5611063a7130_6024, v0x5611063a7130_6025, v0x5611063a7130_6026;
v0x5611063a7130_6027 .array/port v0x5611063a7130, 6027;
v0x5611063a7130_6028 .array/port v0x5611063a7130, 6028;
v0x5611063a7130_6029 .array/port v0x5611063a7130, 6029;
v0x5611063a7130_6030 .array/port v0x5611063a7130, 6030;
E_0x56110637b490/1507 .event anyedge, v0x5611063a7130_6027, v0x5611063a7130_6028, v0x5611063a7130_6029, v0x5611063a7130_6030;
v0x5611063a7130_6031 .array/port v0x5611063a7130, 6031;
v0x5611063a7130_6032 .array/port v0x5611063a7130, 6032;
v0x5611063a7130_6033 .array/port v0x5611063a7130, 6033;
v0x5611063a7130_6034 .array/port v0x5611063a7130, 6034;
E_0x56110637b490/1508 .event anyedge, v0x5611063a7130_6031, v0x5611063a7130_6032, v0x5611063a7130_6033, v0x5611063a7130_6034;
v0x5611063a7130_6035 .array/port v0x5611063a7130, 6035;
v0x5611063a7130_6036 .array/port v0x5611063a7130, 6036;
v0x5611063a7130_6037 .array/port v0x5611063a7130, 6037;
v0x5611063a7130_6038 .array/port v0x5611063a7130, 6038;
E_0x56110637b490/1509 .event anyedge, v0x5611063a7130_6035, v0x5611063a7130_6036, v0x5611063a7130_6037, v0x5611063a7130_6038;
v0x5611063a7130_6039 .array/port v0x5611063a7130, 6039;
v0x5611063a7130_6040 .array/port v0x5611063a7130, 6040;
v0x5611063a7130_6041 .array/port v0x5611063a7130, 6041;
v0x5611063a7130_6042 .array/port v0x5611063a7130, 6042;
E_0x56110637b490/1510 .event anyedge, v0x5611063a7130_6039, v0x5611063a7130_6040, v0x5611063a7130_6041, v0x5611063a7130_6042;
v0x5611063a7130_6043 .array/port v0x5611063a7130, 6043;
v0x5611063a7130_6044 .array/port v0x5611063a7130, 6044;
v0x5611063a7130_6045 .array/port v0x5611063a7130, 6045;
v0x5611063a7130_6046 .array/port v0x5611063a7130, 6046;
E_0x56110637b490/1511 .event anyedge, v0x5611063a7130_6043, v0x5611063a7130_6044, v0x5611063a7130_6045, v0x5611063a7130_6046;
v0x5611063a7130_6047 .array/port v0x5611063a7130, 6047;
v0x5611063a7130_6048 .array/port v0x5611063a7130, 6048;
v0x5611063a7130_6049 .array/port v0x5611063a7130, 6049;
v0x5611063a7130_6050 .array/port v0x5611063a7130, 6050;
E_0x56110637b490/1512 .event anyedge, v0x5611063a7130_6047, v0x5611063a7130_6048, v0x5611063a7130_6049, v0x5611063a7130_6050;
v0x5611063a7130_6051 .array/port v0x5611063a7130, 6051;
v0x5611063a7130_6052 .array/port v0x5611063a7130, 6052;
v0x5611063a7130_6053 .array/port v0x5611063a7130, 6053;
v0x5611063a7130_6054 .array/port v0x5611063a7130, 6054;
E_0x56110637b490/1513 .event anyedge, v0x5611063a7130_6051, v0x5611063a7130_6052, v0x5611063a7130_6053, v0x5611063a7130_6054;
v0x5611063a7130_6055 .array/port v0x5611063a7130, 6055;
v0x5611063a7130_6056 .array/port v0x5611063a7130, 6056;
v0x5611063a7130_6057 .array/port v0x5611063a7130, 6057;
v0x5611063a7130_6058 .array/port v0x5611063a7130, 6058;
E_0x56110637b490/1514 .event anyedge, v0x5611063a7130_6055, v0x5611063a7130_6056, v0x5611063a7130_6057, v0x5611063a7130_6058;
v0x5611063a7130_6059 .array/port v0x5611063a7130, 6059;
v0x5611063a7130_6060 .array/port v0x5611063a7130, 6060;
v0x5611063a7130_6061 .array/port v0x5611063a7130, 6061;
v0x5611063a7130_6062 .array/port v0x5611063a7130, 6062;
E_0x56110637b490/1515 .event anyedge, v0x5611063a7130_6059, v0x5611063a7130_6060, v0x5611063a7130_6061, v0x5611063a7130_6062;
v0x5611063a7130_6063 .array/port v0x5611063a7130, 6063;
v0x5611063a7130_6064 .array/port v0x5611063a7130, 6064;
v0x5611063a7130_6065 .array/port v0x5611063a7130, 6065;
v0x5611063a7130_6066 .array/port v0x5611063a7130, 6066;
E_0x56110637b490/1516 .event anyedge, v0x5611063a7130_6063, v0x5611063a7130_6064, v0x5611063a7130_6065, v0x5611063a7130_6066;
v0x5611063a7130_6067 .array/port v0x5611063a7130, 6067;
v0x5611063a7130_6068 .array/port v0x5611063a7130, 6068;
v0x5611063a7130_6069 .array/port v0x5611063a7130, 6069;
v0x5611063a7130_6070 .array/port v0x5611063a7130, 6070;
E_0x56110637b490/1517 .event anyedge, v0x5611063a7130_6067, v0x5611063a7130_6068, v0x5611063a7130_6069, v0x5611063a7130_6070;
v0x5611063a7130_6071 .array/port v0x5611063a7130, 6071;
v0x5611063a7130_6072 .array/port v0x5611063a7130, 6072;
v0x5611063a7130_6073 .array/port v0x5611063a7130, 6073;
v0x5611063a7130_6074 .array/port v0x5611063a7130, 6074;
E_0x56110637b490/1518 .event anyedge, v0x5611063a7130_6071, v0x5611063a7130_6072, v0x5611063a7130_6073, v0x5611063a7130_6074;
v0x5611063a7130_6075 .array/port v0x5611063a7130, 6075;
v0x5611063a7130_6076 .array/port v0x5611063a7130, 6076;
v0x5611063a7130_6077 .array/port v0x5611063a7130, 6077;
v0x5611063a7130_6078 .array/port v0x5611063a7130, 6078;
E_0x56110637b490/1519 .event anyedge, v0x5611063a7130_6075, v0x5611063a7130_6076, v0x5611063a7130_6077, v0x5611063a7130_6078;
v0x5611063a7130_6079 .array/port v0x5611063a7130, 6079;
v0x5611063a7130_6080 .array/port v0x5611063a7130, 6080;
v0x5611063a7130_6081 .array/port v0x5611063a7130, 6081;
v0x5611063a7130_6082 .array/port v0x5611063a7130, 6082;
E_0x56110637b490/1520 .event anyedge, v0x5611063a7130_6079, v0x5611063a7130_6080, v0x5611063a7130_6081, v0x5611063a7130_6082;
v0x5611063a7130_6083 .array/port v0x5611063a7130, 6083;
v0x5611063a7130_6084 .array/port v0x5611063a7130, 6084;
v0x5611063a7130_6085 .array/port v0x5611063a7130, 6085;
v0x5611063a7130_6086 .array/port v0x5611063a7130, 6086;
E_0x56110637b490/1521 .event anyedge, v0x5611063a7130_6083, v0x5611063a7130_6084, v0x5611063a7130_6085, v0x5611063a7130_6086;
v0x5611063a7130_6087 .array/port v0x5611063a7130, 6087;
v0x5611063a7130_6088 .array/port v0x5611063a7130, 6088;
v0x5611063a7130_6089 .array/port v0x5611063a7130, 6089;
v0x5611063a7130_6090 .array/port v0x5611063a7130, 6090;
E_0x56110637b490/1522 .event anyedge, v0x5611063a7130_6087, v0x5611063a7130_6088, v0x5611063a7130_6089, v0x5611063a7130_6090;
v0x5611063a7130_6091 .array/port v0x5611063a7130, 6091;
v0x5611063a7130_6092 .array/port v0x5611063a7130, 6092;
v0x5611063a7130_6093 .array/port v0x5611063a7130, 6093;
v0x5611063a7130_6094 .array/port v0x5611063a7130, 6094;
E_0x56110637b490/1523 .event anyedge, v0x5611063a7130_6091, v0x5611063a7130_6092, v0x5611063a7130_6093, v0x5611063a7130_6094;
v0x5611063a7130_6095 .array/port v0x5611063a7130, 6095;
v0x5611063a7130_6096 .array/port v0x5611063a7130, 6096;
v0x5611063a7130_6097 .array/port v0x5611063a7130, 6097;
v0x5611063a7130_6098 .array/port v0x5611063a7130, 6098;
E_0x56110637b490/1524 .event anyedge, v0x5611063a7130_6095, v0x5611063a7130_6096, v0x5611063a7130_6097, v0x5611063a7130_6098;
v0x5611063a7130_6099 .array/port v0x5611063a7130, 6099;
v0x5611063a7130_6100 .array/port v0x5611063a7130, 6100;
v0x5611063a7130_6101 .array/port v0x5611063a7130, 6101;
v0x5611063a7130_6102 .array/port v0x5611063a7130, 6102;
E_0x56110637b490/1525 .event anyedge, v0x5611063a7130_6099, v0x5611063a7130_6100, v0x5611063a7130_6101, v0x5611063a7130_6102;
v0x5611063a7130_6103 .array/port v0x5611063a7130, 6103;
v0x5611063a7130_6104 .array/port v0x5611063a7130, 6104;
v0x5611063a7130_6105 .array/port v0x5611063a7130, 6105;
v0x5611063a7130_6106 .array/port v0x5611063a7130, 6106;
E_0x56110637b490/1526 .event anyedge, v0x5611063a7130_6103, v0x5611063a7130_6104, v0x5611063a7130_6105, v0x5611063a7130_6106;
v0x5611063a7130_6107 .array/port v0x5611063a7130, 6107;
v0x5611063a7130_6108 .array/port v0x5611063a7130, 6108;
v0x5611063a7130_6109 .array/port v0x5611063a7130, 6109;
v0x5611063a7130_6110 .array/port v0x5611063a7130, 6110;
E_0x56110637b490/1527 .event anyedge, v0x5611063a7130_6107, v0x5611063a7130_6108, v0x5611063a7130_6109, v0x5611063a7130_6110;
v0x5611063a7130_6111 .array/port v0x5611063a7130, 6111;
v0x5611063a7130_6112 .array/port v0x5611063a7130, 6112;
v0x5611063a7130_6113 .array/port v0x5611063a7130, 6113;
v0x5611063a7130_6114 .array/port v0x5611063a7130, 6114;
E_0x56110637b490/1528 .event anyedge, v0x5611063a7130_6111, v0x5611063a7130_6112, v0x5611063a7130_6113, v0x5611063a7130_6114;
v0x5611063a7130_6115 .array/port v0x5611063a7130, 6115;
v0x5611063a7130_6116 .array/port v0x5611063a7130, 6116;
v0x5611063a7130_6117 .array/port v0x5611063a7130, 6117;
v0x5611063a7130_6118 .array/port v0x5611063a7130, 6118;
E_0x56110637b490/1529 .event anyedge, v0x5611063a7130_6115, v0x5611063a7130_6116, v0x5611063a7130_6117, v0x5611063a7130_6118;
v0x5611063a7130_6119 .array/port v0x5611063a7130, 6119;
v0x5611063a7130_6120 .array/port v0x5611063a7130, 6120;
v0x5611063a7130_6121 .array/port v0x5611063a7130, 6121;
v0x5611063a7130_6122 .array/port v0x5611063a7130, 6122;
E_0x56110637b490/1530 .event anyedge, v0x5611063a7130_6119, v0x5611063a7130_6120, v0x5611063a7130_6121, v0x5611063a7130_6122;
v0x5611063a7130_6123 .array/port v0x5611063a7130, 6123;
v0x5611063a7130_6124 .array/port v0x5611063a7130, 6124;
v0x5611063a7130_6125 .array/port v0x5611063a7130, 6125;
v0x5611063a7130_6126 .array/port v0x5611063a7130, 6126;
E_0x56110637b490/1531 .event anyedge, v0x5611063a7130_6123, v0x5611063a7130_6124, v0x5611063a7130_6125, v0x5611063a7130_6126;
v0x5611063a7130_6127 .array/port v0x5611063a7130, 6127;
v0x5611063a7130_6128 .array/port v0x5611063a7130, 6128;
v0x5611063a7130_6129 .array/port v0x5611063a7130, 6129;
v0x5611063a7130_6130 .array/port v0x5611063a7130, 6130;
E_0x56110637b490/1532 .event anyedge, v0x5611063a7130_6127, v0x5611063a7130_6128, v0x5611063a7130_6129, v0x5611063a7130_6130;
v0x5611063a7130_6131 .array/port v0x5611063a7130, 6131;
v0x5611063a7130_6132 .array/port v0x5611063a7130, 6132;
v0x5611063a7130_6133 .array/port v0x5611063a7130, 6133;
v0x5611063a7130_6134 .array/port v0x5611063a7130, 6134;
E_0x56110637b490/1533 .event anyedge, v0x5611063a7130_6131, v0x5611063a7130_6132, v0x5611063a7130_6133, v0x5611063a7130_6134;
v0x5611063a7130_6135 .array/port v0x5611063a7130, 6135;
v0x5611063a7130_6136 .array/port v0x5611063a7130, 6136;
v0x5611063a7130_6137 .array/port v0x5611063a7130, 6137;
v0x5611063a7130_6138 .array/port v0x5611063a7130, 6138;
E_0x56110637b490/1534 .event anyedge, v0x5611063a7130_6135, v0x5611063a7130_6136, v0x5611063a7130_6137, v0x5611063a7130_6138;
v0x5611063a7130_6139 .array/port v0x5611063a7130, 6139;
v0x5611063a7130_6140 .array/port v0x5611063a7130, 6140;
v0x5611063a7130_6141 .array/port v0x5611063a7130, 6141;
v0x5611063a7130_6142 .array/port v0x5611063a7130, 6142;
E_0x56110637b490/1535 .event anyedge, v0x5611063a7130_6139, v0x5611063a7130_6140, v0x5611063a7130_6141, v0x5611063a7130_6142;
v0x5611063a7130_6143 .array/port v0x5611063a7130, 6143;
v0x5611063a7130_6144 .array/port v0x5611063a7130, 6144;
v0x5611063a7130_6145 .array/port v0x5611063a7130, 6145;
v0x5611063a7130_6146 .array/port v0x5611063a7130, 6146;
E_0x56110637b490/1536 .event anyedge, v0x5611063a7130_6143, v0x5611063a7130_6144, v0x5611063a7130_6145, v0x5611063a7130_6146;
v0x5611063a7130_6147 .array/port v0x5611063a7130, 6147;
v0x5611063a7130_6148 .array/port v0x5611063a7130, 6148;
v0x5611063a7130_6149 .array/port v0x5611063a7130, 6149;
v0x5611063a7130_6150 .array/port v0x5611063a7130, 6150;
E_0x56110637b490/1537 .event anyedge, v0x5611063a7130_6147, v0x5611063a7130_6148, v0x5611063a7130_6149, v0x5611063a7130_6150;
v0x5611063a7130_6151 .array/port v0x5611063a7130, 6151;
v0x5611063a7130_6152 .array/port v0x5611063a7130, 6152;
v0x5611063a7130_6153 .array/port v0x5611063a7130, 6153;
v0x5611063a7130_6154 .array/port v0x5611063a7130, 6154;
E_0x56110637b490/1538 .event anyedge, v0x5611063a7130_6151, v0x5611063a7130_6152, v0x5611063a7130_6153, v0x5611063a7130_6154;
v0x5611063a7130_6155 .array/port v0x5611063a7130, 6155;
v0x5611063a7130_6156 .array/port v0x5611063a7130, 6156;
v0x5611063a7130_6157 .array/port v0x5611063a7130, 6157;
v0x5611063a7130_6158 .array/port v0x5611063a7130, 6158;
E_0x56110637b490/1539 .event anyedge, v0x5611063a7130_6155, v0x5611063a7130_6156, v0x5611063a7130_6157, v0x5611063a7130_6158;
v0x5611063a7130_6159 .array/port v0x5611063a7130, 6159;
v0x5611063a7130_6160 .array/port v0x5611063a7130, 6160;
v0x5611063a7130_6161 .array/port v0x5611063a7130, 6161;
v0x5611063a7130_6162 .array/port v0x5611063a7130, 6162;
E_0x56110637b490/1540 .event anyedge, v0x5611063a7130_6159, v0x5611063a7130_6160, v0x5611063a7130_6161, v0x5611063a7130_6162;
v0x5611063a7130_6163 .array/port v0x5611063a7130, 6163;
v0x5611063a7130_6164 .array/port v0x5611063a7130, 6164;
v0x5611063a7130_6165 .array/port v0x5611063a7130, 6165;
v0x5611063a7130_6166 .array/port v0x5611063a7130, 6166;
E_0x56110637b490/1541 .event anyedge, v0x5611063a7130_6163, v0x5611063a7130_6164, v0x5611063a7130_6165, v0x5611063a7130_6166;
v0x5611063a7130_6167 .array/port v0x5611063a7130, 6167;
v0x5611063a7130_6168 .array/port v0x5611063a7130, 6168;
v0x5611063a7130_6169 .array/port v0x5611063a7130, 6169;
v0x5611063a7130_6170 .array/port v0x5611063a7130, 6170;
E_0x56110637b490/1542 .event anyedge, v0x5611063a7130_6167, v0x5611063a7130_6168, v0x5611063a7130_6169, v0x5611063a7130_6170;
v0x5611063a7130_6171 .array/port v0x5611063a7130, 6171;
v0x5611063a7130_6172 .array/port v0x5611063a7130, 6172;
v0x5611063a7130_6173 .array/port v0x5611063a7130, 6173;
v0x5611063a7130_6174 .array/port v0x5611063a7130, 6174;
E_0x56110637b490/1543 .event anyedge, v0x5611063a7130_6171, v0x5611063a7130_6172, v0x5611063a7130_6173, v0x5611063a7130_6174;
v0x5611063a7130_6175 .array/port v0x5611063a7130, 6175;
v0x5611063a7130_6176 .array/port v0x5611063a7130, 6176;
v0x5611063a7130_6177 .array/port v0x5611063a7130, 6177;
v0x5611063a7130_6178 .array/port v0x5611063a7130, 6178;
E_0x56110637b490/1544 .event anyedge, v0x5611063a7130_6175, v0x5611063a7130_6176, v0x5611063a7130_6177, v0x5611063a7130_6178;
v0x5611063a7130_6179 .array/port v0x5611063a7130, 6179;
v0x5611063a7130_6180 .array/port v0x5611063a7130, 6180;
v0x5611063a7130_6181 .array/port v0x5611063a7130, 6181;
v0x5611063a7130_6182 .array/port v0x5611063a7130, 6182;
E_0x56110637b490/1545 .event anyedge, v0x5611063a7130_6179, v0x5611063a7130_6180, v0x5611063a7130_6181, v0x5611063a7130_6182;
v0x5611063a7130_6183 .array/port v0x5611063a7130, 6183;
v0x5611063a7130_6184 .array/port v0x5611063a7130, 6184;
v0x5611063a7130_6185 .array/port v0x5611063a7130, 6185;
v0x5611063a7130_6186 .array/port v0x5611063a7130, 6186;
E_0x56110637b490/1546 .event anyedge, v0x5611063a7130_6183, v0x5611063a7130_6184, v0x5611063a7130_6185, v0x5611063a7130_6186;
v0x5611063a7130_6187 .array/port v0x5611063a7130, 6187;
v0x5611063a7130_6188 .array/port v0x5611063a7130, 6188;
v0x5611063a7130_6189 .array/port v0x5611063a7130, 6189;
v0x5611063a7130_6190 .array/port v0x5611063a7130, 6190;
E_0x56110637b490/1547 .event anyedge, v0x5611063a7130_6187, v0x5611063a7130_6188, v0x5611063a7130_6189, v0x5611063a7130_6190;
v0x5611063a7130_6191 .array/port v0x5611063a7130, 6191;
v0x5611063a7130_6192 .array/port v0x5611063a7130, 6192;
v0x5611063a7130_6193 .array/port v0x5611063a7130, 6193;
v0x5611063a7130_6194 .array/port v0x5611063a7130, 6194;
E_0x56110637b490/1548 .event anyedge, v0x5611063a7130_6191, v0x5611063a7130_6192, v0x5611063a7130_6193, v0x5611063a7130_6194;
v0x5611063a7130_6195 .array/port v0x5611063a7130, 6195;
v0x5611063a7130_6196 .array/port v0x5611063a7130, 6196;
v0x5611063a7130_6197 .array/port v0x5611063a7130, 6197;
v0x5611063a7130_6198 .array/port v0x5611063a7130, 6198;
E_0x56110637b490/1549 .event anyedge, v0x5611063a7130_6195, v0x5611063a7130_6196, v0x5611063a7130_6197, v0x5611063a7130_6198;
v0x5611063a7130_6199 .array/port v0x5611063a7130, 6199;
v0x5611063a7130_6200 .array/port v0x5611063a7130, 6200;
v0x5611063a7130_6201 .array/port v0x5611063a7130, 6201;
v0x5611063a7130_6202 .array/port v0x5611063a7130, 6202;
E_0x56110637b490/1550 .event anyedge, v0x5611063a7130_6199, v0x5611063a7130_6200, v0x5611063a7130_6201, v0x5611063a7130_6202;
v0x5611063a7130_6203 .array/port v0x5611063a7130, 6203;
v0x5611063a7130_6204 .array/port v0x5611063a7130, 6204;
v0x5611063a7130_6205 .array/port v0x5611063a7130, 6205;
v0x5611063a7130_6206 .array/port v0x5611063a7130, 6206;
E_0x56110637b490/1551 .event anyedge, v0x5611063a7130_6203, v0x5611063a7130_6204, v0x5611063a7130_6205, v0x5611063a7130_6206;
v0x5611063a7130_6207 .array/port v0x5611063a7130, 6207;
v0x5611063a7130_6208 .array/port v0x5611063a7130, 6208;
v0x5611063a7130_6209 .array/port v0x5611063a7130, 6209;
v0x5611063a7130_6210 .array/port v0x5611063a7130, 6210;
E_0x56110637b490/1552 .event anyedge, v0x5611063a7130_6207, v0x5611063a7130_6208, v0x5611063a7130_6209, v0x5611063a7130_6210;
v0x5611063a7130_6211 .array/port v0x5611063a7130, 6211;
v0x5611063a7130_6212 .array/port v0x5611063a7130, 6212;
v0x5611063a7130_6213 .array/port v0x5611063a7130, 6213;
v0x5611063a7130_6214 .array/port v0x5611063a7130, 6214;
E_0x56110637b490/1553 .event anyedge, v0x5611063a7130_6211, v0x5611063a7130_6212, v0x5611063a7130_6213, v0x5611063a7130_6214;
v0x5611063a7130_6215 .array/port v0x5611063a7130, 6215;
v0x5611063a7130_6216 .array/port v0x5611063a7130, 6216;
v0x5611063a7130_6217 .array/port v0x5611063a7130, 6217;
v0x5611063a7130_6218 .array/port v0x5611063a7130, 6218;
E_0x56110637b490/1554 .event anyedge, v0x5611063a7130_6215, v0x5611063a7130_6216, v0x5611063a7130_6217, v0x5611063a7130_6218;
v0x5611063a7130_6219 .array/port v0x5611063a7130, 6219;
v0x5611063a7130_6220 .array/port v0x5611063a7130, 6220;
v0x5611063a7130_6221 .array/port v0x5611063a7130, 6221;
v0x5611063a7130_6222 .array/port v0x5611063a7130, 6222;
E_0x56110637b490/1555 .event anyedge, v0x5611063a7130_6219, v0x5611063a7130_6220, v0x5611063a7130_6221, v0x5611063a7130_6222;
v0x5611063a7130_6223 .array/port v0x5611063a7130, 6223;
v0x5611063a7130_6224 .array/port v0x5611063a7130, 6224;
v0x5611063a7130_6225 .array/port v0x5611063a7130, 6225;
v0x5611063a7130_6226 .array/port v0x5611063a7130, 6226;
E_0x56110637b490/1556 .event anyedge, v0x5611063a7130_6223, v0x5611063a7130_6224, v0x5611063a7130_6225, v0x5611063a7130_6226;
v0x5611063a7130_6227 .array/port v0x5611063a7130, 6227;
v0x5611063a7130_6228 .array/port v0x5611063a7130, 6228;
v0x5611063a7130_6229 .array/port v0x5611063a7130, 6229;
v0x5611063a7130_6230 .array/port v0x5611063a7130, 6230;
E_0x56110637b490/1557 .event anyedge, v0x5611063a7130_6227, v0x5611063a7130_6228, v0x5611063a7130_6229, v0x5611063a7130_6230;
v0x5611063a7130_6231 .array/port v0x5611063a7130, 6231;
v0x5611063a7130_6232 .array/port v0x5611063a7130, 6232;
v0x5611063a7130_6233 .array/port v0x5611063a7130, 6233;
v0x5611063a7130_6234 .array/port v0x5611063a7130, 6234;
E_0x56110637b490/1558 .event anyedge, v0x5611063a7130_6231, v0x5611063a7130_6232, v0x5611063a7130_6233, v0x5611063a7130_6234;
v0x5611063a7130_6235 .array/port v0x5611063a7130, 6235;
v0x5611063a7130_6236 .array/port v0x5611063a7130, 6236;
v0x5611063a7130_6237 .array/port v0x5611063a7130, 6237;
v0x5611063a7130_6238 .array/port v0x5611063a7130, 6238;
E_0x56110637b490/1559 .event anyedge, v0x5611063a7130_6235, v0x5611063a7130_6236, v0x5611063a7130_6237, v0x5611063a7130_6238;
v0x5611063a7130_6239 .array/port v0x5611063a7130, 6239;
v0x5611063a7130_6240 .array/port v0x5611063a7130, 6240;
v0x5611063a7130_6241 .array/port v0x5611063a7130, 6241;
v0x5611063a7130_6242 .array/port v0x5611063a7130, 6242;
E_0x56110637b490/1560 .event anyedge, v0x5611063a7130_6239, v0x5611063a7130_6240, v0x5611063a7130_6241, v0x5611063a7130_6242;
v0x5611063a7130_6243 .array/port v0x5611063a7130, 6243;
v0x5611063a7130_6244 .array/port v0x5611063a7130, 6244;
v0x5611063a7130_6245 .array/port v0x5611063a7130, 6245;
v0x5611063a7130_6246 .array/port v0x5611063a7130, 6246;
E_0x56110637b490/1561 .event anyedge, v0x5611063a7130_6243, v0x5611063a7130_6244, v0x5611063a7130_6245, v0x5611063a7130_6246;
v0x5611063a7130_6247 .array/port v0x5611063a7130, 6247;
v0x5611063a7130_6248 .array/port v0x5611063a7130, 6248;
v0x5611063a7130_6249 .array/port v0x5611063a7130, 6249;
v0x5611063a7130_6250 .array/port v0x5611063a7130, 6250;
E_0x56110637b490/1562 .event anyedge, v0x5611063a7130_6247, v0x5611063a7130_6248, v0x5611063a7130_6249, v0x5611063a7130_6250;
v0x5611063a7130_6251 .array/port v0x5611063a7130, 6251;
v0x5611063a7130_6252 .array/port v0x5611063a7130, 6252;
v0x5611063a7130_6253 .array/port v0x5611063a7130, 6253;
v0x5611063a7130_6254 .array/port v0x5611063a7130, 6254;
E_0x56110637b490/1563 .event anyedge, v0x5611063a7130_6251, v0x5611063a7130_6252, v0x5611063a7130_6253, v0x5611063a7130_6254;
v0x5611063a7130_6255 .array/port v0x5611063a7130, 6255;
v0x5611063a7130_6256 .array/port v0x5611063a7130, 6256;
v0x5611063a7130_6257 .array/port v0x5611063a7130, 6257;
v0x5611063a7130_6258 .array/port v0x5611063a7130, 6258;
E_0x56110637b490/1564 .event anyedge, v0x5611063a7130_6255, v0x5611063a7130_6256, v0x5611063a7130_6257, v0x5611063a7130_6258;
v0x5611063a7130_6259 .array/port v0x5611063a7130, 6259;
v0x5611063a7130_6260 .array/port v0x5611063a7130, 6260;
v0x5611063a7130_6261 .array/port v0x5611063a7130, 6261;
v0x5611063a7130_6262 .array/port v0x5611063a7130, 6262;
E_0x56110637b490/1565 .event anyedge, v0x5611063a7130_6259, v0x5611063a7130_6260, v0x5611063a7130_6261, v0x5611063a7130_6262;
v0x5611063a7130_6263 .array/port v0x5611063a7130, 6263;
v0x5611063a7130_6264 .array/port v0x5611063a7130, 6264;
v0x5611063a7130_6265 .array/port v0x5611063a7130, 6265;
v0x5611063a7130_6266 .array/port v0x5611063a7130, 6266;
E_0x56110637b490/1566 .event anyedge, v0x5611063a7130_6263, v0x5611063a7130_6264, v0x5611063a7130_6265, v0x5611063a7130_6266;
v0x5611063a7130_6267 .array/port v0x5611063a7130, 6267;
v0x5611063a7130_6268 .array/port v0x5611063a7130, 6268;
v0x5611063a7130_6269 .array/port v0x5611063a7130, 6269;
v0x5611063a7130_6270 .array/port v0x5611063a7130, 6270;
E_0x56110637b490/1567 .event anyedge, v0x5611063a7130_6267, v0x5611063a7130_6268, v0x5611063a7130_6269, v0x5611063a7130_6270;
v0x5611063a7130_6271 .array/port v0x5611063a7130, 6271;
v0x5611063a7130_6272 .array/port v0x5611063a7130, 6272;
v0x5611063a7130_6273 .array/port v0x5611063a7130, 6273;
v0x5611063a7130_6274 .array/port v0x5611063a7130, 6274;
E_0x56110637b490/1568 .event anyedge, v0x5611063a7130_6271, v0x5611063a7130_6272, v0x5611063a7130_6273, v0x5611063a7130_6274;
v0x5611063a7130_6275 .array/port v0x5611063a7130, 6275;
v0x5611063a7130_6276 .array/port v0x5611063a7130, 6276;
v0x5611063a7130_6277 .array/port v0x5611063a7130, 6277;
v0x5611063a7130_6278 .array/port v0x5611063a7130, 6278;
E_0x56110637b490/1569 .event anyedge, v0x5611063a7130_6275, v0x5611063a7130_6276, v0x5611063a7130_6277, v0x5611063a7130_6278;
v0x5611063a7130_6279 .array/port v0x5611063a7130, 6279;
v0x5611063a7130_6280 .array/port v0x5611063a7130, 6280;
v0x5611063a7130_6281 .array/port v0x5611063a7130, 6281;
v0x5611063a7130_6282 .array/port v0x5611063a7130, 6282;
E_0x56110637b490/1570 .event anyedge, v0x5611063a7130_6279, v0x5611063a7130_6280, v0x5611063a7130_6281, v0x5611063a7130_6282;
v0x5611063a7130_6283 .array/port v0x5611063a7130, 6283;
v0x5611063a7130_6284 .array/port v0x5611063a7130, 6284;
v0x5611063a7130_6285 .array/port v0x5611063a7130, 6285;
v0x5611063a7130_6286 .array/port v0x5611063a7130, 6286;
E_0x56110637b490/1571 .event anyedge, v0x5611063a7130_6283, v0x5611063a7130_6284, v0x5611063a7130_6285, v0x5611063a7130_6286;
v0x5611063a7130_6287 .array/port v0x5611063a7130, 6287;
v0x5611063a7130_6288 .array/port v0x5611063a7130, 6288;
v0x5611063a7130_6289 .array/port v0x5611063a7130, 6289;
v0x5611063a7130_6290 .array/port v0x5611063a7130, 6290;
E_0x56110637b490/1572 .event anyedge, v0x5611063a7130_6287, v0x5611063a7130_6288, v0x5611063a7130_6289, v0x5611063a7130_6290;
v0x5611063a7130_6291 .array/port v0x5611063a7130, 6291;
v0x5611063a7130_6292 .array/port v0x5611063a7130, 6292;
v0x5611063a7130_6293 .array/port v0x5611063a7130, 6293;
v0x5611063a7130_6294 .array/port v0x5611063a7130, 6294;
E_0x56110637b490/1573 .event anyedge, v0x5611063a7130_6291, v0x5611063a7130_6292, v0x5611063a7130_6293, v0x5611063a7130_6294;
v0x5611063a7130_6295 .array/port v0x5611063a7130, 6295;
v0x5611063a7130_6296 .array/port v0x5611063a7130, 6296;
v0x5611063a7130_6297 .array/port v0x5611063a7130, 6297;
v0x5611063a7130_6298 .array/port v0x5611063a7130, 6298;
E_0x56110637b490/1574 .event anyedge, v0x5611063a7130_6295, v0x5611063a7130_6296, v0x5611063a7130_6297, v0x5611063a7130_6298;
v0x5611063a7130_6299 .array/port v0x5611063a7130, 6299;
v0x5611063a7130_6300 .array/port v0x5611063a7130, 6300;
v0x5611063a7130_6301 .array/port v0x5611063a7130, 6301;
v0x5611063a7130_6302 .array/port v0x5611063a7130, 6302;
E_0x56110637b490/1575 .event anyedge, v0x5611063a7130_6299, v0x5611063a7130_6300, v0x5611063a7130_6301, v0x5611063a7130_6302;
v0x5611063a7130_6303 .array/port v0x5611063a7130, 6303;
v0x5611063a7130_6304 .array/port v0x5611063a7130, 6304;
v0x5611063a7130_6305 .array/port v0x5611063a7130, 6305;
v0x5611063a7130_6306 .array/port v0x5611063a7130, 6306;
E_0x56110637b490/1576 .event anyedge, v0x5611063a7130_6303, v0x5611063a7130_6304, v0x5611063a7130_6305, v0x5611063a7130_6306;
v0x5611063a7130_6307 .array/port v0x5611063a7130, 6307;
v0x5611063a7130_6308 .array/port v0x5611063a7130, 6308;
v0x5611063a7130_6309 .array/port v0x5611063a7130, 6309;
v0x5611063a7130_6310 .array/port v0x5611063a7130, 6310;
E_0x56110637b490/1577 .event anyedge, v0x5611063a7130_6307, v0x5611063a7130_6308, v0x5611063a7130_6309, v0x5611063a7130_6310;
v0x5611063a7130_6311 .array/port v0x5611063a7130, 6311;
v0x5611063a7130_6312 .array/port v0x5611063a7130, 6312;
v0x5611063a7130_6313 .array/port v0x5611063a7130, 6313;
v0x5611063a7130_6314 .array/port v0x5611063a7130, 6314;
E_0x56110637b490/1578 .event anyedge, v0x5611063a7130_6311, v0x5611063a7130_6312, v0x5611063a7130_6313, v0x5611063a7130_6314;
v0x5611063a7130_6315 .array/port v0x5611063a7130, 6315;
v0x5611063a7130_6316 .array/port v0x5611063a7130, 6316;
v0x5611063a7130_6317 .array/port v0x5611063a7130, 6317;
v0x5611063a7130_6318 .array/port v0x5611063a7130, 6318;
E_0x56110637b490/1579 .event anyedge, v0x5611063a7130_6315, v0x5611063a7130_6316, v0x5611063a7130_6317, v0x5611063a7130_6318;
v0x5611063a7130_6319 .array/port v0x5611063a7130, 6319;
v0x5611063a7130_6320 .array/port v0x5611063a7130, 6320;
v0x5611063a7130_6321 .array/port v0x5611063a7130, 6321;
v0x5611063a7130_6322 .array/port v0x5611063a7130, 6322;
E_0x56110637b490/1580 .event anyedge, v0x5611063a7130_6319, v0x5611063a7130_6320, v0x5611063a7130_6321, v0x5611063a7130_6322;
v0x5611063a7130_6323 .array/port v0x5611063a7130, 6323;
v0x5611063a7130_6324 .array/port v0x5611063a7130, 6324;
v0x5611063a7130_6325 .array/port v0x5611063a7130, 6325;
v0x5611063a7130_6326 .array/port v0x5611063a7130, 6326;
E_0x56110637b490/1581 .event anyedge, v0x5611063a7130_6323, v0x5611063a7130_6324, v0x5611063a7130_6325, v0x5611063a7130_6326;
v0x5611063a7130_6327 .array/port v0x5611063a7130, 6327;
v0x5611063a7130_6328 .array/port v0x5611063a7130, 6328;
v0x5611063a7130_6329 .array/port v0x5611063a7130, 6329;
v0x5611063a7130_6330 .array/port v0x5611063a7130, 6330;
E_0x56110637b490/1582 .event anyedge, v0x5611063a7130_6327, v0x5611063a7130_6328, v0x5611063a7130_6329, v0x5611063a7130_6330;
v0x5611063a7130_6331 .array/port v0x5611063a7130, 6331;
v0x5611063a7130_6332 .array/port v0x5611063a7130, 6332;
v0x5611063a7130_6333 .array/port v0x5611063a7130, 6333;
v0x5611063a7130_6334 .array/port v0x5611063a7130, 6334;
E_0x56110637b490/1583 .event anyedge, v0x5611063a7130_6331, v0x5611063a7130_6332, v0x5611063a7130_6333, v0x5611063a7130_6334;
v0x5611063a7130_6335 .array/port v0x5611063a7130, 6335;
v0x5611063a7130_6336 .array/port v0x5611063a7130, 6336;
v0x5611063a7130_6337 .array/port v0x5611063a7130, 6337;
v0x5611063a7130_6338 .array/port v0x5611063a7130, 6338;
E_0x56110637b490/1584 .event anyedge, v0x5611063a7130_6335, v0x5611063a7130_6336, v0x5611063a7130_6337, v0x5611063a7130_6338;
v0x5611063a7130_6339 .array/port v0x5611063a7130, 6339;
v0x5611063a7130_6340 .array/port v0x5611063a7130, 6340;
v0x5611063a7130_6341 .array/port v0x5611063a7130, 6341;
v0x5611063a7130_6342 .array/port v0x5611063a7130, 6342;
E_0x56110637b490/1585 .event anyedge, v0x5611063a7130_6339, v0x5611063a7130_6340, v0x5611063a7130_6341, v0x5611063a7130_6342;
v0x5611063a7130_6343 .array/port v0x5611063a7130, 6343;
v0x5611063a7130_6344 .array/port v0x5611063a7130, 6344;
v0x5611063a7130_6345 .array/port v0x5611063a7130, 6345;
v0x5611063a7130_6346 .array/port v0x5611063a7130, 6346;
E_0x56110637b490/1586 .event anyedge, v0x5611063a7130_6343, v0x5611063a7130_6344, v0x5611063a7130_6345, v0x5611063a7130_6346;
v0x5611063a7130_6347 .array/port v0x5611063a7130, 6347;
v0x5611063a7130_6348 .array/port v0x5611063a7130, 6348;
v0x5611063a7130_6349 .array/port v0x5611063a7130, 6349;
v0x5611063a7130_6350 .array/port v0x5611063a7130, 6350;
E_0x56110637b490/1587 .event anyedge, v0x5611063a7130_6347, v0x5611063a7130_6348, v0x5611063a7130_6349, v0x5611063a7130_6350;
v0x5611063a7130_6351 .array/port v0x5611063a7130, 6351;
v0x5611063a7130_6352 .array/port v0x5611063a7130, 6352;
v0x5611063a7130_6353 .array/port v0x5611063a7130, 6353;
v0x5611063a7130_6354 .array/port v0x5611063a7130, 6354;
E_0x56110637b490/1588 .event anyedge, v0x5611063a7130_6351, v0x5611063a7130_6352, v0x5611063a7130_6353, v0x5611063a7130_6354;
v0x5611063a7130_6355 .array/port v0x5611063a7130, 6355;
v0x5611063a7130_6356 .array/port v0x5611063a7130, 6356;
v0x5611063a7130_6357 .array/port v0x5611063a7130, 6357;
v0x5611063a7130_6358 .array/port v0x5611063a7130, 6358;
E_0x56110637b490/1589 .event anyedge, v0x5611063a7130_6355, v0x5611063a7130_6356, v0x5611063a7130_6357, v0x5611063a7130_6358;
v0x5611063a7130_6359 .array/port v0x5611063a7130, 6359;
v0x5611063a7130_6360 .array/port v0x5611063a7130, 6360;
v0x5611063a7130_6361 .array/port v0x5611063a7130, 6361;
v0x5611063a7130_6362 .array/port v0x5611063a7130, 6362;
E_0x56110637b490/1590 .event anyedge, v0x5611063a7130_6359, v0x5611063a7130_6360, v0x5611063a7130_6361, v0x5611063a7130_6362;
v0x5611063a7130_6363 .array/port v0x5611063a7130, 6363;
v0x5611063a7130_6364 .array/port v0x5611063a7130, 6364;
v0x5611063a7130_6365 .array/port v0x5611063a7130, 6365;
v0x5611063a7130_6366 .array/port v0x5611063a7130, 6366;
E_0x56110637b490/1591 .event anyedge, v0x5611063a7130_6363, v0x5611063a7130_6364, v0x5611063a7130_6365, v0x5611063a7130_6366;
v0x5611063a7130_6367 .array/port v0x5611063a7130, 6367;
v0x5611063a7130_6368 .array/port v0x5611063a7130, 6368;
v0x5611063a7130_6369 .array/port v0x5611063a7130, 6369;
v0x5611063a7130_6370 .array/port v0x5611063a7130, 6370;
E_0x56110637b490/1592 .event anyedge, v0x5611063a7130_6367, v0x5611063a7130_6368, v0x5611063a7130_6369, v0x5611063a7130_6370;
v0x5611063a7130_6371 .array/port v0x5611063a7130, 6371;
v0x5611063a7130_6372 .array/port v0x5611063a7130, 6372;
v0x5611063a7130_6373 .array/port v0x5611063a7130, 6373;
v0x5611063a7130_6374 .array/port v0x5611063a7130, 6374;
E_0x56110637b490/1593 .event anyedge, v0x5611063a7130_6371, v0x5611063a7130_6372, v0x5611063a7130_6373, v0x5611063a7130_6374;
v0x5611063a7130_6375 .array/port v0x5611063a7130, 6375;
v0x5611063a7130_6376 .array/port v0x5611063a7130, 6376;
v0x5611063a7130_6377 .array/port v0x5611063a7130, 6377;
v0x5611063a7130_6378 .array/port v0x5611063a7130, 6378;
E_0x56110637b490/1594 .event anyedge, v0x5611063a7130_6375, v0x5611063a7130_6376, v0x5611063a7130_6377, v0x5611063a7130_6378;
v0x5611063a7130_6379 .array/port v0x5611063a7130, 6379;
v0x5611063a7130_6380 .array/port v0x5611063a7130, 6380;
v0x5611063a7130_6381 .array/port v0x5611063a7130, 6381;
v0x5611063a7130_6382 .array/port v0x5611063a7130, 6382;
E_0x56110637b490/1595 .event anyedge, v0x5611063a7130_6379, v0x5611063a7130_6380, v0x5611063a7130_6381, v0x5611063a7130_6382;
v0x5611063a7130_6383 .array/port v0x5611063a7130, 6383;
v0x5611063a7130_6384 .array/port v0x5611063a7130, 6384;
v0x5611063a7130_6385 .array/port v0x5611063a7130, 6385;
v0x5611063a7130_6386 .array/port v0x5611063a7130, 6386;
E_0x56110637b490/1596 .event anyedge, v0x5611063a7130_6383, v0x5611063a7130_6384, v0x5611063a7130_6385, v0x5611063a7130_6386;
v0x5611063a7130_6387 .array/port v0x5611063a7130, 6387;
v0x5611063a7130_6388 .array/port v0x5611063a7130, 6388;
v0x5611063a7130_6389 .array/port v0x5611063a7130, 6389;
v0x5611063a7130_6390 .array/port v0x5611063a7130, 6390;
E_0x56110637b490/1597 .event anyedge, v0x5611063a7130_6387, v0x5611063a7130_6388, v0x5611063a7130_6389, v0x5611063a7130_6390;
v0x5611063a7130_6391 .array/port v0x5611063a7130, 6391;
v0x5611063a7130_6392 .array/port v0x5611063a7130, 6392;
v0x5611063a7130_6393 .array/port v0x5611063a7130, 6393;
v0x5611063a7130_6394 .array/port v0x5611063a7130, 6394;
E_0x56110637b490/1598 .event anyedge, v0x5611063a7130_6391, v0x5611063a7130_6392, v0x5611063a7130_6393, v0x5611063a7130_6394;
v0x5611063a7130_6395 .array/port v0x5611063a7130, 6395;
v0x5611063a7130_6396 .array/port v0x5611063a7130, 6396;
v0x5611063a7130_6397 .array/port v0x5611063a7130, 6397;
v0x5611063a7130_6398 .array/port v0x5611063a7130, 6398;
E_0x56110637b490/1599 .event anyedge, v0x5611063a7130_6395, v0x5611063a7130_6396, v0x5611063a7130_6397, v0x5611063a7130_6398;
v0x5611063a7130_6399 .array/port v0x5611063a7130, 6399;
v0x5611063a7130_6400 .array/port v0x5611063a7130, 6400;
v0x5611063a7130_6401 .array/port v0x5611063a7130, 6401;
v0x5611063a7130_6402 .array/port v0x5611063a7130, 6402;
E_0x56110637b490/1600 .event anyedge, v0x5611063a7130_6399, v0x5611063a7130_6400, v0x5611063a7130_6401, v0x5611063a7130_6402;
v0x5611063a7130_6403 .array/port v0x5611063a7130, 6403;
v0x5611063a7130_6404 .array/port v0x5611063a7130, 6404;
v0x5611063a7130_6405 .array/port v0x5611063a7130, 6405;
v0x5611063a7130_6406 .array/port v0x5611063a7130, 6406;
E_0x56110637b490/1601 .event anyedge, v0x5611063a7130_6403, v0x5611063a7130_6404, v0x5611063a7130_6405, v0x5611063a7130_6406;
v0x5611063a7130_6407 .array/port v0x5611063a7130, 6407;
v0x5611063a7130_6408 .array/port v0x5611063a7130, 6408;
v0x5611063a7130_6409 .array/port v0x5611063a7130, 6409;
v0x5611063a7130_6410 .array/port v0x5611063a7130, 6410;
E_0x56110637b490/1602 .event anyedge, v0x5611063a7130_6407, v0x5611063a7130_6408, v0x5611063a7130_6409, v0x5611063a7130_6410;
v0x5611063a7130_6411 .array/port v0x5611063a7130, 6411;
v0x5611063a7130_6412 .array/port v0x5611063a7130, 6412;
v0x5611063a7130_6413 .array/port v0x5611063a7130, 6413;
v0x5611063a7130_6414 .array/port v0x5611063a7130, 6414;
E_0x56110637b490/1603 .event anyedge, v0x5611063a7130_6411, v0x5611063a7130_6412, v0x5611063a7130_6413, v0x5611063a7130_6414;
v0x5611063a7130_6415 .array/port v0x5611063a7130, 6415;
v0x5611063a7130_6416 .array/port v0x5611063a7130, 6416;
v0x5611063a7130_6417 .array/port v0x5611063a7130, 6417;
v0x5611063a7130_6418 .array/port v0x5611063a7130, 6418;
E_0x56110637b490/1604 .event anyedge, v0x5611063a7130_6415, v0x5611063a7130_6416, v0x5611063a7130_6417, v0x5611063a7130_6418;
v0x5611063a7130_6419 .array/port v0x5611063a7130, 6419;
v0x5611063a7130_6420 .array/port v0x5611063a7130, 6420;
v0x5611063a7130_6421 .array/port v0x5611063a7130, 6421;
v0x5611063a7130_6422 .array/port v0x5611063a7130, 6422;
E_0x56110637b490/1605 .event anyedge, v0x5611063a7130_6419, v0x5611063a7130_6420, v0x5611063a7130_6421, v0x5611063a7130_6422;
v0x5611063a7130_6423 .array/port v0x5611063a7130, 6423;
v0x5611063a7130_6424 .array/port v0x5611063a7130, 6424;
v0x5611063a7130_6425 .array/port v0x5611063a7130, 6425;
v0x5611063a7130_6426 .array/port v0x5611063a7130, 6426;
E_0x56110637b490/1606 .event anyedge, v0x5611063a7130_6423, v0x5611063a7130_6424, v0x5611063a7130_6425, v0x5611063a7130_6426;
v0x5611063a7130_6427 .array/port v0x5611063a7130, 6427;
v0x5611063a7130_6428 .array/port v0x5611063a7130, 6428;
v0x5611063a7130_6429 .array/port v0x5611063a7130, 6429;
v0x5611063a7130_6430 .array/port v0x5611063a7130, 6430;
E_0x56110637b490/1607 .event anyedge, v0x5611063a7130_6427, v0x5611063a7130_6428, v0x5611063a7130_6429, v0x5611063a7130_6430;
v0x5611063a7130_6431 .array/port v0x5611063a7130, 6431;
v0x5611063a7130_6432 .array/port v0x5611063a7130, 6432;
v0x5611063a7130_6433 .array/port v0x5611063a7130, 6433;
v0x5611063a7130_6434 .array/port v0x5611063a7130, 6434;
E_0x56110637b490/1608 .event anyedge, v0x5611063a7130_6431, v0x5611063a7130_6432, v0x5611063a7130_6433, v0x5611063a7130_6434;
v0x5611063a7130_6435 .array/port v0x5611063a7130, 6435;
v0x5611063a7130_6436 .array/port v0x5611063a7130, 6436;
v0x5611063a7130_6437 .array/port v0x5611063a7130, 6437;
v0x5611063a7130_6438 .array/port v0x5611063a7130, 6438;
E_0x56110637b490/1609 .event anyedge, v0x5611063a7130_6435, v0x5611063a7130_6436, v0x5611063a7130_6437, v0x5611063a7130_6438;
v0x5611063a7130_6439 .array/port v0x5611063a7130, 6439;
v0x5611063a7130_6440 .array/port v0x5611063a7130, 6440;
v0x5611063a7130_6441 .array/port v0x5611063a7130, 6441;
v0x5611063a7130_6442 .array/port v0x5611063a7130, 6442;
E_0x56110637b490/1610 .event anyedge, v0x5611063a7130_6439, v0x5611063a7130_6440, v0x5611063a7130_6441, v0x5611063a7130_6442;
v0x5611063a7130_6443 .array/port v0x5611063a7130, 6443;
v0x5611063a7130_6444 .array/port v0x5611063a7130, 6444;
v0x5611063a7130_6445 .array/port v0x5611063a7130, 6445;
v0x5611063a7130_6446 .array/port v0x5611063a7130, 6446;
E_0x56110637b490/1611 .event anyedge, v0x5611063a7130_6443, v0x5611063a7130_6444, v0x5611063a7130_6445, v0x5611063a7130_6446;
v0x5611063a7130_6447 .array/port v0x5611063a7130, 6447;
v0x5611063a7130_6448 .array/port v0x5611063a7130, 6448;
v0x5611063a7130_6449 .array/port v0x5611063a7130, 6449;
v0x5611063a7130_6450 .array/port v0x5611063a7130, 6450;
E_0x56110637b490/1612 .event anyedge, v0x5611063a7130_6447, v0x5611063a7130_6448, v0x5611063a7130_6449, v0x5611063a7130_6450;
v0x5611063a7130_6451 .array/port v0x5611063a7130, 6451;
v0x5611063a7130_6452 .array/port v0x5611063a7130, 6452;
v0x5611063a7130_6453 .array/port v0x5611063a7130, 6453;
v0x5611063a7130_6454 .array/port v0x5611063a7130, 6454;
E_0x56110637b490/1613 .event anyedge, v0x5611063a7130_6451, v0x5611063a7130_6452, v0x5611063a7130_6453, v0x5611063a7130_6454;
v0x5611063a7130_6455 .array/port v0x5611063a7130, 6455;
v0x5611063a7130_6456 .array/port v0x5611063a7130, 6456;
v0x5611063a7130_6457 .array/port v0x5611063a7130, 6457;
v0x5611063a7130_6458 .array/port v0x5611063a7130, 6458;
E_0x56110637b490/1614 .event anyedge, v0x5611063a7130_6455, v0x5611063a7130_6456, v0x5611063a7130_6457, v0x5611063a7130_6458;
v0x5611063a7130_6459 .array/port v0x5611063a7130, 6459;
v0x5611063a7130_6460 .array/port v0x5611063a7130, 6460;
v0x5611063a7130_6461 .array/port v0x5611063a7130, 6461;
v0x5611063a7130_6462 .array/port v0x5611063a7130, 6462;
E_0x56110637b490/1615 .event anyedge, v0x5611063a7130_6459, v0x5611063a7130_6460, v0x5611063a7130_6461, v0x5611063a7130_6462;
v0x5611063a7130_6463 .array/port v0x5611063a7130, 6463;
v0x5611063a7130_6464 .array/port v0x5611063a7130, 6464;
v0x5611063a7130_6465 .array/port v0x5611063a7130, 6465;
v0x5611063a7130_6466 .array/port v0x5611063a7130, 6466;
E_0x56110637b490/1616 .event anyedge, v0x5611063a7130_6463, v0x5611063a7130_6464, v0x5611063a7130_6465, v0x5611063a7130_6466;
v0x5611063a7130_6467 .array/port v0x5611063a7130, 6467;
v0x5611063a7130_6468 .array/port v0x5611063a7130, 6468;
v0x5611063a7130_6469 .array/port v0x5611063a7130, 6469;
v0x5611063a7130_6470 .array/port v0x5611063a7130, 6470;
E_0x56110637b490/1617 .event anyedge, v0x5611063a7130_6467, v0x5611063a7130_6468, v0x5611063a7130_6469, v0x5611063a7130_6470;
v0x5611063a7130_6471 .array/port v0x5611063a7130, 6471;
v0x5611063a7130_6472 .array/port v0x5611063a7130, 6472;
v0x5611063a7130_6473 .array/port v0x5611063a7130, 6473;
v0x5611063a7130_6474 .array/port v0x5611063a7130, 6474;
E_0x56110637b490/1618 .event anyedge, v0x5611063a7130_6471, v0x5611063a7130_6472, v0x5611063a7130_6473, v0x5611063a7130_6474;
v0x5611063a7130_6475 .array/port v0x5611063a7130, 6475;
v0x5611063a7130_6476 .array/port v0x5611063a7130, 6476;
v0x5611063a7130_6477 .array/port v0x5611063a7130, 6477;
v0x5611063a7130_6478 .array/port v0x5611063a7130, 6478;
E_0x56110637b490/1619 .event anyedge, v0x5611063a7130_6475, v0x5611063a7130_6476, v0x5611063a7130_6477, v0x5611063a7130_6478;
v0x5611063a7130_6479 .array/port v0x5611063a7130, 6479;
v0x5611063a7130_6480 .array/port v0x5611063a7130, 6480;
v0x5611063a7130_6481 .array/port v0x5611063a7130, 6481;
v0x5611063a7130_6482 .array/port v0x5611063a7130, 6482;
E_0x56110637b490/1620 .event anyedge, v0x5611063a7130_6479, v0x5611063a7130_6480, v0x5611063a7130_6481, v0x5611063a7130_6482;
v0x5611063a7130_6483 .array/port v0x5611063a7130, 6483;
v0x5611063a7130_6484 .array/port v0x5611063a7130, 6484;
v0x5611063a7130_6485 .array/port v0x5611063a7130, 6485;
v0x5611063a7130_6486 .array/port v0x5611063a7130, 6486;
E_0x56110637b490/1621 .event anyedge, v0x5611063a7130_6483, v0x5611063a7130_6484, v0x5611063a7130_6485, v0x5611063a7130_6486;
v0x5611063a7130_6487 .array/port v0x5611063a7130, 6487;
v0x5611063a7130_6488 .array/port v0x5611063a7130, 6488;
v0x5611063a7130_6489 .array/port v0x5611063a7130, 6489;
v0x5611063a7130_6490 .array/port v0x5611063a7130, 6490;
E_0x56110637b490/1622 .event anyedge, v0x5611063a7130_6487, v0x5611063a7130_6488, v0x5611063a7130_6489, v0x5611063a7130_6490;
v0x5611063a7130_6491 .array/port v0x5611063a7130, 6491;
v0x5611063a7130_6492 .array/port v0x5611063a7130, 6492;
v0x5611063a7130_6493 .array/port v0x5611063a7130, 6493;
v0x5611063a7130_6494 .array/port v0x5611063a7130, 6494;
E_0x56110637b490/1623 .event anyedge, v0x5611063a7130_6491, v0x5611063a7130_6492, v0x5611063a7130_6493, v0x5611063a7130_6494;
v0x5611063a7130_6495 .array/port v0x5611063a7130, 6495;
v0x5611063a7130_6496 .array/port v0x5611063a7130, 6496;
v0x5611063a7130_6497 .array/port v0x5611063a7130, 6497;
v0x5611063a7130_6498 .array/port v0x5611063a7130, 6498;
E_0x56110637b490/1624 .event anyedge, v0x5611063a7130_6495, v0x5611063a7130_6496, v0x5611063a7130_6497, v0x5611063a7130_6498;
v0x5611063a7130_6499 .array/port v0x5611063a7130, 6499;
v0x5611063a7130_6500 .array/port v0x5611063a7130, 6500;
v0x5611063a7130_6501 .array/port v0x5611063a7130, 6501;
v0x5611063a7130_6502 .array/port v0x5611063a7130, 6502;
E_0x56110637b490/1625 .event anyedge, v0x5611063a7130_6499, v0x5611063a7130_6500, v0x5611063a7130_6501, v0x5611063a7130_6502;
v0x5611063a7130_6503 .array/port v0x5611063a7130, 6503;
v0x5611063a7130_6504 .array/port v0x5611063a7130, 6504;
v0x5611063a7130_6505 .array/port v0x5611063a7130, 6505;
v0x5611063a7130_6506 .array/port v0x5611063a7130, 6506;
E_0x56110637b490/1626 .event anyedge, v0x5611063a7130_6503, v0x5611063a7130_6504, v0x5611063a7130_6505, v0x5611063a7130_6506;
v0x5611063a7130_6507 .array/port v0x5611063a7130, 6507;
v0x5611063a7130_6508 .array/port v0x5611063a7130, 6508;
v0x5611063a7130_6509 .array/port v0x5611063a7130, 6509;
v0x5611063a7130_6510 .array/port v0x5611063a7130, 6510;
E_0x56110637b490/1627 .event anyedge, v0x5611063a7130_6507, v0x5611063a7130_6508, v0x5611063a7130_6509, v0x5611063a7130_6510;
v0x5611063a7130_6511 .array/port v0x5611063a7130, 6511;
v0x5611063a7130_6512 .array/port v0x5611063a7130, 6512;
v0x5611063a7130_6513 .array/port v0x5611063a7130, 6513;
v0x5611063a7130_6514 .array/port v0x5611063a7130, 6514;
E_0x56110637b490/1628 .event anyedge, v0x5611063a7130_6511, v0x5611063a7130_6512, v0x5611063a7130_6513, v0x5611063a7130_6514;
v0x5611063a7130_6515 .array/port v0x5611063a7130, 6515;
v0x5611063a7130_6516 .array/port v0x5611063a7130, 6516;
v0x5611063a7130_6517 .array/port v0x5611063a7130, 6517;
v0x5611063a7130_6518 .array/port v0x5611063a7130, 6518;
E_0x56110637b490/1629 .event anyedge, v0x5611063a7130_6515, v0x5611063a7130_6516, v0x5611063a7130_6517, v0x5611063a7130_6518;
v0x5611063a7130_6519 .array/port v0x5611063a7130, 6519;
v0x5611063a7130_6520 .array/port v0x5611063a7130, 6520;
v0x5611063a7130_6521 .array/port v0x5611063a7130, 6521;
v0x5611063a7130_6522 .array/port v0x5611063a7130, 6522;
E_0x56110637b490/1630 .event anyedge, v0x5611063a7130_6519, v0x5611063a7130_6520, v0x5611063a7130_6521, v0x5611063a7130_6522;
v0x5611063a7130_6523 .array/port v0x5611063a7130, 6523;
v0x5611063a7130_6524 .array/port v0x5611063a7130, 6524;
v0x5611063a7130_6525 .array/port v0x5611063a7130, 6525;
v0x5611063a7130_6526 .array/port v0x5611063a7130, 6526;
E_0x56110637b490/1631 .event anyedge, v0x5611063a7130_6523, v0x5611063a7130_6524, v0x5611063a7130_6525, v0x5611063a7130_6526;
v0x5611063a7130_6527 .array/port v0x5611063a7130, 6527;
v0x5611063a7130_6528 .array/port v0x5611063a7130, 6528;
v0x5611063a7130_6529 .array/port v0x5611063a7130, 6529;
v0x5611063a7130_6530 .array/port v0x5611063a7130, 6530;
E_0x56110637b490/1632 .event anyedge, v0x5611063a7130_6527, v0x5611063a7130_6528, v0x5611063a7130_6529, v0x5611063a7130_6530;
v0x5611063a7130_6531 .array/port v0x5611063a7130, 6531;
v0x5611063a7130_6532 .array/port v0x5611063a7130, 6532;
v0x5611063a7130_6533 .array/port v0x5611063a7130, 6533;
v0x5611063a7130_6534 .array/port v0x5611063a7130, 6534;
E_0x56110637b490/1633 .event anyedge, v0x5611063a7130_6531, v0x5611063a7130_6532, v0x5611063a7130_6533, v0x5611063a7130_6534;
v0x5611063a7130_6535 .array/port v0x5611063a7130, 6535;
v0x5611063a7130_6536 .array/port v0x5611063a7130, 6536;
v0x5611063a7130_6537 .array/port v0x5611063a7130, 6537;
v0x5611063a7130_6538 .array/port v0x5611063a7130, 6538;
E_0x56110637b490/1634 .event anyedge, v0x5611063a7130_6535, v0x5611063a7130_6536, v0x5611063a7130_6537, v0x5611063a7130_6538;
v0x5611063a7130_6539 .array/port v0x5611063a7130, 6539;
v0x5611063a7130_6540 .array/port v0x5611063a7130, 6540;
v0x5611063a7130_6541 .array/port v0x5611063a7130, 6541;
v0x5611063a7130_6542 .array/port v0x5611063a7130, 6542;
E_0x56110637b490/1635 .event anyedge, v0x5611063a7130_6539, v0x5611063a7130_6540, v0x5611063a7130_6541, v0x5611063a7130_6542;
v0x5611063a7130_6543 .array/port v0x5611063a7130, 6543;
v0x5611063a7130_6544 .array/port v0x5611063a7130, 6544;
v0x5611063a7130_6545 .array/port v0x5611063a7130, 6545;
v0x5611063a7130_6546 .array/port v0x5611063a7130, 6546;
E_0x56110637b490/1636 .event anyedge, v0x5611063a7130_6543, v0x5611063a7130_6544, v0x5611063a7130_6545, v0x5611063a7130_6546;
v0x5611063a7130_6547 .array/port v0x5611063a7130, 6547;
v0x5611063a7130_6548 .array/port v0x5611063a7130, 6548;
v0x5611063a7130_6549 .array/port v0x5611063a7130, 6549;
v0x5611063a7130_6550 .array/port v0x5611063a7130, 6550;
E_0x56110637b490/1637 .event anyedge, v0x5611063a7130_6547, v0x5611063a7130_6548, v0x5611063a7130_6549, v0x5611063a7130_6550;
v0x5611063a7130_6551 .array/port v0x5611063a7130, 6551;
v0x5611063a7130_6552 .array/port v0x5611063a7130, 6552;
v0x5611063a7130_6553 .array/port v0x5611063a7130, 6553;
v0x5611063a7130_6554 .array/port v0x5611063a7130, 6554;
E_0x56110637b490/1638 .event anyedge, v0x5611063a7130_6551, v0x5611063a7130_6552, v0x5611063a7130_6553, v0x5611063a7130_6554;
v0x5611063a7130_6555 .array/port v0x5611063a7130, 6555;
v0x5611063a7130_6556 .array/port v0x5611063a7130, 6556;
v0x5611063a7130_6557 .array/port v0x5611063a7130, 6557;
v0x5611063a7130_6558 .array/port v0x5611063a7130, 6558;
E_0x56110637b490/1639 .event anyedge, v0x5611063a7130_6555, v0x5611063a7130_6556, v0x5611063a7130_6557, v0x5611063a7130_6558;
v0x5611063a7130_6559 .array/port v0x5611063a7130, 6559;
v0x5611063a7130_6560 .array/port v0x5611063a7130, 6560;
v0x5611063a7130_6561 .array/port v0x5611063a7130, 6561;
v0x5611063a7130_6562 .array/port v0x5611063a7130, 6562;
E_0x56110637b490/1640 .event anyedge, v0x5611063a7130_6559, v0x5611063a7130_6560, v0x5611063a7130_6561, v0x5611063a7130_6562;
v0x5611063a7130_6563 .array/port v0x5611063a7130, 6563;
v0x5611063a7130_6564 .array/port v0x5611063a7130, 6564;
v0x5611063a7130_6565 .array/port v0x5611063a7130, 6565;
v0x5611063a7130_6566 .array/port v0x5611063a7130, 6566;
E_0x56110637b490/1641 .event anyedge, v0x5611063a7130_6563, v0x5611063a7130_6564, v0x5611063a7130_6565, v0x5611063a7130_6566;
v0x5611063a7130_6567 .array/port v0x5611063a7130, 6567;
v0x5611063a7130_6568 .array/port v0x5611063a7130, 6568;
v0x5611063a7130_6569 .array/port v0x5611063a7130, 6569;
v0x5611063a7130_6570 .array/port v0x5611063a7130, 6570;
E_0x56110637b490/1642 .event anyedge, v0x5611063a7130_6567, v0x5611063a7130_6568, v0x5611063a7130_6569, v0x5611063a7130_6570;
v0x5611063a7130_6571 .array/port v0x5611063a7130, 6571;
v0x5611063a7130_6572 .array/port v0x5611063a7130, 6572;
v0x5611063a7130_6573 .array/port v0x5611063a7130, 6573;
v0x5611063a7130_6574 .array/port v0x5611063a7130, 6574;
E_0x56110637b490/1643 .event anyedge, v0x5611063a7130_6571, v0x5611063a7130_6572, v0x5611063a7130_6573, v0x5611063a7130_6574;
v0x5611063a7130_6575 .array/port v0x5611063a7130, 6575;
v0x5611063a7130_6576 .array/port v0x5611063a7130, 6576;
v0x5611063a7130_6577 .array/port v0x5611063a7130, 6577;
v0x5611063a7130_6578 .array/port v0x5611063a7130, 6578;
E_0x56110637b490/1644 .event anyedge, v0x5611063a7130_6575, v0x5611063a7130_6576, v0x5611063a7130_6577, v0x5611063a7130_6578;
v0x5611063a7130_6579 .array/port v0x5611063a7130, 6579;
v0x5611063a7130_6580 .array/port v0x5611063a7130, 6580;
v0x5611063a7130_6581 .array/port v0x5611063a7130, 6581;
v0x5611063a7130_6582 .array/port v0x5611063a7130, 6582;
E_0x56110637b490/1645 .event anyedge, v0x5611063a7130_6579, v0x5611063a7130_6580, v0x5611063a7130_6581, v0x5611063a7130_6582;
v0x5611063a7130_6583 .array/port v0x5611063a7130, 6583;
v0x5611063a7130_6584 .array/port v0x5611063a7130, 6584;
v0x5611063a7130_6585 .array/port v0x5611063a7130, 6585;
v0x5611063a7130_6586 .array/port v0x5611063a7130, 6586;
E_0x56110637b490/1646 .event anyedge, v0x5611063a7130_6583, v0x5611063a7130_6584, v0x5611063a7130_6585, v0x5611063a7130_6586;
v0x5611063a7130_6587 .array/port v0x5611063a7130, 6587;
v0x5611063a7130_6588 .array/port v0x5611063a7130, 6588;
v0x5611063a7130_6589 .array/port v0x5611063a7130, 6589;
v0x5611063a7130_6590 .array/port v0x5611063a7130, 6590;
E_0x56110637b490/1647 .event anyedge, v0x5611063a7130_6587, v0x5611063a7130_6588, v0x5611063a7130_6589, v0x5611063a7130_6590;
v0x5611063a7130_6591 .array/port v0x5611063a7130, 6591;
v0x5611063a7130_6592 .array/port v0x5611063a7130, 6592;
v0x5611063a7130_6593 .array/port v0x5611063a7130, 6593;
v0x5611063a7130_6594 .array/port v0x5611063a7130, 6594;
E_0x56110637b490/1648 .event anyedge, v0x5611063a7130_6591, v0x5611063a7130_6592, v0x5611063a7130_6593, v0x5611063a7130_6594;
v0x5611063a7130_6595 .array/port v0x5611063a7130, 6595;
v0x5611063a7130_6596 .array/port v0x5611063a7130, 6596;
v0x5611063a7130_6597 .array/port v0x5611063a7130, 6597;
v0x5611063a7130_6598 .array/port v0x5611063a7130, 6598;
E_0x56110637b490/1649 .event anyedge, v0x5611063a7130_6595, v0x5611063a7130_6596, v0x5611063a7130_6597, v0x5611063a7130_6598;
v0x5611063a7130_6599 .array/port v0x5611063a7130, 6599;
v0x5611063a7130_6600 .array/port v0x5611063a7130, 6600;
v0x5611063a7130_6601 .array/port v0x5611063a7130, 6601;
v0x5611063a7130_6602 .array/port v0x5611063a7130, 6602;
E_0x56110637b490/1650 .event anyedge, v0x5611063a7130_6599, v0x5611063a7130_6600, v0x5611063a7130_6601, v0x5611063a7130_6602;
v0x5611063a7130_6603 .array/port v0x5611063a7130, 6603;
v0x5611063a7130_6604 .array/port v0x5611063a7130, 6604;
v0x5611063a7130_6605 .array/port v0x5611063a7130, 6605;
v0x5611063a7130_6606 .array/port v0x5611063a7130, 6606;
E_0x56110637b490/1651 .event anyedge, v0x5611063a7130_6603, v0x5611063a7130_6604, v0x5611063a7130_6605, v0x5611063a7130_6606;
v0x5611063a7130_6607 .array/port v0x5611063a7130, 6607;
v0x5611063a7130_6608 .array/port v0x5611063a7130, 6608;
v0x5611063a7130_6609 .array/port v0x5611063a7130, 6609;
v0x5611063a7130_6610 .array/port v0x5611063a7130, 6610;
E_0x56110637b490/1652 .event anyedge, v0x5611063a7130_6607, v0x5611063a7130_6608, v0x5611063a7130_6609, v0x5611063a7130_6610;
v0x5611063a7130_6611 .array/port v0x5611063a7130, 6611;
v0x5611063a7130_6612 .array/port v0x5611063a7130, 6612;
v0x5611063a7130_6613 .array/port v0x5611063a7130, 6613;
v0x5611063a7130_6614 .array/port v0x5611063a7130, 6614;
E_0x56110637b490/1653 .event anyedge, v0x5611063a7130_6611, v0x5611063a7130_6612, v0x5611063a7130_6613, v0x5611063a7130_6614;
v0x5611063a7130_6615 .array/port v0x5611063a7130, 6615;
v0x5611063a7130_6616 .array/port v0x5611063a7130, 6616;
v0x5611063a7130_6617 .array/port v0x5611063a7130, 6617;
v0x5611063a7130_6618 .array/port v0x5611063a7130, 6618;
E_0x56110637b490/1654 .event anyedge, v0x5611063a7130_6615, v0x5611063a7130_6616, v0x5611063a7130_6617, v0x5611063a7130_6618;
v0x5611063a7130_6619 .array/port v0x5611063a7130, 6619;
v0x5611063a7130_6620 .array/port v0x5611063a7130, 6620;
v0x5611063a7130_6621 .array/port v0x5611063a7130, 6621;
v0x5611063a7130_6622 .array/port v0x5611063a7130, 6622;
E_0x56110637b490/1655 .event anyedge, v0x5611063a7130_6619, v0x5611063a7130_6620, v0x5611063a7130_6621, v0x5611063a7130_6622;
v0x5611063a7130_6623 .array/port v0x5611063a7130, 6623;
v0x5611063a7130_6624 .array/port v0x5611063a7130, 6624;
v0x5611063a7130_6625 .array/port v0x5611063a7130, 6625;
v0x5611063a7130_6626 .array/port v0x5611063a7130, 6626;
E_0x56110637b490/1656 .event anyedge, v0x5611063a7130_6623, v0x5611063a7130_6624, v0x5611063a7130_6625, v0x5611063a7130_6626;
v0x5611063a7130_6627 .array/port v0x5611063a7130, 6627;
v0x5611063a7130_6628 .array/port v0x5611063a7130, 6628;
v0x5611063a7130_6629 .array/port v0x5611063a7130, 6629;
v0x5611063a7130_6630 .array/port v0x5611063a7130, 6630;
E_0x56110637b490/1657 .event anyedge, v0x5611063a7130_6627, v0x5611063a7130_6628, v0x5611063a7130_6629, v0x5611063a7130_6630;
v0x5611063a7130_6631 .array/port v0x5611063a7130, 6631;
v0x5611063a7130_6632 .array/port v0x5611063a7130, 6632;
v0x5611063a7130_6633 .array/port v0x5611063a7130, 6633;
v0x5611063a7130_6634 .array/port v0x5611063a7130, 6634;
E_0x56110637b490/1658 .event anyedge, v0x5611063a7130_6631, v0x5611063a7130_6632, v0x5611063a7130_6633, v0x5611063a7130_6634;
v0x5611063a7130_6635 .array/port v0x5611063a7130, 6635;
v0x5611063a7130_6636 .array/port v0x5611063a7130, 6636;
v0x5611063a7130_6637 .array/port v0x5611063a7130, 6637;
v0x5611063a7130_6638 .array/port v0x5611063a7130, 6638;
E_0x56110637b490/1659 .event anyedge, v0x5611063a7130_6635, v0x5611063a7130_6636, v0x5611063a7130_6637, v0x5611063a7130_6638;
v0x5611063a7130_6639 .array/port v0x5611063a7130, 6639;
v0x5611063a7130_6640 .array/port v0x5611063a7130, 6640;
v0x5611063a7130_6641 .array/port v0x5611063a7130, 6641;
v0x5611063a7130_6642 .array/port v0x5611063a7130, 6642;
E_0x56110637b490/1660 .event anyedge, v0x5611063a7130_6639, v0x5611063a7130_6640, v0x5611063a7130_6641, v0x5611063a7130_6642;
v0x5611063a7130_6643 .array/port v0x5611063a7130, 6643;
v0x5611063a7130_6644 .array/port v0x5611063a7130, 6644;
v0x5611063a7130_6645 .array/port v0x5611063a7130, 6645;
v0x5611063a7130_6646 .array/port v0x5611063a7130, 6646;
E_0x56110637b490/1661 .event anyedge, v0x5611063a7130_6643, v0x5611063a7130_6644, v0x5611063a7130_6645, v0x5611063a7130_6646;
v0x5611063a7130_6647 .array/port v0x5611063a7130, 6647;
v0x5611063a7130_6648 .array/port v0x5611063a7130, 6648;
v0x5611063a7130_6649 .array/port v0x5611063a7130, 6649;
v0x5611063a7130_6650 .array/port v0x5611063a7130, 6650;
E_0x56110637b490/1662 .event anyedge, v0x5611063a7130_6647, v0x5611063a7130_6648, v0x5611063a7130_6649, v0x5611063a7130_6650;
v0x5611063a7130_6651 .array/port v0x5611063a7130, 6651;
v0x5611063a7130_6652 .array/port v0x5611063a7130, 6652;
v0x5611063a7130_6653 .array/port v0x5611063a7130, 6653;
v0x5611063a7130_6654 .array/port v0x5611063a7130, 6654;
E_0x56110637b490/1663 .event anyedge, v0x5611063a7130_6651, v0x5611063a7130_6652, v0x5611063a7130_6653, v0x5611063a7130_6654;
v0x5611063a7130_6655 .array/port v0x5611063a7130, 6655;
v0x5611063a7130_6656 .array/port v0x5611063a7130, 6656;
v0x5611063a7130_6657 .array/port v0x5611063a7130, 6657;
v0x5611063a7130_6658 .array/port v0x5611063a7130, 6658;
E_0x56110637b490/1664 .event anyedge, v0x5611063a7130_6655, v0x5611063a7130_6656, v0x5611063a7130_6657, v0x5611063a7130_6658;
v0x5611063a7130_6659 .array/port v0x5611063a7130, 6659;
v0x5611063a7130_6660 .array/port v0x5611063a7130, 6660;
v0x5611063a7130_6661 .array/port v0x5611063a7130, 6661;
v0x5611063a7130_6662 .array/port v0x5611063a7130, 6662;
E_0x56110637b490/1665 .event anyedge, v0x5611063a7130_6659, v0x5611063a7130_6660, v0x5611063a7130_6661, v0x5611063a7130_6662;
v0x5611063a7130_6663 .array/port v0x5611063a7130, 6663;
v0x5611063a7130_6664 .array/port v0x5611063a7130, 6664;
v0x5611063a7130_6665 .array/port v0x5611063a7130, 6665;
v0x5611063a7130_6666 .array/port v0x5611063a7130, 6666;
E_0x56110637b490/1666 .event anyedge, v0x5611063a7130_6663, v0x5611063a7130_6664, v0x5611063a7130_6665, v0x5611063a7130_6666;
v0x5611063a7130_6667 .array/port v0x5611063a7130, 6667;
v0x5611063a7130_6668 .array/port v0x5611063a7130, 6668;
v0x5611063a7130_6669 .array/port v0x5611063a7130, 6669;
v0x5611063a7130_6670 .array/port v0x5611063a7130, 6670;
E_0x56110637b490/1667 .event anyedge, v0x5611063a7130_6667, v0x5611063a7130_6668, v0x5611063a7130_6669, v0x5611063a7130_6670;
v0x5611063a7130_6671 .array/port v0x5611063a7130, 6671;
v0x5611063a7130_6672 .array/port v0x5611063a7130, 6672;
v0x5611063a7130_6673 .array/port v0x5611063a7130, 6673;
v0x5611063a7130_6674 .array/port v0x5611063a7130, 6674;
E_0x56110637b490/1668 .event anyedge, v0x5611063a7130_6671, v0x5611063a7130_6672, v0x5611063a7130_6673, v0x5611063a7130_6674;
v0x5611063a7130_6675 .array/port v0x5611063a7130, 6675;
v0x5611063a7130_6676 .array/port v0x5611063a7130, 6676;
v0x5611063a7130_6677 .array/port v0x5611063a7130, 6677;
v0x5611063a7130_6678 .array/port v0x5611063a7130, 6678;
E_0x56110637b490/1669 .event anyedge, v0x5611063a7130_6675, v0x5611063a7130_6676, v0x5611063a7130_6677, v0x5611063a7130_6678;
v0x5611063a7130_6679 .array/port v0x5611063a7130, 6679;
v0x5611063a7130_6680 .array/port v0x5611063a7130, 6680;
v0x5611063a7130_6681 .array/port v0x5611063a7130, 6681;
v0x5611063a7130_6682 .array/port v0x5611063a7130, 6682;
E_0x56110637b490/1670 .event anyedge, v0x5611063a7130_6679, v0x5611063a7130_6680, v0x5611063a7130_6681, v0x5611063a7130_6682;
v0x5611063a7130_6683 .array/port v0x5611063a7130, 6683;
v0x5611063a7130_6684 .array/port v0x5611063a7130, 6684;
v0x5611063a7130_6685 .array/port v0x5611063a7130, 6685;
v0x5611063a7130_6686 .array/port v0x5611063a7130, 6686;
E_0x56110637b490/1671 .event anyedge, v0x5611063a7130_6683, v0x5611063a7130_6684, v0x5611063a7130_6685, v0x5611063a7130_6686;
v0x5611063a7130_6687 .array/port v0x5611063a7130, 6687;
v0x5611063a7130_6688 .array/port v0x5611063a7130, 6688;
v0x5611063a7130_6689 .array/port v0x5611063a7130, 6689;
v0x5611063a7130_6690 .array/port v0x5611063a7130, 6690;
E_0x56110637b490/1672 .event anyedge, v0x5611063a7130_6687, v0x5611063a7130_6688, v0x5611063a7130_6689, v0x5611063a7130_6690;
v0x5611063a7130_6691 .array/port v0x5611063a7130, 6691;
v0x5611063a7130_6692 .array/port v0x5611063a7130, 6692;
v0x5611063a7130_6693 .array/port v0x5611063a7130, 6693;
v0x5611063a7130_6694 .array/port v0x5611063a7130, 6694;
E_0x56110637b490/1673 .event anyedge, v0x5611063a7130_6691, v0x5611063a7130_6692, v0x5611063a7130_6693, v0x5611063a7130_6694;
v0x5611063a7130_6695 .array/port v0x5611063a7130, 6695;
v0x5611063a7130_6696 .array/port v0x5611063a7130, 6696;
v0x5611063a7130_6697 .array/port v0x5611063a7130, 6697;
v0x5611063a7130_6698 .array/port v0x5611063a7130, 6698;
E_0x56110637b490/1674 .event anyedge, v0x5611063a7130_6695, v0x5611063a7130_6696, v0x5611063a7130_6697, v0x5611063a7130_6698;
v0x5611063a7130_6699 .array/port v0x5611063a7130, 6699;
v0x5611063a7130_6700 .array/port v0x5611063a7130, 6700;
v0x5611063a7130_6701 .array/port v0x5611063a7130, 6701;
v0x5611063a7130_6702 .array/port v0x5611063a7130, 6702;
E_0x56110637b490/1675 .event anyedge, v0x5611063a7130_6699, v0x5611063a7130_6700, v0x5611063a7130_6701, v0x5611063a7130_6702;
v0x5611063a7130_6703 .array/port v0x5611063a7130, 6703;
v0x5611063a7130_6704 .array/port v0x5611063a7130, 6704;
v0x5611063a7130_6705 .array/port v0x5611063a7130, 6705;
v0x5611063a7130_6706 .array/port v0x5611063a7130, 6706;
E_0x56110637b490/1676 .event anyedge, v0x5611063a7130_6703, v0x5611063a7130_6704, v0x5611063a7130_6705, v0x5611063a7130_6706;
v0x5611063a7130_6707 .array/port v0x5611063a7130, 6707;
v0x5611063a7130_6708 .array/port v0x5611063a7130, 6708;
v0x5611063a7130_6709 .array/port v0x5611063a7130, 6709;
v0x5611063a7130_6710 .array/port v0x5611063a7130, 6710;
E_0x56110637b490/1677 .event anyedge, v0x5611063a7130_6707, v0x5611063a7130_6708, v0x5611063a7130_6709, v0x5611063a7130_6710;
v0x5611063a7130_6711 .array/port v0x5611063a7130, 6711;
v0x5611063a7130_6712 .array/port v0x5611063a7130, 6712;
v0x5611063a7130_6713 .array/port v0x5611063a7130, 6713;
v0x5611063a7130_6714 .array/port v0x5611063a7130, 6714;
E_0x56110637b490/1678 .event anyedge, v0x5611063a7130_6711, v0x5611063a7130_6712, v0x5611063a7130_6713, v0x5611063a7130_6714;
v0x5611063a7130_6715 .array/port v0x5611063a7130, 6715;
v0x5611063a7130_6716 .array/port v0x5611063a7130, 6716;
v0x5611063a7130_6717 .array/port v0x5611063a7130, 6717;
v0x5611063a7130_6718 .array/port v0x5611063a7130, 6718;
E_0x56110637b490/1679 .event anyedge, v0x5611063a7130_6715, v0x5611063a7130_6716, v0x5611063a7130_6717, v0x5611063a7130_6718;
v0x5611063a7130_6719 .array/port v0x5611063a7130, 6719;
v0x5611063a7130_6720 .array/port v0x5611063a7130, 6720;
v0x5611063a7130_6721 .array/port v0x5611063a7130, 6721;
v0x5611063a7130_6722 .array/port v0x5611063a7130, 6722;
E_0x56110637b490/1680 .event anyedge, v0x5611063a7130_6719, v0x5611063a7130_6720, v0x5611063a7130_6721, v0x5611063a7130_6722;
v0x5611063a7130_6723 .array/port v0x5611063a7130, 6723;
v0x5611063a7130_6724 .array/port v0x5611063a7130, 6724;
v0x5611063a7130_6725 .array/port v0x5611063a7130, 6725;
v0x5611063a7130_6726 .array/port v0x5611063a7130, 6726;
E_0x56110637b490/1681 .event anyedge, v0x5611063a7130_6723, v0x5611063a7130_6724, v0x5611063a7130_6725, v0x5611063a7130_6726;
v0x5611063a7130_6727 .array/port v0x5611063a7130, 6727;
v0x5611063a7130_6728 .array/port v0x5611063a7130, 6728;
v0x5611063a7130_6729 .array/port v0x5611063a7130, 6729;
v0x5611063a7130_6730 .array/port v0x5611063a7130, 6730;
E_0x56110637b490/1682 .event anyedge, v0x5611063a7130_6727, v0x5611063a7130_6728, v0x5611063a7130_6729, v0x5611063a7130_6730;
v0x5611063a7130_6731 .array/port v0x5611063a7130, 6731;
v0x5611063a7130_6732 .array/port v0x5611063a7130, 6732;
v0x5611063a7130_6733 .array/port v0x5611063a7130, 6733;
v0x5611063a7130_6734 .array/port v0x5611063a7130, 6734;
E_0x56110637b490/1683 .event anyedge, v0x5611063a7130_6731, v0x5611063a7130_6732, v0x5611063a7130_6733, v0x5611063a7130_6734;
v0x5611063a7130_6735 .array/port v0x5611063a7130, 6735;
v0x5611063a7130_6736 .array/port v0x5611063a7130, 6736;
v0x5611063a7130_6737 .array/port v0x5611063a7130, 6737;
v0x5611063a7130_6738 .array/port v0x5611063a7130, 6738;
E_0x56110637b490/1684 .event anyedge, v0x5611063a7130_6735, v0x5611063a7130_6736, v0x5611063a7130_6737, v0x5611063a7130_6738;
v0x5611063a7130_6739 .array/port v0x5611063a7130, 6739;
v0x5611063a7130_6740 .array/port v0x5611063a7130, 6740;
v0x5611063a7130_6741 .array/port v0x5611063a7130, 6741;
v0x5611063a7130_6742 .array/port v0x5611063a7130, 6742;
E_0x56110637b490/1685 .event anyedge, v0x5611063a7130_6739, v0x5611063a7130_6740, v0x5611063a7130_6741, v0x5611063a7130_6742;
v0x5611063a7130_6743 .array/port v0x5611063a7130, 6743;
v0x5611063a7130_6744 .array/port v0x5611063a7130, 6744;
v0x5611063a7130_6745 .array/port v0x5611063a7130, 6745;
v0x5611063a7130_6746 .array/port v0x5611063a7130, 6746;
E_0x56110637b490/1686 .event anyedge, v0x5611063a7130_6743, v0x5611063a7130_6744, v0x5611063a7130_6745, v0x5611063a7130_6746;
v0x5611063a7130_6747 .array/port v0x5611063a7130, 6747;
v0x5611063a7130_6748 .array/port v0x5611063a7130, 6748;
v0x5611063a7130_6749 .array/port v0x5611063a7130, 6749;
v0x5611063a7130_6750 .array/port v0x5611063a7130, 6750;
E_0x56110637b490/1687 .event anyedge, v0x5611063a7130_6747, v0x5611063a7130_6748, v0x5611063a7130_6749, v0x5611063a7130_6750;
v0x5611063a7130_6751 .array/port v0x5611063a7130, 6751;
v0x5611063a7130_6752 .array/port v0x5611063a7130, 6752;
v0x5611063a7130_6753 .array/port v0x5611063a7130, 6753;
v0x5611063a7130_6754 .array/port v0x5611063a7130, 6754;
E_0x56110637b490/1688 .event anyedge, v0x5611063a7130_6751, v0x5611063a7130_6752, v0x5611063a7130_6753, v0x5611063a7130_6754;
v0x5611063a7130_6755 .array/port v0x5611063a7130, 6755;
v0x5611063a7130_6756 .array/port v0x5611063a7130, 6756;
v0x5611063a7130_6757 .array/port v0x5611063a7130, 6757;
v0x5611063a7130_6758 .array/port v0x5611063a7130, 6758;
E_0x56110637b490/1689 .event anyedge, v0x5611063a7130_6755, v0x5611063a7130_6756, v0x5611063a7130_6757, v0x5611063a7130_6758;
v0x5611063a7130_6759 .array/port v0x5611063a7130, 6759;
v0x5611063a7130_6760 .array/port v0x5611063a7130, 6760;
v0x5611063a7130_6761 .array/port v0x5611063a7130, 6761;
v0x5611063a7130_6762 .array/port v0x5611063a7130, 6762;
E_0x56110637b490/1690 .event anyedge, v0x5611063a7130_6759, v0x5611063a7130_6760, v0x5611063a7130_6761, v0x5611063a7130_6762;
v0x5611063a7130_6763 .array/port v0x5611063a7130, 6763;
v0x5611063a7130_6764 .array/port v0x5611063a7130, 6764;
v0x5611063a7130_6765 .array/port v0x5611063a7130, 6765;
v0x5611063a7130_6766 .array/port v0x5611063a7130, 6766;
E_0x56110637b490/1691 .event anyedge, v0x5611063a7130_6763, v0x5611063a7130_6764, v0x5611063a7130_6765, v0x5611063a7130_6766;
v0x5611063a7130_6767 .array/port v0x5611063a7130, 6767;
v0x5611063a7130_6768 .array/port v0x5611063a7130, 6768;
v0x5611063a7130_6769 .array/port v0x5611063a7130, 6769;
v0x5611063a7130_6770 .array/port v0x5611063a7130, 6770;
E_0x56110637b490/1692 .event anyedge, v0x5611063a7130_6767, v0x5611063a7130_6768, v0x5611063a7130_6769, v0x5611063a7130_6770;
v0x5611063a7130_6771 .array/port v0x5611063a7130, 6771;
v0x5611063a7130_6772 .array/port v0x5611063a7130, 6772;
v0x5611063a7130_6773 .array/port v0x5611063a7130, 6773;
v0x5611063a7130_6774 .array/port v0x5611063a7130, 6774;
E_0x56110637b490/1693 .event anyedge, v0x5611063a7130_6771, v0x5611063a7130_6772, v0x5611063a7130_6773, v0x5611063a7130_6774;
v0x5611063a7130_6775 .array/port v0x5611063a7130, 6775;
v0x5611063a7130_6776 .array/port v0x5611063a7130, 6776;
v0x5611063a7130_6777 .array/port v0x5611063a7130, 6777;
v0x5611063a7130_6778 .array/port v0x5611063a7130, 6778;
E_0x56110637b490/1694 .event anyedge, v0x5611063a7130_6775, v0x5611063a7130_6776, v0x5611063a7130_6777, v0x5611063a7130_6778;
v0x5611063a7130_6779 .array/port v0x5611063a7130, 6779;
v0x5611063a7130_6780 .array/port v0x5611063a7130, 6780;
v0x5611063a7130_6781 .array/port v0x5611063a7130, 6781;
v0x5611063a7130_6782 .array/port v0x5611063a7130, 6782;
E_0x56110637b490/1695 .event anyedge, v0x5611063a7130_6779, v0x5611063a7130_6780, v0x5611063a7130_6781, v0x5611063a7130_6782;
v0x5611063a7130_6783 .array/port v0x5611063a7130, 6783;
v0x5611063a7130_6784 .array/port v0x5611063a7130, 6784;
v0x5611063a7130_6785 .array/port v0x5611063a7130, 6785;
v0x5611063a7130_6786 .array/port v0x5611063a7130, 6786;
E_0x56110637b490/1696 .event anyedge, v0x5611063a7130_6783, v0x5611063a7130_6784, v0x5611063a7130_6785, v0x5611063a7130_6786;
v0x5611063a7130_6787 .array/port v0x5611063a7130, 6787;
v0x5611063a7130_6788 .array/port v0x5611063a7130, 6788;
v0x5611063a7130_6789 .array/port v0x5611063a7130, 6789;
v0x5611063a7130_6790 .array/port v0x5611063a7130, 6790;
E_0x56110637b490/1697 .event anyedge, v0x5611063a7130_6787, v0x5611063a7130_6788, v0x5611063a7130_6789, v0x5611063a7130_6790;
v0x5611063a7130_6791 .array/port v0x5611063a7130, 6791;
v0x5611063a7130_6792 .array/port v0x5611063a7130, 6792;
v0x5611063a7130_6793 .array/port v0x5611063a7130, 6793;
v0x5611063a7130_6794 .array/port v0x5611063a7130, 6794;
E_0x56110637b490/1698 .event anyedge, v0x5611063a7130_6791, v0x5611063a7130_6792, v0x5611063a7130_6793, v0x5611063a7130_6794;
v0x5611063a7130_6795 .array/port v0x5611063a7130, 6795;
v0x5611063a7130_6796 .array/port v0x5611063a7130, 6796;
v0x5611063a7130_6797 .array/port v0x5611063a7130, 6797;
v0x5611063a7130_6798 .array/port v0x5611063a7130, 6798;
E_0x56110637b490/1699 .event anyedge, v0x5611063a7130_6795, v0x5611063a7130_6796, v0x5611063a7130_6797, v0x5611063a7130_6798;
v0x5611063a7130_6799 .array/port v0x5611063a7130, 6799;
v0x5611063a7130_6800 .array/port v0x5611063a7130, 6800;
v0x5611063a7130_6801 .array/port v0x5611063a7130, 6801;
v0x5611063a7130_6802 .array/port v0x5611063a7130, 6802;
E_0x56110637b490/1700 .event anyedge, v0x5611063a7130_6799, v0x5611063a7130_6800, v0x5611063a7130_6801, v0x5611063a7130_6802;
v0x5611063a7130_6803 .array/port v0x5611063a7130, 6803;
v0x5611063a7130_6804 .array/port v0x5611063a7130, 6804;
v0x5611063a7130_6805 .array/port v0x5611063a7130, 6805;
v0x5611063a7130_6806 .array/port v0x5611063a7130, 6806;
E_0x56110637b490/1701 .event anyedge, v0x5611063a7130_6803, v0x5611063a7130_6804, v0x5611063a7130_6805, v0x5611063a7130_6806;
v0x5611063a7130_6807 .array/port v0x5611063a7130, 6807;
v0x5611063a7130_6808 .array/port v0x5611063a7130, 6808;
v0x5611063a7130_6809 .array/port v0x5611063a7130, 6809;
v0x5611063a7130_6810 .array/port v0x5611063a7130, 6810;
E_0x56110637b490/1702 .event anyedge, v0x5611063a7130_6807, v0x5611063a7130_6808, v0x5611063a7130_6809, v0x5611063a7130_6810;
v0x5611063a7130_6811 .array/port v0x5611063a7130, 6811;
v0x5611063a7130_6812 .array/port v0x5611063a7130, 6812;
v0x5611063a7130_6813 .array/port v0x5611063a7130, 6813;
v0x5611063a7130_6814 .array/port v0x5611063a7130, 6814;
E_0x56110637b490/1703 .event anyedge, v0x5611063a7130_6811, v0x5611063a7130_6812, v0x5611063a7130_6813, v0x5611063a7130_6814;
v0x5611063a7130_6815 .array/port v0x5611063a7130, 6815;
v0x5611063a7130_6816 .array/port v0x5611063a7130, 6816;
v0x5611063a7130_6817 .array/port v0x5611063a7130, 6817;
v0x5611063a7130_6818 .array/port v0x5611063a7130, 6818;
E_0x56110637b490/1704 .event anyedge, v0x5611063a7130_6815, v0x5611063a7130_6816, v0x5611063a7130_6817, v0x5611063a7130_6818;
v0x5611063a7130_6819 .array/port v0x5611063a7130, 6819;
v0x5611063a7130_6820 .array/port v0x5611063a7130, 6820;
v0x5611063a7130_6821 .array/port v0x5611063a7130, 6821;
v0x5611063a7130_6822 .array/port v0x5611063a7130, 6822;
E_0x56110637b490/1705 .event anyedge, v0x5611063a7130_6819, v0x5611063a7130_6820, v0x5611063a7130_6821, v0x5611063a7130_6822;
v0x5611063a7130_6823 .array/port v0x5611063a7130, 6823;
v0x5611063a7130_6824 .array/port v0x5611063a7130, 6824;
v0x5611063a7130_6825 .array/port v0x5611063a7130, 6825;
v0x5611063a7130_6826 .array/port v0x5611063a7130, 6826;
E_0x56110637b490/1706 .event anyedge, v0x5611063a7130_6823, v0x5611063a7130_6824, v0x5611063a7130_6825, v0x5611063a7130_6826;
v0x5611063a7130_6827 .array/port v0x5611063a7130, 6827;
v0x5611063a7130_6828 .array/port v0x5611063a7130, 6828;
v0x5611063a7130_6829 .array/port v0x5611063a7130, 6829;
v0x5611063a7130_6830 .array/port v0x5611063a7130, 6830;
E_0x56110637b490/1707 .event anyedge, v0x5611063a7130_6827, v0x5611063a7130_6828, v0x5611063a7130_6829, v0x5611063a7130_6830;
v0x5611063a7130_6831 .array/port v0x5611063a7130, 6831;
v0x5611063a7130_6832 .array/port v0x5611063a7130, 6832;
v0x5611063a7130_6833 .array/port v0x5611063a7130, 6833;
v0x5611063a7130_6834 .array/port v0x5611063a7130, 6834;
E_0x56110637b490/1708 .event anyedge, v0x5611063a7130_6831, v0x5611063a7130_6832, v0x5611063a7130_6833, v0x5611063a7130_6834;
v0x5611063a7130_6835 .array/port v0x5611063a7130, 6835;
v0x5611063a7130_6836 .array/port v0x5611063a7130, 6836;
v0x5611063a7130_6837 .array/port v0x5611063a7130, 6837;
v0x5611063a7130_6838 .array/port v0x5611063a7130, 6838;
E_0x56110637b490/1709 .event anyedge, v0x5611063a7130_6835, v0x5611063a7130_6836, v0x5611063a7130_6837, v0x5611063a7130_6838;
v0x5611063a7130_6839 .array/port v0x5611063a7130, 6839;
v0x5611063a7130_6840 .array/port v0x5611063a7130, 6840;
v0x5611063a7130_6841 .array/port v0x5611063a7130, 6841;
v0x5611063a7130_6842 .array/port v0x5611063a7130, 6842;
E_0x56110637b490/1710 .event anyedge, v0x5611063a7130_6839, v0x5611063a7130_6840, v0x5611063a7130_6841, v0x5611063a7130_6842;
v0x5611063a7130_6843 .array/port v0x5611063a7130, 6843;
v0x5611063a7130_6844 .array/port v0x5611063a7130, 6844;
v0x5611063a7130_6845 .array/port v0x5611063a7130, 6845;
v0x5611063a7130_6846 .array/port v0x5611063a7130, 6846;
E_0x56110637b490/1711 .event anyedge, v0x5611063a7130_6843, v0x5611063a7130_6844, v0x5611063a7130_6845, v0x5611063a7130_6846;
v0x5611063a7130_6847 .array/port v0x5611063a7130, 6847;
v0x5611063a7130_6848 .array/port v0x5611063a7130, 6848;
v0x5611063a7130_6849 .array/port v0x5611063a7130, 6849;
v0x5611063a7130_6850 .array/port v0x5611063a7130, 6850;
E_0x56110637b490/1712 .event anyedge, v0x5611063a7130_6847, v0x5611063a7130_6848, v0x5611063a7130_6849, v0x5611063a7130_6850;
v0x5611063a7130_6851 .array/port v0x5611063a7130, 6851;
v0x5611063a7130_6852 .array/port v0x5611063a7130, 6852;
v0x5611063a7130_6853 .array/port v0x5611063a7130, 6853;
v0x5611063a7130_6854 .array/port v0x5611063a7130, 6854;
E_0x56110637b490/1713 .event anyedge, v0x5611063a7130_6851, v0x5611063a7130_6852, v0x5611063a7130_6853, v0x5611063a7130_6854;
v0x5611063a7130_6855 .array/port v0x5611063a7130, 6855;
v0x5611063a7130_6856 .array/port v0x5611063a7130, 6856;
v0x5611063a7130_6857 .array/port v0x5611063a7130, 6857;
v0x5611063a7130_6858 .array/port v0x5611063a7130, 6858;
E_0x56110637b490/1714 .event anyedge, v0x5611063a7130_6855, v0x5611063a7130_6856, v0x5611063a7130_6857, v0x5611063a7130_6858;
v0x5611063a7130_6859 .array/port v0x5611063a7130, 6859;
v0x5611063a7130_6860 .array/port v0x5611063a7130, 6860;
v0x5611063a7130_6861 .array/port v0x5611063a7130, 6861;
v0x5611063a7130_6862 .array/port v0x5611063a7130, 6862;
E_0x56110637b490/1715 .event anyedge, v0x5611063a7130_6859, v0x5611063a7130_6860, v0x5611063a7130_6861, v0x5611063a7130_6862;
v0x5611063a7130_6863 .array/port v0x5611063a7130, 6863;
v0x5611063a7130_6864 .array/port v0x5611063a7130, 6864;
v0x5611063a7130_6865 .array/port v0x5611063a7130, 6865;
v0x5611063a7130_6866 .array/port v0x5611063a7130, 6866;
E_0x56110637b490/1716 .event anyedge, v0x5611063a7130_6863, v0x5611063a7130_6864, v0x5611063a7130_6865, v0x5611063a7130_6866;
v0x5611063a7130_6867 .array/port v0x5611063a7130, 6867;
v0x5611063a7130_6868 .array/port v0x5611063a7130, 6868;
v0x5611063a7130_6869 .array/port v0x5611063a7130, 6869;
v0x5611063a7130_6870 .array/port v0x5611063a7130, 6870;
E_0x56110637b490/1717 .event anyedge, v0x5611063a7130_6867, v0x5611063a7130_6868, v0x5611063a7130_6869, v0x5611063a7130_6870;
v0x5611063a7130_6871 .array/port v0x5611063a7130, 6871;
v0x5611063a7130_6872 .array/port v0x5611063a7130, 6872;
v0x5611063a7130_6873 .array/port v0x5611063a7130, 6873;
v0x5611063a7130_6874 .array/port v0x5611063a7130, 6874;
E_0x56110637b490/1718 .event anyedge, v0x5611063a7130_6871, v0x5611063a7130_6872, v0x5611063a7130_6873, v0x5611063a7130_6874;
v0x5611063a7130_6875 .array/port v0x5611063a7130, 6875;
v0x5611063a7130_6876 .array/port v0x5611063a7130, 6876;
v0x5611063a7130_6877 .array/port v0x5611063a7130, 6877;
v0x5611063a7130_6878 .array/port v0x5611063a7130, 6878;
E_0x56110637b490/1719 .event anyedge, v0x5611063a7130_6875, v0x5611063a7130_6876, v0x5611063a7130_6877, v0x5611063a7130_6878;
v0x5611063a7130_6879 .array/port v0x5611063a7130, 6879;
v0x5611063a7130_6880 .array/port v0x5611063a7130, 6880;
v0x5611063a7130_6881 .array/port v0x5611063a7130, 6881;
v0x5611063a7130_6882 .array/port v0x5611063a7130, 6882;
E_0x56110637b490/1720 .event anyedge, v0x5611063a7130_6879, v0x5611063a7130_6880, v0x5611063a7130_6881, v0x5611063a7130_6882;
v0x5611063a7130_6883 .array/port v0x5611063a7130, 6883;
v0x5611063a7130_6884 .array/port v0x5611063a7130, 6884;
v0x5611063a7130_6885 .array/port v0x5611063a7130, 6885;
v0x5611063a7130_6886 .array/port v0x5611063a7130, 6886;
E_0x56110637b490/1721 .event anyedge, v0x5611063a7130_6883, v0x5611063a7130_6884, v0x5611063a7130_6885, v0x5611063a7130_6886;
v0x5611063a7130_6887 .array/port v0x5611063a7130, 6887;
v0x5611063a7130_6888 .array/port v0x5611063a7130, 6888;
v0x5611063a7130_6889 .array/port v0x5611063a7130, 6889;
v0x5611063a7130_6890 .array/port v0x5611063a7130, 6890;
E_0x56110637b490/1722 .event anyedge, v0x5611063a7130_6887, v0x5611063a7130_6888, v0x5611063a7130_6889, v0x5611063a7130_6890;
v0x5611063a7130_6891 .array/port v0x5611063a7130, 6891;
v0x5611063a7130_6892 .array/port v0x5611063a7130, 6892;
v0x5611063a7130_6893 .array/port v0x5611063a7130, 6893;
v0x5611063a7130_6894 .array/port v0x5611063a7130, 6894;
E_0x56110637b490/1723 .event anyedge, v0x5611063a7130_6891, v0x5611063a7130_6892, v0x5611063a7130_6893, v0x5611063a7130_6894;
v0x5611063a7130_6895 .array/port v0x5611063a7130, 6895;
v0x5611063a7130_6896 .array/port v0x5611063a7130, 6896;
v0x5611063a7130_6897 .array/port v0x5611063a7130, 6897;
v0x5611063a7130_6898 .array/port v0x5611063a7130, 6898;
E_0x56110637b490/1724 .event anyedge, v0x5611063a7130_6895, v0x5611063a7130_6896, v0x5611063a7130_6897, v0x5611063a7130_6898;
v0x5611063a7130_6899 .array/port v0x5611063a7130, 6899;
v0x5611063a7130_6900 .array/port v0x5611063a7130, 6900;
v0x5611063a7130_6901 .array/port v0x5611063a7130, 6901;
v0x5611063a7130_6902 .array/port v0x5611063a7130, 6902;
E_0x56110637b490/1725 .event anyedge, v0x5611063a7130_6899, v0x5611063a7130_6900, v0x5611063a7130_6901, v0x5611063a7130_6902;
v0x5611063a7130_6903 .array/port v0x5611063a7130, 6903;
v0x5611063a7130_6904 .array/port v0x5611063a7130, 6904;
v0x5611063a7130_6905 .array/port v0x5611063a7130, 6905;
v0x5611063a7130_6906 .array/port v0x5611063a7130, 6906;
E_0x56110637b490/1726 .event anyedge, v0x5611063a7130_6903, v0x5611063a7130_6904, v0x5611063a7130_6905, v0x5611063a7130_6906;
v0x5611063a7130_6907 .array/port v0x5611063a7130, 6907;
v0x5611063a7130_6908 .array/port v0x5611063a7130, 6908;
v0x5611063a7130_6909 .array/port v0x5611063a7130, 6909;
v0x5611063a7130_6910 .array/port v0x5611063a7130, 6910;
E_0x56110637b490/1727 .event anyedge, v0x5611063a7130_6907, v0x5611063a7130_6908, v0x5611063a7130_6909, v0x5611063a7130_6910;
v0x5611063a7130_6911 .array/port v0x5611063a7130, 6911;
v0x5611063a7130_6912 .array/port v0x5611063a7130, 6912;
v0x5611063a7130_6913 .array/port v0x5611063a7130, 6913;
v0x5611063a7130_6914 .array/port v0x5611063a7130, 6914;
E_0x56110637b490/1728 .event anyedge, v0x5611063a7130_6911, v0x5611063a7130_6912, v0x5611063a7130_6913, v0x5611063a7130_6914;
v0x5611063a7130_6915 .array/port v0x5611063a7130, 6915;
v0x5611063a7130_6916 .array/port v0x5611063a7130, 6916;
v0x5611063a7130_6917 .array/port v0x5611063a7130, 6917;
v0x5611063a7130_6918 .array/port v0x5611063a7130, 6918;
E_0x56110637b490/1729 .event anyedge, v0x5611063a7130_6915, v0x5611063a7130_6916, v0x5611063a7130_6917, v0x5611063a7130_6918;
v0x5611063a7130_6919 .array/port v0x5611063a7130, 6919;
v0x5611063a7130_6920 .array/port v0x5611063a7130, 6920;
v0x5611063a7130_6921 .array/port v0x5611063a7130, 6921;
v0x5611063a7130_6922 .array/port v0x5611063a7130, 6922;
E_0x56110637b490/1730 .event anyedge, v0x5611063a7130_6919, v0x5611063a7130_6920, v0x5611063a7130_6921, v0x5611063a7130_6922;
v0x5611063a7130_6923 .array/port v0x5611063a7130, 6923;
v0x5611063a7130_6924 .array/port v0x5611063a7130, 6924;
v0x5611063a7130_6925 .array/port v0x5611063a7130, 6925;
v0x5611063a7130_6926 .array/port v0x5611063a7130, 6926;
E_0x56110637b490/1731 .event anyedge, v0x5611063a7130_6923, v0x5611063a7130_6924, v0x5611063a7130_6925, v0x5611063a7130_6926;
v0x5611063a7130_6927 .array/port v0x5611063a7130, 6927;
v0x5611063a7130_6928 .array/port v0x5611063a7130, 6928;
v0x5611063a7130_6929 .array/port v0x5611063a7130, 6929;
v0x5611063a7130_6930 .array/port v0x5611063a7130, 6930;
E_0x56110637b490/1732 .event anyedge, v0x5611063a7130_6927, v0x5611063a7130_6928, v0x5611063a7130_6929, v0x5611063a7130_6930;
v0x5611063a7130_6931 .array/port v0x5611063a7130, 6931;
v0x5611063a7130_6932 .array/port v0x5611063a7130, 6932;
v0x5611063a7130_6933 .array/port v0x5611063a7130, 6933;
v0x5611063a7130_6934 .array/port v0x5611063a7130, 6934;
E_0x56110637b490/1733 .event anyedge, v0x5611063a7130_6931, v0x5611063a7130_6932, v0x5611063a7130_6933, v0x5611063a7130_6934;
v0x5611063a7130_6935 .array/port v0x5611063a7130, 6935;
v0x5611063a7130_6936 .array/port v0x5611063a7130, 6936;
v0x5611063a7130_6937 .array/port v0x5611063a7130, 6937;
v0x5611063a7130_6938 .array/port v0x5611063a7130, 6938;
E_0x56110637b490/1734 .event anyedge, v0x5611063a7130_6935, v0x5611063a7130_6936, v0x5611063a7130_6937, v0x5611063a7130_6938;
v0x5611063a7130_6939 .array/port v0x5611063a7130, 6939;
v0x5611063a7130_6940 .array/port v0x5611063a7130, 6940;
v0x5611063a7130_6941 .array/port v0x5611063a7130, 6941;
v0x5611063a7130_6942 .array/port v0x5611063a7130, 6942;
E_0x56110637b490/1735 .event anyedge, v0x5611063a7130_6939, v0x5611063a7130_6940, v0x5611063a7130_6941, v0x5611063a7130_6942;
v0x5611063a7130_6943 .array/port v0x5611063a7130, 6943;
v0x5611063a7130_6944 .array/port v0x5611063a7130, 6944;
v0x5611063a7130_6945 .array/port v0x5611063a7130, 6945;
v0x5611063a7130_6946 .array/port v0x5611063a7130, 6946;
E_0x56110637b490/1736 .event anyedge, v0x5611063a7130_6943, v0x5611063a7130_6944, v0x5611063a7130_6945, v0x5611063a7130_6946;
v0x5611063a7130_6947 .array/port v0x5611063a7130, 6947;
v0x5611063a7130_6948 .array/port v0x5611063a7130, 6948;
v0x5611063a7130_6949 .array/port v0x5611063a7130, 6949;
v0x5611063a7130_6950 .array/port v0x5611063a7130, 6950;
E_0x56110637b490/1737 .event anyedge, v0x5611063a7130_6947, v0x5611063a7130_6948, v0x5611063a7130_6949, v0x5611063a7130_6950;
v0x5611063a7130_6951 .array/port v0x5611063a7130, 6951;
v0x5611063a7130_6952 .array/port v0x5611063a7130, 6952;
v0x5611063a7130_6953 .array/port v0x5611063a7130, 6953;
v0x5611063a7130_6954 .array/port v0x5611063a7130, 6954;
E_0x56110637b490/1738 .event anyedge, v0x5611063a7130_6951, v0x5611063a7130_6952, v0x5611063a7130_6953, v0x5611063a7130_6954;
v0x5611063a7130_6955 .array/port v0x5611063a7130, 6955;
v0x5611063a7130_6956 .array/port v0x5611063a7130, 6956;
v0x5611063a7130_6957 .array/port v0x5611063a7130, 6957;
v0x5611063a7130_6958 .array/port v0x5611063a7130, 6958;
E_0x56110637b490/1739 .event anyedge, v0x5611063a7130_6955, v0x5611063a7130_6956, v0x5611063a7130_6957, v0x5611063a7130_6958;
v0x5611063a7130_6959 .array/port v0x5611063a7130, 6959;
v0x5611063a7130_6960 .array/port v0x5611063a7130, 6960;
v0x5611063a7130_6961 .array/port v0x5611063a7130, 6961;
v0x5611063a7130_6962 .array/port v0x5611063a7130, 6962;
E_0x56110637b490/1740 .event anyedge, v0x5611063a7130_6959, v0x5611063a7130_6960, v0x5611063a7130_6961, v0x5611063a7130_6962;
v0x5611063a7130_6963 .array/port v0x5611063a7130, 6963;
v0x5611063a7130_6964 .array/port v0x5611063a7130, 6964;
v0x5611063a7130_6965 .array/port v0x5611063a7130, 6965;
v0x5611063a7130_6966 .array/port v0x5611063a7130, 6966;
E_0x56110637b490/1741 .event anyedge, v0x5611063a7130_6963, v0x5611063a7130_6964, v0x5611063a7130_6965, v0x5611063a7130_6966;
v0x5611063a7130_6967 .array/port v0x5611063a7130, 6967;
v0x5611063a7130_6968 .array/port v0x5611063a7130, 6968;
v0x5611063a7130_6969 .array/port v0x5611063a7130, 6969;
v0x5611063a7130_6970 .array/port v0x5611063a7130, 6970;
E_0x56110637b490/1742 .event anyedge, v0x5611063a7130_6967, v0x5611063a7130_6968, v0x5611063a7130_6969, v0x5611063a7130_6970;
v0x5611063a7130_6971 .array/port v0x5611063a7130, 6971;
v0x5611063a7130_6972 .array/port v0x5611063a7130, 6972;
v0x5611063a7130_6973 .array/port v0x5611063a7130, 6973;
v0x5611063a7130_6974 .array/port v0x5611063a7130, 6974;
E_0x56110637b490/1743 .event anyedge, v0x5611063a7130_6971, v0x5611063a7130_6972, v0x5611063a7130_6973, v0x5611063a7130_6974;
v0x5611063a7130_6975 .array/port v0x5611063a7130, 6975;
v0x5611063a7130_6976 .array/port v0x5611063a7130, 6976;
v0x5611063a7130_6977 .array/port v0x5611063a7130, 6977;
v0x5611063a7130_6978 .array/port v0x5611063a7130, 6978;
E_0x56110637b490/1744 .event anyedge, v0x5611063a7130_6975, v0x5611063a7130_6976, v0x5611063a7130_6977, v0x5611063a7130_6978;
v0x5611063a7130_6979 .array/port v0x5611063a7130, 6979;
v0x5611063a7130_6980 .array/port v0x5611063a7130, 6980;
v0x5611063a7130_6981 .array/port v0x5611063a7130, 6981;
v0x5611063a7130_6982 .array/port v0x5611063a7130, 6982;
E_0x56110637b490/1745 .event anyedge, v0x5611063a7130_6979, v0x5611063a7130_6980, v0x5611063a7130_6981, v0x5611063a7130_6982;
v0x5611063a7130_6983 .array/port v0x5611063a7130, 6983;
v0x5611063a7130_6984 .array/port v0x5611063a7130, 6984;
v0x5611063a7130_6985 .array/port v0x5611063a7130, 6985;
v0x5611063a7130_6986 .array/port v0x5611063a7130, 6986;
E_0x56110637b490/1746 .event anyedge, v0x5611063a7130_6983, v0x5611063a7130_6984, v0x5611063a7130_6985, v0x5611063a7130_6986;
v0x5611063a7130_6987 .array/port v0x5611063a7130, 6987;
v0x5611063a7130_6988 .array/port v0x5611063a7130, 6988;
v0x5611063a7130_6989 .array/port v0x5611063a7130, 6989;
v0x5611063a7130_6990 .array/port v0x5611063a7130, 6990;
E_0x56110637b490/1747 .event anyedge, v0x5611063a7130_6987, v0x5611063a7130_6988, v0x5611063a7130_6989, v0x5611063a7130_6990;
v0x5611063a7130_6991 .array/port v0x5611063a7130, 6991;
v0x5611063a7130_6992 .array/port v0x5611063a7130, 6992;
v0x5611063a7130_6993 .array/port v0x5611063a7130, 6993;
v0x5611063a7130_6994 .array/port v0x5611063a7130, 6994;
E_0x56110637b490/1748 .event anyedge, v0x5611063a7130_6991, v0x5611063a7130_6992, v0x5611063a7130_6993, v0x5611063a7130_6994;
v0x5611063a7130_6995 .array/port v0x5611063a7130, 6995;
v0x5611063a7130_6996 .array/port v0x5611063a7130, 6996;
v0x5611063a7130_6997 .array/port v0x5611063a7130, 6997;
v0x5611063a7130_6998 .array/port v0x5611063a7130, 6998;
E_0x56110637b490/1749 .event anyedge, v0x5611063a7130_6995, v0x5611063a7130_6996, v0x5611063a7130_6997, v0x5611063a7130_6998;
v0x5611063a7130_6999 .array/port v0x5611063a7130, 6999;
v0x5611063a7130_7000 .array/port v0x5611063a7130, 7000;
v0x5611063a7130_7001 .array/port v0x5611063a7130, 7001;
v0x5611063a7130_7002 .array/port v0x5611063a7130, 7002;
E_0x56110637b490/1750 .event anyedge, v0x5611063a7130_6999, v0x5611063a7130_7000, v0x5611063a7130_7001, v0x5611063a7130_7002;
v0x5611063a7130_7003 .array/port v0x5611063a7130, 7003;
v0x5611063a7130_7004 .array/port v0x5611063a7130, 7004;
v0x5611063a7130_7005 .array/port v0x5611063a7130, 7005;
v0x5611063a7130_7006 .array/port v0x5611063a7130, 7006;
E_0x56110637b490/1751 .event anyedge, v0x5611063a7130_7003, v0x5611063a7130_7004, v0x5611063a7130_7005, v0x5611063a7130_7006;
v0x5611063a7130_7007 .array/port v0x5611063a7130, 7007;
v0x5611063a7130_7008 .array/port v0x5611063a7130, 7008;
v0x5611063a7130_7009 .array/port v0x5611063a7130, 7009;
v0x5611063a7130_7010 .array/port v0x5611063a7130, 7010;
E_0x56110637b490/1752 .event anyedge, v0x5611063a7130_7007, v0x5611063a7130_7008, v0x5611063a7130_7009, v0x5611063a7130_7010;
v0x5611063a7130_7011 .array/port v0x5611063a7130, 7011;
v0x5611063a7130_7012 .array/port v0x5611063a7130, 7012;
v0x5611063a7130_7013 .array/port v0x5611063a7130, 7013;
v0x5611063a7130_7014 .array/port v0x5611063a7130, 7014;
E_0x56110637b490/1753 .event anyedge, v0x5611063a7130_7011, v0x5611063a7130_7012, v0x5611063a7130_7013, v0x5611063a7130_7014;
v0x5611063a7130_7015 .array/port v0x5611063a7130, 7015;
v0x5611063a7130_7016 .array/port v0x5611063a7130, 7016;
v0x5611063a7130_7017 .array/port v0x5611063a7130, 7017;
v0x5611063a7130_7018 .array/port v0x5611063a7130, 7018;
E_0x56110637b490/1754 .event anyedge, v0x5611063a7130_7015, v0x5611063a7130_7016, v0x5611063a7130_7017, v0x5611063a7130_7018;
v0x5611063a7130_7019 .array/port v0x5611063a7130, 7019;
v0x5611063a7130_7020 .array/port v0x5611063a7130, 7020;
v0x5611063a7130_7021 .array/port v0x5611063a7130, 7021;
v0x5611063a7130_7022 .array/port v0x5611063a7130, 7022;
E_0x56110637b490/1755 .event anyedge, v0x5611063a7130_7019, v0x5611063a7130_7020, v0x5611063a7130_7021, v0x5611063a7130_7022;
v0x5611063a7130_7023 .array/port v0x5611063a7130, 7023;
v0x5611063a7130_7024 .array/port v0x5611063a7130, 7024;
v0x5611063a7130_7025 .array/port v0x5611063a7130, 7025;
v0x5611063a7130_7026 .array/port v0x5611063a7130, 7026;
E_0x56110637b490/1756 .event anyedge, v0x5611063a7130_7023, v0x5611063a7130_7024, v0x5611063a7130_7025, v0x5611063a7130_7026;
v0x5611063a7130_7027 .array/port v0x5611063a7130, 7027;
v0x5611063a7130_7028 .array/port v0x5611063a7130, 7028;
v0x5611063a7130_7029 .array/port v0x5611063a7130, 7029;
v0x5611063a7130_7030 .array/port v0x5611063a7130, 7030;
E_0x56110637b490/1757 .event anyedge, v0x5611063a7130_7027, v0x5611063a7130_7028, v0x5611063a7130_7029, v0x5611063a7130_7030;
v0x5611063a7130_7031 .array/port v0x5611063a7130, 7031;
v0x5611063a7130_7032 .array/port v0x5611063a7130, 7032;
v0x5611063a7130_7033 .array/port v0x5611063a7130, 7033;
v0x5611063a7130_7034 .array/port v0x5611063a7130, 7034;
E_0x56110637b490/1758 .event anyedge, v0x5611063a7130_7031, v0x5611063a7130_7032, v0x5611063a7130_7033, v0x5611063a7130_7034;
v0x5611063a7130_7035 .array/port v0x5611063a7130, 7035;
v0x5611063a7130_7036 .array/port v0x5611063a7130, 7036;
v0x5611063a7130_7037 .array/port v0x5611063a7130, 7037;
v0x5611063a7130_7038 .array/port v0x5611063a7130, 7038;
E_0x56110637b490/1759 .event anyedge, v0x5611063a7130_7035, v0x5611063a7130_7036, v0x5611063a7130_7037, v0x5611063a7130_7038;
v0x5611063a7130_7039 .array/port v0x5611063a7130, 7039;
v0x5611063a7130_7040 .array/port v0x5611063a7130, 7040;
v0x5611063a7130_7041 .array/port v0x5611063a7130, 7041;
v0x5611063a7130_7042 .array/port v0x5611063a7130, 7042;
E_0x56110637b490/1760 .event anyedge, v0x5611063a7130_7039, v0x5611063a7130_7040, v0x5611063a7130_7041, v0x5611063a7130_7042;
v0x5611063a7130_7043 .array/port v0x5611063a7130, 7043;
v0x5611063a7130_7044 .array/port v0x5611063a7130, 7044;
v0x5611063a7130_7045 .array/port v0x5611063a7130, 7045;
v0x5611063a7130_7046 .array/port v0x5611063a7130, 7046;
E_0x56110637b490/1761 .event anyedge, v0x5611063a7130_7043, v0x5611063a7130_7044, v0x5611063a7130_7045, v0x5611063a7130_7046;
v0x5611063a7130_7047 .array/port v0x5611063a7130, 7047;
v0x5611063a7130_7048 .array/port v0x5611063a7130, 7048;
v0x5611063a7130_7049 .array/port v0x5611063a7130, 7049;
v0x5611063a7130_7050 .array/port v0x5611063a7130, 7050;
E_0x56110637b490/1762 .event anyedge, v0x5611063a7130_7047, v0x5611063a7130_7048, v0x5611063a7130_7049, v0x5611063a7130_7050;
v0x5611063a7130_7051 .array/port v0x5611063a7130, 7051;
v0x5611063a7130_7052 .array/port v0x5611063a7130, 7052;
v0x5611063a7130_7053 .array/port v0x5611063a7130, 7053;
v0x5611063a7130_7054 .array/port v0x5611063a7130, 7054;
E_0x56110637b490/1763 .event anyedge, v0x5611063a7130_7051, v0x5611063a7130_7052, v0x5611063a7130_7053, v0x5611063a7130_7054;
v0x5611063a7130_7055 .array/port v0x5611063a7130, 7055;
v0x5611063a7130_7056 .array/port v0x5611063a7130, 7056;
v0x5611063a7130_7057 .array/port v0x5611063a7130, 7057;
v0x5611063a7130_7058 .array/port v0x5611063a7130, 7058;
E_0x56110637b490/1764 .event anyedge, v0x5611063a7130_7055, v0x5611063a7130_7056, v0x5611063a7130_7057, v0x5611063a7130_7058;
v0x5611063a7130_7059 .array/port v0x5611063a7130, 7059;
v0x5611063a7130_7060 .array/port v0x5611063a7130, 7060;
v0x5611063a7130_7061 .array/port v0x5611063a7130, 7061;
v0x5611063a7130_7062 .array/port v0x5611063a7130, 7062;
E_0x56110637b490/1765 .event anyedge, v0x5611063a7130_7059, v0x5611063a7130_7060, v0x5611063a7130_7061, v0x5611063a7130_7062;
v0x5611063a7130_7063 .array/port v0x5611063a7130, 7063;
v0x5611063a7130_7064 .array/port v0x5611063a7130, 7064;
v0x5611063a7130_7065 .array/port v0x5611063a7130, 7065;
v0x5611063a7130_7066 .array/port v0x5611063a7130, 7066;
E_0x56110637b490/1766 .event anyedge, v0x5611063a7130_7063, v0x5611063a7130_7064, v0x5611063a7130_7065, v0x5611063a7130_7066;
v0x5611063a7130_7067 .array/port v0x5611063a7130, 7067;
v0x5611063a7130_7068 .array/port v0x5611063a7130, 7068;
v0x5611063a7130_7069 .array/port v0x5611063a7130, 7069;
v0x5611063a7130_7070 .array/port v0x5611063a7130, 7070;
E_0x56110637b490/1767 .event anyedge, v0x5611063a7130_7067, v0x5611063a7130_7068, v0x5611063a7130_7069, v0x5611063a7130_7070;
v0x5611063a7130_7071 .array/port v0x5611063a7130, 7071;
v0x5611063a7130_7072 .array/port v0x5611063a7130, 7072;
v0x5611063a7130_7073 .array/port v0x5611063a7130, 7073;
v0x5611063a7130_7074 .array/port v0x5611063a7130, 7074;
E_0x56110637b490/1768 .event anyedge, v0x5611063a7130_7071, v0x5611063a7130_7072, v0x5611063a7130_7073, v0x5611063a7130_7074;
v0x5611063a7130_7075 .array/port v0x5611063a7130, 7075;
v0x5611063a7130_7076 .array/port v0x5611063a7130, 7076;
v0x5611063a7130_7077 .array/port v0x5611063a7130, 7077;
v0x5611063a7130_7078 .array/port v0x5611063a7130, 7078;
E_0x56110637b490/1769 .event anyedge, v0x5611063a7130_7075, v0x5611063a7130_7076, v0x5611063a7130_7077, v0x5611063a7130_7078;
v0x5611063a7130_7079 .array/port v0x5611063a7130, 7079;
v0x5611063a7130_7080 .array/port v0x5611063a7130, 7080;
v0x5611063a7130_7081 .array/port v0x5611063a7130, 7081;
v0x5611063a7130_7082 .array/port v0x5611063a7130, 7082;
E_0x56110637b490/1770 .event anyedge, v0x5611063a7130_7079, v0x5611063a7130_7080, v0x5611063a7130_7081, v0x5611063a7130_7082;
v0x5611063a7130_7083 .array/port v0x5611063a7130, 7083;
v0x5611063a7130_7084 .array/port v0x5611063a7130, 7084;
v0x5611063a7130_7085 .array/port v0x5611063a7130, 7085;
v0x5611063a7130_7086 .array/port v0x5611063a7130, 7086;
E_0x56110637b490/1771 .event anyedge, v0x5611063a7130_7083, v0x5611063a7130_7084, v0x5611063a7130_7085, v0x5611063a7130_7086;
v0x5611063a7130_7087 .array/port v0x5611063a7130, 7087;
v0x5611063a7130_7088 .array/port v0x5611063a7130, 7088;
v0x5611063a7130_7089 .array/port v0x5611063a7130, 7089;
v0x5611063a7130_7090 .array/port v0x5611063a7130, 7090;
E_0x56110637b490/1772 .event anyedge, v0x5611063a7130_7087, v0x5611063a7130_7088, v0x5611063a7130_7089, v0x5611063a7130_7090;
v0x5611063a7130_7091 .array/port v0x5611063a7130, 7091;
v0x5611063a7130_7092 .array/port v0x5611063a7130, 7092;
v0x5611063a7130_7093 .array/port v0x5611063a7130, 7093;
v0x5611063a7130_7094 .array/port v0x5611063a7130, 7094;
E_0x56110637b490/1773 .event anyedge, v0x5611063a7130_7091, v0x5611063a7130_7092, v0x5611063a7130_7093, v0x5611063a7130_7094;
v0x5611063a7130_7095 .array/port v0x5611063a7130, 7095;
v0x5611063a7130_7096 .array/port v0x5611063a7130, 7096;
v0x5611063a7130_7097 .array/port v0x5611063a7130, 7097;
v0x5611063a7130_7098 .array/port v0x5611063a7130, 7098;
E_0x56110637b490/1774 .event anyedge, v0x5611063a7130_7095, v0x5611063a7130_7096, v0x5611063a7130_7097, v0x5611063a7130_7098;
v0x5611063a7130_7099 .array/port v0x5611063a7130, 7099;
v0x5611063a7130_7100 .array/port v0x5611063a7130, 7100;
v0x5611063a7130_7101 .array/port v0x5611063a7130, 7101;
v0x5611063a7130_7102 .array/port v0x5611063a7130, 7102;
E_0x56110637b490/1775 .event anyedge, v0x5611063a7130_7099, v0x5611063a7130_7100, v0x5611063a7130_7101, v0x5611063a7130_7102;
v0x5611063a7130_7103 .array/port v0x5611063a7130, 7103;
v0x5611063a7130_7104 .array/port v0x5611063a7130, 7104;
v0x5611063a7130_7105 .array/port v0x5611063a7130, 7105;
v0x5611063a7130_7106 .array/port v0x5611063a7130, 7106;
E_0x56110637b490/1776 .event anyedge, v0x5611063a7130_7103, v0x5611063a7130_7104, v0x5611063a7130_7105, v0x5611063a7130_7106;
v0x5611063a7130_7107 .array/port v0x5611063a7130, 7107;
v0x5611063a7130_7108 .array/port v0x5611063a7130, 7108;
v0x5611063a7130_7109 .array/port v0x5611063a7130, 7109;
v0x5611063a7130_7110 .array/port v0x5611063a7130, 7110;
E_0x56110637b490/1777 .event anyedge, v0x5611063a7130_7107, v0x5611063a7130_7108, v0x5611063a7130_7109, v0x5611063a7130_7110;
v0x5611063a7130_7111 .array/port v0x5611063a7130, 7111;
v0x5611063a7130_7112 .array/port v0x5611063a7130, 7112;
v0x5611063a7130_7113 .array/port v0x5611063a7130, 7113;
v0x5611063a7130_7114 .array/port v0x5611063a7130, 7114;
E_0x56110637b490/1778 .event anyedge, v0x5611063a7130_7111, v0x5611063a7130_7112, v0x5611063a7130_7113, v0x5611063a7130_7114;
v0x5611063a7130_7115 .array/port v0x5611063a7130, 7115;
v0x5611063a7130_7116 .array/port v0x5611063a7130, 7116;
v0x5611063a7130_7117 .array/port v0x5611063a7130, 7117;
v0x5611063a7130_7118 .array/port v0x5611063a7130, 7118;
E_0x56110637b490/1779 .event anyedge, v0x5611063a7130_7115, v0x5611063a7130_7116, v0x5611063a7130_7117, v0x5611063a7130_7118;
v0x5611063a7130_7119 .array/port v0x5611063a7130, 7119;
v0x5611063a7130_7120 .array/port v0x5611063a7130, 7120;
v0x5611063a7130_7121 .array/port v0x5611063a7130, 7121;
v0x5611063a7130_7122 .array/port v0x5611063a7130, 7122;
E_0x56110637b490/1780 .event anyedge, v0x5611063a7130_7119, v0x5611063a7130_7120, v0x5611063a7130_7121, v0x5611063a7130_7122;
v0x5611063a7130_7123 .array/port v0x5611063a7130, 7123;
v0x5611063a7130_7124 .array/port v0x5611063a7130, 7124;
v0x5611063a7130_7125 .array/port v0x5611063a7130, 7125;
v0x5611063a7130_7126 .array/port v0x5611063a7130, 7126;
E_0x56110637b490/1781 .event anyedge, v0x5611063a7130_7123, v0x5611063a7130_7124, v0x5611063a7130_7125, v0x5611063a7130_7126;
v0x5611063a7130_7127 .array/port v0x5611063a7130, 7127;
v0x5611063a7130_7128 .array/port v0x5611063a7130, 7128;
v0x5611063a7130_7129 .array/port v0x5611063a7130, 7129;
v0x5611063a7130_7130 .array/port v0x5611063a7130, 7130;
E_0x56110637b490/1782 .event anyedge, v0x5611063a7130_7127, v0x5611063a7130_7128, v0x5611063a7130_7129, v0x5611063a7130_7130;
v0x5611063a7130_7131 .array/port v0x5611063a7130, 7131;
v0x5611063a7130_7132 .array/port v0x5611063a7130, 7132;
v0x5611063a7130_7133 .array/port v0x5611063a7130, 7133;
v0x5611063a7130_7134 .array/port v0x5611063a7130, 7134;
E_0x56110637b490/1783 .event anyedge, v0x5611063a7130_7131, v0x5611063a7130_7132, v0x5611063a7130_7133, v0x5611063a7130_7134;
v0x5611063a7130_7135 .array/port v0x5611063a7130, 7135;
v0x5611063a7130_7136 .array/port v0x5611063a7130, 7136;
v0x5611063a7130_7137 .array/port v0x5611063a7130, 7137;
v0x5611063a7130_7138 .array/port v0x5611063a7130, 7138;
E_0x56110637b490/1784 .event anyedge, v0x5611063a7130_7135, v0x5611063a7130_7136, v0x5611063a7130_7137, v0x5611063a7130_7138;
v0x5611063a7130_7139 .array/port v0x5611063a7130, 7139;
v0x5611063a7130_7140 .array/port v0x5611063a7130, 7140;
v0x5611063a7130_7141 .array/port v0x5611063a7130, 7141;
v0x5611063a7130_7142 .array/port v0x5611063a7130, 7142;
E_0x56110637b490/1785 .event anyedge, v0x5611063a7130_7139, v0x5611063a7130_7140, v0x5611063a7130_7141, v0x5611063a7130_7142;
v0x5611063a7130_7143 .array/port v0x5611063a7130, 7143;
v0x5611063a7130_7144 .array/port v0x5611063a7130, 7144;
v0x5611063a7130_7145 .array/port v0x5611063a7130, 7145;
v0x5611063a7130_7146 .array/port v0x5611063a7130, 7146;
E_0x56110637b490/1786 .event anyedge, v0x5611063a7130_7143, v0x5611063a7130_7144, v0x5611063a7130_7145, v0x5611063a7130_7146;
v0x5611063a7130_7147 .array/port v0x5611063a7130, 7147;
v0x5611063a7130_7148 .array/port v0x5611063a7130, 7148;
v0x5611063a7130_7149 .array/port v0x5611063a7130, 7149;
v0x5611063a7130_7150 .array/port v0x5611063a7130, 7150;
E_0x56110637b490/1787 .event anyedge, v0x5611063a7130_7147, v0x5611063a7130_7148, v0x5611063a7130_7149, v0x5611063a7130_7150;
v0x5611063a7130_7151 .array/port v0x5611063a7130, 7151;
v0x5611063a7130_7152 .array/port v0x5611063a7130, 7152;
v0x5611063a7130_7153 .array/port v0x5611063a7130, 7153;
v0x5611063a7130_7154 .array/port v0x5611063a7130, 7154;
E_0x56110637b490/1788 .event anyedge, v0x5611063a7130_7151, v0x5611063a7130_7152, v0x5611063a7130_7153, v0x5611063a7130_7154;
v0x5611063a7130_7155 .array/port v0x5611063a7130, 7155;
v0x5611063a7130_7156 .array/port v0x5611063a7130, 7156;
v0x5611063a7130_7157 .array/port v0x5611063a7130, 7157;
v0x5611063a7130_7158 .array/port v0x5611063a7130, 7158;
E_0x56110637b490/1789 .event anyedge, v0x5611063a7130_7155, v0x5611063a7130_7156, v0x5611063a7130_7157, v0x5611063a7130_7158;
v0x5611063a7130_7159 .array/port v0x5611063a7130, 7159;
v0x5611063a7130_7160 .array/port v0x5611063a7130, 7160;
v0x5611063a7130_7161 .array/port v0x5611063a7130, 7161;
v0x5611063a7130_7162 .array/port v0x5611063a7130, 7162;
E_0x56110637b490/1790 .event anyedge, v0x5611063a7130_7159, v0x5611063a7130_7160, v0x5611063a7130_7161, v0x5611063a7130_7162;
v0x5611063a7130_7163 .array/port v0x5611063a7130, 7163;
v0x5611063a7130_7164 .array/port v0x5611063a7130, 7164;
v0x5611063a7130_7165 .array/port v0x5611063a7130, 7165;
v0x5611063a7130_7166 .array/port v0x5611063a7130, 7166;
E_0x56110637b490/1791 .event anyedge, v0x5611063a7130_7163, v0x5611063a7130_7164, v0x5611063a7130_7165, v0x5611063a7130_7166;
v0x5611063a7130_7167 .array/port v0x5611063a7130, 7167;
v0x5611063a7130_7168 .array/port v0x5611063a7130, 7168;
v0x5611063a7130_7169 .array/port v0x5611063a7130, 7169;
v0x5611063a7130_7170 .array/port v0x5611063a7130, 7170;
E_0x56110637b490/1792 .event anyedge, v0x5611063a7130_7167, v0x5611063a7130_7168, v0x5611063a7130_7169, v0x5611063a7130_7170;
v0x5611063a7130_7171 .array/port v0x5611063a7130, 7171;
v0x5611063a7130_7172 .array/port v0x5611063a7130, 7172;
v0x5611063a7130_7173 .array/port v0x5611063a7130, 7173;
v0x5611063a7130_7174 .array/port v0x5611063a7130, 7174;
E_0x56110637b490/1793 .event anyedge, v0x5611063a7130_7171, v0x5611063a7130_7172, v0x5611063a7130_7173, v0x5611063a7130_7174;
v0x5611063a7130_7175 .array/port v0x5611063a7130, 7175;
v0x5611063a7130_7176 .array/port v0x5611063a7130, 7176;
v0x5611063a7130_7177 .array/port v0x5611063a7130, 7177;
v0x5611063a7130_7178 .array/port v0x5611063a7130, 7178;
E_0x56110637b490/1794 .event anyedge, v0x5611063a7130_7175, v0x5611063a7130_7176, v0x5611063a7130_7177, v0x5611063a7130_7178;
v0x5611063a7130_7179 .array/port v0x5611063a7130, 7179;
v0x5611063a7130_7180 .array/port v0x5611063a7130, 7180;
v0x5611063a7130_7181 .array/port v0x5611063a7130, 7181;
v0x5611063a7130_7182 .array/port v0x5611063a7130, 7182;
E_0x56110637b490/1795 .event anyedge, v0x5611063a7130_7179, v0x5611063a7130_7180, v0x5611063a7130_7181, v0x5611063a7130_7182;
v0x5611063a7130_7183 .array/port v0x5611063a7130, 7183;
v0x5611063a7130_7184 .array/port v0x5611063a7130, 7184;
v0x5611063a7130_7185 .array/port v0x5611063a7130, 7185;
v0x5611063a7130_7186 .array/port v0x5611063a7130, 7186;
E_0x56110637b490/1796 .event anyedge, v0x5611063a7130_7183, v0x5611063a7130_7184, v0x5611063a7130_7185, v0x5611063a7130_7186;
v0x5611063a7130_7187 .array/port v0x5611063a7130, 7187;
v0x5611063a7130_7188 .array/port v0x5611063a7130, 7188;
v0x5611063a7130_7189 .array/port v0x5611063a7130, 7189;
v0x5611063a7130_7190 .array/port v0x5611063a7130, 7190;
E_0x56110637b490/1797 .event anyedge, v0x5611063a7130_7187, v0x5611063a7130_7188, v0x5611063a7130_7189, v0x5611063a7130_7190;
v0x5611063a7130_7191 .array/port v0x5611063a7130, 7191;
v0x5611063a7130_7192 .array/port v0x5611063a7130, 7192;
v0x5611063a7130_7193 .array/port v0x5611063a7130, 7193;
v0x5611063a7130_7194 .array/port v0x5611063a7130, 7194;
E_0x56110637b490/1798 .event anyedge, v0x5611063a7130_7191, v0x5611063a7130_7192, v0x5611063a7130_7193, v0x5611063a7130_7194;
v0x5611063a7130_7195 .array/port v0x5611063a7130, 7195;
v0x5611063a7130_7196 .array/port v0x5611063a7130, 7196;
v0x5611063a7130_7197 .array/port v0x5611063a7130, 7197;
v0x5611063a7130_7198 .array/port v0x5611063a7130, 7198;
E_0x56110637b490/1799 .event anyedge, v0x5611063a7130_7195, v0x5611063a7130_7196, v0x5611063a7130_7197, v0x5611063a7130_7198;
v0x5611063a7130_7199 .array/port v0x5611063a7130, 7199;
v0x5611063a7130_7200 .array/port v0x5611063a7130, 7200;
v0x5611063a7130_7201 .array/port v0x5611063a7130, 7201;
v0x5611063a7130_7202 .array/port v0x5611063a7130, 7202;
E_0x56110637b490/1800 .event anyedge, v0x5611063a7130_7199, v0x5611063a7130_7200, v0x5611063a7130_7201, v0x5611063a7130_7202;
v0x5611063a7130_7203 .array/port v0x5611063a7130, 7203;
v0x5611063a7130_7204 .array/port v0x5611063a7130, 7204;
v0x5611063a7130_7205 .array/port v0x5611063a7130, 7205;
v0x5611063a7130_7206 .array/port v0x5611063a7130, 7206;
E_0x56110637b490/1801 .event anyedge, v0x5611063a7130_7203, v0x5611063a7130_7204, v0x5611063a7130_7205, v0x5611063a7130_7206;
v0x5611063a7130_7207 .array/port v0x5611063a7130, 7207;
v0x5611063a7130_7208 .array/port v0x5611063a7130, 7208;
v0x5611063a7130_7209 .array/port v0x5611063a7130, 7209;
v0x5611063a7130_7210 .array/port v0x5611063a7130, 7210;
E_0x56110637b490/1802 .event anyedge, v0x5611063a7130_7207, v0x5611063a7130_7208, v0x5611063a7130_7209, v0x5611063a7130_7210;
v0x5611063a7130_7211 .array/port v0x5611063a7130, 7211;
v0x5611063a7130_7212 .array/port v0x5611063a7130, 7212;
v0x5611063a7130_7213 .array/port v0x5611063a7130, 7213;
v0x5611063a7130_7214 .array/port v0x5611063a7130, 7214;
E_0x56110637b490/1803 .event anyedge, v0x5611063a7130_7211, v0x5611063a7130_7212, v0x5611063a7130_7213, v0x5611063a7130_7214;
v0x5611063a7130_7215 .array/port v0x5611063a7130, 7215;
v0x5611063a7130_7216 .array/port v0x5611063a7130, 7216;
v0x5611063a7130_7217 .array/port v0x5611063a7130, 7217;
v0x5611063a7130_7218 .array/port v0x5611063a7130, 7218;
E_0x56110637b490/1804 .event anyedge, v0x5611063a7130_7215, v0x5611063a7130_7216, v0x5611063a7130_7217, v0x5611063a7130_7218;
v0x5611063a7130_7219 .array/port v0x5611063a7130, 7219;
v0x5611063a7130_7220 .array/port v0x5611063a7130, 7220;
v0x5611063a7130_7221 .array/port v0x5611063a7130, 7221;
v0x5611063a7130_7222 .array/port v0x5611063a7130, 7222;
E_0x56110637b490/1805 .event anyedge, v0x5611063a7130_7219, v0x5611063a7130_7220, v0x5611063a7130_7221, v0x5611063a7130_7222;
v0x5611063a7130_7223 .array/port v0x5611063a7130, 7223;
v0x5611063a7130_7224 .array/port v0x5611063a7130, 7224;
v0x5611063a7130_7225 .array/port v0x5611063a7130, 7225;
v0x5611063a7130_7226 .array/port v0x5611063a7130, 7226;
E_0x56110637b490/1806 .event anyedge, v0x5611063a7130_7223, v0x5611063a7130_7224, v0x5611063a7130_7225, v0x5611063a7130_7226;
v0x5611063a7130_7227 .array/port v0x5611063a7130, 7227;
v0x5611063a7130_7228 .array/port v0x5611063a7130, 7228;
v0x5611063a7130_7229 .array/port v0x5611063a7130, 7229;
v0x5611063a7130_7230 .array/port v0x5611063a7130, 7230;
E_0x56110637b490/1807 .event anyedge, v0x5611063a7130_7227, v0x5611063a7130_7228, v0x5611063a7130_7229, v0x5611063a7130_7230;
v0x5611063a7130_7231 .array/port v0x5611063a7130, 7231;
v0x5611063a7130_7232 .array/port v0x5611063a7130, 7232;
v0x5611063a7130_7233 .array/port v0x5611063a7130, 7233;
v0x5611063a7130_7234 .array/port v0x5611063a7130, 7234;
E_0x56110637b490/1808 .event anyedge, v0x5611063a7130_7231, v0x5611063a7130_7232, v0x5611063a7130_7233, v0x5611063a7130_7234;
v0x5611063a7130_7235 .array/port v0x5611063a7130, 7235;
v0x5611063a7130_7236 .array/port v0x5611063a7130, 7236;
v0x5611063a7130_7237 .array/port v0x5611063a7130, 7237;
v0x5611063a7130_7238 .array/port v0x5611063a7130, 7238;
E_0x56110637b490/1809 .event anyedge, v0x5611063a7130_7235, v0x5611063a7130_7236, v0x5611063a7130_7237, v0x5611063a7130_7238;
v0x5611063a7130_7239 .array/port v0x5611063a7130, 7239;
v0x5611063a7130_7240 .array/port v0x5611063a7130, 7240;
v0x5611063a7130_7241 .array/port v0x5611063a7130, 7241;
v0x5611063a7130_7242 .array/port v0x5611063a7130, 7242;
E_0x56110637b490/1810 .event anyedge, v0x5611063a7130_7239, v0x5611063a7130_7240, v0x5611063a7130_7241, v0x5611063a7130_7242;
v0x5611063a7130_7243 .array/port v0x5611063a7130, 7243;
v0x5611063a7130_7244 .array/port v0x5611063a7130, 7244;
v0x5611063a7130_7245 .array/port v0x5611063a7130, 7245;
v0x5611063a7130_7246 .array/port v0x5611063a7130, 7246;
E_0x56110637b490/1811 .event anyedge, v0x5611063a7130_7243, v0x5611063a7130_7244, v0x5611063a7130_7245, v0x5611063a7130_7246;
v0x5611063a7130_7247 .array/port v0x5611063a7130, 7247;
v0x5611063a7130_7248 .array/port v0x5611063a7130, 7248;
v0x5611063a7130_7249 .array/port v0x5611063a7130, 7249;
v0x5611063a7130_7250 .array/port v0x5611063a7130, 7250;
E_0x56110637b490/1812 .event anyedge, v0x5611063a7130_7247, v0x5611063a7130_7248, v0x5611063a7130_7249, v0x5611063a7130_7250;
v0x5611063a7130_7251 .array/port v0x5611063a7130, 7251;
v0x5611063a7130_7252 .array/port v0x5611063a7130, 7252;
v0x5611063a7130_7253 .array/port v0x5611063a7130, 7253;
v0x5611063a7130_7254 .array/port v0x5611063a7130, 7254;
E_0x56110637b490/1813 .event anyedge, v0x5611063a7130_7251, v0x5611063a7130_7252, v0x5611063a7130_7253, v0x5611063a7130_7254;
v0x5611063a7130_7255 .array/port v0x5611063a7130, 7255;
v0x5611063a7130_7256 .array/port v0x5611063a7130, 7256;
v0x5611063a7130_7257 .array/port v0x5611063a7130, 7257;
v0x5611063a7130_7258 .array/port v0x5611063a7130, 7258;
E_0x56110637b490/1814 .event anyedge, v0x5611063a7130_7255, v0x5611063a7130_7256, v0x5611063a7130_7257, v0x5611063a7130_7258;
v0x5611063a7130_7259 .array/port v0x5611063a7130, 7259;
v0x5611063a7130_7260 .array/port v0x5611063a7130, 7260;
v0x5611063a7130_7261 .array/port v0x5611063a7130, 7261;
v0x5611063a7130_7262 .array/port v0x5611063a7130, 7262;
E_0x56110637b490/1815 .event anyedge, v0x5611063a7130_7259, v0x5611063a7130_7260, v0x5611063a7130_7261, v0x5611063a7130_7262;
v0x5611063a7130_7263 .array/port v0x5611063a7130, 7263;
v0x5611063a7130_7264 .array/port v0x5611063a7130, 7264;
v0x5611063a7130_7265 .array/port v0x5611063a7130, 7265;
v0x5611063a7130_7266 .array/port v0x5611063a7130, 7266;
E_0x56110637b490/1816 .event anyedge, v0x5611063a7130_7263, v0x5611063a7130_7264, v0x5611063a7130_7265, v0x5611063a7130_7266;
v0x5611063a7130_7267 .array/port v0x5611063a7130, 7267;
v0x5611063a7130_7268 .array/port v0x5611063a7130, 7268;
v0x5611063a7130_7269 .array/port v0x5611063a7130, 7269;
v0x5611063a7130_7270 .array/port v0x5611063a7130, 7270;
E_0x56110637b490/1817 .event anyedge, v0x5611063a7130_7267, v0x5611063a7130_7268, v0x5611063a7130_7269, v0x5611063a7130_7270;
v0x5611063a7130_7271 .array/port v0x5611063a7130, 7271;
v0x5611063a7130_7272 .array/port v0x5611063a7130, 7272;
v0x5611063a7130_7273 .array/port v0x5611063a7130, 7273;
v0x5611063a7130_7274 .array/port v0x5611063a7130, 7274;
E_0x56110637b490/1818 .event anyedge, v0x5611063a7130_7271, v0x5611063a7130_7272, v0x5611063a7130_7273, v0x5611063a7130_7274;
v0x5611063a7130_7275 .array/port v0x5611063a7130, 7275;
v0x5611063a7130_7276 .array/port v0x5611063a7130, 7276;
v0x5611063a7130_7277 .array/port v0x5611063a7130, 7277;
v0x5611063a7130_7278 .array/port v0x5611063a7130, 7278;
E_0x56110637b490/1819 .event anyedge, v0x5611063a7130_7275, v0x5611063a7130_7276, v0x5611063a7130_7277, v0x5611063a7130_7278;
v0x5611063a7130_7279 .array/port v0x5611063a7130, 7279;
v0x5611063a7130_7280 .array/port v0x5611063a7130, 7280;
v0x5611063a7130_7281 .array/port v0x5611063a7130, 7281;
v0x5611063a7130_7282 .array/port v0x5611063a7130, 7282;
E_0x56110637b490/1820 .event anyedge, v0x5611063a7130_7279, v0x5611063a7130_7280, v0x5611063a7130_7281, v0x5611063a7130_7282;
v0x5611063a7130_7283 .array/port v0x5611063a7130, 7283;
v0x5611063a7130_7284 .array/port v0x5611063a7130, 7284;
v0x5611063a7130_7285 .array/port v0x5611063a7130, 7285;
v0x5611063a7130_7286 .array/port v0x5611063a7130, 7286;
E_0x56110637b490/1821 .event anyedge, v0x5611063a7130_7283, v0x5611063a7130_7284, v0x5611063a7130_7285, v0x5611063a7130_7286;
v0x5611063a7130_7287 .array/port v0x5611063a7130, 7287;
v0x5611063a7130_7288 .array/port v0x5611063a7130, 7288;
v0x5611063a7130_7289 .array/port v0x5611063a7130, 7289;
v0x5611063a7130_7290 .array/port v0x5611063a7130, 7290;
E_0x56110637b490/1822 .event anyedge, v0x5611063a7130_7287, v0x5611063a7130_7288, v0x5611063a7130_7289, v0x5611063a7130_7290;
v0x5611063a7130_7291 .array/port v0x5611063a7130, 7291;
v0x5611063a7130_7292 .array/port v0x5611063a7130, 7292;
v0x5611063a7130_7293 .array/port v0x5611063a7130, 7293;
v0x5611063a7130_7294 .array/port v0x5611063a7130, 7294;
E_0x56110637b490/1823 .event anyedge, v0x5611063a7130_7291, v0x5611063a7130_7292, v0x5611063a7130_7293, v0x5611063a7130_7294;
v0x5611063a7130_7295 .array/port v0x5611063a7130, 7295;
v0x5611063a7130_7296 .array/port v0x5611063a7130, 7296;
v0x5611063a7130_7297 .array/port v0x5611063a7130, 7297;
v0x5611063a7130_7298 .array/port v0x5611063a7130, 7298;
E_0x56110637b490/1824 .event anyedge, v0x5611063a7130_7295, v0x5611063a7130_7296, v0x5611063a7130_7297, v0x5611063a7130_7298;
v0x5611063a7130_7299 .array/port v0x5611063a7130, 7299;
v0x5611063a7130_7300 .array/port v0x5611063a7130, 7300;
v0x5611063a7130_7301 .array/port v0x5611063a7130, 7301;
v0x5611063a7130_7302 .array/port v0x5611063a7130, 7302;
E_0x56110637b490/1825 .event anyedge, v0x5611063a7130_7299, v0x5611063a7130_7300, v0x5611063a7130_7301, v0x5611063a7130_7302;
v0x5611063a7130_7303 .array/port v0x5611063a7130, 7303;
v0x5611063a7130_7304 .array/port v0x5611063a7130, 7304;
v0x5611063a7130_7305 .array/port v0x5611063a7130, 7305;
v0x5611063a7130_7306 .array/port v0x5611063a7130, 7306;
E_0x56110637b490/1826 .event anyedge, v0x5611063a7130_7303, v0x5611063a7130_7304, v0x5611063a7130_7305, v0x5611063a7130_7306;
v0x5611063a7130_7307 .array/port v0x5611063a7130, 7307;
v0x5611063a7130_7308 .array/port v0x5611063a7130, 7308;
v0x5611063a7130_7309 .array/port v0x5611063a7130, 7309;
v0x5611063a7130_7310 .array/port v0x5611063a7130, 7310;
E_0x56110637b490/1827 .event anyedge, v0x5611063a7130_7307, v0x5611063a7130_7308, v0x5611063a7130_7309, v0x5611063a7130_7310;
v0x5611063a7130_7311 .array/port v0x5611063a7130, 7311;
v0x5611063a7130_7312 .array/port v0x5611063a7130, 7312;
v0x5611063a7130_7313 .array/port v0x5611063a7130, 7313;
v0x5611063a7130_7314 .array/port v0x5611063a7130, 7314;
E_0x56110637b490/1828 .event anyedge, v0x5611063a7130_7311, v0x5611063a7130_7312, v0x5611063a7130_7313, v0x5611063a7130_7314;
v0x5611063a7130_7315 .array/port v0x5611063a7130, 7315;
v0x5611063a7130_7316 .array/port v0x5611063a7130, 7316;
v0x5611063a7130_7317 .array/port v0x5611063a7130, 7317;
v0x5611063a7130_7318 .array/port v0x5611063a7130, 7318;
E_0x56110637b490/1829 .event anyedge, v0x5611063a7130_7315, v0x5611063a7130_7316, v0x5611063a7130_7317, v0x5611063a7130_7318;
v0x5611063a7130_7319 .array/port v0x5611063a7130, 7319;
v0x5611063a7130_7320 .array/port v0x5611063a7130, 7320;
v0x5611063a7130_7321 .array/port v0x5611063a7130, 7321;
v0x5611063a7130_7322 .array/port v0x5611063a7130, 7322;
E_0x56110637b490/1830 .event anyedge, v0x5611063a7130_7319, v0x5611063a7130_7320, v0x5611063a7130_7321, v0x5611063a7130_7322;
v0x5611063a7130_7323 .array/port v0x5611063a7130, 7323;
v0x5611063a7130_7324 .array/port v0x5611063a7130, 7324;
v0x5611063a7130_7325 .array/port v0x5611063a7130, 7325;
v0x5611063a7130_7326 .array/port v0x5611063a7130, 7326;
E_0x56110637b490/1831 .event anyedge, v0x5611063a7130_7323, v0x5611063a7130_7324, v0x5611063a7130_7325, v0x5611063a7130_7326;
v0x5611063a7130_7327 .array/port v0x5611063a7130, 7327;
v0x5611063a7130_7328 .array/port v0x5611063a7130, 7328;
v0x5611063a7130_7329 .array/port v0x5611063a7130, 7329;
v0x5611063a7130_7330 .array/port v0x5611063a7130, 7330;
E_0x56110637b490/1832 .event anyedge, v0x5611063a7130_7327, v0x5611063a7130_7328, v0x5611063a7130_7329, v0x5611063a7130_7330;
v0x5611063a7130_7331 .array/port v0x5611063a7130, 7331;
v0x5611063a7130_7332 .array/port v0x5611063a7130, 7332;
v0x5611063a7130_7333 .array/port v0x5611063a7130, 7333;
v0x5611063a7130_7334 .array/port v0x5611063a7130, 7334;
E_0x56110637b490/1833 .event anyedge, v0x5611063a7130_7331, v0x5611063a7130_7332, v0x5611063a7130_7333, v0x5611063a7130_7334;
v0x5611063a7130_7335 .array/port v0x5611063a7130, 7335;
v0x5611063a7130_7336 .array/port v0x5611063a7130, 7336;
v0x5611063a7130_7337 .array/port v0x5611063a7130, 7337;
v0x5611063a7130_7338 .array/port v0x5611063a7130, 7338;
E_0x56110637b490/1834 .event anyedge, v0x5611063a7130_7335, v0x5611063a7130_7336, v0x5611063a7130_7337, v0x5611063a7130_7338;
v0x5611063a7130_7339 .array/port v0x5611063a7130, 7339;
v0x5611063a7130_7340 .array/port v0x5611063a7130, 7340;
v0x5611063a7130_7341 .array/port v0x5611063a7130, 7341;
v0x5611063a7130_7342 .array/port v0x5611063a7130, 7342;
E_0x56110637b490/1835 .event anyedge, v0x5611063a7130_7339, v0x5611063a7130_7340, v0x5611063a7130_7341, v0x5611063a7130_7342;
v0x5611063a7130_7343 .array/port v0x5611063a7130, 7343;
v0x5611063a7130_7344 .array/port v0x5611063a7130, 7344;
v0x5611063a7130_7345 .array/port v0x5611063a7130, 7345;
v0x5611063a7130_7346 .array/port v0x5611063a7130, 7346;
E_0x56110637b490/1836 .event anyedge, v0x5611063a7130_7343, v0x5611063a7130_7344, v0x5611063a7130_7345, v0x5611063a7130_7346;
v0x5611063a7130_7347 .array/port v0x5611063a7130, 7347;
v0x5611063a7130_7348 .array/port v0x5611063a7130, 7348;
v0x5611063a7130_7349 .array/port v0x5611063a7130, 7349;
v0x5611063a7130_7350 .array/port v0x5611063a7130, 7350;
E_0x56110637b490/1837 .event anyedge, v0x5611063a7130_7347, v0x5611063a7130_7348, v0x5611063a7130_7349, v0x5611063a7130_7350;
v0x5611063a7130_7351 .array/port v0x5611063a7130, 7351;
v0x5611063a7130_7352 .array/port v0x5611063a7130, 7352;
v0x5611063a7130_7353 .array/port v0x5611063a7130, 7353;
v0x5611063a7130_7354 .array/port v0x5611063a7130, 7354;
E_0x56110637b490/1838 .event anyedge, v0x5611063a7130_7351, v0x5611063a7130_7352, v0x5611063a7130_7353, v0x5611063a7130_7354;
v0x5611063a7130_7355 .array/port v0x5611063a7130, 7355;
v0x5611063a7130_7356 .array/port v0x5611063a7130, 7356;
v0x5611063a7130_7357 .array/port v0x5611063a7130, 7357;
v0x5611063a7130_7358 .array/port v0x5611063a7130, 7358;
E_0x56110637b490/1839 .event anyedge, v0x5611063a7130_7355, v0x5611063a7130_7356, v0x5611063a7130_7357, v0x5611063a7130_7358;
v0x5611063a7130_7359 .array/port v0x5611063a7130, 7359;
v0x5611063a7130_7360 .array/port v0x5611063a7130, 7360;
v0x5611063a7130_7361 .array/port v0x5611063a7130, 7361;
v0x5611063a7130_7362 .array/port v0x5611063a7130, 7362;
E_0x56110637b490/1840 .event anyedge, v0x5611063a7130_7359, v0x5611063a7130_7360, v0x5611063a7130_7361, v0x5611063a7130_7362;
v0x5611063a7130_7363 .array/port v0x5611063a7130, 7363;
v0x5611063a7130_7364 .array/port v0x5611063a7130, 7364;
v0x5611063a7130_7365 .array/port v0x5611063a7130, 7365;
v0x5611063a7130_7366 .array/port v0x5611063a7130, 7366;
E_0x56110637b490/1841 .event anyedge, v0x5611063a7130_7363, v0x5611063a7130_7364, v0x5611063a7130_7365, v0x5611063a7130_7366;
v0x5611063a7130_7367 .array/port v0x5611063a7130, 7367;
v0x5611063a7130_7368 .array/port v0x5611063a7130, 7368;
v0x5611063a7130_7369 .array/port v0x5611063a7130, 7369;
v0x5611063a7130_7370 .array/port v0x5611063a7130, 7370;
E_0x56110637b490/1842 .event anyedge, v0x5611063a7130_7367, v0x5611063a7130_7368, v0x5611063a7130_7369, v0x5611063a7130_7370;
v0x5611063a7130_7371 .array/port v0x5611063a7130, 7371;
v0x5611063a7130_7372 .array/port v0x5611063a7130, 7372;
v0x5611063a7130_7373 .array/port v0x5611063a7130, 7373;
v0x5611063a7130_7374 .array/port v0x5611063a7130, 7374;
E_0x56110637b490/1843 .event anyedge, v0x5611063a7130_7371, v0x5611063a7130_7372, v0x5611063a7130_7373, v0x5611063a7130_7374;
v0x5611063a7130_7375 .array/port v0x5611063a7130, 7375;
v0x5611063a7130_7376 .array/port v0x5611063a7130, 7376;
v0x5611063a7130_7377 .array/port v0x5611063a7130, 7377;
v0x5611063a7130_7378 .array/port v0x5611063a7130, 7378;
E_0x56110637b490/1844 .event anyedge, v0x5611063a7130_7375, v0x5611063a7130_7376, v0x5611063a7130_7377, v0x5611063a7130_7378;
v0x5611063a7130_7379 .array/port v0x5611063a7130, 7379;
v0x5611063a7130_7380 .array/port v0x5611063a7130, 7380;
v0x5611063a7130_7381 .array/port v0x5611063a7130, 7381;
v0x5611063a7130_7382 .array/port v0x5611063a7130, 7382;
E_0x56110637b490/1845 .event anyedge, v0x5611063a7130_7379, v0x5611063a7130_7380, v0x5611063a7130_7381, v0x5611063a7130_7382;
v0x5611063a7130_7383 .array/port v0x5611063a7130, 7383;
v0x5611063a7130_7384 .array/port v0x5611063a7130, 7384;
v0x5611063a7130_7385 .array/port v0x5611063a7130, 7385;
v0x5611063a7130_7386 .array/port v0x5611063a7130, 7386;
E_0x56110637b490/1846 .event anyedge, v0x5611063a7130_7383, v0x5611063a7130_7384, v0x5611063a7130_7385, v0x5611063a7130_7386;
v0x5611063a7130_7387 .array/port v0x5611063a7130, 7387;
v0x5611063a7130_7388 .array/port v0x5611063a7130, 7388;
v0x5611063a7130_7389 .array/port v0x5611063a7130, 7389;
v0x5611063a7130_7390 .array/port v0x5611063a7130, 7390;
E_0x56110637b490/1847 .event anyedge, v0x5611063a7130_7387, v0x5611063a7130_7388, v0x5611063a7130_7389, v0x5611063a7130_7390;
v0x5611063a7130_7391 .array/port v0x5611063a7130, 7391;
v0x5611063a7130_7392 .array/port v0x5611063a7130, 7392;
v0x5611063a7130_7393 .array/port v0x5611063a7130, 7393;
v0x5611063a7130_7394 .array/port v0x5611063a7130, 7394;
E_0x56110637b490/1848 .event anyedge, v0x5611063a7130_7391, v0x5611063a7130_7392, v0x5611063a7130_7393, v0x5611063a7130_7394;
v0x5611063a7130_7395 .array/port v0x5611063a7130, 7395;
v0x5611063a7130_7396 .array/port v0x5611063a7130, 7396;
v0x5611063a7130_7397 .array/port v0x5611063a7130, 7397;
v0x5611063a7130_7398 .array/port v0x5611063a7130, 7398;
E_0x56110637b490/1849 .event anyedge, v0x5611063a7130_7395, v0x5611063a7130_7396, v0x5611063a7130_7397, v0x5611063a7130_7398;
v0x5611063a7130_7399 .array/port v0x5611063a7130, 7399;
v0x5611063a7130_7400 .array/port v0x5611063a7130, 7400;
v0x5611063a7130_7401 .array/port v0x5611063a7130, 7401;
v0x5611063a7130_7402 .array/port v0x5611063a7130, 7402;
E_0x56110637b490/1850 .event anyedge, v0x5611063a7130_7399, v0x5611063a7130_7400, v0x5611063a7130_7401, v0x5611063a7130_7402;
v0x5611063a7130_7403 .array/port v0x5611063a7130, 7403;
v0x5611063a7130_7404 .array/port v0x5611063a7130, 7404;
v0x5611063a7130_7405 .array/port v0x5611063a7130, 7405;
v0x5611063a7130_7406 .array/port v0x5611063a7130, 7406;
E_0x56110637b490/1851 .event anyedge, v0x5611063a7130_7403, v0x5611063a7130_7404, v0x5611063a7130_7405, v0x5611063a7130_7406;
v0x5611063a7130_7407 .array/port v0x5611063a7130, 7407;
v0x5611063a7130_7408 .array/port v0x5611063a7130, 7408;
v0x5611063a7130_7409 .array/port v0x5611063a7130, 7409;
v0x5611063a7130_7410 .array/port v0x5611063a7130, 7410;
E_0x56110637b490/1852 .event anyedge, v0x5611063a7130_7407, v0x5611063a7130_7408, v0x5611063a7130_7409, v0x5611063a7130_7410;
v0x5611063a7130_7411 .array/port v0x5611063a7130, 7411;
v0x5611063a7130_7412 .array/port v0x5611063a7130, 7412;
v0x5611063a7130_7413 .array/port v0x5611063a7130, 7413;
v0x5611063a7130_7414 .array/port v0x5611063a7130, 7414;
E_0x56110637b490/1853 .event anyedge, v0x5611063a7130_7411, v0x5611063a7130_7412, v0x5611063a7130_7413, v0x5611063a7130_7414;
v0x5611063a7130_7415 .array/port v0x5611063a7130, 7415;
v0x5611063a7130_7416 .array/port v0x5611063a7130, 7416;
v0x5611063a7130_7417 .array/port v0x5611063a7130, 7417;
v0x5611063a7130_7418 .array/port v0x5611063a7130, 7418;
E_0x56110637b490/1854 .event anyedge, v0x5611063a7130_7415, v0x5611063a7130_7416, v0x5611063a7130_7417, v0x5611063a7130_7418;
v0x5611063a7130_7419 .array/port v0x5611063a7130, 7419;
v0x5611063a7130_7420 .array/port v0x5611063a7130, 7420;
v0x5611063a7130_7421 .array/port v0x5611063a7130, 7421;
v0x5611063a7130_7422 .array/port v0x5611063a7130, 7422;
E_0x56110637b490/1855 .event anyedge, v0x5611063a7130_7419, v0x5611063a7130_7420, v0x5611063a7130_7421, v0x5611063a7130_7422;
v0x5611063a7130_7423 .array/port v0x5611063a7130, 7423;
v0x5611063a7130_7424 .array/port v0x5611063a7130, 7424;
v0x5611063a7130_7425 .array/port v0x5611063a7130, 7425;
v0x5611063a7130_7426 .array/port v0x5611063a7130, 7426;
E_0x56110637b490/1856 .event anyedge, v0x5611063a7130_7423, v0x5611063a7130_7424, v0x5611063a7130_7425, v0x5611063a7130_7426;
v0x5611063a7130_7427 .array/port v0x5611063a7130, 7427;
v0x5611063a7130_7428 .array/port v0x5611063a7130, 7428;
v0x5611063a7130_7429 .array/port v0x5611063a7130, 7429;
v0x5611063a7130_7430 .array/port v0x5611063a7130, 7430;
E_0x56110637b490/1857 .event anyedge, v0x5611063a7130_7427, v0x5611063a7130_7428, v0x5611063a7130_7429, v0x5611063a7130_7430;
v0x5611063a7130_7431 .array/port v0x5611063a7130, 7431;
v0x5611063a7130_7432 .array/port v0x5611063a7130, 7432;
v0x5611063a7130_7433 .array/port v0x5611063a7130, 7433;
v0x5611063a7130_7434 .array/port v0x5611063a7130, 7434;
E_0x56110637b490/1858 .event anyedge, v0x5611063a7130_7431, v0x5611063a7130_7432, v0x5611063a7130_7433, v0x5611063a7130_7434;
v0x5611063a7130_7435 .array/port v0x5611063a7130, 7435;
v0x5611063a7130_7436 .array/port v0x5611063a7130, 7436;
v0x5611063a7130_7437 .array/port v0x5611063a7130, 7437;
v0x5611063a7130_7438 .array/port v0x5611063a7130, 7438;
E_0x56110637b490/1859 .event anyedge, v0x5611063a7130_7435, v0x5611063a7130_7436, v0x5611063a7130_7437, v0x5611063a7130_7438;
v0x5611063a7130_7439 .array/port v0x5611063a7130, 7439;
v0x5611063a7130_7440 .array/port v0x5611063a7130, 7440;
v0x5611063a7130_7441 .array/port v0x5611063a7130, 7441;
v0x5611063a7130_7442 .array/port v0x5611063a7130, 7442;
E_0x56110637b490/1860 .event anyedge, v0x5611063a7130_7439, v0x5611063a7130_7440, v0x5611063a7130_7441, v0x5611063a7130_7442;
v0x5611063a7130_7443 .array/port v0x5611063a7130, 7443;
v0x5611063a7130_7444 .array/port v0x5611063a7130, 7444;
v0x5611063a7130_7445 .array/port v0x5611063a7130, 7445;
v0x5611063a7130_7446 .array/port v0x5611063a7130, 7446;
E_0x56110637b490/1861 .event anyedge, v0x5611063a7130_7443, v0x5611063a7130_7444, v0x5611063a7130_7445, v0x5611063a7130_7446;
v0x5611063a7130_7447 .array/port v0x5611063a7130, 7447;
v0x5611063a7130_7448 .array/port v0x5611063a7130, 7448;
v0x5611063a7130_7449 .array/port v0x5611063a7130, 7449;
v0x5611063a7130_7450 .array/port v0x5611063a7130, 7450;
E_0x56110637b490/1862 .event anyedge, v0x5611063a7130_7447, v0x5611063a7130_7448, v0x5611063a7130_7449, v0x5611063a7130_7450;
v0x5611063a7130_7451 .array/port v0x5611063a7130, 7451;
v0x5611063a7130_7452 .array/port v0x5611063a7130, 7452;
v0x5611063a7130_7453 .array/port v0x5611063a7130, 7453;
v0x5611063a7130_7454 .array/port v0x5611063a7130, 7454;
E_0x56110637b490/1863 .event anyedge, v0x5611063a7130_7451, v0x5611063a7130_7452, v0x5611063a7130_7453, v0x5611063a7130_7454;
v0x5611063a7130_7455 .array/port v0x5611063a7130, 7455;
v0x5611063a7130_7456 .array/port v0x5611063a7130, 7456;
v0x5611063a7130_7457 .array/port v0x5611063a7130, 7457;
v0x5611063a7130_7458 .array/port v0x5611063a7130, 7458;
E_0x56110637b490/1864 .event anyedge, v0x5611063a7130_7455, v0x5611063a7130_7456, v0x5611063a7130_7457, v0x5611063a7130_7458;
v0x5611063a7130_7459 .array/port v0x5611063a7130, 7459;
v0x5611063a7130_7460 .array/port v0x5611063a7130, 7460;
v0x5611063a7130_7461 .array/port v0x5611063a7130, 7461;
v0x5611063a7130_7462 .array/port v0x5611063a7130, 7462;
E_0x56110637b490/1865 .event anyedge, v0x5611063a7130_7459, v0x5611063a7130_7460, v0x5611063a7130_7461, v0x5611063a7130_7462;
v0x5611063a7130_7463 .array/port v0x5611063a7130, 7463;
v0x5611063a7130_7464 .array/port v0x5611063a7130, 7464;
v0x5611063a7130_7465 .array/port v0x5611063a7130, 7465;
v0x5611063a7130_7466 .array/port v0x5611063a7130, 7466;
E_0x56110637b490/1866 .event anyedge, v0x5611063a7130_7463, v0x5611063a7130_7464, v0x5611063a7130_7465, v0x5611063a7130_7466;
v0x5611063a7130_7467 .array/port v0x5611063a7130, 7467;
v0x5611063a7130_7468 .array/port v0x5611063a7130, 7468;
v0x5611063a7130_7469 .array/port v0x5611063a7130, 7469;
v0x5611063a7130_7470 .array/port v0x5611063a7130, 7470;
E_0x56110637b490/1867 .event anyedge, v0x5611063a7130_7467, v0x5611063a7130_7468, v0x5611063a7130_7469, v0x5611063a7130_7470;
v0x5611063a7130_7471 .array/port v0x5611063a7130, 7471;
v0x5611063a7130_7472 .array/port v0x5611063a7130, 7472;
v0x5611063a7130_7473 .array/port v0x5611063a7130, 7473;
v0x5611063a7130_7474 .array/port v0x5611063a7130, 7474;
E_0x56110637b490/1868 .event anyedge, v0x5611063a7130_7471, v0x5611063a7130_7472, v0x5611063a7130_7473, v0x5611063a7130_7474;
v0x5611063a7130_7475 .array/port v0x5611063a7130, 7475;
v0x5611063a7130_7476 .array/port v0x5611063a7130, 7476;
v0x5611063a7130_7477 .array/port v0x5611063a7130, 7477;
v0x5611063a7130_7478 .array/port v0x5611063a7130, 7478;
E_0x56110637b490/1869 .event anyedge, v0x5611063a7130_7475, v0x5611063a7130_7476, v0x5611063a7130_7477, v0x5611063a7130_7478;
v0x5611063a7130_7479 .array/port v0x5611063a7130, 7479;
v0x5611063a7130_7480 .array/port v0x5611063a7130, 7480;
v0x5611063a7130_7481 .array/port v0x5611063a7130, 7481;
v0x5611063a7130_7482 .array/port v0x5611063a7130, 7482;
E_0x56110637b490/1870 .event anyedge, v0x5611063a7130_7479, v0x5611063a7130_7480, v0x5611063a7130_7481, v0x5611063a7130_7482;
v0x5611063a7130_7483 .array/port v0x5611063a7130, 7483;
v0x5611063a7130_7484 .array/port v0x5611063a7130, 7484;
v0x5611063a7130_7485 .array/port v0x5611063a7130, 7485;
v0x5611063a7130_7486 .array/port v0x5611063a7130, 7486;
E_0x56110637b490/1871 .event anyedge, v0x5611063a7130_7483, v0x5611063a7130_7484, v0x5611063a7130_7485, v0x5611063a7130_7486;
v0x5611063a7130_7487 .array/port v0x5611063a7130, 7487;
v0x5611063a7130_7488 .array/port v0x5611063a7130, 7488;
v0x5611063a7130_7489 .array/port v0x5611063a7130, 7489;
v0x5611063a7130_7490 .array/port v0x5611063a7130, 7490;
E_0x56110637b490/1872 .event anyedge, v0x5611063a7130_7487, v0x5611063a7130_7488, v0x5611063a7130_7489, v0x5611063a7130_7490;
v0x5611063a7130_7491 .array/port v0x5611063a7130, 7491;
v0x5611063a7130_7492 .array/port v0x5611063a7130, 7492;
v0x5611063a7130_7493 .array/port v0x5611063a7130, 7493;
v0x5611063a7130_7494 .array/port v0x5611063a7130, 7494;
E_0x56110637b490/1873 .event anyedge, v0x5611063a7130_7491, v0x5611063a7130_7492, v0x5611063a7130_7493, v0x5611063a7130_7494;
v0x5611063a7130_7495 .array/port v0x5611063a7130, 7495;
v0x5611063a7130_7496 .array/port v0x5611063a7130, 7496;
v0x5611063a7130_7497 .array/port v0x5611063a7130, 7497;
v0x5611063a7130_7498 .array/port v0x5611063a7130, 7498;
E_0x56110637b490/1874 .event anyedge, v0x5611063a7130_7495, v0x5611063a7130_7496, v0x5611063a7130_7497, v0x5611063a7130_7498;
v0x5611063a7130_7499 .array/port v0x5611063a7130, 7499;
v0x5611063a7130_7500 .array/port v0x5611063a7130, 7500;
v0x5611063a7130_7501 .array/port v0x5611063a7130, 7501;
v0x5611063a7130_7502 .array/port v0x5611063a7130, 7502;
E_0x56110637b490/1875 .event anyedge, v0x5611063a7130_7499, v0x5611063a7130_7500, v0x5611063a7130_7501, v0x5611063a7130_7502;
v0x5611063a7130_7503 .array/port v0x5611063a7130, 7503;
v0x5611063a7130_7504 .array/port v0x5611063a7130, 7504;
v0x5611063a7130_7505 .array/port v0x5611063a7130, 7505;
v0x5611063a7130_7506 .array/port v0x5611063a7130, 7506;
E_0x56110637b490/1876 .event anyedge, v0x5611063a7130_7503, v0x5611063a7130_7504, v0x5611063a7130_7505, v0x5611063a7130_7506;
v0x5611063a7130_7507 .array/port v0x5611063a7130, 7507;
v0x5611063a7130_7508 .array/port v0x5611063a7130, 7508;
v0x5611063a7130_7509 .array/port v0x5611063a7130, 7509;
v0x5611063a7130_7510 .array/port v0x5611063a7130, 7510;
E_0x56110637b490/1877 .event anyedge, v0x5611063a7130_7507, v0x5611063a7130_7508, v0x5611063a7130_7509, v0x5611063a7130_7510;
v0x5611063a7130_7511 .array/port v0x5611063a7130, 7511;
v0x5611063a7130_7512 .array/port v0x5611063a7130, 7512;
v0x5611063a7130_7513 .array/port v0x5611063a7130, 7513;
v0x5611063a7130_7514 .array/port v0x5611063a7130, 7514;
E_0x56110637b490/1878 .event anyedge, v0x5611063a7130_7511, v0x5611063a7130_7512, v0x5611063a7130_7513, v0x5611063a7130_7514;
v0x5611063a7130_7515 .array/port v0x5611063a7130, 7515;
v0x5611063a7130_7516 .array/port v0x5611063a7130, 7516;
v0x5611063a7130_7517 .array/port v0x5611063a7130, 7517;
v0x5611063a7130_7518 .array/port v0x5611063a7130, 7518;
E_0x56110637b490/1879 .event anyedge, v0x5611063a7130_7515, v0x5611063a7130_7516, v0x5611063a7130_7517, v0x5611063a7130_7518;
v0x5611063a7130_7519 .array/port v0x5611063a7130, 7519;
v0x5611063a7130_7520 .array/port v0x5611063a7130, 7520;
v0x5611063a7130_7521 .array/port v0x5611063a7130, 7521;
v0x5611063a7130_7522 .array/port v0x5611063a7130, 7522;
E_0x56110637b490/1880 .event anyedge, v0x5611063a7130_7519, v0x5611063a7130_7520, v0x5611063a7130_7521, v0x5611063a7130_7522;
v0x5611063a7130_7523 .array/port v0x5611063a7130, 7523;
v0x5611063a7130_7524 .array/port v0x5611063a7130, 7524;
v0x5611063a7130_7525 .array/port v0x5611063a7130, 7525;
v0x5611063a7130_7526 .array/port v0x5611063a7130, 7526;
E_0x56110637b490/1881 .event anyedge, v0x5611063a7130_7523, v0x5611063a7130_7524, v0x5611063a7130_7525, v0x5611063a7130_7526;
v0x5611063a7130_7527 .array/port v0x5611063a7130, 7527;
v0x5611063a7130_7528 .array/port v0x5611063a7130, 7528;
v0x5611063a7130_7529 .array/port v0x5611063a7130, 7529;
v0x5611063a7130_7530 .array/port v0x5611063a7130, 7530;
E_0x56110637b490/1882 .event anyedge, v0x5611063a7130_7527, v0x5611063a7130_7528, v0x5611063a7130_7529, v0x5611063a7130_7530;
v0x5611063a7130_7531 .array/port v0x5611063a7130, 7531;
v0x5611063a7130_7532 .array/port v0x5611063a7130, 7532;
v0x5611063a7130_7533 .array/port v0x5611063a7130, 7533;
v0x5611063a7130_7534 .array/port v0x5611063a7130, 7534;
E_0x56110637b490/1883 .event anyedge, v0x5611063a7130_7531, v0x5611063a7130_7532, v0x5611063a7130_7533, v0x5611063a7130_7534;
v0x5611063a7130_7535 .array/port v0x5611063a7130, 7535;
v0x5611063a7130_7536 .array/port v0x5611063a7130, 7536;
v0x5611063a7130_7537 .array/port v0x5611063a7130, 7537;
v0x5611063a7130_7538 .array/port v0x5611063a7130, 7538;
E_0x56110637b490/1884 .event anyedge, v0x5611063a7130_7535, v0x5611063a7130_7536, v0x5611063a7130_7537, v0x5611063a7130_7538;
v0x5611063a7130_7539 .array/port v0x5611063a7130, 7539;
v0x5611063a7130_7540 .array/port v0x5611063a7130, 7540;
v0x5611063a7130_7541 .array/port v0x5611063a7130, 7541;
v0x5611063a7130_7542 .array/port v0x5611063a7130, 7542;
E_0x56110637b490/1885 .event anyedge, v0x5611063a7130_7539, v0x5611063a7130_7540, v0x5611063a7130_7541, v0x5611063a7130_7542;
v0x5611063a7130_7543 .array/port v0x5611063a7130, 7543;
v0x5611063a7130_7544 .array/port v0x5611063a7130, 7544;
v0x5611063a7130_7545 .array/port v0x5611063a7130, 7545;
v0x5611063a7130_7546 .array/port v0x5611063a7130, 7546;
E_0x56110637b490/1886 .event anyedge, v0x5611063a7130_7543, v0x5611063a7130_7544, v0x5611063a7130_7545, v0x5611063a7130_7546;
v0x5611063a7130_7547 .array/port v0x5611063a7130, 7547;
v0x5611063a7130_7548 .array/port v0x5611063a7130, 7548;
v0x5611063a7130_7549 .array/port v0x5611063a7130, 7549;
v0x5611063a7130_7550 .array/port v0x5611063a7130, 7550;
E_0x56110637b490/1887 .event anyedge, v0x5611063a7130_7547, v0x5611063a7130_7548, v0x5611063a7130_7549, v0x5611063a7130_7550;
v0x5611063a7130_7551 .array/port v0x5611063a7130, 7551;
v0x5611063a7130_7552 .array/port v0x5611063a7130, 7552;
v0x5611063a7130_7553 .array/port v0x5611063a7130, 7553;
v0x5611063a7130_7554 .array/port v0x5611063a7130, 7554;
E_0x56110637b490/1888 .event anyedge, v0x5611063a7130_7551, v0x5611063a7130_7552, v0x5611063a7130_7553, v0x5611063a7130_7554;
v0x5611063a7130_7555 .array/port v0x5611063a7130, 7555;
v0x5611063a7130_7556 .array/port v0x5611063a7130, 7556;
v0x5611063a7130_7557 .array/port v0x5611063a7130, 7557;
v0x5611063a7130_7558 .array/port v0x5611063a7130, 7558;
E_0x56110637b490/1889 .event anyedge, v0x5611063a7130_7555, v0x5611063a7130_7556, v0x5611063a7130_7557, v0x5611063a7130_7558;
v0x5611063a7130_7559 .array/port v0x5611063a7130, 7559;
v0x5611063a7130_7560 .array/port v0x5611063a7130, 7560;
v0x5611063a7130_7561 .array/port v0x5611063a7130, 7561;
v0x5611063a7130_7562 .array/port v0x5611063a7130, 7562;
E_0x56110637b490/1890 .event anyedge, v0x5611063a7130_7559, v0x5611063a7130_7560, v0x5611063a7130_7561, v0x5611063a7130_7562;
v0x5611063a7130_7563 .array/port v0x5611063a7130, 7563;
v0x5611063a7130_7564 .array/port v0x5611063a7130, 7564;
v0x5611063a7130_7565 .array/port v0x5611063a7130, 7565;
v0x5611063a7130_7566 .array/port v0x5611063a7130, 7566;
E_0x56110637b490/1891 .event anyedge, v0x5611063a7130_7563, v0x5611063a7130_7564, v0x5611063a7130_7565, v0x5611063a7130_7566;
v0x5611063a7130_7567 .array/port v0x5611063a7130, 7567;
v0x5611063a7130_7568 .array/port v0x5611063a7130, 7568;
v0x5611063a7130_7569 .array/port v0x5611063a7130, 7569;
v0x5611063a7130_7570 .array/port v0x5611063a7130, 7570;
E_0x56110637b490/1892 .event anyedge, v0x5611063a7130_7567, v0x5611063a7130_7568, v0x5611063a7130_7569, v0x5611063a7130_7570;
v0x5611063a7130_7571 .array/port v0x5611063a7130, 7571;
v0x5611063a7130_7572 .array/port v0x5611063a7130, 7572;
v0x5611063a7130_7573 .array/port v0x5611063a7130, 7573;
v0x5611063a7130_7574 .array/port v0x5611063a7130, 7574;
E_0x56110637b490/1893 .event anyedge, v0x5611063a7130_7571, v0x5611063a7130_7572, v0x5611063a7130_7573, v0x5611063a7130_7574;
v0x5611063a7130_7575 .array/port v0x5611063a7130, 7575;
v0x5611063a7130_7576 .array/port v0x5611063a7130, 7576;
v0x5611063a7130_7577 .array/port v0x5611063a7130, 7577;
v0x5611063a7130_7578 .array/port v0x5611063a7130, 7578;
E_0x56110637b490/1894 .event anyedge, v0x5611063a7130_7575, v0x5611063a7130_7576, v0x5611063a7130_7577, v0x5611063a7130_7578;
v0x5611063a7130_7579 .array/port v0x5611063a7130, 7579;
v0x5611063a7130_7580 .array/port v0x5611063a7130, 7580;
v0x5611063a7130_7581 .array/port v0x5611063a7130, 7581;
v0x5611063a7130_7582 .array/port v0x5611063a7130, 7582;
E_0x56110637b490/1895 .event anyedge, v0x5611063a7130_7579, v0x5611063a7130_7580, v0x5611063a7130_7581, v0x5611063a7130_7582;
v0x5611063a7130_7583 .array/port v0x5611063a7130, 7583;
v0x5611063a7130_7584 .array/port v0x5611063a7130, 7584;
v0x5611063a7130_7585 .array/port v0x5611063a7130, 7585;
v0x5611063a7130_7586 .array/port v0x5611063a7130, 7586;
E_0x56110637b490/1896 .event anyedge, v0x5611063a7130_7583, v0x5611063a7130_7584, v0x5611063a7130_7585, v0x5611063a7130_7586;
v0x5611063a7130_7587 .array/port v0x5611063a7130, 7587;
v0x5611063a7130_7588 .array/port v0x5611063a7130, 7588;
v0x5611063a7130_7589 .array/port v0x5611063a7130, 7589;
v0x5611063a7130_7590 .array/port v0x5611063a7130, 7590;
E_0x56110637b490/1897 .event anyedge, v0x5611063a7130_7587, v0x5611063a7130_7588, v0x5611063a7130_7589, v0x5611063a7130_7590;
v0x5611063a7130_7591 .array/port v0x5611063a7130, 7591;
v0x5611063a7130_7592 .array/port v0x5611063a7130, 7592;
v0x5611063a7130_7593 .array/port v0x5611063a7130, 7593;
v0x5611063a7130_7594 .array/port v0x5611063a7130, 7594;
E_0x56110637b490/1898 .event anyedge, v0x5611063a7130_7591, v0x5611063a7130_7592, v0x5611063a7130_7593, v0x5611063a7130_7594;
v0x5611063a7130_7595 .array/port v0x5611063a7130, 7595;
v0x5611063a7130_7596 .array/port v0x5611063a7130, 7596;
v0x5611063a7130_7597 .array/port v0x5611063a7130, 7597;
v0x5611063a7130_7598 .array/port v0x5611063a7130, 7598;
E_0x56110637b490/1899 .event anyedge, v0x5611063a7130_7595, v0x5611063a7130_7596, v0x5611063a7130_7597, v0x5611063a7130_7598;
v0x5611063a7130_7599 .array/port v0x5611063a7130, 7599;
v0x5611063a7130_7600 .array/port v0x5611063a7130, 7600;
v0x5611063a7130_7601 .array/port v0x5611063a7130, 7601;
v0x5611063a7130_7602 .array/port v0x5611063a7130, 7602;
E_0x56110637b490/1900 .event anyedge, v0x5611063a7130_7599, v0x5611063a7130_7600, v0x5611063a7130_7601, v0x5611063a7130_7602;
v0x5611063a7130_7603 .array/port v0x5611063a7130, 7603;
v0x5611063a7130_7604 .array/port v0x5611063a7130, 7604;
v0x5611063a7130_7605 .array/port v0x5611063a7130, 7605;
v0x5611063a7130_7606 .array/port v0x5611063a7130, 7606;
E_0x56110637b490/1901 .event anyedge, v0x5611063a7130_7603, v0x5611063a7130_7604, v0x5611063a7130_7605, v0x5611063a7130_7606;
v0x5611063a7130_7607 .array/port v0x5611063a7130, 7607;
v0x5611063a7130_7608 .array/port v0x5611063a7130, 7608;
v0x5611063a7130_7609 .array/port v0x5611063a7130, 7609;
v0x5611063a7130_7610 .array/port v0x5611063a7130, 7610;
E_0x56110637b490/1902 .event anyedge, v0x5611063a7130_7607, v0x5611063a7130_7608, v0x5611063a7130_7609, v0x5611063a7130_7610;
v0x5611063a7130_7611 .array/port v0x5611063a7130, 7611;
v0x5611063a7130_7612 .array/port v0x5611063a7130, 7612;
v0x5611063a7130_7613 .array/port v0x5611063a7130, 7613;
v0x5611063a7130_7614 .array/port v0x5611063a7130, 7614;
E_0x56110637b490/1903 .event anyedge, v0x5611063a7130_7611, v0x5611063a7130_7612, v0x5611063a7130_7613, v0x5611063a7130_7614;
v0x5611063a7130_7615 .array/port v0x5611063a7130, 7615;
v0x5611063a7130_7616 .array/port v0x5611063a7130, 7616;
v0x5611063a7130_7617 .array/port v0x5611063a7130, 7617;
v0x5611063a7130_7618 .array/port v0x5611063a7130, 7618;
E_0x56110637b490/1904 .event anyedge, v0x5611063a7130_7615, v0x5611063a7130_7616, v0x5611063a7130_7617, v0x5611063a7130_7618;
v0x5611063a7130_7619 .array/port v0x5611063a7130, 7619;
v0x5611063a7130_7620 .array/port v0x5611063a7130, 7620;
v0x5611063a7130_7621 .array/port v0x5611063a7130, 7621;
v0x5611063a7130_7622 .array/port v0x5611063a7130, 7622;
E_0x56110637b490/1905 .event anyedge, v0x5611063a7130_7619, v0x5611063a7130_7620, v0x5611063a7130_7621, v0x5611063a7130_7622;
v0x5611063a7130_7623 .array/port v0x5611063a7130, 7623;
v0x5611063a7130_7624 .array/port v0x5611063a7130, 7624;
v0x5611063a7130_7625 .array/port v0x5611063a7130, 7625;
v0x5611063a7130_7626 .array/port v0x5611063a7130, 7626;
E_0x56110637b490/1906 .event anyedge, v0x5611063a7130_7623, v0x5611063a7130_7624, v0x5611063a7130_7625, v0x5611063a7130_7626;
v0x5611063a7130_7627 .array/port v0x5611063a7130, 7627;
v0x5611063a7130_7628 .array/port v0x5611063a7130, 7628;
v0x5611063a7130_7629 .array/port v0x5611063a7130, 7629;
v0x5611063a7130_7630 .array/port v0x5611063a7130, 7630;
E_0x56110637b490/1907 .event anyedge, v0x5611063a7130_7627, v0x5611063a7130_7628, v0x5611063a7130_7629, v0x5611063a7130_7630;
v0x5611063a7130_7631 .array/port v0x5611063a7130, 7631;
v0x5611063a7130_7632 .array/port v0x5611063a7130, 7632;
v0x5611063a7130_7633 .array/port v0x5611063a7130, 7633;
v0x5611063a7130_7634 .array/port v0x5611063a7130, 7634;
E_0x56110637b490/1908 .event anyedge, v0x5611063a7130_7631, v0x5611063a7130_7632, v0x5611063a7130_7633, v0x5611063a7130_7634;
v0x5611063a7130_7635 .array/port v0x5611063a7130, 7635;
v0x5611063a7130_7636 .array/port v0x5611063a7130, 7636;
v0x5611063a7130_7637 .array/port v0x5611063a7130, 7637;
v0x5611063a7130_7638 .array/port v0x5611063a7130, 7638;
E_0x56110637b490/1909 .event anyedge, v0x5611063a7130_7635, v0x5611063a7130_7636, v0x5611063a7130_7637, v0x5611063a7130_7638;
v0x5611063a7130_7639 .array/port v0x5611063a7130, 7639;
v0x5611063a7130_7640 .array/port v0x5611063a7130, 7640;
v0x5611063a7130_7641 .array/port v0x5611063a7130, 7641;
v0x5611063a7130_7642 .array/port v0x5611063a7130, 7642;
E_0x56110637b490/1910 .event anyedge, v0x5611063a7130_7639, v0x5611063a7130_7640, v0x5611063a7130_7641, v0x5611063a7130_7642;
v0x5611063a7130_7643 .array/port v0x5611063a7130, 7643;
v0x5611063a7130_7644 .array/port v0x5611063a7130, 7644;
v0x5611063a7130_7645 .array/port v0x5611063a7130, 7645;
v0x5611063a7130_7646 .array/port v0x5611063a7130, 7646;
E_0x56110637b490/1911 .event anyedge, v0x5611063a7130_7643, v0x5611063a7130_7644, v0x5611063a7130_7645, v0x5611063a7130_7646;
v0x5611063a7130_7647 .array/port v0x5611063a7130, 7647;
v0x5611063a7130_7648 .array/port v0x5611063a7130, 7648;
v0x5611063a7130_7649 .array/port v0x5611063a7130, 7649;
v0x5611063a7130_7650 .array/port v0x5611063a7130, 7650;
E_0x56110637b490/1912 .event anyedge, v0x5611063a7130_7647, v0x5611063a7130_7648, v0x5611063a7130_7649, v0x5611063a7130_7650;
v0x5611063a7130_7651 .array/port v0x5611063a7130, 7651;
v0x5611063a7130_7652 .array/port v0x5611063a7130, 7652;
v0x5611063a7130_7653 .array/port v0x5611063a7130, 7653;
v0x5611063a7130_7654 .array/port v0x5611063a7130, 7654;
E_0x56110637b490/1913 .event anyedge, v0x5611063a7130_7651, v0x5611063a7130_7652, v0x5611063a7130_7653, v0x5611063a7130_7654;
v0x5611063a7130_7655 .array/port v0x5611063a7130, 7655;
v0x5611063a7130_7656 .array/port v0x5611063a7130, 7656;
v0x5611063a7130_7657 .array/port v0x5611063a7130, 7657;
v0x5611063a7130_7658 .array/port v0x5611063a7130, 7658;
E_0x56110637b490/1914 .event anyedge, v0x5611063a7130_7655, v0x5611063a7130_7656, v0x5611063a7130_7657, v0x5611063a7130_7658;
v0x5611063a7130_7659 .array/port v0x5611063a7130, 7659;
v0x5611063a7130_7660 .array/port v0x5611063a7130, 7660;
v0x5611063a7130_7661 .array/port v0x5611063a7130, 7661;
v0x5611063a7130_7662 .array/port v0x5611063a7130, 7662;
E_0x56110637b490/1915 .event anyedge, v0x5611063a7130_7659, v0x5611063a7130_7660, v0x5611063a7130_7661, v0x5611063a7130_7662;
v0x5611063a7130_7663 .array/port v0x5611063a7130, 7663;
v0x5611063a7130_7664 .array/port v0x5611063a7130, 7664;
v0x5611063a7130_7665 .array/port v0x5611063a7130, 7665;
v0x5611063a7130_7666 .array/port v0x5611063a7130, 7666;
E_0x56110637b490/1916 .event anyedge, v0x5611063a7130_7663, v0x5611063a7130_7664, v0x5611063a7130_7665, v0x5611063a7130_7666;
v0x5611063a7130_7667 .array/port v0x5611063a7130, 7667;
v0x5611063a7130_7668 .array/port v0x5611063a7130, 7668;
v0x5611063a7130_7669 .array/port v0x5611063a7130, 7669;
v0x5611063a7130_7670 .array/port v0x5611063a7130, 7670;
E_0x56110637b490/1917 .event anyedge, v0x5611063a7130_7667, v0x5611063a7130_7668, v0x5611063a7130_7669, v0x5611063a7130_7670;
v0x5611063a7130_7671 .array/port v0x5611063a7130, 7671;
v0x5611063a7130_7672 .array/port v0x5611063a7130, 7672;
v0x5611063a7130_7673 .array/port v0x5611063a7130, 7673;
v0x5611063a7130_7674 .array/port v0x5611063a7130, 7674;
E_0x56110637b490/1918 .event anyedge, v0x5611063a7130_7671, v0x5611063a7130_7672, v0x5611063a7130_7673, v0x5611063a7130_7674;
v0x5611063a7130_7675 .array/port v0x5611063a7130, 7675;
v0x5611063a7130_7676 .array/port v0x5611063a7130, 7676;
v0x5611063a7130_7677 .array/port v0x5611063a7130, 7677;
v0x5611063a7130_7678 .array/port v0x5611063a7130, 7678;
E_0x56110637b490/1919 .event anyedge, v0x5611063a7130_7675, v0x5611063a7130_7676, v0x5611063a7130_7677, v0x5611063a7130_7678;
v0x5611063a7130_7679 .array/port v0x5611063a7130, 7679;
v0x5611063a7130_7680 .array/port v0x5611063a7130, 7680;
v0x5611063a7130_7681 .array/port v0x5611063a7130, 7681;
v0x5611063a7130_7682 .array/port v0x5611063a7130, 7682;
E_0x56110637b490/1920 .event anyedge, v0x5611063a7130_7679, v0x5611063a7130_7680, v0x5611063a7130_7681, v0x5611063a7130_7682;
v0x5611063a7130_7683 .array/port v0x5611063a7130, 7683;
v0x5611063a7130_7684 .array/port v0x5611063a7130, 7684;
v0x5611063a7130_7685 .array/port v0x5611063a7130, 7685;
v0x5611063a7130_7686 .array/port v0x5611063a7130, 7686;
E_0x56110637b490/1921 .event anyedge, v0x5611063a7130_7683, v0x5611063a7130_7684, v0x5611063a7130_7685, v0x5611063a7130_7686;
v0x5611063a7130_7687 .array/port v0x5611063a7130, 7687;
v0x5611063a7130_7688 .array/port v0x5611063a7130, 7688;
v0x5611063a7130_7689 .array/port v0x5611063a7130, 7689;
v0x5611063a7130_7690 .array/port v0x5611063a7130, 7690;
E_0x56110637b490/1922 .event anyedge, v0x5611063a7130_7687, v0x5611063a7130_7688, v0x5611063a7130_7689, v0x5611063a7130_7690;
v0x5611063a7130_7691 .array/port v0x5611063a7130, 7691;
v0x5611063a7130_7692 .array/port v0x5611063a7130, 7692;
v0x5611063a7130_7693 .array/port v0x5611063a7130, 7693;
v0x5611063a7130_7694 .array/port v0x5611063a7130, 7694;
E_0x56110637b490/1923 .event anyedge, v0x5611063a7130_7691, v0x5611063a7130_7692, v0x5611063a7130_7693, v0x5611063a7130_7694;
v0x5611063a7130_7695 .array/port v0x5611063a7130, 7695;
v0x5611063a7130_7696 .array/port v0x5611063a7130, 7696;
v0x5611063a7130_7697 .array/port v0x5611063a7130, 7697;
v0x5611063a7130_7698 .array/port v0x5611063a7130, 7698;
E_0x56110637b490/1924 .event anyedge, v0x5611063a7130_7695, v0x5611063a7130_7696, v0x5611063a7130_7697, v0x5611063a7130_7698;
v0x5611063a7130_7699 .array/port v0x5611063a7130, 7699;
v0x5611063a7130_7700 .array/port v0x5611063a7130, 7700;
v0x5611063a7130_7701 .array/port v0x5611063a7130, 7701;
v0x5611063a7130_7702 .array/port v0x5611063a7130, 7702;
E_0x56110637b490/1925 .event anyedge, v0x5611063a7130_7699, v0x5611063a7130_7700, v0x5611063a7130_7701, v0x5611063a7130_7702;
v0x5611063a7130_7703 .array/port v0x5611063a7130, 7703;
v0x5611063a7130_7704 .array/port v0x5611063a7130, 7704;
v0x5611063a7130_7705 .array/port v0x5611063a7130, 7705;
v0x5611063a7130_7706 .array/port v0x5611063a7130, 7706;
E_0x56110637b490/1926 .event anyedge, v0x5611063a7130_7703, v0x5611063a7130_7704, v0x5611063a7130_7705, v0x5611063a7130_7706;
v0x5611063a7130_7707 .array/port v0x5611063a7130, 7707;
v0x5611063a7130_7708 .array/port v0x5611063a7130, 7708;
v0x5611063a7130_7709 .array/port v0x5611063a7130, 7709;
v0x5611063a7130_7710 .array/port v0x5611063a7130, 7710;
E_0x56110637b490/1927 .event anyedge, v0x5611063a7130_7707, v0x5611063a7130_7708, v0x5611063a7130_7709, v0x5611063a7130_7710;
v0x5611063a7130_7711 .array/port v0x5611063a7130, 7711;
v0x5611063a7130_7712 .array/port v0x5611063a7130, 7712;
v0x5611063a7130_7713 .array/port v0x5611063a7130, 7713;
v0x5611063a7130_7714 .array/port v0x5611063a7130, 7714;
E_0x56110637b490/1928 .event anyedge, v0x5611063a7130_7711, v0x5611063a7130_7712, v0x5611063a7130_7713, v0x5611063a7130_7714;
v0x5611063a7130_7715 .array/port v0x5611063a7130, 7715;
v0x5611063a7130_7716 .array/port v0x5611063a7130, 7716;
v0x5611063a7130_7717 .array/port v0x5611063a7130, 7717;
v0x5611063a7130_7718 .array/port v0x5611063a7130, 7718;
E_0x56110637b490/1929 .event anyedge, v0x5611063a7130_7715, v0x5611063a7130_7716, v0x5611063a7130_7717, v0x5611063a7130_7718;
v0x5611063a7130_7719 .array/port v0x5611063a7130, 7719;
v0x5611063a7130_7720 .array/port v0x5611063a7130, 7720;
v0x5611063a7130_7721 .array/port v0x5611063a7130, 7721;
v0x5611063a7130_7722 .array/port v0x5611063a7130, 7722;
E_0x56110637b490/1930 .event anyedge, v0x5611063a7130_7719, v0x5611063a7130_7720, v0x5611063a7130_7721, v0x5611063a7130_7722;
v0x5611063a7130_7723 .array/port v0x5611063a7130, 7723;
v0x5611063a7130_7724 .array/port v0x5611063a7130, 7724;
v0x5611063a7130_7725 .array/port v0x5611063a7130, 7725;
v0x5611063a7130_7726 .array/port v0x5611063a7130, 7726;
E_0x56110637b490/1931 .event anyedge, v0x5611063a7130_7723, v0x5611063a7130_7724, v0x5611063a7130_7725, v0x5611063a7130_7726;
v0x5611063a7130_7727 .array/port v0x5611063a7130, 7727;
v0x5611063a7130_7728 .array/port v0x5611063a7130, 7728;
v0x5611063a7130_7729 .array/port v0x5611063a7130, 7729;
v0x5611063a7130_7730 .array/port v0x5611063a7130, 7730;
E_0x56110637b490/1932 .event anyedge, v0x5611063a7130_7727, v0x5611063a7130_7728, v0x5611063a7130_7729, v0x5611063a7130_7730;
v0x5611063a7130_7731 .array/port v0x5611063a7130, 7731;
v0x5611063a7130_7732 .array/port v0x5611063a7130, 7732;
v0x5611063a7130_7733 .array/port v0x5611063a7130, 7733;
v0x5611063a7130_7734 .array/port v0x5611063a7130, 7734;
E_0x56110637b490/1933 .event anyedge, v0x5611063a7130_7731, v0x5611063a7130_7732, v0x5611063a7130_7733, v0x5611063a7130_7734;
v0x5611063a7130_7735 .array/port v0x5611063a7130, 7735;
v0x5611063a7130_7736 .array/port v0x5611063a7130, 7736;
v0x5611063a7130_7737 .array/port v0x5611063a7130, 7737;
v0x5611063a7130_7738 .array/port v0x5611063a7130, 7738;
E_0x56110637b490/1934 .event anyedge, v0x5611063a7130_7735, v0x5611063a7130_7736, v0x5611063a7130_7737, v0x5611063a7130_7738;
v0x5611063a7130_7739 .array/port v0x5611063a7130, 7739;
v0x5611063a7130_7740 .array/port v0x5611063a7130, 7740;
v0x5611063a7130_7741 .array/port v0x5611063a7130, 7741;
v0x5611063a7130_7742 .array/port v0x5611063a7130, 7742;
E_0x56110637b490/1935 .event anyedge, v0x5611063a7130_7739, v0x5611063a7130_7740, v0x5611063a7130_7741, v0x5611063a7130_7742;
v0x5611063a7130_7743 .array/port v0x5611063a7130, 7743;
v0x5611063a7130_7744 .array/port v0x5611063a7130, 7744;
v0x5611063a7130_7745 .array/port v0x5611063a7130, 7745;
v0x5611063a7130_7746 .array/port v0x5611063a7130, 7746;
E_0x56110637b490/1936 .event anyedge, v0x5611063a7130_7743, v0x5611063a7130_7744, v0x5611063a7130_7745, v0x5611063a7130_7746;
v0x5611063a7130_7747 .array/port v0x5611063a7130, 7747;
v0x5611063a7130_7748 .array/port v0x5611063a7130, 7748;
v0x5611063a7130_7749 .array/port v0x5611063a7130, 7749;
v0x5611063a7130_7750 .array/port v0x5611063a7130, 7750;
E_0x56110637b490/1937 .event anyedge, v0x5611063a7130_7747, v0x5611063a7130_7748, v0x5611063a7130_7749, v0x5611063a7130_7750;
v0x5611063a7130_7751 .array/port v0x5611063a7130, 7751;
v0x5611063a7130_7752 .array/port v0x5611063a7130, 7752;
v0x5611063a7130_7753 .array/port v0x5611063a7130, 7753;
v0x5611063a7130_7754 .array/port v0x5611063a7130, 7754;
E_0x56110637b490/1938 .event anyedge, v0x5611063a7130_7751, v0x5611063a7130_7752, v0x5611063a7130_7753, v0x5611063a7130_7754;
v0x5611063a7130_7755 .array/port v0x5611063a7130, 7755;
v0x5611063a7130_7756 .array/port v0x5611063a7130, 7756;
v0x5611063a7130_7757 .array/port v0x5611063a7130, 7757;
v0x5611063a7130_7758 .array/port v0x5611063a7130, 7758;
E_0x56110637b490/1939 .event anyedge, v0x5611063a7130_7755, v0x5611063a7130_7756, v0x5611063a7130_7757, v0x5611063a7130_7758;
v0x5611063a7130_7759 .array/port v0x5611063a7130, 7759;
v0x5611063a7130_7760 .array/port v0x5611063a7130, 7760;
v0x5611063a7130_7761 .array/port v0x5611063a7130, 7761;
v0x5611063a7130_7762 .array/port v0x5611063a7130, 7762;
E_0x56110637b490/1940 .event anyedge, v0x5611063a7130_7759, v0x5611063a7130_7760, v0x5611063a7130_7761, v0x5611063a7130_7762;
v0x5611063a7130_7763 .array/port v0x5611063a7130, 7763;
v0x5611063a7130_7764 .array/port v0x5611063a7130, 7764;
v0x5611063a7130_7765 .array/port v0x5611063a7130, 7765;
v0x5611063a7130_7766 .array/port v0x5611063a7130, 7766;
E_0x56110637b490/1941 .event anyedge, v0x5611063a7130_7763, v0x5611063a7130_7764, v0x5611063a7130_7765, v0x5611063a7130_7766;
v0x5611063a7130_7767 .array/port v0x5611063a7130, 7767;
v0x5611063a7130_7768 .array/port v0x5611063a7130, 7768;
v0x5611063a7130_7769 .array/port v0x5611063a7130, 7769;
v0x5611063a7130_7770 .array/port v0x5611063a7130, 7770;
E_0x56110637b490/1942 .event anyedge, v0x5611063a7130_7767, v0x5611063a7130_7768, v0x5611063a7130_7769, v0x5611063a7130_7770;
v0x5611063a7130_7771 .array/port v0x5611063a7130, 7771;
v0x5611063a7130_7772 .array/port v0x5611063a7130, 7772;
v0x5611063a7130_7773 .array/port v0x5611063a7130, 7773;
v0x5611063a7130_7774 .array/port v0x5611063a7130, 7774;
E_0x56110637b490/1943 .event anyedge, v0x5611063a7130_7771, v0x5611063a7130_7772, v0x5611063a7130_7773, v0x5611063a7130_7774;
v0x5611063a7130_7775 .array/port v0x5611063a7130, 7775;
v0x5611063a7130_7776 .array/port v0x5611063a7130, 7776;
v0x5611063a7130_7777 .array/port v0x5611063a7130, 7777;
v0x5611063a7130_7778 .array/port v0x5611063a7130, 7778;
E_0x56110637b490/1944 .event anyedge, v0x5611063a7130_7775, v0x5611063a7130_7776, v0x5611063a7130_7777, v0x5611063a7130_7778;
v0x5611063a7130_7779 .array/port v0x5611063a7130, 7779;
v0x5611063a7130_7780 .array/port v0x5611063a7130, 7780;
v0x5611063a7130_7781 .array/port v0x5611063a7130, 7781;
v0x5611063a7130_7782 .array/port v0x5611063a7130, 7782;
E_0x56110637b490/1945 .event anyedge, v0x5611063a7130_7779, v0x5611063a7130_7780, v0x5611063a7130_7781, v0x5611063a7130_7782;
v0x5611063a7130_7783 .array/port v0x5611063a7130, 7783;
v0x5611063a7130_7784 .array/port v0x5611063a7130, 7784;
v0x5611063a7130_7785 .array/port v0x5611063a7130, 7785;
v0x5611063a7130_7786 .array/port v0x5611063a7130, 7786;
E_0x56110637b490/1946 .event anyedge, v0x5611063a7130_7783, v0x5611063a7130_7784, v0x5611063a7130_7785, v0x5611063a7130_7786;
v0x5611063a7130_7787 .array/port v0x5611063a7130, 7787;
v0x5611063a7130_7788 .array/port v0x5611063a7130, 7788;
v0x5611063a7130_7789 .array/port v0x5611063a7130, 7789;
v0x5611063a7130_7790 .array/port v0x5611063a7130, 7790;
E_0x56110637b490/1947 .event anyedge, v0x5611063a7130_7787, v0x5611063a7130_7788, v0x5611063a7130_7789, v0x5611063a7130_7790;
v0x5611063a7130_7791 .array/port v0x5611063a7130, 7791;
v0x5611063a7130_7792 .array/port v0x5611063a7130, 7792;
v0x5611063a7130_7793 .array/port v0x5611063a7130, 7793;
v0x5611063a7130_7794 .array/port v0x5611063a7130, 7794;
E_0x56110637b490/1948 .event anyedge, v0x5611063a7130_7791, v0x5611063a7130_7792, v0x5611063a7130_7793, v0x5611063a7130_7794;
v0x5611063a7130_7795 .array/port v0x5611063a7130, 7795;
v0x5611063a7130_7796 .array/port v0x5611063a7130, 7796;
v0x5611063a7130_7797 .array/port v0x5611063a7130, 7797;
v0x5611063a7130_7798 .array/port v0x5611063a7130, 7798;
E_0x56110637b490/1949 .event anyedge, v0x5611063a7130_7795, v0x5611063a7130_7796, v0x5611063a7130_7797, v0x5611063a7130_7798;
v0x5611063a7130_7799 .array/port v0x5611063a7130, 7799;
v0x5611063a7130_7800 .array/port v0x5611063a7130, 7800;
v0x5611063a7130_7801 .array/port v0x5611063a7130, 7801;
v0x5611063a7130_7802 .array/port v0x5611063a7130, 7802;
E_0x56110637b490/1950 .event anyedge, v0x5611063a7130_7799, v0x5611063a7130_7800, v0x5611063a7130_7801, v0x5611063a7130_7802;
v0x5611063a7130_7803 .array/port v0x5611063a7130, 7803;
v0x5611063a7130_7804 .array/port v0x5611063a7130, 7804;
v0x5611063a7130_7805 .array/port v0x5611063a7130, 7805;
v0x5611063a7130_7806 .array/port v0x5611063a7130, 7806;
E_0x56110637b490/1951 .event anyedge, v0x5611063a7130_7803, v0x5611063a7130_7804, v0x5611063a7130_7805, v0x5611063a7130_7806;
v0x5611063a7130_7807 .array/port v0x5611063a7130, 7807;
v0x5611063a7130_7808 .array/port v0x5611063a7130, 7808;
v0x5611063a7130_7809 .array/port v0x5611063a7130, 7809;
v0x5611063a7130_7810 .array/port v0x5611063a7130, 7810;
E_0x56110637b490/1952 .event anyedge, v0x5611063a7130_7807, v0x5611063a7130_7808, v0x5611063a7130_7809, v0x5611063a7130_7810;
v0x5611063a7130_7811 .array/port v0x5611063a7130, 7811;
v0x5611063a7130_7812 .array/port v0x5611063a7130, 7812;
v0x5611063a7130_7813 .array/port v0x5611063a7130, 7813;
v0x5611063a7130_7814 .array/port v0x5611063a7130, 7814;
E_0x56110637b490/1953 .event anyedge, v0x5611063a7130_7811, v0x5611063a7130_7812, v0x5611063a7130_7813, v0x5611063a7130_7814;
v0x5611063a7130_7815 .array/port v0x5611063a7130, 7815;
v0x5611063a7130_7816 .array/port v0x5611063a7130, 7816;
v0x5611063a7130_7817 .array/port v0x5611063a7130, 7817;
v0x5611063a7130_7818 .array/port v0x5611063a7130, 7818;
E_0x56110637b490/1954 .event anyedge, v0x5611063a7130_7815, v0x5611063a7130_7816, v0x5611063a7130_7817, v0x5611063a7130_7818;
v0x5611063a7130_7819 .array/port v0x5611063a7130, 7819;
v0x5611063a7130_7820 .array/port v0x5611063a7130, 7820;
v0x5611063a7130_7821 .array/port v0x5611063a7130, 7821;
v0x5611063a7130_7822 .array/port v0x5611063a7130, 7822;
E_0x56110637b490/1955 .event anyedge, v0x5611063a7130_7819, v0x5611063a7130_7820, v0x5611063a7130_7821, v0x5611063a7130_7822;
v0x5611063a7130_7823 .array/port v0x5611063a7130, 7823;
v0x5611063a7130_7824 .array/port v0x5611063a7130, 7824;
v0x5611063a7130_7825 .array/port v0x5611063a7130, 7825;
v0x5611063a7130_7826 .array/port v0x5611063a7130, 7826;
E_0x56110637b490/1956 .event anyedge, v0x5611063a7130_7823, v0x5611063a7130_7824, v0x5611063a7130_7825, v0x5611063a7130_7826;
v0x5611063a7130_7827 .array/port v0x5611063a7130, 7827;
v0x5611063a7130_7828 .array/port v0x5611063a7130, 7828;
v0x5611063a7130_7829 .array/port v0x5611063a7130, 7829;
v0x5611063a7130_7830 .array/port v0x5611063a7130, 7830;
E_0x56110637b490/1957 .event anyedge, v0x5611063a7130_7827, v0x5611063a7130_7828, v0x5611063a7130_7829, v0x5611063a7130_7830;
v0x5611063a7130_7831 .array/port v0x5611063a7130, 7831;
v0x5611063a7130_7832 .array/port v0x5611063a7130, 7832;
v0x5611063a7130_7833 .array/port v0x5611063a7130, 7833;
v0x5611063a7130_7834 .array/port v0x5611063a7130, 7834;
E_0x56110637b490/1958 .event anyedge, v0x5611063a7130_7831, v0x5611063a7130_7832, v0x5611063a7130_7833, v0x5611063a7130_7834;
v0x5611063a7130_7835 .array/port v0x5611063a7130, 7835;
v0x5611063a7130_7836 .array/port v0x5611063a7130, 7836;
v0x5611063a7130_7837 .array/port v0x5611063a7130, 7837;
v0x5611063a7130_7838 .array/port v0x5611063a7130, 7838;
E_0x56110637b490/1959 .event anyedge, v0x5611063a7130_7835, v0x5611063a7130_7836, v0x5611063a7130_7837, v0x5611063a7130_7838;
v0x5611063a7130_7839 .array/port v0x5611063a7130, 7839;
v0x5611063a7130_7840 .array/port v0x5611063a7130, 7840;
v0x5611063a7130_7841 .array/port v0x5611063a7130, 7841;
v0x5611063a7130_7842 .array/port v0x5611063a7130, 7842;
E_0x56110637b490/1960 .event anyedge, v0x5611063a7130_7839, v0x5611063a7130_7840, v0x5611063a7130_7841, v0x5611063a7130_7842;
v0x5611063a7130_7843 .array/port v0x5611063a7130, 7843;
v0x5611063a7130_7844 .array/port v0x5611063a7130, 7844;
v0x5611063a7130_7845 .array/port v0x5611063a7130, 7845;
v0x5611063a7130_7846 .array/port v0x5611063a7130, 7846;
E_0x56110637b490/1961 .event anyedge, v0x5611063a7130_7843, v0x5611063a7130_7844, v0x5611063a7130_7845, v0x5611063a7130_7846;
v0x5611063a7130_7847 .array/port v0x5611063a7130, 7847;
v0x5611063a7130_7848 .array/port v0x5611063a7130, 7848;
v0x5611063a7130_7849 .array/port v0x5611063a7130, 7849;
v0x5611063a7130_7850 .array/port v0x5611063a7130, 7850;
E_0x56110637b490/1962 .event anyedge, v0x5611063a7130_7847, v0x5611063a7130_7848, v0x5611063a7130_7849, v0x5611063a7130_7850;
v0x5611063a7130_7851 .array/port v0x5611063a7130, 7851;
v0x5611063a7130_7852 .array/port v0x5611063a7130, 7852;
v0x5611063a7130_7853 .array/port v0x5611063a7130, 7853;
v0x5611063a7130_7854 .array/port v0x5611063a7130, 7854;
E_0x56110637b490/1963 .event anyedge, v0x5611063a7130_7851, v0x5611063a7130_7852, v0x5611063a7130_7853, v0x5611063a7130_7854;
v0x5611063a7130_7855 .array/port v0x5611063a7130, 7855;
v0x5611063a7130_7856 .array/port v0x5611063a7130, 7856;
v0x5611063a7130_7857 .array/port v0x5611063a7130, 7857;
v0x5611063a7130_7858 .array/port v0x5611063a7130, 7858;
E_0x56110637b490/1964 .event anyedge, v0x5611063a7130_7855, v0x5611063a7130_7856, v0x5611063a7130_7857, v0x5611063a7130_7858;
v0x5611063a7130_7859 .array/port v0x5611063a7130, 7859;
v0x5611063a7130_7860 .array/port v0x5611063a7130, 7860;
v0x5611063a7130_7861 .array/port v0x5611063a7130, 7861;
v0x5611063a7130_7862 .array/port v0x5611063a7130, 7862;
E_0x56110637b490/1965 .event anyedge, v0x5611063a7130_7859, v0x5611063a7130_7860, v0x5611063a7130_7861, v0x5611063a7130_7862;
v0x5611063a7130_7863 .array/port v0x5611063a7130, 7863;
v0x5611063a7130_7864 .array/port v0x5611063a7130, 7864;
v0x5611063a7130_7865 .array/port v0x5611063a7130, 7865;
v0x5611063a7130_7866 .array/port v0x5611063a7130, 7866;
E_0x56110637b490/1966 .event anyedge, v0x5611063a7130_7863, v0x5611063a7130_7864, v0x5611063a7130_7865, v0x5611063a7130_7866;
v0x5611063a7130_7867 .array/port v0x5611063a7130, 7867;
v0x5611063a7130_7868 .array/port v0x5611063a7130, 7868;
v0x5611063a7130_7869 .array/port v0x5611063a7130, 7869;
v0x5611063a7130_7870 .array/port v0x5611063a7130, 7870;
E_0x56110637b490/1967 .event anyedge, v0x5611063a7130_7867, v0x5611063a7130_7868, v0x5611063a7130_7869, v0x5611063a7130_7870;
v0x5611063a7130_7871 .array/port v0x5611063a7130, 7871;
v0x5611063a7130_7872 .array/port v0x5611063a7130, 7872;
v0x5611063a7130_7873 .array/port v0x5611063a7130, 7873;
v0x5611063a7130_7874 .array/port v0x5611063a7130, 7874;
E_0x56110637b490/1968 .event anyedge, v0x5611063a7130_7871, v0x5611063a7130_7872, v0x5611063a7130_7873, v0x5611063a7130_7874;
v0x5611063a7130_7875 .array/port v0x5611063a7130, 7875;
v0x5611063a7130_7876 .array/port v0x5611063a7130, 7876;
v0x5611063a7130_7877 .array/port v0x5611063a7130, 7877;
v0x5611063a7130_7878 .array/port v0x5611063a7130, 7878;
E_0x56110637b490/1969 .event anyedge, v0x5611063a7130_7875, v0x5611063a7130_7876, v0x5611063a7130_7877, v0x5611063a7130_7878;
v0x5611063a7130_7879 .array/port v0x5611063a7130, 7879;
v0x5611063a7130_7880 .array/port v0x5611063a7130, 7880;
v0x5611063a7130_7881 .array/port v0x5611063a7130, 7881;
v0x5611063a7130_7882 .array/port v0x5611063a7130, 7882;
E_0x56110637b490/1970 .event anyedge, v0x5611063a7130_7879, v0x5611063a7130_7880, v0x5611063a7130_7881, v0x5611063a7130_7882;
v0x5611063a7130_7883 .array/port v0x5611063a7130, 7883;
v0x5611063a7130_7884 .array/port v0x5611063a7130, 7884;
v0x5611063a7130_7885 .array/port v0x5611063a7130, 7885;
v0x5611063a7130_7886 .array/port v0x5611063a7130, 7886;
E_0x56110637b490/1971 .event anyedge, v0x5611063a7130_7883, v0x5611063a7130_7884, v0x5611063a7130_7885, v0x5611063a7130_7886;
v0x5611063a7130_7887 .array/port v0x5611063a7130, 7887;
v0x5611063a7130_7888 .array/port v0x5611063a7130, 7888;
v0x5611063a7130_7889 .array/port v0x5611063a7130, 7889;
v0x5611063a7130_7890 .array/port v0x5611063a7130, 7890;
E_0x56110637b490/1972 .event anyedge, v0x5611063a7130_7887, v0x5611063a7130_7888, v0x5611063a7130_7889, v0x5611063a7130_7890;
v0x5611063a7130_7891 .array/port v0x5611063a7130, 7891;
v0x5611063a7130_7892 .array/port v0x5611063a7130, 7892;
v0x5611063a7130_7893 .array/port v0x5611063a7130, 7893;
v0x5611063a7130_7894 .array/port v0x5611063a7130, 7894;
E_0x56110637b490/1973 .event anyedge, v0x5611063a7130_7891, v0x5611063a7130_7892, v0x5611063a7130_7893, v0x5611063a7130_7894;
v0x5611063a7130_7895 .array/port v0x5611063a7130, 7895;
v0x5611063a7130_7896 .array/port v0x5611063a7130, 7896;
v0x5611063a7130_7897 .array/port v0x5611063a7130, 7897;
v0x5611063a7130_7898 .array/port v0x5611063a7130, 7898;
E_0x56110637b490/1974 .event anyedge, v0x5611063a7130_7895, v0x5611063a7130_7896, v0x5611063a7130_7897, v0x5611063a7130_7898;
v0x5611063a7130_7899 .array/port v0x5611063a7130, 7899;
v0x5611063a7130_7900 .array/port v0x5611063a7130, 7900;
v0x5611063a7130_7901 .array/port v0x5611063a7130, 7901;
v0x5611063a7130_7902 .array/port v0x5611063a7130, 7902;
E_0x56110637b490/1975 .event anyedge, v0x5611063a7130_7899, v0x5611063a7130_7900, v0x5611063a7130_7901, v0x5611063a7130_7902;
v0x5611063a7130_7903 .array/port v0x5611063a7130, 7903;
v0x5611063a7130_7904 .array/port v0x5611063a7130, 7904;
v0x5611063a7130_7905 .array/port v0x5611063a7130, 7905;
v0x5611063a7130_7906 .array/port v0x5611063a7130, 7906;
E_0x56110637b490/1976 .event anyedge, v0x5611063a7130_7903, v0x5611063a7130_7904, v0x5611063a7130_7905, v0x5611063a7130_7906;
v0x5611063a7130_7907 .array/port v0x5611063a7130, 7907;
v0x5611063a7130_7908 .array/port v0x5611063a7130, 7908;
v0x5611063a7130_7909 .array/port v0x5611063a7130, 7909;
v0x5611063a7130_7910 .array/port v0x5611063a7130, 7910;
E_0x56110637b490/1977 .event anyedge, v0x5611063a7130_7907, v0x5611063a7130_7908, v0x5611063a7130_7909, v0x5611063a7130_7910;
v0x5611063a7130_7911 .array/port v0x5611063a7130, 7911;
v0x5611063a7130_7912 .array/port v0x5611063a7130, 7912;
v0x5611063a7130_7913 .array/port v0x5611063a7130, 7913;
v0x5611063a7130_7914 .array/port v0x5611063a7130, 7914;
E_0x56110637b490/1978 .event anyedge, v0x5611063a7130_7911, v0x5611063a7130_7912, v0x5611063a7130_7913, v0x5611063a7130_7914;
v0x5611063a7130_7915 .array/port v0x5611063a7130, 7915;
v0x5611063a7130_7916 .array/port v0x5611063a7130, 7916;
v0x5611063a7130_7917 .array/port v0x5611063a7130, 7917;
v0x5611063a7130_7918 .array/port v0x5611063a7130, 7918;
E_0x56110637b490/1979 .event anyedge, v0x5611063a7130_7915, v0x5611063a7130_7916, v0x5611063a7130_7917, v0x5611063a7130_7918;
v0x5611063a7130_7919 .array/port v0x5611063a7130, 7919;
v0x5611063a7130_7920 .array/port v0x5611063a7130, 7920;
v0x5611063a7130_7921 .array/port v0x5611063a7130, 7921;
v0x5611063a7130_7922 .array/port v0x5611063a7130, 7922;
E_0x56110637b490/1980 .event anyedge, v0x5611063a7130_7919, v0x5611063a7130_7920, v0x5611063a7130_7921, v0x5611063a7130_7922;
v0x5611063a7130_7923 .array/port v0x5611063a7130, 7923;
v0x5611063a7130_7924 .array/port v0x5611063a7130, 7924;
v0x5611063a7130_7925 .array/port v0x5611063a7130, 7925;
v0x5611063a7130_7926 .array/port v0x5611063a7130, 7926;
E_0x56110637b490/1981 .event anyedge, v0x5611063a7130_7923, v0x5611063a7130_7924, v0x5611063a7130_7925, v0x5611063a7130_7926;
v0x5611063a7130_7927 .array/port v0x5611063a7130, 7927;
v0x5611063a7130_7928 .array/port v0x5611063a7130, 7928;
v0x5611063a7130_7929 .array/port v0x5611063a7130, 7929;
v0x5611063a7130_7930 .array/port v0x5611063a7130, 7930;
E_0x56110637b490/1982 .event anyedge, v0x5611063a7130_7927, v0x5611063a7130_7928, v0x5611063a7130_7929, v0x5611063a7130_7930;
v0x5611063a7130_7931 .array/port v0x5611063a7130, 7931;
v0x5611063a7130_7932 .array/port v0x5611063a7130, 7932;
v0x5611063a7130_7933 .array/port v0x5611063a7130, 7933;
v0x5611063a7130_7934 .array/port v0x5611063a7130, 7934;
E_0x56110637b490/1983 .event anyedge, v0x5611063a7130_7931, v0x5611063a7130_7932, v0x5611063a7130_7933, v0x5611063a7130_7934;
v0x5611063a7130_7935 .array/port v0x5611063a7130, 7935;
v0x5611063a7130_7936 .array/port v0x5611063a7130, 7936;
v0x5611063a7130_7937 .array/port v0x5611063a7130, 7937;
v0x5611063a7130_7938 .array/port v0x5611063a7130, 7938;
E_0x56110637b490/1984 .event anyedge, v0x5611063a7130_7935, v0x5611063a7130_7936, v0x5611063a7130_7937, v0x5611063a7130_7938;
v0x5611063a7130_7939 .array/port v0x5611063a7130, 7939;
v0x5611063a7130_7940 .array/port v0x5611063a7130, 7940;
v0x5611063a7130_7941 .array/port v0x5611063a7130, 7941;
v0x5611063a7130_7942 .array/port v0x5611063a7130, 7942;
E_0x56110637b490/1985 .event anyedge, v0x5611063a7130_7939, v0x5611063a7130_7940, v0x5611063a7130_7941, v0x5611063a7130_7942;
v0x5611063a7130_7943 .array/port v0x5611063a7130, 7943;
v0x5611063a7130_7944 .array/port v0x5611063a7130, 7944;
v0x5611063a7130_7945 .array/port v0x5611063a7130, 7945;
v0x5611063a7130_7946 .array/port v0x5611063a7130, 7946;
E_0x56110637b490/1986 .event anyedge, v0x5611063a7130_7943, v0x5611063a7130_7944, v0x5611063a7130_7945, v0x5611063a7130_7946;
v0x5611063a7130_7947 .array/port v0x5611063a7130, 7947;
v0x5611063a7130_7948 .array/port v0x5611063a7130, 7948;
v0x5611063a7130_7949 .array/port v0x5611063a7130, 7949;
v0x5611063a7130_7950 .array/port v0x5611063a7130, 7950;
E_0x56110637b490/1987 .event anyedge, v0x5611063a7130_7947, v0x5611063a7130_7948, v0x5611063a7130_7949, v0x5611063a7130_7950;
v0x5611063a7130_7951 .array/port v0x5611063a7130, 7951;
v0x5611063a7130_7952 .array/port v0x5611063a7130, 7952;
v0x5611063a7130_7953 .array/port v0x5611063a7130, 7953;
v0x5611063a7130_7954 .array/port v0x5611063a7130, 7954;
E_0x56110637b490/1988 .event anyedge, v0x5611063a7130_7951, v0x5611063a7130_7952, v0x5611063a7130_7953, v0x5611063a7130_7954;
v0x5611063a7130_7955 .array/port v0x5611063a7130, 7955;
v0x5611063a7130_7956 .array/port v0x5611063a7130, 7956;
v0x5611063a7130_7957 .array/port v0x5611063a7130, 7957;
v0x5611063a7130_7958 .array/port v0x5611063a7130, 7958;
E_0x56110637b490/1989 .event anyedge, v0x5611063a7130_7955, v0x5611063a7130_7956, v0x5611063a7130_7957, v0x5611063a7130_7958;
v0x5611063a7130_7959 .array/port v0x5611063a7130, 7959;
v0x5611063a7130_7960 .array/port v0x5611063a7130, 7960;
v0x5611063a7130_7961 .array/port v0x5611063a7130, 7961;
v0x5611063a7130_7962 .array/port v0x5611063a7130, 7962;
E_0x56110637b490/1990 .event anyedge, v0x5611063a7130_7959, v0x5611063a7130_7960, v0x5611063a7130_7961, v0x5611063a7130_7962;
v0x5611063a7130_7963 .array/port v0x5611063a7130, 7963;
v0x5611063a7130_7964 .array/port v0x5611063a7130, 7964;
v0x5611063a7130_7965 .array/port v0x5611063a7130, 7965;
v0x5611063a7130_7966 .array/port v0x5611063a7130, 7966;
E_0x56110637b490/1991 .event anyedge, v0x5611063a7130_7963, v0x5611063a7130_7964, v0x5611063a7130_7965, v0x5611063a7130_7966;
v0x5611063a7130_7967 .array/port v0x5611063a7130, 7967;
v0x5611063a7130_7968 .array/port v0x5611063a7130, 7968;
v0x5611063a7130_7969 .array/port v0x5611063a7130, 7969;
v0x5611063a7130_7970 .array/port v0x5611063a7130, 7970;
E_0x56110637b490/1992 .event anyedge, v0x5611063a7130_7967, v0x5611063a7130_7968, v0x5611063a7130_7969, v0x5611063a7130_7970;
v0x5611063a7130_7971 .array/port v0x5611063a7130, 7971;
v0x5611063a7130_7972 .array/port v0x5611063a7130, 7972;
v0x5611063a7130_7973 .array/port v0x5611063a7130, 7973;
v0x5611063a7130_7974 .array/port v0x5611063a7130, 7974;
E_0x56110637b490/1993 .event anyedge, v0x5611063a7130_7971, v0x5611063a7130_7972, v0x5611063a7130_7973, v0x5611063a7130_7974;
v0x5611063a7130_7975 .array/port v0x5611063a7130, 7975;
v0x5611063a7130_7976 .array/port v0x5611063a7130, 7976;
v0x5611063a7130_7977 .array/port v0x5611063a7130, 7977;
v0x5611063a7130_7978 .array/port v0x5611063a7130, 7978;
E_0x56110637b490/1994 .event anyedge, v0x5611063a7130_7975, v0x5611063a7130_7976, v0x5611063a7130_7977, v0x5611063a7130_7978;
v0x5611063a7130_7979 .array/port v0x5611063a7130, 7979;
v0x5611063a7130_7980 .array/port v0x5611063a7130, 7980;
v0x5611063a7130_7981 .array/port v0x5611063a7130, 7981;
v0x5611063a7130_7982 .array/port v0x5611063a7130, 7982;
E_0x56110637b490/1995 .event anyedge, v0x5611063a7130_7979, v0x5611063a7130_7980, v0x5611063a7130_7981, v0x5611063a7130_7982;
v0x5611063a7130_7983 .array/port v0x5611063a7130, 7983;
v0x5611063a7130_7984 .array/port v0x5611063a7130, 7984;
v0x5611063a7130_7985 .array/port v0x5611063a7130, 7985;
v0x5611063a7130_7986 .array/port v0x5611063a7130, 7986;
E_0x56110637b490/1996 .event anyedge, v0x5611063a7130_7983, v0x5611063a7130_7984, v0x5611063a7130_7985, v0x5611063a7130_7986;
v0x5611063a7130_7987 .array/port v0x5611063a7130, 7987;
v0x5611063a7130_7988 .array/port v0x5611063a7130, 7988;
v0x5611063a7130_7989 .array/port v0x5611063a7130, 7989;
v0x5611063a7130_7990 .array/port v0x5611063a7130, 7990;
E_0x56110637b490/1997 .event anyedge, v0x5611063a7130_7987, v0x5611063a7130_7988, v0x5611063a7130_7989, v0x5611063a7130_7990;
v0x5611063a7130_7991 .array/port v0x5611063a7130, 7991;
v0x5611063a7130_7992 .array/port v0x5611063a7130, 7992;
v0x5611063a7130_7993 .array/port v0x5611063a7130, 7993;
v0x5611063a7130_7994 .array/port v0x5611063a7130, 7994;
E_0x56110637b490/1998 .event anyedge, v0x5611063a7130_7991, v0x5611063a7130_7992, v0x5611063a7130_7993, v0x5611063a7130_7994;
v0x5611063a7130_7995 .array/port v0x5611063a7130, 7995;
v0x5611063a7130_7996 .array/port v0x5611063a7130, 7996;
v0x5611063a7130_7997 .array/port v0x5611063a7130, 7997;
v0x5611063a7130_7998 .array/port v0x5611063a7130, 7998;
E_0x56110637b490/1999 .event anyedge, v0x5611063a7130_7995, v0x5611063a7130_7996, v0x5611063a7130_7997, v0x5611063a7130_7998;
v0x5611063a7130_7999 .array/port v0x5611063a7130, 7999;
v0x5611063a7130_8000 .array/port v0x5611063a7130, 8000;
v0x5611063a7130_8001 .array/port v0x5611063a7130, 8001;
v0x5611063a7130_8002 .array/port v0x5611063a7130, 8002;
E_0x56110637b490/2000 .event anyedge, v0x5611063a7130_7999, v0x5611063a7130_8000, v0x5611063a7130_8001, v0x5611063a7130_8002;
v0x5611063a7130_8003 .array/port v0x5611063a7130, 8003;
v0x5611063a7130_8004 .array/port v0x5611063a7130, 8004;
v0x5611063a7130_8005 .array/port v0x5611063a7130, 8005;
v0x5611063a7130_8006 .array/port v0x5611063a7130, 8006;
E_0x56110637b490/2001 .event anyedge, v0x5611063a7130_8003, v0x5611063a7130_8004, v0x5611063a7130_8005, v0x5611063a7130_8006;
v0x5611063a7130_8007 .array/port v0x5611063a7130, 8007;
v0x5611063a7130_8008 .array/port v0x5611063a7130, 8008;
v0x5611063a7130_8009 .array/port v0x5611063a7130, 8009;
v0x5611063a7130_8010 .array/port v0x5611063a7130, 8010;
E_0x56110637b490/2002 .event anyedge, v0x5611063a7130_8007, v0x5611063a7130_8008, v0x5611063a7130_8009, v0x5611063a7130_8010;
v0x5611063a7130_8011 .array/port v0x5611063a7130, 8011;
v0x5611063a7130_8012 .array/port v0x5611063a7130, 8012;
v0x5611063a7130_8013 .array/port v0x5611063a7130, 8013;
v0x5611063a7130_8014 .array/port v0x5611063a7130, 8014;
E_0x56110637b490/2003 .event anyedge, v0x5611063a7130_8011, v0x5611063a7130_8012, v0x5611063a7130_8013, v0x5611063a7130_8014;
v0x5611063a7130_8015 .array/port v0x5611063a7130, 8015;
v0x5611063a7130_8016 .array/port v0x5611063a7130, 8016;
v0x5611063a7130_8017 .array/port v0x5611063a7130, 8017;
v0x5611063a7130_8018 .array/port v0x5611063a7130, 8018;
E_0x56110637b490/2004 .event anyedge, v0x5611063a7130_8015, v0x5611063a7130_8016, v0x5611063a7130_8017, v0x5611063a7130_8018;
v0x5611063a7130_8019 .array/port v0x5611063a7130, 8019;
v0x5611063a7130_8020 .array/port v0x5611063a7130, 8020;
v0x5611063a7130_8021 .array/port v0x5611063a7130, 8021;
v0x5611063a7130_8022 .array/port v0x5611063a7130, 8022;
E_0x56110637b490/2005 .event anyedge, v0x5611063a7130_8019, v0x5611063a7130_8020, v0x5611063a7130_8021, v0x5611063a7130_8022;
v0x5611063a7130_8023 .array/port v0x5611063a7130, 8023;
v0x5611063a7130_8024 .array/port v0x5611063a7130, 8024;
v0x5611063a7130_8025 .array/port v0x5611063a7130, 8025;
v0x5611063a7130_8026 .array/port v0x5611063a7130, 8026;
E_0x56110637b490/2006 .event anyedge, v0x5611063a7130_8023, v0x5611063a7130_8024, v0x5611063a7130_8025, v0x5611063a7130_8026;
v0x5611063a7130_8027 .array/port v0x5611063a7130, 8027;
v0x5611063a7130_8028 .array/port v0x5611063a7130, 8028;
v0x5611063a7130_8029 .array/port v0x5611063a7130, 8029;
v0x5611063a7130_8030 .array/port v0x5611063a7130, 8030;
E_0x56110637b490/2007 .event anyedge, v0x5611063a7130_8027, v0x5611063a7130_8028, v0x5611063a7130_8029, v0x5611063a7130_8030;
v0x5611063a7130_8031 .array/port v0x5611063a7130, 8031;
v0x5611063a7130_8032 .array/port v0x5611063a7130, 8032;
v0x5611063a7130_8033 .array/port v0x5611063a7130, 8033;
v0x5611063a7130_8034 .array/port v0x5611063a7130, 8034;
E_0x56110637b490/2008 .event anyedge, v0x5611063a7130_8031, v0x5611063a7130_8032, v0x5611063a7130_8033, v0x5611063a7130_8034;
v0x5611063a7130_8035 .array/port v0x5611063a7130, 8035;
v0x5611063a7130_8036 .array/port v0x5611063a7130, 8036;
v0x5611063a7130_8037 .array/port v0x5611063a7130, 8037;
v0x5611063a7130_8038 .array/port v0x5611063a7130, 8038;
E_0x56110637b490/2009 .event anyedge, v0x5611063a7130_8035, v0x5611063a7130_8036, v0x5611063a7130_8037, v0x5611063a7130_8038;
v0x5611063a7130_8039 .array/port v0x5611063a7130, 8039;
v0x5611063a7130_8040 .array/port v0x5611063a7130, 8040;
v0x5611063a7130_8041 .array/port v0x5611063a7130, 8041;
v0x5611063a7130_8042 .array/port v0x5611063a7130, 8042;
E_0x56110637b490/2010 .event anyedge, v0x5611063a7130_8039, v0x5611063a7130_8040, v0x5611063a7130_8041, v0x5611063a7130_8042;
v0x5611063a7130_8043 .array/port v0x5611063a7130, 8043;
v0x5611063a7130_8044 .array/port v0x5611063a7130, 8044;
v0x5611063a7130_8045 .array/port v0x5611063a7130, 8045;
v0x5611063a7130_8046 .array/port v0x5611063a7130, 8046;
E_0x56110637b490/2011 .event anyedge, v0x5611063a7130_8043, v0x5611063a7130_8044, v0x5611063a7130_8045, v0x5611063a7130_8046;
v0x5611063a7130_8047 .array/port v0x5611063a7130, 8047;
v0x5611063a7130_8048 .array/port v0x5611063a7130, 8048;
v0x5611063a7130_8049 .array/port v0x5611063a7130, 8049;
v0x5611063a7130_8050 .array/port v0x5611063a7130, 8050;
E_0x56110637b490/2012 .event anyedge, v0x5611063a7130_8047, v0x5611063a7130_8048, v0x5611063a7130_8049, v0x5611063a7130_8050;
v0x5611063a7130_8051 .array/port v0x5611063a7130, 8051;
v0x5611063a7130_8052 .array/port v0x5611063a7130, 8052;
v0x5611063a7130_8053 .array/port v0x5611063a7130, 8053;
v0x5611063a7130_8054 .array/port v0x5611063a7130, 8054;
E_0x56110637b490/2013 .event anyedge, v0x5611063a7130_8051, v0x5611063a7130_8052, v0x5611063a7130_8053, v0x5611063a7130_8054;
v0x5611063a7130_8055 .array/port v0x5611063a7130, 8055;
v0x5611063a7130_8056 .array/port v0x5611063a7130, 8056;
v0x5611063a7130_8057 .array/port v0x5611063a7130, 8057;
v0x5611063a7130_8058 .array/port v0x5611063a7130, 8058;
E_0x56110637b490/2014 .event anyedge, v0x5611063a7130_8055, v0x5611063a7130_8056, v0x5611063a7130_8057, v0x5611063a7130_8058;
v0x5611063a7130_8059 .array/port v0x5611063a7130, 8059;
v0x5611063a7130_8060 .array/port v0x5611063a7130, 8060;
v0x5611063a7130_8061 .array/port v0x5611063a7130, 8061;
v0x5611063a7130_8062 .array/port v0x5611063a7130, 8062;
E_0x56110637b490/2015 .event anyedge, v0x5611063a7130_8059, v0x5611063a7130_8060, v0x5611063a7130_8061, v0x5611063a7130_8062;
v0x5611063a7130_8063 .array/port v0x5611063a7130, 8063;
v0x5611063a7130_8064 .array/port v0x5611063a7130, 8064;
v0x5611063a7130_8065 .array/port v0x5611063a7130, 8065;
v0x5611063a7130_8066 .array/port v0x5611063a7130, 8066;
E_0x56110637b490/2016 .event anyedge, v0x5611063a7130_8063, v0x5611063a7130_8064, v0x5611063a7130_8065, v0x5611063a7130_8066;
v0x5611063a7130_8067 .array/port v0x5611063a7130, 8067;
v0x5611063a7130_8068 .array/port v0x5611063a7130, 8068;
v0x5611063a7130_8069 .array/port v0x5611063a7130, 8069;
v0x5611063a7130_8070 .array/port v0x5611063a7130, 8070;
E_0x56110637b490/2017 .event anyedge, v0x5611063a7130_8067, v0x5611063a7130_8068, v0x5611063a7130_8069, v0x5611063a7130_8070;
v0x5611063a7130_8071 .array/port v0x5611063a7130, 8071;
v0x5611063a7130_8072 .array/port v0x5611063a7130, 8072;
v0x5611063a7130_8073 .array/port v0x5611063a7130, 8073;
v0x5611063a7130_8074 .array/port v0x5611063a7130, 8074;
E_0x56110637b490/2018 .event anyedge, v0x5611063a7130_8071, v0x5611063a7130_8072, v0x5611063a7130_8073, v0x5611063a7130_8074;
v0x5611063a7130_8075 .array/port v0x5611063a7130, 8075;
v0x5611063a7130_8076 .array/port v0x5611063a7130, 8076;
v0x5611063a7130_8077 .array/port v0x5611063a7130, 8077;
v0x5611063a7130_8078 .array/port v0x5611063a7130, 8078;
E_0x56110637b490/2019 .event anyedge, v0x5611063a7130_8075, v0x5611063a7130_8076, v0x5611063a7130_8077, v0x5611063a7130_8078;
v0x5611063a7130_8079 .array/port v0x5611063a7130, 8079;
v0x5611063a7130_8080 .array/port v0x5611063a7130, 8080;
v0x5611063a7130_8081 .array/port v0x5611063a7130, 8081;
v0x5611063a7130_8082 .array/port v0x5611063a7130, 8082;
E_0x56110637b490/2020 .event anyedge, v0x5611063a7130_8079, v0x5611063a7130_8080, v0x5611063a7130_8081, v0x5611063a7130_8082;
v0x5611063a7130_8083 .array/port v0x5611063a7130, 8083;
v0x5611063a7130_8084 .array/port v0x5611063a7130, 8084;
v0x5611063a7130_8085 .array/port v0x5611063a7130, 8085;
v0x5611063a7130_8086 .array/port v0x5611063a7130, 8086;
E_0x56110637b490/2021 .event anyedge, v0x5611063a7130_8083, v0x5611063a7130_8084, v0x5611063a7130_8085, v0x5611063a7130_8086;
v0x5611063a7130_8087 .array/port v0x5611063a7130, 8087;
v0x5611063a7130_8088 .array/port v0x5611063a7130, 8088;
v0x5611063a7130_8089 .array/port v0x5611063a7130, 8089;
v0x5611063a7130_8090 .array/port v0x5611063a7130, 8090;
E_0x56110637b490/2022 .event anyedge, v0x5611063a7130_8087, v0x5611063a7130_8088, v0x5611063a7130_8089, v0x5611063a7130_8090;
v0x5611063a7130_8091 .array/port v0x5611063a7130, 8091;
v0x5611063a7130_8092 .array/port v0x5611063a7130, 8092;
v0x5611063a7130_8093 .array/port v0x5611063a7130, 8093;
v0x5611063a7130_8094 .array/port v0x5611063a7130, 8094;
E_0x56110637b490/2023 .event anyedge, v0x5611063a7130_8091, v0x5611063a7130_8092, v0x5611063a7130_8093, v0x5611063a7130_8094;
v0x5611063a7130_8095 .array/port v0x5611063a7130, 8095;
v0x5611063a7130_8096 .array/port v0x5611063a7130, 8096;
v0x5611063a7130_8097 .array/port v0x5611063a7130, 8097;
v0x5611063a7130_8098 .array/port v0x5611063a7130, 8098;
E_0x56110637b490/2024 .event anyedge, v0x5611063a7130_8095, v0x5611063a7130_8096, v0x5611063a7130_8097, v0x5611063a7130_8098;
v0x5611063a7130_8099 .array/port v0x5611063a7130, 8099;
v0x5611063a7130_8100 .array/port v0x5611063a7130, 8100;
v0x5611063a7130_8101 .array/port v0x5611063a7130, 8101;
v0x5611063a7130_8102 .array/port v0x5611063a7130, 8102;
E_0x56110637b490/2025 .event anyedge, v0x5611063a7130_8099, v0x5611063a7130_8100, v0x5611063a7130_8101, v0x5611063a7130_8102;
v0x5611063a7130_8103 .array/port v0x5611063a7130, 8103;
v0x5611063a7130_8104 .array/port v0x5611063a7130, 8104;
v0x5611063a7130_8105 .array/port v0x5611063a7130, 8105;
v0x5611063a7130_8106 .array/port v0x5611063a7130, 8106;
E_0x56110637b490/2026 .event anyedge, v0x5611063a7130_8103, v0x5611063a7130_8104, v0x5611063a7130_8105, v0x5611063a7130_8106;
v0x5611063a7130_8107 .array/port v0x5611063a7130, 8107;
v0x5611063a7130_8108 .array/port v0x5611063a7130, 8108;
v0x5611063a7130_8109 .array/port v0x5611063a7130, 8109;
v0x5611063a7130_8110 .array/port v0x5611063a7130, 8110;
E_0x56110637b490/2027 .event anyedge, v0x5611063a7130_8107, v0x5611063a7130_8108, v0x5611063a7130_8109, v0x5611063a7130_8110;
v0x5611063a7130_8111 .array/port v0x5611063a7130, 8111;
v0x5611063a7130_8112 .array/port v0x5611063a7130, 8112;
v0x5611063a7130_8113 .array/port v0x5611063a7130, 8113;
v0x5611063a7130_8114 .array/port v0x5611063a7130, 8114;
E_0x56110637b490/2028 .event anyedge, v0x5611063a7130_8111, v0x5611063a7130_8112, v0x5611063a7130_8113, v0x5611063a7130_8114;
v0x5611063a7130_8115 .array/port v0x5611063a7130, 8115;
v0x5611063a7130_8116 .array/port v0x5611063a7130, 8116;
v0x5611063a7130_8117 .array/port v0x5611063a7130, 8117;
v0x5611063a7130_8118 .array/port v0x5611063a7130, 8118;
E_0x56110637b490/2029 .event anyedge, v0x5611063a7130_8115, v0x5611063a7130_8116, v0x5611063a7130_8117, v0x5611063a7130_8118;
v0x5611063a7130_8119 .array/port v0x5611063a7130, 8119;
v0x5611063a7130_8120 .array/port v0x5611063a7130, 8120;
v0x5611063a7130_8121 .array/port v0x5611063a7130, 8121;
v0x5611063a7130_8122 .array/port v0x5611063a7130, 8122;
E_0x56110637b490/2030 .event anyedge, v0x5611063a7130_8119, v0x5611063a7130_8120, v0x5611063a7130_8121, v0x5611063a7130_8122;
v0x5611063a7130_8123 .array/port v0x5611063a7130, 8123;
v0x5611063a7130_8124 .array/port v0x5611063a7130, 8124;
v0x5611063a7130_8125 .array/port v0x5611063a7130, 8125;
v0x5611063a7130_8126 .array/port v0x5611063a7130, 8126;
E_0x56110637b490/2031 .event anyedge, v0x5611063a7130_8123, v0x5611063a7130_8124, v0x5611063a7130_8125, v0x5611063a7130_8126;
v0x5611063a7130_8127 .array/port v0x5611063a7130, 8127;
v0x5611063a7130_8128 .array/port v0x5611063a7130, 8128;
v0x5611063a7130_8129 .array/port v0x5611063a7130, 8129;
v0x5611063a7130_8130 .array/port v0x5611063a7130, 8130;
E_0x56110637b490/2032 .event anyedge, v0x5611063a7130_8127, v0x5611063a7130_8128, v0x5611063a7130_8129, v0x5611063a7130_8130;
v0x5611063a7130_8131 .array/port v0x5611063a7130, 8131;
v0x5611063a7130_8132 .array/port v0x5611063a7130, 8132;
v0x5611063a7130_8133 .array/port v0x5611063a7130, 8133;
v0x5611063a7130_8134 .array/port v0x5611063a7130, 8134;
E_0x56110637b490/2033 .event anyedge, v0x5611063a7130_8131, v0x5611063a7130_8132, v0x5611063a7130_8133, v0x5611063a7130_8134;
v0x5611063a7130_8135 .array/port v0x5611063a7130, 8135;
v0x5611063a7130_8136 .array/port v0x5611063a7130, 8136;
v0x5611063a7130_8137 .array/port v0x5611063a7130, 8137;
v0x5611063a7130_8138 .array/port v0x5611063a7130, 8138;
E_0x56110637b490/2034 .event anyedge, v0x5611063a7130_8135, v0x5611063a7130_8136, v0x5611063a7130_8137, v0x5611063a7130_8138;
v0x5611063a7130_8139 .array/port v0x5611063a7130, 8139;
v0x5611063a7130_8140 .array/port v0x5611063a7130, 8140;
v0x5611063a7130_8141 .array/port v0x5611063a7130, 8141;
v0x5611063a7130_8142 .array/port v0x5611063a7130, 8142;
E_0x56110637b490/2035 .event anyedge, v0x5611063a7130_8139, v0x5611063a7130_8140, v0x5611063a7130_8141, v0x5611063a7130_8142;
v0x5611063a7130_8143 .array/port v0x5611063a7130, 8143;
v0x5611063a7130_8144 .array/port v0x5611063a7130, 8144;
v0x5611063a7130_8145 .array/port v0x5611063a7130, 8145;
v0x5611063a7130_8146 .array/port v0x5611063a7130, 8146;
E_0x56110637b490/2036 .event anyedge, v0x5611063a7130_8143, v0x5611063a7130_8144, v0x5611063a7130_8145, v0x5611063a7130_8146;
v0x5611063a7130_8147 .array/port v0x5611063a7130, 8147;
v0x5611063a7130_8148 .array/port v0x5611063a7130, 8148;
v0x5611063a7130_8149 .array/port v0x5611063a7130, 8149;
v0x5611063a7130_8150 .array/port v0x5611063a7130, 8150;
E_0x56110637b490/2037 .event anyedge, v0x5611063a7130_8147, v0x5611063a7130_8148, v0x5611063a7130_8149, v0x5611063a7130_8150;
v0x5611063a7130_8151 .array/port v0x5611063a7130, 8151;
v0x5611063a7130_8152 .array/port v0x5611063a7130, 8152;
v0x5611063a7130_8153 .array/port v0x5611063a7130, 8153;
v0x5611063a7130_8154 .array/port v0x5611063a7130, 8154;
E_0x56110637b490/2038 .event anyedge, v0x5611063a7130_8151, v0x5611063a7130_8152, v0x5611063a7130_8153, v0x5611063a7130_8154;
v0x5611063a7130_8155 .array/port v0x5611063a7130, 8155;
v0x5611063a7130_8156 .array/port v0x5611063a7130, 8156;
v0x5611063a7130_8157 .array/port v0x5611063a7130, 8157;
v0x5611063a7130_8158 .array/port v0x5611063a7130, 8158;
E_0x56110637b490/2039 .event anyedge, v0x5611063a7130_8155, v0x5611063a7130_8156, v0x5611063a7130_8157, v0x5611063a7130_8158;
v0x5611063a7130_8159 .array/port v0x5611063a7130, 8159;
v0x5611063a7130_8160 .array/port v0x5611063a7130, 8160;
v0x5611063a7130_8161 .array/port v0x5611063a7130, 8161;
v0x5611063a7130_8162 .array/port v0x5611063a7130, 8162;
E_0x56110637b490/2040 .event anyedge, v0x5611063a7130_8159, v0x5611063a7130_8160, v0x5611063a7130_8161, v0x5611063a7130_8162;
v0x5611063a7130_8163 .array/port v0x5611063a7130, 8163;
v0x5611063a7130_8164 .array/port v0x5611063a7130, 8164;
v0x5611063a7130_8165 .array/port v0x5611063a7130, 8165;
v0x5611063a7130_8166 .array/port v0x5611063a7130, 8166;
E_0x56110637b490/2041 .event anyedge, v0x5611063a7130_8163, v0x5611063a7130_8164, v0x5611063a7130_8165, v0x5611063a7130_8166;
v0x5611063a7130_8167 .array/port v0x5611063a7130, 8167;
v0x5611063a7130_8168 .array/port v0x5611063a7130, 8168;
v0x5611063a7130_8169 .array/port v0x5611063a7130, 8169;
v0x5611063a7130_8170 .array/port v0x5611063a7130, 8170;
E_0x56110637b490/2042 .event anyedge, v0x5611063a7130_8167, v0x5611063a7130_8168, v0x5611063a7130_8169, v0x5611063a7130_8170;
v0x5611063a7130_8171 .array/port v0x5611063a7130, 8171;
v0x5611063a7130_8172 .array/port v0x5611063a7130, 8172;
v0x5611063a7130_8173 .array/port v0x5611063a7130, 8173;
v0x5611063a7130_8174 .array/port v0x5611063a7130, 8174;
E_0x56110637b490/2043 .event anyedge, v0x5611063a7130_8171, v0x5611063a7130_8172, v0x5611063a7130_8173, v0x5611063a7130_8174;
v0x5611063a7130_8175 .array/port v0x5611063a7130, 8175;
v0x5611063a7130_8176 .array/port v0x5611063a7130, 8176;
v0x5611063a7130_8177 .array/port v0x5611063a7130, 8177;
v0x5611063a7130_8178 .array/port v0x5611063a7130, 8178;
E_0x56110637b490/2044 .event anyedge, v0x5611063a7130_8175, v0x5611063a7130_8176, v0x5611063a7130_8177, v0x5611063a7130_8178;
v0x5611063a7130_8179 .array/port v0x5611063a7130, 8179;
v0x5611063a7130_8180 .array/port v0x5611063a7130, 8180;
v0x5611063a7130_8181 .array/port v0x5611063a7130, 8181;
v0x5611063a7130_8182 .array/port v0x5611063a7130, 8182;
E_0x56110637b490/2045 .event anyedge, v0x5611063a7130_8179, v0x5611063a7130_8180, v0x5611063a7130_8181, v0x5611063a7130_8182;
v0x5611063a7130_8183 .array/port v0x5611063a7130, 8183;
v0x5611063a7130_8184 .array/port v0x5611063a7130, 8184;
v0x5611063a7130_8185 .array/port v0x5611063a7130, 8185;
v0x5611063a7130_8186 .array/port v0x5611063a7130, 8186;
E_0x56110637b490/2046 .event anyedge, v0x5611063a7130_8183, v0x5611063a7130_8184, v0x5611063a7130_8185, v0x5611063a7130_8186;
v0x5611063a7130_8187 .array/port v0x5611063a7130, 8187;
v0x5611063a7130_8188 .array/port v0x5611063a7130, 8188;
v0x5611063a7130_8189 .array/port v0x5611063a7130, 8189;
v0x5611063a7130_8190 .array/port v0x5611063a7130, 8190;
E_0x56110637b490/2047 .event anyedge, v0x5611063a7130_8187, v0x5611063a7130_8188, v0x5611063a7130_8189, v0x5611063a7130_8190;
v0x5611063a7130_8191 .array/port v0x5611063a7130, 8191;
E_0x56110637b490/2048 .event anyedge, v0x5611063a7130_8191, v0x5611063bb830_0;
E_0x56110637b490 .event/or E_0x56110637b490/0, E_0x56110637b490/1, E_0x56110637b490/2, E_0x56110637b490/3, E_0x56110637b490/4, E_0x56110637b490/5, E_0x56110637b490/6, E_0x56110637b490/7, E_0x56110637b490/8, E_0x56110637b490/9, E_0x56110637b490/10, E_0x56110637b490/11, E_0x56110637b490/12, E_0x56110637b490/13, E_0x56110637b490/14, E_0x56110637b490/15, E_0x56110637b490/16, E_0x56110637b490/17, E_0x56110637b490/18, E_0x56110637b490/19, E_0x56110637b490/20, E_0x56110637b490/21, E_0x56110637b490/22, E_0x56110637b490/23, E_0x56110637b490/24, E_0x56110637b490/25, E_0x56110637b490/26, E_0x56110637b490/27, E_0x56110637b490/28, E_0x56110637b490/29, E_0x56110637b490/30, E_0x56110637b490/31, E_0x56110637b490/32, E_0x56110637b490/33, E_0x56110637b490/34, E_0x56110637b490/35, E_0x56110637b490/36, E_0x56110637b490/37, E_0x56110637b490/38, E_0x56110637b490/39, E_0x56110637b490/40, E_0x56110637b490/41, E_0x56110637b490/42, E_0x56110637b490/43, E_0x56110637b490/44, E_0x56110637b490/45, E_0x56110637b490/46, E_0x56110637b490/47, E_0x56110637b490/48, E_0x56110637b490/49, E_0x56110637b490/50, E_0x56110637b490/51, E_0x56110637b490/52, E_0x56110637b490/53, E_0x56110637b490/54, E_0x56110637b490/55, E_0x56110637b490/56, E_0x56110637b490/57, E_0x56110637b490/58, E_0x56110637b490/59, E_0x56110637b490/60, E_0x56110637b490/61, E_0x56110637b490/62, E_0x56110637b490/63, E_0x56110637b490/64, E_0x56110637b490/65, E_0x56110637b490/66, E_0x56110637b490/67, E_0x56110637b490/68, E_0x56110637b490/69, E_0x56110637b490/70, E_0x56110637b490/71, E_0x56110637b490/72, E_0x56110637b490/73, E_0x56110637b490/74, E_0x56110637b490/75, E_0x56110637b490/76, E_0x56110637b490/77, E_0x56110637b490/78, E_0x56110637b490/79, E_0x56110637b490/80, E_0x56110637b490/81, E_0x56110637b490/82, E_0x56110637b490/83, E_0x56110637b490/84, E_0x56110637b490/85, E_0x56110637b490/86, E_0x56110637b490/87, E_0x56110637b490/88, E_0x56110637b490/89, E_0x56110637b490/90, E_0x56110637b490/91, E_0x56110637b490/92, E_0x56110637b490/93, E_0x56110637b490/94, E_0x56110637b490/95, E_0x56110637b490/96, E_0x56110637b490/97, E_0x56110637b490/98, E_0x56110637b490/99, E_0x56110637b490/100, E_0x56110637b490/101, E_0x56110637b490/102, E_0x56110637b490/103, E_0x56110637b490/104, E_0x56110637b490/105, E_0x56110637b490/106, E_0x56110637b490/107, E_0x56110637b490/108, E_0x56110637b490/109, E_0x56110637b490/110, E_0x56110637b490/111, E_0x56110637b490/112, E_0x56110637b490/113, E_0x56110637b490/114, E_0x56110637b490/115, E_0x56110637b490/116, E_0x56110637b490/117, E_0x56110637b490/118, E_0x56110637b490/119, E_0x56110637b490/120, E_0x56110637b490/121, E_0x56110637b490/122, E_0x56110637b490/123, E_0x56110637b490/124, E_0x56110637b490/125, E_0x56110637b490/126, E_0x56110637b490/127, E_0x56110637b490/128, E_0x56110637b490/129, E_0x56110637b490/130, E_0x56110637b490/131, E_0x56110637b490/132, E_0x56110637b490/133, E_0x56110637b490/134, E_0x56110637b490/135, E_0x56110637b490/136, E_0x56110637b490/137, E_0x56110637b490/138, E_0x56110637b490/139, E_0x56110637b490/140, E_0x56110637b490/141, E_0x56110637b490/142, E_0x56110637b490/143, E_0x56110637b490/144, E_0x56110637b490/145, E_0x56110637b490/146, E_0x56110637b490/147, E_0x56110637b490/148, E_0x56110637b490/149, E_0x56110637b490/150, E_0x56110637b490/151, E_0x56110637b490/152, E_0x56110637b490/153, E_0x56110637b490/154, E_0x56110637b490/155, E_0x56110637b490/156, E_0x56110637b490/157, E_0x56110637b490/158, E_0x56110637b490/159, E_0x56110637b490/160, E_0x56110637b490/161, E_0x56110637b490/162, E_0x56110637b490/163, E_0x56110637b490/164, E_0x56110637b490/165, E_0x56110637b490/166, E_0x56110637b490/167, E_0x56110637b490/168, E_0x56110637b490/169, E_0x56110637b490/170, E_0x56110637b490/171, E_0x56110637b490/172, E_0x56110637b490/173, E_0x56110637b490/174, E_0x56110637b490/175, E_0x56110637b490/176, E_0x56110637b490/177, E_0x56110637b490/178, E_0x56110637b490/179, E_0x56110637b490/180, E_0x56110637b490/181, E_0x56110637b490/182, E_0x56110637b490/183, E_0x56110637b490/184, E_0x56110637b490/185, E_0x56110637b490/186, E_0x56110637b490/187, E_0x56110637b490/188, E_0x56110637b490/189, E_0x56110637b490/190, E_0x56110637b490/191, E_0x56110637b490/192, E_0x56110637b490/193, E_0x56110637b490/194, E_0x56110637b490/195, E_0x56110637b490/196, E_0x56110637b490/197, E_0x56110637b490/198, E_0x56110637b490/199, E_0x56110637b490/200, E_0x56110637b490/201, E_0x56110637b490/202, E_0x56110637b490/203, E_0x56110637b490/204, E_0x56110637b490/205, E_0x56110637b490/206, E_0x56110637b490/207, E_0x56110637b490/208, E_0x56110637b490/209, E_0x56110637b490/210, E_0x56110637b490/211, E_0x56110637b490/212, E_0x56110637b490/213, E_0x56110637b490/214, E_0x56110637b490/215, E_0x56110637b490/216, E_0x56110637b490/217, E_0x56110637b490/218, E_0x56110637b490/219, E_0x56110637b490/220, E_0x56110637b490/221, E_0x56110637b490/222, E_0x56110637b490/223, E_0x56110637b490/224, E_0x56110637b490/225, E_0x56110637b490/226, E_0x56110637b490/227, E_0x56110637b490/228, E_0x56110637b490/229, E_0x56110637b490/230, E_0x56110637b490/231, E_0x56110637b490/232, E_0x56110637b490/233, E_0x56110637b490/234, E_0x56110637b490/235, E_0x56110637b490/236, E_0x56110637b490/237, E_0x56110637b490/238, E_0x56110637b490/239, E_0x56110637b490/240, E_0x56110637b490/241, E_0x56110637b490/242, E_0x56110637b490/243, E_0x56110637b490/244, E_0x56110637b490/245, E_0x56110637b490/246, E_0x56110637b490/247, E_0x56110637b490/248, E_0x56110637b490/249, E_0x56110637b490/250, E_0x56110637b490/251, E_0x56110637b490/252, E_0x56110637b490/253, E_0x56110637b490/254, E_0x56110637b490/255, E_0x56110637b490/256, E_0x56110637b490/257, E_0x56110637b490/258, E_0x56110637b490/259, E_0x56110637b490/260, E_0x56110637b490/261, E_0x56110637b490/262, E_0x56110637b490/263, E_0x56110637b490/264, E_0x56110637b490/265, E_0x56110637b490/266, E_0x56110637b490/267, E_0x56110637b490/268, E_0x56110637b490/269, E_0x56110637b490/270, E_0x56110637b490/271, E_0x56110637b490/272, E_0x56110637b490/273, E_0x56110637b490/274, E_0x56110637b490/275, E_0x56110637b490/276, E_0x56110637b490/277, E_0x56110637b490/278, E_0x56110637b490/279, E_0x56110637b490/280, E_0x56110637b490/281, E_0x56110637b490/282, E_0x56110637b490/283, E_0x56110637b490/284, E_0x56110637b490/285, E_0x56110637b490/286, E_0x56110637b490/287, E_0x56110637b490/288, E_0x56110637b490/289, E_0x56110637b490/290, E_0x56110637b490/291, E_0x56110637b490/292, E_0x56110637b490/293, E_0x56110637b490/294, E_0x56110637b490/295, E_0x56110637b490/296, E_0x56110637b490/297, E_0x56110637b490/298, E_0x56110637b490/299, E_0x56110637b490/300, E_0x56110637b490/301, E_0x56110637b490/302, E_0x56110637b490/303, E_0x56110637b490/304, E_0x56110637b490/305, E_0x56110637b490/306, E_0x56110637b490/307, E_0x56110637b490/308, E_0x56110637b490/309, E_0x56110637b490/310, E_0x56110637b490/311, E_0x56110637b490/312, E_0x56110637b490/313, E_0x56110637b490/314, E_0x56110637b490/315, E_0x56110637b490/316, E_0x56110637b490/317, E_0x56110637b490/318, E_0x56110637b490/319, E_0x56110637b490/320, E_0x56110637b490/321, E_0x56110637b490/322, E_0x56110637b490/323, E_0x56110637b490/324, E_0x56110637b490/325, E_0x56110637b490/326, E_0x56110637b490/327, E_0x56110637b490/328, E_0x56110637b490/329, E_0x56110637b490/330, E_0x56110637b490/331, E_0x56110637b490/332, E_0x56110637b490/333, E_0x56110637b490/334, E_0x56110637b490/335, E_0x56110637b490/336, E_0x56110637b490/337, E_0x56110637b490/338, E_0x56110637b490/339, E_0x56110637b490/340, E_0x56110637b490/341, E_0x56110637b490/342, E_0x56110637b490/343, E_0x56110637b490/344, E_0x56110637b490/345, E_0x56110637b490/346, E_0x56110637b490/347, E_0x56110637b490/348, E_0x56110637b490/349, E_0x56110637b490/350, E_0x56110637b490/351, E_0x56110637b490/352, E_0x56110637b490/353, E_0x56110637b490/354, E_0x56110637b490/355, E_0x56110637b490/356, E_0x56110637b490/357, E_0x56110637b490/358, E_0x56110637b490/359, E_0x56110637b490/360, E_0x56110637b490/361, E_0x56110637b490/362, E_0x56110637b490/363, E_0x56110637b490/364, E_0x56110637b490/365, E_0x56110637b490/366, E_0x56110637b490/367, E_0x56110637b490/368, E_0x56110637b490/369, E_0x56110637b490/370, E_0x56110637b490/371, E_0x56110637b490/372, E_0x56110637b490/373, E_0x56110637b490/374, E_0x56110637b490/375, E_0x56110637b490/376, E_0x56110637b490/377, E_0x56110637b490/378, E_0x56110637b490/379, E_0x56110637b490/380, E_0x56110637b490/381, E_0x56110637b490/382, E_0x56110637b490/383, E_0x56110637b490/384, E_0x56110637b490/385, E_0x56110637b490/386, E_0x56110637b490/387, E_0x56110637b490/388, E_0x56110637b490/389, E_0x56110637b490/390, E_0x56110637b490/391, E_0x56110637b490/392, E_0x56110637b490/393, E_0x56110637b490/394, E_0x56110637b490/395, E_0x56110637b490/396, E_0x56110637b490/397, E_0x56110637b490/398, E_0x56110637b490/399, E_0x56110637b490/400, E_0x56110637b490/401, E_0x56110637b490/402, E_0x56110637b490/403, E_0x56110637b490/404, E_0x56110637b490/405, E_0x56110637b490/406, E_0x56110637b490/407, E_0x56110637b490/408, E_0x56110637b490/409, E_0x56110637b490/410, E_0x56110637b490/411, E_0x56110637b490/412, E_0x56110637b490/413, E_0x56110637b490/414, E_0x56110637b490/415, E_0x56110637b490/416, E_0x56110637b490/417, E_0x56110637b490/418, E_0x56110637b490/419, E_0x56110637b490/420, E_0x56110637b490/421, E_0x56110637b490/422, E_0x56110637b490/423, E_0x56110637b490/424, E_0x56110637b490/425, E_0x56110637b490/426, E_0x56110637b490/427, E_0x56110637b490/428, E_0x56110637b490/429, E_0x56110637b490/430, E_0x56110637b490/431, E_0x56110637b490/432, E_0x56110637b490/433, E_0x56110637b490/434, E_0x56110637b490/435, E_0x56110637b490/436, E_0x56110637b490/437, E_0x56110637b490/438, E_0x56110637b490/439, E_0x56110637b490/440, E_0x56110637b490/441, E_0x56110637b490/442, E_0x56110637b490/443, E_0x56110637b490/444, E_0x56110637b490/445, E_0x56110637b490/446, E_0x56110637b490/447, E_0x56110637b490/448, E_0x56110637b490/449, E_0x56110637b490/450, E_0x56110637b490/451, E_0x56110637b490/452, E_0x56110637b490/453, E_0x56110637b490/454, E_0x56110637b490/455, E_0x56110637b490/456, E_0x56110637b490/457, E_0x56110637b490/458, E_0x56110637b490/459, E_0x56110637b490/460, E_0x56110637b490/461, E_0x56110637b490/462, E_0x56110637b490/463, E_0x56110637b490/464, E_0x56110637b490/465, E_0x56110637b490/466, E_0x56110637b490/467, E_0x56110637b490/468, E_0x56110637b490/469, E_0x56110637b490/470, E_0x56110637b490/471, E_0x56110637b490/472, E_0x56110637b490/473, E_0x56110637b490/474, E_0x56110637b490/475, E_0x56110637b490/476, E_0x56110637b490/477, E_0x56110637b490/478, E_0x56110637b490/479, E_0x56110637b490/480, E_0x56110637b490/481, E_0x56110637b490/482, E_0x56110637b490/483, E_0x56110637b490/484, E_0x56110637b490/485, E_0x56110637b490/486, E_0x56110637b490/487, E_0x56110637b490/488, E_0x56110637b490/489, E_0x56110637b490/490, E_0x56110637b490/491, E_0x56110637b490/492, E_0x56110637b490/493, E_0x56110637b490/494, E_0x56110637b490/495, E_0x56110637b490/496, E_0x56110637b490/497, E_0x56110637b490/498, E_0x56110637b490/499, E_0x56110637b490/500, E_0x56110637b490/501, E_0x56110637b490/502, E_0x56110637b490/503, E_0x56110637b490/504, E_0x56110637b490/505, E_0x56110637b490/506, E_0x56110637b490/507, E_0x56110637b490/508, E_0x56110637b490/509, E_0x56110637b490/510, E_0x56110637b490/511, E_0x56110637b490/512, E_0x56110637b490/513, E_0x56110637b490/514, E_0x56110637b490/515, E_0x56110637b490/516, E_0x56110637b490/517, E_0x56110637b490/518, E_0x56110637b490/519, E_0x56110637b490/520, E_0x56110637b490/521, E_0x56110637b490/522, E_0x56110637b490/523, E_0x56110637b490/524, E_0x56110637b490/525, E_0x56110637b490/526, E_0x56110637b490/527, E_0x56110637b490/528, E_0x56110637b490/529, E_0x56110637b490/530, E_0x56110637b490/531, E_0x56110637b490/532, E_0x56110637b490/533, E_0x56110637b490/534, E_0x56110637b490/535, E_0x56110637b490/536, E_0x56110637b490/537, E_0x56110637b490/538, E_0x56110637b490/539, E_0x56110637b490/540, E_0x56110637b490/541, E_0x56110637b490/542, E_0x56110637b490/543, E_0x56110637b490/544, E_0x56110637b490/545, E_0x56110637b490/546, E_0x56110637b490/547, E_0x56110637b490/548, E_0x56110637b490/549, E_0x56110637b490/550, E_0x56110637b490/551, E_0x56110637b490/552, E_0x56110637b490/553, E_0x56110637b490/554, E_0x56110637b490/555, E_0x56110637b490/556, E_0x56110637b490/557, E_0x56110637b490/558, E_0x56110637b490/559, E_0x56110637b490/560, E_0x56110637b490/561, E_0x56110637b490/562, E_0x56110637b490/563, E_0x56110637b490/564, E_0x56110637b490/565, E_0x56110637b490/566, E_0x56110637b490/567, E_0x56110637b490/568, E_0x56110637b490/569, E_0x56110637b490/570, E_0x56110637b490/571, E_0x56110637b490/572, E_0x56110637b490/573, E_0x56110637b490/574, E_0x56110637b490/575, E_0x56110637b490/576, E_0x56110637b490/577, E_0x56110637b490/578, E_0x56110637b490/579, E_0x56110637b490/580, E_0x56110637b490/581, E_0x56110637b490/582, E_0x56110637b490/583, E_0x56110637b490/584, E_0x56110637b490/585, E_0x56110637b490/586, E_0x56110637b490/587, E_0x56110637b490/588, E_0x56110637b490/589, E_0x56110637b490/590, E_0x56110637b490/591, E_0x56110637b490/592, E_0x56110637b490/593, E_0x56110637b490/594, E_0x56110637b490/595, E_0x56110637b490/596, E_0x56110637b490/597, E_0x56110637b490/598, E_0x56110637b490/599, E_0x56110637b490/600, E_0x56110637b490/601, E_0x56110637b490/602, E_0x56110637b490/603, E_0x56110637b490/604, E_0x56110637b490/605, E_0x56110637b490/606, E_0x56110637b490/607, E_0x56110637b490/608, E_0x56110637b490/609, E_0x56110637b490/610, E_0x56110637b490/611, E_0x56110637b490/612, E_0x56110637b490/613, E_0x56110637b490/614, E_0x56110637b490/615, E_0x56110637b490/616, E_0x56110637b490/617, E_0x56110637b490/618, E_0x56110637b490/619, E_0x56110637b490/620, E_0x56110637b490/621, E_0x56110637b490/622, E_0x56110637b490/623, E_0x56110637b490/624, E_0x56110637b490/625, E_0x56110637b490/626, E_0x56110637b490/627, E_0x56110637b490/628, E_0x56110637b490/629, E_0x56110637b490/630, E_0x56110637b490/631, E_0x56110637b490/632, E_0x56110637b490/633, E_0x56110637b490/634, E_0x56110637b490/635, E_0x56110637b490/636, E_0x56110637b490/637, E_0x56110637b490/638, E_0x56110637b490/639, E_0x56110637b490/640, E_0x56110637b490/641, E_0x56110637b490/642, E_0x56110637b490/643, E_0x56110637b490/644, E_0x56110637b490/645, E_0x56110637b490/646, E_0x56110637b490/647, E_0x56110637b490/648, E_0x56110637b490/649, E_0x56110637b490/650, E_0x56110637b490/651, E_0x56110637b490/652, E_0x56110637b490/653, E_0x56110637b490/654, E_0x56110637b490/655, E_0x56110637b490/656, E_0x56110637b490/657, E_0x56110637b490/658, E_0x56110637b490/659, E_0x56110637b490/660, E_0x56110637b490/661, E_0x56110637b490/662, E_0x56110637b490/663, E_0x56110637b490/664, E_0x56110637b490/665, E_0x56110637b490/666, E_0x56110637b490/667, E_0x56110637b490/668, E_0x56110637b490/669, E_0x56110637b490/670, E_0x56110637b490/671, E_0x56110637b490/672, E_0x56110637b490/673, E_0x56110637b490/674, E_0x56110637b490/675, E_0x56110637b490/676, E_0x56110637b490/677, E_0x56110637b490/678, E_0x56110637b490/679, E_0x56110637b490/680, E_0x56110637b490/681, E_0x56110637b490/682, E_0x56110637b490/683, E_0x56110637b490/684, E_0x56110637b490/685, E_0x56110637b490/686, E_0x56110637b490/687, E_0x56110637b490/688, E_0x56110637b490/689, E_0x56110637b490/690, E_0x56110637b490/691, E_0x56110637b490/692, E_0x56110637b490/693, E_0x56110637b490/694, E_0x56110637b490/695, E_0x56110637b490/696, E_0x56110637b490/697, E_0x56110637b490/698, E_0x56110637b490/699, E_0x56110637b490/700, E_0x56110637b490/701, E_0x56110637b490/702, E_0x56110637b490/703, E_0x56110637b490/704, E_0x56110637b490/705, E_0x56110637b490/706, E_0x56110637b490/707, E_0x56110637b490/708, E_0x56110637b490/709, E_0x56110637b490/710, E_0x56110637b490/711, E_0x56110637b490/712, E_0x56110637b490/713, E_0x56110637b490/714, E_0x56110637b490/715, E_0x56110637b490/716, E_0x56110637b490/717, E_0x56110637b490/718, E_0x56110637b490/719, E_0x56110637b490/720, E_0x56110637b490/721, E_0x56110637b490/722, E_0x56110637b490/723, E_0x56110637b490/724, E_0x56110637b490/725, E_0x56110637b490/726, E_0x56110637b490/727, E_0x56110637b490/728, E_0x56110637b490/729, E_0x56110637b490/730, E_0x56110637b490/731, E_0x56110637b490/732, E_0x56110637b490/733, E_0x56110637b490/734, E_0x56110637b490/735, E_0x56110637b490/736, E_0x56110637b490/737, E_0x56110637b490/738, E_0x56110637b490/739, E_0x56110637b490/740, E_0x56110637b490/741, E_0x56110637b490/742, E_0x56110637b490/743, E_0x56110637b490/744, E_0x56110637b490/745, E_0x56110637b490/746, E_0x56110637b490/747, E_0x56110637b490/748, E_0x56110637b490/749, E_0x56110637b490/750, E_0x56110637b490/751, E_0x56110637b490/752, E_0x56110637b490/753, E_0x56110637b490/754, E_0x56110637b490/755, E_0x56110637b490/756, E_0x56110637b490/757, E_0x56110637b490/758, E_0x56110637b490/759, E_0x56110637b490/760, E_0x56110637b490/761, E_0x56110637b490/762, E_0x56110637b490/763, E_0x56110637b490/764, E_0x56110637b490/765, E_0x56110637b490/766, E_0x56110637b490/767, E_0x56110637b490/768, E_0x56110637b490/769, E_0x56110637b490/770, E_0x56110637b490/771, E_0x56110637b490/772, E_0x56110637b490/773, E_0x56110637b490/774, E_0x56110637b490/775, E_0x56110637b490/776, E_0x56110637b490/777, E_0x56110637b490/778, E_0x56110637b490/779, E_0x56110637b490/780, E_0x56110637b490/781, E_0x56110637b490/782, E_0x56110637b490/783, E_0x56110637b490/784, E_0x56110637b490/785, E_0x56110637b490/786, E_0x56110637b490/787, E_0x56110637b490/788, E_0x56110637b490/789, E_0x56110637b490/790, E_0x56110637b490/791, E_0x56110637b490/792, E_0x56110637b490/793, E_0x56110637b490/794, E_0x56110637b490/795, E_0x56110637b490/796, E_0x56110637b490/797, E_0x56110637b490/798, E_0x56110637b490/799, E_0x56110637b490/800, E_0x56110637b490/801, E_0x56110637b490/802, E_0x56110637b490/803, E_0x56110637b490/804, E_0x56110637b490/805, E_0x56110637b490/806, E_0x56110637b490/807, E_0x56110637b490/808, E_0x56110637b490/809, E_0x56110637b490/810, E_0x56110637b490/811, E_0x56110637b490/812, E_0x56110637b490/813, E_0x56110637b490/814, E_0x56110637b490/815, E_0x56110637b490/816, E_0x56110637b490/817, E_0x56110637b490/818, E_0x56110637b490/819, E_0x56110637b490/820, E_0x56110637b490/821, E_0x56110637b490/822, E_0x56110637b490/823, E_0x56110637b490/824, E_0x56110637b490/825, E_0x56110637b490/826, E_0x56110637b490/827, E_0x56110637b490/828, E_0x56110637b490/829, E_0x56110637b490/830, E_0x56110637b490/831, E_0x56110637b490/832, E_0x56110637b490/833, E_0x56110637b490/834, E_0x56110637b490/835, E_0x56110637b490/836, E_0x56110637b490/837, E_0x56110637b490/838, E_0x56110637b490/839, E_0x56110637b490/840, E_0x56110637b490/841, E_0x56110637b490/842, E_0x56110637b490/843, E_0x56110637b490/844, E_0x56110637b490/845, E_0x56110637b490/846, E_0x56110637b490/847, E_0x56110637b490/848, E_0x56110637b490/849, E_0x56110637b490/850, E_0x56110637b490/851, E_0x56110637b490/852, E_0x56110637b490/853, E_0x56110637b490/854, E_0x56110637b490/855, E_0x56110637b490/856, E_0x56110637b490/857, E_0x56110637b490/858, E_0x56110637b490/859, E_0x56110637b490/860, E_0x56110637b490/861, E_0x56110637b490/862, E_0x56110637b490/863, E_0x56110637b490/864, E_0x56110637b490/865, E_0x56110637b490/866, E_0x56110637b490/867, E_0x56110637b490/868, E_0x56110637b490/869, E_0x56110637b490/870, E_0x56110637b490/871, E_0x56110637b490/872, E_0x56110637b490/873, E_0x56110637b490/874, E_0x56110637b490/875, E_0x56110637b490/876, E_0x56110637b490/877, E_0x56110637b490/878, E_0x56110637b490/879, E_0x56110637b490/880, E_0x56110637b490/881, E_0x56110637b490/882, E_0x56110637b490/883, E_0x56110637b490/884, E_0x56110637b490/885, E_0x56110637b490/886, E_0x56110637b490/887, E_0x56110637b490/888, E_0x56110637b490/889, E_0x56110637b490/890, E_0x56110637b490/891, E_0x56110637b490/892, E_0x56110637b490/893, E_0x56110637b490/894, E_0x56110637b490/895, E_0x56110637b490/896, E_0x56110637b490/897, E_0x56110637b490/898, E_0x56110637b490/899, E_0x56110637b490/900, E_0x56110637b490/901, E_0x56110637b490/902, E_0x56110637b490/903, E_0x56110637b490/904, E_0x56110637b490/905, E_0x56110637b490/906, E_0x56110637b490/907, E_0x56110637b490/908, E_0x56110637b490/909, E_0x56110637b490/910, E_0x56110637b490/911, E_0x56110637b490/912, E_0x56110637b490/913, E_0x56110637b490/914, E_0x56110637b490/915, E_0x56110637b490/916, E_0x56110637b490/917, E_0x56110637b490/918, E_0x56110637b490/919, E_0x56110637b490/920, E_0x56110637b490/921, E_0x56110637b490/922, E_0x56110637b490/923, E_0x56110637b490/924, E_0x56110637b490/925, E_0x56110637b490/926, E_0x56110637b490/927, E_0x56110637b490/928, E_0x56110637b490/929, E_0x56110637b490/930, E_0x56110637b490/931, E_0x56110637b490/932, E_0x56110637b490/933, E_0x56110637b490/934, E_0x56110637b490/935, E_0x56110637b490/936, E_0x56110637b490/937, E_0x56110637b490/938, E_0x56110637b490/939, E_0x56110637b490/940, E_0x56110637b490/941, E_0x56110637b490/942, E_0x56110637b490/943, E_0x56110637b490/944, E_0x56110637b490/945, E_0x56110637b490/946, E_0x56110637b490/947, E_0x56110637b490/948, E_0x56110637b490/949, E_0x56110637b490/950, E_0x56110637b490/951, E_0x56110637b490/952, E_0x56110637b490/953, E_0x56110637b490/954, E_0x56110637b490/955, E_0x56110637b490/956, E_0x56110637b490/957, E_0x56110637b490/958, E_0x56110637b490/959, E_0x56110637b490/960, E_0x56110637b490/961, E_0x56110637b490/962, E_0x56110637b490/963, E_0x56110637b490/964, E_0x56110637b490/965, E_0x56110637b490/966, E_0x56110637b490/967, E_0x56110637b490/968, E_0x56110637b490/969, E_0x56110637b490/970, E_0x56110637b490/971, E_0x56110637b490/972, E_0x56110637b490/973, E_0x56110637b490/974, E_0x56110637b490/975, E_0x56110637b490/976, E_0x56110637b490/977, E_0x56110637b490/978, E_0x56110637b490/979, E_0x56110637b490/980, E_0x56110637b490/981, E_0x56110637b490/982, E_0x56110637b490/983, E_0x56110637b490/984, E_0x56110637b490/985, E_0x56110637b490/986, E_0x56110637b490/987, E_0x56110637b490/988, E_0x56110637b490/989, E_0x56110637b490/990, E_0x56110637b490/991, E_0x56110637b490/992, E_0x56110637b490/993, E_0x56110637b490/994, E_0x56110637b490/995, E_0x56110637b490/996, E_0x56110637b490/997, E_0x56110637b490/998, E_0x56110637b490/999, E_0x56110637b490/1000, E_0x56110637b490/1001, E_0x56110637b490/1002, E_0x56110637b490/1003, E_0x56110637b490/1004, E_0x56110637b490/1005, E_0x56110637b490/1006, E_0x56110637b490/1007, E_0x56110637b490/1008, E_0x56110637b490/1009, E_0x56110637b490/1010, E_0x56110637b490/1011, E_0x56110637b490/1012, E_0x56110637b490/1013, E_0x56110637b490/1014, E_0x56110637b490/1015, E_0x56110637b490/1016, E_0x56110637b490/1017, E_0x56110637b490/1018, E_0x56110637b490/1019, E_0x56110637b490/1020, E_0x56110637b490/1021, E_0x56110637b490/1022, E_0x56110637b490/1023, E_0x56110637b490/1024, E_0x56110637b490/1025, E_0x56110637b490/1026, E_0x56110637b490/1027, E_0x56110637b490/1028, E_0x56110637b490/1029, E_0x56110637b490/1030, E_0x56110637b490/1031, E_0x56110637b490/1032, E_0x56110637b490/1033, E_0x56110637b490/1034, E_0x56110637b490/1035, E_0x56110637b490/1036, E_0x56110637b490/1037, E_0x56110637b490/1038, E_0x56110637b490/1039, E_0x56110637b490/1040, E_0x56110637b490/1041, E_0x56110637b490/1042, E_0x56110637b490/1043, E_0x56110637b490/1044, E_0x56110637b490/1045, E_0x56110637b490/1046, E_0x56110637b490/1047, E_0x56110637b490/1048, E_0x56110637b490/1049, E_0x56110637b490/1050, E_0x56110637b490/1051, E_0x56110637b490/1052, E_0x56110637b490/1053, E_0x56110637b490/1054, E_0x56110637b490/1055, E_0x56110637b490/1056, E_0x56110637b490/1057, E_0x56110637b490/1058, E_0x56110637b490/1059, E_0x56110637b490/1060, E_0x56110637b490/1061, E_0x56110637b490/1062, E_0x56110637b490/1063, E_0x56110637b490/1064, E_0x56110637b490/1065, E_0x56110637b490/1066, E_0x56110637b490/1067, E_0x56110637b490/1068, E_0x56110637b490/1069, E_0x56110637b490/1070, E_0x56110637b490/1071, E_0x56110637b490/1072, E_0x56110637b490/1073, E_0x56110637b490/1074, E_0x56110637b490/1075, E_0x56110637b490/1076, E_0x56110637b490/1077, E_0x56110637b490/1078, E_0x56110637b490/1079, E_0x56110637b490/1080, E_0x56110637b490/1081, E_0x56110637b490/1082, E_0x56110637b490/1083, E_0x56110637b490/1084, E_0x56110637b490/1085, E_0x56110637b490/1086, E_0x56110637b490/1087, E_0x56110637b490/1088, E_0x56110637b490/1089, E_0x56110637b490/1090, E_0x56110637b490/1091, E_0x56110637b490/1092, E_0x56110637b490/1093, E_0x56110637b490/1094, E_0x56110637b490/1095, E_0x56110637b490/1096, E_0x56110637b490/1097, E_0x56110637b490/1098, E_0x56110637b490/1099, E_0x56110637b490/1100, E_0x56110637b490/1101, E_0x56110637b490/1102, E_0x56110637b490/1103, E_0x56110637b490/1104, E_0x56110637b490/1105, E_0x56110637b490/1106, E_0x56110637b490/1107, E_0x56110637b490/1108, E_0x56110637b490/1109, E_0x56110637b490/1110, E_0x56110637b490/1111, E_0x56110637b490/1112, E_0x56110637b490/1113, E_0x56110637b490/1114, E_0x56110637b490/1115, E_0x56110637b490/1116, E_0x56110637b490/1117, E_0x56110637b490/1118, E_0x56110637b490/1119, E_0x56110637b490/1120, E_0x56110637b490/1121, E_0x56110637b490/1122, E_0x56110637b490/1123, E_0x56110637b490/1124, E_0x56110637b490/1125, E_0x56110637b490/1126, E_0x56110637b490/1127, E_0x56110637b490/1128, E_0x56110637b490/1129, E_0x56110637b490/1130, E_0x56110637b490/1131, E_0x56110637b490/1132, E_0x56110637b490/1133, E_0x56110637b490/1134, E_0x56110637b490/1135, E_0x56110637b490/1136, E_0x56110637b490/1137, E_0x56110637b490/1138, E_0x56110637b490/1139, E_0x56110637b490/1140, E_0x56110637b490/1141, E_0x56110637b490/1142, E_0x56110637b490/1143, E_0x56110637b490/1144, E_0x56110637b490/1145, E_0x56110637b490/1146, E_0x56110637b490/1147, E_0x56110637b490/1148, E_0x56110637b490/1149, E_0x56110637b490/1150, E_0x56110637b490/1151, E_0x56110637b490/1152, E_0x56110637b490/1153, E_0x56110637b490/1154, E_0x56110637b490/1155, E_0x56110637b490/1156, E_0x56110637b490/1157, E_0x56110637b490/1158, E_0x56110637b490/1159, E_0x56110637b490/1160, E_0x56110637b490/1161, E_0x56110637b490/1162, E_0x56110637b490/1163, E_0x56110637b490/1164, E_0x56110637b490/1165, E_0x56110637b490/1166, E_0x56110637b490/1167, E_0x56110637b490/1168, E_0x56110637b490/1169, E_0x56110637b490/1170, E_0x56110637b490/1171, E_0x56110637b490/1172, E_0x56110637b490/1173, E_0x56110637b490/1174, E_0x56110637b490/1175, E_0x56110637b490/1176, E_0x56110637b490/1177, E_0x56110637b490/1178, E_0x56110637b490/1179, E_0x56110637b490/1180, E_0x56110637b490/1181, E_0x56110637b490/1182, E_0x56110637b490/1183, E_0x56110637b490/1184, E_0x56110637b490/1185, E_0x56110637b490/1186, E_0x56110637b490/1187, E_0x56110637b490/1188, E_0x56110637b490/1189, E_0x56110637b490/1190, E_0x56110637b490/1191, E_0x56110637b490/1192, E_0x56110637b490/1193, E_0x56110637b490/1194, E_0x56110637b490/1195, E_0x56110637b490/1196, E_0x56110637b490/1197, E_0x56110637b490/1198, E_0x56110637b490/1199, E_0x56110637b490/1200, E_0x56110637b490/1201, E_0x56110637b490/1202, E_0x56110637b490/1203, E_0x56110637b490/1204, E_0x56110637b490/1205, E_0x56110637b490/1206, E_0x56110637b490/1207, E_0x56110637b490/1208, E_0x56110637b490/1209, E_0x56110637b490/1210, E_0x56110637b490/1211, E_0x56110637b490/1212, E_0x56110637b490/1213, E_0x56110637b490/1214, E_0x56110637b490/1215, E_0x56110637b490/1216, E_0x56110637b490/1217, E_0x56110637b490/1218, E_0x56110637b490/1219, E_0x56110637b490/1220, E_0x56110637b490/1221, E_0x56110637b490/1222, E_0x56110637b490/1223, E_0x56110637b490/1224, E_0x56110637b490/1225, E_0x56110637b490/1226, E_0x56110637b490/1227, E_0x56110637b490/1228, E_0x56110637b490/1229, E_0x56110637b490/1230, E_0x56110637b490/1231, E_0x56110637b490/1232, E_0x56110637b490/1233, E_0x56110637b490/1234, E_0x56110637b490/1235, E_0x56110637b490/1236, E_0x56110637b490/1237, E_0x56110637b490/1238, E_0x56110637b490/1239, E_0x56110637b490/1240, E_0x56110637b490/1241, E_0x56110637b490/1242, E_0x56110637b490/1243, E_0x56110637b490/1244, E_0x56110637b490/1245, E_0x56110637b490/1246, E_0x56110637b490/1247, E_0x56110637b490/1248, E_0x56110637b490/1249, E_0x56110637b490/1250, E_0x56110637b490/1251, E_0x56110637b490/1252, E_0x56110637b490/1253, E_0x56110637b490/1254, E_0x56110637b490/1255, E_0x56110637b490/1256, E_0x56110637b490/1257, E_0x56110637b490/1258, E_0x56110637b490/1259, E_0x56110637b490/1260, E_0x56110637b490/1261, E_0x56110637b490/1262, E_0x56110637b490/1263, E_0x56110637b490/1264, E_0x56110637b490/1265, E_0x56110637b490/1266, E_0x56110637b490/1267, E_0x56110637b490/1268, E_0x56110637b490/1269, E_0x56110637b490/1270, E_0x56110637b490/1271, E_0x56110637b490/1272, E_0x56110637b490/1273, E_0x56110637b490/1274, E_0x56110637b490/1275, E_0x56110637b490/1276, E_0x56110637b490/1277, E_0x56110637b490/1278, E_0x56110637b490/1279, E_0x56110637b490/1280, E_0x56110637b490/1281, E_0x56110637b490/1282, E_0x56110637b490/1283, E_0x56110637b490/1284, E_0x56110637b490/1285, E_0x56110637b490/1286, E_0x56110637b490/1287, E_0x56110637b490/1288, E_0x56110637b490/1289, E_0x56110637b490/1290, E_0x56110637b490/1291, E_0x56110637b490/1292, E_0x56110637b490/1293, E_0x56110637b490/1294, E_0x56110637b490/1295, E_0x56110637b490/1296, E_0x56110637b490/1297, E_0x56110637b490/1298, E_0x56110637b490/1299, E_0x56110637b490/1300, E_0x56110637b490/1301, E_0x56110637b490/1302, E_0x56110637b490/1303, E_0x56110637b490/1304, E_0x56110637b490/1305, E_0x56110637b490/1306, E_0x56110637b490/1307, E_0x56110637b490/1308, E_0x56110637b490/1309, E_0x56110637b490/1310, E_0x56110637b490/1311, E_0x56110637b490/1312, E_0x56110637b490/1313, E_0x56110637b490/1314, E_0x56110637b490/1315, E_0x56110637b490/1316, E_0x56110637b490/1317, E_0x56110637b490/1318, E_0x56110637b490/1319, E_0x56110637b490/1320, E_0x56110637b490/1321, E_0x56110637b490/1322, E_0x56110637b490/1323, E_0x56110637b490/1324, E_0x56110637b490/1325, E_0x56110637b490/1326, E_0x56110637b490/1327, E_0x56110637b490/1328, E_0x56110637b490/1329, E_0x56110637b490/1330, E_0x56110637b490/1331, E_0x56110637b490/1332, E_0x56110637b490/1333, E_0x56110637b490/1334, E_0x56110637b490/1335, E_0x56110637b490/1336, E_0x56110637b490/1337, E_0x56110637b490/1338, E_0x56110637b490/1339, E_0x56110637b490/1340, E_0x56110637b490/1341, E_0x56110637b490/1342, E_0x56110637b490/1343, E_0x56110637b490/1344, E_0x56110637b490/1345, E_0x56110637b490/1346, E_0x56110637b490/1347, E_0x56110637b490/1348, E_0x56110637b490/1349, E_0x56110637b490/1350, E_0x56110637b490/1351, E_0x56110637b490/1352, E_0x56110637b490/1353, E_0x56110637b490/1354, E_0x56110637b490/1355, E_0x56110637b490/1356, E_0x56110637b490/1357, E_0x56110637b490/1358, E_0x56110637b490/1359, E_0x56110637b490/1360, E_0x56110637b490/1361, E_0x56110637b490/1362, E_0x56110637b490/1363, E_0x56110637b490/1364, E_0x56110637b490/1365, E_0x56110637b490/1366, E_0x56110637b490/1367, E_0x56110637b490/1368, E_0x56110637b490/1369, E_0x56110637b490/1370, E_0x56110637b490/1371, E_0x56110637b490/1372, E_0x56110637b490/1373, E_0x56110637b490/1374, E_0x56110637b490/1375, E_0x56110637b490/1376, E_0x56110637b490/1377, E_0x56110637b490/1378, E_0x56110637b490/1379, E_0x56110637b490/1380, E_0x56110637b490/1381, E_0x56110637b490/1382, E_0x56110637b490/1383, E_0x56110637b490/1384, E_0x56110637b490/1385, E_0x56110637b490/1386, E_0x56110637b490/1387, E_0x56110637b490/1388, E_0x56110637b490/1389, E_0x56110637b490/1390, E_0x56110637b490/1391, E_0x56110637b490/1392, E_0x56110637b490/1393, E_0x56110637b490/1394, E_0x56110637b490/1395, E_0x56110637b490/1396, E_0x56110637b490/1397, E_0x56110637b490/1398, E_0x56110637b490/1399, E_0x56110637b490/1400, E_0x56110637b490/1401, E_0x56110637b490/1402, E_0x56110637b490/1403, E_0x56110637b490/1404, E_0x56110637b490/1405, E_0x56110637b490/1406, E_0x56110637b490/1407, E_0x56110637b490/1408, E_0x56110637b490/1409, E_0x56110637b490/1410, E_0x56110637b490/1411, E_0x56110637b490/1412, E_0x56110637b490/1413, E_0x56110637b490/1414, E_0x56110637b490/1415, E_0x56110637b490/1416, E_0x56110637b490/1417, E_0x56110637b490/1418, E_0x56110637b490/1419, E_0x56110637b490/1420, E_0x56110637b490/1421, E_0x56110637b490/1422, E_0x56110637b490/1423, E_0x56110637b490/1424, E_0x56110637b490/1425, E_0x56110637b490/1426, E_0x56110637b490/1427, E_0x56110637b490/1428, E_0x56110637b490/1429, E_0x56110637b490/1430, E_0x56110637b490/1431, E_0x56110637b490/1432, E_0x56110637b490/1433, E_0x56110637b490/1434, E_0x56110637b490/1435, E_0x56110637b490/1436, E_0x56110637b490/1437, E_0x56110637b490/1438, E_0x56110637b490/1439, E_0x56110637b490/1440, E_0x56110637b490/1441, E_0x56110637b490/1442, E_0x56110637b490/1443, E_0x56110637b490/1444, E_0x56110637b490/1445, E_0x56110637b490/1446, E_0x56110637b490/1447, E_0x56110637b490/1448, E_0x56110637b490/1449, E_0x56110637b490/1450, E_0x56110637b490/1451, E_0x56110637b490/1452, E_0x56110637b490/1453, E_0x56110637b490/1454, E_0x56110637b490/1455, E_0x56110637b490/1456, E_0x56110637b490/1457, E_0x56110637b490/1458, E_0x56110637b490/1459, E_0x56110637b490/1460, E_0x56110637b490/1461, E_0x56110637b490/1462, E_0x56110637b490/1463, E_0x56110637b490/1464, E_0x56110637b490/1465, E_0x56110637b490/1466, E_0x56110637b490/1467, E_0x56110637b490/1468, E_0x56110637b490/1469, E_0x56110637b490/1470, E_0x56110637b490/1471, E_0x56110637b490/1472, E_0x56110637b490/1473, E_0x56110637b490/1474, E_0x56110637b490/1475, E_0x56110637b490/1476, E_0x56110637b490/1477, E_0x56110637b490/1478, E_0x56110637b490/1479, E_0x56110637b490/1480, E_0x56110637b490/1481, E_0x56110637b490/1482, E_0x56110637b490/1483, E_0x56110637b490/1484, E_0x56110637b490/1485, E_0x56110637b490/1486, E_0x56110637b490/1487, E_0x56110637b490/1488, E_0x56110637b490/1489, E_0x56110637b490/1490, E_0x56110637b490/1491, E_0x56110637b490/1492, E_0x56110637b490/1493, E_0x56110637b490/1494, E_0x56110637b490/1495, E_0x56110637b490/1496, E_0x56110637b490/1497, E_0x56110637b490/1498, E_0x56110637b490/1499, E_0x56110637b490/1500, E_0x56110637b490/1501, E_0x56110637b490/1502, E_0x56110637b490/1503, E_0x56110637b490/1504, E_0x56110637b490/1505, E_0x56110637b490/1506, E_0x56110637b490/1507, E_0x56110637b490/1508, E_0x56110637b490/1509, E_0x56110637b490/1510, E_0x56110637b490/1511, E_0x56110637b490/1512, E_0x56110637b490/1513, E_0x56110637b490/1514, E_0x56110637b490/1515, E_0x56110637b490/1516, E_0x56110637b490/1517, E_0x56110637b490/1518, E_0x56110637b490/1519, E_0x56110637b490/1520, E_0x56110637b490/1521, E_0x56110637b490/1522, E_0x56110637b490/1523, E_0x56110637b490/1524, E_0x56110637b490/1525, E_0x56110637b490/1526, E_0x56110637b490/1527, E_0x56110637b490/1528, E_0x56110637b490/1529, E_0x56110637b490/1530, E_0x56110637b490/1531, E_0x56110637b490/1532, E_0x56110637b490/1533, E_0x56110637b490/1534, E_0x56110637b490/1535, E_0x56110637b490/1536, E_0x56110637b490/1537, E_0x56110637b490/1538, E_0x56110637b490/1539, E_0x56110637b490/1540, E_0x56110637b490/1541, E_0x56110637b490/1542, E_0x56110637b490/1543, E_0x56110637b490/1544, E_0x56110637b490/1545, E_0x56110637b490/1546, E_0x56110637b490/1547, E_0x56110637b490/1548, E_0x56110637b490/1549, E_0x56110637b490/1550, E_0x56110637b490/1551, E_0x56110637b490/1552, E_0x56110637b490/1553, E_0x56110637b490/1554, E_0x56110637b490/1555, E_0x56110637b490/1556, E_0x56110637b490/1557, E_0x56110637b490/1558, E_0x56110637b490/1559, E_0x56110637b490/1560, E_0x56110637b490/1561, E_0x56110637b490/1562, E_0x56110637b490/1563, E_0x56110637b490/1564, E_0x56110637b490/1565, E_0x56110637b490/1566, E_0x56110637b490/1567, E_0x56110637b490/1568, E_0x56110637b490/1569, E_0x56110637b490/1570, E_0x56110637b490/1571, E_0x56110637b490/1572, E_0x56110637b490/1573, E_0x56110637b490/1574, E_0x56110637b490/1575, E_0x56110637b490/1576, E_0x56110637b490/1577, E_0x56110637b490/1578, E_0x56110637b490/1579, E_0x56110637b490/1580, E_0x56110637b490/1581, E_0x56110637b490/1582, E_0x56110637b490/1583, E_0x56110637b490/1584, E_0x56110637b490/1585, E_0x56110637b490/1586, E_0x56110637b490/1587, E_0x56110637b490/1588, E_0x56110637b490/1589, E_0x56110637b490/1590, E_0x56110637b490/1591, E_0x56110637b490/1592, E_0x56110637b490/1593, E_0x56110637b490/1594, E_0x56110637b490/1595, E_0x56110637b490/1596, E_0x56110637b490/1597, E_0x56110637b490/1598, E_0x56110637b490/1599, E_0x56110637b490/1600, E_0x56110637b490/1601, E_0x56110637b490/1602, E_0x56110637b490/1603, E_0x56110637b490/1604, E_0x56110637b490/1605, E_0x56110637b490/1606, E_0x56110637b490/1607, E_0x56110637b490/1608, E_0x56110637b490/1609, E_0x56110637b490/1610, E_0x56110637b490/1611, E_0x56110637b490/1612, E_0x56110637b490/1613, E_0x56110637b490/1614, E_0x56110637b490/1615, E_0x56110637b490/1616, E_0x56110637b490/1617, E_0x56110637b490/1618, E_0x56110637b490/1619, E_0x56110637b490/1620, E_0x56110637b490/1621, E_0x56110637b490/1622, E_0x56110637b490/1623, E_0x56110637b490/1624, E_0x56110637b490/1625, E_0x56110637b490/1626, E_0x56110637b490/1627, E_0x56110637b490/1628, E_0x56110637b490/1629, E_0x56110637b490/1630, E_0x56110637b490/1631, E_0x56110637b490/1632, E_0x56110637b490/1633, E_0x56110637b490/1634, E_0x56110637b490/1635, E_0x56110637b490/1636, E_0x56110637b490/1637, E_0x56110637b490/1638, E_0x56110637b490/1639, E_0x56110637b490/1640, E_0x56110637b490/1641, E_0x56110637b490/1642, E_0x56110637b490/1643, E_0x56110637b490/1644, E_0x56110637b490/1645, E_0x56110637b490/1646, E_0x56110637b490/1647, E_0x56110637b490/1648, E_0x56110637b490/1649, E_0x56110637b490/1650, E_0x56110637b490/1651, E_0x56110637b490/1652, E_0x56110637b490/1653, E_0x56110637b490/1654, E_0x56110637b490/1655, E_0x56110637b490/1656, E_0x56110637b490/1657, E_0x56110637b490/1658, E_0x56110637b490/1659, E_0x56110637b490/1660, E_0x56110637b490/1661, E_0x56110637b490/1662, E_0x56110637b490/1663, E_0x56110637b490/1664, E_0x56110637b490/1665, E_0x56110637b490/1666, E_0x56110637b490/1667, E_0x56110637b490/1668, E_0x56110637b490/1669, E_0x56110637b490/1670, E_0x56110637b490/1671, E_0x56110637b490/1672, E_0x56110637b490/1673, E_0x56110637b490/1674, E_0x56110637b490/1675, E_0x56110637b490/1676, E_0x56110637b490/1677, E_0x56110637b490/1678, E_0x56110637b490/1679, E_0x56110637b490/1680, E_0x56110637b490/1681, E_0x56110637b490/1682, E_0x56110637b490/1683, E_0x56110637b490/1684, E_0x56110637b490/1685, E_0x56110637b490/1686, E_0x56110637b490/1687, E_0x56110637b490/1688, E_0x56110637b490/1689, E_0x56110637b490/1690, E_0x56110637b490/1691, E_0x56110637b490/1692, E_0x56110637b490/1693, E_0x56110637b490/1694, E_0x56110637b490/1695, E_0x56110637b490/1696, E_0x56110637b490/1697, E_0x56110637b490/1698, E_0x56110637b490/1699, E_0x56110637b490/1700, E_0x56110637b490/1701, E_0x56110637b490/1702, E_0x56110637b490/1703, E_0x56110637b490/1704, E_0x56110637b490/1705, E_0x56110637b490/1706, E_0x56110637b490/1707, E_0x56110637b490/1708, E_0x56110637b490/1709, E_0x56110637b490/1710, E_0x56110637b490/1711, E_0x56110637b490/1712, E_0x56110637b490/1713, E_0x56110637b490/1714, E_0x56110637b490/1715, E_0x56110637b490/1716, E_0x56110637b490/1717, E_0x56110637b490/1718, E_0x56110637b490/1719, E_0x56110637b490/1720, E_0x56110637b490/1721, E_0x56110637b490/1722, E_0x56110637b490/1723, E_0x56110637b490/1724, E_0x56110637b490/1725, E_0x56110637b490/1726, E_0x56110637b490/1727, E_0x56110637b490/1728, E_0x56110637b490/1729, E_0x56110637b490/1730, E_0x56110637b490/1731, E_0x56110637b490/1732, E_0x56110637b490/1733, E_0x56110637b490/1734, E_0x56110637b490/1735, E_0x56110637b490/1736, E_0x56110637b490/1737, E_0x56110637b490/1738, E_0x56110637b490/1739, E_0x56110637b490/1740, E_0x56110637b490/1741, E_0x56110637b490/1742, E_0x56110637b490/1743, E_0x56110637b490/1744, E_0x56110637b490/1745, E_0x56110637b490/1746, E_0x56110637b490/1747, E_0x56110637b490/1748, E_0x56110637b490/1749, E_0x56110637b490/1750, E_0x56110637b490/1751, E_0x56110637b490/1752, E_0x56110637b490/1753, E_0x56110637b490/1754, E_0x56110637b490/1755, E_0x56110637b490/1756, E_0x56110637b490/1757, E_0x56110637b490/1758, E_0x56110637b490/1759, E_0x56110637b490/1760, E_0x56110637b490/1761, E_0x56110637b490/1762, E_0x56110637b490/1763, E_0x56110637b490/1764, E_0x56110637b490/1765, E_0x56110637b490/1766, E_0x56110637b490/1767, E_0x56110637b490/1768, E_0x56110637b490/1769, E_0x56110637b490/1770, E_0x56110637b490/1771, E_0x56110637b490/1772, E_0x56110637b490/1773, E_0x56110637b490/1774, E_0x56110637b490/1775, E_0x56110637b490/1776, E_0x56110637b490/1777, E_0x56110637b490/1778, E_0x56110637b490/1779, E_0x56110637b490/1780, E_0x56110637b490/1781, E_0x56110637b490/1782, E_0x56110637b490/1783, E_0x56110637b490/1784, E_0x56110637b490/1785, E_0x56110637b490/1786, E_0x56110637b490/1787, E_0x56110637b490/1788, E_0x56110637b490/1789, E_0x56110637b490/1790, E_0x56110637b490/1791, E_0x56110637b490/1792, E_0x56110637b490/1793, E_0x56110637b490/1794, E_0x56110637b490/1795, E_0x56110637b490/1796, E_0x56110637b490/1797, E_0x56110637b490/1798, E_0x56110637b490/1799, E_0x56110637b490/1800, E_0x56110637b490/1801, E_0x56110637b490/1802, E_0x56110637b490/1803, E_0x56110637b490/1804, E_0x56110637b490/1805, E_0x56110637b490/1806, E_0x56110637b490/1807, E_0x56110637b490/1808, E_0x56110637b490/1809, E_0x56110637b490/1810, E_0x56110637b490/1811, E_0x56110637b490/1812, E_0x56110637b490/1813, E_0x56110637b490/1814, E_0x56110637b490/1815, E_0x56110637b490/1816, E_0x56110637b490/1817, E_0x56110637b490/1818, E_0x56110637b490/1819, E_0x56110637b490/1820, E_0x56110637b490/1821, E_0x56110637b490/1822, E_0x56110637b490/1823, E_0x56110637b490/1824, E_0x56110637b490/1825, E_0x56110637b490/1826, E_0x56110637b490/1827, E_0x56110637b490/1828, E_0x56110637b490/1829, E_0x56110637b490/1830, E_0x56110637b490/1831, E_0x56110637b490/1832, E_0x56110637b490/1833, E_0x56110637b490/1834, E_0x56110637b490/1835, E_0x56110637b490/1836, E_0x56110637b490/1837, E_0x56110637b490/1838, E_0x56110637b490/1839, E_0x56110637b490/1840, E_0x56110637b490/1841, E_0x56110637b490/1842, E_0x56110637b490/1843, E_0x56110637b490/1844, E_0x56110637b490/1845, E_0x56110637b490/1846, E_0x56110637b490/1847, E_0x56110637b490/1848, E_0x56110637b490/1849, E_0x56110637b490/1850, E_0x56110637b490/1851, E_0x56110637b490/1852, E_0x56110637b490/1853, E_0x56110637b490/1854, E_0x56110637b490/1855, E_0x56110637b490/1856, E_0x56110637b490/1857, E_0x56110637b490/1858, E_0x56110637b490/1859, E_0x56110637b490/1860, E_0x56110637b490/1861, E_0x56110637b490/1862, E_0x56110637b490/1863, E_0x56110637b490/1864, E_0x56110637b490/1865, E_0x56110637b490/1866, E_0x56110637b490/1867, E_0x56110637b490/1868, E_0x56110637b490/1869, E_0x56110637b490/1870, E_0x56110637b490/1871, E_0x56110637b490/1872, E_0x56110637b490/1873, E_0x56110637b490/1874, E_0x56110637b490/1875, E_0x56110637b490/1876, E_0x56110637b490/1877, E_0x56110637b490/1878, E_0x56110637b490/1879, E_0x56110637b490/1880, E_0x56110637b490/1881, E_0x56110637b490/1882, E_0x56110637b490/1883, E_0x56110637b490/1884, E_0x56110637b490/1885, E_0x56110637b490/1886, E_0x56110637b490/1887, E_0x56110637b490/1888, E_0x56110637b490/1889, E_0x56110637b490/1890, E_0x56110637b490/1891, E_0x56110637b490/1892, E_0x56110637b490/1893, E_0x56110637b490/1894, E_0x56110637b490/1895, E_0x56110637b490/1896, E_0x56110637b490/1897, E_0x56110637b490/1898, E_0x56110637b490/1899, E_0x56110637b490/1900, E_0x56110637b490/1901, E_0x56110637b490/1902, E_0x56110637b490/1903, E_0x56110637b490/1904, E_0x56110637b490/1905, E_0x56110637b490/1906, E_0x56110637b490/1907, E_0x56110637b490/1908, E_0x56110637b490/1909, E_0x56110637b490/1910, E_0x56110637b490/1911, E_0x56110637b490/1912, E_0x56110637b490/1913, E_0x56110637b490/1914, E_0x56110637b490/1915, E_0x56110637b490/1916, E_0x56110637b490/1917, E_0x56110637b490/1918, E_0x56110637b490/1919, E_0x56110637b490/1920, E_0x56110637b490/1921, E_0x56110637b490/1922, E_0x56110637b490/1923, E_0x56110637b490/1924, E_0x56110637b490/1925, E_0x56110637b490/1926, E_0x56110637b490/1927, E_0x56110637b490/1928, E_0x56110637b490/1929, E_0x56110637b490/1930, E_0x56110637b490/1931, E_0x56110637b490/1932, E_0x56110637b490/1933, E_0x56110637b490/1934, E_0x56110637b490/1935, E_0x56110637b490/1936, E_0x56110637b490/1937, E_0x56110637b490/1938, E_0x56110637b490/1939, E_0x56110637b490/1940, E_0x56110637b490/1941, E_0x56110637b490/1942, E_0x56110637b490/1943, E_0x56110637b490/1944, E_0x56110637b490/1945, E_0x56110637b490/1946, E_0x56110637b490/1947, E_0x56110637b490/1948, E_0x56110637b490/1949, E_0x56110637b490/1950, E_0x56110637b490/1951, E_0x56110637b490/1952, E_0x56110637b490/1953, E_0x56110637b490/1954, E_0x56110637b490/1955, E_0x56110637b490/1956, E_0x56110637b490/1957, E_0x56110637b490/1958, E_0x56110637b490/1959, E_0x56110637b490/1960, E_0x56110637b490/1961, E_0x56110637b490/1962, E_0x56110637b490/1963, E_0x56110637b490/1964, E_0x56110637b490/1965, E_0x56110637b490/1966, E_0x56110637b490/1967, E_0x56110637b490/1968, E_0x56110637b490/1969, E_0x56110637b490/1970, E_0x56110637b490/1971, E_0x56110637b490/1972, E_0x56110637b490/1973, E_0x56110637b490/1974, E_0x56110637b490/1975, E_0x56110637b490/1976, E_0x56110637b490/1977, E_0x56110637b490/1978, E_0x56110637b490/1979, E_0x56110637b490/1980, E_0x56110637b490/1981, E_0x56110637b490/1982, E_0x56110637b490/1983, E_0x56110637b490/1984, E_0x56110637b490/1985, E_0x56110637b490/1986, E_0x56110637b490/1987, E_0x56110637b490/1988, E_0x56110637b490/1989, E_0x56110637b490/1990, E_0x56110637b490/1991, E_0x56110637b490/1992, E_0x56110637b490/1993, E_0x56110637b490/1994, E_0x56110637b490/1995, E_0x56110637b490/1996, E_0x56110637b490/1997, E_0x56110637b490/1998, E_0x56110637b490/1999, E_0x56110637b490/2000, E_0x56110637b490/2001, E_0x56110637b490/2002, E_0x56110637b490/2003, E_0x56110637b490/2004, E_0x56110637b490/2005, E_0x56110637b490/2006, E_0x56110637b490/2007, E_0x56110637b490/2008, E_0x56110637b490/2009, E_0x56110637b490/2010, E_0x56110637b490/2011, E_0x56110637b490/2012, E_0x56110637b490/2013, E_0x56110637b490/2014, E_0x56110637b490/2015, E_0x56110637b490/2016, E_0x56110637b490/2017, E_0x56110637b490/2018, E_0x56110637b490/2019, E_0x56110637b490/2020, E_0x56110637b490/2021, E_0x56110637b490/2022, E_0x56110637b490/2023, E_0x56110637b490/2024, E_0x56110637b490/2025, E_0x56110637b490/2026, E_0x56110637b490/2027, E_0x56110637b490/2028, E_0x56110637b490/2029, E_0x56110637b490/2030, E_0x56110637b490/2031, E_0x56110637b490/2032, E_0x56110637b490/2033, E_0x56110637b490/2034, E_0x56110637b490/2035, E_0x56110637b490/2036, E_0x56110637b490/2037, E_0x56110637b490/2038, E_0x56110637b490/2039, E_0x56110637b490/2040, E_0x56110637b490/2041, E_0x56110637b490/2042, E_0x56110637b490/2043, E_0x56110637b490/2044, E_0x56110637b490/2045, E_0x56110637b490/2046, E_0x56110637b490/2047, E_0x56110637b490/2048;
S_0x56110654d950 .scope module, "rf" "RF" 3 152, 7 3 0, S_0x561106388d30;
 .timescale -9 -10;
    .port_info 0 /INPUT 1 "clk";
    .port_info 1 /INPUT 1 "rst";
    .port_info 2 /INPUT 5 "rd_addr1";
    .port_info 3 /INPUT 5 "rd_addr2";
    .port_info 4 /OUTPUT 32 "rd_data1";
    .port_info 5 /OUTPUT 32 "rd_data2";
    .port_info 6 /INPUT 1 "RegWrite";
    .port_info 7 /INPUT 5 "wr_addr";
    .port_info 8 /INPUT 32 "wr_data";
v0x56110654dd90_0 .net "RegWrite", 0 0, v0x5611063ac760_0;  alias, 1 drivers
v0x56110654de50_0 .net "clk", 0 0, v0x561106551030_0;  alias, 1 drivers
v0x56110654def0_0 .net "rd_addr1", 4 0, L_0x561106562160;  alias, 1 drivers
v0x56110654df90_0 .net "rd_addr2", 4 0, L_0x5611064db380;  alias, 1 drivers
v0x56110654e050_0 .var "rd_data1", 31 0;
v0x56110654e180_0 .var "rd_data2", 31 0;
v0x56110654e260 .array "register_file", 31 0, 31 0;
v0x56110654e720_0 .net "rst", 0 0, v0x561106551440_0;  alias, 1 drivers
v0x56110654e7c0_0 .net "wr_addr", 4 0, v0x561106550d50_0;  1 drivers
v0x56110654e910_0 .net "wr_data", 31 0, v0x561106550e20_0;  1 drivers
v0x56110654e260_0 .array/port v0x56110654e260, 0;
v0x56110654e260_1 .array/port v0x56110654e260, 1;
v0x56110654e260_2 .array/port v0x56110654e260, 2;
E_0x56110654dc10/0 .event anyedge, v0x56110654def0_0, v0x56110654e260_0, v0x56110654e260_1, v0x56110654e260_2;
v0x56110654e260_3 .array/port v0x56110654e260, 3;
v0x56110654e260_4 .array/port v0x56110654e260, 4;
v0x56110654e260_5 .array/port v0x56110654e260, 5;
v0x56110654e260_6 .array/port v0x56110654e260, 6;
E_0x56110654dc10/1 .event anyedge, v0x56110654e260_3, v0x56110654e260_4, v0x56110654e260_5, v0x56110654e260_6;
v0x56110654e260_7 .array/port v0x56110654e260, 7;
v0x56110654e260_8 .array/port v0x56110654e260, 8;
v0x56110654e260_9 .array/port v0x56110654e260, 9;
v0x56110654e260_10 .array/port v0x56110654e260, 10;
E_0x56110654dc10/2 .event anyedge, v0x56110654e260_7, v0x56110654e260_8, v0x56110654e260_9, v0x56110654e260_10;
v0x56110654e260_11 .array/port v0x56110654e260, 11;
v0x56110654e260_12 .array/port v0x56110654e260, 12;
v0x56110654e260_13 .array/port v0x56110654e260, 13;
v0x56110654e260_14 .array/port v0x56110654e260, 14;
E_0x56110654dc10/3 .event anyedge, v0x56110654e260_11, v0x56110654e260_12, v0x56110654e260_13, v0x56110654e260_14;
v0x56110654e260_15 .array/port v0x56110654e260, 15;
v0x56110654e260_16 .array/port v0x56110654e260, 16;
v0x56110654e260_17 .array/port v0x56110654e260, 17;
v0x56110654e260_18 .array/port v0x56110654e260, 18;
E_0x56110654dc10/4 .event anyedge, v0x56110654e260_15, v0x56110654e260_16, v0x56110654e260_17, v0x56110654e260_18;
v0x56110654e260_19 .array/port v0x56110654e260, 19;
v0x56110654e260_20 .array/port v0x56110654e260, 20;
v0x56110654e260_21 .array/port v0x56110654e260, 21;
v0x56110654e260_22 .array/port v0x56110654e260, 22;
E_0x56110654dc10/5 .event anyedge, v0x56110654e260_19, v0x56110654e260_20, v0x56110654e260_21, v0x56110654e260_22;
v0x56110654e260_23 .array/port v0x56110654e260, 23;
v0x56110654e260_24 .array/port v0x56110654e260, 24;
v0x56110654e260_25 .array/port v0x56110654e260, 25;
v0x56110654e260_26 .array/port v0x56110654e260, 26;
E_0x56110654dc10/6 .event anyedge, v0x56110654e260_23, v0x56110654e260_24, v0x56110654e260_25, v0x56110654e260_26;
v0x56110654e260_27 .array/port v0x56110654e260, 27;
v0x56110654e260_28 .array/port v0x56110654e260, 28;
v0x56110654e260_29 .array/port v0x56110654e260, 29;
v0x56110654e260_30 .array/port v0x56110654e260, 30;
E_0x56110654dc10/7 .event anyedge, v0x56110654e260_27, v0x56110654e260_28, v0x56110654e260_29, v0x56110654e260_30;
v0x56110654e260_31 .array/port v0x56110654e260, 31;
E_0x56110654dc10/8 .event anyedge, v0x56110654e260_31, v0x56110654df90_0;
E_0x56110654dc10 .event/or E_0x56110654dc10/0, E_0x56110654dc10/1, E_0x56110654dc10/2, E_0x56110654dc10/3, E_0x56110654dc10/4, E_0x56110654dc10/5, E_0x56110654dc10/6, E_0x56110654dc10/7, E_0x56110654dc10/8;
    .scope S_0x56110638d260;
T_0 ;
    %wait E_0x5611063a7db0;
    %load/vec4 v0x5611063aca80_0;
    %pad/u 32;
    %pushi/vec4 0, 0, 32;
    %cmp/e;
    %flag_get/vec4 4;
    %store/vec4 v0x5611063577e0_0, 0, 1;
    %load/vec4 v0x5611063aca80_0;
    %pad/u 32;
    %cmpi/ne 0, 0, 32;
    %flag_get/vec4 4;
    %jmp/0 T_0.1, 4;
    %load/vec4 v0x5611063aca80_0;
    %pushi/vec4 4, 0, 6;
    %cmp/ne;
    %flag_get/vec4 4;
    %and;
T_0.1;
    %flag_set/vec4 8;
    %flag_get/vec4 8;
    %jmp/0 T_0.0, 8;
    %load/vec4 v0x5611063aca80_0;
    %pushi/vec4 5, 0, 6;
    %cmp/ne;
    %flag_get/vec4 4;
    %and;
T_0.0;
    %store/vec4 v0x5611063965e0_0, 0, 1;
    %load/vec4 v0x5611063aca80_0;
    %pushi/vec4 35, 0, 6;
    %cmp/e;
    %flag_get/vec4 4;
    %store/vec4 v0x561106357720_0, 0, 1;
    %load/vec4 v0x5611063aca80_0;
    %cmpi/ne 43, 0, 6;
    %flag_get/vec4 4;
    %jmp/0 T_0.5, 4;
    %load/vec4 v0x5611063aca80_0;
    %pushi/vec4 4, 0, 6;
    %cmp/ne;
    %flag_get/vec4 4;
    %and;
T_0.5;
    %flag_set/vec4 10;
    %flag_get/vec4 10;
    %jmp/0 T_0.4, 10;
    %load/vec4 v0x5611063aca80_0;
    %pushi/vec4 5, 0, 6;
    %cmp/ne;
    %flag_get/vec4 4;
    %and;
T_0.4;
    %flag_set/vec4 9;
    %flag_get/vec4 9;
    %jmp/0 T_0.3, 9;
    %load/vec4 v0x5611063aca80_0;
    %pushi/vec4 2, 0, 6;
    %cmp/ne;
    %flag_get/vec4 4;
    %and;
T_0.3;
    %flag_set/vec4 8;
    %flag_get/vec4 8;
    %jmp/0 T_0.2, 8;
    %load/vec4 v0x5611063aca80_0;
    %pad/u 32;
    %cmpi/e 0, 0, 32;
    %flag_get/vec4 4;
    %jmp/0 T_0.6, 4;
    %load/vec4 v0x5611063ac9a0_0;
    %pushi/vec4 8, 0, 6;
    %cmp/e;
    %flag_get/vec4 4;
    %and;
T_0.6;
    %nor/r;
    %and;
T_0.2;
    %store/vec4 v0x5611063ac760_0, 0, 1;
    %load/vec4 v0x5611063aca80_0;
    %pushi/vec4 35, 0, 6;
    %cmp/e;
    %flag_get/vec4 4;
    %store/vec4 v0x5611063575a0_0, 0, 1;
    %load/vec4 v0x5611063aca80_0;
    %pushi/vec4 43, 0, 6;
    %cmp/e;
    %flag_get/vec4 4;
    %store/vec4 v0x561106357660_0, 0, 1;
    %load/vec4 v0x5611063aca80_0;
    %cmpi/e 2, 0, 6;
    %jmp/1 T_0.8, 4;
    %flag_mov 8, 4;
    %load/vec4 v0x5611063aca80_0;
    %cmpi/e 3, 0, 6;
    %flag_or 4, 8;
T_0.8;
    %flag_get/vec4 4;
    %jmp/1 T_0.7, 4;
    %load/vec4 v0x5611063aca80_0;
    %pad/u 32;
    %cmpi/e 0, 0, 32;
    %flag_get/vec4 4;
    %jmp/0 T_0.9, 4;
    %load/vec4 v0x5611063ac9a0_0;
    %pushi/vec4 8, 0, 6;
    %cmp/e;
    %flag_get/vec4 4;
    %and;
T_0.9;
    %or;
T_0.7;
    %store/vec4 v0x561106357490_0, 0, 1;
    %load/vec4 v0x5611063aca80_0;
    %cmpi/e 4, 0, 6;
    %flag_get/vec4 4;
    %jmp/1 T_0.10, 4;
    %load/vec4 v0x5611063aca80_0;
    %pushi/vec4 5, 0, 6;
    %cmp/e;
    %flag_get/vec4 4;
    %or;
T_0.10;
    %store/vec4 v0x5611063966a0_0, 0, 1;
    %load/vec4 v0x5611063aca80_0;
    %pad/u 32;
    %cmpi/e 0, 0, 32;
    %flag_get/vec4 4;
    %jmp/0 T_0.11, 4;
    %load/vec4 v0x5611063ac9a0_0;
    %pushi/vec4 8, 0, 6;
    %cmp/e;
    %flag_get/vec4 4;
    %and;
T_0.11;
    %store/vec4 v0x561106396740_0, 0, 1;
    %load/vec4 v0x5611063aca80_0;
    %cmpi/ne 12, 0, 6;
    %flag_get/vec4 4;
    %jmp/0 T_0.13, 4;
    %load/vec4 v0x5611063aca80_0;
    %pushi/vec4 13, 0, 6;
    %cmp/ne;
    %flag_get/vec4 4;
    %and;
T_0.13;
    %flag_set/vec4 8;
    %flag_get/vec4 8;
    %jmp/0 T_0.12, 8;
    %load/vec4 v0x5611063aca80_0;
    %pushi/vec4 14, 0, 6;
    %cmp/ne;
    %flag_get/vec4 4;
    %and;
T_0.12;
    %store/vec4 v0x5611063ac8e0_0, 0, 1;
    %load/vec4 v0x5611063aca80_0;
    %pushi/vec4 3, 0, 6;
    %cmp/e;
    %flag_get/vec4 4;
    %store/vec4 v0x5611063ac820_0, 0, 1;
    %load/vec4 v0x5611063aca80_0;
    %pad/u 32;
    %cmpi/e 0, 0, 32;
    %jmp/0xz  T_0.14, 4;
    %load/vec4 v0x5611063ac9a0_0;
    %dup/vec4;
    %pushi/vec4 0, 0, 6;
    %cmp/u;
    %jmp/1 T_0.16, 6;
    %dup/vec4;
    %pushi/vec4 2, 0, 6;
    %cmp/u;
    %jmp/1 T_0.17, 6;
    %dup/vec4;
    %pushi/vec4 3, 0, 6;
    %cmp/u;
    %jmp/1 T_0.18, 6;
    %dup/vec4;
    %pushi/vec4 33, 0, 6;
    %cmp/u;
    %jmp/1 T_0.19, 6;
    %dup/vec4;
    %pushi/vec4 35, 0, 6;
    %cmp/u;
    %jmp/1 T_0.20, 6;
    %dup/vec4;
    %pushi/vec4 36, 0, 6;
    %cmp/u;
    %jmp/1 T_0.21, 6;
    %dup/vec4;
    %pushi/vec4 37, 0, 6;
    %cmp/u;
    %jmp/1 T_0.22, 6;
    %dup/vec4;
    %pushi/vec4 38, 0, 6;
    %cmp/u;
    %jmp/1 T_0.23, 6;
    %dup/vec4;
    %pushi/vec4 39, 0, 6;
    %cmp/u;
    %jmp/1 T_0.24, 6;
    %dup/vec4;
    %pushi/vec4 42, 0, 6;
    %cmp/u;
    %jmp/1 T_0.25, 6;
    %dup/vec4;
    %pushi/vec4 43, 0, 6;
    %cmp/u;
    %jmp/1 T_0.26, 6;
    %jmp T_0.27;
T_0.16 ;
    %pushi/vec4 4, 0, 4;
    %store/vec4 v0x561106396500_0, 0, 4;
    %jmp T_0.27;
T_0.17 ;
    %pushi/vec4 6, 0, 4;
    %store/vec4 v0x561106396500_0, 0, 4;
    %jmp T_0.27;
T_0.18 ;
    %pushi/vec4 5, 0, 4;
    %store/vec4 v0x561106396500_0, 0, 4;
    %jmp T_0.27;
T_0.19 ;
    %pushi/vec4 0, 0, 4;
    %store/vec4 v0x561106396500_0, 0, 4;
    %jmp T_0.27;
T_0.20 ;
    %pushi/vec4 7, 0, 4;
    %store/vec4 v0x561106396500_0, 0, 4;
    %jmp T_0.27;
T_0.21 ;
    %pushi/vec4 1, 0, 4;
    %store/vec4 v0x561106396500_0, 0, 4;
    %jmp T_0.27;
T_0.22 ;
    %pushi/vec4 3, 0, 4;
    %store/vec4 v0x561106396500_0, 0, 4;
    %jmp T_0.27;
T_0.23 ;
    %pushi/vec4 8, 0, 4;
    %store/vec4 v0x561106396500_0, 0, 4;
    %jmp T_0.27;
T_0.24 ;
    %pushi/vec4 2, 0, 4;
    %store/vec4 v0x561106396500_0, 0, 4;
    %jmp T_0.27;
T_0.25 ;
    %pushi/vec4 9, 0, 4;
    %store/vec4 v0x561106396500_0, 0, 4;
    %jmp T_0.27;
T_0.26 ;
    %pushi/vec4 10, 0, 4;
    %store/vec4 v0x561106396500_0, 0, 4;
    %jmp T_0.27;
T_0.27 ;
    %pop/vec4 1;
    %jmp T_0.15;
T_0.14 ;
    %load/vec4 v0x5611063aca80_0;
    %dup/vec4;
    %pushi/vec4 4, 0, 6;
    %cmp/u;
    %jmp/1 T_0.28, 6;
    %dup/vec4;
    %pushi/vec4 5, 0, 6;
    %cmp/u;
    %jmp/1 T_0.29, 6;
    %dup/vec4;
    %pushi/vec4 9, 0, 6;
    %cmp/u;
    %jmp/1 T_0.30, 6;
    %dup/vec4;
    %pushi/vec4 10, 0, 6;
    %cmp/u;
    %jmp/1 T_0.31, 6;
    %dup/vec4;
    %pushi/vec4 11, 0, 6;
    %cmp/u;
    %jmp/1 T_0.32, 6;
    %dup/vec4;
    %pushi/vec4 12, 0, 6;
    %cmp/u;
    %jmp/1 T_0.33, 6;
    %dup/vec4;
    %pushi/vec4 13, 0, 6;
    %cmp/u;
    %jmp/1 T_0.34, 6;
    %dup/vec4;
    %pushi/vec4 14, 0, 6;
    %cmp/u;
    %jmp/1 T_0.35, 6;
    %dup/vec4;
    %pushi/vec4 15, 0, 6;
    %cmp/u;
    %jmp/1 T_0.36, 6;
    %dup/vec4;
    %pushi/vec4 35, 0, 6;
    %cmp/u;
    %jmp/1 T_0.37, 6;
    %dup/vec4;
    %pushi/vec4 43, 0, 6;
    %cmp/u;
    %jmp/1 T_0.38, 6;
    %jmp T_0.39;
T_0.28 ;
    %pushi/vec4 11, 0, 4;
    %store/vec4 v0x561106396500_0, 0, 4;
    %jmp T_0.39;
T_0.29 ;
    %pushi/vec4 12, 0, 4;
    %store/vec4 v0x561106396500_0, 0, 4;
    %jmp T_0.39;
T_0.30 ;
    %pushi/vec4 0, 0, 4;
    %store/vec4 v0x561106396500_0, 0, 4;
    %jmp T_0.39;
T_0.31 ;
    %pushi/vec4 9, 0, 4;
    %store/vec4 v0x561106396500_0, 0, 4;
    %jmp T_0.39;
T_0.32 ;
    %pushi/vec4 10, 0, 4;
    %store/vec4 v0x561106396500_0, 0, 4;
    %jmp T_0.39;
T_0.33 ;
    %pushi/vec4 1, 0, 4;
    %store/vec4 v0x561106396500_0, 0, 4;
    %jmp T_0.39;
T_0.34 ;
    %pushi/vec4 3, 0, 4;
    %store/vec4 v0x561106396500_0, 0, 4;
    %jmp T_0.39;
T_0.35 ;
    %pushi/vec4 8, 0, 4;
    %store/vec4 v0x561106396500_0, 0, 4;
    %jmp T_0.39;
T_0.36 ;
    %pushi/vec4 13, 0, 4;
    %store/vec4 v0x561106396500_0, 0, 4;
    %jmp T_0.39;
T_0.37 ;
    %pushi/vec4 0, 0, 4;
    %store/vec4 v0x561106396500_0, 0, 4;
    %jmp T_0.39;
T_0.38 ;
    %pushi/vec4 0, 0, 4;
    %store/vec4 v0x561106396500_0, 0, 4;
    %jmp T_0.39;
T_0.39 ;
    %pop/vec4 1;
T_0.15 ;
    %jmp T_0;
    .thread T_0, $push;
    .scope S_0x56110654d950;
T_1 ;
    %wait E_0x56110654dc10;
    %load/vec4 v0x56110654def0_0;
    %pad/u 7;
    %ix/vec4 4;
    %load/vec4a v0x56110654e260, 4;
    %store/vec4 v0x56110654e050_0, 0, 32;
    %load/vec4 v0x56110654df90_0;
    %pad/u 7;
    %ix/vec4 4;
    %load/vec4a v0x56110654e260, 4;
    %store/vec4 v0x56110654e180_0, 0, 32;
    %jmp T_1;
    .thread T_1, $push;
    .scope S_0x56110654d950;
T_2 ;
    %wait E_0x5611063a8220;
    %load/vec4 v0x56110654e720_0;
    %flag_set/vec4 8;
    %jmp/0xz  T_2.0, 8;
    %vpi_call 7 40 "$readmemh", "initial_reg.mem", v0x56110654e260 {0 0 0};
    %jmp T_2.1;
T_2.0 ;
    %load/vec4 v0x56110654dd90_0;
    %flag_set/vec4 8;
    %jmp/0xz  T_2.2, 8;
    %load/vec4 v0x56110654e910_0;
    %load/vec4 v0x56110654e7c0_0;
    %pad/u 7;
    %ix/vec4 3;
    %ix/load 4, 0, 0; Constant delay
    %assign/vec4/a/d v0x56110654e260, 0, 4;
T_2.2 ;
T_2.1 ;
    %jmp T_2;
    .thread T_2;
    .scope S_0x5611063b7510;
T_3 ;
    %vpi_call 6 19 "$readmemh", "initial_mem.mem", v0x5611063a7130 {0 0 0};
    %end;
    .thread T_3;
    .scope S_0x5611063b7510;
T_4 ;
    %wait E_0x56110637b490;
    %load/vec4 v0x5611063bb750_0;
    %ix/load 5, 2, 0;
    %flag_set/imm 4, 0;
    %shiftr 5;
    %ix/vec4 4;
    %load/vec4a v0x5611063a7130, 4;
    %store/vec4 v0x5611063bb690_0, 0, 32;
    %load/vec4 v0x5611063bb830_0;
    %ix/load 5, 2, 0;
    %flag_set/imm 4, 0;
    %shiftr 5;
    %ix/vec4 4;
    %load/vec4a v0x5611063a7130, 4;
    %store/vec4 v0x5611063bb910_0, 0, 32;
    %jmp T_4;
    .thread T_4, $push;
    .scope S_0x5611063b7510;
T_5 ;
    %wait E_0x5611063a8220;
    %load/vec4 v0x56110654d700_0;
    %nor/r;
    %flag_set/vec4 8;
    %jmp/0xz  T_5.0, 8;
    %load/vec4 v0x5611063b77e0_0;
    %flag_set/vec4 8;
    %jmp/0xz  T_5.2, 8;
    %load/vec4 v0x5611063bb9f0_0;
    %load/vec4 v0x5611063bb830_0;
    %ix/load 4, 2, 0;
    %flag_set/imm 4, 0;
    %shiftr 4;
    %ix/vec4 3;
    %ix/load 4, 0, 0; Constant delay
    %assign/vec4/a/d v0x5611063a7130, 0, 4;
T_5.2 ;
T_5.0 ;
    %jmp T_5;
    .thread T_5;
    .scope S_0x5611063888f0;
T_6 ;
    %wait E_0x5611063a7900;
    %pushi/vec4 0, 0, 32;
    %store/vec4 v0x5611064db4a0_0, 0, 32;
    %load/vec4 v0x5611063c60d0_0;
    %dup/vec4;
    %pushi/vec4 0, 0, 4;
    %cmp/u;
    %jmp/1 T_6.0, 6;
    %dup/vec4;
    %pushi/vec4 1, 0, 4;
    %cmp/u;
    %jmp/1 T_6.1, 6;
    %dup/vec4;
    %pushi/vec4 2, 0, 4;
    %cmp/u;
    %jmp/1 T_6.2, 6;
    %dup/vec4;
    %pushi/vec4 3, 0, 4;
    %cmp/u;
    %jmp/1 T_6.3, 6;
    %dup/vec4;
    %pushi/vec4 4, 0, 4;
    %cmp/u;
    %jmp/1 T_6.4, 6;
    %dup/vec4;
    %pushi/vec4 5, 0, 4;
    %cmp/u;
    %jmp/1 T_6.5, 6;
    %dup/vec4;
    %pushi/vec4 6, 0, 4;
    %cmp/u;
    %jmp/1 T_6.6, 6;
    %dup/vec4;
    %pushi/vec4 7, 0, 4;
    %cmp/u;
    %jmp/1 T_6.7, 6;
    %dup/vec4;
    %pushi/vec4 8, 0, 4;
    %cmp/u;
    %jmp/1 T_6.8, 6;
    %dup/vec4;
    %pushi/vec4 9, 0, 4;
    %cmp/u;
    %jmp/1 T_6.9, 6;
    %dup/vec4;
    %pushi/vec4 10, 0, 4;
    %cmp/u;
    %jmp/1 T_6.10, 6;
    %dup/vec4;
    %pushi/vec4 11, 0, 4;
    %cmp/u;
    %jmp/1 T_6.11, 6;
    %dup/vec4;
    %pushi/vec4 12, 0, 4;
    %cmp/u;
    %jmp/1 T_6.12, 6;
    %dup/vec4;
    %pushi/vec4 13, 0, 4;
    %cmp/u;
    %jmp/1 T_6.13, 6;
    %jmp T_6.14;
T_6.0 ;
    %load/vec4 v0x5611063b9b70_0;
    %load/vec4 v0x56110638d5f0_0;
    %add;
    %store/vec4 v0x5611064db4a0_0, 0, 32;
    %jmp T_6.14;
T_6.1 ;
    %load/vec4 v0x5611063b9b70_0;
    %load/vec4 v0x56110638d5f0_0;
    %and;
    %store/vec4 v0x5611064db4a0_0, 0, 32;
    %jmp T_6.14;
T_6.2 ;
    %load/vec4 v0x5611063b9b70_0;
    %load/vec4 v0x56110638d5f0_0;
    %or;
    %inv;
    %store/vec4 v0x5611064db4a0_0, 0, 32;
    %jmp T_6.14;
T_6.3 ;
    %load/vec4 v0x5611063b9b70_0;
    %load/vec4 v0x56110638d5f0_0;
    %or;
    %store/vec4 v0x5611064db4a0_0, 0, 32;
    %jmp T_6.14;
T_6.4 ;
    %load/vec4 v0x56110638d5f0_0;
    %ix/getv 4, v0x561106389170_0;
    %shiftl 4;
    %store/vec4 v0x5611064db4a0_0, 0, 32;
    %jmp T_6.14;
T_6.5 ;
    %load/vec4 v0x56110638d5f0_0;
    %ix/getv 4, v0x561106389170_0;
    %shiftr/s 4;
    %store/vec4 v0x5611064db4a0_0, 0, 32;
    %jmp T_6.14;
T_6.6 ;
    %load/vec4 v0x56110638d5f0_0;
    %ix/getv 4, v0x561106389170_0;
    %shiftr 4;
    %store/vec4 v0x5611064db4a0_0, 0, 32;
    %jmp T_6.14;
T_6.7 ;
    %load/vec4 v0x5611063b9b70_0;
    %load/vec4 v0x56110638d5f0_0;
    %sub;
    %store/vec4 v0x5611064db4a0_0, 0, 32;
    %jmp T_6.14;
T_6.8 ;
    %load/vec4 v0x5611063b9b70_0;
    %load/vec4 v0x56110638d5f0_0;
    %xor;
    %store/vec4 v0x5611064db4a0_0, 0, 32;
    %jmp T_6.14;
T_6.9 ;
    %load/vec4 v0x5611063b9b70_0;
    %load/vec4 v0x56110638d5f0_0;
    %cmp/s;
    %flag_get/vec4 5;
    %pad/u 32;
    %store/vec4 v0x5611064db4a0_0, 0, 32;
    %jmp T_6.14;
T_6.10 ;
    %load/vec4 v0x5611063b9b70_0;
    %load/vec4 v0x56110638d5f0_0;
    %cmp/u;
    %flag_get/vec4 5;
    %pad/u 32;
    %store/vec4 v0x5611064db4a0_0, 0, 32;
    %jmp T_6.14;
T_6.11 ;
    %load/vec4 v0x5611063b9b70_0;
    %load/vec4 v0x56110638d5f0_0;
    %cmp/e;
    %flag_get/vec4 4;
    %pad/u 32;
    %store/vec4 v0x5611064db4a0_0, 0, 32;
    %jmp T_6.14;
T_6.12 ;
    %load/vec4 v0x5611063b9b70_0;
    %load/vec4 v0x56110638d5f0_0;
    %cmp/ne;
    %flag_get/vec4 4;
    %pad/u 32;
    %store/vec4 v0x5611064db4a0_0, 0, 32;
    %jmp T_6.14;
T_6.13 ;
    %load/vec4 v0x56110638d5f0_0;
    %ix/load 4, 16, 0;
    %flag_set/imm 4, 0;
    %shiftl 4;
    %store/vec4 v0x5611064db4a0_0, 0, 32;
    %jmp T_6.14;
T_6.14 ;
    %pop/vec4 1;
    %jmp T_6;
    .thread T_6, $push;
    .scope S_0x561106388d30;
T_7 ;
    %wait E_0x5611063a86a0;
    %load/vec4 v0x56110654f4e0_0;
    %flag_set/vec4 8;
    %jmp/0 T_7.0, 8;
    %pushi/vec4 31, 0, 5;
    %jmp/1 T_7.1, 8;
T_7.0 ; End of true expr.
    %load/vec4 v0x56110654f370_0;
    %flag_set/vec4 9;
    %jmp/0 T_7.2, 9;
    %load/vec4 v0x5611065505e0_0;
    %jmp/1 T_7.3, 9;
T_7.2 ; End of true expr.
    %load/vec4 v0x561106550bb0_0;
    %jmp/0 T_7.3, 9;
 ; End of false expr.
    %blend;
T_7.3;
    %jmp/0 T_7.1, 8;
 ; End of false expr.
    %blend;
T_7.1;
    %store/vec4 v0x561106550d50_0, 0, 5;
    %load/vec4 v0x56110654f4e0_0;
    %flag_set/vec4 8;
    %jmp/0 T_7.4, 8;
    %load/vec4 v0x56110654f170_0;
    %addi 4, 0, 32;
    %jmp/1 T_7.5, 8;
T_7.4 ; End of true expr.
    %load/vec4 v0x56110654f0d0_0;
    %flag_set/vec4 9;
    %jmp/0 T_7.6, 9;
    %load/vec4 v0x5611065501e0_0;
    %jmp/1 T_7.7, 9;
T_7.6 ; End of true expr.
    %load/vec4 v0x56110654fa70_0;
    %jmp/0 T_7.7, 9;
 ; End of false expr.
    %blend;
T_7.7;
    %jmp/0 T_7.5, 8;
 ; End of false expr.
    %blend;
T_7.5;
    %store/vec4 v0x561106550e20_0, 0, 32;
    %load/vec4 v0x56110654ee20_0;
    %flag_set/vec4 8;
    %jmp/0xz  T_7.8, 8;
    %load/vec4 v0x56110654ed50_0;
    %flag_set/vec4 8;
    %jmp/0xz  T_7.10, 8;
    %load/vec4 v0x561106550860_0;
    %store/vec4 v0x56110654f2d0_0, 0, 32;
    %jmp T_7.11;
T_7.10 ;
    %load/vec4 v0x56110654f170_0;
    %parti/s 4, 28, 6;
    %load/vec4 v0x56110654ff70_0;
    %concat/vec4; draw_concat_vec4
    %concati/vec4 0, 0, 2;
    %store/vec4 v0x56110654f2d0_0, 0, 32;
T_7.11 ;
    %jmp T_7.9;
T_7.8 ;
    %load/vec4 v0x56110654ecb0_0;
    %flag_set/vec4 9;
    %flag_get/vec4 9;
    %jmp/0 T_7.14, 9;
    %load/vec4 v0x56110654fa70_0;
    %pushi/vec4 0, 0, 32;
    %cmp/ne;
    %flag_get/vec4 4;
    %and;
T_7.14;
    %flag_set/vec4 8;
    %jmp/0xz  T_7.12, 8;
    %load/vec4 v0x56110654f170_0;
    %addi 4, 0, 32;
    %load/vec4 v0x56110654fc50_0;
    %ix/load 4, 2, 0;
    %flag_set/imm 4, 0;
    %shiftl 4;
    %add;
    %store/vec4 v0x56110654f2d0_0, 0, 32;
    %jmp T_7.13;
T_7.12 ;
    %load/vec4 v0x56110654f170_0;
    %addi 4, 0, 32;
    %store/vec4 v0x56110654f2d0_0, 0, 32;
T_7.13 ;
T_7.9 ;
    %jmp T_7;
    .thread T_7, $push;
    .scope S_0x561106388d30;
T_8 ;
    %wait E_0x5611063a8220;
    %load/vec4 v0x561106550ac0_0;
    %flag_set/vec4 8;
    %jmp/0xz  T_8.0, 8;
    %pushi/vec4 0, 0, 32;
    %assign/vec4 v0x56110654f170_0, 0;
    %jmp T_8.1;
T_8.0 ;
    %load/vec4 v0x56110654f2d0_0;
    %assign/vec4 v0x56110654f170_0, 0;
T_8.1 ;
    %jmp T_8;
    .thread T_8;
    .scope S_0x56110638ceb0;
T_9 ;
    %fork t_1, S_0x56110638c750;
    %jmp t_0;
    .scope S_0x56110638c750;
t_1 ;
    %vpi_call 2 20 "$readmemh", "reference_mem.mem", v0x561106551290 {0 0 0};
    %vpi_call 2 21 "$readmemh", "reference_reg.mem", v0x561106551380 {0 0 0};
    %end;
    .scope S_0x56110638ceb0;
t_0 %join;
    %end;
    .thread T_9;
    .scope S_0x56110638ceb0;
T_10 ;
    %fork t_3, S_0x56110638c3d0;
    %jmp t_2;
    .scope S_0x56110638c3d0;
t_3 ;
    %pushi/vec4 0, 0, 1;
    %store/vec4 v0x561106551030_0, 0, 1;
T_10.0 ;
    %delay 5000, 0;
    %load/vec4 v0x561106551030_0;
    %inv;
    %store/vec4 v0x561106551030_0, 0, 1;
    %jmp T_10.0;
    %end;
    .scope S_0x56110638ceb0;
t_2 %join;
    %end;
    .thread T_10;
    .scope S_0x56110638ceb0;
T_11 ;
    %fork t_5, S_0x56110638cb00;
    %jmp t_4;
    .scope S_0x56110638cb00;
t_5 ;
    %pushi/vec4 0, 0, 32;
    %store/vec4 v0x561106550f50_0, 0, 32;
    %pushi/vec4 1, 0, 1;
    %store/vec4 v0x561106551440_0, 0, 1;
    %delay 15000, 0;
    %pushi/vec4 0, 0, 1;
    %store/vec4 v0x561106551440_0, 0, 1;
    %wait E_0x5611063a8b10;
    %vpi_call 2 36 "$display", "Program Terminate\012" {0 0 0};
    %pushi/vec4 0, 0, 32;
    %store/vec4 v0x5611065511f0_0, 0, 32;
T_11.0 ;
    %load/vec4 v0x5611065511f0_0;
    %cmpi/s 32, 0, 32;
    %jmp/0xz T_11.1, 5;
    %ix/getv/s 4, v0x5611065511f0_0;
    %load/vec4a v0x56110654e260, 4;
    %ix/getv/s 4, v0x5611065511f0_0;
    %load/vec4a v0x561106551380, 4;
    %cmp/ne;
    %jmp/0xz  T_11.2, 4;
    %pushi/vec4 1, 0, 32;
    %store/vec4 v0x561106550f50_0, 0, 32;
T_11.2 ;
    %load/vec4 v0x5611065511f0_0;
    %addi 1, 0, 32;
    %store/vec4 v0x5611065511f0_0, 0, 32;
    %jmp T_11.0;
T_11.1 ;
    %pushi/vec4 0, 0, 32;
    %store/vec4 v0x5611065511f0_0, 0, 32;
T_11.4 ;
    %load/vec4 v0x5611065511f0_0;
    %cmpi/s 8192, 0, 32;
    %jmp/0xz T_11.5, 5;
    %ix/getv/s 4, v0x5611065511f0_0;
    %load/vec4a v0x5611063a7130, 4;
    %ix/getv/s 4, v0x5611065511f0_0;
    %load/vec4a v0x561106551290, 4;
    %cmp/ne;
    %jmp/0xz  T_11.6, 4;
    %pushi/vec4 1, 0, 32;
    %store/vec4 v0x561106550f50_0, 0, 32;
T_11.6 ;
    %load/vec4 v0x5611065511f0_0;
    %addi 1, 0, 32;
    %store/vec4 v0x5611065511f0_0, 0, 32;
    %jmp T_11.4;
T_11.5 ;
    %load/vec4 v0x561106550f50_0;
    %cmpi/ne 0, 0, 32;
    %jmp/0xz  T_11.8, 4;
    %vpi_call 2 50 "$display", "Simulation failed." {0 0 0};
    %pushi/vec4 0, 0, 32;
    %store/vec4 v0x5611065511f0_0, 0, 32;
T_11.10 ;
    %load/vec4 v0x5611065511f0_0;
    %cmpi/s 32, 0, 32;
    %jmp/0xz T_11.11, 5;
    %vpi_call 2 52 "$display", "index: %d, dat: %h, %h", v0x5611065511f0_0, &A<v0x56110654e260, v0x5611065511f0_0 >, &A<v0x561106551380, v0x5611065511f0_0 > {0 0 0};
    %load/vec4 v0x5611065511f0_0;
    %addi 1, 0, 32;
    %store/vec4 v0x5611065511f0_0, 0, 32;
    %jmp T_11.10;
T_11.11 ;
    %jmp T_11.9;
T_11.8 ;
    %vpi_call 2 56 "$display", "Simulation success!!!" {0 0 0};
T_11.9 ;
    %vpi_call 2 57 "$finish" {0 0 0};
    %end;
    .scope S_0x56110638ceb0;
t_4 %join;
    %end;
    .thread T_11;
# The file index is used to find the file name in the following table.
:file_names 8;
    "N/A";
    "<interactive>";
    "CPU_tb.v";
    "CPU.v";
    "ALU.v";
    "CTRL.v";
    "MEM.v";
    "RF.v";
