$date
	Wed Apr  1 20:56:16 2026
$end
$version
	Icarus Verilog
$end
$timescale
	1ps
$end
$scope module ALU_tb $end
$var wire 32 ! alu_result [31:0] $end
$var parameter 32 " TEST_SIZE $end
$var reg 4 # funct [3:0] $end
$var reg 32 $ operand1 [31:0] $end
$var reg 32 % operand2 [31:0] $end
$var reg 5 & shamt [4:0] $end
$var integer 32 ' FAILED [31:0] $end
$var integer 32 ( PASSED [31:0] $end
$var integer 32 ) i [31:0] $end
$scope module alu_top $end
$var wire 4 * funct [3:0] $end
$var wire 32 + operand1 [31:0] $end
$var wire 32 , operand2 [31:0] $end
$var wire 5 - shamt [4:0] $end
$var reg 32 . alu_result [31:0] $end
$upscope $end
$scope task Test $end
$var reg 32 / alu_result_in [31:0] $end
$var reg 4 0 funct_in [3:0] $end
$var reg 32 1 operand1_in [31:0] $end
$var reg 32 2 operand2_in [31:0] $end
$var reg 5 3 shamt_in [4:0] $end
$upscope $end
$upscope $end
$enddefinitions $end
$comment Show the parameter values. $end
$dumpall
b1111101000 "
$end
#0
$dumpvars
bx 3
bx 2
bx 1
bx 0
bx /
bx .
bx -
bx ,
bx +
bx *
b0 )
b0 (
b0 '
bx &
bx %
bx $
bx #
bx !
$end
#10000
b101111101111011111111111010101 !
b101111101111011111111111010101 .
b11 #
b11 *
b10001 &
b10001 -
b101110101011000111100101000101 %
b101110101011000111100101000101 ,
b1001100100011010111010010100 $
b1001100100011010111010010100 +
b101111101111011111111111010101 /
b11 0
b10001 3
b101110101011000111100101000101 2
b1001100100011010111010010100 1
#11000
b11111111111111111111111111100011 !
b11111111111111111111111111100011 .
b101 #
b101 *
b11010 &
b11010 -
b10001110000001001011101100011111 %
b10001110000001001011101100011111 ,
b10111000001001101000000110000000 $
b10111000001001101000000110000000 +
b11111111111111111111111111100011 /
b101 0
b11010 3
b10001110000001001011101100011111 2
b10111000001001101000000110000000 1
b1 )
b1 (
#12000
b11110110000100101001011111010011 !
b11110110000100101001011111010011 .
b1000 #
b1000 *
b11100 &
b11100 -
b1101001000010110011010100001100 %
b1101001000010110011010100001100 ,
b10011111000110011010001011011111 $
b10011111000110011010001011011111 +
b11110110000100101001011111010011 /
b1000 0
b11100 3
b1101001000010110011010100001100 2
b10011111000110011010001011011111 1
b10 )
b10 (
#13000
b0 !
b0 .
b1001 #
b1001 *
b111 &
b111 -
b100011010000110011000000011110 %
b100011010000110011000000011110 ,
b1110001111100010011100010100000 $
b1110001111100010011100010100000 +
b0 /
b1001 0
b111 3
b100011010000110011000000011110 2
b1110001111100010011100010100000 1
b11 )
b11 (
#14000
b10111100100 !
b10111100100 .
b101 #
b101 *
b10011 &
b10011 -
b101111001001110110010010111111 %
b101111001001110110010010111111 ,
b1011011011011100100010001000110 $
b1011011011011100100010001000110 +
b10111100100 /
b101 0
b10011 3
b101111001001110110010010111111 2
b1011011011011100100010001000110 1
b100 )
b100 (
#15000
b0 !
b0 .
b1001 #
b1001 *
b1101 &
b1101 -
b11000010101110100101001111111110 %
b11000010101110100101001111111110 ,
b11101110101101111001000100101100 $
b11101110101101111001000100101100 +
b0 /
b1001 0
b1101 3
b11000010101110100101001111111110 2
b11101110101101111001000100101100 1
b101 )
b101 (
#16000
b1011 #
b1011 *
b101 &
b101 -
b10101101100111100011101010100000 %
b10101101100111100011101010100000 ,
b11111010110111110101100010111010 $
b11111010110111110101100010111010 +
b1011 0
b101 3
b10101101100111100011101010100000 2
b11111010110111110101100010111010 1
b110 )
b110 (
#17000
b10010010000101000001000110 !
b10010010000101000001000110 .
b10 #
b10 *
b11110 &
b11110 -
b1110101101001001010101110011001 %
b1110101101001001010101110011001 ,
b11011000100100110000010100100001 $
b11011000100100110000010100100001 +
b10010010000101000001000110 /
b10 0
b11110 3
b1110101101001001010101110011001 2
b11011000100100110000010100100001 1
b111 )
b111 (
#18000
b11010111101001000101001101000 !
b11010111101001000101001101000 .
b1000 #
b1000 *
b11011 &
b11011 -
b10010001101010111000001001100000 %
b10010001101010111000001001100000 ,
b10001011010111110000100000001000 $
b10001011010111110000100000001000 +
b11010111101001000101001101000 /
b1000 0
b11011 3
b10010001101010111000001001100000 2
b10001011010111110000100000001000 1
b1000 )
b1000 (
#19000
b10010111111111110111110111111 !
b10010111111111110111110111111 .
b11 #
b11 *
b10100 &
b10100 -
b10010111111011010010110011110 %
b10010111111011010010110011110 ,
b10000100011101100111010111001 $
b10000100011101100111010111001 +
b10010111111111110111110111111 /
b11 0
b10100 3
b10010111111011010010110011110 2
b10000100011101100111010111001 1
b1001 )
b1001 (
#20000
b101001111100010 !
b101001111100010 .
b101 #
b101 *
b10000 &
b10000 -
b1010011111000100000110000111111 %
b1010011111000100000110000111111 ,
b10111001001111011010011101111111 $
b10111001001111011010011101111111 +
b101001111100010 /
b101 0
b10000 3
b1010011111000100000110000111111 2
b10111001001111011010011101111111 1
b1010 )
b1010 (
#21000
b11011001111111010111110101111111 !
b11011001111111010111110101111111 .
b11 #
b11 *
b11100 &
b11100 -
b11011000101011010111110101100011 %
b11011000101011010111110101100011 ,
b11000001010111010110010100011101 $
b11000001010111010110010100011101 +
b11011001111111010111110101111111 /
b11 0
b11100 3
b11011000101011010111110101100011 2
b11000001010111010110010100011101 1
b1011 )
b1011 (
#22000
b110001111000010001101100010000 !
b110001111000010001101100010000 .
b0 #
b0 *
b1010 &
b1010 -
b1001010100100011011011110010011 %
b1001010100100011011011110010011 ,
b11100111010011110110001101111101 $
b11100111010011110110001101111101 +
b110001111000010001101100010000 /
b0 0
b1010 3
b1001010100100011011011110010011 2
b11100111010011110110001101111101 1
b1100 )
b1100 (
#23000
b10010110011111010111000111000010 !
b10010110011111010111000111000010 .
b11100 &
b11100 -
b11000101010101100101001101010110 %
b11000101010101100101001101010110 ,
b11010001001001110001111001101100 $
b11010001001001110001111001101100 +
b10010110011111010111000111000010 /
b11100 3
b11000101010101100101001101010110 2
b11010001001001110001111001101100 1
b1101 )
b1101 (
#24000
b10101100100001110000001000000000 !
b10101100100001110000001000000000 .
b1 #
b1 *
b10010 &
b10010 -
b10101100111101111010111101110001 %
b10101100111101111010111101110001 ,
b11111110100011110000001010001000 $
b11111110100011110000001010001000 +
b10101100100001110000001000000000 /
b1 0
b10010 3
b10101100111101111010111101110001 2
b11111110100011110000001010001000 1
b1110 )
b1110 (
#25000
b1010110000111011000011100111100 !
b1010110000111011000011100111100 .
b1000 #
b1000 *
b11011 &
b11011 -
b10110001011100010111011110000 %
b10110001011100010111011110000 ,
b1000000001100111010100111001100 $
b1000000001100111010100111001100 +
b1010110000111011000011100111100 /
b1000 0
b11011 3
b10110001011100010111011110000 2
b1000000001100111010100111001100 1
b1111 )
b1111 (
#26000
b11110010000011011110011101011101 !
b11110010000011011110011101011101 .
b0 #
b0 *
b100011110000111010110100111111 %
b100011110000111010110100111111 ,
b11001110010010100011101000011110 $
b11001110010010100011101000011110 +
b11110010000011011110011101011101 /
b0 0
b100011110000111010110100111111 2
b11001110010010100011101000011110 1
b10000 )
b10000 (
#27000
b100101101001001 !
b100101101001001 .
b110 #
b110 *
b10001 &
b10001 -
b10010110100100111011000100011111 %
b10010110100100111011000100011111 ,
b1101001000010101000000010001110 $
b1101001000010101000000010001110 +
b100101101001001 /
b110 0
b10001 3
b10010110100100111011000100011111 2
b1101001000010101000000010001110 1
b10001 )
b10001 (
#28000
b1101011010000100100000110001 !
b1101011010000100100000110001 .
b10 #
b10 *
b10101 &
b10101 -
b11110000100100100011011010001100 %
b11110000100100100011011010001100 ,
b11000010100101111010000101000110 $
b11000010100101111010000101000110 +
b1101011010000100100000110001 /
b10 0
b10101 3
b11110000100100100011011010001100 2
b11000010100101111010000101000110 1
b10010 )
b10010 (
#29000
b1000011010000010000001100001001 !
b1000011010000010000001100001001 .
b1 #
b1 *
b11100 &
b11100 -
b11000011110000110000001100001011 %
b11000011110000110000001100001011 ,
b1010011010111011101001111011101 $
b1010011010111011101001111011101 +
b1000011010000010000001100001001 /
b1 0
b11100 3
b11000011110000110000001100001011 2
b1010011010111011101001111011101 1
b10011 )
b10011 (
#30000
b0 !
b0 .
b1011 #
b1011 *
b10001 &
b10001 -
b11100000001011001010110010110011 %
b11100000001011001010110010110011 ,
b101010100011001010100111101001 $
b101010100011001010100111101001 +
b0 /
b1011 0
b10001 3
b11100000001011001010110010110011 2
b101010100011001010100111101001 1
b10100 )
b10100 (
#31000
b1 !
b1 .
b1010 #
b1010 *
b10111 &
b10111 -
b11101111001000010101100111111001 %
b11101111001000010101100111111001 ,
b11100000010001000001101010010101 $
b11100000010001000001101010010101 +
b1 /
b1010 0
b10111 3
b11101111001000010101100111111001 2
b11100000010001000001101010010101 1
b10101 )
b10101 (
#32000
b10000100101010000000010001010001 !
b10000100101010000000010001010001 .
b1 #
b1 *
b1010 &
b1010 -
b10000100101110100000111101011001 %
b10000100101110100000111101011001 ,
b10110100111010011111010001110011 $
b10110100111010011111010001110011 +
b10000100101010000000010001010001 /
b1 0
b1010 3
b10000100101110100000111101011001 2
b10110100111010011111010001110011 1
b10110 )
b10110 (
#33000
b0 !
b0 .
b1011 #
b1011 *
b100 &
b100 -
b10001100101100010110010011010111 %
b10001100101100010110010011010111 ,
b10001001011000010001010101100110 $
b10001001011000010001010101100110 +
b0 /
b1011 0
b100 3
b10001100101100010110010011010111 2
b10001001011000010001010101100110 1
b10111 )
b10111 (
#34000
b1101011110101101001110111100101 !
b1101011110101101001110111100101 .
b11 #
b11 *
b11100 &
b11100 -
b101010000001000001110011100100 %
b101010000001000001110011100100 ,
b1001011110101101000000101100001 $
b1001011110101101000000101100001 +
b1101011110101101001110111100101 /
b11 0
b11100 3
b101010000001000001110011100100 2
b1001011110101101000000101100001 1
b11000 )
b11000 (
#35000
b1010 !
b1010 .
b101 #
b101 *
b11010 &
b11010 -
b101001001100101101000110011011 %
b101001001100101101000110011011 ,
b100111100101000100010001101 $
b100111100101000100010001101 +
b1010 /
b101 0
b11010 3
b101001001100101101000110011011 2
b100111100101000100010001101 1
b11001 )
b11001 (
#36000
b11110011000111010101000001010010 !
b11110011000111010101000001010010 .
b1000 #
b1000 *
b11011 &
b11011 -
b11011111000010101101011001010101 %
b11011111000010101101011001010101 ,
b101100000101111000011000000111 $
b101100000101111000011000000111 +
b11110011000111010101000001010010 /
b1000 0
b11011 3
b11011111000010101101011001010101 2
b101100000101111000011000000111 1
b11010 )
b11010 (
#37000
b11010001001110000010 !
b11010001001110000010 .
b110 #
b110 *
b1001 &
b1001 -
b11010001001110000010011000000 %
b11010001001110000010011000000 ,
b100001011111101110001011101100 $
b100001011111101110001011101100 +
b11010001001110000010 /
b110 0
b1001 3
b11010001001110000010011000000 2
b100001011111101110001011101100 1
b11011 )
b11011 (
#38000
b11101110010001101101100001100010 !
b11101110010001101101100001100010 .
b1000 #
b1000 *
b11011 &
b11011 -
b11101000000111011100010101001010 %
b11101000000111011100010101001010 ,
b110010110110001110100101000 $
b110010110110001110100101000 +
b11101110010001101101100001100010 /
b1000 0
b11011 3
b11101000000111011100010101001010 2
b110010110110001110100101000 1
b11100 )
b11100 (
#39000
b1011000001011010010111001100 !
b1011000001011010010111001100 .
b0 #
b0 *
b11 &
b11 -
b1011011111001011110010000110011 %
b1011011111001011110010000110011 ,
b10101111000111111100000110011001 $
b10101111000111111100000110011001 +
b1011000001011010010111001100 /
b0 0
b11 3
b1011011111001011110010000110011 2
b10101111000111111100000110011001 1
b11101 )
b11101 (
#40000
b1 !
b1 .
b1001 #
b1001 *
b11011 &
b11011 -
b11001110010000111000011110000110 %
b11001110010000111000011110000110 ,
b10100010101001011000000011010111 $
b10100010101001011000000011010111 +
b1 /
b1001 0
b11011 3
b11001110010000111000011110000110 2
b10100010101001011000000011010111 1
b11110 )
b11110 (
#41000
b0 !
b0 .
b1011 #
b1011 *
b11101 &
b11101 -
b11001100111001111010000100001111 %
b11001100111001111010000100001111 ,
b11101000110100100000100101011101 $
b11101000110100100000100101011101 +
b0 /
b1011 0
b11101 3
b11001100111001111010000100001111 2
b11101000110100100000100101011101 1
b11111 )
b11111 (
#42000
b1101111111110011101110111110111 !
b1101111111110011101110111110111 .
b11 #
b11 *
b11111 &
b11111 -
b1101000110010010101100101010000 %
b1101000110010010101100101010000 ,
b1111111100001000110011110111 $
b1111111100001000110011110111 +
b1101111111110011101110111110111 /
b11 0
b11111 3
b1101000110010010101100101010000 2
b1111111100001000110011110111 1
b100000 )
b100000 (
#43000
b1 !
b1 .
b1001 #
b1001 *
b11011 &
b11011 -
b1011001111100010110011010010100 %
b1011001111100010110011010010100 ,
b1001001111011100010011000011001 $
b1001001111011100010011000011001 +
b1 /
b1001 0
b11011 3
b1011001111100010110011010010100 2
b1001001111011100010011000011001 1
b100001 )
b100001 (
#44000
b1100000000000100101001011 !
b1100000000000100101001011 .
b10 #
b10 *
b11000 &
b11000 -
b10010100001101111010001010000100 %
b10010100001101111010001010000100 ,
b11101010010111101101011000110100 $
b11101010010111101101011000110100 +
b1100000000000100101001011 /
b10 0
b11000 3
b10010100001101111010001010000100 2
b11101010010111101101011000110100 1
b100010 )
b100010 (
#45000
b101 !
b101 .
b110 #
b110 *
b11101 &
b11101 -
b10111110011110011111000100111111 %
b10111110011110011111000100111111 ,
b11000110000100110001101101010000 $
b11000110000100110001101101010000 +
b101 /
b110 0
b11101 3
b10111110011110011111000100111111 2
b11000110000100110001101101010000 1
b100011 )
b100011 (
#46000
b10111001000100110000000000000000 !
b10111001000100110000000000000000 .
b1101 #
b1101 *
b11010 &
b11010 -
b1100100000001001011100100010011 %
b1100100000001001011100100010011 ,
b1110001110010100010100111010111 $
b1110001110010100010100111010111 +
b10111001000100110000000000000000 /
b1101 0
b11010 3
b1100100000001001011100100010011 2
b1110001110010100010100111010111 1
b100100 )
b100100 (
#47000
b0 !
b0 .
b1001 #
b1001 *
b1 &
b1 -
b10001101100101111010100111011110 %
b10001101100101111010100111011110 ,
b11111111000101010100110111011101 $
b11111111000101010100110111011101 +
b0 /
b1001 0
b1 3
b10001101100101111010100111011110 2
b11111111000101010100110111011101 1
b100101 )
b100101 (
#48000
b110 #
b110 *
b11110 &
b11110 -
b101011011101100111111101001100 %
b101011011101100111111101001100 ,
b11000100100010110111110001101110 $
b11000100100010110111110001101110 +
b110 0
b11110 3
b101011011101100111111101001100 2
b11000100100010110111110001101110 1
b100110 )
b100110 (
#49000
b1001 #
b1001 *
b11100 &
b11100 -
b10100100111010010011011101111010 %
b10100100111010010011011101111010 ,
b1101111101001100010011011011101 $
b1101111101001100010011011011101 +
b1001 0
b11100 3
b10100100111010010011011101111010 2
b1101111101001100010011011011101 1
b100111 )
b100111 (
#50000
b1001000110101011010000000010101 !
b1001000110101011010000000010101 .
b1000 #
b1000 *
b10 &
b10 -
b10100010011010001110111100010101 %
b10100010011010001110111100010101 ,
b11101010101111010100111100000000 $
b11101010101111010100111100000000 +
b1001000110101011010000000010101 /
b1000 0
b10 3
b10100010011010001110111100010101 2
b11101010101111010100111100000000 1
b101000 )
b101000 (
#51000
b10000000000000001101000001000000 !
b10000000000000001101000001000000 .
b1 #
b1 *
b10101 &
b10101 -
b11000011000100001101010111010000 %
b11000011000100001101010111010000 ,
b10100100011010101101001001100110 $
b10100100011010101101001001100110 +
b10000000000000001101000001000000 /
b1 0
b10101 3
b11000011000100001101010111010000 2
b10100100011010101101001001100110 1
b101001 )
b101001 (
#52000
b1 !
b1 .
b1010 #
b1010 *
b1000 &
b1000 -
b11101100001101010001001001000101 %
b11101100001101010001001001000101 ,
b1110000011111100100101101111100 $
b1110000011111100100101101111100 +
b1 /
b1010 0
b1000 3
b11101100001101010001001001000101 2
b1110000011111100100101101111100 1
b101010 )
b101010 (
#53000
b1 !
b1 .
b1100 #
b1100 *
b10100 &
b10100 -
b1000011011001110010010100111101 %
b1000011011001110010010100111101 ,
b11010111011011110111101101011010 $
b11010111011011110111101101011010 +
b1100 0
b10100 3
b1000011011001110010010100111101 2
b11010111011011110111101101011010 1
b101011 )
b101011 (
#54000
b1001100000000000000000010000000 !
b1001100000000000000000010000000 .
b10 #
b10 *
b1110 &
b1110 -
b10110010111111100000101101001101 %
b10110010111111100000101101001101 ,
b10010011100001011111010100111110 $
b10010011100001011111010100111110 +
b1001100000000000000000010000000 /
b10 0
b1110 3
b10110010111111100000101101001101 2
b10010011100001011111010100111110 1
b101100 )
b101100 (
#55000
b1 !
b1 .
b1010 #
b1010 *
b10011 &
b10011 -
b11011111100100000101011110110011 %
b11011111100100000101011110110011 ,
b1001010110001010111111110010100 $
b1001010110001010111111110010100 +
b1 /
b1010 0
b10011 3
b11011111100100000101011110110011 2
b1001010110001010111111110010100 1
b101101 )
b101101 (
#56000
b10000111001011110110001010011010 !
b10000111001011110110001010011010 .
b1000 #
b1000 *
b1001 &
b1001 -
b1101100101011010010111011110101 %
b1101100101011010010111011110101 ,
b11101011100000100100110001101111 $
b11101011100000100100110001101111 +
b10000111001011110110001010011010 /
b1000 0
b1001 3
b1101100101011010010111011110101 2
b11101011100000100100110001101111 1
b101110 )
b101110 (
#57000
b1101000000011010 !
b1101000000011010 .
b101 #
b101 *
b1111 &
b1111 -
b1101000000011010001001110111011 %
b1101000000011010001001110111011 ,
b11111110001111011100111111010000 $
b11111110001111011100111111010000 +
b1101000000011010 /
b101 0
b1111 3
b1101000000011010001001110111011 2
b11111110001111011100111111010000 1
b101111 )
b101111 (
#58000
b10000000001101000000010000010100 !
b10000000001101000000010000010100 .
b10 #
b10 *
b1101 &
b1101 -
b1110110110010110001000100101011 %
b1110110110010110001000100101011 ,
b11101010010011110101011001010 $
b11101010010011110101011001010 +
b10000000001101000000010000010100 /
b10 0
b1101 3
b1110110110010110001000100101011 2
b11101010010011110101011001010 1
b110000 )
b110000 (
#59000
b1 !
b1 .
b1010 #
b1010 *
b11100 &
b11100 -
b11110110101101000111011111101110 %
b11110110101101000111011111101110 ,
b1100110101101000011110100110011 $
b1100110101101000011110100110011 +
b1 /
b1010 0
b11100 3
b11110110101101000111011111101110 2
b1100110101101000011110100110011 1
b110001 )
b110001 (
#60000
b11100111010101100000000000000000 !
b11100111010101100000000000000000 .
b1101 #
b1101 *
b0 &
b0 -
b1011000101111001110011101010110 %
b1011000101111001110011101010110 ,
b10111111111011111110110001011000 $
b10111111111011111110110001011000 +
b11100111010101100000000000000000 /
b1101 0
b0 3
b1011000101111001110011101010110 2
b10111111111011111110110001011000 1
b110010 )
b110010 (
#61000
b101101111111000101010000000000 !
b101101111111000101010000000000 .
b100 #
b100 *
b111 &
b111 -
b11100010110111111100010101000 %
b11100010110111111100010101000 ,
b1001100101110011111001001110110 $
b1001100101110011111001001110110 +
b101101111111000101010000000000 /
b100 0
b111 3
b11100010110111111100010101000 2
b1001100101110011111001001110110 1
b110011 )
b110011 (
#62000
b1011010000001000100000000100000 !
b1011010000001000100000000100000 .
b10 #
b10 *
b0 &
b0 -
b10000101110000110011111011001111 %
b10000101110000110011111011001111 ,
b10100100001110011001101111010100 $
b10100100001110011001101111010100 +
b1011010000001000100000000100000 /
b10 0
b0 3
b10000101110000110011111011001111 2
b10100100001110011001101111010100 1
b110100 )
b110100 (
#63000
b1100110100010 !
b1100110100010 .
b110 #
b110 *
b10001 &
b10001 -
b110011010001000011011010000001 %
b110011010001000011011010000001 ,
b11011001011011010000001111001111 $
b11011001011011010000001111001111 +
b1100110100010 /
b110 0
b10001 3
b110011010001000011011010000001 2
b11011001011011010000001111001111 1
b110101 )
b110101 (
#64000
b100000010110010010100111100010 !
b100000010110010010100111100010 .
b10 #
b10 *
b11001 &
b11001 -
b1010001100001101001010000011101 %
b1010001100001101001010000011101 ,
b10001111001001001100011000011001 $
b10001111001001001100011000011001 +
b100000010110010010100111100010 /
b10 0
b11001 3
b1010001100001101001010000011101 2
b10001111001001001100011000011001 1
b110110 )
b110110 (
#65000
b11111 !
b11111 .
b110 #
b110 *
b111110111100101011111111111011 %
b111110111100101011111111111011 ,
b111000001100110100011000101001 $
b111000001100110100011000101001 +
b11111 /
b110 0
b111110111100101011111111111011 2
b111000001100110100011000101001 1
b110111 )
b110111 (
#66000
b1 !
b1 .
b1010 #
b1010 *
b10000 &
b10000 -
b10111101000000111001010100110010 %
b10111101000000111001010100110010 ,
b10111001010001110011010001001100 $
b10111001010001110011010001001100 +
b1 /
b1010 0
b10000 3
b10111101000000111001010100110010 2
b10111001010001110011010001001100 1
b111000 )
b111000 (
#67000
b11101111100010010110100111011000 !
b11101111100010010110100111011000 .
b1000 #
b1000 *
b11110 &
b11110 -
b10000001111110101100101100101001 %
b10000001111110101100101100101001 ,
b1101110011100111010001011110001 $
b1101110011100111010001011110001 +
b11101111100010010110100111011000 /
b1000 0
b11110 3
b10000001111110101100101100101001 2
b1101110011100111010001011110001 1
b111001 )
b111001 (
#68000
b0 !
b0 .
b1001 #
b1001 *
b1001 &
b1001 -
b10110111010111110111111111101010 %
b10110111010111110111111111101010 ,
b11100101000000101101111010111100 $
b11100101000000101101111010111100 +
b0 /
b1001 0
b1001 3
b10110111010111110111111111101010 2
b11100101000000101101111010111100 1
b111010 )
b111010 (
#69000
b1011110110001010000001100110101 !
b1011110110001010000001100110101 .
b111 #
b111 *
b11010 &
b11010 -
b110010001001000111110010111010 %
b110010001001000111110010111010 ,
b10010000111010010111111111101111 $
b10010000111010010111111111101111 +
b1011110110001010000001100110101 /
b111 0
b11010 3
b110010001001000111110010111010 2
b10010000111010010111111111101111 1
b111011 )
b111011 (
#70000
b0 !
b0 .
b1011 #
b1011 *
b10001 &
b10001 -
b110111100100011010000010110 %
b110111100100011010000010110 ,
b11000101010010011111111001010010 $
b11000101010010011111111001010010 +
b0 /
b1011 0
b10001 3
b110111100100011010000010110 2
b11000101010010011111111001010010 1
b111100 )
b111100 (
#71000
b101011000111001001000011110101 !
b101011000111001001000011110101 .
b1000 #
b1000 *
b11010 &
b11010 -
b100111011010100101001001011011 %
b100111011010100101001001011011 ,
b1100011101101100001010101110 $
b1100011101101100001010101110 +
b101011000111001001000011110101 /
b1000 0
b11010 3
b100111011010100101001001011011 2
b1100011101101100001010101110 1
b111101 )
b111101 (
#72000
b0 !
b0 .
b1001 #
b1001 *
b10010 &
b10010 -
b101011101001000100000111000010 %
b101011101001000100000111000010 ,
b1101001110110101010000000100111 $
b1101001110110101010000000100111 +
b0 /
b1001 0
b10010 3
b101011101001000100000111000010 2
b1101001110110101010000000100111 1
b111110 )
b111110 (
#73000
b1011 #
b1011 *
b1001 &
b1001 -
b1000110000100100010111111110010 %
b1000110000100100010111111110010 ,
b111001110111011001101101110110 $
b111001110111011001101101110110 +
b1011 0
b1001 3
b1000110000100100010111111110010 2
b111001110111011001101101110110 1
b111111 )
b111111 (
#74000
b1 !
b1 .
b1100 #
b1100 *
b11101001100000100001001000000101 %
b11101001100000100001001000000101 ,
b1110010101001001111101100011001 $
b1110010101001001111101100011001 +
b1 /
b1100 0
b11101001100000100001001000000101 2
b1110010101001001111101100011001 1
b1000000 )
b1000000 (
#75000
b110000000110010000 !
b110000000110010000 .
b10 #
b10 *
b10010 &
b10010 -
b11011111111111000111110001101010 %
b11011111111111000111110001101010 ,
b10100001010111001101101000001111 $
b10100001010111001101101000001111 +
b110000000110010000 /
b10 0
b10010 3
b11011111111111000111110001101010 2
b10100001010111001101101000001111 1
b1000001 )
b1000001 (
#76000
b1 !
b1 .
b1001 #
b1001 *
b11000 &
b11000 -
b11101001110100011011110001001000 %
b11101001110100011011110001001000 ,
b11011001001000000101100000100101 $
b11011001001000000101100000100101 +
b1 /
b1001 0
b11000 3
b11101001110100011011110001001000 2
b11011001001000000101100000100101 1
b1000010 )
b1000010 (
#77000
b10011110100111010101001111110010 !
b10011110100111010101001111110010 .
b0 #
b0 *
b100 &
b100 -
b11000110101010000010110101001110 %
b11000110101010000010110101001110 ,
b11010111111101010010011010100100 $
b11010111111101010010011010100100 +
b10011110100111010101001111110010 /
b0 0
b100 3
b11000110101010000010110101001110 2
b11010111111101010010011010100100 1
b1000011 )
b1000011 (
#78000
b11101100010111000111000001100000 !
b11101100010111000111000001100000 .
b100 #
b100 *
b101 &
b101 -
b11011111011000101110001110000011 %
b11011111011000101110001110000011 ,
b10001111101111100001111101011010 $
b10001111101111100001111101011010 +
b11101100010111000111000001100000 /
b100 0
b101 3
b11011111011000101110001110000011 2
b10001111101111100001111101011010 1
b1000100 )
b1000100 (
#79000
b10000111011011111110101001011110 !
b10000111011011111110101001011110 .
b111 #
b111 *
b0 &
b0 -
b11110100110000010001011100000 %
b11110100110000010001011100000 ,
b10100110000010000000110100111110 $
b10100110000010000000110100111110 +
b10000111011011111110101001011110 /
b111 0
b0 3
b11110100110000010001011100000 2
b10100110000010000000110100111110 1
b1000101 )
b1000101 (
#80000
b11000010000100010011101000000000 !
b11000010000100010011101000000000 .
b100 #
b100 *
b1001 &
b1001 -
b11111000111000010000100010011101 %
b11111000111000010000100010011101 ,
b10011000001011111100001101100110 $
b10011000001011111100001101100110 +
b11000010000100010011101000000000 /
b100 0
b1001 3
b11111000111000010000100010011101 2
b10011000001011111100001101100110 1
b1000110 )
b1000110 (
#81000
b1101101000010111110100111110000 !
b1101101000010111110100111110000 .
b1000 #
b1000 *
b1101 &
b1101 -
b10101101011001000010101111110111 %
b10101101011001000010101111110111 ,
b11000000011011111100001000000111 $
b11000000011011111100001000000111 +
b1101101000010111110100111110000 /
b1000 0
b1101 3
b10101101011001000010101111110111 2
b11000000011011111100001000000111 1
b1000111 )
b1000111 (
#82000
b11010110 !
b11010110 .
b110 #
b110 *
b10111 &
b10111 -
b1101011001011010110000111101100 %
b1101011001011010110000111101100 ,
b1011010001001010000110100001 $
b1011010001001010000110100001 +
b11010110 /
b110 0
b10111 3
b1101011001011010110000111101100 2
b1011010001001010000110100001 1
b1001000 )
b1001000 (
#83000
b1001110000101110011110111010111 !
b1001110000101110011110111010111 .
b111 #
b111 *
b110 &
b110 -
b100100010110011010101000100100 %
b100100010110011010101000100100 ,
b1110010011100001110011111111011 $
b1110010011100001110011111111011 +
b1001110000101110011110111010111 /
b111 0
b110 3
b100100010110011010101000100100 2
b1110010011100001110011111111011 1
b1001001 )
b1001001 (
#84000
b10011001000010100000001000100 !
b10011001000010100000001000100 .
b10 #
b10 *
b10 &
b10 -
b1101100100000101011111110110011 %
b1101100100000101011111110110011 ,
b10001000010111001000111010111000 $
b10001000010111001000111010111000 +
b10011001000010100000001000100 /
b10 0
b10 3
b1101100100000101011111110110011 2
b10001000010111001000111010111000 1
b1001010 )
b1001010 (
#85000
b11111111111100100100100000010011 !
b11111111111100100100100000010011 .
b101 #
b101 *
b1011 &
b1011 -
b10010010010000001001101000010101 %
b10010010010000001001101000010101 ,
b10010000000011000100100000101110 $
b10010000000011000100100000101110 +
b11111111111100100100100000010011 /
b101 0
b1011 3
b10010010010000001001101000010101 2
b10010000000011000100100000101110 1
b1001011 )
b1001011 (
#86000
b110001 !
b110001 .
b10100 &
b10100 -
b11000110011100001011111011 %
b11000110011100001011111011 ,
b10010101110101001000100111000000 $
b10010101110101001000100111000000 +
b110001 /
b10100 3
b11000110011100001011111011 2
b10010101110101001000100111000000 1
b1001100 )
b1001100 (
#87000
b1 !
b1 .
b1100 #
b1100 *
b111 &
b111 -
b10100110000111011011111110101101 %
b10100110000111011011111110101101 ,
b11011010100101000010110010011000 $
b11011010100101000010110010011000 +
b1 /
b1100 0
b111 3
b10100110000111011011111110101101 2
b11011010100101000010110010011000 1
b1001101 )
b1001101 (
#88000
b11111000100101111101011111111111 !
b11111000100101111101011111111111 .
b11 #
b11 *
b11000 &
b11000 -
b10111000000001111101001100101101 %
b10111000000001111101001100101101 ,
b11110000100101100100011011010010 $
b11110000100101100100011011010010 +
b11111000100101111101011111111111 /
b11 0
b11000 3
b10111000000001111101001100101101 2
b11110000100101100100011011010010 1
b1001110 )
b1001110 (
#89000
b10110001111001110000000000000000 !
b10110001111001110000000000000000 .
b1101 #
b1101 *
b1111 &
b1111 -
b101011010110001011000111100111 %
b101011010110001011000111100111 ,
b100100000010111010100001010110 $
b100100000010111010100001010110 +
b10110001111001110000000000000000 /
b1101 0
b1111 3
b101011010110001011000111100111 2
b100100000010111010100001010110 1
b1001111 )
b1001111 (
#90000
b10011111110011110000000000000000 !
b10011111110011110000000000000000 .
b10101 &
b10101 -
b11111011111101011001111111001111 %
b11111011111101011001111111001111 ,
b1111111010000011010011111100110 $
b1111111010000011010011111100110 +
b10011111110011110000000000000000 /
b10101 3
b11111011111101011001111111001111 2
b1111111010000011010011111100110 1
b1010000 )
b1010000 (
#91000
b1 !
b1 .
b1100 #
b1100 *
b111 &
b111 -
b10101100010101001001011001011 %
b10101100010101001001011001011 ,
b1101111100111110100010001110010 $
b1101111100111110100010001110010 +
b1 /
b1100 0
b111 3
b10101100010101001001011001011 2
b1101111100111110100010001110010 1
b1010001 )
b1010001 (
#92000
b11011111010111101111011101110000 !
b11011111010111101111011101110000 .
b11 #
b11 *
b101 &
b101 -
b11001111010101101110011000010000 %
b11001111010101101110011000010000 ,
b11011010110100011010101110000 $
b11011010110100011010101110000 +
b11011111010111101111011101110000 /
b11 0
b101 3
b11001111010101101110011000010000 2
b11011010110100011010101110000 1
b1010010 )
b1010010 (
#93000
b1100000110101000000000000000000 !
b1100000110101000000000000000000 .
b1101 #
b1101 *
b11000 &
b11000 -
b101010101100100110000011010100 %
b101010101100100110000011010100 ,
b1101000101010111010111011011100 $
b1101000101010111010111011011100 +
b1100000110101000000000000000000 /
b1101 0
b11000 3
b101010101100100110000011010100 2
b1101000101010111010111011011100 1
b1010011 )
b1010011 (
#94000
b10011010110111001101010010110000 !
b10011010110111001101010010110000 .
b111 #
b111 *
b10110 &
b10110 -
b100100100000101110100101000111 %
b100100100000101110100101000111 ,
b10111111010111111011110111110111 $
b10111111010111111011110111110111 +
b10011010110111001101010010110000 /
b111 0
b10110 3
b100100100000101110100101000111 2
b10111111010111111011110111110111 1
b1010100 )
b1010100 (
#95000
b1 !
b1 .
b1100 #
b1100 *
b10 &
b10 -
b100101001011010101111010100 %
b100101001011010101111010100 ,
b10110010010001111011011100000111 $
b10110010010001111011011100000111 +
b1 /
b1100 0
b10 3
b100101001011010101111010100 2
b10110010010001111011011100000111 1
b1010101 )
b1010101 (
#96000
b1 !
b1 .
b1101 &
b1101 -
b11100100000111110000111101100 %
b11100100000111110000111101100 ,
b1010110110001011000111100100001 $
b1010110110001011000111100100001 +
b1101 3
b11100100000111110000111101100 2
b1010110110001011000111100100001 1
b1010110 )
b1010110 (
#97000
b11000100110000010100001000100101 !
b11000100110000010100001000100101 .
b10 #
b10 *
b110 &
b110 -
b101011001111000011100111010010 %
b101011001111000011100111010010 ,
b11001000111101000110110001010 $
b11001000111101000110110001010 +
b11000100110000010100001000100101 /
b10 0
b110 3
b101011001111000011100111010010 2
b11001000111101000110110001010 1
b1010111 )
b1010111 (
#98000
b10001000101101000000000000000000 !
b10001000101101000000000000000000 .
b100 #
b100 *
b10010 &
b10010 -
b10010000101000100010001000101101 %
b10010000101000100010001000101101 ,
b101100010000011010001100010000 $
b101100010000011010001100010000 +
b10001000101101000000000000000000 /
b100 0
b10010 3
b10010000101000100010001000101101 2
b101100010000011010001100010000 1
b1011000 )
b1011000 (
#99000
b0 !
b0 .
b1001 #
b1001 *
b1111 &
b1111 -
b110100100010011101101110011110 %
b110100100010011101101110011110 ,
b111010011000000110000110011000 $
b111010011000000110000110011000 +
b0 /
b1001 0
b1111 3
b110100100010011101101110011110 2
b111010011000000110000110011000 1
b1011001 )
b1011001 (
#100000
b10001000010100010011000101010100 !
b10001000010100010011000101010100 .
b1 #
b1 *
b1110 &
b1110 -
b10011100110110111011010101011110 %
b10011100110110111011010101011110 ,
b11101011011100010111000101010101 $
b11101011011100010111000101010101 +
b10001000010100010011000101010100 /
b1 0
b1110 3
b10011100110110111011010101011110 2
b11101011011100010111000101010101 1
b1011010 )
b1011010 (
#101000
b11011110101011101001111110111011 !
b11011110101011101001111110111011 .
b111 #
b111 *
b1010 &
b1010 -
b10111000100101111111101101111 %
b10111000100101111111101101111 ,
b11110101110000011001111100101010 $
b11110101110000011001111100101010 +
b11011110101011101001111110111011 /
b111 0
b1010 3
b10111000100101111111101101111 2
b11110101110000011001111100101010 1
b1011011 )
b1011011 (
#102000
b1 !
b1 .
b1001 #
b1001 *
b1100 &
b1100 -
b1101101011101001000111111 %
b1101101011101001000111111 ,
b10001000110110110111100010101100 $
b10001000110110110111100010101100 +
b1 /
b1001 0
b1100 3
b1101101011101001000111111 2
b10001000110110110111100010101100 1
b1011100 )
b1011100 (
#103000
b11100 !
b11100 .
b110 #
b110 *
b11010 &
b11010 -
b1110011010011100111001110011010 %
b1110011010011100111001110011010 ,
b1011001101110111011110100010110 $
b1011001101110111011110100010110 +
b11100 /
b110 0
b11010 3
b1110011010011100111001110011010 2
b1011001101110111011110100010110 1
b1011101 )
b1011101 (
#104000
b10000101111000000000000000000000 !
b10000101111000000000000000000000 .
b1101 #
b1101 *
b11001 &
b11001 -
b11001110010110011000010111100000 %
b11001110010110011000010111100000 ,
b11111010111011100000101000000001 $
b11111010111011100000101000000001 +
b10000101111000000000000000000000 /
b1101 0
b11001 3
b11001110010110011000010111100000 2
b11111010111011100000101000000001 1
b1011110 )
b1011110 (
#105000
b11111000001111100111011001110100 !
b11111000001111100111011001110100 .
b101 #
b101 *
b1 &
b1 -
b11110000011111001110110011101000 %
b11110000011111001110110011101000 ,
b11000100010011101101000101101 $
b11000100010011101101000101101 +
b11111000001111100111011001110100 /
b101 0
b1 3
b11110000011111001110110011101000 2
b11000100010011101101000101101 1
b1011111 )
b1011111 (
#106000
b0 !
b0 .
b1001 #
b1001 *
b11111000001010000100011111000111 %
b11111000001010000100011111000111 ,
b10111100011010100011110111100 $
b10111100011010100011110111100 +
b0 /
b1001 0
b11111000001010000100011111000111 2
b10111100011010100011110111100 1
b1100000 )
b1100000 (
#107000
b1011 #
b1011 *
b111 &
b111 -
b1001000010110000000001100101100 %
b1001000010110000000001100101100 ,
b1101101010101111001010101001100 $
b1101101010101111001010101001100 +
b1011 0
b111 3
b1001000010110000000001100101100 2
b1101101010101111001010101001100 1
b1100001 )
b1100001 (
#108000
b10100100000011001000100101101101 !
b10100100000011001000100101101101 .
b0 #
b0 *
b1001 &
b1001 -
b101110110100101101011001100010 %
b101110110100101101011001100010 ,
b1110101001110011011001100001011 $
b1110101001110011011001100001011 +
b10100100000011001000100101101101 /
b0 0
b1001 3
b101110110100101101011001100010 2
b1110101001110011011001100001011 1
b1100010 )
b1100010 (
#109000
b10010110000000000000100110010000 !
b10010110000000000000100110010000 .
b10 #
b10 *
b101 &
b101 -
b101001110101111011011000001011 %
b101001110101111011011000001011 ,
b1101001101011000100010001100101 $
b1101001101011000100010001100101 +
b10010110000000000000100110010000 /
b10 0
b101 3
b101001110101111011011000001011 2
b1101001101011000100010001100101 1
b1100011 )
b1100011 (
#110000
b10111110011111011111111001100111 !
b10111110011111011111111001100111 .
b11 #
b11 *
b10001 &
b10001 -
b10001000011101001111111001100001 %
b10001000011101001111111001100001 ,
b111110010011010010100000100111 $
b111110010011010010100000100111 +
b10111110011111011111111001100111 /
b11 0
b10001 3
b10001000011101001111111001100001 2
b111110010011010010100000100111 1
b1100100 )
b1100100 (
#111000
b11111110010100111011001000111 !
b11111110010100111011001000111 .
b1000 #
b1000 *
b1111 &
b1111 -
b10101000011100111001000110010001 %
b10101000011100111001000110010001 ,
b10110111101110011110011111010110 $
b10110111101110011110011111010110 +
b11111110010100111011001000111 /
b1000 0
b1111 3
b10101000011100111001000110010001 2
b10110111101110011110011111010110 1
b1100101 )
b1100101 (
#112000
b11110101110011010001111101100011 !
b11110101110011010001111101100011 .
b101 #
b101 *
b1 &
b1 -
b11101011100110100011111011000111 %
b11101011100110100011111011000111 ,
b10000011100100110000111001010010 $
b10000011100100110000111001010010 +
b11110101110011010001111101100011 /
b101 0
b1 3
b11101011100110100011111011000111 2
b10000011100100110000111001010010 1
b1100110 )
b1100110 (
#113000
b10000110101111110000000000000000 !
b10000110101111110000000000000000 .
b1101 #
b1101 *
b11011 &
b11011 -
b11111001100001111000011010111111 %
b11111001100001111000011010111111 ,
b11110001010111111010110010111111 $
b11110001010111111010110010111111 +
b10000110101111110000000000000000 /
b1101 0
b11011 3
b11111001100001111000011010111111 2
b11110001010111111010110010111111 1
b1100111 )
b1100111 (
#114000
b0 !
b0 .
b110 #
b110 *
b11110 &
b11110 -
b110000110110100101010001011110 %
b110000110110100101010001011110 ,
b10101111010101111001100010001011 $
b10101111010101111001100010001011 +
b0 /
b110 0
b11110 3
b110000110110100101010001011110 2
b10101111010101111001100010001011 1
b1101000 )
b1101000 (
#115000
b1010111001100011100000110001111 !
b1010111001100011100000110001111 .
b0 #
b0 *
b1100 &
b1100 -
b1011010100101001101000101101110 %
b1011010100101001101000101101110 ,
b11111100100111001111000000100001 $
b11111100100111001111000000100001 +
b1010111001100011100000110001111 /
b0 0
b1100 3
b1011010100101001101000101101110 2
b11111100100111001111000000100001 1
b1101001 )
b1101001 (
#116000
b0 !
b0 .
b1010 #
b1010 *
b10 &
b10 -
b11111001100011000111110000100 %
b11111001100011000111110000100 ,
b11100010101001010110011011101001 $
b11100010101001010110011011101001 +
b0 /
b1010 0
b10 3
b11111001100011000111110000100 2
b11100010101001010110011011101001 1
b1101010 )
b1101010 (
#117000
b1 !
b1 .
b1001 #
b1001 *
b1100 &
b1100 -
b1000101111100111011100011111010 %
b1000101111100111011100011111010 ,
b10000101100100010010001010001 $
b10000101100100010010001010001 +
b1 /
b1001 0
b1100 3
b1000101111100111011100011111010 2
b10000101100100010010001010001 1
b1101011 )
b1101011 (
#118000
b10110101100001 !
b10110101100001 .
b101 #
b101 *
b10000 &
b10000 -
b101101011000011111100111100000 %
b101101011000011111100111100000 ,
b1111111110110011101001111 $
b1111111110110011101001111 +
b10110101100001 /
b101 0
b10000 3
b101101011000011111100111100000 2
b1111111110110011101001111 1
b1101100 )
b1101100 (
#119000
b1000000010000000101011010000000 !
b1000000010000000101011010000000 .
b1 #
b1 *
b11011 &
b11011 -
b1000100110001100111111110000010 %
b1000100110001100111111110000010 ,
b1010011010000001101011010011101 $
b1010011010000001101011010011101 +
b1000000010000000101011010000000 /
b1 0
b11011 3
b1000100110001100111111110000010 2
b1010011010000001101011010011101 1
b1101101 )
b1101101 (
#120000
b0 !
b0 .
b1001 #
b1001 *
b1010 &
b1010 -
b11110100001100000000011001000000 %
b11110100001100000000011001000000 ,
b111101100011011101000011001100 $
b111101100011011101000011001100 +
b0 /
b1001 0
b1010 3
b11110100001100000000011001000000 2
b111101100011011101000011001100 1
b1101110 )
b1101110 (
#121000
b1111011100110100110 !
b1111011100110100110 .
b110 #
b110 *
b1101 &
b1101 -
b11110111001101001100011100011111 %
b11110111001101001100011100011111 ,
b11001001001111110010111011010111 $
b11001001001111110010111011010111 +
b1111011100110100110 /
b110 0
b1101 3
b11110111001101001100011100011111 2
b11001001001111110010111011010111 1
b1101111 )
b1101111 (
#122000
b10101100100000000000000000000000 !
b10101100100000000000000000000000 .
b100 #
b100 *
b10101 &
b10101 -
b10010101010010101101110101100100 %
b10010101010010101101110101100100 ,
b10100100010101111001011111110101 $
b10100100010101111001011111110101 +
b10101100100000000000000000000000 /
b100 0
b10101 3
b10010101010010101101110101100100 2
b10100100010101111001011111110101 1
b1110000 )
b1110000 (
#123000
b11101001011100001000000101100100 !
b11101001011100001000000101100100 .
b1000 #
b1000 *
b10110 &
b10110 -
b1000000001010011101000110111100 %
b1000000001010011101000110111100 ,
b10101001010110010101000011011000 $
b10101001010110010101000011011000 +
b11101001011100001000000101100100 /
b1000 0
b10110 3
b1000000001010011101000110111100 2
b10101001010110010101000011011000 1
b1110001 )
b1110001 (
#124000
b1001000001000010000000100100000 !
b1001000001000010000000100100000 .
b1 #
b1 *
b1110 &
b1110 -
b1001100001001010001000110100000 %
b1001100001001010001000110100000 ,
b11011010111110010110010100111000 $
b11011010111110010110010100111000 +
b1001000001000010000000100100000 /
b1 0
b1110 3
b1001100001001010001000110100000 2
b11011010111110010110010100111000 1
b1110010 )
b1110010 (
#125000
b1 !
b1 .
b1001 #
b1001 *
b110 &
b110 -
b110110011100110111011101100000 %
b110110011100110111011101100000 ,
b11011101000101001001001110001001 $
b11011101000101001001001110001001 +
b1 /
b1001 0
b110 3
b110110011100110111011101100000 2
b11011101000101001001001110001001 1
b1110011 )
b1110011 (
#126000
b101000101000 !
b101000101000 .
b101 #
b101 *
b10000 &
b10000 -
b1010001010000001000100110011 %
b1010001010000001000100110011 ,
b101011000110100000110010001111 $
b101011000110100000110010001111 +
b101000101000 /
b101 0
b10000 3
b1010001010000001000100110011 2
b101011000110100000110010001111 1
b1110100 )
b1110100 (
#127000
b1 !
b1 .
b1001 #
b1001 *
b11010 &
b11010 -
b11100111011001100010011100110101 %
b11100111011001100010011100110101 ,
b11100110110001010001111011001000 $
b11100110110001010001111011001000 +
b1 /
b1001 0
b11010 3
b11100111011001100010011100110101 2
b11100110110001010001111011001000 1
b1110101 )
b1110101 (
#128000
b1 !
b1 .
b1010 #
b1010 *
b1101 &
b1101 -
b1001111111011101000111100001001 %
b1001111111011101000111100001001 ,
b101110000110100111110101011101 $
b101110000110100111110101011101 +
b1010 0
b1101 3
b1001111111011101000111100001001 2
b101110000110100111110101011101 1
b1110110 )
b1110110 (
#129000
b1 !
b1 .
b1100 #
b1100 *
b1 &
b1 -
b10000100110001010001000011101110 %
b10000100110001010001000011101110 ,
b1011100101111111111010010000101 $
b1011100101111111111010010000101 +
b1100 0
b1 3
b10000100110001010001000011101110 2
b1011100101111111111010010000101 1
b1110111 )
b1110111 (
#130000
b1111001010000100100001010100011 !
b1111001010000100100001010100011 .
b1000 #
b1000 *
b10010 &
b10010 -
b11010010101000001001000000110110 %
b11010010101000001001000000110110 ,
b10101011111000101101001010010101 $
b10101011111000101101001010010101 +
b1111001010000100100001010100011 /
b1000 0
b10010 3
b11010010101000001001000000110110 2
b10101011111000101101001010010101 1
b1111000 )
b1111000 (
#131000
b11010001000000000101001010000011 !
b11010001000000000101001010000011 .
b1 #
b1 *
b10101 &
b10101 -
b11010111100011100101001110010111 %
b11010111100011100101001110010111 ,
b11010001010100010101101011001011 $
b11010001010100010101101011001011 +
b11010001000000000101001010000011 /
b1 0
b10101 3
b11010111100011100101001110010111 2
b11010001010100010101101011001011 1
b1111001 )
b1111001 (
#132000
b1010111001000101001000001000 !
b1010111001000101001000001000 .
b11100 &
b11100 -
b11010111101000101101001111100 %
b11010111101000101101001111100 ,
b10001011111001110111011000001011 $
b10001011111001110111011000001011 +
b1010111001000101001000001000 /
b11100 3
b11010111101000101101001111100 2
b10001011111001110111011000001011 1
b1111010 )
b1111010 (
#133000
b10100001111011000001010100000 !
b10100001111011000001010100000 .
b100 #
b100 *
b101 &
b101 -
b101000011110110000010101 %
b101000011110110000010101 ,
b10001101111110000100010010111000 $
b10001101111110000100010010111000 +
b10100001111011000001010100000 /
b100 0
b101 3
b101000011110110000010101 2
b10001101111110000100010010111000 1
b1111011 )
b1111011 (
#134000
b10011000000000000000100000110000 !
b10011000000000000000100000110000 .
b1 #
b1 *
b100 &
b100 -
b10011000000110001100100100110011 %
b10011000000110001100100100110011 ,
b11011110101000000011100001110000 $
b11011110101000000011100001110000 +
b10011000000000000000100000110000 /
b1 0
b100 3
b10011000000110001100100100110011 2
b11011110101000000011100001110000 1
b1111100 )
b1111100 (
#135000
b10010111011011101001101000010101 !
b10010111011011101001101000010101 .
b0 #
b0 *
b11010 &
b11010 -
b100111000111010110100010001011 %
b100111000111010110100010001011 ,
b1110000010100010011000110001010 $
b1110000010100010011000110001010 +
b10010111011011101001101000010101 /
b0 0
b11010 3
b100111000111010110100010001011 2
b1110000010100010011000110001010 1
b1111101 )
b1111101 (
#136000
b10010010100011111100000010101000 !
b10010010100011111100000010101000 .
b111 #
b111 *
b11011 &
b11011 -
b1100000110110011101101110010100 %
b1100000110110011101101110010100 ,
b11110011011010011001110000111100 $
b11110011011010011001110000111100 +
b10010010100011111100000010101000 /
b111 0
b11011 3
b1100000110110011101101110010100 2
b11110011011010011001110000111100 1
b1111110 )
b1111110 (
#137000
b100011001000001001110000110111 !
b100011001000001001110000110111 .
b0 #
b0 *
b1010 &
b1010 -
b11110001000100110010000101010011 %
b11110001000100110010000101010011 ,
b110010000011010111101011100100 $
b110010000011010111101011100100 +
b100011001000001001110000110111 /
b0 0
b1010 3
b11110001000100110010000101010011 2
b110010000011010111101011100100 1
b1111111 )
b1111111 (
#138000
b110000000000101000000010010 !
b110000000000101000000010010 .
b1 #
b1 *
b111 &
b111 -
b1110010010111111101110010010 %
b1110010010111111101110010010 ,
b10000110001000000101000000111110 $
b10000110001000000101000000111110 +
b110000000000101000000010010 /
b1 0
b111 3
b1110010010111111101110010010 2
b10000110001000000101000000111110 1
b10000000 )
b10000000 (
#139000
b0 !
b0 .
b1010 #
b1010 *
b1011 &
b1011 -
b10010111001111110010111101100 %
b10010111001111110010111101100 ,
b10100101101000101110010001011010 $
b10100101101000101110010001011010 +
b0 /
b1010 0
b1011 3
b10010111001111110010111101100 2
b10100101101000101110010001011010 1
b10000001 )
b10000001 (
#140000
b1 !
b1 .
b1100 #
b1100 *
b0 &
b0 -
b11110001111100001010001110101111 %
b11110001111100001010001110101111 ,
b1101110110011000111110010101010 $
b1101110110011000111110010101010 +
b1 /
b1100 0
b0 3
b11110001111100001010001110101111 2
b1101110110011000111110010101010 1
b10000010 )
b10000010 (
#141000
b10010010 !
b10010010 .
b110 #
b110 *
b11000 &
b11000 -
b10010010110110100010001011000010 %
b10010010110110100010001011000010 ,
b100010110001000000011111111 $
b100010110001000000011111111 +
b10010010 /
b110 0
b11000 3
b10010010110110100010001011000010 2
b100010110001000000011111111 1
b10000011 )
b10000011 (
#142000
b10100010101101011001011001010011 !
b10100010101101011001011001010011 .
b0 #
b0 *
b10001 &
b10001 -
b11000111111011110100101010101111 %
b11000111111011110100101010101111 ,
b11011010110001100100101110100100 $
b11011010110001100100101110100100 +
b10100010101101011001011001010011 /
b0 0
b10001 3
b11000111111011110100101010101111 2
b11011010110001100100101110100100 1
b10000100 )
b10000100 (
#143000
b1111101011111111111111111111010 !
b1111101011111111111111111111010 .
b11 #
b11 *
b1010 &
b1010 -
b1111101011111110110011111100010 %
b1111101011111110110011111100010 ,
b110100011110111011110010111010 $
b110100011110111011110010111010 +
b1111101011111111111111111111010 /
b11 0
b1010 3
b1111101011111110110011111100010 2
b110100011110111011110010111010 1
b10000101 )
b10000101 (
#144000
b1 !
b1 .
b1010 #
b1010 *
b11 &
b11 -
b11011011011101011010100111000101 %
b11011011011101011010100111000101 ,
b1100101000000011010111011001011 $
b1100101000000011010111011001011 +
b1 /
b1010 0
b11 3
b11011011011101011010100111000101 2
b1100101000000011010111011001011 1
b10000110 )
b10000110 (
#145000
b11111111111111111111111111111110 !
b11111111111111111111111111111110 .
b101 #
b101 *
b11101 &
b11101 -
b11001111001001111110100001100001 %
b11001111001001111110100001100001 ,
b10100100011001000111000000111100 $
b10100100011001000111000000111100 +
b11111111111111111111111111111110 /
b101 0
b11101 3
b11001111001001111110100001100001 2
b10100100011001000111000000111100 1
b10000111 )
b10000111 (
#146000
b1000011100001100000011000000000 !
b1000011100001100000011000000000 .
b10 #
b10 *
b10101 &
b10101 -
b10101100011110000111100001000110 %
b10101100011110000111100001000110 ,
b10110000000100011100100110111101 $
b10110000000100011100100110111101 +
b1000011100001100000011000000000 /
b10 0
b10101 3
b10101100011110000111100001000110 2
b10110000000100011100100110111101 1
b10001000 )
b10001000 (
#147000
b10000100000000000000100001001 !
b10000100000000000000100001001 .
b1111 &
b1111 -
b1000101001011111111111011110110 %
b1000101001011111111111011110110 ,
b10101010010111001110100000110100 $
b10101010010111001110100000110100 +
b10000100000000000000100001001 /
b1111 3
b1000101001011111111111011110110 2
b10101010010111001110100000110100 1
b10001001 )
b10001001 (
#148000
b11111011100010110000000000000000 !
b11111011100010110000000000000000 .
b1101 #
b1101 *
b1101 &
b1101 -
b10110000000110001111101110001011 %
b10110000000110001111101110001011 ,
b10001110000001110110100111001111 $
b10001110000001110110100111001111 +
b11111011100010110000000000000000 /
b1101 0
b1101 3
b10110000000110001111101110001011 2
b10001110000001110110100111001111 1
b10001010 )
b10001010 (
#149000
b1 !
b1 .
b1001 #
b1001 *
b10101 &
b10101 -
b11010100010010011010010101100000 %
b11010100010010011010010101100000 ,
b11001000101100010011111001001110 $
b11001000101100010011111001001110 +
b1 /
b1001 0
b10101 3
b11010100010010011010010101100000 2
b11001000101100010011111001001110 1
b10001011 )
b10001011 (
#150000
b1 !
b1 .
b1010 #
b1010 *
b1001 &
b1001 -
b10001000011000010000101101010111 %
b10001000011000010000101101010111 ,
b10000001010011010001100001100010 $
b10000001010011010001100001100010 +
b1010 0
b1001 3
b10001000011000010000101101010111 2
b10000001010011010001100001100010 1
b10001100 )
b10001100 (
#151000
b11111001000111110010100110010010 !
b11111001000111110010100110010010 .
b111 #
b111 *
b11011 &
b11011 -
b1011011011100010011100101100111 %
b1011011011100010011100101100111 ,
b1010100100100000110001011111001 $
b1010100100100000110001011111001 +
b11111001000111110010100110010010 /
b111 0
b11011 3
b1011011011100010011100101100111 2
b1010100100100000110001011111001 1
b10001101 )
b10001101 (
#152000
b1 !
b1 .
b1001 #
b1001 *
b10001 &
b10001 -
b1011000000001001110110101000010 %
b1011000000001001110110101000010 ,
b100000110101100101100101101101 $
b100000110101100101100101101101 +
b1 /
b1001 0
b10001 3
b1011000000001001110110101000010 2
b100000110101100101100101101101 1
b10001110 )
b10001110 (
#153000
b10011001100010001000000100000010 !
b10011001100010001000000100000010 .
b1 #
b1 *
b10110 &
b10110 -
b11111011100011011000001101101010 %
b11111011100011011000001101101010 ,
b10011101100110101010110110000111 $
b10011101100110101010110110000111 +
b10011001100010001000000100000010 /
b1 0
b10110 3
b11111011100011011000001101101010 2
b10011101100110101010110110000111 1
b10001111 )
b10001111 (
#154000
b10111100000000101000010100011001 !
b10111100000000101000010100011001 .
b1 &
b1 -
b10111110001000101111010110111001 %
b10111110001000101111010110111001 ,
b11111101000100111000011101011011 $
b11111101000100111000011101011011 +
b10111100000000101000010100011001 /
b1 3
b10111110001000101111010110111001 2
b11111101000100111000011101011011 1
b10010000 )
b10010000 (
#155000
b10110000100000010000000000000000 !
b10110000100000010000000000000000 .
b1101 #
b1101 *
b1111 &
b1111 -
b11111001111100011011000010000001 %
b11111001111100011011000010000001 ,
b1000010011000100011011000001 $
b1000010011000100011011000001 +
b10110000100000010000000000000000 /
b1101 0
b1111 3
b11111001111100011011000010000001 2
b1000010011000100011011000001 1
b10010001 )
b10010001 (
#156000
b11000000000000100011000 !
b11000000000000100011000 .
b1 #
b1 *
b11100 &
b11100 -
b110110111000001100110100011010 %
b110110111000001100110100011010 ,
b11010100011001111111001 $
b11010100011001111111001 +
b11000000000000100011000 /
b1 0
b11100 3
b110110111000001100110100011010 2
b11010100011001111111001 1
b10010010 )
b10010010 (
#157000
b0 !
b0 .
b1001 #
b1001 *
b1010 &
b1010 -
b11010100000101100111010010101001 %
b11010100000101100111010010101001 ,
b1000001100110101101011100010 $
b1000001100110101101011100010 +
b0 /
b1001 0
b1010 3
b11010100000101100111010010101001 2
b1000001100110101101011100010 1
b10010011 )
b10010011 (
#158000
b1011 #
b1011 *
b1110010010001101010000000101 %
b1110010010001101010000000101 ,
b10101111110000111010001000011110 $
b10101111110000111010001000011110 +
b1011 0
b1110010010001101010000000101 2
b10101111110000111010001000011110 1
b10010100 )
b10010100 (
#159000
b1 !
b1 .
b1001 #
b1001 *
b1101 &
b1101 -
b110110010000010111111011100101 %
b110110010000010111111011100101 ,
b10010101101010001000101010110110 $
b10010101101010001000101010110110 +
b1 /
b1001 0
b1101 3
b110110010000010111111011100101 2
b10010101101010001000101010110110 1
b10010101 )
b10010101 (
#160000
b10101101001001011100101111001010 !
b10101101001001011100101111001010 .
b1000 #
b1000 *
b11011 &
b11011 -
b11110000100001100101000010100100 %
b11110000100001100101000010100100 ,
b1011101101000111001101101101110 $
b1011101101000111001101101101110 +
b10101101001001011100101111001010 /
b1000 0
b11011 3
b11110000100001100101000010100100 2
b1011101101000111001101101101110 1
b10010110 )
b10010110 (
#161000
b1111001100010000100010100100111 !
b1111001100010000100010100100111 .
b0 #
b0 *
b11101 &
b11101 -
b100001100100101001111101001000 %
b100001100100101001111101001000 ,
b1010111111101011010010111011111 $
b1010111111101011010010111011111 +
b1111001100010000100010100100111 /
b0 0
b11101 3
b100001100100101001111101001000 2
b1010111111101011010010111011111 1
b10010111 )
b10010111 (
#162000
b10000000110010000000000000100100 !
b10000000110010000000000000100100 .
b10 #
b10 *
b100 &
b100 -
b1001010000101110110000011011000 %
b1001010000101110110000011011000 ,
b111111001000111001111111000011 $
b111111001000111001111111000011 +
b10000000110010000000000000100100 /
b10 0
b100 3
b1001010000101110110000011011000 2
b111111001000111001111111000011 1
b10011000 )
b10011000 (
#163000
b11111111101100111111010 !
b11111111101100111111010 .
b1000 #
b1000 *
b10101 &
b10101 -
b11111101000110011101101000100111 %
b11111101000110011101101000100111 ,
b11111101011001100000001111011101 $
b11111101011001100000001111011101 +
b11111111101100111111010 /
b1000 0
b10101 3
b11111101000110011101101000100111 2
b11111101011001100000001111011101 1
b10011001 )
b10011001 (
#164000
b1 !
b1 .
b1100 #
b1100 *
b1 &
b1 -
b11100110001100011101101001111111 %
b11100110001100011101101001111111 ,
b11001001100110110110001000110000 $
b11001001100110110110001000110000 +
b1 /
b1100 0
b1 3
b11100110001100011101101001111111 2
b11001001100110110110001000110000 1
b10011010 )
b10011010 (
#165000
b10011011110000000000000000 !
b10011011110000000000000000 .
b1101 #
b1101 *
b1000 &
b1000 -
b11110111011001000000001001101111 %
b11110111011001000000001001101111 ,
b1010010100110100011110010101001 $
b1010010100110100011110010101001 +
b10011011110000000000000000 /
b1101 0
b1000 3
b11110111011001000000001001101111 2
b1010010100110100011110010101001 1
b10011011 )
b10011011 (
#166000
b10100111010010010100111100000000 !
b10100111010010010100111100000000 .
b100 #
b100 *
b10110010101001110100100101001111 %
b10110010101001110100100101001111 ,
b10100001111001001101001111001000 $
b10100001111001001101001111001000 +
b10100111010010010100111100000000 /
b100 0
b10110010101001110100100101001111 2
b10100001111001001101001111001000 1
b10011100 )
b10011100 (
#167000
b11010111001000000100000000110111 !
b11010111001000000100000000110111 .
b0 #
b0 *
b10011 &
b10011 -
b101110001111101111100111001011 %
b101110001111101111100111001011 ,
b10101000111000010100011001101100 $
b10101000111000010100011001101100 +
b11010111001000000100000000110111 /
b0 0
b10011 3
b101110001111101111100111001011 2
b10101000111000010100011001101100 1
b10011101 )
b10011101 (
#168000
b101010000000100010010110010100 !
b101010000000100010010110010100 .
b1110 &
b1110 -
b10100010001111100011011110010011 %
b10100010001111100011011110010011 ,
b10000111110000111110111000000001 $
b10000111110000111110111000000001 +
b101010000000100010010110010100 /
b1110 3
b10100010001111100011011110010011 2
b10000111110000111110111000000001 1
b10011110 )
b10011110 (
#169000
b0 !
b0 .
b1011 #
b1011 *
b1001 &
b1001 -
b10110010010010111110110101000010 %
b10110010010010111110110101000010 ,
b110111111110011101111011001100 $
b110111111110011101111011001100 +
b0 /
b1011 0
b1001 3
b10110010010010111110110101000010 2
b110111111110011101111011001100 1
b10011111 )
b10011111 (
#170000
b1011101001111001100100111110 !
b1011101001111001100100111110 .
b101 #
b101 *
b11 &
b11 -
b1011101001111001100100111110110 %
b1011101001111001100100111110110 ,
b10001000110100001000010001100100 $
b10001000110100001000010001100100 +
b1011101001111001100100111110 /
b101 0
b11 3
b1011101001111001100100111110110 2
b10001000110100001000010001100100 1
b10100000 )
b10100000 (
#171000
b10000100000000010001001010010000 !
b10000100000000010001001010010000 .
b1 #
b1 *
b11000 &
b11000 -
b11101100111100010111111111011000 %
b11101100111100010111111111011000 ,
b10010101000001010001001010110101 $
b10010101000001010001001010110101 +
b10000100000000010001001010010000 /
b1 0
b11000 3
b11101100111100010111111111011000 2
b10010101000001010001001010110101 1
b10100001 )
b10100001 (
#172000
b11000010100110010110111011001111 !
b11000010100110010110111011001111 .
b111 #
b111 *
b1000 &
b1000 -
b10110001011011000110000101010010 %
b10110001011011000110000101010010 ,
b1110100000001011101000000100001 $
b1110100000001011101000000100001 +
b11000010100110010110111011001111 /
b111 0
b1000 3
b10110001011011000110000101010010 2
b1110100000001011101000000100001 1
b10100010 )
b10100010 (
#173000
b1 !
b1 .
b1100 #
b1100 *
b11010 &
b11010 -
b1011000111001010000111101001000 %
b1011000111001010000111101001000 ,
b110010101000011001000110001101 $
b110010101000011001000110001101 +
b1 /
b1100 0
b11010 3
b1011000111001010000111101001000 2
b110010101000011001000110001101 1
b10100011 )
b10100011 (
#174000
b110111101011110011010 !
b110111101011110011010 .
b110 #
b110 *
b1011 &
b1011 -
b11011110101111001101001100010001 %
b11011110101111001101001100010001 ,
b10110100010100001001011000110001 $
b10110100010100001001011000110001 +
b110111101011110011010 /
b110 0
b1011 3
b11011110101111001101001100010001 2
b10110100010100001001011000110001 1
b10100100 )
b10100100 (
#175000
b11110111111001010000000000000000 !
b11110111111001010000000000000000 .
b1101 #
b1101 *
b101 &
b101 -
b10000000100000111111011111100101 %
b10000000100000111111011111100101 ,
b111111100011110001000101011001 $
b111111100011110001000101011001 +
b11110111111001010000000000000000 /
b1101 0
b101 3
b10000000100000111111011111100101 2
b111111100011110001000101011001 1
b10100101 )
b10100101 (
#176000
b10100001011010001111100100100000 !
b10100001011010001111100100100000 .
b100 #
b100 *
b10011101000010110100011111001001 %
b10011101000010110100011111001001 ,
b11010101111010000010110101000111 $
b11010101111010000010110101000111 +
b10100001011010001111100100100000 /
b100 0
b10011101000010110100011111001001 2
b11010101111010000010110101000111 1
b10100110 )
b10100110 (
#177000
b10011000000010010000000000000000 !
b10011000000010010000000000000000 .
b1101 #
b1101 *
b1001 &
b1001 -
b10001011010001111001100000001001 %
b10001011010001111001100000001001 ,
b11110010011101101100110111010100 $
b11110010011101101100110111010100 +
b10011000000010010000000000000000 /
b1101 0
b1001 3
b10001011010001111001100000001001 2
b11110010011101101100110111010100 1
b10100111 )
b10100111 (
#178000
b1101000000000000000000000000000 !
b1101000000000000000000000000000 .
b100 #
b100 *
b10101 &
b10101 -
b10010000000110100110101101000000 %
b10010000000110100110101101000000 ,
b11101010010110001110010110000101 $
b11101010010110001110010110000101 +
b1101000000000000000000000000000 /
b100 0
b10101 3
b10010000000110100110101101000000 2
b11101010010110001110010110000101 1
b10101000 )
b10101000 (
#179000
b11111110011001111011111111110110 !
b11111110011001111011111111110110 .
b11 #
b11 *
b11111 &
b11111 -
b1011110011001101001101110010110 %
b1011110011001101001101110010110 ,
b10111010010000010011010011100010 $
b10111010010000010011010011100010 +
b11111110011001111011111111110110 /
b11 0
b11111 3
b1011110011001101001101110010110 2
b10111010010000010011010011100010 1
b10101001 )
b10101001 (
#180000
b11110110100001011110111010100001 !
b11110110100001011110111010100001 .
b1000 #
b1000 *
b1011 &
b1011 -
b10101001110101001010000110111000 %
b10101001110101001010000110111000 ,
b1011111010100010100111100011001 $
b1011111010100010100111100011001 +
b11110110100001011110111010100001 /
b1000 0
b1011 3
b10101001110101001010000110111000 2
b1011111010100010100111100011001 1
b10101010 )
b10101010 (
#181000
b11011111101010110111110011111011 !
b11011111101010110111110011111011 .
b11 #
b11 *
b10101 &
b10101 -
b10011100000010100110010011010 %
b10011100000010100110010011010 ,
b11011101101010100111110011110011 $
b11011101101010100111110011110011 +
b11011111101010110111110011111011 /
b11 0
b10101 3
b10011100000010100110010011010 2
b11011101101010100111110011110011 1
b10101011 )
b10101011 (
#182000
b1101111111111110000001100101100 !
b1101111111111110000001100101100 .
b1000 #
b1000 *
b11011 &
b11011 -
b10101100100011001001001011110 %
b10101100100011001001001011110 ,
b1111010011011101001000101110010 $
b1111010011011101001000101110010 +
b1101111111111110000001100101100 /
b1000 0
b11011 3
b10101100100011001001001011110 2
b1111010011011101001000101110010 1
b10101100 )
b10101100 (
#183000
b10001111110101111111110110101101 !
b10001111110101111111110110101101 .
b11 #
b11 *
b10001 &
b10001 -
b10000010110100101100110110101100 %
b10000010110100101100110110101100 ,
b10001111100001010011010000100001 $
b10001111100001010011010000100001 +
b10001111110101111111110110101101 /
b11 0
b10001 3
b10000010110100101100110110101100 2
b10001111100001010011010000100001 1
b10101101 )
b10101101 (
#184000
b111011101010001111011001100100 !
b111011101010001111011001100100 .
b0 #
b0 *
b111 &
b111 -
b110001011100001011111101 %
b110001011100001011111101 ,
b111010111000110011001101100111 $
b111010111000110011001101100111 +
b111011101010001111011001100100 /
b0 0
b111 3
b110001011100001011111101 2
b111010111000110011001101100111 1
b10101110 )
b10101110 (
#185000
b0 !
b0 .
b1011 #
b1011 *
b10100 &
b10100 -
b111111110100010110011011000111 %
b111111110100010110011011000111 ,
b1011000111111110010101101110010 $
b1011000111111110010101101110010 +
b0 /
b1011 0
b10100 3
b111111110100010110011011000111 2
b1011000111111110010101101110010 1
b10101111 )
b10101111 (
#186000
b1 !
b1 .
b1001 #
b1001 *
b1111 &
b1111 -
b1001101111010111111111111010011 %
b1001101111010111111111111010011 ,
b10110111111000011101011111010 $
b10110111111000011101011111010 +
b1 /
b1001 0
b1111 3
b1001101111010111111111111010011 2
b10110111111000011101011111010 1
b10110000 )
b10110000 (
#187000
b1 !
b1 .
b1010 #
b1010 *
b1010 &
b1010 -
b10101010000110001110111000111110 %
b10101010000110001110111000111110 ,
b101000001000000111100000010 $
b101000001000000111100000010 +
b1010 0
b1010 3
b10101010000110001110111000111110 2
b101000001000000111100000010 1
b10110001 )
b10110001 (
#188000
b1010000000000000001000100001111 !
b1010000000000000001000100001111 .
b10 #
b10 *
b10001 &
b10001 -
b10101010110110111110111001010000 %
b10101010110110111110111001010000 ,
b10001101011101110000100010100000 $
b10001101011101110000100010100000 +
b1010000000000000001000100001111 /
b10 0
b10001 3
b10101010110110111110111001010000 2
b10001101011101110000100010100000 1
b10110010 )
b10110010 (
#189000
b11110010011001010000000000000000 !
b11110010011001010000000000000000 .
b1101 #
b1101 *
b11001 &
b11001 -
b1010110101101001111001001100101 %
b1010110101101001111001001100101 ,
b11110111111011011101001110001010 $
b11110111111011011101001110001010 +
b11110010011001010000000000000000 /
b1101 0
b11001 3
b1010110101101001111001001100101 2
b11110111111011011101001110001010 1
b10110011 )
b10110011 (
#190000
b0 !
b0 .
b1011 #
b1011 *
b1001 &
b1001 -
b1001110000111001000101001100000 %
b1001110000111001000101001100000 ,
b11111001001101111010001010111101 $
b11111001001101111010001010111101 +
b0 /
b1011 0
b1001 3
b1001110000111001000101001100000 2
b11111001001101111010001010111101 1
b10110100 )
b10110100 (
#191000
b1111100011001110000000000000000 !
b1111100011001110000000000000000 .
b1101 #
b1101 *
b10100 &
b10100 -
b11000010001010100111110001100111 %
b11000010001010100111110001100111 ,
b1010100111100111010011000101111 $
b1010100111100111010011000101111 +
b1111100011001110000000000000000 /
b1101 0
b10100 3
b11000010001010100111110001100111 2
b1010100111100111010011000101111 1
b10110101 )
b10110101 (
#192000
b111011110100000110010 !
b111011110100000110010 .
b101 #
b101 *
b101 &
b101 -
b11101111010000011001010000 %
b11101111010000011001010000 ,
b11100101101001101011011000100011 $
b11100101101001101011011000100011 +
b111011110100000110010 /
b101 0
b101 3
b11101111010000011001010000 2
b11100101101001101011011000100011 1
b10110110 )
b10110110 (
#193000
b11011111101011111011111111100111 !
b11011111101011111011111111100111 .
b11 #
b11 *
b0 &
b0 -
b11011010101011111010100011000100 %
b11011010101011111010100011000100 ,
b1000101000011011001111111100111 $
b1000101000011011001111111100111 +
b11011111101011111011111111100111 /
b11 0
b0 3
b11011010101011111010100011000100 2
b1000101000011011001111111100111 1
b10110111 )
b10110111 (
#194000
b111110001100001000000000000000 !
b111110001100001000000000000000 .
b100 #
b100 *
b1101 &
b1101 -
b111011010010011111000110000100 %
b111011010010011111000110000100 ,
b11010011100100010110010000100100 $
b11010011100100010110010000100100 +
b111110001100001000000000000000 /
b100 0
b1101 3
b111011010010011111000110000100 2
b11010011100100010110010000100100 1
b10111000 )
b10111000 (
#195000
b11101111011000001010010001110111 !
b11101111011000001010010001110111 .
b0 #
b0 *
b10011 &
b10011 -
b1100010010110100011011100011000 %
b1100010010110100011011100011000 ,
b10001101000001100110110101011111 $
b10001101000001100110110101011111 +
b11101111011000001010010001110111 /
b0 0
b10011 3
b1100010010110100011011100011000 2
b10001101000001100110110101011111 1
b10111001 )
b10111001 (
#196000
b1 !
b1 .
b1010 #
b1010 *
b11010 &
b11010 -
b1111111000011010111110101110010 %
b1111111000011010111110101110010 ,
b1110100011100010011110010101010 $
b1110100011100010011110010101010 +
b1 /
b1010 0
b11010 3
b1111111000011010111110101110010 2
b1110100011100010011110010101010 1
b10111010 )
b10111010 (
#197000
b1 !
b1 .
b1100 #
b1100 *
b11101 &
b11101 -
b10001100101111000001110011110110 %
b10001100101111000001110011110110 ,
b11100010110000011000110110101 $
b11100010110000011000110110101 +
b1100 0
b11101 3
b10001100101111000001110011110110 2
b11100010110000011000110110101 1
b10111011 )
b10111011 (
#198000
b0 !
b0 .
b1001 #
b1001 *
b11100010000100010001011011100001 %
b11100010000100010001011011100001 ,
b1000111100010001111010101111110 $
b1000111100010001111010101111110 +
b0 /
b1001 0
b11100010000100010001011011100001 2
b1000111100010001111010101111110 1
b10111100 )
b10111100 (
#199000
b11011111110111111101100110110101 !
b11011111110111111101100110110101 .
b11 #
b11 *
b10 &
b10 -
b11011101010111101001100110010101 %
b11011101010111101001100110010101 ,
b1001111110000111101000110110100 $
b1001111110000111101000110110100 +
b11011111110111111101100110110101 /
b11 0
b10 3
b11011101010111101001100110010101 2
b1001111110000111101000110110100 1
b10111101 )
b10111101 (
#200000
b1 !
b1 .
b1100 #
b1100 *
b110 &
b110 -
b111011001110001011111110100001 %
b111011001110001011111110100001 ,
b1101101011000000100000111001110 $
b1101101011000000100000111001110 +
b1 /
b1100 0
b110 3
b111011001110001011111110100001 2
b1101101011000000100000111001110 1
b10111110 )
b10111110 (
#201000
b1101000110000000000000000000000 !
b1101000110000000000000000000000 .
b100 #
b100 *
b10110 &
b10110 -
b11011001010100000100000110100011 %
b11011001010100000100000110100011 ,
b10110100111100000011010110110000 $
b10110100111100000011010110110000 +
b1101000110000000000000000000000 /
b100 0
b10110 3
b11011001010100000100000110100011 2
b10110100111100000011010110110000 1
b10111111 )
b10111111 (
#202000
b1101011111111100000000000000000 !
b1101011111111100000000000000000 .
b1101 #
b1101 *
b1101 &
b1101 -
b11110111110000010110101111111110 %
b11110111110000010110101111111110 ,
b11110111011000000111100011010111 $
b11110111011000000111100011010111 +
b1101011111111100000000000000000 /
b1101 0
b1101 3
b11110111110000010110101111111110 2
b11110111011000000111100011010111 1
b11000000 )
b11000000 (
#203000
b1011000110000100000010010000 !
b1011000110000100000010010000 .
b10 #
b10 *
b10000 &
b10000 -
b11100000011001100011010100100111 %
b11100000011001100011010100100111 ,
b11110100110001111010101101101001 $
b11110100110001111010101101101001 +
b1011000110000100000010010000 /
b10 0
b10000 3
b11100000011001100011010100100111 2
b11110100110001111010101101101001 1
b11000001 )
b11000001 (
#204000
b1111001000111001001000111110101 !
b1111001000111001001000111110101 .
b111 #
b111 *
b10100 &
b10100 -
b1000001011111010001111011001110 %
b1000001011111010001111011001110 ,
b10111010100110011011000011000011 $
b10111010100110011011000011000011 +
b1111001000111001001000111110101 /
b111 0
b10100 3
b1000001011111010001111011001110 2
b10111010100110011011000011000011 1
b11000010 )
b11000010 (
#205000
b10000111000100000000000000000000 !
b10000111000100000000000000000000 .
b1101 #
b1101 *
b11101 &
b11101 -
b11010111101110001000011100010000 %
b11010111101110001000011100010000 ,
b1100111101010000010010110010110 $
b1100111101010000010010110010110 +
b10000111000100000000000000000000 /
b1101 0
b11101 3
b11010111101110001000011100010000 2
b1100111101010000010010110010110 1
b11000011 )
b11000011 (
#206000
b1011000010001000110010100100011 !
b1011000010001000110010100100011 .
b10 #
b10 *
b10111 &
b10111 -
b10100101101100011000100011011100 %
b10100101101100011000100011011100 ,
b10101010111001001011000100 $
b10101010111001001011000100 +
b1011000010001000110010100100011 /
b10 0
b10111 3
b10100101101100011000100011011100 2
b10101010111001001011000100 1
b11000100 )
b11000100 (
#207000
b111000110 !
b111000110 .
b101 #
b101 *
b10110 &
b10110 -
b1110001101010110110101100101100 %
b1110001101010110110101100101100 ,
b1010001101100010101000000101000 $
b1010001101100010101000000101000 +
b111000110 /
b101 0
b10110 3
b1110001101010110110101100101100 2
b1010001101100010101000000101000 1
b11000101 )
b11000101 (
#208000
b1110011111111111111110011111111 !
b1110011111111111111110011111111 .
b11 #
b11 *
b1010 &
b1010 -
b1100001101100001110010010111011 %
b1100001101100001110010010111011 ,
b1010010111111111011110011000110 $
b1010010111111111011110011000110 +
b1110011111111111111110011111111 /
b11 0
b1010 3
b1100001101100001110010010111011 2
b1010010111111111011110011000110 1
b11000110 )
b11000110 (
#209000
b1000000000110100101111100001 !
b1000000000110100101111100001 .
b0 #
b0 *
b10001 &
b10001 -
b10101101011101000110001000001000 %
b10101101011101000110001000001000 ,
b1011010100011101110100111011001 $
b1011010100011101110100111011001 +
b1000000000110100101111100001 /
b0 0
b10001 3
b10101101011101000110001000001000 2
b1011010100011101110100111011001 1
b11000111 )
b11000111 (
#210000
b11010101101011000010101110011111 !
b11010101101011000010101110011111 .
b111 #
b111 *
b11101 &
b11101 -
b1001100011101110111100101001010 %
b1001100011101110111100101001010 ,
b100010001000111010010011101001 $
b100010001000111010010011101001 +
b11010101101011000010101110011111 /
b111 0
b11101 3
b1001100011101110111100101001010 2
b100010001000111010010011101001 1
b11001000 )
b11001000 (
#211000
b10101100000110001001000110011001 !
b10101100000110001001000110011001 .
b1 #
b1 *
b111 &
b111 -
b10101101001111111111100111011111 %
b10101101001111111111100111011111 ,
b11111110010110001001010110011001 $
b11111110010110001001010110011001 +
b10101100000110001001000110011001 /
b1 0
b111 3
b10101101001111111111100111011111 2
b11111110010110001001010110011001 1
b11001001 )
b11001001 (
#212000
b10101001000111101000110000000000 !
b10101001000111101000110000000000 .
b100 #
b100 *
b1001 &
b1001 -
b10100010010101001000111101000110 %
b10100010010101001000111101000110 ,
b100001100011000111111110100000 $
b100001100011000111111110100000 +
b10101001000111101000110000000000 /
b100 0
b1001 3
b10100010010101001000111101000110 2
b100001100011000111111110100000 1
b11001010 )
b11001010 (
#213000
b101111001010011101001000100 !
b101111001010011101001000100 .
b101 #
b101 *
b1 &
b1 -
b1011110010100111010010001000 %
b1011110010100111010010001000 ,
b10011001001000011001100000000000 $
b10011001001000011001100000000000 +
b101111001010011101001000100 /
b101 0
b1 3
b1011110010100111010010001000 2
b10011001001000011001100000000000 1
b11001011 )
b11001011 (
#214000
b11111111111110100100101001100111 !
b11111111111110100100101001100111 .
b1011 &
b1011 -
b11010010010100110011101010001101 %
b11010010010100110011101010001101 ,
b11011010100000110011011101000101 $
b11011010100000110011011101000101 +
b11111111111110100100101001100111 /
b1011 3
b11010010010100110011101010001101 2
b11011010100000110011011101000101 1
b11001100 )
b11001100 (
#215000
b1101011100111100000000000000000 !
b1101011100111100000000000000000 .
b1101 #
b1101 *
b10110 &
b10110 -
b11101011000011100110101110011110 %
b11101011000011100110101110011110 ,
b1110001111010110011000001110 $
b1110001111010110011000001110 +
b1101011100111100000000000000000 /
b1101 0
b10110 3
b11101011000011100110101110011110 2
b1110001111010110011000001110 1
b11001101 )
b11001101 (
#216000
b1 !
b1 .
b1010 #
b1010 *
b11 &
b11 -
b10110011110111110001111101111101 %
b10110011110111110001111101111101 ,
b111101000110000111111000010101 $
b111101000110000111111000010101 +
b1 /
b1010 0
b11 3
b10110011110111110001111101111101 2
b111101000110000111111000010101 1
b11001110 )
b11001110 (
#217000
b11111011101101101111100011111 !
b11111011101101101111100011111 .
b11 #
b11 *
b10101 &
b10101 -
b1001000001000101111100011011 %
b1001000001000101111100011011 ,
b10110011100101000000000011101 $
b10110011100101000000000011101 +
b11111011101101101111100011111 /
b11 0
b10101 3
b1001000001000101111100011011 2
b10110011100101000000000011101 1
b11001111 )
b11001111 (
#218000
b111111101100101001011110011100 !
b111111101100101001011110011100 .
b111 #
b111 *
b10100 &
b10100 -
b10101110000000010001111111000 %
b10101110000000010001111111000 ,
b1010101011100101011101110010100 $
b1010101011100101011101110010100 +
b111111101100101001011110011100 /
b111 0
b10100 3
b10101110000000010001111111000 2
b1010101011100101011101110010100 1
b11010000 )
b11010000 (
#219000
b110010110101100010001101000101 !
b110010110101100010001101000101 .
b1 #
b1 *
b10000 &
b10000 -
b110110110101100111001101010101 %
b110110110101100111001101010101 ,
b110010111111110010111101000101 $
b110010111111110010111101000101 +
b110010110101100010001101000101 /
b1 0
b10000 3
b110110110101100111001101010101 2
b110010111111110010111101000101 1
b11010001 )
b11010001 (
#220000
b0 !
b0 .
b1011 #
b1011 *
b11110 &
b11110 -
b1100101101110110001011001001 %
b1100101101110110001011001001 ,
b11110000001011110010101000011110 $
b11110000001011110010101000011110 +
b0 /
b1011 0
b11110 3
b1100101101110110001011001001 2
b11110000001011110010101000011110 1
b11010010 )
b11010010 (
#221000
b1 !
b1 .
b1010 #
b1010 *
b11101 &
b11101 -
b11110110110011001110010010110011 %
b11110110110011001110010010110011 ,
b11101001010111101001000111101001 $
b11101001010111101001000111101001 +
b1 /
b1010 0
b11101 3
b11110110110011001110010010110011 2
b11101001010111101001000111101001 1
b11010011 )
b11010011 (
#222000
b11010000011010111000001100100 !
b11010000011010111000001100100 .
b1000 #
b1000 *
b1001 &
b1001 -
b1001000110110111011100011000100 %
b1001000110110111011100011000100 ,
b1010010110101101100100010100000 $
b1010010110101101100100010100000 +
b11010000011010111000001100100 /
b1000 0
b1001 3
b1001000110110111011100011000100 2
b1010010110101101100100010100000 1
b11010100 )
b11010100 (
#223000
b1 !
b1 .
b1001 #
b1001 *
b11101 &
b11101 -
b1111100000010000111101000001111 %
b1111100000010000111101000001111 ,
b1101111011000101011100010 $
b1101111011000101011100010 +
b1 /
b1001 0
b11101 3
b1111100000010000111101000001111 2
b1101111011000101011100010 1
b11010101 )
b11010101 (
#224000
b0 !
b0 .
b1011 #
b1011 *
b10 &
b10 -
b11000011111110000010000011101 %
b11000011111110000010000011101 ,
b1010000100000011000010110010110 $
b1010000100000011000010110010110 +
b0 /
b1011 0
b10 3
b11000011111110000010000011101 2
b1010000100000011000010110010110 1
b11010110 )
b11010110 (
#225000
b1000000001010001000000001000 !
b1000000001010001000000001000 .
b1 #
b1 *
b101101101001010101111000011010 %
b101101101001010101111000011010 ,
b1011000000011010001000110001001 $
b1011000000011010001000110001001 +
b1000000001010001000000001000 /
b1 0
b101101101001010101111000011010 2
b1011000000011010001000110001001 1
b11010111 )
b11010111 (
#226000
b11000010100100100001000101 !
b11000010100100100001000101 .
b11 &
b11 -
b1000011100010110101101011101111 %
b1000011100010110101101011101111 ,
b100111010110100100110101000101 $
b100111010110100100110101000101 +
b11000010100100100001000101 /
b11 3
b1000011100010110101101011101111 2
b100111010110100100110101000101 1
b11011000 )
b11011000 (
#227000
b1 !
b1 .
b1100 #
b1100 *
b100 &
b100 -
b1101011010100010111100100 %
b1101011010100010111100100 ,
b1101101001101010100000011100100 $
b1101101001101010100000011100100 +
b1 /
b1100 0
b100 3
b1101011010100010111100100 2
b1101101001101010100000011100100 1
b11011001 )
b11011001 (
#228000
b101001001101001101001001100100 !
b101001001101001101001001100100 .
b0 #
b0 *
b1001 &
b1001 -
b11101010000101000101101010010 %
b11101010000101000101101010010 ,
b1011111100100100011100010010 $
b1011111100100100011100010010 +
b101001001101001101001001100100 /
b0 0
b1001 3
b11101010000101000101101010010 2
b1011111100100100011100010010 1
b11011010 )
b11011010 (
#229000
b10000011011110101100000000000 !
b10000011011110101100000000000 .
b100 #
b100 *
b1010 &
b1010 -
b11110001000001101111010110 %
b11110001000001101111010110 ,
b100100111111001110010010010110 $
b100100111111001110010010010110 +
b10000011011110101100000000000 /
b100 0
b1010 3
b11110001000001101111010110 2
b100100111111001110010010010110 1
b11011011 )
b11011011 (
#230000
b100110100000000000000000010000 !
b100110100000000000000000010000 .
b10 #
b10 *
b1101 &
b1101 -
b10011000000110001101100101100110 %
b10011000000110001101100101100110 ,
b11011001011011110110011011001011 $
b11011001011011110110011011001011 +
b100110100000000000000000010000 /
b10 0
b1101 3
b10011000000110001101100101100110 2
b11011001011011110110011011001011 1
b11011100 )
b11011100 (
#231000
b11100111011100000000000000000000 !
b11100111011100000000000000000000 .
b100 #
b100 *
b10100 &
b10100 -
b111100011101100111111001110111 %
b111100011101100111111001110111 ,
b10100001001000001110001001011111 $
b10100001001000001110001001011111 +
b11100111011100000000000000000000 /
b100 0
b10100 3
b111100011101100111111001110111 2
b10100001001000001110001001011111 1
b11011101 )
b11011101 (
#232000
b101011110000 !
b101011110000 .
b101 #
b101 *
b10011 &
b10011 -
b1010111100001001110000011100100 %
b1010111100001001110000011100100 ,
b111100000011110100110110101011 $
b111100000011110100110110101011 +
b101011110000 /
b101 0
b10011 3
b1010111100001001110000011100100 2
b111100000011110100110110101011 1
b11011110 )
b11011110 (
#233000
b11111111111111111111111111111111 !
b11111111111111111111111111111111 .
b11100 &
b11100 -
b11111110110111011110011001001110 %
b11111110110111011110011001001110 ,
b10100010011110110001111001100001 $
b10100010011110110001111001100001 +
b11111111111111111111111111111111 /
b11100 3
b11111110110111011110011001001110 2
b10100010011110110001111001100001 1
b11011111 )
b11011111 (
#234000
b11110111111100010111110111101111 !
b11110111111100010111110111101111 .
b11 #
b11 *
b11 &
b11 -
b10100111011100010101100111101010 %
b10100111011100010101100111101010 ,
b11110110110000010110010110100101 $
b11110110110000010110010110100101 +
b11110111111100010111110111101111 /
b11 0
b11 3
b10100111011100010101100111101010 2
b11110110110000010110010110100101 1
b11100000 )
b11100000 (
#235000
b1 !
b1 .
b1100 #
b1100 *
b1010 &
b1010 -
b111010000110101011010000000 %
b111010000110101011010000000 ,
b11010000010111000110011100001100 $
b11010000010111000110011100001100 +
b1 /
b1100 0
b1010 3
b111010000110101011010000000 2
b11010000010111000110011100001100 1
b11100001 )
b11100001 (
#236000
b10000000001011001101010001100000 !
b10000000001011001101010001100000 .
b100 #
b100 *
b11 &
b11 -
b110000000001011001101010001100 %
b110000000001011001101010001100 ,
b11110000011011010001101101101 $
b11110000011011010001101101101 +
b10000000001011001101010001100000 /
b100 0
b11 3
b110000000001011001101010001100 2
b11110000011011010001101101101 1
b11100010 )
b11100010 (
#237000
b10101001000001000100000000000000 !
b10101001000001000100000000000000 .
b1 #
b1 *
b1110 &
b1110 -
b10101001101001011101000010110011 %
b10101001101001011101000010110011 ,
b10111011000101100110110101000100 $
b10111011000101100110110101000100 +
b10101001000001000100000000000000 /
b1 0
b1110 3
b10101001101001011101000010110011 2
b10111011000101100110110101000100 1
b11100011 )
b11100011 (
#238000
b11000101011111010110111001110011 !
b11000101011111010110111001110011 .
b0 #
b0 *
b10011 &
b10011 -
b1000100011111000001000100010 %
b1000100011111000001000100010 ,
b10111100111011011110110001010001 $
b10111100111011011110110001010001 +
b11000101011111010110111001110011 /
b0 0
b10011 3
b1000100011111000001000100010 2
b10111100111011011110110001010001 1
b11100100 )
b11100100 (
#239000
b1 !
b1 .
b1001 #
b1001 *
b11100 &
b11100 -
b101000010111011110000110000001 %
b101000010111011110000110000001 ,
b100110101100101010111111110001 $
b100110101100101010111111110001 +
b1 /
b1001 0
b11100 3
b101000010111011110000110000001 2
b100110101100101010111111110001 1
b11100101 )
b11100101 (
#240000
b1 !
b1 .
b1100 #
b1100 *
b11111 &
b11111 -
b1000001100100000101110110101101 %
b1000001100100000101110110101101 ,
b10111001011101111101100101001111 $
b10111001011101111101100101001111 +
b1100 0
b11111 3
b1000001100100000101110110101101 2
b10111001011101111101100101001111 1
b11100110 )
b11100110 (
#241000
b0 !
b0 .
b1011 #
b1011 *
b1110 &
b1110 -
b1100011011111001010110011001110 %
b1100011011111001010110011001110 ,
b11001000101100101000000110110110 $
b11001000101100101000000110110110 +
b0 /
b1011 0
b1110 3
b1100011011111001010110011001110 2
b11001000101100101000000110110110 1
b11100111 )
b11100111 (
#242000
b11111110101011111100011010011010 !
b11111110101011111100011010011010 .
b101 #
b101 *
b110 &
b110 -
b10101011111100011010011010011010 %
b10101011111100011010011010011010 ,
b1101110111100110011000101110000 $
b1101110111100110011000101110000 +
b11111110101011111100011010011010 /
b101 0
b110 3
b10101011111100011010011010011010 2
b1101110111100110011000101110000 1
b11101000 )
b11101000 (
#243000
b10010000000001010100010001100100 !
b10010000000001010100010001100100 .
b10 #
b10 *
b10001 &
b10001 -
b1001110011010100011001110010011 %
b1001110011010100011001110010011 ,
b101011101110101000100000001001 $
b101011101110101000100000001001 +
b10010000000001010100010001100100 /
b10 0
b10001 3
b1001110011010100011001110010011 2
b101011101110101000100000001001 1
b11101001 )
b11101001 (
#244000
b110011110110001101111001001111 !
b110011110110001101111001001111 .
b1000 #
b1000 *
b10100 &
b10100 -
b1001100110101001011111111100 %
b1001100110101001011111111100 ,
b111010010000100100100110110011 $
b111010010000100100100110110011 +
b110011110110001101111001001111 /
b1000 0
b10100 3
b1001100110101001011111111100 2
b111010010000100100100110110011 1
b11101010 )
b11101010 (
#245000
b0 !
b0 .
b1010 #
b1010 *
b111 &
b111 -
b111100111100110000001111 %
b111100111100110000001111 ,
b11101010110111111001011101100100 $
b11101010110111111001011101100100 +
b0 /
b1010 0
b111 3
b111100111100110000001111 2
b11101010110111111001011101100100 1
b11101011 )
b11101011 (
#246000
b1011011110100001100010111 !
b1011011110100001100010111 .
b110 #
b110 *
b10110111101000011000101110000100 %
b10110111101000011000101110000100 ,
b10101110011001100000100100100000 $
b10101110011001100000100100100000 +
b1011011110100001100010111 /
b110 0
b10110111101000011000101110000100 2
b10101110011001100000100100100000 1
b11101100 )
b11101100 (
#247000
b0 !
b0 .
b1011 #
b1011 *
b1011 &
b1011 -
b11111100011110111001111101111100 %
b11111100011110111001111101111100 ,
b111011100100100011100011001101 $
b111011100100100011100011001101 +
b0 /
b1011 0
b1011 3
b11111100011110111001111101111100 2
b111011100100100011100011001101 1
b11101101 )
b11101101 (
#248000
b11110100111000111001001111110000 !
b11110100111000111001001111110000 .
b111 #
b111 *
b1000 &
b1000 -
b11011110100100001010100101011100 %
b11011110100100001010100101011100 ,
b11010011011101000011110101001100 $
b11010011011101000011110101001100 +
b11110100111000111001001111110000 /
b111 0
b1000 3
b11011110100100001010100101011100 2
b11010011011101000011110101001100 1
b11101110 )
b11101110 (
#249000
b10011011110111011111010011000001 !
b10011011110111011111010011000001 .
b100 #
b100 *
b0 &
b0 -
b10011011110111011111010011000001 %
b10011011110111011111010011000001 ,
b10010100000000010001111010110 $
b10010100000000010001111010110 +
b10011011110111011111010011000001 /
b100 0
b0 3
b10011011110111011111010011000001 2
b10010100000000010001111010110 1
b11101111 )
b11101111 (
#250000
b110101011001110 !
b110101011001110 .
b110 #
b110 *
b10001 &
b10001 -
b11010101100111011101110100100110 %
b11010101100111011101110100100110 ,
b111001001100111011101001010001 $
b111001001100111011101001010001 +
b110101011001110 /
b110 0
b10001 3
b11010101100111011101110100100110 2
b111001001100111011101001010001 1
b11110000 )
b11110000 (
#251000
b11010011010011110000010100110 !
b11010011010011110000010100110 .
b0 #
b0 *
b11111 &
b11111 -
b10010111111101000000000110011 %
b10010111111101000000000110011 ,
b111011010110110000001110011 $
b111011010110110000001110011 +
b11010011010011110000010100110 /
b0 0
b11111 3
b10010111111101000000000110011 2
b111011010110110000001110011 1
b11110001 )
b11110001 (
#252000
b1110111011000000000000000000 !
b1110111011000000000000000000 .
b1101 #
b1101 *
b1110 &
b1110 -
b11111001011101010000111011101100 %
b11111001011101010000111011101100 ,
b111011100100000100101011010110 $
b111011100100000100101011010110 +
b1110111011000000000000000000 /
b1101 0
b1110 3
b11111001011101010000111011101100 2
b111011100100000100101011010110 1
b11110010 )
b11110010 (
#253000
b10101111001011010110110110 !
b10101111001011010110110110 .
b101 #
b101 *
b100 &
b100 -
b101011110010110101101101101101 %
b101011110010110101101101101101 ,
b11000111000110110001100010010101 $
b11000111000110110001100010010101 +
b10101111001011010110110110 /
b101 0
b100 3
b101011110010110101101101101101 2
b11000111000110110001100010010101 1
b11110011 )
b11110011 (
#254000
b10001110000000110000000000000000 !
b10001110000000110000000000000000 .
b1101 #
b1101 *
b10000 &
b10000 -
b10101100101100101000111000000011 %
b10101100101100101000111000000011 ,
b1111100010011011100100001001 $
b1111100010011011100100001001 +
b10001110000000110000000000000000 /
b1101 0
b10000 3
b10101100101100101000111000000011 2
b1111100010011011100100001001 1
b11110100 )
b11110100 (
#255000
b10010111111110111111100000011 !
b10010111111110111111100000011 .
b110 #
b110 *
b11 &
b11 -
b10010111111110111111100000011011 %
b10010111111110111111100000011011 ,
b11000111011010011010101000010111 $
b11000111011010011010101000010111 +
b10010111111110111111100000011 /
b110 0
b11 3
b10010111111110111111100000011011 2
b11000111011010011010101000010111 1
b11110101 )
b11110101 (
#256000
b1100010011001110110000111101001 !
b1100010011001110110000111101001 .
b0 #
b0 *
b10100 &
b10100 -
b1110101011010101110110011011100 %
b1110101011010101110110011011100 ,
b11101100111111000111010100001101 $
b11101100111111000111010100001101 +
b1100010011001110110000111101001 /
b0 0
b10100 3
b1110101011010101110110011011100 2
b11101100111111000111010100001101 1
b11110110 )
b11110110 (
#257000
b10101000000000000000000000000000 !
b10101000000000000000000000000000 .
b100 #
b100 *
b11010 &
b11010 -
b1100000100101111000111101101010 %
b1100000100101111000111101101010 ,
b1001110101110110010010000011000 $
b1001110101110110010010000011000 +
b10101000000000000000000000000000 /
b100 0
b11010 3
b1100000100101111000111101101010 2
b1001110101110110010010000011000 1
b11110111 )
b11110111 (
#258000
b1 !
b1 .
b1001 #
b1001 *
b11001 &
b11001 -
b10101001110100100110011011100000 %
b10101001110100100110011011100000 ,
b10000100111100110010010000110000 $
b10000100111100110010010000110000 +
b1 /
b1001 0
b11001 3
b10101001110100100110011011100000 2
b10000100111100110010010000110000 1
b11111000 )
b11111000 (
#259000
b0 !
b0 .
b1010 #
b1010 *
b10000 &
b10000 -
b10011100101111101000000100111101 %
b10011100101111101000000100111101 ,
b11111111110111000100111101111110 $
b11111111110111000100111101111110 +
b0 /
b1010 0
b10000 3
b10011100101111101000000100111101 2
b11111111110111000100111101111110 1
b11111001 )
b11111001 (
#260000
b10011100100111111000101100110000 !
b10011100100111111000101100110000 .
b100 #
b100 *
b11 &
b11 -
b10010011100100111111000101100110 %
b10010011100100111111000101100110 ,
b11001011101100101010011100000 $
b11001011101100101010011100000 +
b10011100100111111000101100110000 /
b100 0
b11 3
b10010011100100111111000101100110 2
b11001011101100101010011100000 1
b11111010 )
b11111010 (
#261000
b1 !
b1 .
b1100 #
b1100 *
b10101 &
b10101 -
b10111111010101111000100100010111 %
b10111111010101111000100100010111 ,
b10100000111100101011101011100110 $
b10100000111100101011101011100110 +
b1 /
b1100 0
b10101 3
b10111111010101111000100100010111 2
b10100000111100101011101011100110 1
b11111011 )
b11111011 (
#262000
b10100100000000110000000000000000 !
b10100100000000110000000000000000 .
b1101 #
b1101 *
b10011 &
b10011 -
b10101100001100001010010000000011 %
b10101100001100001010010000000011 ,
b100011100101011100100101111111 $
b100011100101011100100101111111 +
b10100100000000110000000000000000 /
b1101 0
b10011 3
b10101100001100001010010000000011 2
b100011100101011100100101111111 1
b11111100 )
b11111100 (
#263000
b0 !
b0 .
b1010 #
b1010 *
b101 &
b101 -
b1011110011001111011100000100 %
b1011110011001111011100000100 ,
b11111101010000011010101101000 $
b11111101010000011010101101000 +
b0 /
b1010 0
b101 3
b1011110011001111011100000100 2
b11111101010000011010101101000 1
b11111101 )
b11111101 (
#264000
b10101111111001111111111111101111 !
b10101111111001111111111111101111 .
b11 #
b11 *
b1100 &
b1100 -
b10001101011001011001111110001010 %
b10001101011001011001111110001010 ,
b100011100000101111111001101111 $
b100011100000101111111001101111 +
b10101111111001111111111111101111 /
b11 0
b1100 3
b10001101011001011001111110001010 2
b100011100000101111111001101111 1
b11111110 )
b11111110 (
#265000
b1000000001011100010000000101000 !
b1000000001011100010000000101000 .
b10 #
b10 *
b11101 &
b11101 -
b10111100110000010000011011000110 %
b10111100110000010000011011000110 ,
b10111011110100001101101111010111 $
b10111011110100001101101111010111 +
b1000000001011100010000000101000 /
b10 0
b11101 3
b10111100110000010000011011000110 2
b10111011110100001101101111010111 1
b11111111 )
b11111111 (
#266000
b10110101001000110011011 !
b10110101001000110011011 .
b101 #
b101 *
b1000 &
b1000 -
b1011010100100011001101110100001 %
b1011010100100011001101110100001 ,
b10110101001001001101101001000011 $
b10110101001001001101101001000011 +
b10110101001000110011011 /
b101 0
b1000 3
b1011010100100011001101110100001 2
b10110101001001001101101001000011 1
b100000000 )
b100000000 (
#267000
b11111000011101111110000001010011 !
b11111000011101111110000001010011 .
b1000 #
b1000 *
b1100 &
b1100 -
b110100000011111011010000101000 %
b110100000011111011010000101000 ,
b11001100011110000101010001111011 $
b11001100011110000101010001111011 +
b11111000011101111110000001010011 /
b1000 0
b1100 3
b110100000011111011010000101000 2
b11001100011110000101010001111011 1
b100000001 )
b100000001 (
#268000
b1 !
b1 .
b1100 #
b1100 *
b1010 &
b1010 -
b1110001100111000111101100000100 %
b1110001100111000111101100000100 ,
b10110001000110100011100110111001 $
b10110001000110100011100110111001 +
b1 /
b1100 0
b1010 3
b1110001100111000111101100000100 2
b10110001000110100011100110111001 1
b100000010 )
b100000010 (
#269000
b1001100011001010010000000 !
b1001100011001010010000000 .
b1 #
b1 *
b1000 &
b1000 -
b10101011101011011010011001011 %
b10101011101011011010011001011 ,
b1000001101110111001111110000000 $
b1000001101110111001111110000000 +
b1001100011001010010000000 /
b1 0
b1000 3
b10101011101011011010011001011 2
b1000001101110111001111110000000 1
b100000011 )
b100000011 (
#270000
b1 !
b1 .
b1010 #
b1010 *
b1100 &
b1100 -
b101011101111110100110111110111 %
b101011101111110100110111110111 ,
b10000011111111011110100100111 $
b10000011111111011110100100111 +
b1 /
b1010 0
b1100 3
b101011101111110100110111110111 2
b10000011111111011110100100111 1
b100000100 )
b100000100 (
#271000
b1 !
b1 .
b110 &
b110 -
b11011111010101101001000011100000 %
b11011111010101101001000011100000 ,
b10100010011010111101101010011011 $
b10100010011010111101101010011011 +
b110 3
b11011111010101101001000011100000 2
b10100010011010111101101010011011 1
b100000101 )
b100000101 (
#272000
b1011000110000010010101110100001 !
b1011000110000010010101110100001 .
b1000 #
b1000 *
b101 &
b101 -
b10000100001100011010011110110100 %
b10000100001100011010011110110100 ,
b11011100111100001000110000010101 $
b11011100111100001000110000010101 +
b1011000110000010010101110100001 /
b1000 0
b101 3
b10000100001100011010011110110100 2
b11011100111100001000110000010101 1
b100000110 )
b100000110 (
#273000
b11010110000000100011010100000000 !
b11010110000000100011010100000000 .
b0 #
b0 *
b11000 &
b11000 -
b11110100101001010110111101000100 %
b11110100101001010110111101000100 ,
b11100001010111001100010110111100 $
b11100001010111001100010110111100 +
b11010110000000100011010100000000 /
b0 0
b11000 3
b11110100101001010110111101000100 2
b11100001010111001100010110111100 1
b100000111 )
b100000111 (
#274000
b11000000010000100100110000000000 !
b11000000010000100100110000000000 .
b10 #
b10 *
b11110 &
b11110 -
b111011001110011010001100111111 %
b111011001110011010001100111111 ,
b10110100101000011000011101001 $
b10110100101000011000011101001 +
b11000000010000100100110000000000 /
b10 0
b11110 3
b111011001110011010001100111111 2
b10110100101000011000011101001 1
b100001000 )
b100001000 (
#275000
b11000000000000000000000000000000 !
b11000000000000000000000000000000 .
b100 #
b100 *
b1100001101001001011000011011011 %
b1100001101001001011000011011011 ,
b10111111111010010011110010100101 $
b10111111111010010011110010100101 +
b11000000000000000000000000000000 /
b100 0
b1100001101001001011000011011011 2
b10111111111010010011110010100101 1
b100001001 )
b100001001 (
#276000
b11110111111111110001111110010110 !
b11110111111111110001111110010110 .
b11 #
b11 *
b10010 &
b10010 -
b10010111110011110000111100010000 %
b10010111110011110000111100010000 ,
b11100000101110100001110010010110 $
b11100000101110100001110010010110 +
b11110111111111110001111110010110 /
b11 0
b10010 3
b10010111110011110000111100010000 2
b11100000101110100001110010010110 1
b100001010 )
b100001010 (
#277000
b10001000111101100010101110000000 !
b10001000111101100010101110000000 .
b100 #
b100 *
b100 &
b100 -
b10111000100011110110001010111000 %
b10111000100011110110001010111000 ,
b10100000000010011110010011111111 $
b10100000000010011110010011111111 +
b10001000111101100010101110000000 /
b100 0
b100 3
b10111000100011110110001010111000 2
b10100000000010011110010011111111 1
b100001011 )
b100001011 (
#278000
b11000000000100000011010100011001 !
b11000000000100000011010100011001 .
b1 #
b1 *
b11111 &
b11111 -
b11001000001101000011010110011001 %
b11001000001101000011010110011001 ,
b11010000110100101111110101111101 $
b11010000110100101111110101111101 +
b11000000000100000011010100011001 /
b1 0
b11111 3
b11001000001101000011010110011001 2
b11010000110100101111110101111101 1
b100001100 )
b100001100 (
#279000
b10001111110110110011010111111010 !
b10001111110110110011010111111010 .
b1000 #
b1000 *
b10000 &
b10000 -
b1000100011111010100001100110001 %
b1000100011111010100001100110001 ,
b11001011101001100111011011001011 $
b11001011101001100111011011001011 +
b10001111110110110011010111111010 /
b1000 0
b10000 3
b1000100011111010100001100110001 2
b11001011101001100111011011001011 1
b100001101 )
b100001101 (
#280000
b110001000101111110110101101 !
b110001000101111110110101101 .
b1100 &
b1100 -
b110001010001000010101110000111 %
b110001010001000010101110000111 ,
b110111011001101101011000101010 $
b110111011001101101011000101010 +
b110001000101111110110101101 /
b1100 3
b110001010001000010101110000111 2
b110111011001101101011000101010 1
b100001110 )
b100001110 (
#281000
b1100111000001000000000000000 !
b1100111000001000000000000000 .
b100 #
b100 *
b1110 &
b1110 -
b11101011011110000011001110000010 %
b11101011011110000011001110000010 ,
b11111011001100101111100111011010 $
b11111011001100101111100111011010 +
b1100111000001000000000000000 /
b100 0
b1110 3
b11101011011110000011001110000010 2
b11111011001100101111100111011010 1
b100001111 )
b100001111 (
#282000
b0 !
b0 .
b1001 #
b1001 *
b11 &
b11 -
b11111000000111000111010101010 %
b11111000000111000111010101010 ,
b1010100111101010001011110010000 $
b1010100111101010001011110010000 +
b0 /
b1001 0
b11 3
b11111000000111000111010101010 2
b1010100111101010001011110010000 1
b100010000 )
b100010000 (
#283000
b11111111111111111111110110010110 !
b11111111111111111111110110010110 .
b101 #
b101 *
b10101 &
b10101 -
b10110010110111001011110000100010 %
b10110010110111001011110000100010 ,
b110101010110010010100110011000 $
b110101010110010010100110011000 +
b11111111111111111111110110010110 /
b101 0
b10101 3
b10110010110111001011110000100010 2
b110101010110010010100110011000 1
b100010001 )
b100010001 (
#284000
b1 !
b1 .
b1100 #
b1100 *
b11101 &
b11101 -
b11100100100110010110000111000001 %
b11100100100110010110000111000001 ,
b100011000010000100101111010110 $
b100011000010000100101111010110 +
b1 /
b1100 0
b11101 3
b11100100100110010110000111000001 2
b100011000010000100101111010110 1
b100010010 )
b100010010 (
#285000
b1010101001111110010011101110111 !
b1010101001111110010011101110111 .
b111 #
b111 *
b10010 &
b10010 -
b1000100111001110100000001011001 %
b1000100111001110100000001011001 ,
b10011010001001100110011111010000 $
b10011010001001100110011111010000 +
b1010101001111110010011101110111 /
b111 0
b10010 3
b1000100111001110100000001011001 2
b10011010001001100110011111010000 1
b100010011 )
b100010011 (
#286000
b10101011011010010100100000101000 !
b10101011011010010100100000101000 .
b10000 &
b10000 -
b10011101001010011000110101100111 %
b10011101001010011000110101100111 ,
b1001000100100101101010110001111 $
b1001000100100101101010110001111 +
b10101011011010010100100000101000 /
b10000 3
b10011101001010011000110101100111 2
b1001000100100101101010110001111 1
b100010100 )
b100010100 (
#287000
b11111100100000011001001011101010 !
b11111100100000011001001011101010 .
b1000 #
b1000 *
b111 &
b111 -
b1110110010100010011011011110111 %
b1110110010100010011011011110111 ,
b10001010110100001010010000011101 $
b10001010110100001010010000011101 +
b11111100100000011001001011101010 /
b1000 0
b111 3
b1110110010100010011011011110111 2
b10001010110100001010010000011101 1
b100010101 )
b100010101 (
#288000
b1001101010001000001 !
b1001101010001000001 .
b1 #
b1 *
b0 &
b0 -
b1000110011001101110001101111 %
b1000110011001101110001101111 ,
b100010000101011111010101010001 $
b100010000101011111010101010001 +
b1001101010001000001 /
b1 0
b0 3
b1000110011001101110001101111 2
b100010000101011111010101010001 1
b100010110 )
b100010110 (
#289000
b10000101011001 !
b10000101011001 .
b110 #
b110 *
b10001 &
b10001 -
b1000010101100101100111110110001 %
b1000010101100101100111110110001 ,
b10101011000111010011111110011 $
b10101011000111010011111110011 +
b10000101011001 /
b110 0
b10001 3
b1000010101100101100111110110001 2
b10101011000111010011111110011 1
b100010111 )
b100010111 (
#290000
b1 !
b1 .
b1001 #
b1001 *
b10010 &
b10010 -
b1101011001100100001111111110 %
b1101011001100100001111111110 ,
b10101110110010001011110001110001 $
b10101110110010001011110001110001 +
b1 /
b1001 0
b10010 3
b1101011001100100001111111110 2
b10101110110010001011110001110001 1
b100011000 )
b100011000 (
#291000
b1 !
b1 .
b1100 #
b1100 *
b11011 &
b11011 -
b111100110010101001011001011110 %
b111100110010101001011001011110 ,
b110100010110110101010101100000 $
b110100010110110101010101100000 +
b1100 0
b11011 3
b111100110010101001011001011110 2
b110100010110110101010101100000 1
b100011001 )
b100011001 (
#292000
b10101000111000100100011001110100 !
b10101000111000100100011001110100 .
b111 #
b111 *
b1010 &
b1010 -
b11100010010110110000110000000011 %
b11100010010110110000110000000011 ,
b10001011001111010101001001110111 $
b10001011001111010101001001110111 +
b10101000111000100100011001110100 /
b111 0
b1010 3
b11100010010110110000110000000011 2
b10001011001111010101001001110111 1
b100011010 )
b100011010 (
#293000
b1 !
b1 .
b1001 #
b1001 *
b1101 &
b1101 -
b101101010000101011011101100110 %
b101101010000101011011101100110 ,
b11011000101101000001010001100100 $
b11011000101101000001010001100100 +
b1 /
b1001 0
b1101 3
b101101010000101011011101100110 2
b11011000101101000001010001100100 1
b100011011 )
b100011011 (
#294000
b1000001001001001000001010000000 !
b1000001001001001000001010000000 .
b1 #
b1 *
b1001011101001101001011010011011 %
b1001011101001101001011010011011 ,
b11100001011011011000101110000000 $
b11100001011011011000101110000000 +
b1000001001001001000001010000000 /
b1 0
b1001011101001101001011010011011 2
b11100001011011011000101110000000 1
b100011100 )
b100011100 (
#295000
b111010001101010011001001101100 !
b111010001101010011001001101100 .
b111 #
b111 *
b10011 &
b10011 -
b1110110010001000100011110001000 %
b1110110010001000100011110001000 ,
b10110000011110010111100111110100 $
b10110000011110010111100111110100 +
b111010001101010011001001101100 /
b111 0
b10011 3
b1110110010001000100011110001000 2
b10110000011110010111100111110100 1
b100011101 )
b100011101 (
#296000
b100000010000000101000001 !
b100000010000000101000001 .
b10 #
b10 *
b101 &
b101 -
b10011010011100000101110010001010 %
b10011010011100000101110010001010 ,
b11100101010111101010111000110100 $
b11100101010111101010111000110100 +
b100000010000000101000001 /
b10 0
b101 3
b10011010011100000101110010001010 2
b11100101010111101010111000110100 1
b100011110 )
b100011110 (
#297000
b11111101010111100000000000000000 !
b11111101010111100000000000000000 .
b1101 #
b1101 *
b10111 &
b10111 -
b11111010000101011111110101011110 %
b11111010000101011111110101011110 ,
b10000111010000011000100111111100 $
b10000111010000011000100111111100 +
b11111101010111100000000000000000 /
b1101 0
b10111 3
b11111010000101011111110101011110 2
b10000111010000011000100111111100 1
b100011111 )
b100011111 (
#298000
b11111100011101000100010110110000 !
b11111100011101000100010110110000 .
b111 #
b111 *
b101 &
b101 -
b1011010010010101001110100111001 %
b1011010010010101001110100111001 ,
b1010110101111101110001011101001 $
b1010110101111101110001011101001 +
b11111100011101000100010110110000 /
b111 0
b101 3
b1011010010010101001110100111001 2
b1010110101111101110001011101001 1
b100100000 )
b100100000 (
#299000
b10000000000000011100000010011011 !
b10000000000000011100000010011011 .
b10 #
b10 *
b11011 &
b11011 -
b11011110111100011110101000100 %
b11011110111100011110101000100 ,
b1101110111100100001101101100100 $
b1101110111100100001101101100100 +
b10000000000000011100000010011011 /
b10 0
b11011 3
b11011110111100011110101000100 2
b1101110111100100001101101100100 1
b100100001 )
b100100001 (
#300000
b11100100000100110100001001010001 !
b11100100000100110100001001010001 .
b0 #
b0 *
b10101100110000101010100100110 %
b10101100110000101010100100110 ,
b11001110011110101110110100101011 $
b11001110011110101110110100101011 +
b11100100000100110100001001010001 /
b0 0
b10101100110000101010100100110 2
b11001110011110101110110100101011 1
b100100010 )
b100100010 (
#301000
b10001110111110011010001110000101 !
b10001110111110011010001110000101 .
b111 #
b111 *
b10111 &
b10111 -
b1011001110101100111100001110000 %
b1011001110101100111100001110000 ,
b11101000110100000001101111110101 $
b11101000110100000001101111110101 +
b10001110111110011010001110000101 /
b111 0
b10111 3
b1011001110101100111100001110000 2
b11101000110100000001101111110101 1
b100100011 )
b100100011 (
#302000
b11000111011001000100101000111111 !
b11000111011001000100101000111111 .
b11000 &
b11000 -
b10000000101101110000100100100110 %
b10000000101101110000100100100110 ,
b1001000000110110101001101100101 $
b1001000000110110101001101100101 +
b11000111011001000100101000111111 /
b11000 3
b10000000101101110000100100100110 2
b1001000000110110101001101100101 1
b100100100 )
b100100100 (
#303000
b11101010011 !
b11101010011 .
b101 #
b101 *
b10001 &
b10001 -
b1110101001100001001110011000 %
b1110101001100001001110011000 ,
b11011010101101010001101101000 $
b11011010101101010001101101000 +
b11101010011 /
b101 0
b10001 3
b1110101001100001001110011000 2
b11011010101101010001101101000 1
b100100101 )
b100100101 (
#304000
b11001101110001001111 !
b11001101110001001111 .
b1001 &
b1001 -
b11001101110001001111110011101 %
b11001101110001001111110011101 ,
b100110000000111101100111100101 $
b100110000000111101100111100101 +
b11001101110001001111 /
b1001 3
b11001101110001001111110011101 2
b100110000000111101100111100101 1
b100100110 )
b100100110 (
#305000
b1 !
b1 .
b1100 #
b1100 *
b110 &
b110 -
b11111110111100101110011101111100 %
b11111110111100101110011101111100 ,
b1000011001110010000001000100111 $
b1000011001110010000001000100111 +
b1 /
b1100 0
b110 3
b11111110111100101110011101111100 2
b1000011001110010000001000100111 1
b100100111 )
b100100111 (
#306000
b111010111 !
b111010111 .
b110 #
b110 *
b10110 &
b10110 -
b1110101110001001101001101110001 %
b1110101110001001101001101110001 ,
b1110110010110110001001101101001 $
b1110110010110110001001101101001 +
b111010111 /
b110 0
b10110 3
b1110101110001001101001101110001 2
b1110110010110110001001101101001 1
b100101000 )
b100101000 (
#307000
b10000000110000000000000000000000 !
b10000000110000000000000000000000 .
b1101 #
b1101 *
b10101 &
b10101 -
b10011101100010011000000011000000 %
b10011101100010011000000011000000 ,
b110111110110011010001101101011 $
b110111110110011010001101101011 +
b10000000110000000000000000000000 /
b1101 0
b10101 3
b10011101100010011000000011000000 2
b110111110110011010001101101011 1
b100101001 )
b100101001 (
#308000
b1 !
b1 .
b1100 #
b1100 *
b11011 &
b11011 -
b1110110100001111100011011111000 %
b1110110100001111100011011111000 ,
b1010011111001010011000010111111 $
b1010011111001010011000010111111 +
b1 /
b1100 0
b11011 3
b1110110100001111100011011111000 2
b1010011111001010011000010111111 1
b100101010 )
b100101010 (
#309000
b101000110010011001100000010111 !
b101000110010011001100000010111 .
b111 #
b111 *
b1100 &
b1100 -
b10011101001110100100000000011100 %
b10011101001110100100000000011100 ,
b11000110000000111101100000110011 $
b11000110000000111101100000110011 +
b101000110010011001100000010111 /
b111 0
b1100 3
b10011101001110100100000000011100 2
b11000110000000111101100000110011 1
b100101011 )
b100101011 (
#310000
b1000001000001000000000001110 !
b1000001000001000000000001110 .
b10 #
b10 *
b0 &
b0 -
b11110110100010110010010111010000 %
b11110110100010110010010111010000 ,
b1010011110101010111111001100001 $
b1010011110101010111111001100001 +
b1000001000001000000000001110 /
b10 0
b0 3
b11110110100010110010010111010000 2
b1010011110101010111111001100001 1
b100101100 )
b100101100 (
#311000
b0 !
b0 .
b1010 #
b1010 *
b1111 &
b1111 -
b10010000101001010111111000001111 %
b10010000101001010111111000001111 ,
b10011010011101001110110000111100 $
b10011010011101001110110000111100 +
b0 /
b1010 0
b1111 3
b10010000101001010111111000001111 2
b10011010011101001110110000111100 1
b100101101 )
b100101101 (
#312000
b1001100100111100100100010111 !
b1001100100111100100100010111 .
b10 #
b10 *
b1100 &
b1100 -
b11100010001011000011011010101000 %
b11100010001011000011011010101000 ,
b11010110010000000010010011001000 $
b11010110010000000010010011001000 +
b1001100100111100100100010111 /
b10 0
b1100 3
b11100010001011000011011010101000 2
b11010110010000000010010011001000 1
b100101110 )
b100101110 (
#313000
b11011011111101111101011111111011 !
b11011011111101111101011111111011 .
b11 #
b11 *
b10001 &
b10001 -
b11011100001111000011110011001 %
b11011100001111000011110011001 ,
b11010010011100101101011111110010 $
b11010010011100101101011111110010 +
b11011011111101111101011111111011 /
b11 0
b10001 3
b11011100001111000011110011001 2
b11010010011100101101011111110010 1
b100101111 )
b100101111 (
#314000
b10000000000000000000000000000000 !
b10000000000000000000000000000000 .
b100 #
b100 *
b11111 &
b11111 -
b1011111111101011100011001 %
b1011111111101011100011001 ,
b11011011011000101001010011000101 $
b11011011011000101001010011000101 +
b10000000000000000000000000000000 /
b100 0
b11111 3
b1011111111101011100011001 2
b11011011011000101001010011000101 1
b100110000 )
b100110000 (
#315000
b0 !
b0 .
b1010 #
b1010 *
b10 &
b10 -
b1010100011110010011000100000001 %
b1010100011110010011000100000001 ,
b1011011010000100001000101000010 $
b1011011010000100001000101000010 +
b0 /
b1010 0
b10 3
b1010100011110010011000100000001 2
b1011011010000100001000101000010 1
b100110001 )
b100110001 (
#316000
b1001101000000101000000011100000 !
b1001101000000101000000011100000 .
b10 #
b10 *
b1001 &
b1001 -
b10010010101010010100111100010111 %
b10010010101010010100111100010111 ,
b10100000111111010111101100001000 $
b10100000111111010111101100001000 +
b1001101000000101000000011100000 /
b10 0
b1001 3
b10010010101010010100111100010111 2
b10100000111111010111101100001000 1
b100110010 )
b100110010 (
#317000
b10100110011011110110010101111110 !
b10100110011011110110010101111110 .
b0 #
b0 *
b101 &
b101 -
b10011111011100010011101110111110 %
b10011111011100010011101110111110 ,
b110111111100010100111000000 $
b110111111100010100111000000 +
b10100110011011110110010101111110 /
b0 0
b101 3
b10011111011100010011101110111110 2
b110111111100010100111000000 1
b100110011 )
b100110011 (
#318000
b11010100000000000000000000000000 !
b11010100000000000000000000000000 .
b100 #
b100 *
b11010 &
b11010 -
b10101001000110010101010110110101 %
b10101001000110010101010110110101 ,
b11010010110001110110111010111 $
b11010010110001110110111010111 +
b11010100000000000000000000000000 /
b100 0
b11010 3
b10101001000110010101010110110101 2
b11010010110001110110111010111 1
b100110100 )
b100110100 (
#319000
b10010001110000010000000101001111 !
b10010001110000010000000101001111 .
b110 #
b110 *
b0 &
b0 -
b10010001110000010000000101001111 %
b10010001110000010000000101001111 ,
b110001011000100011011111010110 $
b110001011000100011011111010110 +
b10010001110000010000000101001111 /
b110 0
b0 3
b10010001110000010000000101001111 2
b110001011000100011011111010110 1
b100110101 )
b100110101 (
#320000
b11110011000111010000000000000000 !
b11110011000111010000000000000000 .
b1101 #
b1101 *
b1 &
b1 -
b1010011101110101111001100011101 %
b1010011101110101111001100011101 ,
b1111100010000100001000111101010 $
b1111100010000100001000111101010 +
b11110011000111010000000000000000 /
b1101 0
b1 3
b1010011101110101111001100011101 2
b1111100010000100001000111101010 1
b100110110 )
b100110110 (
#321000
b11111111101010011001000000011011 !
b11111111101010011001000000011011 .
b101 #
b101 *
b1000 &
b1000 -
b10101001100100000001101101001100 %
b10101001100100000001101101001100 ,
b1001000111101111100101000011 $
b1001000111101111100101000011 +
b11111111101010011001000000011011 /
b101 0
b1000 3
b10101001100100000001101101001100 2
b1001000111101111100101000011 1
b100110111 )
b100110111 (
#322000
b1 !
b1 .
b1100 #
b1100 *
b0 &
b0 -
b10000100011011101001111011010 %
b10000100011011101001111011010 ,
b1011000111010001011110000010010 $
b1011000111010001011110000010010 +
b1 /
b1100 0
b0 3
b10000100011011101001111011010 2
b1011000111010001011110000010010 1
b100111000 )
b100111000 (
#323000
b111110100011101010000110101 !
b111110100011101010000110101 .
b100 #
b100 *
b111110100011101010000110101 %
b111110100011101010000110101 ,
b110010101011001010100000101001 $
b110010101011001010100000101001 +
b111110100011101010000110101 /
b100 0
b111110100011101010000110101 2
b110010101011001010100000101001 1
b100111001 )
b100111001 (
#324000
b1101000110100010100001001100111 !
b1101000110100010100001001100111 .
b1000 #
b1000 *
b110 &
b110 -
b111110111000000111111100100000 %
b111110111000000111111100100000 ,
b1010110001100010011110101000111 $
b1010110001100010011110101000111 +
b1101000110100010100001001100111 /
b1000 0
b110 3
b111110111000000111111100100000 2
b1010110001100010011110101000111 1
b100111010 )
b100111010 (
#325000
b10001110100100101111001101110100 !
b10001110100100101111001101110100 .
b0 #
b0 *
b11101 &
b11101 -
b11101110011010111100111011001 %
b11101110011010111100111011001 ,
b1110000110001010111100110011011 $
b1110000110001010111100110011011 +
b10001110100100101111001101110100 /
b0 0
b11101 3
b11101110011010111100111011001 2
b1110000110001010111100110011011 1
b100111011 )
b100111011 (
#326000
b1 !
b1 .
b1010 #
b1010 *
b10000 &
b10000 -
b10011100100101000110111100000101 %
b10011100100101000110111100000101 ,
b110101111010110111110111010010 $
b110101111010110111110111010010 +
b1 /
b1010 0
b10000 3
b10011100100101000110111100000101 2
b110101111010110111110111010010 1
b100111100 )
b100111100 (
#327000
b11110111111101101000010101111110 !
b11110111111101101000010101111110 .
b1000 #
b1000 *
b10 &
b10 -
b10100110100111001111101100110000 %
b10100110100111001111101100110000 ,
b1010001011010100111111001001110 $
b1010001011010100111111001001110 +
b11110111111101101000010101111110 /
b1000 0
b10 3
b10100110100111001111101100110000 2
b1010001011010100111111001001110 1
b100111101 )
b100111101 (
#328000
b1011011000000000000000000000000 !
b1011011000000000000000000000000 .
b10 #
b10 *
b10100 &
b10100 -
b100100010100010101111111000110 %
b100100010100010101111111000110 ,
b10000100111011101011101000111001 $
b10000100111011101011101000111001 +
b1011011000000000000000000000000 /
b10 0
b10100 3
b100100010100010101111111000110 2
b10000100111011101011101000111001 1
b100111110 )
b100111110 (
#329000
b1011011111010011111110111111010 !
b1011011111010011111110111111010 .
b11 #
b11 *
b1010 &
b1010 -
b1011001100000011101010011101010 %
b1011001100000011101010011101010 ,
b1000010011010000110110110111010 $
b1000010011010000110110110111010 +
b1011011111010011111110111111010 /
b11 0
b1010 3
b1011001100000011101010011101010 2
b1000010011010000110110110111010 1
b100111111 )
b100111111 (
#330000
b1100100000110011001001001101111 !
b1100100000110011001001001101111 .
b0 #
b0 *
b11100 &
b11100 -
b100010000110101011000110111000 %
b100010000110101011000110111000 ,
b1000001111111101110000010110111 $
b1000001111111101110000010110111 +
b1100100000110011001001001101111 /
b0 0
b11100 3
b100010000110101011000110111000 2
b1000001111111101110000010110111 1
b101000000 )
b101000000 (
#331000
b0 !
b0 .
b1011 #
b1011 *
b10001 &
b10001 -
b10010001100010110001111110001100 %
b10010001100010110001111110001100 ,
b101100011111101001000101111010 $
b101100011111101001000101111010 +
b0 /
b1011 0
b10001 3
b10010001100010110001111110001100 2
b101100011111101001000101111010 1
b101000001 )
b101000001 (
#332000
b1010 #
b1010 *
b0 &
b0 -
b11010100100111101001101110000 %
b11010100100111101001101110000 ,
b1100111001011001010000010111100 $
b1100111001011001010000010111100 +
b1010 0
b0 3
b11010100100111101001101110000 2
b1100111001011001010000010111100 1
b101000010 )
b101000010 (
#333000
b11011011001100100000000000000000 !
b11011011001100100000000000000000 .
b1101 #
b1101 *
b10000 &
b10000 -
b10011111111001011101101100110010 %
b10011111111001011101101100110010 ,
b100110000101000101001001111010 $
b100110000101000101001001111010 +
b11011011001100100000000000000000 /
b1101 0
b10000 3
b10011111111001011101101100110010 2
b100110000101000101001001111010 1
b101000011 )
b101000011 (
#334000
b11010101001111111111010010001010 !
b11010101001111111111010010001010 .
b1000 #
b1000 *
b11101 &
b11101 -
b11100101101000011100010000100100 %
b11100101101000011100010000100100 ,
b110000100111100011000010101110 $
b110000100111100011000010101110 +
b11010101001111111111010010001010 /
b1000 0
b11101 3
b11100101101000011100010000100100 2
b110000100111100011000010101110 1
b101000100 )
b101000100 (
#335000
b1000111100101000101111011001011 !
b1000111100101000101111011001011 .
b111 #
b111 *
b100 &
b100 -
b1000010001110001110000100101011 %
b1000010001110001110000100101011 ,
b10001001110011010011111111110110 $
b10001001110011010011111111110110 +
b1000111100101000101111011001011 /
b111 0
b100 3
b1000010001110001110000100101011 2
b10001001110011010011111111110110 1
b101000101 )
b101000101 (
#336000
b0 !
b0 .
b1010 #
b1010 *
b10100 &
b10100 -
b1001110100000011100111100010101 %
b1001110100000011100111100010101 ,
b11000001001010110101110110101110 $
b11000001001010110101110110101110 +
b0 /
b1010 0
b10100 3
b1001110100000011100111100010101 2
b11000001001010110101110110101110 1
b101000110 )
b101000110 (
#337000
b1 !
b1 .
b1100 #
b1100 *
b11010 &
b11010 -
b100001000101111110101101100000 %
b100001000101111110101101100000 ,
b11111100010100011001100010110000 $
b11111100010100011001100010110000 +
b1 /
b1100 0
b11010 3
b100001000101111110101101100000 2
b11111100010100011001100010110000 1
b101000111 )
b101000111 (
#338000
b0 !
b0 .
b101 #
b101 *
b11111 &
b11111 -
b1101111101111110010010001011 %
b1101111101111110010010001011 ,
b10011010110010111110111101011111 $
b10011010110010111110111101011111 +
b0 /
b101 0
b11111 3
b1101111101111110010010001011 2
b10011010110010111110111101011111 1
b101001000 )
b101001000 (
#339000
b11110110101011001101100100001110 !
b11110110101011001101100100001110 .
b111 #
b111 *
b11 &
b11 -
b11011011101100000010001010001010 %
b11011011101100000010001010001010 ,
b11010010010111001111101110011000 $
b11010010010111001111101110011000 +
b11110110101011001101100100001110 /
b111 0
b11 3
b11011011101100000010001010001010 2
b11010010010111001111101110011000 1
b101001001 )
b101001001 (
#340000
b10010000000000010000000010010001 !
b10010000000000010000000010010001 .
b1 #
b1 *
b10110 &
b10110 -
b10110000011000011000100010110001 %
b10110000011000011000100010110001 ,
b11010011100010010101010110011001 $
b11010011100010010101010110011001 +
b10010000000000010000000010010001 /
b1 0
b10110 3
b10110000011000011000100010110001 2
b11010011100010010101010110011001 1
b101001010 )
b101001010 (
#341000
b1100110101100010000000000100 !
b1100110101100010000000000100 .
b10 #
b10 *
b10010 &
b10010 -
b10110011001010010001011000101001 %
b10110011001010010001011000101001 ,
b1000011001010011100111111111011 $
b1000011001010011100111111111011 +
b1100110101100010000000000100 /
b10 0
b10010 3
b10110011001010010001011000101001 2
b1000011001010011100111111111011 1
b101001011 )
b101001011 (
#342000
b0 !
b0 .
b1011 #
b1011 *
b101 &
b101 -
b1011011110000011101011011011100 %
b1011011110000011101011011011100 ,
b1100000110000110011110100100011 $
b1100000110000110011110100100011 +
b0 /
b1011 0
b101 3
b1011011110000011101011011011100 2
b1100000110000110011110100100011 1
b101001100 )
b101001100 (
#343000
b11000010100111110000000000000000 !
b11000010100111110000000000000000 .
b1101 #
b1101 *
b1010 &
b1010 -
b101101001011101100001010011111 %
b101101001011101100001010011111 ,
b11010110111010111011001101011101 $
b11010110111010111011001101011101 +
b11000010100111110000000000000000 /
b1101 0
b1010 3
b101101001011101100001010011111 2
b11010110111010111011001101011101 1
b101001101 )
b101001101 (
#344000
b11111111111111111111101010000110 !
b11111111111111111111101010000110 .
b101 #
b101 *
b10010 &
b10010 -
b11101010000110011001011000001111 %
b11101010000110011001011000001111 ,
b10111000100000110110010010010110 $
b10111000100000110110010010010110 +
b11111111111111111111101010000110 /
b101 0
b10010 3
b11101010000110011001011000001111 2
b10111000100000110110010010010110 1
b101001110 )
b101001110 (
#345000
b11101011010111111100101010 !
b11101011010111111100101010 .
b110 #
b110 *
b101 &
b101 -
b1110101101011111110010101010111 %
b1110101101011111110010101010111 ,
b11111001001111001110110001100010 $
b11111001001111001110110001100010 +
b11101011010111111100101010 /
b110 0
b101 3
b1110101101011111110010101010111 2
b11111001001111001110110001100010 1
b101001111 )
b101001111 (
#346000
b10000100000001000011000110000011 !
b10000100000001000011000110000011 .
b1 #
b1 *
b10 &
b10 -
b10100100000011101011010110011111 %
b10100100000011101011010110011111 ,
b10000101001001000111101111000011 $
b10000101001001000111101111000011 +
b10000100000001000011000110000011 /
b1 0
b10 3
b10100100000011101011010110011111 2
b10000101001001000111101111000011 1
b101010000 )
b101010000 (
#347000
b11010110110101010100000101010100 !
b11010110110101010100000101010100 .
b111 #
b111 *
b10100 &
b10100 -
b10110101010101110111011010111110 %
b10110101010101110111011010111110 ,
b10001100001011001011100000010010 $
b10001100001011001011100000010010 +
b11010110110101010100000101010100 /
b111 0
b10100 3
b10110101010101110111011010111110 2
b10001100001011001011100000010010 1
b101010001 )
b101010001 (
#348000
b101110001000100110000011001100 !
b101110001000100110000011001100 .
b100 #
b100 *
b10 &
b10 -
b1011100010001001100000110011 %
b1011100010001001100000110011 ,
b11011001010111001011001001110000 $
b11011001010111001011001001110000 +
b101110001000100110000011001100 /
b100 0
b10 3
b1011100010001001100000110011 2
b11011001010111001011001001110000 1
b101010010 )
b101010010 (
#349000
b11111101111001101011100111001111 !
b11111101111001101011100111001111 .
b11 #
b11 *
b1010 &
b1010 -
b1000100010001100011100111000100 %
b1000100010001100011100111000100 ,
b10111001111000001000100100001111 $
b10111001111000001000100100001111 +
b11111101111001101011100111001111 /
b11 0
b1010 3
b1000100010001100011100111000100 2
b10111001111000001000100100001111 1
b101010011 )
b101010011 (
#350000
b10111100000100001001000011010001 !
b10111100000100001001000011010001 .
b111 #
b111 *
b11011 &
b11011 -
b10010111001111010110000000101 %
b10010111001111010110000000101 ,
b11001110111110000011110011010110 $
b11001110111110000011110011010110 +
b10111100000100001001000011010001 /
b111 0
b11011 3
b10010111001111010110000000101 2
b11001110111110000011110011010110 1
b101010100 )
b101010100 (
#351000
b100000110000001000000001000000 !
b100000110000001000000001000000 .
b1 #
b1 *
b1000 &
b1000 -
b100011110000001011000101100010 %
b100011110000001011000101100010 ,
b110000111100011100000011010001 $
b110000111100011100000011010001 +
b100000110000001000000001000000 /
b1 0
b1000 3
b100011110000001011000101100010 2
b110000111100011100000011010001 1
b101010101 )
b101010101 (
#352000
b11111111111111111111111111111111 !
b11111111111111111111111111111111 .
b101 #
b101 *
b11110 &
b11110 -
b11111011110111100000000111111110 %
b11111011110111100000000111111110 ,
b10000011100010101100000001001000 $
b10000011100010101100000001001000 +
b11111111111111111111111111111111 /
b101 0
b11110 3
b11111011110111100000000111111110 2
b10000011100010101100000001001000 1
b101010110 )
b101010110 (
#353000
b1 !
b1 .
b1100 #
b1100 *
b100 &
b100 -
b10001111011000001001010000101000 %
b10001111011000001001010000101000 ,
b1011111011000100011011010001 $
b1011111011000100011011010001 +
b1 /
b1100 0
b100 3
b10001111011000001001010000101000 2
b1011111011000100011011010001 1
b101010111 )
b101010111 (
#354000
b1101110000110000000000000000000 !
b1101110000110000000000000000000 .
b1101 #
b1101 *
b1101 &
b1101 -
b1111100000110010110111000011000 %
b1111100000110010110111000011000 ,
b10110001011011100101000110100 $
b10110001011011100101000110100 +
b1101110000110000000000000000000 /
b1101 0
b1101 3
b1111100000110010110111000011000 2
b10110001011011100101000110100 1
b101011000 )
b101011000 (
#355000
b10100111010000010000000000000000 !
b10100111010000010000000000000000 .
b100 #
b100 *
b10000 &
b10000 -
b1000010111110011010011101000001 %
b1000010111110011010011101000001 ,
b10011100010001100100110000010000 $
b10011100010001100100110000010000 +
b10100111010000010000000000000000 /
b100 0
b10000 3
b1000010111110011010011101000001 2
b10011100010001100100110000010000 1
b101011001 )
b101011001 (
#356000
b0 !
b0 .
b1011 #
b1011 *
b10100 &
b10100 -
b1011011011110000011001010111000 %
b1011011011110000011001010111000 ,
b101000111011010011111011001101 $
b101000111011010011111011001101 +
b0 /
b1011 0
b10100 3
b1011011011110000011001010111000 2
b101000111011010011111011001101 1
b101011010 )
b101011010 (
#357000
b1001 #
b1001 *
b100 &
b100 -
b11110101111000110001010111011111 %
b11110101111000110001010111011111 ,
b101100000110111010101101001110 $
b101100000110111010101101001110 +
b1001 0
b100 3
b11110101111000110001010111011111 2
b101100000110111010101101001110 1
b101011011 )
b101011011 (
#358000
b111000010010000110000000000101 !
b111000010010000110000000000101 .
b10 #
b10 *
b111 &
b111 -
b11000101101101001000000101101010 %
b11000101101101001000000101101010 ,
b11000010001000110001111010110010 $
b11000010001000110001111010110010 +
b111000010010000110000000000101 /
b10 0
b111 3
b11000101101101001000000101101010 2
b11000010001000110001111010110010 1
b101011100 )
b101011100 (
#359000
b1111001001010001001100100111 !
b1111001001010001001100100111 .
b1000 #
b1000 *
b10110 &
b10110 -
b110101110110100001001010010111 %
b110101110110100001001010010111 ,
b111010111111110000000110110000 $
b111010111111110000000110110000 +
b1111001001010001001100100111 /
b1000 0
b10110 3
b110101110110100001001010010111 2
b111010111111110000000110110000 1
b101011101 )
b101011101 (
#360000
b101100110011110010001110100100 !
b101100110011110010001110100100 .
b11111 &
b11111 -
b1110110110011001010011111100111 %
b1110110110011001010011111100111 ,
b1011010000000111000010001000011 $
b1011010000000111000010001000011 +
b101100110011110010001110100100 /
b11111 3
b1110110110011001010011111100111 2
b1011010000000111000010001000011 1
b101011110 )
b101011110 (
#361000
b1 !
b1 .
b1010 #
b1010 *
b100 &
b100 -
b1000000111110010111111100111110 %
b1000000111110010111111100111110 ,
b101001101000111101101010100000 $
b101001101000111101101010100000 +
b1 /
b1010 0
b100 3
b1000000111110010111111100111110 2
b101001101000111101101010100000 1
b101011111 )
b101011111 (
#362000
b11010001010101110001101000101100 !
b11010001010101110001101000101100 .
b0 #
b0 *
b10000 &
b10000 -
b1101001101000111100010010010001 %
b1101001101000111100010010010001 ,
b1100111101100110101010110011011 $
b1100111101100110101010110011011 +
b11010001010101110001101000101100 /
b0 0
b10000 3
b1101001101000111100010010010001 2
b1100111101100110101010110011011 1
b101100000 )
b101100000 (
#363000
b0 !
b0 .
b1010 #
b1010 *
b1 &
b1 -
b10011100010010111111100001011 %
b10011100010010111111100001011 ,
b11001110101100111101110111101001 $
b11001110101100111101110111101001 +
b0 /
b1010 0
b1 3
b10011100010010111111100001011 2
b11001110101100111101110111101001 1
b101100001 )
b101100001 (
#364000
b10001 !
b10001 .
b110 #
b110 *
b11011 &
b11011 -
b10001110011100110000100010010101 %
b10001110011100110000100010010101 ,
b110101001111110110010011001110 $
b110101001111110110010011001110 +
b10001 /
b110 0
b11011 3
b10001110011100110000100010010101 2
b110101001111110110010011001110 1
b101100010 )
b101100010 (
#365000
b101001010010000000011001101111 !
b101001010010000000011001101111 .
b1000 #
b1000 *
b11110000101110001011000001010101 %
b11110000101110001011000001010101 ,
b11011001111100001011011000111010 $
b11011001111100001011011000111010 +
b101001010010000000011001101111 /
b1000 0
b11110000101110001011000001010101 2
b11011001111100001011011000111010 1
b101100011 )
b101100011 (
#366000
b1010101101010110010001110001 !
b1010101101010110010001110001 .
b0 #
b0 *
b11110110100011011101001100100100 %
b11110110100011011101001100100100 ,
b10100001001111001000101001101 $
b10100001001111001000101001101 +
b1010101101010110010001110001 /
b0 0
b11110110100011011101001100100100 2
b10100001001111001000101001101 1
b101100100 )
b101100100 (
#367000
b10101000100000010110110000000 !
b10101000100000010110110000000 .
b10 #
b10 *
b11001 &
b11001 -
b1101010110001111100000001110000 %
b1101010110001111100000001110000 ,
b11101000101010100101001001001111 $
b11101000101010100101001001001111 +
b10101000100000010110110000000 /
b10 0
b11001 3
b1101010110001111100000001110000 2
b11101000101010100101001001001111 1
b101100101 )
b101100101 (
#368000
b0 !
b0 .
b1011 #
b1011 *
b10011 &
b10011 -
b11101001100111101001001011001 %
b11101001100111101001001011001 ,
b11001010111011101001010101000110 $
b11001010111011101001010101000110 +
b0 /
b1011 0
b10011 3
b11101001100111101001001011001 2
b11001010111011101001010101000110 1
b101100110 )
b101100110 (
#369000
b1001011100101100001100101100110 !
b1001011100101100001100101100110 .
b1000 #
b1000 *
b11110 &
b11110 -
b11101111110010010110101001100001 %
b11101111110010010110101001100001 ,
b10100100010111110111001100000111 $
b10100100010111110111001100000111 +
b1001011100101100001100101100110 /
b1000 0
b11110 3
b11101111110010010110101001100001 2
b10100100010111110111001100000111 1
b101100111 )
b101100111 (
#370000
b11010001010001000100000010000 !
b11010001010001000100000010000 .
b10 #
b10 *
b10011 &
b10011 -
b11000101100100100110011111101111 %
b11000101100100100110011111101111 ,
b1100100010001010011001000001001 $
b1100100010001010011001000001001 +
b11010001010001000100000010000 /
b10 0
b10011 3
b11000101100100100110011111101111 2
b1100100010001010011001000001001 1
b101101000 )
b101101000 (
#371000
b1101100011111101000110110111000 !
b1101100011111101000110110111000 .
b110 #
b110 *
b1 &
b1 -
b11011000111111010001101101110000 %
b11011000111111010001101101110000 ,
b10110100001010101000010010110111 $
b10110100001010101000010010110111 +
b1101100011111101000110110111000 /
b110 0
b1 3
b11011000111111010001101101110000 2
b10110100001010101000010010110111 1
b101101001 )
b101101001 (
#372000
b10000111111101110101101111111111 !
b10000111111101110101101111111111 .
b11 #
b11 *
b10011 &
b10011 -
b111111101110001100111011110 %
b111111101110001100111011110 ,
b10000101010101010100101111111111 $
b10000101010101010100101111111111 +
b10000111111101110101101111111111 /
b11 0
b10011 3
b111111101110001100111011110 2
b10000101010101010100101111111111 1
b101101010 )
b101101010 (
#373000
b1 !
b1 .
b1100 #
b1100 *
b10001 &
b10001 -
b10101000100001010010001011001000 %
b10101000100001010010001011001000 ,
b10010011000010010100011001111011 $
b10010011000010010100011001111011 +
b1 /
b1100 0
b10001 3
b10101000100001010010001011001000 2
b10010011000010010100011001111011 1
b101101011 )
b101101011 (
#374000
b1111000100110110001101101100 !
b1111000100110110001101101100 .
b0 #
b0 *
b11000 &
b11000 -
b11110101110101110010110100010010 %
b11110101110101110010110100010010 ,
b11001001111000011011001011010 $
b11001001111000011011001011010 +
b1111000100110110001101101100 /
b0 0
b11000 3
b11110101110101110010110100010010 2
b11001001111000011011001011010 1
b101101100 )
b101101100 (
#375000
b10100000100000000100000100000011 !
b10100000100000000100000100000011 .
b1 #
b1 *
b1100 &
b1100 -
b10101000100011000100000100101111 %
b10101000100011000100000100101111 ,
b10110110101100011100011111000011 $
b10110110101100011100011111000011 +
b10100000100000000100000100000011 /
b1 0
b1100 3
b10101000100011000100000100101111 2
b10110110101100011100011111000011 1
b101101101 )
b101101101 (
#376000
b0 !
b0 .
b1001 #
b1001 *
b11010 &
b11010 -
b11101010110101000101100100011000 %
b11101010110101000101100100011000 ,
b1110110101110100000010000010010 $
b1110110101110100000010000010010 +
b0 /
b1001 0
b11010 3
b11101010110101000101100100011000 2
b1110110101110100000010000010010 1
b101101110 )
b101101110 (
#377000
b111000001001110001100110100111 !
b111000001001110001100110100111 .
b111 #
b111 *
b11001 &
b11001 -
b11010100001100000111010110110101 %
b11010100001100000111010110110101 ,
b1100010101111000111101011100 $
b1100010101111000111101011100 +
b111000001001110001100110100111 /
b111 0
b11001 3
b11010100001100000111010110110101 2
b1100010101111000111101011100 1
b101101111 )
b101101111 (
#378000
b101111011100010011000011110001 !
b101111011100010011000011110001 .
b1000 &
b1000 -
b10101110000011010011110101001 %
b10101110000011010011110101001 ,
b1000101001100101101100010011010 $
b1000101001100101101100010011010 +
b101111011100010011000011110001 /
b1000 3
b10101110000011010011110101001 2
b1000101001100101101100010011010 1
b101110000 )
b101110000 (
#379000
b10100101110101110111101101111011 !
b10100101110101110111101101111011 .
b0 #
b0 *
b10100 &
b10100 -
b11100100010000101010010011 %
b11100100010000101010010011 ,
b10100010010001100111000011101000 $
b10100010010001100111000011101000 +
b10100101110101110111101101111011 /
b0 0
b10100 3
b11100100010000101010010011 2
b10100010010001100111000011101000 1
b101110001 )
b101110001 (
#380000
b11100101111111001111000000110101 !
b11100101111111001111000000110101 .
b1000 #
b1000 *
b1111 &
b1111 -
b11011111101010100000100111001010 %
b11011111101010100000100111001010 ,
b111010010101101111100111111111 $
b111010010101101111100111111111 +
b11100101111111001111000000110101 /
b1000 0
b1111 3
b11011111101010100000100111001010 2
b111010010101101111100111111111 1
b101110010 )
b101110010 (
#381000
b1000010010000111000000000000000 !
b1000010010000111000000000000000 .
b100 #
b100 *
b1111110001011101000010010000111 %
b1111110001011101000010010000111 ,
b11100010011111111011111110101100 $
b11100010011111111011111110101100 +
b1000010010000111000000000000000 /
b100 0
b1111110001011101000010010000111 2
b11100010011111111011111110101100 1
b101110011 )
b101110011 (
#382000
b101000100000010101011100000100 !
b101000100000010101011100000100 .
b1 #
b1 *
b11001 &
b11001 -
b101011101000110111111110110100 %
b101011101000110111111110110100 ,
b11111000100000010101011100000100 $
b11111000100000010101011100000100 +
b101000100000010101011100000100 /
b1 0
b11001 3
b101011101000110111111110110100 2
b11111000100000010101011100000100 1
b101110100 )
b101110100 (
#383000
b1101101111001001011011100000010 !
b1101101111001001011011100000010 .
b0 #
b0 *
b11000 &
b11000 -
b1010001101100010010011000111101 %
b1010001101100010010011000111101 ,
b11100001100111001000011000101 $
b11100001100111001000011000101 +
b1101101111001001011011100000010 /
b0 0
b11000 3
b1010001101100010010011000111101 2
b11100001100111001000011000101 1
b101110101 )
b101110101 (
#384000
b10011100000010000010010110100 !
b10011100000010000010010110100 .
b10 #
b10 *
b10111 &
b10111 -
b10000100011111100111101101001011 %
b10000100011111100111101101001011 ,
b1101100011011101101100000001001 $
b1101100011011101101100000001001 +
b10011100000010000010010110100 /
b10 0
b10111 3
b10000100011111100111101101001011 2
b1101100011011101101100000001001 1
b101110110 )
b101110110 (
#385000
b10001001010000000000001111000000 !
b10001001010000000000001111000000 .
b1 #
b1 *
b1 &
b1 -
b10011001010001010000111111110000 %
b10011001010001010000111111110000 ,
b11101111011110101101001111000111 $
b11101111011110101101001111000111 +
b10001001010000000000001111000000 /
b1 0
b1 3
b10011001010001010000111111110000 2
b11101111011110101101001111000111 1
b101110111 )
b101110111 (
#386000
b11010011111 !
b11010011111 .
b110 #
b110 *
b10101 &
b10101 -
b11010011111111111100111111010010 %
b11010011111111111100111111010010 ,
b11100011111110111110001001011110 $
b11100011111110111110001001011110 +
b11010011111 /
b110 0
b10101 3
b11010011111111111100111111010010 2
b11100011111110111110001001011110 1
b101111000 )
b101111000 (
#387000
b11110101011110101110001100101011 !
b11110101011110101110001100101011 .
b11 #
b11 *
b10011 &
b10011 -
b110001001110100110001000101011 %
b110001001110100110001000101011 ,
b11110100011010001100001100000011 $
b11110100011010001100001100000011 +
b11110101011110101110001100101011 /
b11 0
b10011 3
b110001001110100110001000101011 2
b11110100011010001100001100000011 1
b101111001 )
b101111001 (
#388000
b1000100010011 !
b1000100010011 .
b110 #
b110 *
b10001000100111001010111011110000 %
b10001000100111001010111011110000 ,
b11010101001100011111001001110100 $
b11010101001100011111001001110100 +
b1000100010011 /
b110 0
b10001000100111001010111011110000 2
b11010101001100011111001001110100 1
b101111010 )
b101111010 (
#389000
b0 !
b0 .
b1001 #
b1001 *
b1001 &
b1001 -
b10100010111010000011101111111110 %
b10100010111010000011101111111110 ,
b1000101010111001100111001001010 $
b1000101010111001100111001001010 +
b0 /
b1001 0
b1001 3
b10100010111010000011101111111110 2
b1000101010111001100111001001010 1
b101111011 )
b101111011 (
#390000
b1000000001000010101101000000 !
b1000000001000010101101000000 .
b1 #
b1 *
b11101 &
b11101 -
b1001010000011000110111111101010 %
b1001010000011000110111111101010 ,
b10111101011001000010101101010000 $
b10111101011001000010101101010000 +
b1000000001000010101101000000 /
b1 0
b11101 3
b1001010000011000110111111101010 2
b10111101011001000010101101010000 1
b101111100 )
b101111100 (
#391000
b11100101101111000111110011111010 !
b11100101101111000111110011111010 .
b0 #
b0 *
b1000 &
b1000 -
b11010011110011011101001111100001 %
b11010011110011011101001111100001 ,
b10001111011101010100100011001 $
b10001111011101010100100011001 +
b11100101101111000111110011111010 /
b0 0
b1000 3
b11010011110011011101001111100001 2
b10001111011101010100100011001 1
b101111101 )
b101111101 (
#392000
b11110001011001110100101000101100 !
b11110001011001110100101000101100 .
b1000 #
b1000 *
b11 &
b11 -
b11010011001110001000000000010010 %
b11010011001110001000000000010010 ,
b100010010111111100101000111110 $
b100010010111111100101000111110 +
b11110001011001110100101000101100 /
b1000 0
b11 3
b11010011001110001000000000010010 2
b100010010111111100101000111110 1
b101111110 )
b101111110 (
#393000
b1101111111111110110111111110 !
b1101111111111110110111111110 .
b11 #
b11 *
b1010 &
b1010 -
b101110111010110101111110 %
b101110111010110101111110 ,
b1101111011000100100010101100 $
b1101111011000100100010101100 +
b1101111111111110110111111110 /
b11 0
b1010 3
b101110111010110101111110 2
b1101111011000100100010101100 1
b101111111 )
b101111111 (
#394000
b10110100100101100000000000000000 !
b10110100100101100000000000000000 .
b1101 #
b1101 *
b10 &
b10 -
b10011010110010111011010010010110 %
b10011010110010111011010010010110 ,
b1011011001010000011010010100000 $
b1011011001010000011010010100000 +
b10110100100101100000000000000000 /
b1101 0
b10 3
b10011010110010111011010010010110 2
b1011011001010000011010010100000 1
b110000000 )
b110000000 (
#395000
b10010000010001010000100010010000 !
b10010000010001010000100010010000 .
b1 #
b1 *
b10011 &
b10011 -
b11110000110001010010110010111001 %
b11110000110001010010110010111001 ,
b10010111010111110100100110010010 $
b10010111010111110100100110010010 +
b10010000010001010000100010010000 /
b1 0
b10011 3
b11110000110001010010110010111001 2
b10010111010111110100100110010010 1
b110000001 )
b110000001 (
#396000
b0 !
b0 .
b1010 #
b1010 *
b11011 &
b11011 -
b10111000011111110001011000100101 %
b10111000011111110001011000100101 ,
b10111111000110001111101110001100 $
b10111111000110001111101110001100 +
b0 /
b1010 0
b11011 3
b10111000011111110001011000100101 2
b10111111000110001111101110001100 1
b110000010 )
b110000010 (
#397000
b1 !
b1 .
b1100 #
b1100 *
b1111 &
b1111 -
b10011100111100100111001011000010 %
b10011100111100100111001011000010 ,
b101010001010010100110111100101 $
b101010001010010100110111100101 +
b1 /
b1100 0
b1111 3
b10011100111100100111001011000010 2
b101010001010010100110111100101 1
b110000011 )
b110000011 (
#398000
b100100101001001110000110100011 !
b100100101001001110000110100011 .
b10 #
b10 *
b11010 &
b11010 -
b10001011000110010000101001001000 %
b10001011000110010000101001001000 ,
b11011001010000100001110001011100 $
b11011001010000100001110001011100 +
b100100101001001110000110100011 /
b10 0
b11010 3
b10001011000110010000101001001000 2
b11011001010000100001110001011100 1
b110000100 )
b110000100 (
#399000
b1 !
b1 .
b1010 #
b1010 *
b10011 &
b10011 -
b1100001100101001001001111110110 %
b1100001100101001001001111110110 ,
b110001100010100000111011100001 $
b110001100010100000111011100001 +
b1 /
b1010 0
b10011 3
b1100001100101001001001111110110 2
b110001100010100000111011100001 1
b110000101 )
b110000101 (
#400000
b1010100111001110110000001010000 !
b1010100111001110110000001010000 .
b1000 #
b1000 *
b10010 &
b10010 -
b1001110100001111010101001101011 %
b1001110100001111010101001101011 ,
b11010011000001100101000111011 $
b11010011000001100101000111011 +
b1010100111001110110000001010000 /
b1000 0
b10010 3
b1001110100001111010101001101011 2
b11010011000001100101000111011 1
b110000110 )
b110000110 (
#401000
b1 !
b1 .
b1100 #
b1100 *
b11110 &
b11110 -
b111000001000000000101111001111 %
b111000001000000000101111001111 ,
b1101101110010100010011100110101 $
b1101101110010100010011100110101 +
b1 /
b1100 0
b11110 3
b111000001000000000101111001111 2
b1101101110010100010011100110101 1
b110000111 )
b110000111 (
#402000
b1101010000000000000000000000000 !
b1101010000000000000000000000000 .
b100 #
b100 *
b11000 &
b11000 -
b100001111000111101001001101010 %
b100001111000111101001001101010 ,
b10010110110011011010000001001110 $
b10010110110011011010000001001110 +
b1101010000000000000000000000000 /
b100 0
b11000 3
b100001111000111101001001101010 2
b10010110110011011010000001001110 1
b110001000 )
b110001000 (
#403000
b10111010000001001101001110010110 !
b10111010000001001101001110010110 .
b111 #
b111 *
b1111 &
b1111 -
b11100011001010000000010011000111 %
b11100011001010000000010011000111 ,
b10011101001011001101100001011101 $
b10011101001011001101100001011101 +
b10111010000001001101001110010110 /
b111 0
b1111 3
b11100011001010000000010011000111 2
b10011101001011001101100001011101 1
b110001001 )
b110001001 (
#404000
b10100011101100000000000000000000 !
b10100011101100000000000000000000 .
b1101 #
b1101 *
b10111010100100101010001110110000 %
b10111010100100101010001110110000 ,
b11111011111011100100101010100001 $
b11111011111011100100101010100001 +
b10100011101100000000000000000000 /
b1101 0
b10111010100100101010001110110000 2
b11111011111011100100101010100001 1
b110001010 )
b110001010 (
#405000
b10100010000010100000000000000000 !
b10100010000010100000000000000000 .
b10000 &
b10000 -
b101001011010001000001010 %
b101001011010001000001010 ,
b10110110111101110100000100001 $
b10110110111101110100000100001 +
b10100010000010100000000000000000 /
b10000 3
b101001011010001000001010 2
b10110110111101110100000100001 1
b110001011 )
b110001011 (
#406000
b1 !
b1 .
b1100 #
b1100 *
b0 &
b0 -
b11100000000010000101100010000010 %
b11100000000010000101100010000010 ,
b10011111110000110001100100011101 $
b10011111110000110001100100011101 +
b1 /
b1100 0
b0 3
b11100000000010000101100010000010 2
b10011111110000110001100100011101 1
b110001100 )
b110001100 (
#407000
b11111111111111111111111111101001 !
b11111111111111111111111111101001 .
b11 #
b11 *
b10 &
b10 -
b11001110011110101111011101001001 %
b11001110011110101111011101001001 ,
b11110011101101010010111011101001 $
b11110011101101010010111011101001 +
b11111111111111111111111111101001 /
b11 0
b10 3
b11001110011110101111011101001001 2
b11110011101101010010111011101001 1
b110001101 )
b110001101 (
#408000
b1010110000011000010110001010001 !
b1010110000011000010110001010001 .
b111 #
b111 *
b10100 &
b10100 -
b111011000111001001110001000110 %
b111011000111001001110001000110 ,
b10010001001010001100100010010111 $
b10010001001010001100100010010111 +
b1010110000011000010110001010001 /
b111 0
b10100 3
b111011000111001001110001000110 2
b10010001001010001100100010010111 1
b110001110 )
b110001110 (
#409000
b110100001100000000000110111000 !
b110100001100000000000110111000 .
b100 #
b100 *
b11 &
b11 -
b11100110100001100000000000110111 %
b11100110100001100000000000110111 ,
b11010101100110100000011101001100 $
b11010101100110100000011101001100 +
b110100001100000000000110111000 /
b100 0
b11 3
b11100110100001100000000000110111 2
b11010101100110100000011101001100 1
b110001111 )
b110001111 (
#410000
b11011010000101110001000011001100 !
b11011010000101110001000011001100 .
b10 &
b10 -
b1110110100001011100010000110011 %
b1110110100001011100010000110011 ,
b10100010000110010010100100010000 $
b10100010000110010010100100010000 +
b11011010000101110001000011001100 /
b10 3
b1110110100001011100010000110011 2
b10100010000110010010100100010000 1
b110010000 )
b110010000 (
#411000
b11110111111111010110111110011110 !
b11110111111111010110111110011110 .
b11 #
b11 *
b10110 &
b10110 -
b10100100111111000110011110001110 %
b10100100111111000110011110001110 ,
b11110011100010010100101010011100 $
b11110011100010010100101010011100 +
b11110111111111010110111110011110 /
b11 0
b10110 3
b10100100111111000110011110001110 2
b11110011100010010100101010011100 1
b110010001 )
b110010001 (
#412000
b1111010010110111111000100110110 !
b1111010010110111111000100110110 .
b0 #
b0 *
b11010 &
b11010 -
b10100100100111010100110100100101 %
b10100100100111010100110100100101 ,
b11010101101111101010010000010001 $
b11010101101111101010010000010001 +
b1111010010110111111000100110110 /
b0 0
b11010 3
b10100100100111010100110100100101 2
b11010101101111101010010000010001 1
b110010010 )
b110010010 (
#413000
b1 !
b1 .
b1100 #
b1100 *
b11000 &
b11000 -
b111111101110001101000110001100 %
b111111101110001101000110001100 ,
b10111100011001000101011011110110 $
b10111100011001000101011011110110 +
b1 /
b1100 0
b11000 3
b111111101110001101000110001100 2
b10111100011001000101011011110110 1
b110010011 )
b110010011 (
#414000
b100010001111011001111100011 !
b100010001111011001111100011 .
b101 #
b101 *
b100 &
b100 -
b1000100011110110011111000111110 %
b1000100011110110011111000111110 ,
b101111100011010011101000001001 $
b101111100011010011101000001001 +
b100010001111011001111100011 /
b101 0
b100 3
b1000100011110110011111000111110 2
b101111100011010011101000001001 1
b110010100 )
b110010100 (
#415000
b0 !
b0 .
b1001 #
b1001 *
b11111 &
b11111 -
b10010111000100001001101011100100 %
b10010111000100001001101011100100 ,
b11110111011010001011011101011000 $
b11110111011010001011011101011000 +
b0 /
b1001 0
b11111 3
b10010111000100001001101011100100 2
b11110111011010001011011101011000 1
b110010101 )
b110010101 (
#416000
b10000001000001000001000001110 !
b10000001000001000001000001110 .
b10 #
b10 *
b1 &
b1 -
b11101011000101010001110111100001 %
b11101011000101010001110111100001 ,
b100110010100111110111010001 $
b100110010100111110111010001 +
b10000001000001000001000001110 /
b10 0
b1 3
b11101011000101010001110111100001 2
b100110010100111110111010001 1
b110010110 )
b110010110 (
#417000
b110010110000010000000000000000 !
b110010110000010000000000000000 .
b1101 #
b1101 *
b11011 &
b11011 -
b10010110000011001011000001 %
b10010110000011001011000001 ,
b10000011001011001110111110010010 $
b10000011001011001110111110010010 +
b110010110000010000000000000000 /
b1101 0
b11011 3
b10010110000011001011000001 2
b10000011001011001110111110010010 1
b110010111 )
b110010111 (
#418000
b1001001000010100100000111000011 !
b1001001000010100100000111000011 .
b1 #
b1 *
b1111 &
b1111 -
b1001001101010110100000111001011 %
b1001001101010110100000111001011 ,
b11001011010111101101111111100011 $
b11001011010111101101111111100011 +
b1001001000010100100000111000011 /
b1 0
b1111 3
b1001001101010110100000111001011 2
b11001011010111101101111111100011 1
b110011000 )
b110011000 (
#419000
b0 !
b0 .
b110 #
b110 *
b11111 &
b11111 -
b1100000011000101011101101111011 %
b1100000011000101011101101111011 ,
b10001111001110101001010000000110 $
b10001111001110101001010000000110 +
b0 /
b110 0
b11111 3
b1100000011000101011101101111011 2
b10001111001110101001010000000110 1
b110011001 )
b110011001 (
#420000
b1000101001100110000011001001100 !
b1000101001100110000011001001100 .
b0 #
b0 *
b10000 &
b10000 -
b1111001001101011101110000100 %
b1111001001101011101110000100 ,
b110110000011000100101011001000 $
b110110000011000100101011001000 +
b1000101001100110000011001001100 /
b0 0
b10000 3
b1111001001101011101110000100 2
b110110000011000100101011001000 1
b110011010 )
b110011010 (
#421000
b11000101011100010000000000000000 !
b11000101011100010000000000000000 .
b1101 #
b1101 *
b10 &
b10 -
b10011001000010101100010101110001 %
b10011001000010101100010101110001 ,
b11111110010011100011010110000011 $
b11111110010011100011010110000011 +
b11000101011100010000000000000000 /
b1101 0
b10 3
b10011001000010101100010101110001 2
b11111110010011100011010110000011 1
b110011011 )
b110011011 (
#422000
b0 !
b0 .
b100 #
b100 *
b11110 &
b11110 -
b10011010110100000010001001000 %
b10011010110100000010001001000 ,
b11100110001111110110010001000001 $
b11100110001111110110010001000001 +
b0 /
b100 0
b11110 3
b10011010110100000010001001000 2
b11100110001111110110010001000001 1
b110011100 )
b110011100 (
#423000
b11010011100001000000000000000000 !
b11010011100001000000000000000000 .
b10010 &
b10010 -
b1101000001111110111010011100001 %
b1101000001111110111010011100001 ,
b110000001001110110011111101 $
b110000001001110110011111101 +
b11010011100001000000000000000000 /
b10010 3
b1101000001111110111010011100001 2
b110000001001110110011111101 1
b110011101 )
b110011101 (
#424000
b110000101110011110011000000000 !
b110000101110011110011000000000 .
b1001 &
b1001 -
b11000000110000101110011110011 %
b11000000110000101110011110011 ,
b111001111010100010100111000111 $
b111001111010100010100111000111 +
b110000101110011110011000000000 /
b1001 3
b11000000110000101110011110011 2
b111001111010100010100111000111 1
b110011110 )
b110011110 (
#425000
b1 !
b1 .
b1010 #
b1010 *
b11110 &
b11110 -
b10011011000011011010101011101001 %
b10011011000011011010101011101001 ,
b10000001000001010000110000111100 $
b10000001000001010000110000111100 +
b1 /
b1010 0
b11110 3
b10011011000011011010101011101001 2
b10000001000001010000110000111100 1
b110011111 )
b110011111 (
#426000
b100001000000000000000000000000 !
b100001000000000000000000000000 .
b100 #
b100 *
b11000 &
b11000 -
b1110110000100110010010100100001 %
b1110110000100110010010100100001 ,
b11101010011111111110001011101100 $
b11101010011111111110001011101100 +
b100001000000000000000000000000 /
b100 0
b11000 3
b1110110000100110010010100100001 2
b11101010011111111110001011101100 1
b110100000 )
b110100000 (
#427000
b10001111111110001110110001 !
b10001111111110001110110001 .
b111 #
b111 *
b11100 &
b11100 -
b10101100100111011101011110000010 %
b10101100100111011101011110000010 ,
b10101110110111011011101100110011 $
b10101110110111011011101100110011 +
b10001111111110001110110001 /
b111 0
b11100 3
b10101100100111011101011110000010 2
b10101110110111011011101100110011 1
b110100001 )
b110100001 (
#428000
b10100100011010010110 !
b10100100011010010110 .
b101 #
b101 *
b101 &
b101 -
b1010010001101001011001010 %
b1010010001101001011001010 ,
b1100001110100100101000010011000 $
b1100001110100100101000010011000 +
b10100100011010010110 /
b101 0
b101 3
b1010010001101001011001010 2
b1100001110100100101000010011000 1
b110100010 )
b110100010 (
#429000
b10101011101110100110110010000000 !
b10101011101110100110110010000000 .
b111 #
b111 *
b10100 &
b10100 -
b11000110101111001010010011100000 %
b11000110101111001010010011100000 ,
b1110010011101110001000101100000 $
b1110010011101110001000101100000 +
b10101011101110100110110010000000 /
b111 0
b10100 3
b11000110101111001010010011100000 2
b1110010011101110001000101100000 1
b110100011 )
b110100011 (
#430000
b1 !
b1 .
b1100 #
b1100 *
b11 &
b11 -
b11111000111000101111101001010000 %
b11111000111000101111101001010000 ,
b101000011011100001011010010110 $
b101000011011100001011010010110 +
b1 /
b1100 0
b11 3
b11111000111000101111101001010000 2
b101000011011100001011010010110 1
b110100100 )
b110100100 (
#431000
b1 !
b1 .
b1010 &
b1010 -
b11111001100111011001101101100110 %
b11111001100111011001101101100110 ,
b1001001101001101110101010011010 $
b1001001101001101110101010011010 +
b1010 3
b11111001100111011001101101100110 2
b1001001101001101110101010011010 1
b110100101 )
b110100101 (
#432000
b1 !
b1 .
b1010 #
b1010 *
b1111 &
b1111 -
b10110001101011000111110100001101 %
b10110001101011000111110100001101 ,
b1001111011111000001011001000111 $
b1001111011111000001011001000111 +
b1010 0
b1111 3
b10110001101011000111110100001101 2
b1001111011111000001011001000111 1
b110100110 )
b110100110 (
#433000
b10100101000011001101000011111000 !
b10100101000011001101000011111000 .
b1 #
b1 *
b10001 &
b10001 -
b10100111001011101101110111111000 %
b10100111001011101101110111111000 ,
b11101101010111011101001011111110 $
b11101101010111011101001011111110 +
b10100101000011001101000011111000 /
b1 0
b10001 3
b10100111001011101101110111111000 2
b11101101010111011101001011111110 1
b110100111 )
b110100111 (
#434000
b1110111000011001010010010100000 !
b1110111000011001010010010100000 .
b1000 #
b1000 *
b1110 &
b1110 -
b1111100000000001011001100111100 %
b1111100000000001011001100111100 ,
b1011000011000001011110011100 $
b1011000011000001011110011100 +
b1110111000011001010010010100000 /
b1000 0
b1110 3
b1111100000000001011001100111100 2
b1011000011000001011110011100 1
b110101000 )
b110101000 (
#435000
b0 !
b0 .
b1011 #
b1011 *
b11000000010110111000100100001011 %
b11000000010110111000100100001011 ,
b10010110100100100110011010110010 $
b10010110100100100110011010110010 +
b0 /
b1011 0
b11000000010110111000100100001011 2
b10010110100100100110011010110010 1
b110101001 )
b110101001 (
#436000
b1001 #
b1001 *
b10 &
b10 -
b10010000100100101101110110000011 %
b10010000100100101101110110000011 ,
b1001100011101001000100011110 $
b1001100011101001000100011110 +
b1001 0
b10 3
b10010000100100101101110110000011 2
b1001100011101001000100011110 1
b110101010 )
b110101010 (
#437000
b11010010000100101100100100001 !
b11010010000100101100100100001 .
b10 #
b10 *
b11011 &
b11011 -
b10000001001111010010000011011100 %
b10000001001111010010000011011100 ,
b1100101101100011000011010011110 $
b1100101101100011000011010011110 +
b11010010000100101100100100001 /
b10 0
b11011 3
b10000001001111010010000011011100 2
b1100101101100011000011010011110 1
b110101011 )
b110101011 (
#438000
b111110011111111111011111111 !
b111110011111111111011111111 .
b11 #
b11 *
b10100 &
b10100 -
b111000001101110111011111010 %
b111000001101110111011111010 ,
b110010010011101010101111 $
b110010010011101010101111 +
b111110011111111111011111111 /
b11 0
b10100 3
b111000001101110111011111010 2
b110010010011101010101111 1
b110101100 )
b110101100 (
#439000
b11010100000110001000100000000101 !
b11010100000110001000100000000101 .
b1 #
b1 *
b1011 &
b1011 -
b11110101001111011010101000000101 %
b11110101001111011010101000000101 ,
b11011100100110101100110001011101 $
b11011100100110101100110001011101 +
b11010100000110001000100000000101 /
b1 0
b1011 3
b11110101001111011010101000000101 2
b11011100100110101100110001011101 1
b110101101 )
b110101101 (
#440000
b100010110011101010110111110000 !
b100010110011101010110111110000 .
b111 #
b111 *
b0 &
b0 -
b10010011011110000110100110101111 %
b10010011011110000110100110101111 ,
b10110110010001110001011110011111 $
b10110110010001110001011110011111 +
b100010110011101010110111110000 /
b111 0
b0 3
b10010011011110000110100110101111 2
b10110110010001110001011110011111 1
b110101110 )
b110101110 (
#441000
b1 !
b1 .
b1100 #
b1100 *
b11100 &
b11100 -
b10101010101111111010110110001010 %
b10101010101111111010110110001010 ,
b10101001110110011110001001111011 $
b10101001110110011110001001111011 +
b1 /
b1100 0
b11100 3
b10101010101111111010110110001010 2
b10101001110110011110001001111011 1
b110101111 )
b110101111 (
#442000
b1101101010011110000100011100 !
b1101101010011110000100011100 .
b110 #
b110 *
b100 &
b100 -
b11011010100111100001000111000010 %
b11011010100111100001000111000010 ,
b101011111001011110000110010110 $
b101011111001011110000110010110 +
b1101101010011110000100011100 /
b110 0
b100 3
b11011010100111100001000111000010 2
b101011111001011110000110010110 1
b110110000 )
b110110000 (
#443000
b1011111110001010001110 !
b1011111110001010001110 .
b1010 &
b1010 -
b10111111100010100011101011010010 %
b10111111100010100011101011010010 ,
b10110111110001000010100 $
b10110111110001000010100 +
b1011111110001010001110 /
b1010 3
b10111111100010100011101011010010 2
b10110111110001000010100 1
b110110001 )
b110110001 (
#444000
b10010010000110111111101011001111 !
b10010010000110111111101011001111 .
b111 #
b111 *
b11111 &
b11111 -
b11111010001011011001101000010001 %
b11111010001011011001101000010001 ,
b10001100010010011001010011100000 $
b10001100010010011001010011100000 +
b10010010000110111111101011001111 /
b111 0
b11111 3
b11111010001011011001101000010001 2
b10001100010010011001010011100000 1
b110110010 )
b110110010 (
#445000
b10000100010101000000001000000000 !
b10000100010101000000001000000000 .
b10 #
b10 *
b1010 &
b1010 -
b1111010000000001111000010011110 %
b1111010000000001111000010011110 ,
b1110001101010110011110101110111 $
b1110001101010110011110101110111 +
b10000100010101000000001000000000 /
b10 0
b1010 3
b1111010000000001111000010011110 2
b1110001101010110011110101110111 1
b110110011 )
b110110011 (
#446000
b111000011000000000000100000100 !
b111000011000000000000100000100 .
b1 #
b1 *
b101 &
b101 -
b10111000111000000000000100000100 %
b10111000111000000000000100000100 ,
b1111111011011000011110101110111 $
b1111111011011000011110101110111 +
b111000011000000000000100000100 /
b1 0
b101 3
b10111000111000000000000100000100 2
b1111111011011000011110101110111 1
b110110100 )
b110110100 (
#447000
b1 !
b1 .
b1100 #
b1100 *
b10010 &
b10010 -
b11101101010101111000001000110001 %
b11101101010101111000001000110001 ,
b1000101000111001011111110000010 $
b1000101000111001011111110000010 +
b1 /
b1100 0
b10010 3
b11101101010101111000001000110001 2
b1000101000111001011111110000010 1
b110110101 )
b110110101 (
#448000
b10110111001001011100111000010100 !
b10110111001001011100111000010100 .
b11 #
b11 *
b11111 &
b11111 -
b10110111000001011100110000000100 %
b10110111000001011100110000000100 ,
b110110001000000000111000010000 $
b110110001000000000111000010000 +
b10110111001001011100111000010100 /
b11 0
b11111 3
b10110111000001011100110000000100 2
b110110001000000000111000010000 1
b110110110 )
b110110110 (
#449000
b1001110001100110000000000000000 !
b1001110001100110000000000000000 .
b1101 #
b1101 *
b11110 &
b11110 -
b10101110000010000100111000110011 %
b10101110000010000100111000110011 ,
b1001101000000000010011110000111 $
b1001101000000000010011110000111 +
b1001110001100110000000000000000 /
b1101 0
b11110 3
b10101110000010000100111000110011 2
b1001101000000000010011110000111 1
b110110111 )
b110110111 (
#450000
b1 !
b1 .
b1010 #
b1010 *
b110 &
b110 -
b1101001001000111011001110011000 %
b1101001001000111011001110011000 ,
b110101111110111101001110010111 $
b110101111110111101001110010111 +
b1 /
b1010 0
b110 3
b1101001001000111011001110011000 2
b110101111110111101001110010111 1
b110111000 )
b110111000 (
#451000
b1 !
b1 .
b10110 &
b10110 -
b11110001101001010101010001101101 %
b11110001101001010101010001101101 ,
b1000100101001011111010001111000 $
b1000100101001011111010001111000 +
b10110 3
b11110001101001010101010001101101 2
b1000100101001011111010001111000 1
b110111001 )
b110111001 (
#452000
b111001010110010000000000000000 !
b111001010110010000000000000000 .
b1101 #
b1101 *
b11100 &
b11100 -
b11000100110000000011100101011001 %
b11000100110000000011100101011001 ,
b11011101110010001111001111001000 $
b11011101110010001111001111001000 +
b111001010110010000000000000000 /
b1101 0
b11100 3
b11000100110000000011100101011001 2
b11011101110010001111001111001000 1
b110111010 )
b110111010 (
#453000
b10011110011000101110011011011000 !
b10011110011000101110011011011000 .
b101 #
b101 *
b0 &
b0 -
b10011110011000101110011011011000 %
b10011110011000101110011011011000 ,
b1011100111010100111111110111100 $
b1011100111010100111111110111100 +
b10011110011000101110011011011000 /
b101 0
b0 3
b10011110011000101110011011011000 2
b1011100111010100111111110111100 1
b110111011 )
b110111011 (
#454000
b10011011100001010110101101011000 !
b10011011100001010110101101011000 .
b100 #
b100 *
b11 &
b11 -
b10011011100001010110101101011 %
b10011011100001010110101101011 ,
b11000001010011111001010101110 $
b11000001010011111001010101110 +
b10011011100001010110101101011000 /
b100 0
b11 3
b10011011100001010110101101011 2
b11000001010011111001010101110 1
b110111100 )
b110111100 (
#455000
b1111111001001010111000111011010 !
b1111111001001010111000111011010 .
b1000 #
b1000 *
b11100 &
b11100 -
b1001100000011100010000100010 %
b1001100000011100010000100010 ,
b1110110101001001011010111111000 $
b1110110101001001011010111111000 +
b1111111001001010111000111011010 /
b1000 0
b11100 3
b1001100000011100010000100010 2
b1110110101001001011010111111000 1
b110111101 )
b110111101 (
#456000
b101000000000000001110101000 !
b101000000000000001110101000 .
b10 #
b10 *
b0 &
b0 -
b11111010111100011010010000010110 %
b11111010111100011010010000010110 ,
b11111000001111111111110001010111 $
b11111000001111111111110001010111 +
b101000000000000001110101000 /
b10 0
b0 3
b11111010111100011010010000010110 2
b11111000001111111111110001010111 1
b110111110 )
b110111110 (
#457000
b1 !
b1 .
b1100 #
b1100 *
b10010 &
b10010 -
b101010000100101011100000110 %
b101010000100101011100000110 ,
b11101111001001010010011011011101 $
b11101111001001010010011011011101 +
b1 /
b1100 0
b10010 3
b101010000100101011100000110 2
b11101111001001010010011011011101 1
b110111111 )
b110111111 (
#458000
b10010100100010101111010000101 !
b10010100100010101111010000101 .
b110 #
b110 *
b10 &
b10 -
b1001010010001010111101000010101 %
b1001010010001010111101000010101 ,
b1100101010010001111111101000100 $
b1100101010010001111111101000100 +
b10010100100010101111010000101 /
b110 0
b10 3
b1001010010001010111101000010101 2
b1100101010010001111111101000100 1
b111000000 )
b111000000 (
#459000
b1 !
b1 .
b11110 &
b11110 -
b1111101101111010110010010000010 %
b1111101101111010110010010000010 ,
b10110011100001110010111001110 $
b10110011100001110010111001110 +
b1 /
b11110 3
b1111101101111010110010010000010 2
b10110011100001110010111001110 1
b111000001 )
b111000001 (
#460000
b0 !
b0 .
b1010 #
b1010 *
b1011 &
b1011 -
b1000010100011001100110101000011 %
b1000010100011001100110101000011 ,
b10111111100001010010110101000110 $
b10111111100001010010110101000110 +
b0 /
b1010 0
b1011 3
b1000010100011001100110101000011 2
b10111111100001010010110101000110 1
b111000010 )
b111000010 (
#461000
b10010100000000000111100100110100 !
b10010100000000000111100100110100 .
b10 #
b10 *
b1010 &
b1010 -
b1100001111101111000011010000001 %
b1100001111101111000011010000001 ,
b1001011100010101000011011001010 $
b1001011100010101000011011001010 +
b10010100000000000111100100110100 /
b10 0
b1010 3
b1100001111101111000011010000001 2
b1001011100010101000011011001010 1
b111000011 )
b111000011 (
#462000
b1001000000010010100000000 !
b1001000000010010100000000 .
b11001 &
b11001 -
b10011110110111010001001011111011 %
b10011110110111010001001011111011 ,
b1100100000001111100100010101101 $
b1100100000001111100100010101101 +
b1001000000010010100000000 /
b11001 3
b10011110110111010001001011111011 2
b1100100000001111100100010101101 1
b111000100 )
b111000100 (
#463000
b10101100101101101111111011110000 !
b10101100101101101111111011110000 .
b110 #
b110 *
b0 &
b0 -
b10101100101101101111111011110000 %
b10101100101101101111111011110000 ,
b11110101111111100000000100111011 $
b11110101111111100000000100111011 +
b10101100101101101111111011110000 /
b110 0
b0 3
b10101100101101101111111011110000 2
b11110101111111100000000100111011 1
b111000101 )
b111000101 (
#464000
b0 !
b0 .
b1001 #
b1001 *
b1111 &
b1111 -
b11010111100001011111010011010001 %
b11010111100001011111010011010001 ,
b111101110001001101011011011011 $
b111101110001001101011011011011 +
b0 /
b1001 0
b1111 3
b11010111100001011111010011010001 2
b111101110001001101011011011011 1
b111000110 )
b111000110 (
#465000
b1100010010101101000000010000010 !
b1100010010101101000000010000010 .
b10 #
b10 *
b1001 &
b1001 -
b11101100010000001010100011101 %
b11101100010000001010100011101 ,
b10000000101010010110101001110100 $
b10000000101010010110101001110100 +
b1100010010101101000000010000010 /
b10 0
b1001 3
b11101100010000001010100011101 2
b10000000101010010110101001110100 1
b111000111 )
b111000111 (
#466000
b10111010110111010000000000000000 !
b10111010110111010000000000000000 .
b1101 #
b1101 *
b11101 &
b11101 -
b10010001111111111011101011011101 %
b10010001111111111011101011011101 ,
b110011001001010110011101011110 $
b110011001001010110011101011110 +
b10111010110111010000000000000000 /
b1101 0
b11101 3
b10010001111111111011101011011101 2
b110011001001010110011101011110 1
b111001000 )
b111001000 (
#467000
b1000000000000000000000000000000 !
b1000000000000000000000000000000 .
b100 #
b100 *
b11110 &
b11110 -
b11000001101001110010010101011101 %
b11000001101001110010010101011101 ,
b11100110101000101100000010111010 $
b11100110101000101100000010111010 +
b1000000000000000000000000000000 /
b100 0
b11110 3
b11000001101001110010010101011101 2
b11100110101000101100000010111010 1
b111001001 )
b111001001 (
#468000
b11111111111111111111111111101011 !
b11111111111111111111111111101011 .
b101 #
b101 *
b11010 &
b11010 -
b10101101100001110111011001101101 %
b10101101100001110111011001101101 ,
b10111100110101001001110011010000 $
b10111100110101001001110011010000 +
b11111111111111111111111111101011 /
b101 0
b11010 3
b10101101100001110111011001101101 2
b10111100110101001001110011010000 1
b111001010 )
b111001010 (
#469000
b0 !
b0 .
b100 #
b100 *
b11111 &
b11111 -
b11100011110010111100011001010 %
b11100011110010111100011001010 ,
b10011111100101010001110001001001 $
b10011111100101010001110001001001 +
b0 /
b100 0
b11111 3
b11100011110010111100011001010 2
b10011111100101010001110001001001 1
b111001011 )
b111001011 (
#470000
b110101001001001011 !
b110101001001001011 .
b110 #
b110 *
b1100 &
b1100 -
b110101001001001011010010110101 %
b110101001001001011010010110101 ,
b10110110010011111011101100010110 $
b10110110010011111011101100010110 +
b110101001001001011 /
b110 0
b1100 3
b110101001001001011010010110101 2
b10110110010011111011101100010110 1
b111001100 )
b111001100 (
#471000
b1 !
b1 .
b1100 #
b1100 *
b10011 &
b10011 -
b1101010111011011000011110000010 %
b1101010111011011000011110000010 ,
b10101111011110111011101000001000 $
b10101111011110111011101000001000 +
b1 /
b1100 0
b10011 3
b1101010111011011000011110000010 2
b10101111011110111011101000001000 1
b111001101 )
b111001101 (
#472000
b1 !
b1 .
b1110 &
b1110 -
b1011101010000001111111110000111 %
b1011101010000001111111110000111 ,
b11110011101111000101000110010111 $
b11110011101111000101000110010111 +
b1110 3
b1011101010000001111111110000111 2
b11110011101111000101000110010111 1
b111001110 )
b111001110 (
#473000
b1 !
b1 .
b1001 #
b1001 *
b10000 &
b10000 -
b11111100001011101000000011011110 %
b11111100001011101000000011011110 ,
b10111010010101100100010100110111 $
b10111010010101100100010100110111 +
b1001 0
b10000 3
b11111100001011101000000011011110 2
b10111010010101100100010100110111 1
b111001111 )
b111001111 (
#474000
b1000001001001011100000001001000 !
b1000001001001011100000001001000 .
b1 #
b1 *
b11000 &
b11000 -
b1001111011001011101000011101110 %
b1001111011001011101000011101110 ,
b1000001101001011100000001011001 $
b1000001101001011100000001011001 +
b1000001001001011100000001001000 /
b1 0
b11000 3
b1001111011001011101000011101110 2
b1000001101001011100000001011001 1
b111010000 )
b111010000 (
#475000
b1000000000000000000000000000000 !
b1000000000000000000000000000000 .
b100 #
b100 *
b11110 &
b11110 -
b1011000000011111101100100001101 %
b1011000000011111101100100001101 ,
b11100111001010111011100101000001 $
b11100111001010111011100101000001 +
b1000000000000000000000000000000 /
b100 0
b11110 3
b1011000000011111101100100001101 2
b11100111001010111011100101000001 1
b111010001 )
b111010001 (
#476000
b1 !
b1 .
b1001 #
b1001 *
b1100 &
b1100 -
b11010111101010010001001101111 %
b11010111101010010001001101111 ,
b11000110100101000100100010110000 $
b11000110100101000100100010110000 +
b1 /
b1001 0
b1100 3
b11010111101010010001001101111 2
b11000110100101000100100010110000 1
b111010010 )
b111010010 (
#477000
b10110000000000000000000000000000 !
b10110000000000000000000000000000 .
b100 #
b100 *
b11010 &
b11010 -
b100001110111000110111110101100 %
b100001110111000110111110101100 ,
b10100011100101010010111101100001 $
b10100011100101010010111101100001 +
b10110000000000000000000000000000 /
b100 0
b11010 3
b100001110111000110111110101100 2
b10100011100101010010111101100001 1
b111010011 )
b111010011 (
#478000
b0 !
b0 .
b1011 #
b1011 *
b1010 &
b1010 -
b1010111001110101100000111100101 %
b1010111001110101100000111100101 ,
b10110010100011101110111010000000 $
b10110010100011101110111010000000 +
b0 /
b1011 0
b1010 3
b1010111001110101100000111100101 2
b10110010100011101110111010000000 1
b111010100 )
b111010100 (
#479000
b11111001100010110010100000100000 !
b11111001100010110010100000100000 .
b111 #
b111 *
b10001 &
b10001 -
b111100000110100000010010111010 %
b111100000110100000010010111010 ,
b110101101001010010110011011010 $
b110101101001010010110011011010 +
b11111001100010110010100000100000 /
b111 0
b10001 3
b111100000110100000010010111010 2
b110101101001010010110011011010 1
b111010101 )
b111010101 (
#480000
b1000001001010000000000000000000 !
b1000001001010000000000000000000 .
b1101 #
b1101 *
b1010 &
b1010 -
b1100101000101000100000100101000 %
b1100101000101000100000100101000 ,
b1011000011100010001110110001101 $
b1011000011100010001110110001101 +
b1000001001010000000000000000000 /
b1101 0
b1010 3
b1100101000101000100000100101000 2
b1011000011100010001110110001101 1
b111010110 )
b111010110 (
#481000
b0 !
b0 .
b1011 #
b1011 *
b10101 &
b10101 -
b10011011100010011001001100100100 %
b10011011100010011001001100100100 ,
b1010000011100001100000010101001 $
b1010000011100001100000010101001 +
b0 /
b1011 0
b10101 3
b10011011100010011001001100100100 2
b1010000011100001100000010101001 1
b111010111 )
b111010111 (
#482000
b1110101010110010011001010110 !
b1110101010110010011001010110 .
b0 #
b0 *
b1010 &
b1010 -
b1111000001011011101101010001110 %
b1111000001011011101101010001110 ,
b10010110011111010100101111001000 $
b10010110011111010100101111001000 +
b1110101010110010011001010110 /
b0 0
b1010 3
b1111000001011011101101010001110 2
b10010110011111010100101111001000 1
b111011000 )
b111011000 (
#483000
b11111111111111111111111110110110 !
b11111111111111111111111110110110 .
b101 #
b101 *
b10110 &
b10110 -
b11101101101010111010011010110000 %
b11101101101010111010011010110000 ,
b11010110011110110000010111010111 $
b11010110011110110000010111010111 +
b11111111111111111111111110110110 /
b101 0
b10110 3
b11101101101010111010011010110000 2
b11010110011110110000010111010111 1
b111011001 )
b111011001 (
#484000
b1010110011101101000110010010110 !
b1010110011101101000110010010110 .
b0 #
b0 *
b10010 &
b10010 -
b101110111000001110111110101110 %
b101110111000001110111110101110 ,
b100111100101011001110011101000 $
b100111100101011001110011101000 +
b1010110011101101000110010010110 /
b0 0
b10010 3
b101110111000001110111110101110 2
b100111100101011001110011101000 1
b111011010 )
b111011010 (
#485000
b1100001110001100001110011100 !
b1100001110001100001110011100 .
b1000 #
b1000 *
b11010101001001100010010010010100 %
b11010101001001100010010010010100 ,
b11011001000111101110011100001000 $
b11011001000111101110011100001000 +
b1100001110001100001110011100 /
b1000 0
b11010101001001100010010010010100 2
b11011001000111101110011100001000 1
b111011011 )
b111011011 (
#486000
b0 !
b0 .
b1011 #
b1011 *
b11000 &
b11000 -
b1100001110011000011011101011100 %
b1100001110011000011011101011100 ,
b11100110110001000011010101010100 $
b11100110110001000011010101010100 +
b0 /
b1011 0
b11000 3
b1100001110011000011011101011100 2
b11100110110001000011010101010100 1
b111011100 )
b111011100 (
#487000
b11101001110101000011010000011101 !
b11101001110101000011010000011101 .
b1000 #
b1000 *
b10010 &
b10010 -
b111011100111110110001010011011 %
b111011100111110110001010011011 ,
b11010010010010110101011010000110 $
b11010010010010110101011010000110 +
b11101001110101000011010000011101 /
b1000 0
b10010 3
b111011100111110110001010011011 2
b11010010010010110101011010000110 1
b111011101 )
b111011101 (
#488000
b10110010111101111100010110000010 !
b10110010111101111100010110000010 .
b111 #
b111 *
b1100 &
b1100 -
b11101101010000110000100110010100 %
b11101101010000110000100110010100 ,
b10100000001110101100111100010110 $
b10100000001110101100111100010110 +
b10110010111101111100010110000010 /
b111 0
b1100 3
b11101101010000110000100110010100 2
b10100000001110101100111100010110 1
b111011110 )
b111011110 (
#489000
b0 !
b0 .
b1011 #
b1011 *
b110 &
b110 -
b1100100100101011010101010101000 %
b1100100100101011010101010101000 ,
b1111011010110011110000011001100 $
b1111011010110011110000011001100 +
b0 /
b1011 0
b110 3
b1100100100101011010101010101000 2
b1111011010110011110000011001100 1
b111011111 )
b111011111 (
#490000
b11010000110000001000000010 !
b11010000110000001000000010 .
b10 #
b10 *
b1110 &
b1110 -
b1110100000101001001000110111001 %
b1110100000101001001000110111001 ,
b11111000101010000111110111111100 $
b11111000101010000111110111111100 +
b11010000110000001000000010 /
b10 0
b1110 3
b1110100000101001001000110111001 2
b11111000101010000111110111111100 1
b111100000 )
b111100000 (
#491000
b1000100001101010000000000000000 !
b1000100001101010000000000000000 .
b1101 #
b1101 *
b10101 &
b10101 -
b10001101011101110100010000110101 %
b10001101011101110100010000110101 ,
b1000101111111011010110000101111 $
b1000101111111011010110000101111 +
b1000100001101010000000000000000 /
b1101 0
b10101 3
b10001101011101110100010000110101 2
b1000101111111011010110000101111 1
b111100001 )
b111100001 (
#492000
b1000000001000010100111110000000 !
b1000000001000010100111110000000 .
b111 #
b111 *
b1011 &
b1011 -
b1100100100100111100100101010110 %
b1100100100100111100100101010110 ,
b10100100101101010001100011010110 $
b10100100101101010001100011010110 +
b1000000001000010100111110000000 /
b111 0
b1011 3
b1100100100100111100100101010110 2
b10100100101101010001100011010110 1
b111100010 )
b111100010 (
#493000
b11001010111000001011100000111 !
b11001010111000001011100000111 .
b110 #
b110 *
b0 &
b0 -
b11001010111000001011100000111 %
b11001010111000001011100000111 ,
b1011011011111100011101001001010 $
b1011011011111100011101001001010 +
b11001010111000001011100000111 /
b110 0
b0 3
b11001010111000001011100000111 2
b1011011011111100011101001001010 1
b111100011 )
b111100011 (
#494000
b10010110111100110000000000000000 !
b10010110111100110000000000000000 .
b1101 #
b1101 *
b1010 &
b1010 -
b100111101000001001011011110011 %
b100111101000001001011011110011 ,
b1010110110110110000011110001111 $
b1010110110110110000011110001111 +
b10010110111100110000000000000000 /
b1101 0
b1010 3
b100111101000001001011011110011 2
b1010110110110110000011110001111 1
b111100100 )
b111100100 (
#495000
b1111101100101000110001110000111 !
b1111101100101000110001110000111 .
b111 #
b111 *
b10010 &
b10010 -
b11111101111110001101111000011010 %
b11111101111110001101111000011010 ,
b1111011100011010100000110100001 $
b1111011100011010100000110100001 +
b1111101100101000110001110000111 /
b111 0
b10010 3
b11111101111110001101111000011010 2
b1111011100011010100000110100001 1
b111100101 )
b111100101 (
#496000
b10100001000000000100 !
b10100001000000000100 .
b1 #
b1 *
b11 &
b11 -
b10000100110101001001000000100 %
b10000100110101001001000000100 ,
b1001000001011110101110111111101 $
b1001000001011110101110111111101 +
b10100001000000000100 /
b1 0
b11 3
b10000100110101001001000000100 2
b1001000001011110101110111111101 1
b111100110 )
b111100110 (
#497000
b1110000011100111011 !
b1110000011100111011 .
b110 #
b110 *
b1101 &
b1101 -
b11100000111001110110001010111001 %
b11100000111001110110001010111001 ,
b11011011011000001100010011 $
b11011011011000001100010011 +
b1110000011100111011 /
b110 0
b1101 3
b11100000111001110110001010111001 2
b11011011011000001100010011 1
b111100111 )
b111100111 (
#498000
b10111011101111111011101110111111 !
b10111011101111111011101110111111 .
b11 #
b11 *
b11000 &
b11000 -
b10111000101011001011101100110010 %
b10111000101011001011101100110010 ,
b10111011101110111011100110101101 $
b10111011101110111011100110101101 +
b10111011101111111011101110111111 /
b11 0
b11000 3
b10111000101011001011101100110010 2
b10111011101110111011100110101101 1
b111101000 )
b111101000 (
#499000
b1 !
b1 .
b1010 #
b1010 *
b10111 &
b10111 -
b11000111110100111010111100100001 %
b11000111110100111010111100100001 ,
b1100001110010110101100100111110 $
b1100001110010110101100100111110 +
b1 /
b1010 0
b10111 3
b11000111110100111010111100100001 2
b1100001110010110101100100111110 1
b111101001 )
b111101001 (
#500000
b0 !
b0 .
b1001 #
b1001 *
b100 &
b100 -
b11111011100101010001011001111 %
b11111011100101010001011001111 ,
b101111101010010011011100110100 $
b101111101010010011011100110100 +
b0 /
b1001 0
b100 3
b11111011100101010001011001111 2
b101111101010010011011100110100 1
b111101010 )
b111101010 (
#501000
b101110001000100100100000000100 !
b101110001000100100100000000100 .
b10 #
b10 *
b11111 &
b11111 -
b1010001010101010000010111001010 %
b1010001010101010000010111001010 ,
b11000001100010011011001010110011 $
b11000001100010011011001010110011 +
b101110001000100100100000000100 /
b10 0
b11111 3
b1010001010101010000010111001010 2
b11000001100010011011001010110011 1
b111101011 )
b111101011 (
#502000
b0 !
b0 .
b1011 #
b1011 *
b10100 &
b10100 -
b111101011111011111010011100010 %
b111101011111011111010011100010 ,
b1100001101111111001001111010011 $
b1100001101111111001001111010011 +
b0 /
b1011 0
b10100 3
b111101011111011111010011100010 2
b1100001101111111001001111010011 1
b111101100 )
b111101100 (
#503000
b101110000000110000000000000000 !
b101110000000110000000000000000 .
b1101 #
b1101 *
b1101 &
b1101 -
b1101010100000110010111000000011 %
b1101010100000110010111000000011 ,
b111111010100111001110111110110 $
b111111010100111001110111110110 +
b101110000000110000000000000000 /
b1101 0
b1101 3
b1101010100000110010111000000011 2
b111111010100111001110111110110 1
b111101101 )
b111101101 (
#504000
b110000101110100000000000000000 !
b110000101110100000000000000000 .
b1001 &
b1001 -
b1011011011001000011000010111010 %
b1011011011001000011000010111010 ,
b1111010100100111001110111110000 $
b1111010100100111001110111110000 +
b110000101110100000000000000000 /
b1001 3
b1011011011001000011000010111010 2
b1111010100100111001110111110000 1
b111101110 )
b111101110 (
#505000
b11100001000101000000000000000000 !
b11100001000101000000000000000000 .
b1 &
b1 -
b10101100011101110000100010100 %
b10101100011101110000100010100 ,
b1111001101101100011011100001110 $
b1111001101101100011011100001110 +
b11100001000101000000000000000000 /
b1 3
b10101100011101110000100010100 2
b1111001101101100011011100001110 1
b111101111 )
b111101111 (
#506000
b1 !
b1 .
b1010 #
b1010 *
b10100 &
b10100 -
b11110010101110011101011111000011 %
b11110010101110011101011111000011 ,
b1101110100011011101100000010100 $
b1101110100011011101100000010100 +
b1 /
b1010 0
b10100 3
b11110010101110011101011111000011 2
b1101110100011011101100000010100 1
b111110000 )
b111110000 (
#507000
b0 !
b0 .
b1011 #
b1011 *
b1000 &
b1000 -
b1000110110011101111001111101000 %
b1000110110011101111001111101000 ,
b10110100111100011100111011001010 $
b10110100111100011100111011001010 +
b0 /
b1011 0
b1000 3
b1000110110011101111001111101000 2
b10110100111100011100111011001010 1
b111110001 )
b111110001 (
#508000
b10001000000000010010010110101010 !
b10001000000000010010010110101010 .
b1 #
b1 *
b100 &
b100 -
b10101010000011111110010110101010 %
b10101010000011111110010110101010 ,
b11011000101100010011011111111011 $
b11011000101100010011011111111011 +
b10001000000000010010010110101010 /
b1 0
b100 3
b10101010000011111110010110101010 2
b11011000101100010011011111111011 1
b111110010 )
b111110010 (
#509000
b10000000110010000100101 !
b10000000110010000100101 .
b10 #
b10 *
b1010 &
b1010 -
b11010101000001111000101111000010 %
b11010101000001111000101111000010 ,
b11111010101110101001000110011000 $
b11111010101110101001000110011000 +
b10000000110010000100101 /
b10 0
b1010 3
b11010101000001111000101111000010 2
b11111010101110101001000110011000 1
b111110011 )
b111110011 (
#510000
b1010010001001011101000 !
b1010010001001011101000 .
b110 #
b110 *
b10100100010010111010001010110010 %
b10100100010010111010001010110010 ,
b10000110100011010101001101001 $
b10000110100011010101001101001 +
b1010010001001011101000 /
b110 0
b10100100010010111010001010110010 2
b10000110100011010101001101001 1
b111110100 )
b111110100 (
#511000
b1000110011010111111011011000001 !
b1000110011010111111011011000001 .
b1000 #
b1000 *
b1101 &
b1101 -
b1000000000001101100111000101101 %
b1000000000001101100111000101101 ,
b110011011010011100011101100 $
b110011011010011100011101100 +
b1000110011010111111011011000001 /
b1000 0
b1101 3
b1000000000001101100111000101101 2
b110011011010011100011101100 1
b111110101 )
b111110101 (
#512000
b0 !
b0 .
b1011 #
b1011 *
b11110 &
b11110 -
b100011010100111100100110011111 %
b100011010100111100100110011111 ,
b1010100001101001011010011111010 $
b1010100001101001011010011111010 +
b0 /
b1011 0
b11110 3
b100011010100111100100110011111 2
b1010100001101001011010011111010 1
b111110110 )
b111110110 (
#513000
b10101101000000011110001111111000 !
b10101101000000011110001111111000 .
b100 #
b100 *
b0 &
b0 -
b10101101000000011110001111111000 %
b10101101000000011110001111111000 ,
b10110101100101010011100011010110 $
b10110101100101010011100011010110 +
b10101101000000011110001111111000 /
b100 0
b0 3
b10101101000000011110001111111000 2
b10110101100101010011100011010110 1
b111110111 )
b111110111 (
#514000
b1 !
b1 .
b1100 #
b1100 *
b10101 &
b10101 -
b11100000100101111110110010001110 %
b11100000100101111110110010001110 ,
b11101110010010110010101010010111 $
b11101110010010110010101010010111 +
b1 /
b1100 0
b10101 3
b11100000100101111110110010001110 2
b11101110010010110010101010010111 1
b111111000 )
b111111000 (
#515000
b10001101010001100 !
b10001101010001100 .
b110 #
b110 *
b1111 &
b1111 -
b10001101010001100110010001000111 %
b10001101010001100110010001000111 ,
b11101000001001111011000111111011 $
b11101000001001111011000111111011 +
b10001101010001100 /
b110 0
b1111 3
b10001101010001100110010001000111 2
b11101000001001111011000111111011 1
b111111001 )
b111111001 (
#516000
b10011110110111110000000000000000 !
b10011110110111110000000000000000 .
b1101 #
b1101 *
b1010 &
b1010 -
b1010100100010101001111011011111 %
b1010100100010101001111011011111 ,
b11011101110101111011001111000011 $
b11011101110101111011001111000011 +
b10011110110111110000000000000000 /
b1101 0
b1010 3
b1010100100010101001111011011111 2
b11011101110101111011001111000011 1
b111111010 )
b111111010 (
#517000
b0 !
b0 .
b1011 #
b1011 *
b101 &
b101 -
b111111000101000011110000010010 %
b111111000101000011110000010010 ,
b10011110101011000000001111101110 $
b10011110101011000000001111101110 +
b0 /
b1011 0
b101 3
b111111000101000011110000010010 2
b10011110101011000000001111101110 1
b111111011 )
b111111011 (
#518000
b11111111100111000010000001100111 !
b11111111100111000010000001100111 .
b101 #
b101 *
b1000 &
b1000 -
b10011100001000000110011101100101 %
b10011100001000000110011101100101 ,
b11001010100000001101010101011101 $
b11001010100000001101010101011101 +
b11111111100111000010000001100111 /
b101 0
b1000 3
b10011100001000000110011101100101 2
b11001010100000001101010101011101 1
b111111100 )
b111111100 (
#519000
b10010000001001111101011101100 !
b10010000001001111101011101100 .
b1000 #
b1000 *
b10110 &
b10110 -
b11010011000000010010100001001101 %
b11010011000000010010100001001101 ,
b11000001000001011101001010100001 $
b11000001000001011101001010100001 +
b10010000001001111101011101100 /
b1000 0
b10110 3
b11010011000000010010100001001101 2
b11000001000001011101001010100001 1
b111111101 )
b111111101 (
#520000
b11101010111010111010111110101 !
b11101010111010111010111110101 .
b0 #
b0 *
b1000 &
b1000 -
b11000001101010111010100111100000 %
b11000001101010111010100111100000 ,
b1011011101100011100110000010101 $
b1011011101100011100110000010101 +
b11101010111010111010111110101 /
b0 0
b1000 3
b11000001101010111010100111100000 2
b1011011101100011100110000010101 1
b111111110 )
b111111110 (
#521000
b11110110110011111110000000100000 !
b11110110110011111110000000100000 .
b1000 #
b1000 *
b1001 &
b1001 -
b10010100010101100010010111000110 %
b10010100010101100010010111000110 ,
b1100010100110011100010111100110 $
b1100010100110011100010111100110 +
b11110110110011111110000000100000 /
b1000 0
b1001 3
b10010100010101100010010111000110 2
b1100010100110011100010111100110 1
b111111111 )
b111111111 (
#522000
b0 !
b0 .
b1011 #
b1011 *
b1100 &
b1100 -
b110011111100001011000011110000 %
b110011111100001011000011110000 ,
b100110011110101110101011011001 $
b100110011110101110101011011001 +
b0 /
b1011 0
b1100 3
b110011111100001011000011110000 2
b100110011110101110101011011001 1
b1000000000 )
b1000000000 (
#523000
b11111111111111111111111100100110 !
b11111111111111111111111100100110 .
b101 #
b101 *
b10111 &
b10111 -
b10010011010111000111101110110111 %
b10010011010111000111101110110111 ,
b11100110110100001101110010101001 $
b11100110110100001101110010101001 +
b11111111111111111111111100100110 /
b101 0
b10111 3
b10010011010111000111101110110111 2
b11100110110100001101110010101001 1
b1000000001 )
b1000000001 (
#524000
b1 !
b1 .
b1010 #
b1010 *
b10100 &
b10100 -
b11010101111100101110011011101101 %
b11010101111100101110011011101101 ,
b1111101001001001100001100011110 $
b1111101001001001100001100011110 +
b1 /
b1010 0
b10100 3
b11010101111100101110011011101101 2
b1111101001001001100001100011110 1
b1000000010 )
b1000000010 (
#525000
b10110110110000000000000000000000 !
b10110110110000000000000000000000 .
b100 #
b100 *
b11110101101000011001101101101100 %
b11110101101000011001101101101100 ,
b1010010000100110111111101010000 $
b1010010000100110111111101010000 +
b10110110110000000000000000000000 /
b100 0
b11110101101000011001101101101100 2
b1010010000100110111111101010000 1
b1000000011 )
b1000000011 (
#526000
b0 !
b0 .
b1011 #
b1011 *
b11010 &
b11010 -
b1110100001101100101111100001000 %
b1110100001101100101111100001000 ,
b10111011100010010111010010001100 $
b10111011100010010111010010001100 +
b0 /
b1011 0
b11010 3
b1110100001101100101111100001000 2
b10111011100010010111010010001100 1
b1000000100 )
b1000000100 (
#527000
b11011110001110010000000000000000 !
b11011110001110010000000000000000 .
b1101 #
b1101 *
b1011 &
b1011 -
b10101011000010111101111000111001 %
b10101011000010111101111000111001 ,
b1001001111010001010101100110001 $
b1001001111010001010101100110001 +
b11011110001110010000000000000000 /
b1101 0
b1011 3
b10101011000010111101111000111001 2
b1001001111010001010101100110001 1
b1000000101 )
b1000000101 (
#528000
b11010001110100100000000000000000 !
b11010001110100100000000000000000 .
b101 &
b101 -
b1001111000011011101000111010010 %
b1001111000011011101000111010010 ,
b110101101010101011000001010 $
b110101101010101011000001010 +
b11010001110100100000000000000000 /
b101 3
b1001111000011011101000111010010 2
b110101101010101011000001010 1
b1000000110 )
b1000000110 (
#529000
b101001011111100110111100011 !
b101001011111100110111100011 .
b0 #
b0 *
b11111 &
b11111 -
b11101101100110111110000000011011 %
b11101101100110111110000000011011 ,
b10111100100111110110111001000 $
b10111100100111110110111001000 +
b101001011111100110111100011 /
b0 0
b11111 3
b11101101100110111110000000011011 2
b10111100100111110110111001000 1
b1000000111 )
b1000000111 (
#530000
b1110110000011101 !
b1110110000011101 .
b110 #
b110 *
b10000 &
b10000 -
b11101100000111010000101101111101 %
b11101100000111010000101101111101 ,
b11011111001111010011110011100110 $
b11011111001111010011110011100110 +
b1110110000011101 /
b110 0
b10000 3
b11101100000111010000101101111101 2
b11011111001111010011110011100110 1
b1000001000 )
b1000001000 (
#531000
b101001000010000010001000100 !
b101001000010000010001000100 .
b10 #
b10 *
b101 &
b101 -
b11111010110110100010100110010011 %
b11111010110110100010100110010011 ,
b1011010110111101111101110101010 $
b1011010110111101111101110101010 +
b101001000010000010001000100 /
b10 0
b101 3
b11111010110110100010100110010011 2
b1011010110111101111101110101010 1
b1000001001 )
b1000001001 (
#532000
b10100000000000000000000000000000 !
b10100000000000000000000000000000 .
b100 #
b100 *
b11011 &
b11011 -
b111101001100000111110100 %
b111101001100000111110100 ,
b1001111011000000111011101011110 $
b1001111011000000111011101011110 +
b10100000000000000000000000000000 /
b100 0
b11011 3
b111101001100000111110100 2
b1001111011000000111011101011110 1
b1000001010 )
b1000001010 (
#533000
b10111100000000000000000000000000 !
b10111100000000000000000000000000 .
b11010 &
b11010 -
b11011111011110010110111110101111 %
b11011111011110010110111110101111 ,
b10010001110001100001011101110 $
b10010001110001100001011101110 +
b10111100000000000000000000000000 /
b11010 3
b11011111011110010110111110101111 2
b10010001110001100001011101110 1
b1000001011 )
b1000001011 (
#534000
b10000111000100000000010001000001 !
b10000111000100000000010001000001 .
b1 #
b1 *
b1001 &
b1001 -
b10100111110101100100010101011001 %
b10100111110101100100010101011001 ,
b11011111000110001000010001100111 $
b11011111000110001000010001100111 +
b10000111000100000000010001000001 /
b1 0
b1001 3
b10100111110101100100010101011001 2
b11011111000110001000010001100111 1
b1000001100 )
b1000001100 (
#535000
b110100010011010000000000000000 !
b110100010011010000000000000000 .
b1101 #
b1101 *
b100 &
b100 -
b11011111101101110011010001001101 %
b11011111101101110011010001001101 ,
b11001011101101111111010001000101 $
b11001011101101111111010001000101 +
b110100010011010000000000000000 /
b1101 0
b100 3
b11011111101101110011010001001101 2
b11001011101101111111010001000101 1
b1000001101 )
b1000001101 (
#536000
b110110101100001101111000100101 !
b110110101100001101111000100101 .
b1000 #
b1000 *
b1101 &
b1101 -
b1001100101100110110100101111101 %
b1001100101100110110100101111101 ,
b1111010000000111011011101011000 $
b1111010000000111011011101011000 +
b110110101100001101111000100101 /
b1000 0
b1101 3
b1001100101100110110100101111101 2
b1111010000000111011011101011000 1
b1000001110 )
b1000001110 (
#537000
b10111110011010001101010001010100 !
b10111110011010001101010001010100 .
b0 #
b0 *
b10 &
b10 -
b1011110111000001111001100010010 %
b1011110111000001111001100010010 ,
b1011111100001111110000101000010 $
b1011111100001111110000101000010 +
b10111110011010001101010001010100 /
b0 0
b10 3
b1011110111000001111001100010010 2
b1011111100001111110000101000010 1
b1000001111 )
b1000001111 (
#538000
b0 !
b0 .
b1011 #
b1011 *
b111 &
b111 -
b111101010111110011011000100110 %
b111101010111110011011000100110 ,
b11011101010010110100110110110011 $
b11011101010010110100110110110011 +
b0 /
b1011 0
b111 3
b111101010111110011011000100110 2
b11011101010010110100110110110011 1
b1000010000 )
b1000010000 (
#539000
b1 &
b1 -
b1101110010010100110000010010000 %
b1101110010010100110000010010000 ,
b10000001110110100011011001011000 $
b10000001110110100011011001011000 +
b1 3
b1101110010010100110000010010000 2
b10000001110110100011011001011000 1
b1000010001 )
b1000010001 (
#540000
b1001 #
b1001 *
b11110001000101000101111100010100 %
b11110001000101000101111100010100 ,
b100011011010111100011011100 $
b100011011010111100011011100 +
b1001 0
b11110001000101000101111100010100 2
b100011011010111100011011100 1
b1000010010 )
b1000010010 (
#541000
b1010 #
b1010 *
b10001 &
b10001 -
b1010111101110000100011011010001 %
b1010111101110000100011011010001 ,
b11011100100101010100000111001000 $
b11011100100101010100000111001000 +
b1010 0
b10001 3
b1010111101110000100011011010001 2
b11011100100101010100000111001000 1
b1000010011 )
b1000010011 (
#542000
b1 !
b1 .
b1001 #
b1001 *
b10 &
b10 -
b110110001100101011011111110 %
b110110001100101011011111110 ,
b10011010000111101000001111110110 $
b10011010000111101000001111110110 +
b1 /
b1001 0
b10 3
b110110001100101011011111110 2
b10011010000111101000001111110110 1
b1000010100 )
b1000010100 (
#543000
b1000110010011001010011000000000 !
b1000110010011001010011000000000 .
b100 #
b100 *
b1000 &
b1000 -
b1100010001100100110010100110 %
b1100010001100100110010100110 ,
b11000011110001001110000010100010 $
b11000011110001001110000010100010 +
b1000110010011001010011000000000 /
b100 0
b1000 3
b1100010001100100110010100110 2
b11000011110001001110000010100010 1
b1000010101 )
b1000010101 (
#544000
b1000001001001001010001100000000 !
b1000001001001001010001100000000 .
b1 #
b1 *
b11011 &
b11011 -
b1000101101001001011001100101000 %
b1000101101001001011001100101000 ,
b11001011001011101110101101000001 $
b11001011001011101110101101000001 +
b1000001001001001010001100000000 /
b1 0
b11011 3
b1000101101001001011001100101000 2
b11001011001011101110101101000001 1
b1000010110 )
b1000010110 (
#545000
b1101011100000000000000000000000 !
b1101011100000000000000000000000 .
b100 #
b100 *
b10101 &
b10101 -
b1000011001111000101101101011100 %
b1000011001111000101101101011100 ,
b10111001100010100000110100110011 $
b10111001100010100000110100110011 +
b1101011100000000000000000000000 /
b100 0
b10101 3
b1000011001111000101101101011100 2
b10111001100010100000110100110011 1
b1000010111 )
b1000010111 (
#546000
b11100000000100010000000000100010 !
b11100000000100010000000000100010 .
b1 #
b1 *
b100 &
b100 -
b11110110001110011010111010110010 %
b11110110001110011010111010110010 ,
b11100001100101010100000101100111 $
b11100001100101010100000101100111 +
b11100000000100010000000000100010 /
b1 0
b100 3
b11110110001110011010111010110010 2
b11100001100101010100000101100111 1
b1000011000 )
b1000011000 (
#547000
b1011100011110010000000000000000 !
b1011100011110010000000000000000 .
b1101 #
b1101 *
b1111 &
b1111 -
b1101100011111100101110001111001 %
b1101100011111100101110001111001 ,
b10000000110111001001101101101111 $
b10000000110111001001101101101111 +
b1011100011110010000000000000000 /
b1101 0
b1111 3
b1101100011111100101110001111001 2
b10000000110111001001101101101111 1
b1000011001 )
b1000011001 (
#548000
b0 !
b0 .
b1011 #
b1011 *
b1100 &
b1100 -
b11100000100011110111111110100100 %
b11100000100011110111111110100100 ,
b1001000000011001110001011001001 $
b1001000000011001110001011001001 +
b0 /
b1011 0
b1100 3
b11100000100011110111111110100100 2
b1001000000011001110001011001001 1
b1000011010 )
b1000011010 (
#549000
b10100000111100111100110010000001 !
b10100000111100111100110010000001 .
b1000 #
b1000 *
b10111 &
b10111 -
b10101101010011111010000110100010 %
b10101101010011111010000110100010 ,
b1101101111000110110100100011 $
b1101101111000110110100100011 +
b10100000111100111100110010000001 /
b1000 0
b10111 3
b10101101010011111010000110100010 2
b1101101111000110110100100011 1
b1000011011 )
b1000011011 (
#550000
b1010001111000000000000000000000 !
b1010001111000000000000000000000 .
b100 #
b100 *
b10011 &
b10011 -
b11010011101110000110101000111100 %
b11010011101110000110101000111100 ,
b11110001111101011010110101101011 $
b11110001111101011010110101101011 +
b1010001111000000000000000000000 /
b100 0
b10011 3
b11010011101110000110101000111100 2
b11110001111101011010110101101011 1
b1000011100 )
b1000011100 (
#551000
b1000111110011100000000000000000 !
b1000111110011100000000000000000 .
b1101 #
b1101 *
b10100 &
b10100 -
b10100011011011010100011111001110 %
b10100011011011010100011111001110 ,
b11010100111010110011001000100010 $
b11010100111010110011001000100010 +
b1000111110011100000000000000000 /
b1101 0
b10100 3
b10100011011011010100011111001110 2
b11010100111010110011001000100010 1
b1000011101 )
b1000011101 (
#552000
b0 !
b0 .
b110 #
b110 *
b11110 &
b11110 -
b111100011001110100000110110000 %
b111100011001110100000110110000 ,
b10001100101111001111010111001000 $
b10001100101111001111010111001000 +
b0 /
b110 0
b11110 3
b111100011001110100000110110000 2
b10001100101111001111010111001000 1
b1000011110 )
b1000011110 (
#553000
b10001010101000000110000010000000 !
b10001010101000000110000010000000 .
b10 #
b10 *
b111 &
b111 -
b100101010000111000111000111110 %
b100101010000111000111000111110 ,
b1110001000111001001100101110111 $
b1110001000111001001100101110111 +
b10001010101000000110000010000000 /
b10 0
b111 3
b100101010000111000111000111110 2
b1110001000111001001100101110111 1
b1000011111 )
b1000011111 (
#554000
b10010111000010101000010000000000 !
b10010111000010101000010000000000 .
b1 #
b1 *
b10101 &
b10101 -
b10011111010110111101010001000010 %
b10011111010110111101010001000010 ,
b11010111101011101000111010010001 $
b11010111101011101000111010010001 +
b10010111000010101000010000000000 /
b1 0
b10101 3
b10011111010110111101010001000010 2
b11010111101011101000111010010001 1
b1000100000 )
b1000100000 (
#555000
b11111111111111111001000100011111 !
b11111111111111111001000100011111 .
b101 #
b101 *
b10000 &
b10000 -
b10010001000111111010101001100101 %
b10010001000111111010101001100101 ,
b10000011010010110111100110110110 $
b10000011010010110111100110110110 +
b11111111111111111001000100011111 /
b101 0
b10000 3
b10010001000111111010101001100101 2
b10000011010010110111100110110110 1
b1000100001 )
b1000100001 (
#556000
b11100000000011000000010000010000 !
b11100000000011000000010000010000 .
b1 #
b1 *
b10100 &
b10100 -
b11110011001111111010011110110101 %
b11110011001111111010011110110101 ,
b11100100010011000001110000010010 $
b11100100010011000001110000010010 +
b11100000000011000000010000010000 /
b1 0
b10100 3
b11110011001111111010011110110101 2
b11100100010011000001110000010010 1
b1000100010 )
b1000100010 (
#557000
b101010011011001001001001001 !
b101010011011001001001001001 .
b101 #
b101 *
b11 &
b11 -
b101010011011001001001001001011 %
b101010011011001001001001001011 ,
b11101010100101000110011010100101 $
b11101010100101000110011010100101 +
b101010011011001001001001001 /
b101 0
b11 3
b101010011011001001001001001011 2
b11101010100101000110011010100101 1
b1000100011 )
b1000100011 (
#558000
b10111101111011101101111111111110 !
b10111101111011101101111111111110 .
b11 #
b11 *
b10110 &
b10110 -
b111001110010001101111111111010 %
b111001110010001101111111111010 ,
b10110101111011101001111111111100 $
b10110101111011101001111111111100 +
b10111101111011101101111111111110 /
b11 0
b10110 3
b111001110010001101111111111010 2
b10110101111011101001111111111100 1
b1000100100 )
b1000100100 (
#559000
b1 !
b1 .
b1001 #
b1001 *
b1001 &
b1001 -
b1000111100101001101110001110101 %
b1000111100101001101110001110101 ,
b10111111010100110100111011001 $
b10111111010100110100111011001 +
b1 /
b1001 0
b1001 3
b1000111100101001101110001110101 2
b10111111010100110100111011001 1
b1000100101 )
b1000100101 (
#560000
b0 !
b0 .
b1011 #
b1011 *
b10010 &
b10010 -
b1111011110101010011010000010110 %
b1111011110101010011010000010110 ,
b1110010101111101111011011010101 $
b1110010101111101111011011010101 +
b0 /
b1011 0
b10010 3
b1111011110101010011010000010110 2
b1110010101111101111011011010101 1
b1000100110 )
b1000100110 (
#561000
b1111100110100100000000000000000 !
b1111100110100100000000000000000 .
b1101 #
b1101 *
b11001 &
b11001 -
b11100001010110100111110011010010 %
b11100001010110100111110011010010 ,
b10010101010000111010100110010100 $
b10010101010000111010100110010100 +
b1111100110100100000000000000000 /
b1101 0
b11001 3
b11100001010110100111110011010010 2
b10010101010000111010100110010100 1
b1000100111 )
b1000100111 (
#562000
b10101111001000010000000000000000 !
b10101111001000010000000000000000 .
b101 &
b101 -
b10111110110100011010111100100001 %
b10111110110100011010111100100001 ,
b10110111010110010000010010001 $
b10110111010110010000010010001 +
b10101111001000010000000000000000 /
b101 3
b10111110110100011010111100100001 2
b10110111010110010000010010001 1
b1000101000 )
b1000101000 (
#563000
b1100000010010001000000010001 !
b1100000010010001000000010001 .
b1 #
b1 *
b10111 &
b10111 -
b1100100110010001010100110011 %
b1100100110010001010100110011 ,
b1111011010111111101010011101 $
b1111011010111111101010011101 +
b1100000010010001000000010001 /
b1 0
b10111 3
b1100100110010001010100110011 2
b1111011010111111101010011101 1
b1000101001 )
b1000101001 (
#564000
b10001001100010010101011111000100 !
b10001001100010010101011111000100 .
b0 #
b0 *
b10000 &
b10000 -
b11000110100000111101010110000101 %
b11000110100000111101010110000101 ,
b11000011000001011000001000111111 $
b11000011000001011000001000111111 +
b10001001100010010101011111000100 /
b0 0
b10000 3
b11000110100000111101010110000101 2
b11000011000001011000001000111111 1
b1000101010 )
b1000101010 (
#565000
b10001000100010110000000100110000 !
b10001000100010110000000100110000 .
b10 #
b10 *
b11111 &
b11111 -
b1100101011001001111111010001000 %
b1100101011001001111111010001000 ,
b1110011010101001001000001000111 $
b1110011010101001001000001000111 +
b10001000100010110000000100110000 /
b10 0
b11111 3
b1100101011001001111111010001000 2
b1110011010101001001000001000111 1
b1000101011 )
b1000101011 (
#566000
b10000101001101110000000000000000 !
b10000101001101110000000000000000 .
b1101 #
b1101 *
b1001 &
b1001 -
b10011001111001011000010100110111 %
b10011001111001011000010100110111 ,
b110011010011000000001111000011 $
b110011010011000000001111000011 +
b10000101001101110000000000000000 /
b1101 0
b1001 3
b10011001111001011000010100110111 2
b110011010011000000001111000011 1
b1000101100 )
b1000101100 (
#567000
b10000001000000001010000000010010 !
b10000001000000001010000000010010 .
b10 #
b10 *
b11010 &
b11010 -
b101100101110010101011001100101 %
b101100101110010101011001100101 ,
b1011110010111100001101110101101 $
b1011110010111100001101110101101 +
b10000001000000001010000000010010 /
b10 0
b11010 3
b101100101110010101011001100101 2
b1011110010111100001101110101101 1
b1000101101 )
b1000101101 (
#568000
b10111111011100000000000000000000 !
b10111111011100000000000000000000 .
b100 #
b100 *
b1111 &
b1111 -
b10101110000001110111111011100000 %
b10101110000001110111111011100000 ,
b1001010010101101110000000111110 $
b1001010010101101110000000111110 +
b10111111011100000000000000000000 /
b100 0
b1111 3
b10101110000001110111111011100000 2
b1001010010101101110000000111110 1
b1000101110 )
b1000101110 (
#569000
b1100001000101000001010111100010 !
b1100001000101000001010111100010 .
b111 #
b111 *
b10111 &
b10111 -
b10110011100100110000110110100100 %
b10110011100100110000110110100100 ,
b10100101001110010001110000110 $
b10100101001110010001110000110 +
b1100001000101000001010111100010 /
b111 0
b10111 3
b10110011100100110000110110100100 2
b10100101001110010001110000110 1
b1000101111 )
b1000101111 (
#570000
b1000000100000100000000010001000 !
b1000000100000100000000010001000 .
b10 #
b10 *
b11101 &
b11101 -
b10110010010101000111100101010001 %
b10110010010101000111100101010001 ,
b10101111011110011010011000110111 $
b10101111011110011010011000110111 +
b1000000100000100000000010001000 /
b10 0
b11101 3
b10110010010101000111100101010001 2
b10101111011110011010011000110111 1
b1000110000 )
b1000110000 (
#571000
b110000001101010111 !
b110000001101010111 .
b110 #
b110 *
b1110 &
b1110 -
b11000000110101011100011111100010 %
b11000000110101011100011111100010 ,
b11100010010111011101100010010101 $
b11100010010111011101100010010101 +
b110000001101010111 /
b110 0
b1110 3
b11000000110101011100011111100010 2
b11100010010111011101100010010101 1
b1000110001 )
b1000110001 (
#572000
b11101110110011001001101101101100 !
b11101110110011001001101101101100 .
b11 #
b11 *
b10001 &
b10001 -
b10001100100011001000001100101100 %
b10001100100011001000001100101100 ,
b11101010010010001001100001001000 $
b11101010010010001001100001001000 +
b11101110110011001001101101101100 /
b11 0
b10001 3
b10001100100011001000001100101100 2
b11101010010010001001100001001000 1
b1000110010 )
b1000110010 (
#573000
b11111000000101001001101111110110 !
b11111000000101001001101111110110 .
b101 #
b101 *
b100 &
b100 -
b10000001010010011011111101100111 %
b10000001010010011011111101100111 ,
b101001011010110000100101010010 $
b101001011010110000100101010010 +
b11111000000101001001101111110110 /
b101 0
b100 3
b10000001010010011011111101100111 2
b101001011010110000100101010010 1
b1000110011 )
b1000110011 (
#574000
b1 !
b1 .
b1100 #
b1100 *
b11000 &
b11000 -
b11011010111000100010110110110000 %
b11011010111000100010110110110000 ,
b11111100010010101001100110000111 $
b11111100010010101001100110000111 +
b1 /
b1100 0
b11000 3
b11011010111000100010110110110000 2
b11111100010010101001100110000111 1
b1000110100 )
b1000110100 (
#575000
b10101001011010001000001101001101 !
b10101001011010001000001101001101 .
b111 #
b111 *
b1110 &
b1110 -
b10010110101111110000 %
b10010110101111110000 ,
b10101001011100011110111100111101 $
b10101001011100011110111100111101 +
b10101001011010001000001101001101 /
b111 0
b1110 3
b10010110101111110000 2
b10101001011100011110111100111101 1
b1000110101 )
b1000110101 (
#576000
b10010101010000100000100100000010 !
b10010101010000100000100100000010 .
b10 #
b10 *
b11101 &
b11101 -
b101010001001001100011011111001 %
b101010001001001100011011111001 ,
b1001010101110011011010001011101 $
b1001010101110011011010001011101 +
b10010101010000100000100100000010 /
b10 0
b11101 3
b101010001001001100011011111001 2
b1001010101110011011010001011101 1
b1000110110 )
b1000110110 (
#577000
b0 !
b0 .
b1010 #
b1010 *
b101 &
b101 -
b10001111001101110100001010100101 %
b10001111001101110100001010100101 ,
b10100110110010110001000101111111 $
b10100110110010110001000101111111 +
b0 /
b1010 0
b101 3
b10001111001101110100001010100101 2
b10100110110010110001000101111111 1
b1000110111 )
b1000110111 (
#578000
b11101011110010011111101110100000 !
b11101011110010011111101110100000 .
b100 #
b100 *
b11010111010111100100111111011101 %
b11010111010111100100111111011101 ,
b1110010100011001011100010101000 $
b1110010100011001011100010101000 +
b11101011110010011111101110100000 /
b100 0
b11010111010111100100111111011101 2
b1110010100011001011100010101000 1
b1000111000 )
b1000111000 (
#579000
b10101100110011001111100100111111 !
b10101100110011001111100100111111 .
b0 #
b0 *
b11101 &
b11101 -
b10101100011000110100101111000100 %
b10101100011000110100101111000100 ,
b11010011010110101111011 $
b11010011010110101111011 +
b10101100110011001111100100111111 /
b0 0
b11101 3
b10101100011000110100101111000100 2
b11010011010110101111011 1
b1000111001 )
b1000111001 (
#580000
b0 !
b0 .
b1011 #
b1011 *
b10110 &
b10110 -
b11111011110111110000001110000000 %
b11111011110111110000001110000000 ,
b10001111000101110101111111011001 $
b10001111000101110101111111011001 +
b0 /
b1011 0
b10110 3
b11111011110111110000001110000000 2
b10001111000101110101111111011001 1
b1000111010 )
b1000111010 (
#581000
b110001000000000001110000100001 !
b110001000000000001110000100001 .
b10 #
b10 *
b0 &
b0 -
b10000110111011111000001110001000 %
b10000110111011111000001110001000 ,
b1001010100100011110001101011110 $
b1001010100100011110001101011110 +
b110001000000000001110000100001 /
b10 0
b0 3
b10000110111011111000001110001000 2
b1001010100100011110001101011110 1
b1000111011 )
b1000111011 (
#582000
b10001000110000100100111010100001 !
b10001000110000100100111010100001 .
b111 &
b111 -
b1010111001011010011000000001110 %
b1010111001011010011000000001110 ,
b100010001101011010000101010010 $
b100010001101011010000101010010 +
b10001000110000100100111010100001 /
b111 3
b1010111001011010011000000001110 2
b100010001101011010000101010010 1
b1000111100 )
b1000111100 (
#583000
b1010110101011100110011010010011 !
b1010110101011100110011010010011 .
b1000 #
b1000 *
b11001 &
b11001 -
b11101001001000100101101110001011 %
b11101001001000100101101110001011 ,
b10111111100011000011110100011000 $
b10111111100011000011110100011000 +
b1010110101011100110011010010011 /
b1000 0
b11001 3
b11101001001000100101101110001011 2
b10111111100011000011110100011000 1
b1000111101 )
b1000111101 (
#584000
b110000000010000000010010110000 !
b110000000010000000010010110000 .
b10 #
b10 *
b1110 &
b1110 -
b1001111101100100011101001001011 %
b1001111101100100011101001001011 ,
b10001110011101111100100100000100 $
b10001110011101111100100100000100 +
b110000000010000000010010110000 /
b10 0
b1110 3
b1001111101100100011101001001011 2
b10001110011101111100100100000100 1
b1000111110 )
b1000111110 (
#585000
b11001100100001101001100101100100 !
b11001100100001101001100101100100 .
b1000 #
b1000 *
b11 &
b11 -
b111011101110011111000000101010 %
b111011101110011111000000101010 ,
b11110111001111110110100101001110 $
b11110111001111110110100101001110 +
b11001100100001101001100101100100 /
b1000 0
b11 3
b111011101110011111000000101010 2
b11110111001111110110100101001110 1
b1000111111 )
b1000111111 (
#586000
b1 !
b1 .
b1010 #
b1010 *
b111 &
b111 -
b1010011011110100001101011000010 %
b1010011011110100001101011000010 ,
b1000011010101101100010000001001 $
b1000011010101101100010000001001 +
b1 /
b1010 0
b111 3
b1010011011110100001101011000010 2
b1000011010101101100010000001001 1
b1001000000 )
b1001000000 (
#587000
b1 !
b1 .
b1100 #
b1100 *
b11110 &
b11110 -
b11110011110111100000001110111001 %
b11110011110111100000001110111001 ,
b10000100001100000101010100111010 $
b10000100001100000101010100111010 +
b1100 0
b11110 3
b11110011110111100000001110111001 2
b10000100001100000101010100111010 1
b1001000001 )
b1001000001 (
#588000
b1001001100000001100110000100 !
b1001001100000001100110000100 .
b10 #
b10 *
b10000 &
b10000 -
b10100010010001110000000110000 %
b10100010010001110000000110000 ,
b11100110110011111100011001101011 $
b11100110110011111100011001101011 +
b1001001100000001100110000100 /
b10 0
b10000 3
b10100010010001110000000110000 2
b11100110110011111100011001101011 1
b1001000010 )
b1001000010 (
#589000
b1100001011000000011001011110100 !
b1100001011000000011001011110100 .
b1000 #
b1000 *
b1101 &
b1101 -
b1111010101110001001011101011 %
b1111010101110001001011101011 ,
b1101110001101110010000000011111 $
b1101110001101110010000000011111 +
b1100001011000000011001011110100 /
b1000 0
b1101 3
b1111010101110001001011101011 2
b1101110001101110010000000011111 1
b1001000011 )
b1001000011 (
#590000
b11110011010000110111010110001 !
b11110011010000110111010110001 .
b111 #
b111 *
b10111 &
b10111 -
b1010000011111100000100101010101 %
b1010000011111100000100101010101 ,
b1101110111001100111100000000110 $
b1101110111001100111100000000110 +
b11110011010000110111010110001 /
b111 0
b10111 3
b1010000011111100000100101010101 2
b1101110111001100111100000000110 1
b1001000100 )
b1001000100 (
#591000
b110010001000000010010000000111 !
b110010001000000010010000000111 .
b10 #
b10 *
b100 &
b100 -
b1001100011111101101010010000 %
b1001100011111101101010010000 ,
b11001100110111011001001101111000 $
b11001100110111011001001101111000 +
b110010001000000010010000000111 /
b10 0
b100 3
b1001100011111101101010010000 2
b11001100110111011001001101111000 1
b1001000101 )
b1001000101 (
#592000
b10000100101100000010000101000 !
b10000100101100000010000101000 .
b1 #
b1 *
b11011 &
b11011 -
b11000110101101000010100101101 %
b11000110101101000010100101101 ,
b110000100111100011010010111010 $
b110000100111100011010010111010 +
b10000100101100000010000101000 /
b1 0
b11011 3
b11000110101101000010100101101 2
b110000100111100011010010111010 1
b1001000110 )
b1001000110 (
#593000
b1000011111100011001100000110010 !
b1000011111100011001100000110010 .
b1000 #
b1000 *
b11101 &
b11101 -
b1101100101110001101011000100101 %
b1101100101110001101011000100101 ,
b101111010010010100111000010111 $
b101111010010010100111000010111 +
b1000011111100011001100000110010 /
b1000 0
b11101 3
b1101100101110001101011000100101 2
b101111010010010100111000010111 1
b1001000111 )
b1001000111 (
#594000
b0 !
b0 .
b1010 #
b1010 *
b1100 &
b1100 -
b111100011101000100011100101001 %
b111100011101000100011100101001 ,
b11010101001011010101000100010111 $
b11010101001011010101000100010111 +
b0 /
b1010 0
b1100 3
b111100011101000100011100101001 2
b11010101001011010101000100010111 1
b1001001000 )
b1001001000 (
#595000
b110000000000001010100111001000 !
b110000000000001010100111001000 .
b10 #
b10 *
b10101 &
b10101 -
b10000111100111010001010000010110 %
b10000111100111010001010000010110 ,
b1001100111000110100001000110101 $
b1001100111000110100001000110101 +
b110000000000001010100111001000 /
b10 0
b10101 3
b10000111100111010001010000010110 2
b1001100111000110100001000110101 1
b1001001001 )
b1001001001 (
#596000
b0 !
b0 .
b1001 #
b1001 *
b10110 &
b10110 -
b11110011100110001110011111111010 %
b11110011100110001110011111111010 ,
b1100101000111110100101111010000 $
b1100101000111110100101111010000 +
b0 /
b1001 0
b10110 3
b11110011100110001110011111111010 2
b1100101000111110100101111010000 1
b1001001010 )
b1001001010 (
#597000
b1011 #
b1011 *
b110 &
b110 -
b111011101010000110010001001010 %
b111011101010000110010001001010 ,
b101110110001111000010110011001 $
b101110110001111000010110011001 +
b1011 0
b110 3
b111011101010000110010001001010 2
b101110110001111000010110011001 1
b1001001011 )
b1001001011 (
#598000
b11101111111111111001111111110011 !
b11101111111111111001111111110011 .
b11 #
b11 *
b1010 &
b1010 -
b10100101011100110000011011010011 %
b10100101011100110000011011010011 ,
b1101010100111111001100111100011 $
b1101010100111111001100111100011 +
b11101111111111111001111111110011 /
b11 0
b1010 3
b10100101011100110000011011010011 2
b1101010100111111001100111100011 1
b1001001100 )
b1001001100 (
#599000
b1 !
b1 .
b1100 #
b1100 *
b11011 &
b11011 -
b10000100001010001101001111010111 %
b10000100001010001101001111010111 ,
b100100101100110001101000101110 $
b100100101100110001101000101110 +
b1 /
b1100 0
b11011 3
b10000100001010001101001111010111 2
b100100101100110001101000101110 1
b1001001101 )
b1001001101 (
#600000
b11010111110100100000100111 !
b11010111110100100000100111 .
b0 #
b0 *
b10111 &
b10111 -
b10111011110011101110110111010110 %
b10111011110011101110110111010110 ,
b1000111100100000101101001010001 $
b1000111100100000101101001010001 +
b11010111110100100000100111 /
b0 0
b10111 3
b10111011110011101110110111010110 2
b1000111100100000101101001010001 1
b1001001110 )
b1001001110 (
#601000
b110010000001000101000 !
b110010000001000101000 .
b1 #
b1 *
b1000 &
b1000 -
b100011110011110001110111101 %
b100011110011110001110111101 ,
b1101011000111010000101001101010 $
b1101011000111010000101001101010 +
b110010000001000101000 /
b1 0
b1000 3
b100011110011110001110111101 2
b1101011000111010000101001101010 1
b1001001111 )
b1001001111 (
#602000
b1111111100011100110110000111011 !
b1111111100011100110110000111011 .
b0 #
b0 *
b10001 &
b10001 -
b10001011010011111111111001001111 %
b10001011010011111111111001001111 ,
b11110100001111100110110111101100 $
b11110100001111100110110111101100 +
b1111111100011100110110000111011 /
b0 0
b10001 3
b10001011010011111111111001001111 2
b11110100001111100110110111101100 1
b1001010000 )
b1001010000 (
#603000
b10000000111100010101001101001111 !
b10000000111100010101001101001111 .
b10 #
b10 *
b1000 &
b1000 -
b111011000001100000110010100000 %
b111011000001100000110010100000 ,
b1101101000011001010010010010000 $
b1101101000011001010010010010000 +
b10000000111100010101001101001111 /
b10 0
b1000 3
b111011000001100000110010100000 2
b1101101000011001010010010010000 1
b1001010001 )
b1001010001 (
#604000
b11110110011101110001111010111001 !
b11110110011101110001111010111001 .
b11 #
b11 *
b1110 &
b1110 -
b1110110010101110001011010110001 %
b1110110010101110001011010110001 ,
b11110000001100100000100010101001 $
b11110000001100100000100010101001 +
b11110110011101110001111010111001 /
b11 0
b1110 3
b1110110010101110001011010110001 2
b11110000001100100000100010101001 1
b1001010010 )
b1001010010 (
#605000
b11000000001000100000010100111111 !
b11000000001000100000010100111111 .
b111 #
b111 *
b1010 &
b1010 -
b10011100110000010111110000010101 %
b10011100110000010111110000010101 ,
b1011100111000111000000101010100 $
b1011100111000111000000101010100 +
b11000000001000100000010100111111 /
b111 0
b1010 3
b10011100110000010111110000010101 2
b1011100111000111000000101010100 1
b1001010011 )
b1001010011 (
#606000
b0 !
b0 .
b1010 #
b1010 *
b1110 &
b1110 -
b101111111100010000011010011100 %
b101111111100010000011010011100 ,
b1010010011010000000111000111001 $
b1010010011010000000111000111001 +
b0 /
b1010 0
b1110 3
b101111111100010000011010011100 2
b1010010011010000000111000111001 1
b1001010100 )
b1001010100 (
#607000
b1110010000100100110011111110010 !
b1110010000100100110011111110010 .
b1000 #
b1000 *
b11111 &
b11111 -
b10110100011001011010111101010010 %
b10110100011001011010111101010010 ,
b11000110011101111100100010100000 $
b11000110011101111100100010100000 +
b1110010000100100110011111110010 /
b1000 0
b11111 3
b10110100011001011010111101010010 2
b11000110011101111100100010100000 1
b1001010101 )
b1001010101 (
#608000
b11111110110010111011001001110000 !
b11111110110010111011001001110000 .
b0 #
b0 *
b10010 &
b10010 -
b11100001011111011000110100010010 %
b11100001011111011000110100010010 ,
b11101010011100010010101011110 $
b11101010011100010010101011110 +
b11111110110010111011001001110000 /
b0 0
b10010 3
b11100001011111011000110100010010 2
b11101010011100010010101011110 1
b1001010110 )
b1001010110 (
#609000
b10010011000001010001101000010110 !
b10010011000001010001101000010110 .
b10001 &
b10001 -
b11001100100110001111111011111010 %
b11001100100110001111111011111010 ,
b11000110011011000001101100011100 $
b11000110011011000001101100011100 +
b10010011000001010001101000010110 /
b10001 3
b11001100100110001111111011111010 2
b11000110011011000001101100011100 1
b1001010111 )
b1001010111 (
#610000
b1 !
b1 .
b1001 #
b1001 *
b11100 &
b11100 -
b1100110010001101010100000010100 %
b1100110010001101010100000010100 ,
b11111110111011101101000010111 $
b11111110111011101101000010111 +
b1 /
b1001 0
b11100 3
b1100110010001101010100000010100 2
b11111110111011101101000010111 1
b1001011000 )
b1001011000 (
#611000
b1 !
b1 .
b110 #
b110 *
b11110 &
b11110 -
b1010000111111001001001010111110 %
b1010000111111001001001010111110 ,
b10110000011010001111000110011101 $
b10110000011010001111000110011101 +
b110 0
b11110 3
b1010000111111001001001010111110 2
b10110000011010001111000110011101 1
b1001011001 )
b1001011001 (
#612000
b11000001000011001000000000000 !
b11000001000011001000000000000 .
b1 #
b1 *
b1000 &
b1000 -
b1011000011110011101101010001011 %
b1011000011110011101101010001011 ,
b10111011001000011001000001100100 $
b10111011001000011001000001100100 +
b11000001000011001000000000000 /
b1 0
b1000 3
b1011000011110011101101010001011 2
b10111011001000011001000001100100 1
b1001011010 )
b1001011010 (
#613000
b10010100011000000000000000000000 !
b10010100011000000000000000000000 .
b100 #
b100 *
b10100 &
b10100 -
b10100001000011111101100101000110 %
b10100001000011111101100101000110 ,
b11000101001010010001000011110111 $
b11000101001010010001000011110111 +
b10010100011000000000000000000000 /
b100 0
b10100 3
b10100001000011111101100101000110 2
b11000101001010010001000011110111 1
b1001011011 )
b1001011011 (
#614000
b11010111110001111011100000 !
b11010111110001111011100000 .
b101 #
b101 *
b101 &
b101 -
b1101011111000111101110000001000 %
b1101011111000111101110000001000 ,
b11101011010110000101011011111010 $
b11101011010110000101011011111010 +
b11010111110001111011100000 /
b101 0
b101 3
b1101011111000111101110000001000 2
b11101011010110000101011011111010 1
b1001011100 )
b1001011100 (
#615000
b1100100000110010000111001011000 !
b1100100000110010000111001011000 .
b100 #
b100 *
b11 &
b11 -
b11101100100000110010000111001011 %
b11101100100000110010000111001011 ,
b1101101100110001111110001010101 $
b1101101100110001111110001010101 +
b1100100000110010000111001011000 /
b100 0
b11 3
b11101100100000110010000111001011 2
b1101101100110001111110001010101 1
b1001011101 )
b1001011101 (
#616000
b1 !
b1 .
b1100 #
b1100 *
b10011 &
b10011 -
b1001101110100101101010101111000 %
b1001101110100101101010101111000 ,
b10111001111100101011110010011101 $
b10111001111100101011110010011101 +
b1 /
b1100 0
b10011 3
b1001101110100101101010101111000 2
b10111001111100101011110010011101 1
b1001011110 )
b1001011110 (
#617000
b111 !
b111 .
b110 #
b110 *
b11101 &
b11101 -
b11110101110001100100001111101100 %
b11110101110001100100001111101100 ,
b10100101100010110100111100001010 $
b10100101100010110100111100001010 +
b111 /
b110 0
b11101 3
b11110101110001100100001111101100 2
b10100101100010110100111100001010 1
b1001011111 )
b1001011111 (
#618000
b11111100000000000000000000000 !
b11111100000000000000000000000 .
b100 #
b100 *
b10111 &
b10111 -
b100101000011110010111000111111 %
b100101000011110010111000111111 ,
b11000100010000111011000100110111 $
b11000100010000111011000100110111 +
b11111100000000000000000000000 /
b100 0
b10111 3
b100101000011110010111000111111 2
b11000100010000111011000100110111 1
b1001100000 )
b1001100000 (
#619000
b1 !
b1 .
b1001 #
b1001 *
b10 &
b10 -
b1101000101110101011110100001011 %
b1101000101110101011110100001011 ,
b11110011101101000110000011001111 $
b11110011101101000110000011001111 +
b1 /
b1001 0
b10 3
b1101000101110101011110100001011 2
b11110011101101000110000011001111 1
b1001100001 )
b1001100001 (
#620000
b1100001101 !
b1100001101 .
b110 #
b110 *
b10010 &
b10010 -
b1100001101101010010010101001 %
b1100001101101010010010101001 ,
b11101010110011111101100011001 $
b11101010110011111101100011001 +
b1100001101 /
b110 0
b10010 3
b1100001101101010010010101001 2
b11101010110011111101100011001 1
b1001100010 )
b1001100010 (
#621000
b11111101111111000001010101111111 !
b11111101111111000001010101111111 .
b11 #
b11 *
b11011 &
b11011 -
b1111001001110000000010001010110 %
b1111001001110000000010001010110 ,
b10111101110101000001000101101011 $
b10111101110101000001000101101011 +
b11111101111111000001010101111111 /
b11 0
b11011 3
b1111001001110000000010001010110 2
b10111101110101000001000101101011 1
b1001100011 )
b1001100011 (
#622000
b1011000010000000101100100111100 !
b1011000010000000101100100111100 .
b1000 #
b1000 *
b1010 &
b1010 -
b10010010011101111101011001111010 %
b10010010011101111101011001111010 ,
b11001010001101111000111101000110 $
b11001010001101111000111101000110 +
b1011000010000000101100100111100 /
b1000 0
b1010 3
b10010010011101111101011001111010 2
b11001010001101111000111101000110 1
b1001100100 )
b1001100100 (
#623000
b1 !
b1 .
b1100 #
b1100 *
b10100 &
b10100 -
b1011000100001100100101101000 %
b1011000100001100100101101000 ,
b10111110110000010111100110011000 $
b10111110110000010111100110011000 +
b1 /
b1100 0
b10100 3
b1011000100001100100101101000 2
b10111110110000010111100110011000 1
b1001100101 )
b1001100101 (
#624000
b10000001011110000110000001100 !
b10000001011110000110000001100 .
b110 #
b110 *
b11 &
b11 -
b10000001011110000110000001100101 %
b10000001011110000110000001100101 ,
b111011111111000111111101111 $
b111011111111000111111101111 +
b10000001011110000110000001100 /
b110 0
b11 3
b10000001011110000110000001100101 2
b111011111111000111111101111 1
b1001100110 )
b1001100110 (
#625000
b0 !
b0 .
b1011 #
b1011 *
b10001 &
b10001 -
b1000000101100111111011010011101 %
b1000000101100111111011010011101 ,
b11011010110001000001000011001100 $
b11011010110001000001000011001100 +
b0 /
b1011 0
b10001 3
b1000000101100111111011010011101 2
b11011010110001000001000011001100 1
b1001100111 )
b1001100111 (
#626000
b1 !
b1 .
b1100 #
b1100 *
b11111 &
b11111 -
b11001111001110101000111010011100 %
b11001111001110101000111010011100 ,
b11010001011111011001000100101001 $
b11010001011111011001000100101001 +
b1 /
b1100 0
b11111 3
b11001111001110101000111010011100 2
b11010001011111011001000100101001 1
b1001101000 )
b1001101000 (
#627000
b1010011000111011 !
b1010011000111011 .
b110 #
b110 *
b1111 &
b1111 -
b1010011000111011101000100000000 %
b1010011000111011101000100000000 ,
b110010111111001011101010110101 $
b110010111111001011101010110101 +
b1010011000111011 /
b110 0
b1111 3
b1010011000111011101000100000000 2
b110010111111001011101010110101 1
b1001101001 )
b1001101001 (
#628000
b11111101111111100111111011110110 !
b11111101111111100111111011110110 .
b11 #
b11 *
b10110 &
b10110 -
b10111100110110100110011011010010 %
b10111100110110100110011011010010 ,
b1110001101001000101100010100110 $
b1110001101001000101100010100110 +
b11111101111111100111111011110110 /
b11 0
b10110 3
b10111100110110100110011011010010 2
b1110001101001000101100010100110 1
b1001101010 )
b1001101010 (
#629000
b11111111101010010011011000100011 !
b11111111101010010011011000100011 .
b101 #
b101 *
b1000 &
b1000 -
b10101001001101100010001110100111 %
b10101001001101100010001110100111 ,
b1101010011011000101101111001 $
b1101010011011000101101111001 +
b11111111101010010011011000100011 /
b101 0
b1000 3
b10101001001101100010001110100111 2
b1101010011011000101101111001 1
b1001101011 )
b1001101011 (
#630000
b0 !
b0 .
b1011 #
b1011 *
b101 &
b101 -
b1100101110100001011011000011000 %
b1100101110100001011011000011000 ,
b111001000011111001100100110100 $
b111001000011111001100100110100 +
b0 /
b1011 0
b101 3
b1100101110100001011011000011000 2
b111001000011111001100100110100 1
b1001101100 )
b1001101100 (
#631000
b101010011100011101101100000000 !
b101010011100011101101100000000 .
b100 #
b100 *
b10001010100111000111011011000 %
b10001010100111000111011011000 ,
b100100110000010111010000011110 $
b100100110000010111010000011110 +
b101010011100011101101100000000 /
b100 0
b10001010100111000111011011000 2
b100100110000010111010000011110 1
b1001101101 )
b1001101101 (
#632000
b11010110000100000000000000000000 !
b11010110000100000000000000000000 .
b1101 #
b1101 *
b1011 &
b1011 -
b1011100001011111101011000010000 %
b1011100001011111101011000010000 ,
b1110010011000101000101100000110 $
b1110010011000101000101100000110 +
b11010110000100000000000000000000 /
b1101 0
b1011 3
b1011100001011111101011000010000 2
b1110010011000101000101100000110 1
b1001101110 )
b1001101110 (
#633000
b100000000000001000110000000100 !
b100000000000001000110000000100 .
b1 #
b1 *
b0 &
b0 -
b10110000000000001100110010001101 %
b10110000000000001100110010001101 ,
b1101011010110101001111101010100 $
b1101011010110101001111101010100 +
b100000000000001000110000000100 /
b1 0
b0 3
b10110000000000001100110010001101 2
b1101011010110101001111101010100 1
b1001101111 )
b1001101111 (
#634000
b11110011000101110011011101000000 !
b11110011000101110011011101000000 .
b0 #
b0 *
b10010 &
b10010 -
b10010001101101000001110001000101 %
b10010001101101000001110001000101 ,
b1100001011000110001101011111011 $
b1100001011000110001101011111011 +
b11110011000101110011011101000000 /
b0 0
b10010 3
b10010001101101000001110001000101 2
b1100001011000110001101011111011 1
b1001110000 )
b1001110000 (
#635000
b1 !
b1 .
b1100 #
b1100 *
b1001 &
b1001 -
b110110000111111010011010110110 %
b110110000111111010011010110110 ,
b10000011011011111010110111110111 $
b10000011011011111010110111110111 +
b1 /
b1100 0
b1001 3
b110110000111111010011010110110 2
b10000011011011111010110111110111 1
b1001110001 )
b1001110001 (
#636000
b1 !
b1 .
b11 &
b11 -
b11010100110000100011111000001011 %
b11010100110000100011111000001011 ,
b1000101111010000111110111010101 $
b1000101111010000111110111010101 +
b11 3
b11010100110000100011111000001011 2
b1000101111010000111110111010101 1
b1001110010 )
b1001110010 (
#637000
b0 !
b0 .
b1001 #
b1001 *
b10111 &
b10111 -
b10001101010010100100110001000001 %
b10001101010010100100110001000001 ,
b101000111000011111011101111111 $
b101000111000011111011101111111 +
b0 /
b1001 0
b10111 3
b10001101010010100100110001000001 2
b101000111000011111011101111111 1
b1001110011 )
b1001110011 (
#638000
b1000100000110111001000 !
b1000100000110111001000 .
b10 #
b10 *
b11011 &
b11011 -
b11110101010111001001000000110101 %
b11110101010111001001000000110101 ,
b101011110010010110001000010011 $
b101011110010010110001000010011 +
b1000100000110111001000 /
b10 0
b11011 3
b11110101010111001001000000110101 2
b101011110010010110001000010011 1
b1001110100 )
b1001110100 (
#639000
b1001110101011111101011101111000 !
b1001110101011111101011101111000 .
b0 #
b0 *
b1110 &
b1110 -
b1010101110010101111110001100111 %
b1010101110010101111110001100111 ,
b11111000111001001101101100010001 $
b11111000111001001101101100010001 +
b1001110101011111101011101111000 /
b0 0
b1110 3
b1010101110010101111110001100111 2
b11111000111001001101101100010001 1
b1001110101 )
b1001110101 (
#640000
b1000000100000000000010 !
b1000000100000000000010 .
b1 #
b1 *
b11101 &
b11101 -
b11010001000100110010100000010 %
b11010001000100110010100000010 ,
b10000001001000001101000001101111 $
b10000001001000001101000001101111 +
b1000000100000000000010 /
b1 0
b11101 3
b11010001000100110010100000010 2
b10000001001000001101000001101111 1
b1001110110 )
b1001110110 (
#641000
b111111111100111111101011110110 !
b111111111100111111101011110110 .
b11 #
b11 *
b10001 &
b10001 -
b101111110100011111101010010110 %
b101111110100011111101010010110 ,
b10011111100101010000011110010 $
b10011111100101010000011110010 +
b111111111100111111101011110110 /
b11 0
b10001 3
b101111110100011111101010010110 2
b10011111100101010000011110010 1
b1001110111 )
b1001110111 (
#642000
b111011100111110011001000000001 !
b111011100111110011001000000001 .
b111 #
b111 *
b1010 &
b1010 -
b1000100100111011001010011001000 %
b1000100100111011001010011001000 ,
b10000000001111001100011011001001 $
b10000000001111001100011011001001 +
b111011100111110011001000000001 /
b111 0
b1010 3
b1000100100111011001010011001000 2
b10000000001111001100011011001001 1
b1001111000 )
b1001111000 (
#643000
b11111111111110000100010011100010 !
b11111111111110000100010011100010 .
b101 #
b101 *
b1011 &
b1011 -
b11000010001001110001000101100011 %
b11000010001001110001000101100011 ,
b11010110000010000101010011110100 $
b11010110000010000101010011110100 +
b11111111111110000100010011100010 /
b101 0
b1011 3
b11000010001001110001000101100011 2
b11010110000010000101010011110100 1
b1001111001 )
b1001111001 (
#644000
b1101011110011001000100011010 !
b1101011110011001000100011010 .
b111 #
b111 *
b1110 &
b1110 -
b11011100110110000101010010100001 %
b11011100110110000101010010100001 ,
b11101010010100011110010110111011 $
b11101010010100011110010110111011 +
b1101011110011001000100011010 /
b111 0
b1110 3
b11011100110110000101010010100001 2
b11101010010100011110010110111011 1
b1001111010 )
b1001111010 (
#645000
b1101001111111001110100000100110 !
b1101001111111001110100000100110 .
b10110 &
b10110 -
b1110001100011101101111000011010 %
b1110001100011101101111000011010 ,
b11011011100010111100011001000000 $
b11011011100010111100011001000000 +
b1101001111111001110100000100110 /
b10110 3
b1110001100011101101111000011010 2
b11011011100010111100011001000000 1
b1001111011 )
b1001111011 (
#646000
b1 !
b1 .
b1001 #
b1001 *
b10111 &
b10111 -
b100010000111100101101110000101 %
b100010000111100101101110000101 ,
b10001000010001111010000011111111 $
b10001000010001111010000011111111 +
b1 /
b1001 0
b10111 3
b100010000111100101101110000101 2
b10001000010001111010000011111111 1
b1001111100 )
b1001111100 (
#647000
b1 !
b1 .
b1100 #
b1100 *
b1110 &
b1110 -
b1101111111100000110011110100010 %
b1101111111100000110011110100010 ,
b1111001001000000001110111000001 $
b1111001001000000001110111000001 +
b1100 0
b1110 3
b1101111111100000110011110100010 2
b1111001001000000001110111000001 1
b1001111101 )
b1001111101 (
#648000
b1 !
b1 .
b1001 #
b1001 *
b11 &
b11 -
b11100100100010110100001110100 %
b11100100100010110100001110100 ,
b11001011011100101011010111110110 $
b11001011011100101011010111110110 +
b1001 0
b11 3
b11100100100010110100001110100 2
b11001011011100101011010111110110 1
b1001111110 )
b1001111110 (
#649000
b10101101011101111110111111111111 !
b10101101011101111110111111111111 .
b11 #
b11 *
b1000 &
b1000 -
b10100101011101010000001110101100 %
b10100101011101010000001110101100 ,
b10101100011001111110110011011111 $
b10101100011001111110110011011111 +
b10101101011101111110111111111111 /
b11 0
b1000 3
b10100101011101010000001110101100 2
b10101100011001111110110011011111 1
b1001111111 )
b1001111111 (
#650000
b0 !
b0 .
b1011 #
b1011 *
b1101 &
b1101 -
b10111101100100000011100100011010 %
b10111101100100000011100100011010 ,
b10101110101111000000001111100011 $
b10101110101111000000001111100011 +
b0 /
b1011 0
b1101 3
b10111101100100000011100100011010 2
b10101110101111000000001111100011 1
b1010000000 )
b1010000000 (
#651000
b1101100100111111110011100011 !
b1101100100111111110011100011 .
b110 #
b110 *
b100 &
b100 -
b11011001001111111100111000110101 %
b11011001001111111100111000110101 ,
b11000111001011010011111111100101 $
b11000111001011010011111111100101 +
b1101100100111111110011100011 /
b110 0
b100 3
b11011001001111111100111000110101 2
b11000111001011010011111111100101 1
b1010000001 )
b1010000001 (
#652000
b111000011010101000101001000101 !
b111000011010101000101001000101 .
b0 #
b0 *
b1101 &
b1101 -
b11011010100010001000100100000110 %
b11011010100010001000100100000110 ,
b1011101111000100000000100111111 $
b1011101111000100000000100111111 +
b111000011010101000101001000101 /
b0 0
b1101 3
b11011010100010001000100100000110 2
b1011101111000100000000100111111 1
b1010000010 )
b1010000010 (
#653000
b1110001000010100001101000111001 !
b1110001000010100001101000111001 .
b111 #
b111 *
b11 &
b11 -
b11001101001001001000010110101010 %
b11001101001001001000010110101010 ,
b111110001011101001111111100011 $
b111110001011101001111111100011 +
b1110001000010100001101000111001 /
b111 0
b11 3
b11001101001001001000010110101010 2
b111110001011101001111111100011 1
b1010000011 )
b1010000011 (
#654000
b11101001101101000101011110001100 !
b11101001101101000101011110001100 .
b1000 #
b1000 *
b1001 &
b1001 -
b10110111001001000011101010010 %
b10110111001001000011101010010 ,
b11111111010100001101000011011110 $
b11111111010100001101000011011110 +
b11101001101101000101011110001100 /
b1000 0
b1001 3
b10110111001001000011101010010 2
b11111111010100001101000011011110 1
b1010000100 )
b1010000100 (
#655000
b11111001010000000000000000000000 !
b11111001010000000000000000000000 .
b1101 #
b1101 *
b1111 &
b1111 -
b10100110101110111111100101000000 %
b10100110101110111111100101000000 ,
b1010101101110000000101010111001 $
b1010101101110000000101010111001 +
b11111001010000000000000000000000 /
b1101 0
b1111 3
b10100110101110111111100101000000 2
b1010101101110000000101010111001 1
b1010000101 )
b1010000101 (
#656000
b1000111101100000000000000000000 !
b1000111101100000000000000000000 .
b100 #
b100 *
b10011 &
b10011 -
b101110000110010100011110110 %
b101110000110010100011110110 ,
b10010100101101101111011100000001 $
b10010100101101101111011100000001 +
b1000111101100000000000000000000 /
b100 0
b10011 3
b101110000110010100011110110 2
b10010100101101101111011100000001 1
b1010000110 )
b1010000110 (
#657000
b110001001000000110000010001 !
b110001001000000110000010001 .
b1 #
b1 *
b10110 &
b10110 -
b1010110011001010100111010011011 %
b1010110011001010100111010011011 ,
b10000111101111001000110101110001 $
b10000111101111001000110101110001 +
b110001001000000110000010001 /
b1 0
b10110 3
b1010110011001010100111010011011 2
b10000111101111001000110101110001 1
b1010000111 )
b1010000111 (
#658000
b0 !
b0 .
b1011 #
b1011 *
b111 &
b111 -
b1100111000101011010110100010001 %
b1100111000101011010110100010001 ,
b10001011000101110111001101010110 $
b10001011000101110111001101010110 +
b0 /
b1011 0
b111 3
b1100111000101011010110100010001 2
b10001011000101110111001101010110 1
b1010001000 )
b1010001000 (
#659000
b10001010110101 !
b10001010110101 .
b110 #
b110 *
b10010 &
b10010 -
b10001010110101000011110100010011 %
b10001010110101000011110100010011 ,
b10010101000101111000110010100000 $
b10010101000101111000110010100000 +
b10001010110101 /
b110 0
b10010 3
b10001010110101000011110100010011 2
b10010101000101111000110010100000 1
b1010001001 )
b1010001001 (
#660000
b11100000001100100000000011001 !
b11100000001100100000000011001 .
b1 #
b1 *
b1101 &
b1101 -
b11100001101110100000011011011 %
b11100001101110100000011011011 ,
b1011101000001100111000100011101 $
b1011101000001100111000100011101 +
b11100000001100100000000011001 /
b1 0
b1101 3
b11100001101110100000011011011 2
b1011101000001100111000100011101 1
b1010001010 )
b1010001010 (
#661000
b1 !
b1 .
b1001 #
b1001 *
b1 &
b1 -
b1100100000110010100110001101000 %
b1100100000110010100110001101000 ,
b10010101110111100010101011111011 $
b10010101110111100010101011111011 +
b1 /
b1001 0
b1 3
b1100100000110010100110001101000 2
b10010101110111100010101011111011 1
b1010001011 )
b1010001011 (
#662000
b0 !
b0 .
b1101 &
b1101 -
b10100011101000011100111111110010 %
b10100011101000011100111111110010 ,
b11001101001001011000000011011000 $
b11001101001001011000000011011000 +
b0 /
b1101 3
b10100011101000011100111111110010 2
b11001101001001011000000011011000 1
b1010001100 )
b1010001100 (
#663000
b1000110010100010011010000110011 !
b1000110010100010011010000110011 .
b1000 #
b1000 *
b11111 &
b11111 -
b11010110111111100011001100011 %
b11010110111111100011001100011 ,
b1011100100011101111001001010000 $
b1011100100011101111001001010000 +
b1000110010100010011010000110011 /
b1000 0
b11111 3
b11010110111111100011001100011 2
b1011100100011101111001001010000 1
b1010001101 )
b1010001101 (
#664000
b100000001010001111000000000 !
b100000001010001111000000000 .
b1 #
b1 *
b1001 &
b1001 -
b10000101000111010011111001001001 %
b10000101000111010011111001001001 ,
b1100110011001011001111000000100 $
b1100110011001011001111000000100 +
b100000001010001111000000000 /
b1 0
b1001 3
b10000101000111010011111001001001 2
b1100110011001011001111000000100 1
b1010001110 )
b1010001110 (
#665000
b10010000100000100010100000000 !
b10010000100000100010100000000 .
b10 #
b10 *
b10011 &
b10011 -
b1101111011110011101011100001 %
b1101111011110011101011100001 ,
b11101101011000011001100000011110 $
b11101101011000011001100000011110 +
b10010000100000100010100000000 /
b10 0
b10011 3
b1101111011110011101011100001 2
b11101101011000011001100000011110 1
b1010001111 )
b1010001111 (
#666000
b11100111111010101111111111111011 !
b11100111111010101111111111111011 .
b11 #
b11 *
b1001 &
b1001 -
b10100111110000001100000011011011 %
b10100111110000001100000011011011 ,
b11100110001010100111111110101001 $
b11100110001010100111111110101001 +
b11100111111010101111111111111011 /
b11 0
b1001 3
b10100111110000001100000011011011 2
b11100110001010100111111110101001 1
b1010010000 )
b1010010000 (
#667000
b1 !
b1 .
b1001 #
b1001 *
b100 &
b100 -
b111001111100110101010110111001 %
b111001111100110101010110111001 ,
b10011111001100000101100110100000 $
b10011111001100000101100110100000 +
b1 /
b1001 0
b100 3
b111001111100110101010110111001 2
b10011111001100000101100110100000 1
b1010010001 )
b1010010001 (
#668000
b0 !
b0 .
b1011 #
b1011 *
b10100 &
b10100 -
b10100011100001000001100001010000 %
b10100011100001000001100001010000 ,
b10000010111110111010010011001011 $
b10000010111110111010010011001011 +
b0 /
b1011 0
b10100 3
b10100011100001000001100001010000 2
b10000010111110111010010011001011 1
b1010010010 )
b1010010010 (
#669000
b10111011011101111001100111000010 !
b10111011011101111001100111000010 .
b100 #
b100 *
b1 &
b1 -
b1011101101110111100110011100001 %
b1011101101110111100110011100001 ,
b1101110001100011000010100010110 $
b1101110001100011000010100010110 +
b10111011011101111001100111000010 /
b100 0
b1 3
b1011101101110111100110011100001 2
b1101110001100011000010100010110 1
b1010010011 )
b1010010011 (
#670000
b1 !
b1 .
b1100 #
b1100 *
b10111 &
b10111 -
b11100010000010011010011100011010 %
b11100010000010011010011100011010 ,
b11010001111110001111101010011001 $
b11010001111110001111101010011001 +
b1 /
b1100 0
b10111 3
b11100010000010011010011100011010 2
b11010001111110001111101010011001 1
b1010010100 )
b1010010100 (
#671000
b11110000111001001111011111111111 !
b11110000111001001111011111111111 .
b11 #
b11 *
b0 &
b0 -
b11100000110000001111001000101100 %
b11100000110000001111001000101100 ,
b10110000011001001011011111010111 $
b10110000011001001011011111010111 +
b11110000111001001111011111111111 /
b11 0
b0 3
b11100000110000001111001000101100 2
b10110000011001001011011111010111 1
b1010010101 )
b1010010101 (
#672000
b10010000111101100000000000000000 !
b10010000111101100000000000000000 .
b1101 #
b1101 *
b1111001101111101001000011110110 %
b1111001101111101001000011110110 ,
b11000101001000010011110101000111 $
b11000101001000010011110101000111 +
b10010000111101100000000000000000 /
b1101 0
b1111001101111101001000011110110 2
b11000101001000010011110101000111 1
b1010010110 )
b1010010110 (
#673000
b11101011110000101101000110001110 !
b11101011110000101101000110001110 .
b1000 #
b1000 *
b1011 &
b1011 -
b10000011100001100100000111010101 %
b10000011100001100100000111010101 ,
b1101000010001001001000001011011 $
b1101000010001001001000001011011 +
b11101011110000101101000110001110 /
b1000 0
b1011 3
b10000011100001100100000111010101 2
b1101000010001001001000001011011 1
b1010010111 )
b1010010111 (
#674000
b11101011110001011110000011100101 !
b11101011110001011110000011100101 .
b101 #
b101 *
b1 &
b1 -
b11010111100010111100000111001011 %
b11010111100010111100000111001011 ,
b11000001110111001101010011110101 $
b11000001110111001101010011110101 +
b11101011110001011110000011100101 /
b101 0
b1 3
b11010111100010111100000111001011 2
b11000001110111001101010011110101 1
b1010011000 )
b1010011000 (
#675000
b1110000000111101000010101000 !
b1110000000111101000010101000 .
b10 #
b10 *
b1110 &
b1110 -
b11100001110011000010111000010011 %
b11100001110011000010111000010011 ,
b11010000111110000010001101000110 $
b11010000111110000010001101000110 +
b1110000000111101000010101000 /
b10 0
b1110 3
b11100001110011000010111000010011 2
b11010000111110000010001101000110 1
b1010011001 )
b1010011001 (
#676000
b100100000001011001101001100000 !
b100100000001011001101001100000 .
b11110 &
b11110 -
b1010010110010100110010000011001 %
b1010010110010100110010000011001 ,
b11001001011110000000000110000110 $
b11001001011110000000000110000110 +
b100100000001011001101001100000 /
b11110 3
b1010010110010100110010000011001 2
b11001001011110000000000110000110 1
b1010011010 )
b1010011010 (
#677000
b1111101111011111111111111011011 !
b1111101111011111111111111011011 .
b11 #
b11 *
b1110 &
b1110 -
b1011101101010110000101110010011 %
b1011101101010110000101110010011 ,
b1110000111001011111010011011001 $
b1110000111001011111010011011001 +
b1111101111011111111111111011011 /
b11 0
b1110 3
b1011101101010110000101110010011 2
b1110000111001011111010011011001 1
b1010011011 )
b1010011011 (
#678000
b10000010111000000010000001100 !
b10000010111000000010000001100 .
b1 #
b1 *
b11110 &
b11110 -
b10010000010111000000010010011110 %
b10010000010111000000010010011110 ,
b111010111111110111011000001101 $
b111010111111110111011000001101 +
b10000010111000000010000001100 /
b1 0
b11110 3
b10010000010111000000010010011110 2
b111010111111110111011000001101 1
b1010011100 )
b1010011100 (
#679000
b11010111001010110001011101011110 !
b11010111001010110001011101011110 .
b1000 #
b1000 *
b1011 &
b1011 -
b11101111111100001111110111101110 %
b11101111111100001111110111101110 ,
b111000110110111110101010110000 $
b111000110110111110101010110000 +
b11010111001010110001011101011110 /
b1000 0
b1011 3
b11101111111100001111110111101110 2
b111000110110111110101010110000 1
b1010011101 )
b1010011101 (
#680000
b1001100100000000001000000001 !
b1001100100000000001000000001 .
b10 #
b10 *
b10010 &
b10010 -
b1110110010011011111110110101110 %
b1110110010011011111110110101110 ,
b10110110011000101101100001011010 $
b10110110011000101101100001011010 +
b1001100100000000001000000001 /
b10 0
b10010 3
b1110110010011011111110110101110 2
b10110110011000101101100001011010 1
b1010011110 )
b1010011110 (
#681000
b11010110101100000000000000000 !
b11010110101100000000000000000 .
b1101 #
b1101 *
b110 &
b110 -
b10111110110110010001101011010110 %
b10111110110110010001101011010110 ,
b111111011001010000111110101111 $
b111111011001010000111110101111 +
b11010110101100000000000000000 /
b1101 0
b110 3
b10111110110110010001101011010110 2
b111111011001010000111110101111 1
b1010011111 )
b1010011111 (
#682000
b10100011110100001110000000000000 !
b10100011110100001110000000000000 .
b100 #
b100 *
b1101 &
b1101 -
b10101101001101010001111010000111 %
b10101101001101010001111010000111 ,
b1011010110100011111111011010000 $
b1011010110100011111111011010000 +
b10100011110100001110000000000000 /
b100 0
b1101 3
b10101101001101010001111010000111 2
b1011010110100011111111011010000 1
b1010100000 )
b1010100000 (
#683000
b1 !
b1 .
b1010 #
b1010 *
b11111 &
b11111 -
b11000111001000000001010111011111 %
b11000111001000000001010111011111 ,
b1101110000000101100000000010101 $
b1101110000000101100000000010101 +
b1 /
b1010 0
b11111 3
b11000111001000000001010111011111 2
b1101110000000101100000000010101 1
b1010100001 )
b1010100001 (
#684000
b1 !
b1 .
b1100 #
b1100 *
b10100010101111011100001111100001 %
b10100010101111011100001111100001 ,
b111011011001000001101101111 $
b111011011001000001101101111 +
b1100 0
b10100010101111011100001111100001 2
b111011011001000001101101111 1
b1010100010 )
b1010100010 (
#685000
b11111111101000001100001101011011 !
b11111111101000001100001101011011 .
b101 #
b101 *
b111 &
b111 -
b11010000011000011010110111001101 %
b11010000011000011010110111001101 ,
b11000001100000001000000111011111 $
b11000001100000001000000111011111 +
b11111111101000001100001101011011 /
b101 0
b111 3
b11010000011000011010110111001101 2
b11000001100000001000000111011111 1
b1010100011 )
b1010100011 (
#686000
b0 !
b0 .
b1011 #
b1011 *
b10100 &
b10100 -
b11111110011110010101000101001000 %
b11111110011110010101000101001000 ,
b111010001011111010111111100100 $
b111010001011111010111111100100 +
b0 /
b1011 0
b10100 3
b11111110011110010101000101001000 2
b111010001011111010111111100100 1
b1010100100 )
b1010100100 (
#687000
b1001 &
b1001 -
b10111011011000001101001010001101 %
b10111011011000001101001010001101 ,
b1001100011111110100100011001000 $
b1001100011111110100100011001000 +
b1001 3
b10111011011000001101001010001101 2
b1001100011111110100100011001000 1
b1010100101 )
b1010100101 (
#688000
b1 !
b1 .
b1100 #
b1100 *
b0 &
b0 -
b11111001011101101100101001011010 %
b11111001011101101100101001011010 ,
b11111111101111001011100101010101 $
b11111111101111001011100101010101 +
b1 /
b1100 0
b0 3
b11111001011101101100101001011010 2
b11111111101111001011100101010101 1
b1010100110 )
b1010100110 (
#689000
b10010010101010010000000000000000 !
b10010010101010010000000000000000 .
b1101 #
b1101 *
b100 &
b100 -
b101000011100111001001010101001 %
b101000011100111001001010101001 ,
b11011010110111010101000110011001 $
b11011010110111010101000110011001 +
b10010010101010010000000000000000 /
b1101 0
b100 3
b101000011100111001001010101001 2
b11011010110111010101000110011001 1
b1010100111 )
b1010100111 (
#690000
b11000110001011100011010010110000 !
b11000110001011100011010010110000 .
b1 #
b1 *
b11 &
b11 -
b11100111011111100111011011111101 %
b11100111011111100111011011111101 ,
b11001110101011101011110010110000 $
b11001110101011101011110010110000 +
b11000110001011100011010010110000 /
b1 0
b11 3
b11100111011111100111011011111101 2
b11001110101011101011110010110000 1
b1010101000 )
b1010101000 (
#691000
b0 !
b0 .
b1011 #
b1011 *
b1 &
b1 -
b1001100101011110101000000111000 %
b1001100101011110101000000111000 ,
b100001110000011110100101000101 $
b100001110000011110100101000101 +
b0 /
b1011 0
b1 3
b1001100101011110101000000111000 2
b100001110000011110100101000101 1
b1010101001 )
b1010101001 (
#692000
b10110100110000110100110110000111 !
b10110100110000110100110110000111 .
b1000 #
b1000 *
b10001 &
b10001 -
b1110000011101100001111110001011 %
b1110000011101100001111110001011 ,
b11000100101101010101001000001100 $
b11000100101101010101001000001100 +
b10110100110000110100110110000111 /
b1000 0
b10001 3
b1110000011101100001111110001011 2
b11000100101101010101001000001100 1
b1010101010 )
b1010101010 (
#693000
b100111000001 !
b100111000001 .
b110 #
b110 *
b10011 &
b10011 -
b1001110000010111100001010001100 %
b1001110000010111100001010001100 ,
b111101000000100011100000001001 $
b111101000000100011100000001001 +
b100111000001 /
b110 0
b10011 3
b1001110000010111100001010001100 2
b111101000000100011100000001001 1
b1010101011 )
b1010101011 (
#694000
b1 !
b1 .
b1100 #
b1100 *
b11001 &
b11001 -
b10011101110011100011001001111110 %
b10011101110011100011001001111110 ,
b10101011000000000011101110001110 $
b10101011000000000011101110001110 +
b1 /
b1100 0
b11001 3
b10011101110011100011001001111110 2
b10101011000000000011101110001110 1
b1010101100 )
b1010101100 (
#695000
b10101010011111110000000000000000 !
b10101010011111110000000000000000 .
b1101 #
b1101 *
b1110 &
b1110 -
b100101001110001010101001111111 %
b100101001110001010101001111111 ,
b1000000001110110110011011011111 $
b1000000001110110110011011011111 +
b10101010011111110000000000000000 /
b1101 0
b1110 3
b100101001110001010101001111111 2
b1000000001110110110011011011111 1
b1010101101 )
b1010101101 (
#696000
b11111111110010111111100000101001 !
b11111111110010111111100000101001 .
b101 #
b101 *
b1001 &
b1001 -
b10010111111100000101001101100000 %
b10010111111100000101001101100000 ,
b10100010000111100011100110011110 $
b10100010000111100011100110011110 +
b11111111110010111111100000101001 /
b101 0
b1001 3
b10010111111100000101001101100000 2
b10100010000111100011100110011110 1
b1010101110 )
b1010101110 (
#697000
b10001010011001110000000000000000 !
b10001010011001110000000000000000 .
b1101 #
b1101 *
b11101 &
b11101 -
b11011010001000101001100111 %
b11011010001000101001100111 ,
b10011111111101110100001001010010 $
b10011111111101110100001001010010 +
b10001010011001110000000000000000 /
b1101 0
b11101 3
b11011010001000101001100111 2
b10011111111101110100001001010010 1
b1010101111 )
b1010101111 (
#698000
b1010100100000110100000000 !
b1010100100000110100000000 .
b10 #
b10 *
b1110 &
b1110 -
b101110100001011001001000101011 %
b101110100001011001001000101011 ,
b11111000101011001111001011011111 $
b11111000101011001111001011011111 +
b1010100100000110100000000 /
b10 0
b1110 3
b101110100001011001001000101011 2
b11111000101011001111001011011111 1
b1010110000 )
b1010110000 (
#699000
b1111001111111110110111101111011 !
b1111001111111110110111101111011 .
b11 #
b11 *
b110 &
b110 -
b1000001111101100100001101001001 %
b1000001111101100100001101001001 ,
b1111000111011110110111000111010 $
b1111000111011110110111000111010 +
b1111001111111110110111101111011 /
b11 0
b110 3
b1000001111101100100001101001001 2
b1111000111011110110111000111010 1
b1010110001 )
b1010110001 (
#700000
b11111111101010011110111111100111 !
b11111111101010011110111111100111 .
b100 &
b100 -
b11111010001010010010110110100111 %
b11111010001010010010110110100111 ,
b10111100000001100111001000111 $
b10111100000001100111001000111 +
b11111111101010011110111111100111 /
b100 3
b11111010001010010010110110100111 2
b10111100000001100111001000111 1
b1010110010 )
b1010110010 (
#701000
b10010010111101010000000000000000 !
b10010010111101010000000000000000 .
b1101 #
b1101 *
b1011 &
b1011 -
b11100000111011011001001011110101 %
b11100000111011011001001011110101 ,
b10111110001101100001111111000101 $
b10111110001101100001111111000101 +
b10010010111101010000000000000000 /
b1101 0
b1011 3
b11100000111011011001001011110101 2
b10111110001101100001111111000101 1
b1010110011 )
b1010110011 (
#702000
b11111111100111111011110110110110 !
b11111111100111111011110110110110 .
b11 #
b11 *
b1 &
b1 -
b1101110100111111010100010110000 %
b1101110100111111010100010110000 ,
b11111101100100110011110110100110 $
b11111101100100110011110110100110 +
b11111111100111111011110110110110 /
b11 0
b1 3
b1101110100111111010100010110000 2
b11111101100100110011110110100110 1
b1010110100 )
b1010110100 (
#703000
b1 !
b1 .
b1100 #
b1100 *
b110 &
b110 -
b11111110001101011001000110111010 %
b11111110001101011001000110111010 ,
b1011010000101000111100110101101 $
b1011010000101000111100110101101 +
b1 /
b1100 0
b110 3
b11111110001101011001000110111010 2
b1011010000101000111100110101101 1
b1010110101 )
b1010110101 (
#704000
b11111111111111111111111111111000 !
b11111111111111111111111111111000 .
b101 #
b101 *
b11010 &
b11010 -
b11100010101111111111001100100110 %
b11100010101111111111001100100110 ,
b1010011011010010100110111001000 $
b1010011011010010100110111001000 +
b11111111111111111111111111111000 /
b101 0
b11010 3
b11100010101111111111001100100110 2
b1010011011010010100110111001000 1
b1010110110 )
b1010110110 (
#705000
b10010011011100100000000000000000 !
b10010011011100100000000000000000 .
b1101 #
b1101 *
b11001 &
b11001 -
b11011001011011011001001101110010 %
b11011001011011011001001101110010 ,
b11001100000101111110101100110001 $
b11001100000101111110101100110001 +
b10010011011100100000000000000000 /
b1101 0
b11001 3
b11011001011011011001001101110010 2
b11001100000101111110101100110001 1
b1010110111 )
b1010110111 (
#706000
b100001000000101111010010010000 !
b100001000000101111010010010000 .
b111 #
b111 *
b1111 &
b1111 -
b10000001111010001000111111110110 %
b10000001111010001000111111110110 ,
b10100010111010111000010010000110 $
b10100010111010111000010010000110 +
b100001000000101111010010010000 /
b111 0
b1111 3
b10000001111010001000111111110110 2
b10100010111010111000010010000110 1
b1010111000 )
b1010111000 (
#707000
b1001010000101000001110 !
b1001010000101000001110 .
b101 #
b101 *
b1001 &
b1001 -
b1001010000101000001110000100000 %
b1001010000101000001110000100000 ,
b1001010001010000110001001000 $
b1001010001010000110001001000 +
b1001010000101000001110 /
b101 0
b1001 3
b1001010000101000001110000100000 2
b1001010001010000110001001000 1
b1010111001 )
b1010111001 (
#708000
b0 !
b0 .
b1001 #
b1001 *
b11110 &
b11110 -
b11001011101111101010000100111100 %
b11001011101111101010000100111100 ,
b1001111110011100011011000101010 $
b1001111110011100011011000101010 +
b0 /
b1001 0
b11110 3
b11001011101111101010000100111100 2
b1001111110011100011011000101010 1
b1010111010 )
b1010111010 (
#709000
b1 !
b1 .
b110 &
b110 -
b1001100011101101111001001001101 %
b1001100011101101111001001001101 ,
b10101000111111100110110010001110 $
b10101000111111100110110010001110 +
b1 /
b110 3
b1001100011101101111001001001101 2
b10101000111111100110110010001110 1
b1010111011 )
b1010111011 (
#710000
b1 !
b1 .
b1010 #
b1010 *
b1100 &
b1100 -
b10001011000110101100000101010110 %
b10001011000110101100000101010110 ,
b1001001101101110110111110010010 $
b1001001101101110110111110010010 +
b1010 0
b1100 3
b10001011000110101100000101010110 2
b1001001101101110110111110010010 1
b1010111100 )
b1010111100 (
#711000
b1 !
b1 .
b1001 #
b1001 *
b11000111010000110111111111010 %
b11000111010000110111111111010 ,
b10111111110000001111011111101000 $
b10111111110000001111011111101000 +
b1001 0
b11000111010000110111111111010 2
b10111111110000001111011111101000 1
b1010111101 )
b1010111101 (
#712000
b110100011000010000001000001 !
b110100011000010000001000001 .
b1 #
b1 *
b0 &
b0 -
b1110110011000110001001010101 %
b1110110011000110001001010101 ,
b10111101011000011110011000001 $
b10111101011000011110011000001 +
b110100011000010000001000001 /
b1 0
b0 3
b1110110011000110001001010101 2
b10111101011000011110011000001 1
b1010111110 )
b1010111110 (
#713000
b1 !
b1 .
b1010 #
b1010 *
b10111 &
b10111 -
b11011110010011111001110000100001 %
b11011110010011111001110000100001 ,
b10110000010100110011111000100001 $
b10110000010100110011111000100001 +
b1 /
b1010 0
b10111 3
b11011110010011111001110000100001 2
b10110000010100110011111000100001 1
b1010111111 )
b1010111111 (
#714000
b0 !
b0 .
b1001 #
b1001 *
b1 &
b1 -
b11101100100001001011010100011010 %
b11101100100001001011010100011010 ,
b1011101101001111001000000110 $
b1011101101001111001000000110 +
b0 /
b1001 0
b1 3
b11101100100001001011010100011010 2
b1011101101001111001000000110 1
b1011000000 )
b1011000000 (
#715000
b101001001100100000000000000000 !
b101001001100100000000000000000 .
b1101 #
b1101 *
b0 &
b0 -
b11000100111110100010100100110010 %
b11000100111110100010100100110010 ,
b1111000001101000101011100000010 $
b1111000001101000101011100000010 +
b101001001100100000000000000000 /
b1101 0
b0 3
b11000100111110100010100100110010 2
b1111000001101000101011100000010 1
b1011000001 )
b1011000001 (
#716000
b1 !
b1 .
b1010 #
b1010 *
b100 &
b100 -
b10011000111101010011111010110110 %
b10011000111101010011111010110110 ,
b110110001101011010000100011110 $
b110110001101011010000100011110 +
b1 /
b1010 0
b100 3
b10011000111101010011111010110110 2
b110110001101011010000100011110 1
b1011000010 )
b1011000010 (
#717000
b1000101000000011110111101101101 !
b1000101000000011110111101101101 .
b0 #
b0 *
b1011 &
b1011 -
b10100000110100110001010000000000 %
b10100000110100110001010000000000 ,
b10100100001011101101101101101101 $
b10100100001011101101101101101101 +
b1000101000000011110111101101101 /
b0 0
b1011 3
b10100000110100110001010000000000 2
b10100100001011101101101101101101 1
b1011000011 )
b1011000011 (
#718000
b11 !
b11 .
b101 #
b101 *
b11101 &
b11101 -
b1110001100011011001010110110000 %
b1110001100011011001010110110000 ,
b1111100011111110000000000101000 $
b1111100011111110000000000101000 +
b11 /
b101 0
b11101 3
b1110001100011011001010110110000 2
b1111100011111110000000000101000 1
b1011000100 )
b1011000100 (
#719000
b1 !
b1 .
b1010 #
b1010 *
b110 &
b110 -
b11010111000111000100100111101011 %
b11010111000111000100100111101011 ,
b1010110100001000001111000000100 $
b1010110100001000001111000000100 +
b1 /
b1010 0
b110 3
b11010111000111000100100111101011 2
b1010110100001000001111000000100 1
b1011000101 )
b1011000101 (
#720000
b1 !
b1 .
b1001 #
b1001 *
b10010 &
b10010 -
b11000110110111011001100110110001 %
b11000110110111011001100110110001 ,
b10110101101111000100110010101101 $
b10110101101111000100110010101101 +
b1001 0
b10010 3
b11000110110111011001100110110001 2
b10110101101111000100110010101101 1
b1011000110 )
b1011000110 (
#721000
b1010110111110100000000000000000 !
b1010110111110100000000000000000 .
b1101 #
b1101 *
b1111 &
b1111 -
b110011000010101011011111010 %
b110011000010101011011111010 ,
b1011000001110000110011110010000 $
b1011000001110000110011110010000 +
b1010110111110100000000000000000 /
b1101 0
b1111 3
b110011000010101011011111010 2
b1011000001110000110011110010000 1
b1011000111 )
b1011000111 (
#722000
b1 !
b1 .
b1100 #
b1100 *
b1101 &
b1101 -
b100000101001010101100010110011 %
b100000101001010101100010110011 ,
b11001001011011110100100101111111 $
b11001001011011110100100101111111 +
b1 /
b1100 0
b1101 3
b100000101001010101100010110011 2
b11001001011011110100100101111111 1
b1011001000 )
b1011001000 (
#723000
b10000101001000100001000000101110 !
b10000101001000100001000000101110 .
b111 #
b111 *
b10010 &
b10010 -
b11000110011010011000011100010100 %
b11000110011010011000011100010100 ,
b1001011100010111001011101000010 $
b1001011100010111001011101000010 +
b10000101001000100001000000101110 /
b111 0
b10010 3
b11000110011010011000011100010100 2
b1001011100010111001011101000010 1
b1011001001 )
b1011001001 (
#724000
b10100100010110100000000000000000 !
b10100100010110100000000000000000 .
b1101 #
b1101 *
b11100 &
b11100 -
b100000010110011010010001011010 %
b100000010110011010010001011010 ,
b1100111011101110011001111001 $
b1100111011101110011001111001 +
b10100100010110100000000000000000 /
b1101 0
b11100 3
b100000010110011010010001011010 2
b1100111011101110011001111001 1
b1011001010 )
b1011001010 (
#725000
b0 !
b0 .
b1001 #
b1001 *
b111 &
b111 -
b10101110100010101101001101011000 %
b10101110100010101101001101011000 ,
b1001110001011000110101001101010 $
b1001110001011000110101001101010 +
b0 /
b1001 0
b111 3
b10101110100010101101001101011000 2
b1001110001011000110101001101010 1
b1011001011 )
b1011001011 (
#726000
b10000100001100101101010010000100 !
b10000100001100101101010010000100 .
b10 #
b10 *
b11010 &
b11010 -
b1110001110001000010101100101001 %
b1110001110001000010101100101001 ,
b1011011110010010000000001111011 $
b1011011110010010000000001111011 +
b10000100001100101101010010000100 /
b10 0
b11010 3
b1110001110001000010101100101001 2
b1011011110010010000000001111011 1
b1011001100 )
b1011001100 (
#727000
b10010111011101011011001010100110 !
b10010111011101011011001010100110 .
b0 #
b0 *
b10 &
b10 -
b10101101100111100010000110111001 %
b10101101100111100010000110111001 ,
b11101001110101111001000011101101 $
b11101001110101111001000011101101 +
b10010111011101011011001010100110 /
b0 0
b10 3
b10101101100111100010000110111001 2
b11101001110101111001000011101101 1
b1011001101 )
b1011001101 (
#728000
b0 !
b0 .
b1011 #
b1011 *
b10101 &
b10101 -
b11110000000111000110111101100101 %
b11110000000111000110111101100101 ,
b10100101110110101011101001110011 $
b10100101110110101011101001110011 +
b0 /
b1011 0
b10101 3
b11110000000111000110111101100101 2
b10100101110110101011101001110011 1
b1011001110 )
b1011001110 (
#729000
b10111011001110110 !
b10111011001110110 .
b110 #
b110 *
b1111 &
b1111 -
b10111011001110110001001111010100 %
b10111011001110110001001111010100 ,
b1011001110010110101111000111101 $
b1011001110010110101111000111101 +
b10111011001110110 /
b110 0
b1111 3
b10111011001110110001001111010100 2
b1011001110010110101111000111101 1
b1011001111 )
b1011001111 (
#730000
b11001001001101010000000000000000 !
b11001001001101010000000000000000 .
b1101 #
b1101 *
b1110 &
b1110 -
b11000101010111100100100110101 %
b11000101010111100100100110101 ,
b10100101011111010001001011110000 $
b10100101011111010001001011110000 +
b11001001001101010000000000000000 /
b1101 0
b1110 3
b11000101010111100100100110101 2
b10100101011111010001001011110000 1
b1011010000 )
b1011010000 (
#731000
b10100100101011001110001101 !
b10100100101011001110001101 .
b0 #
b0 *
b11101 &
b11101 -
b1111001011111100001111010010011 %
b1111001011111100001111010010011 ,
b10001001000101001001010011111010 $
b10001001000101001001010011111010 +
b10100100101011001110001101 /
b0 0
b11101 3
b1111001011111100001111010010011 2
b10001001000101001001010011111010 1
b1011010001 )
b1011010001 (
#732000
b0 !
b0 .
b1001 #
b1001 *
b11111 &
b11111 -
b11011110010100110111000110010011 %
b11011110010100110111000110010011 ,
b1111000011100100111100011011111 $
b1111000011100100111100011011111 +
b0 /
b1001 0
b11111 3
b11011110010100110111000110010011 2
b1111000011100100111100011011111 1
b1011010010 )
b1011010010 (
#733000
b1 !
b1 .
b1010 #
b1010 *
b0 &
b0 -
b10101100101010000110000001010010 %
b10101100101010000110000001010010 ,
b110110101011100110001100010110 $
b110110101011100110001100010110 +
b1 /
b1010 0
b0 3
b10101100101010000110000001010010 2
b110110101011100110001100010110 1
b1011010011 )
b1011010011 (
#734000
b0 !
b0 .
b1101 &
b1101 -
b11001101101010100010011010110101 %
b11001101101010100010011010110101 ,
b11010001001101001000010100010111 $
b11010001001101001000010100010111 +
b0 /
b1101 3
b11001101101010100010011010110101 2
b11010001001101001000010100010111 1
b1011010100 )
b1011010100 (
#735000
b10011011110111011111111111011101 !
b10011011110111011111111111011101 .
b11 #
b11 *
b0 &
b0 -
b10010001110111011001111011000101 %
b10010001110111011001111011000101 ,
b10011011100001001110000100011001 $
b10011011100001001110000100011001 +
b10011011110111011111111111011101 /
b11 0
b0 3
b10010001110111011001111011000101 2
b10011011100001001110000100011001 1
b1011010101 )
b1011010101 (
#736000
b1111011010000111111010001011011 !
b1111011010000111111010001011011 .
b0 #
b0 *
b1010 &
b1010 -
b101010000110101000100111110001 %
b101010000110101000100111110001 ,
b1010001001010010110101001101010 $
b1010001001010010110101001101010 +
b1111011010000111111010001011011 /
b0 0
b1010 3
b101010000110101000100111110001 2
b1010001001010010110101001101010 1
b1011010110 )
b1011010110 (
#737000
b0 !
b0 .
b1011 #
b1011 *
b10111 &
b10111 -
b1001100010011001011010101111001 %
b1001100010011001011010101111001 ,
b10010001110110001010110001010100 $
b10010001110110001010110001010100 +
b0 /
b1011 0
b10111 3
b1001100010011001011010101111001 2
b10010001110110001010110001010100 1
b1011010111 )
b1011010111 (
#738000
b111100101110010011101110011000 !
b111100101110010011101110011000 .
b111 #
b111 *
b11110 &
b11110 -
b10010011001010101111111110100011 %
b10010011001010101111111110100011 ,
b11001111111001000011101100111011 $
b11001111111001000011101100111011 +
b111100101110010011101110011000 /
b111 0
b11110 3
b10010011001010101111111110100011 2
b11001111111001000011101100111011 1
b1011011000 )
b1011011000 (
#739000
b0 !
b0 .
b1010 #
b1010 *
b101 &
b101 -
b10110010001101111110010110010000 %
b10110010001101111110010110010000 ,
b10110011001111100110101111010111 $
b10110011001111100110101111010111 +
b0 /
b1010 0
b101 3
b10110010001101111110010110010000 2
b10110011001111100110101111010111 1
b1011011001 )
b1011011001 (
#740000
b110010001010001011111000100000 !
b110010001010001011111000100000 .
b10 #
b10 *
b0 &
b0 -
b1000100110101110100000111011011 %
b1000100110101110100000111011011 ,
b11001001100101100100000000010100 $
b11001001100101100100000000010100 +
b110010001010001011111000100000 /
b10 0
b0 3
b1000100110101110100000111011011 2
b11001001100101100100000000010100 1
b1011011010 )
b1011011010 (
#741000
b101 !
b101 .
b110 #
b110 *
b11101 &
b11101 -
b10101110000110000001001010100010 %
b10101110000110000001001010100010 ,
b11001011100010110111001011111000 $
b11001011100010110111001011111000 +
b101 /
b110 0
b11101 3
b10101110000110000001001010100010 2
b11001011100010110111001011111000 1
b1011011011 )
b1011011011 (
#742000
b1 !
b1 .
b1100 #
b1100 *
b10100 &
b10100 -
b10001110100100010111000110001011 %
b10001110100100010111000110001011 ,
b111011111011011101010000101001 $
b111011111011011101010000101001 +
b1 /
b1100 0
b10100 3
b10001110100100010111000110001011 2
b111011111011011101010000101001 1
b1011011100 )
b1011011100 (
#743000
b1 !
b1 .
b1001 #
b1001 *
b11 &
b11 -
b1101010010011001110000110011101 %
b1101010010011001110000110011101 ,
b11100101000010010000011011110110 $
b11100101000010010000011011110110 +
b1001 0
b11 3
b1101010010011001110000110011101 2
b11100101000010010000011011110110 1
b1011011101 )
b1011011101 (
#744000
b0 !
b0 .
b1010 #
b1010 *
b1000 &
b1000 -
b11011100000001101111011011001 %
b11011100000001101111011011001 ,
b101101111111111100101000010110 $
b101101111111111100101000010110 +
b0 /
b1010 0
b1000 3
b11011100000001101111011011001 2
b101101111111111100101000010110 1
b1011011110 )
b1011011110 (
#745000
b1 !
b1 .
b1100 &
b1100 -
b11010010010011010111010000011111 %
b11010010010011010111010000011111 ,
b1001000000001011100111100101 $
b1001000000001011100111100101 +
b1 /
b1100 3
b11010010010011010111010000011111 2
b1001000000001011100111100101 1
b1011011111 )
b1011011111 (
#746000
b1 !
b1 .
b1100 #
b1100 *
b110 &
b110 -
b1011110001010011010100110001011 %
b1011110001010011010100110001011 ,
b10110001010101101110000101 $
b10110001010101101110000101 +
b1100 0
b110 3
b1011110001010011010100110001011 2
b10110001010101101110000101 1
b1011100000 )
b1011100000 (
#747000
b1 !
b1 .
b1001 #
b1001 *
b100 &
b100 -
b1100010010101110000011110110110 %
b1100010010101110000011110110110 ,
b1010010111110001111001111010001 $
b1010010111110001111001111010001 +
b1001 0
b100 3
b1100010010101110000011110110110 2
b1010010111110001111001111010001 1
b1011100001 )
b1011100001 (
#748000
b10101010101110111101110101101110 !
b10101010101110111101110101101110 .
b11 #
b11 *
b101 &
b101 -
b10101000100110011000100101001000 %
b10101000100110011000100101001000 ,
b10000010101000100101110101100110 $
b10000010101000100101110101100110 +
b10101010101110111101110101101110 /
b11 0
b101 3
b10101000100110011000100101001000 2
b10000010101000100101110101100110 1
b1011100010 )
b1011100010 (
#749000
b1 !
b1 .
b1100 #
b1100 *
b110 &
b110 -
b1101011000101111110100100001100 %
b1101011000101111110100100001100 ,
b11000111001110111101110010110100 $
b11000111001110111101110010110100 +
b1 /
b1100 0
b110 3
b1101011000101111110100100001100 2
b11000111001110111101110010110100 1
b1011100011 )
b1011100011 (
#750000
b0 !
b0 .
b1010 #
b1010 *
b11100 &
b11100 -
b101100001111000001100111010111 %
b101100001111000001100111010111 ,
b11001011111000010111010001111101 $
b11001011111000010111010001111101 +
b0 /
b1010 0
b11100 3
b101100001111000001100111010111 2
b11001011111000010111010001111101 1
b1011100100 )
b1011100100 (
#751000
b10111011011001100000000000000000 !
b10111011011001100000000000000000 .
b1101 #
b1101 *
b11001 &
b11001 -
b10111001011010011011101101100110 %
b10111001011010011011101101100110 ,
b10001101110101011100001000111101 $
b10001101110101011100001000111101 +
b10111011011001100000000000000000 /
b1101 0
b11001 3
b10111001011010011011101101100110 2
b10001101110101011100001000111101 1
b1011100101 )
b1011100101 (
#752000
b11000100101000000000000000010010 !
b11000100101000000000000000010010 .
b10 #
b10 *
b111 &
b111 -
b111001010111001001110111101100 %
b111001010111001001110111101100 ,
b11010100110110111001000001 $
b11010100110110111001000001 +
b11000100101000000000000000010010 /
b10 0
b111 3
b111001010111001001110111101100 2
b11010100110110111001000001 1
b1011100110 )
b1011100110 (
#753000
b1 !
b1 .
b1100 #
b1100 *
b10110 &
b10110 -
b11101010101110110110111011010110 %
b11101010101110110110111011010110 ,
b10000011001100001010000011011010 $
b10000011001100001010000011011010 +
b1 /
b1100 0
b10110 3
b11101010101110110110111011010110 2
b10000011001100001010000011011010 1
b1011100111 )
b1011100111 (
#754000
b100000000000000000000000000 !
b100000000000000000000000000 .
b100 #
b100 *
b11010 &
b11010 -
b10011111100010110001111000000001 %
b10011111100010110001111000000001 ,
b1011100000000111010110101011111 $
b1011100000000111010110101011111 +
b100000000000000000000000000 /
b100 0
b11010 3
b10011111100010110001111000000001 2
b1011100000000111010110101011111 1
b1011101000 )
b1011101000 (
#755000
b10000000001010000100000000010 !
b10000000001010000100000000010 .
b10 #
b10 *
b1001 &
b1001 -
b11001011110010101011000001111001 %
b11001011110010101011000001111001 ,
b11101101111110100111011111010100 $
b11101101111110100111011111010100 +
b10000000001010000100000000010 /
b10 0
b1001 3
b11001011110010101011000001111001 2
b11101101111110100111011111010100 1
b1011101001 )
b1011101001 (
#756000
b0 !
b0 .
b1011 #
b1011 *
b10101 &
b10101 -
b10011111100000000100111111100001 %
b10011111100000000100111111100001 ,
b10100111010000111100001011001111 $
b10100111010000111100001011001111 +
b0 /
b1011 0
b10101 3
b10011111100000000100111111100001 2
b10100111010000111100001011001111 1
b1011101010 )
b1011101010 (
#757000
b1001 #
b1001 *
b1001 &
b1001 -
b10101010101011110001101011110001 %
b10101010101011110001101011110001 ,
b10111100000110011100000011001100 $
b10111100000110011100000011001100 +
b1001 0
b1001 3
b10101010101011110001101011110001 2
b10111100000110011100000011001100 1
b1011101011 )
b1011101011 (
#758000
b11111111111111111111111111100111 !
b11111111111111111111111111100111 .
b101 #
b101 *
b11001 &
b11001 -
b11001110100011100000000111110010 %
b11001110100011100000000111110010 ,
b10100111111011110000110100001 $
b10100111111011110000110100001 +
b11111111111111111111111111100111 /
b101 0
b11001 3
b11001110100011100000000111110010 2
b10100111111011110000110100001 1
b1011101100 )
b1011101100 (
#759000
b0 !
b0 .
b1001 #
b1001 *
b11000 &
b11000 -
b10110001010011010000100011100 %
b10110001010011010000100011100 ,
b101101110111001011000111011010 $
b101101110111001011000111011010 +
b0 /
b1001 0
b11000 3
b10110001010011010000100011100 2
b101101110111001011000111011010 1
b1011101101 )
b1011101101 (
#760000
b111110110111100101101010111111 !
b111110110111100101101010111111 .
b11 #
b11 *
b1111 &
b1111 -
b110110010111000000100010010111 %
b110110010111000000100010010111 ,
b111110100100100101101000101000 $
b111110100100100101101000101000 +
b111110110111100101101010111111 /
b11 0
b1111 3
b110110010111000000100010010111 2
b111110100100100101101000101000 1
b1011101110 )
b1011101110 (
#761000
b1101100100000110101100000001001 !
b1101100100000110101100000001001 .
b1 #
b1 *
b1010 &
b1010 -
b1101100101000110111100000001101 %
b1101100101000110111100000001101 ,
b11111110100111111101110100001011 $
b11111110100111111101110100001011 +
b1101100100000110101100000001001 /
b1 0
b1010 3
b1101100101000110111100000001101 2
b11111110100111111101110100001011 1
b1011101111 )
b1011101111 (
#762000
b10011101101110111110111111111110 !
b10011101101110111110111111111110 .
b11 #
b11 *
b1 &
b1 -
b1100000100101110111110010110 %
b1100000100101110111110010110 ,
b10011001101110110110100001101100 $
b10011001101110110110100001101100 +
b10011101101110111110111111111110 /
b11 0
b1 3
b1100000100101110111110010110 2
b10011001101110110110100001101100 1
b1011110000 )
b1011110000 (
#763000
b1111101000100110110001000001001 !
b1111101000100110110001000001001 .
b1 #
b1 *
b11001 &
b11001 -
b1111101010110110110001000101011 %
b1111101010110110110001000101011 ,
b1111111101101111110001100011101 $
b1111111101101111110001100011101 +
b1111101000100110110001000001001 /
b1 0
b11001 3
b1111101010110110110001000101011 2
b1111111101101111110001100011101 1
b1011110001 )
b1011110001 (
#764000
b101000000000100000000111100 !
b101000000000100000000111100 .
b100101011011000111011100111110 %
b100101011011000111011100111110 ,
b11101000000111100100000111101 $
b11101000000111100100000111101 +
b101000000000100000000111100 /
b100101011011000111011100111110 2
b11101000000111100100000111101 1
b1011110010 )
b1011110010 (
#765000
b1001101110011001010010110010100 !
b1001101110011001010010110010100 .
b111 #
b111 *
b11111 &
b11111 -
b10100101101100101101111001100000 %
b10100101101100101101111001100000 ,
b11110011011111111000001111110100 $
b11110011011111111000001111110100 +
b1001101110011001010010110010100 /
b111 0
b11111 3
b10100101101100101101111001100000 2
b11110011011111111000001111110100 1
b1011110011 )
b1011110011 (
#766000
b1 !
b1 .
b1100 #
b1100 *
b10 &
b10 -
b1101111101001001010001110000001 %
b1101111101001001010001110000001 ,
b1110100011100000110101110111111 $
b1110100011100000110101110111111 +
b1 /
b1100 0
b10 3
b1101111101001001010001110000001 2
b1110100011100000110101110111111 1
b1011110100 )
b1011110100 (
#767000
b111010000101000100100100101100 !
b111010000101000100100100101100 .
b0 #
b0 *
b11011 &
b11011 -
b1011110010011101110100010101101 %
b1011110010011101110100010101101 ,
b11011011110001010110000001111111 $
b11011011110001010110000001111111 +
b111010000101000100100100101100 /
b0 0
b11011 3
b1011110010011101110100010101101 2
b11011011110001010110000001111111 1
b1011110101 )
b1011110101 (
#768000
b11110011111101001011011001001001 !
b11110011111101001011011001001001 .
b1 &
b1 -
b10001000111111011000110111000000 %
b10001000111111011000110111000000 ,
b1101010111101110010100010001001 $
b1101010111101110010100010001001 +
b11110011111101001011011001001001 /
b1 3
b10001000111111011000110111000000 2
b1101010111101110010100010001001 1
b1011110110 )
b1011110110 (
#769000
b1111110010011011100011111111010 !
b1111110010011011100011111111010 .
b1000 #
b1000 *
b100 &
b100 -
b11110101111110010110011101000000 %
b11110101111110010110011101000000 ,
b10001011101101001010000010111010 $
b10001011101101001010000010111010 +
b1111110010011011100011111111010 /
b1000 0
b100 3
b11110101111110010110011101000000 2
b10001011101101001010000010111010 1
b1011110111 )
b1011110111 (
#770000
b10011000001000100000000 !
b10011000001000100000000 .
b10 #
b10 *
b10001 &
b10001 -
b11101010001100111110110001111101 %
b11101010001100111110110001111101 ,
b11111101100111000011011011111 $
b11111101100111000011011011111 +
b10011000001000100000000 /
b10 0
b10001 3
b11101010001100111110110001111101 2
b11111101100111000011011011111 1
b1011111000 )
b1011111000 (
#771000
b11101100110010110000001011111001 !
b11101100110010110000001011111001 .
b0 #
b0 *
b10110 &
b10110 -
b110000010110101011111000110000 %
b110000010110101011111000110000 ,
b10111100011100000100010011001001 $
b10111100011100000100010011001001 +
b11101100110010110000001011111001 /
b0 0
b10110 3
b110000010110101011111000110000 2
b10111100011100000100010011001001 1
b1011111001 )
b1011111001 (
#772000
b10110001110100101111001110010000 !
b10110001110100101111001110010000 .
b100 #
b100 *
b100 &
b100 -
b11001011000111010010111100111001 %
b11001011000111010010111100111001 ,
b1110101000000011100110111111011 $
b1110101000000011100110111111011 +
b10110001110100101111001110010000 /
b100 0
b100 3
b11001011000111010010111100111001 2
b1110101000000011100110111111011 1
b1011111010 )
b1011111010 (
#773000
b11110010100010000000000000000000 !
b11110010100010000000000000000000 .
b1101 #
b1101 *
b10000 &
b10000 -
b1000001001111111001010001000 %
b1000001001111111001010001000 ,
b10111100011110000000000100010000 $
b10111100011110000000000100010000 +
b11110010100010000000000000000000 /
b1101 0
b10000 3
b1000001001111111001010001000 2
b10111100011110000000000100010000 1
b1011111011 )
b1011111011 (
#774000
b101011010100010000000000000000 !
b101011010100010000000000000000 .
b110 &
b110 -
b11111110011110100010101101010001 %
b11111110011110100010101101010001 ,
b11101110000000101011000001100011 $
b11101110000000101011000001100011 +
b101011010100010000000000000000 /
b110 3
b11111110011110100010101101010001 2
b11101110000000101011000001100011 1
b1011111100 )
b1011111100 (
#775000
b0 !
b0 .
b1011 #
b1011 *
b1111 &
b1111 -
b1101011101010101000001011111110 %
b1101011101010101000001011111110 ,
b11110100110010011001010001101110 $
b11110100110010011001010001101110 +
b0 /
b1011 0
b1111 3
b1101011101010101000001011111110 2
b11110100110010011001010001101110 1
b1011111101 )
b1011111101 (
#776000
b11111110010100100000011110001101 !
b11111110010100100000011110001101 .
b101 #
b101 *
b110 &
b110 -
b10010100100000011110001101111000 %
b10010100100000011110001101111000 ,
b10101100111101001110011110111110 $
b10101100111101001110011110111110 +
b11111110010100100000011110001101 /
b101 0
b110 3
b10010100100000011110001101111000 2
b10101100111101001110011110111110 1
b1011111110 )
b1011111110 (
#777000
b111110011101110001000010100000 !
b111110011101110001000010100000 .
b111 #
b111 *
b1100 &
b1100 -
b11001111101101101101011111001101 %
b11001111101101101101011111001101 ,
b1110001011011110100001101101 $
b1110001011011110100001101101 +
b111110011101110001000010100000 /
b111 0
b1100 3
b11001111101101101101011111001101 2
b1110001011011110100001101101 1
b1011111111 )
b1011111111 (
#778000
b1000010101100011110101010101100 !
b1000010101100011110101010101100 .
b100 #
b100 *
b1 &
b1 -
b100001010110001111010101010110 %
b100001010110001111010101010110 ,
b10000011000100011011011011111001 $
b10000011000100011011011011111001 +
b1000010101100011110101010101100 /
b100 0
b1 3
b100001010110001111010101010110 2
b10000011000100011011011011111001 1
b1100000000 )
b1100000000 (
#779000
b11110001100011000000000000000000 !
b11110001100011000000000000000000 .
b1101 #
b1101 *
b100 &
b100 -
b111010010010111111000110001100 %
b111010010010111111000110001100 ,
b11000000000010001101010001001111 $
b11000000000010001101010001001111 +
b11110001100011000000000000000000 /
b1101 0
b100 3
b111010010010111111000110001100 2
b11000000000010001101010001001111 1
b1100000001 )
b1100000001 (
#780000
b0 !
b0 .
b1011 #
b1011 *
b110 &
b110 -
b11100000111010010100010101001101 %
b11100000111010010100010101001101 ,
b111001110101011001010011001101 $
b111001110101011001010011001101 +
b0 /
b1011 0
b110 3
b11100000111010010100010101001101 2
b111001110101011001010011001101 1
b1100000010 )
b1100000010 (
#781000
b1101111011111110011111100111111 !
b1101111011111110011111100111111 .
b11 #
b11 *
b10011 &
b10011 -
b1101110011101110010111100111001 %
b1101110011101110010111100111001 ,
b101011010111100001010100100111 $
b101011010111100001010100100111 +
b1101111011111110011111100111111 /
b11 0
b10011 3
b1101110011101110010111100111001 2
b101011010111100001010100100111 1
b1100000011 )
b1100000011 (
#782000
b1 !
b1 .
b1100 #
b1100 *
b101101000001111110010000000 %
b101101000001111110010000000 ,
b11000100000110011010011000000110 $
b11000100000110011010011000000110 +
b1 /
b1100 0
b101101000001111110010000000 2
b11000100000110011010011000000110 1
b1100000100 )
b1100000100 (
#783000
b10101100000000000000000000000 !
b10101100000000000000000000000 .
b100 #
b100 *
b10111 &
b10111 -
b1110100111001100000011000101011 %
b1110100111001100000011000101011 ,
b10010110110111001101000000100001 $
b10010110110111001101000000100001 +
b10101100000000000000000000000 /
b100 0
b10111 3
b1110100111001100000011000101011 2
b10010110110111001101000000100001 1
b1100000101 )
b1100000101 (
#784000
b1100100010001010 !
b1100100010001010 .
b1 #
b1 *
b10010 &
b10010 -
b11001100100001101111011101010 %
b11001100100001101111011101010 ,
b11100000001011011110100010001110 $
b11100000001011011110100010001110 +
b1100100010001010 /
b1 0
b10010 3
b11001100100001101111011101010 2
b11100000001011011110100010001110 1
b1100000110 )
b1100000110 (
#785000
b1000000000000010001000000001 !
b1000000000000010001000000001 .
b11000 &
b11000 -
b11101001000000000010101111000101 %
b11101001000000000010101111000101 ,
b11000001110101011001000011001 $
b11000001110101011001000011001 +
b1000000000000010001000000001 /
b11000 3
b11101001000000000010101111000101 2
b11000001110101011001000011001 1
b1100000111 )
b1100000111 (
#786000
b0 !
b0 .
b1011 #
b1011 *
b100 &
b100 -
b10011000001010001111011010100101 %
b10011000001010001111011010100101 ,
b10000010100111000000111101000101 $
b10000010100111000000111101000101 +
b0 /
b1011 0
b100 3
b10011000001010001111011010100101 2
b10000010100111000000111101000101 1
b1100001000 )
b1100001000 (
#787000
b10110011100010101000111111001111 !
b10110011100010101000111111001111 .
b111 #
b111 *
b10100 &
b10100 -
b10111101000100111101110110001111 %
b10111101000100111101110110001111 ,
b1110000100111100110110101011110 $
b1110000100111100110110101011110 +
b10110011100010101000111111001111 /
b111 0
b10100 3
b10111101000100111101110110001111 2
b1110000100111100110110101011110 1
b1100001001 )
b1100001001 (
#788000
b1111011000110110111110111011101 !
b1111011000110110111110111011101 .
b0 #
b0 *
b11011 &
b11011 -
b10100101110101001001001100101111 %
b10100101110101001001001100101111 ,
b11010101010001101110101010101110 $
b11010101010001101110101010101110 +
b1111011000110110111110111011101 /
b0 0
b11011 3
b10100101110101001001001100101111 2
b11010101010001101110101010101110 1
b1100001010 )
b1100001010 (
#789000
b1000001000110000001100010000 !
b1000001000110000001100010000 .
b1 #
b1 *
b11100 &
b11100 -
b11101000001000110010011100011001 %
b11101000001000110010011100011001 ,
b11010011001110000101100110100 $
b11010011001110000101100110100 +
b1000001000110000001100010000 /
b1 0
b11100 3
b11101000001000110010011100011001 2
b11010011001110000101100110100 1
b1100001011 )
b1100001011 (
#790000
b0 !
b0 .
b1011 #
b1011 *
b10110 &
b10110 -
b10100001010101100010001101100000 %
b10100001010101100010001101100000 ,
b1111010110110111010010101000000 $
b1111010110110111010010101000000 +
b0 /
b1011 0
b10110 3
b10100001010101100010001101100000 2
b1111010110110111010010101000000 1
b1100001100 )
b1100001100 (
#791000
b11000111010010010001011101101001 !
b11000111010010010001011101101001 .
b1000 #
b1000 *
b0 &
b0 -
b10001010101111001111100100110101 %
b10001010101111001111100100110101 ,
b1001101111101011110111001011100 $
b1001101111101011110111001011100 +
b11000111010010010001011101101001 /
b1000 0
b0 3
b10001010101111001111100100110101 2
b1001101111101011110111001011100 1
b1100001101 )
b1100001101 (
#792000
b0 !
b0 .
b1010 #
b1010 *
b1010 &
b1010 -
b1100011010110110111101101111010 %
b1100011010110110111101101111010 ,
b10001001101001100101101011100101 $
b10001001101001100101101011100101 +
b0 /
b1010 0
b1010 3
b1100011010110110111101101111010 2
b10001001101001100101101011100101 1
b1100001110 )
b1100001110 (
#793000
b1101111100011110000000000000000 !
b1101111100011110000000000000000 .
b1101 #
b1101 *
b1100 &
b1100 -
b111110100100010110111110001111 %
b111110100100010110111110001111 ,
b1110110101001011001010101011010 $
b1110110101001011001010101011010 +
b1101111100011110000000000000000 /
b1101 0
b1100 3
b111110100100010110111110001111 2
b1110110101001011001010101011010 1
b1100001111 )
b1100001111 (
#794000
b11000100101011110100001011010010 !
b11000100101011110100001011010010 .
b0 #
b0 *
b11011 &
b11011 -
b10000001001111011010011101001010 %
b10000001001111011010011101001010 ,
b1000011011100011001101110001000 $
b1000011011100011001101110001000 +
b11000100101011110100001011010010 /
b0 0
b11011 3
b10000001001111011010011101001010 2
b1000011011100011001101110001000 1
b1100010000 )
b1100010000 (
#795000
b1100010110111100011000000000000 !
b1100010110111100011000000000000 .
b100 #
b100 *
b1100 &
b1100 -
b1110001010001100010110111100011 %
b1110001010001100010110111100011 ,
b10011011001101001110101111010 $
b10011011001101001110101111010 +
b1100010110111100011000000000000 /
b100 0
b1100 3
b1110001010001100010110111100011 2
b10011011001101001110101111010 1
b1100010001 )
b1100010001 (
#796000
b100100000001010100010010000000 !
b100100000001010100010010000000 .
b1 #
b1 *
b1010 &
b1010 -
b11101110011011010110010010101100 %
b11101110011011010110010010101100 ,
b110101000101110100010010010001 $
b110101000101110100010010010001 +
b100100000001010100010010000000 /
b1 0
b1010 3
b11101110011011010110010010101100 2
b110101000101110100010010010001 1
b1100010010 )
b1100010010 (
#797000
b101100000000000000000000000000 !
b101100000000000000000000000000 .
b100 #
b100 *
b11001 &
b11001 -
b11000000111101011001010100010110 %
b11000000111101011001010100010110 ,
b10010100110100111010010100011011 $
b10010100110100111010010100011011 +
b101100000000000000000000000000 /
b100 0
b11001 3
b11000000111101011001010100010110 2
b10010100110100111010010100011011 1
b1100010011 )
b1100010011 (
#798000
b110111110101010011110010111111 !
b110111110101010011110010111111 .
b111 #
b111 *
b1111 &
b1111 -
b1000101111000011111000101001011 %
b1000101111000011111000101001011 ,
b1111101101101110010111000001010 $
b1111101101101110010111000001010 +
b110111110101010011110010111111 /
b111 0
b1111 3
b1000101111000011111000101001011 2
b1111101101101110010111000001010 1
b1100010100 )
b1100010100 (
#799000
b1 !
b1 .
b1100 #
b1100 *
b11 &
b11 -
b1001110110101100010010100010110 %
b1001110110101100010010100010110 ,
b11101100000110010011010011000001 $
b11101100000110010011010011000001 +
b1 /
b1100 0
b11 3
b1001110110101100010010100010110 2
b11101100000110010011010011000001 1
b1100010101 )
b1100010101 (
#800000
b0 !
b0 .
b1001 #
b1001 *
b10101 &
b10101 -
b1010100111111001101110110010101 %
b1010100111111001101110110010101 ,
b1011010011110110110110110010110 $
b1011010011110110110110110010110 +
b0 /
b1001 0
b10101 3
b1010100111111001101110110010101 2
b1011010011110110110110110010110 1
b1100010110 )
b1100010110 (
#801000
b101010000011000100100100100000 !
b101010000011000100100100100000 .
b1 #
b1 *
b10000 &
b10000 -
b11101011101011001100101110111100 %
b11101011101011001100101110111100 ,
b111010010011010101110100100000 $
b111010010011010101110100100000 +
b101010000011000100100100100000 /
b1 0
b10000 3
b11101011101011001100101110111100 2
b111010010011010101110100100000 1
b1100010111 )
b1100010111 (
#802000
b1 !
b1 .
b1001 #
b1001 *
b10011 &
b10011 -
b100110001101101100110100101001 %
b100110001101101100110100101001 ,
b1000000111010000011111111111 $
b1000000111010000011111111111 +
b1 /
b1001 0
b10011 3
b100110001101101100110100101001 2
b1000000111010000011111111111 1
b1100011000 )
b1100011000 (
#803000
b1 !
b1 .
b110 &
b110 -
b1101110100000010010111111000101 %
b1101110100000010010111111000101 ,
b1100001110110101110101011110000 $
b1100001110110101110101011110000 +
b110 3
b1101110100000010010111111000101 2
b1100001110110101110101011110000 1
b1100011001 )
b1100011001 (
#804000
b101001110101110001010001011 !
b101001110101110001010001011 .
b101 #
b101 *
b11 &
b11 -
b101001110101110001010001011011 %
b101001110101110001010001011011 ,
b1100100111001010110000111010011 $
b1100100111001010110000111010011 +
b101001110101110001010001011 /
b101 0
b11 3
b101001110101110001010001011011 2
b1100100111001010110000111010011 1
b1100011010 )
b1100011010 (
#805000
b1 !
b1 .
b1010 #
b1010 *
b10011 &
b10011 -
b10010011001011101011011100111010 %
b10010011001011101011011100111010 ,
b1001000001101110011010110011110 $
b1001000001101110011010110011110 +
b1 /
b1010 0
b10011 3
b10010011001011101011011100111010 2
b1001000001101110011010110011110 1
b1100011011 )
b1100011011 (
#806000
b110000011011011000010001100 !
b110000011011011000010001100 .
b1 #
b1 *
b1 &
b1 -
b10101110011111011011110111011101 %
b10101110011111011011110111011101 ,
b10110100011011111000010101110 $
b10110100011011111000010101110 +
b110000011011011000010001100 /
b1 0
b1 3
b10101110011111011011110111011101 2
b10110100011011111000010101110 1
b1100011100 )
b1100011100 (
#807000
b10010000000000100100101010 !
b10010000000000100100101010 .
b0 &
b0 -
b10011011000000010100110111111 %
b10011011000000010100110111111 ,
b1000110010110010101101101101010 $
b1000110010110010101101101101010 +
b10010000000000100100101010 /
b0 3
b10011011000000010100110111111 2
b1000110010110010101101101101010 1
b1100011101 )
b1100011101 (
#808000
b10110110110001010000011001010010 !
b10110110110001010000011001010010 .
b0 #
b0 *
b11011 &
b11011 -
b11111011001010111010100111110010 %
b11111011001010111010100111110010 ,
b10111011100110010101110001100000 $
b10111011100110010101110001100000 +
b10110110110001010000011001010010 /
b0 0
b11011 3
b11111011001010111010100111110010 2
b10111011100110010101110001100000 1
b1100011110 )
b1100011110 (
#809000
b100010101011000 !
b100010101011000 .
b110 #
b110 *
b10000 &
b10000 -
b1000101010110001100100000100101 %
b1000101010110001100100000100101 ,
b1010100100011011110000001110011 $
b1010100100011011110000001110011 +
b100010101011000 /
b110 0
b10000 3
b1000101010110001100100000100101 2
b1010100100011011110000001110011 1
b1100011111 )
b1100011111 (
#810000
b1 !
b1 .
b1001 #
b1001 *
b0 &
b0 -
b110000110010000100000011000111 %
b110000110010000100000011000111 ,
b11010011001101001000101111011011 $
b11010011001101001000101111011011 +
b1 /
b1001 0
b0 3
b110000110010000100000011000111 2
b11010011001101001000101111011011 1
b1100100000 )
b1100100000 (
#811000
b0 !
b0 .
b1011 #
b1011 *
b10011 &
b10011 -
b11001000100000111011101100011010 %
b11001000100000111011101100011010 ,
b1101100101011011101101101011000 $
b1101100101011011101101101011000 +
b0 /
b1011 0
b10011 3
b11001000100000111011101100011010 2
b1101100101011011101101101011000 1
b1100100001 )
b1100100001 (
#812000
b11110001001110000000000000000 !
b11110001001110000000000000000 .
b1101 #
b1101 *
b10100 &
b10100 -
b11110100000111110001111000100111 %
b11110100000111110001111000100111 ,
b110001101100001011101001110111 $
b110001101100001011101001110111 +
b11110001001110000000000000000 /
b1101 0
b10100 3
b11110100000111110001111000100111 2
b110001101100001011101001110111 1
b1100100010 )
b1100100010 (
#813000
b11010110101011001001100101011011 !
b11010110101011001001100101011011 .
b1000 #
b1000 *
b11 &
b11 -
b11011110101111010111001010010 %
b11011110101111010111001010010 ,
b11001101011110110011011100001001 $
b11001101011110110011011100001001 +
b11010110101011001001100101011011 /
b1000 0
b11 3
b11011110101111010111001010010 2
b11001101011110110011011100001001 1
b1100100011 )
b1100100011 (
#814000
b1111011110111100111111110111111 !
b1111011110111100111111110111111 .
b11 #
b11 *
b101 &
b101 -
b1011001110010100100001110111001 %
b1011001110010100100001110111001 ,
b1110010110111000111111110100110 $
b1110010110111000111111110100110 +
b1111011110111100111111110111111 /
b11 0
b101 3
b1011001110010100100001110111001 2
b1110010110111000111111110100110 1
b1100100100 )
b1100100100 (
#815000
b100000000000001010001100110 !
b100000000000001010001100110 .
b1 #
b1 *
b11110 &
b11110 -
b101100010100000111111001100110 %
b101100010100000111111001100110 ,
b110000010000001010101110111 $
b110000010000001010101110111 +
b100000000000001010001100110 /
b1 0
b11110 3
b101100010100000111111001100110 2
b110000010000001010101110111 1
b1100100101 )
b1100100101 (
#816000
b1100001101100000101101000100000 !
b1100001101100000101101000100000 .
b10 #
b10 *
b1101 &
b1101 -
b10011000000001000000010111001000 %
b10011000000001000000010111001000 ,
b10110010011111010010110011111 $
b10110010011111010010110011111 +
b1100001101100000101101000100000 /
b10 0
b1101 3
b10011000000001000000010111001000 2
b10110010011111010010110011111 1
b1100100110 )
b1100100110 (
#817000
b111001010001010001010010000 !
b111001010001010001010010000 .
b110 #
b110 *
b101 &
b101 -
b11100101000101000101001000011000 %
b11100101000101000101001000011000 ,
b10111001000101100100100101011010 $
b10111001000101100100100101011010 +
b111001010001010001010010000 /
b110 0
b101 3
b11100101000101000101001000011000 2
b10111001000101100100100101011010 1
b1100100111 )
b1100100111 (
#818000
b1000110100110111 !
b1000110100110111 .
b10000 &
b10000 -
b10001101001101111010011101100011 %
b10001101001101111010011101100011 ,
b100010000110101100001001000 $
b100010000110101100001001000 +
b1000110100110111 /
b10000 3
b10001101001101111010011101100011 2
b100010000110101100001001000 1
b1100101000 )
b1100101000 (
#819000
b10001110110000011111110011101010 !
b10001110110000011111110011101010 .
b111 #
b111 *
b10100 &
b10100 -
b11001101101110101000111001111 %
b11001101101110101000111001111 ,
b10101000011110010100111010111001 $
b10101000011110010100111010111001 +
b10001110110000011111110011101010 /
b111 0
b10100 3
b11001101101110101000111001111 2
b10101000011110010100111010111001 1
b1100101001 )
b1100101001 (
#820000
b1 !
b1 .
b1010 #
b1010 *
b1111 &
b1111 -
b11001010110000110101001000100110 %
b11001010110000110101001000100110 ,
b1100001001101010101100010110100 $
b1100001001101010101100010110100 +
b1 /
b1010 0
b1111 3
b11001010110000110101001000100110 2
b1100001001101010101100010110100 1
b1100101010 )
b1100101010 (
#821000
b0 !
b0 .
b1011 #
b1011 *
b10001000011110000011111111011100 %
b10001000011110000011111111011100 ,
b10100100011010010010000011011011 $
b10100100011010010010000011011011 +
b0 /
b1011 0
b10001000011110000011111111011100 2
b10100100011010010010000011011011 1
b1100101011 )
b1100101011 (
#822000
b11110101110100010000000000000000 !
b11110101110100010000000000000000 .
b1101 #
b1101 *
b0 &
b0 -
b11010111000101111010111010001 %
b11010111000101111010111010001 ,
b1010111110011001010010011011110 $
b1010111110011001010010011011110 +
b11110101110100010000000000000000 /
b1101 0
b0 3
b11010111000101111010111010001 2
b1010111110011001010010011011110 1
b1100101100 )
b1100101100 (
#823000
b0 !
b0 .
b1001 #
b1001 *
b10000 &
b10000 -
b110110100110110110010110110110 %
b110110100110110110010110110110 ,
b1011000001110100100010110000100 $
b1011000001110100100010110000100 +
b0 /
b1001 0
b10000 3
b110110100110110110010110110110 2
b1011000001110100100010110000100 1
b1100101101 )
b1100101101 (
#824000
b11101010101010010010101100000110 !
b11101010101010010010101100000110 .
b111 #
b111 *
b1011 &
b1011 -
b10100011111110010100111001000010 %
b10100011111110010100111001000010 ,
b10001110101000100111100101001000 $
b10001110101000100111100101001000 +
b11101010101010010010101100000110 /
b111 0
b1011 3
b10100011111110010100111001000010 2
b10001110101000100111100101001000 1
b1100101110 )
b1100101110 (
#825000
b10101010011001011011100001010000 !
b10101010011001011011100001010000 .
b100 #
b100 *
b100 &
b100 -
b1111010101001100101101110000101 %
b1111010101001100101101110000101 ,
b110000111111001101011100100100 $
b110000111111001101011100100100 +
b10101010011001011011100001010000 /
b100 0
b100 3
b1111010101001100101101110000101 2
b110000111111001101011100100100 1
b1100101111 )
b1100101111 (
#826000
b101100000010101100100000 !
b101100000010101100100000 .
b10 #
b10 *
b111 &
b111 -
b11011011010010111101000001011101 %
b11011011010010111101000001011101 ,
b11101111000001110000010010011111 $
b11101111000001110000010010011111 +
b101100000010101100100000 /
b10 0
b111 3
b11011011010010111101000001011101 2
b11101111000001110000010010011111 1
b1100110000 )
b1100110000 (
#827000
b11111111111111111110010001111110 !
b11111111111111111110010001111110 .
b101 #
b101 *
b10001 &
b10001 -
b11001000111111011111010110100001 %
b11001000111111011111010110100001 ,
b110000010101001000001000011001 $
b110000010101001000001000011001 +
b11111111111111111110010001111110 /
b101 0
b10001 3
b11001000111111011111010110100001 2
b110000010101001000001000011001 1
b1100110001 )
b1100110001 (
#828000
b10001011100011010000000000000000 !
b10001011100011010000000000000000 .
b1101 #
b1101 *
b11011 &
b11011 -
b1001110011101001000101110001101 %
b1001110011101001000101110001101 ,
b10001101001110010000101000101010 $
b10001101001110010000101000101010 +
b10001011100011010000000000000000 /
b1101 0
b11011 3
b1001110011101001000101110001101 2
b10001101001110010000101000101010 1
b1100110010 )
b1100110010 (
#829000
b1 !
b1 .
b1001 #
b1001 *
b10000 &
b10000 -
b1000000110111011101010110110001 %
b1000000110111011101010110110001 ,
b110111101100001000101000001011 $
b110111101100001000101000001011 +
b1 /
b1001 0
b10000 3
b1000000110111011101010110110001 2
b110111101100001000101000001011 1
b1100110011 )
b1100110011 (
#830000
b10000010 !
b10000010 .
b110 #
b110 *
b10111 &
b10111 -
b1000001011111001110110000101010 %
b1000001011111001110110000101010 ,
b11100111111101011010001001110111 $
b11100111111101011010001001110111 +
b10000010 /
b110 0
b10111 3
b1000001011111001110110000101010 2
b11100111111101011010001001110111 1
b1100110100 )
b1100110100 (
#831000
b0 !
b0 .
b1001 #
b1001 *
b11 &
b11 -
b11100010110001100010101001101000 %
b11100010110001100010101001101000 ,
b10011011010100000100100000 $
b10011011010100000100100000 +
b0 /
b1001 0
b11 3
b11100010110001100010101001101000 2
b10011011010100000100100000 1
b1100110101 )
b1100110101 (
#832000
b1011 #
b1011 *
b10011 &
b10011 -
b11111001000111110111101110100101 %
b11111001000111110111101110100101 ,
b11010011010100101100111111010001 $
b11010011010100101100111111010001 +
b1011 0
b10011 3
b11111001000111110111101110100101 2
b11010011010100101100111111010001 1
b1100110110 )
b1100110110 (
#833000
b10100001010000000000000100100001 !
b10100001010000000000000100100001 .
b1 #
b1 *
b10101 &
b10101 -
b10111001010000011010010100110101 %
b10111001010000011010010100110101 ,
b11100101111010000101100111101001 $
b11100101111010000101100111101001 +
b10100001010000000000000100100001 /
b1 0
b10101 3
b10111001010000011010010100110101 2
b11100101111010000101100111101001 1
b1100110111 )
b1100110111 (
#834000
b10000000000000000000000000000000 !
b10000000000000000000000000000000 .
b100 #
b100 *
b11101 &
b11101 -
b101011001001000110011101100100 %
b101011001001000110011101100100 ,
b100111110010010110111010111100 $
b100111110010010110111010111100 +
b10000000000000000000000000000000 /
b100 0
b11101 3
b101011001001000110011101100100 2
b100111110010010110111010111100 1
b1100111000 )
b1100111000 (
#835000
b101001000110000001000000000000 !
b101001000110000001000000000000 .
b1 #
b1 *
b1100 &
b1100 -
b10101101010110100001000000110101 %
b10101101010110100001000000110101 ,
b1111001001110011111100100000010 $
b1111001001110011111100100000010 +
b101001000110000001000000000000 /
b1 0
b1100 3
b10101101010110100001000000110101 2
b1111001001110011111100100000010 1
b1100111001 )
b1100111001 (
#836000
b10000010000000111110000000000000 !
b10000010000000111110000000000000 .
b10110 &
b10110 -
b11000111000100111110011101100000 %
b11000111000100111110011101100000 ,
b10111010101000111110000000001010 $
b10111010101000111110000000001010 +
b10000010000000111110000000000000 /
b10110 3
b11000111000100111110011101100000 2
b10111010101000111110000000001010 1
b1100111010 )
b1100111010 (
#837000
b11111111111111111111111110111100 !
b11111111111111111111111110111100 .
b101 #
b101 *
b11101111001001111100111001000010 %
b11101111001001111100111001000010 ,
b10011111011101101000101100001011 $
b10011111011101101000101100001011 +
b11111111111111111111111110111100 /
b101 0
b11101111001001111100111001000010 2
b10011111011101101000101100001011 1
b1100111011 )
b1100111011 (
#838000
b110000111000011010010110011101 !
b110000111000011010010110011101 .
b0 #
b0 *
b1011 &
b1011 -
b1101011001110000011000101000001 %
b1101011001110000011000101000001 ,
b11000101101010010111010001011100 $
b11000101101010010111010001011100 +
b110000111000011010010110011101 /
b0 0
b1011 3
b1101011001110000011000101000001 2
b11000101101010010111010001011100 1
b1100111100 )
b1100111100 (
#839000
b1110101111100011101101011111111 !
b1110101111100011101101011111111 .
b111 #
b111 *
b10011 &
b10011 -
b10110011110110110000100000111011 %
b10110011110110110000100000111011 ,
b101001110011001110001100111010 $
b101001110011001110001100111010 +
b1110101111100011101101011111111 /
b111 0
b10011 3
b10110011110110110000100000111011 2
b101001110011001110001100111010 1
b1100111101 )
b1100111101 (
#840000
b1 !
b1 .
b1001 #
b1001 *
b1 &
b1 -
b1010011011101111011110001010101 %
b1010011011101111011110001010101 ,
b101000101100100001101011011010 $
b101000101100100001101011011010 +
b1 /
b1001 0
b1 3
b1010011011101111011110001010101 2
b101000101100100001101011011010 1
b1100111110 )
b1100111110 (
#841000
b1011110101000000001010000000000 !
b1011110101000000001010000000000 .
b100 #
b100 *
b1001 &
b1001 -
b100010101011110101000000001010 %
b100010101011110101000000001010 ,
b1011000101111111010010010001010 $
b1011000101111111010010010001010 +
b1011110101000000001010000000000 /
b100 0
b1001 3
b100010101011110101000000001010 2
b1011000101111111010010010001010 1
b1100111111 )
b1100111111 (
#842000
b10111101011110000000000000000 !
b10111101011110000000000000000 .
b1101 #
b1101 *
b10010 &
b10010 -
b11000110010001011110101111 %
b11000110010001011110101111 ,
b100010110001110010010110110010 $
b100010110001110010010110110010 +
b10111101011110000000000000000 /
b1101 0
b10010 3
b11000110010001011110101111 2
b100010110001110010010110110010 1
b1101000000 )
b1101000000 (
#843000
b0 !
b0 .
b1011 #
b1011 *
b111 &
b111 -
b1010101010111111001001111111100 %
b1010101010111111001001111111100 ,
b111000100000100110111010100010 $
b111000100000100110111010100010 +
b0 /
b1011 0
b111 3
b1010101010111111001001111111100 2
b111000100000100110111010100010 1
b1101000001 )
b1101000001 (
#844000
b110101011111011001101101111010 !
b110101011111011001101101111010 .
b0 #
b0 *
b1111 &
b1111 -
b10011110000100011010001111011110 %
b10011110000100011010001111011110 ,
b10010111011010111111011110011100 $
b10010111011010111111011110011100 +
b110101011111011001101101111010 /
b0 0
b1111 3
b10011110000100011010001111011110 2
b10010111011010111111011110011100 1
b1101000010 )
b1101000010 (
#845000
b1 !
b1 .
b1010 #
b1010 *
b100 &
b100 -
b1011001000101011010010001011101 %
b1011001000101011010010001011101 ,
b11010111101011001000011100010 $
b11010111101011001000011100010 +
b1 /
b1010 0
b100 3
b1011001000101011010010001011101 2
b11010111101011001000011100010 1
b1101000011 )
b1101000011 (
#846000
b10010101001011110111101010011100 !
b10010101001011110111101010011100 .
b1000 #
b1000 *
b1110 &
b1110 -
b111101011001010100100001000100 %
b111101011001010100100001000100 ,
b10101000010010100011001011011000 $
b10101000010010100011001011011000 +
b10010101001011110111101010011100 /
b1000 0
b1110 3
b111101011001010100100001000100 2
b10101000010010100011001011011000 1
b1101000100 )
b1101000100 (
#847000
b1101100001010000000000000000000 !
b1101100001010000000000000000000 .
b1101 #
b1101 *
b11111 &
b11111 -
b110110101000110110110000101000 %
b110110101000110110110000101000 ,
b10110100001101000100111011010111 $
b10110100001101000100111011010111 +
b1101100001010000000000000000000 /
b1101 0
b11111 3
b110110101000110110110000101000 2
b10110100001101000100111011010111 1
b1101000101 )
b1101000101 (
#848000
b1001010000100110000000000100 !
b1001010000100110000000000100 .
b10 #
b10 *
b10100 &
b10100 -
b11000110001011011001110011011011 %
b11000110001011011001110011011011 ,
b1110000100101011000111101101010 $
b1110000100101011000111101101010 +
b1001010000100110000000000100 /
b10 0
b10100 3
b11000110001011011001110011011011 2
b1110000100101011000111101101010 1
b1101000110 )
b1101000110 (
#849000
b1 !
b1 .
b1001 #
b1001 *
b10 &
b10 -
b1000011000001000101100001001010 %
b1000011000001000101100001001010 ,
b11101011110010010000011111110110 $
b11101011110010010000011111110110 +
b1 /
b1001 0
b10 3
b1000011000001000101100001001010 2
b11101011110010010000011111110110 1
b1101000111 )
b1101000111 (
#850000
b0 !
b0 .
b1010 #
b1010 *
b11000 &
b11000 -
b111100001111001010011100010011 %
b111100001111001010011100010011 ,
b10001000110100010101001101110001 $
b10001000110100010101001101110001 +
b0 /
b1010 0
b11000 3
b111100001111001010011100010011 2
b10001000110100010101001101110001 1
b1101001000 )
b1101001000 (
#851000
b1000010110100100000101000000011 !
b1000010110100100000101000000011 .
b1 #
b1 *
b1001 &
b1001 -
b11100010111111110000101101100011 %
b11100010111111110000101101100011 ,
b1001111110100100111111000011011 $
b1001111110100100111111000011011 +
b1000010110100100000101000000011 /
b1 0
b1001 3
b11100010111111110000101101100011 2
b1001111110100100111111000011011 1
b1101001001 )
b1101001001 (
#852000
b0 !
b0 .
b1011 #
b1011 *
b11 &
b11 -
b11000100111011110101000111001011 %
b11000100111011110101000111001011 ,
b10110111100000001101101100010000 $
b10110111100000001101101100010000 +
b0 /
b1011 0
b11 3
b11000100111011110101000111001011 2
b10110111100000001101101100010000 1
b1101001010 )
b1101001010 (
#853000
b10100011100110000000000000000 !
b10100011100110000000000000000 .
b1101 #
b1101 *
b10110 &
b10110 -
b100110000001110001010001110011 %
b100110000001110001010001110011 ,
b11001001101110000001000110001101 $
b11001001101110000001000110001101 +
b10100011100110000000000000000 /
b1101 0
b10110 3
b100110000001110001010001110011 2
b11001001101110000001000110001101 1
b1101001011 )
b1101001011 (
#854000
b11111100111101000001001111101001 !
b11111100111101000001001111101001 .
b101 #
b101 *
b101 &
b101 -
b10011110100000100111110100100000 %
b10011110100000100111110100100000 ,
b10111111100110000011011101011111 $
b10111111100110000011011101011111 +
b11111100111101000001001111101001 /
b101 0
b101 3
b10011110100000100111110100100000 2
b10111111100110000011011101011111 1
b1101001100 )
b1101001100 (
#855000
b0 !
b0 .
b1001 #
b1001 *
b11 &
b11 -
b11011111111011010110110111111100 %
b11011111111011010110110111111100 ,
b101101111001000000000111101011 $
b101101111001000000000111101011 +
b0 /
b1001 0
b11 3
b11011111111011010110110111111100 2
b101101111001000000000111101011 1
b1101001101 )
b1101001101 (
#856000
b1010 #
b1010 *
b100 &
b100 -
b1000001011100101011110100000110 %
b1000001011100101011110100000110 ,
b10001101010111101010111111110101 $
b10001101010111101010111111110101 +
b1010 0
b100 3
b1000001011100101011110100000110 2
b10001101010111101010111111110101 1
b1101001110 )
b1101001110 (
#857000
b1001 #
b1001 *
b1000 &
b1000 -
b10101011010011001001110001010 %
b10101011010011001001110001010 ,
b110010111100010101011100010111 $
b110010111100010101011100010111 +
b1001 0
b1000 3
b10101011010011001001110001010 2
b110010111100010101011100010111 1
b1101001111 )
b1101001111 (
#858000
b10101010111110000000000000000 !
b10101010111110000000000000000 .
b1101 #
b1101 *
b10 &
b10 -
b1111100110001010001010101011111 %
b1111100110001010001010101011111 ,
b11010001000110101010010010110011 $
b11010001000110101010010010110011 +
b10101010111110000000000000000 /
b1101 0
b10 3
b1111100110001010001010101011111 2
b11010001000110101010010010110011 1
b1101010000 )
b1101010000 (
#859000
b1 !
b1 .
b1001 #
b1001 *
b11111 &
b11111 -
b1001100011010010111010101100100 %
b1001100011010010111010101100100 ,
b10001101101100001000011000100100 $
b10001101101100001000011000100100 +
b1 /
b1001 0
b11111 3
b1001100011010010111010101100100 2
b10001101101100001000011000100100 1
b1101010001 )
b1101010001 (
#860000
b11111111111111111111111101001000 !
b11111111111111111111111101001000 .
b101 #
b101 *
b10111 &
b10111 -
b10100100010111011000100001111100 %
b10100100010111011000100001111100 ,
b10011101111100000011000001100011 $
b10011101111100000011000001100011 +
b11111111111111111111111101001000 /
b101 0
b10111 3
b10100100010111011000100001111100 2
b10011101111100000011000001100011 1
b1101010010 )
b1101010010 (
#861000
b11010011001010111111011100110111 !
b11010011001010111111011100110111 .
b0 #
b0 *
b11000110000110101110011000010 %
b11000110000110101110011000010 ,
b10111010011010001001101001110101 $
b10111010011010001001101001110101 +
b11010011001010111111011100110111 /
b0 0
b11000110000110101110011000010 2
b10111010011010001001101001110101 1
b1101010011 )
b1101010011 (
#862000
b10101110111011000001011011110 !
b10101110111011000001011011110 .
b110 #
b110 *
b11 &
b11 -
b10101110111011000001011011110011 %
b10101110111011000001011011110011 ,
b1101001011110101100001011001 $
b1101001011110101100001011001 +
b10101110111011000001011011110 /
b110 0
b11 3
b10101110111011000001011011110011 2
b1101001011110101100001011001 1
b1101010100 )
b1101010100 (
#863000
b0 !
b0 .
b1001 #
b1001 *
b100010100101100100110000110111 %
b100010100101100100110000110111 ,
b1110011011001010111100010100100 $
b1110011011001010111100010100100 +
b0 /
b1001 0
b100010100101100100110000110111 2
b1110011011001010111100010100100 1
b1101010101 )
b1101010101 (
#864000
b11110010111000000011100101000 !
b11110010111000000011100101000 .
b1 #
b1 *
b100 &
b100 -
b10111111010111000010011100111010 %
b10111111010111000010011100111010 ,
b1011110110111010100111101101100 $
b1011110110111010100111101101100 +
b11110010111000000011100101000 /
b1 0
b100 3
b10111111010111000010011100111010 2
b1011110110111010100111101101100 1
b1101010110 )
b1101010110 (
#865000
b0 !
b0 .
b1001 #
b1001 *
b10110 &
b10110 -
b1001110110101110101101011011011 %
b1001110110101110101101011011011 ,
b1011111010000011001101000000111 $
b1011111010000011001101000000111 +
b0 /
b1001 0
b10110 3
b1001110110101110101101011011011 2
b1011111010000011001101000000111 1
b1101010111 )
b1101010111 (
#866000
b110 !
b110 .
b101 #
b101 *
b11100 &
b11100 -
b1101101110101101001001001011011 %
b1101101110101101001001001011011 ,
b11111010010001100101011000011000 $
b11111010010001100101011000011000 +
b110 /
b101 0
b11100 3
b1101101110101101001001001011011 2
b11111010010001100101011000011000 1
b1101011000 )
b1101011000 (
#867000
b1000111100110010000000000000000 !
b1000111100110010000000000000000 .
b1101 #
b1101 *
b11000 &
b11000 -
b10101101111000010100011110011001 %
b10101101111000010100011110011001 ,
b1011011001000001111111100101111 $
b1011011001000001111111100101111 +
b1000111100110010000000000000000 /
b1101 0
b11000 3
b10101101111000010100011110011001 2
b1011011001000001111111100101111 1
b1101011001 )
b1101011001 (
#868000
b0 !
b0 .
b1011 #
b1011 *
b11 &
b11 -
b1100001101110010100101001101110 %
b1100001101110010100101001101110 ,
b1101111100100011111011110000 $
b1101111100100011111011110000 +
b0 /
b1011 0
b11 3
b1100001101110010100101001101110 2
b1101111100100011111011110000 1
b1101011010 )
b1101011010 (
#869000
b10111 &
b10111 -
b1100010100111111110101001101100 %
b1100010100111111110101001101100 ,
b1101101011010100100110001 $
b1101101011010100100110001 +
b10111 3
b1100010100111111110101001101100 2
b1101101011010100100110001 1
b1101011011 )
b1101011011 (
#870000
b11110111101111011101011110000011 !
b11110111101111011101011110000011 .
b11 #
b11 *
b10010 &
b10010 -
b11100111100011010100011110000011 %
b11100111100011010100011110000011 ,
b11110001001110011001000010000000 $
b11110001001110011001000010000000 +
b11110111101111011101011110000011 /
b11 0
b10010 3
b11100111100011010100011110000011 2
b11110001001110011001000010000000 1
b1101011100 )
b1101011100 (
#871000
b10101100001100100000000000000000 !
b10101100001100100000000000000000 .
b1101 #
b1101 *
b10000 &
b10000 -
b1000000100011101010110000110010 %
b1000000100011101010110000110010 ,
b10111101110001000100111111101 $
b10111101110001000100111111101 +
b10101100001100100000000000000000 /
b1101 0
b10000 3
b1000000100011101010110000110010 2
b10111101110001000100111111101 1
b1101011101 )
b1101011101 (
#872000
b10100000000000000000000000000000 !
b10100000000000000000000000000000 .
b100 #
b100 *
b11010 &
b11010 -
b11011000110111101011001010101000 %
b11011000110111101011001010101000 ,
b11111001111100100101110111000110 $
b11111001111100100101110111000110 +
b10100000000000000000000000000000 /
b100 0
b11010 3
b11011000110111101011001010101000 2
b11111001111100100101110111000110 1
b1101011110 )
b1101011110 (
#873000
b10110001111001101111110111100010 !
b10110001111001101111110111100010 .
b1000 #
b1000 *
b11100 &
b11100 -
b10110110111101010110000111101001 %
b10110110111101010110000111101001 ,
b111000100111001110000001011 $
b111000100111001110000001011 +
b10110001111001101111110111100010 /
b1000 0
b11100 3
b10110110111101010110000111101001 2
b111000100111001110000001011 1
b1101011111 )
b1101011111 (
#874000
b1 !
b1 .
b101 #
b101 *
b11110 &
b11110 -
b1000111101000111111010101000110 %
b1000111101000111111010101000110 ,
b1000100001000010011110111010110 $
b1000100001000010011110111010110 +
b1 /
b101 0
b11110 3
b1000111101000111111010101000110 2
b1000100001000010011110111010110 1
b1101100000 )
b1101100000 (
#875000
b11010000001000010101001010111110 !
b11010000001000010101001010111110 .
b1000 #
b1000 *
b1110 &
b1110 -
b11101100111111101111101110110111 %
b11101100111111101111101110110111 ,
b111100110111111010100100001001 $
b111100110111111010100100001001 +
b11010000001000010101001010111110 /
b1000 0
b1110 3
b11101100111111101111101110110111 2
b111100110111111010100100001001 1
b1101100001 )
b1101100001 (
#876000
b110111010100010000000000000000 !
b110111010100010000000000000000 .
b1101 #
b1101 *
b11000 &
b11000 -
b1110011001000000011011101010001 %
b1110011001000000011011101010001 ,
b11011011010001101001110100101100 $
b11011011010001101001110100101100 +
b110111010100010000000000000000 /
b1101 0
b11000 3
b1110011001000000011011101010001 2
b11011011010001101001110100101100 1
b1101100010 )
b1101100010 (
#877000
b1 !
b1 .
b1100 #
b1100 *
b101 &
b101 -
b11110100101111000010110111101001 %
b11110100101111000010110111101001 ,
b1100001111101000100110010011101 $
b1100001111101000100110010011101 +
b1 /
b1100 0
b101 3
b11110100101111000010110111101001 2
b1100001111101000100110010011101 1
b1101100011 )
b1101100011 (
#878000
b1000001000000000000110000100100 !
b1000001000000000000110000100100 .
b1 #
b1 *
b10110 &
b10110 -
b1110011100001011000111011100110 %
b1110011100001011000111011100110 ,
b1001001000010100100110100111101 $
b1001001000010100100110100111101 +
b1000001000000000000110000100100 /
b1 0
b10110 3
b1110011100001011000111011100110 2
b1001001000010100100110100111101 1
b1101100100 )
b1101100100 (
#879000
b11111111111111111111111111111000 !
b11111111111111111111111111111000 .
b101 #
b101 *
b11010 &
b11010 -
b11100011000001111110111001011001 %
b11100011000001111110111001011001 ,
b11001111110111011011001100001001 $
b11001111110111011011001100001001 +
b11111111111111111111111111111000 /
b101 0
b11010 3
b11100011000001111110111001011001 2
b11001111110111011011001100001001 1
b1101100101 )
b1101100101 (
#880000
b11000101101011110111101110011110 !
b11000101101011110111101110011110 .
b1000 #
b1000 *
b10001 &
b10001 -
b1000111100111010010100001010100 %
b1000111100111010010100001010100 ,
b10000010001100100101001111001010 $
b10000010001100100101001111001010 +
b11000101101011110111101110011110 /
b1000 0
b10001 3
b1000111100111010010100001010100 2
b10000010001100100101001111001010 1
b1101100110 )
b1101100110 (
#881000
b10110101010001100101001110000101 !
b10110101010001100101001110000101 .
b100 #
b100 *
b0 &
b0 -
b10110101010001100101001110000101 %
b10110101010001100101001110000101 ,
b11100010000111011011110111111001 $
b11100010000111011011110111111001 +
b10110101010001100101001110000101 /
b100 0
b0 3
b10110101010001100101001110000101 2
b11100010000111011011110111111001 1
b1101100111 )
b1101100111 (
#882000
b11011100110001000100000000000 !
b11011100110001000100000000000 .
b1 #
b1 *
b111 &
b111 -
b10111111101110001001111100101101 %
b10111111101110001001111100101101 ,
b1011011100110111010100001010000 $
b1011011100110111010100001010000 +
b11011100110001000100000000000 /
b1 0
b111 3
b10111111101110001001111100101101 2
b1011011100110111010100001010000 1
b1101101000 )
b1101101000 (
#883000
b100010101001110110010110111111 !
b100010101001110110010110111111 .
b111 #
b111 *
b10011 &
b10011 -
b10011010110110000010111101101010 %
b10011010110110000010111101101010 ,
b10111101011111111001010100101001 $
b10111101011111111001010100101001 +
b100010101001110110010110111111 /
b111 0
b10011 3
b10011010110110000010111101101010 2
b10111101011111111001010100101001 1
b1101101001 )
b1101101001 (
#884000
b1 !
b1 .
b110 #
b110 *
b11111 &
b11111 -
b10010010110001100110011010000001 %
b10010010110001100110011010000001 ,
b1011011011100010000111000011000 $
b1011011011100010000111000011000 +
b1 /
b110 0
b11111 3
b10010010110001100110011010000001 2
b1011011011100010000111000011000 1
b1101101010 )
b1101101010 (
#885000
b11010100111111010000000000000000 !
b11010100111111010000000000000000 .
b1101 #
b1101 *
b100 &
b100 -
b11011001001101111101010011111101 %
b11011001001101111101010011111101 ,
b11011001011101011111110001010 $
b11011001011101011111110001010 +
b11010100111111010000000000000000 /
b1101 0
b100 3
b11011001001101111101010011111101 2
b11011001011101011111110001010 1
b1101101011 )
b1101101011 (
#886000
b101010000101101001010100110000 !
b101010000101101001010100110000 .
b10 #
b10 *
b0 &
b0 -
b10000000101010010110101011000110 %
b10000000101010010110101011000110 ,
b1010101011000010110000011001111 $
b1010101011000010110000011001111 +
b101010000101101001010100110000 /
b10 0
b0 3
b10000000101010010110101011000110 2
b1010101011000010110000011001111 1
b1101101100 )
b1101101100 (
#887000
b10100101001011100111101111100010 !
b10100101001011100111101111100010 .
b0 #
b0 *
b11110 &
b11110 -
b10011101000000000111110100010111 %
b10011101000000000111110100010111 ,
b1000001011011111111011001011 $
b1000001011011111111011001011 +
b10100101001011100111101111100010 /
b0 0
b11110 3
b10011101000000000111110100010111 2
b1000001011011111111011001011 1
b1101101101 )
b1101101101 (
#888000
b100111110100010000000000000000 !
b100111110100010000000000000000 .
b1101 #
b1101 *
b100 &
b100 -
b1011001111111000010011111010001 %
b1011001111111000010011111010001 ,
b1110001101001010011011100111101 $
b1110001101001010011011100111101 +
b100111110100010000000000000000 /
b1101 0
b100 3
b1011001111111000010011111010001 2
b1110001101001010011011100111101 1
b1101101110 )
b1101101110 (
#889000
b1000111000001000000100010 !
b1000111000001000000100010 .
b1 #
b1 *
b1111 &
b1111 -
b101111110111110011000100100010 %
b101111110111110011000100100010 ,
b1001111000001001010110110 $
b1001111000001001010110110 +
b1000111000001000000100010 /
b1 0
b1111 3
b101111110111110011000100100010 2
b1001111000001001010110110 1
b1101101111 )
b1101101111 (
#890000
b0 !
b0 .
b1011 #
b1011 *
b1100 &
b1100 -
b110110101011001000111101001 %
b110110101011001000111101001 ,
b11101011100100011100001001110100 $
b11101011100100011100001001110100 +
b0 /
b1011 0
b1100 3
b110110101011001000111101001 2
b11101011100100011100001001110100 1
b1101110000 )
b1101110000 (
#891000
b10100011100110000100010101001001 !
b10100011100110000100010101001001 .
b111 #
b111 *
b0 &
b0 -
b100000011111101010001101110111 %
b100000011111101010001101110111 ,
b11000100000101101110100011000000 $
b11000100000101101110100011000000 +
b10100011100110000100010101001001 /
b111 0
b0 3
b100000011111101010001101110111 2
b11000100000101101110100011000000 1
b1101110001 )
b1101110001 (
#892000
b11100010110111110010010111100111 !
b11100010110111110010010111100111 .
b11 #
b11 *
b10000 &
b10000 -
b10100010010111010000010111100111 %
b10100010010111010000010111100111 ,
b11100010100110110010000100100111 $
b11100010100110110010000100100111 +
b11100010110111110010010111100111 /
b11 0
b10000 3
b10100010010111010000010111100111 2
b11100010100110110010000100100111 1
b1101110010 )
b1101110010 (
#893000
b10001000100100101001100001010000 !
b10001000100100101001100001010000 .
b1000 #
b1000 *
b11011110000001100101001001000011 %
b11011110000001100101001001000011 ,
b1010110100101001100101000010011 $
b1010110100101001100101000010011 +
b10001000100100101001100001010000 /
b1000 0
b11011110000001100101001001000011 2
b1010110100101001100101000010011 1
b1101110011 )
b1101110011 (
#894000
b1 !
b1 .
b1100 #
b1100 *
b10100 &
b10100 -
b10100101010101000101000000001 %
b10100101010101000101000000001 ,
b1101100011111100010011011100 $
b1101100011111100010011011100 +
b1 /
b1100 0
b10100 3
b10100101010101000101000000001 2
b1101100011111100010011011100 1
b1101110100 )
b1101110100 (
#895000
b10110100100001011010111100110 !
b10110100100001011010111100110 .
b0 #
b0 *
b1011 &
b1011 -
b10111110111000001000100001000111 %
b10111110111000001000100001000111 ,
b1010111101100000010110110011111 $
b1010111101100000010110110011111 +
b10110100100001011010111100110 /
b0 0
b1011 3
b10111110111000001000100001000111 2
b1010111101100000010110110011111 1
b1101110101 )
b1101110101 (
#896000
b0 !
b0 .
b1001 #
b1001 *
b11 &
b11 -
b10011111001111100111011010100101 %
b10011111001111100111011010100101 ,
b1000001001000001111101100111110 $
b1000001001000001111101100111110 +
b0 /
b1001 0
b11 3
b10011111001111100111011010100101 2
b1000001001000001111101100111110 1
b1101110110 )
b1101110110 (
#897000
b11100 &
b11100 -
b11110010011110110010110101001001 %
b11110010011110110010110101001001 ,
b10101001111111001111100111101 $
b10101001111111001111100111101 +
b11100 3
b11110010011110110010110101001001 2
b10101001111111001111100111101 1
b1101110111 )
b1101110111 (
#898000
b1000000000000000000000000000000 !
b1000000000000000000000000000000 .
b100 #
b100 *
b11011 &
b11011 -
b1001111010110000101010111101000 %
b1001111010110000101010111101000 ,
b11001000011101000011010101000 $
b11001000011101000011010101000 +
b1000000000000000000000000000000 /
b100 0
b11011 3
b1001111010110000101010111101000 2
b11001000011101000011010101000 1
b1101111000 )
b1101111000 (
#899000
b10111000000100011001010111 !
b10111000000100011001010111 .
b110 #
b110 *
b110 &
b110 -
b10111000000100011001010111001111 %
b10111000000100011001010111001111 ,
b10101101001100000000000011 $
b10101101001100000000000011 +
b10111000000100011001010111 /
b110 0
b110 3
b10111000000100011001010111001111 2
b10101101001100000000000011 1
b1101111001 )
b1101111001 (
#900000
b0 !
b0 .
b1011 #
b1011 *
b11010 &
b11010 -
b110101100111011001110101010010 %
b110101100111011001110101010010 ,
b1110011100011010111001101100101 $
b1110011100011010111001101100101 +
b0 /
b1011 0
b11010 3
b110101100111011001110101010010 2
b1110011100011010111001101100101 1
b1101111010 )
b1101111010 (
#901000
b1100011001010111111011101111000 !
b1100011001010111111011101111000 .
b100 #
b100 *
b11 &
b11 -
b1101100011001010111111011101111 %
b1101100011001010111111011101111 ,
b110110110011001100101010111101 $
b110110110011001100101010111101 +
b1100011001010111111011101111000 /
b100 0
b11 3
b1101100011001010111111011101111 2
b110110110011001100101010111101 1
b1101111011 )
b1101111011 (
#902000
b101 !
b101 .
b110 #
b110 *
b11100 &
b11100 -
b1010011011000000001000110000010 %
b1010011011000000001000110000010 ,
b11010110100010001001111110111 $
b11010110100010001001111110111 +
b101 /
b110 0
b11100 3
b1010011011000000001000110000010 2
b11010110100010001001111110111 1
b1101111100 )
b1101111100 (
#903000
b10000010101000011001101101101101 !
b10000010101000011001101101101101 .
b111 #
b111 *
b11001 &
b11001 -
b11110010110000011100101111001101 %
b11110010110000011100101111001101 ,
b1110101011000110110011100111010 $
b1110101011000110110011100111010 +
b10000010101000011001101101101101 /
b111 0
b11001 3
b11110010110000011100101111001101 2
b1110101011000110110011100111010 1
b1101111101 )
b1101111101 (
#904000
b11010111111110111111100111110101 !
b11010111111110111111100111110101 .
b11 #
b11 *
b1001 &
b1001 -
b11010111011010011111100011010101 %
b11010111011010011111100011010101 ,
b111110100101010100110100100 $
b111110100101010100110100100 +
b11010111111110111111100111110101 /
b11 0
b1001 3
b11010111011010011111100011010101 2
b111110100101010100110100100 1
b1101111110 )
b1101111110 (
#905000
b111000011000 !
b111000011000 .
b110 #
b110 *
b10001 &
b10001 -
b11100001100000000010001011010 %
b11100001100000000010001011010 ,
b10000000111100101111011111001011 $
b10000000111100101111011111001011 +
b111000011000 /
b110 0
b10001 3
b11100001100000000010001011010 2
b10000000111100101111011111001011 1
b1101111111 )
b1101111111 (
#906000
b1 !
b1 .
b1001 #
b1001 *
b100 &
b100 -
b110110110100101011011111010000 %
b110110110100101011011111010000 ,
b10100101100001101010111011011101 $
b10100101100001101010111011011101 +
b1 /
b1001 0
b100 3
b110110110100101011011111010000 2
b10100101100001101010111011011101 1
b1110000000 )
b1110000000 (
#907000
b11101011100101010110011101111110 !
b11101011100101010110011101111110 .
b11 #
b11 *
b10111 &
b10111 -
b1101011000101010100001100101110 %
b1101011000101010100001100101110 ,
b11000000100000010110010101110000 $
b11000000100000010110010101110000 +
b11101011100101010110011101111110 /
b11 0
b10111 3
b1101011000101010100001100101110 2
b11000000100000010110010101110000 1
b1110000001 )
b1110000001 (
#908000
b111100110111 !
b111100110111 .
b110 #
b110 *
b10010 &
b10010 -
b111100110111110011111011000001 %
b111100110111110011111011000001 ,
b1011101010000000000010010010 $
b1011101010000000000010010010 +
b111100110111 /
b110 0
b10010 3
b111100110111110011111011000001 2
b1011101010000000000010010010 1
b1110000010 )
b1110000010 (
#909000
b110101010011011111111100011100 !
b110101010011011111111100011100 .
b0 #
b0 *
b1101 &
b1101 -
b10011000100101100011001011010111 %
b10011000100101100011001011010111 ,
b10011100101101111100110001000101 $
b10011100101101111100110001000101 +
b110101010011011111111100011100 /
b0 0
b1101 3
b10011000100101100011001011010111 2
b10011100101101111100110001000101 1
b1110000011 )
b1110000011 (
#910000
b11011011011001001001101101000101 !
b11011011011001001001101101000101 .
b11101 &
b11101 -
b10011001010011011110111001100010 %
b10011001010011011110111001100010 ,
b1000010000101101010110011100011 $
b1000010000101101010110011100011 +
b11011011011001001001101101000101 /
b11101 3
b10011001010011011110111001100010 2
b1000010000101101010110011100011 1
b1110000100 )
b1110000100 (
#911000
b11010000011100110111000100100001 !
b11010000011100110111000100100001 .
b11110 &
b11110 -
b101001001110111101111101101101 %
b101001001110111101111101101101 ,
b10100111001101111001000110110100 $
b10100111001101111001000110110100 +
b11010000011100110111000100100001 /
b11110 3
b101001001110111101111101101101 2
b10100111001101111001000110110100 1
b1110000101 )
b1110000101 (
#912000
b11111111111111111111111111110110 !
b11111111111111111111111111110110 .
b101 #
b101 *
b11011 &
b11011 -
b10110110110111100011000111111000 %
b10110110110111100011000111111000 ,
b11100100010111100111011101100100 $
b11100100010111100111011101100100 +
b11111111111111111111111111110110 /
b101 0
b11011 3
b10110110110111100011000111111000 2
b11100100010111100111011101100100 1
b1110000110 )
b1110000110 (
#913000
b100000100010111000100 !
b100000100010111000100 .
b10 #
b10 *
b1101 &
b1101 -
b11101111010011011000001000111011 %
b11101111010011011000001000111011 ,
b1010110111001101011100000111000 $
b1010110111001101011100000111000 +
b100000100010111000100 /
b10 0
b1101 3
b11101111010011011000001000111011 2
b1010110111001101011100000111000 1
b1110000111 )
b1110000111 (
#914000
b1010111001101010010111011010 !
b1010111001101010010111011010 .
b110 #
b110 *
b100 &
b100 -
b10101110011010100101110110100100 %
b10101110011010100101110110100100 ,
b1111101001001100100111111000110 $
b1111101001001100100111111000110 +
b1010111001101010010111011010 /
b110 0
b100 3
b10101110011010100101110110100100 2
b1111101001001100100111111000110 1
b1110001000 )
b1110001000 (
#915000
b1110 !
b1110 .
b11011 &
b11011 -
b1110110000101010101100101100111 %
b1110110000101010101100101100111 ,
b1110100111001111101100110001010 $
b1110100111001111101100110001010 +
b1110 /
b11011 3
b1110110000101010101100101100111 2
b1110100111001111101100110001010 1
b1110001001 )
b1110001001 (
#916000
b10001010110110010011000001100000 !
b10001010110110010011000001100000 .
b100 #
b100 *
b11 &
b11 -
b11010001010110110010011000001100 %
b11010001010110110010011000001100 ,
b10010100000101000100100101110110 $
b10010100000101000100100101110110 +
b10001010110110010011000001100000 /
b100 0
b11 3
b11010001010110110010011000001100 2
b10010100000101000100100101110110 1
b1110001010 )
b1110001010 (
#917000
b10010110011101100000101000110110 !
b10010110011101100000101000110110 .
b0 #
b0 *
b110110100000010110001010011011 %
b110110100000010110001010011011 ,
b1011111111101001010011110011011 $
b1011111111101001010011110011011 +
b10010110011101100000101000110110 /
b0 0
b110110100000010110001010011011 2
b1011111111101001010011110011011 1
b1110001011 )
b1110001011 (
#918000
b1111100100111111 !
b1111100100111111 .
b101 #
b101 *
b1100 &
b1100 -
b1111100100111111001100010100 %
b1111100100111111001100010100 ,
b1101111001101110000000000010001 $
b1101111001101110000000000010001 +
b1111100100111111 /
b101 0
b1100 3
b1111100100111111001100010100 2
b1101111001101110000000000010001 1
b1110001100 )
b1110001100 (
#919000
b1101110110011 !
b1101110110011 .
b110 #
b110 *
b1111 &
b1111 -
b1101110110011110100100101000 %
b1101110110011110100100101000 ,
b101001011101110001110101101001 $
b101001011101110001110101101001 +
b1101110110011 /
b110 0
b1111 3
b1101110110011110100100101000 2
b101001011101110001110101101001 1
b1110001101 )
b1110001101 (
#920000
b0 !
b0 .
b1011 #
b1011 *
b1000 &
b1000 -
b1010011001100011110001010011100 %
b1010011001100011110001010011100 ,
b101001101001111101101010101111 $
b101001101001111101101010101111 +
b0 /
b1011 0
b1000 3
b1010011001100011110001010011100 2
b101001101001111101101010101111 1
b1110001110 )
b1110001110 (
#921000
b1010 #
b1010 *
b11100 &
b11100 -
b111110011001010111110100100101 %
b111110011001010111110100100101 ,
b11110000101100100001110001100011 $
b11110000101100100001110001100011 +
b1010 0
b11100 3
b111110011001010111110100100101 2
b11110000101100100001110001100011 1
b1110001111 )
b1110001111 (
#922000
b1 !
b1 .
b1001 #
b1001 *
b111 &
b111 -
b1110001010000111011001111001110 %
b1110001010000111011001111001110 ,
b10100101101110101101010000001100 $
b10100101101110101101010000001100 +
b1 /
b1001 0
b111 3
b1110001010000111011001111001110 2
b10100101101110101101010000001100 1
b1110010000 )
b1110010000 (
#923000
b1110111110000010111000001110100 !
b1110111110000010111000001110100 .
b0 #
b0 *
b1110 &
b1110 -
b11111110010011101000111100111110 %
b11111110010011101000111100111110 ,
b1111001011100101110000100110110 $
b1111001011100101110000100110110 +
b1110111110000010111000001110100 /
b0 0
b1110 3
b11111110010011101000111100111110 2
b1111001011100101110000100110110 1
b1110010001 )
b1110010001 (
#924000
b10001111111100111111110011100111 !
b10001111111100111111110011100111 .
b11 #
b11 *
b11011 &
b11011 -
b10000110111100100110000010100100 %
b10000110111100100110000010100100 ,
b10001001011000011101110001000111 $
b10001001011000011101110001000111 +
b10001111111100111111110011100111 /
b11 0
b11011 3
b10000110111100100110000010100100 2
b10001001011000011101110001000111 1
b1110010010 )
b1110010010 (
#925000
b10110100011 !
b10110100011 .
b101 #
b101 *
b10011 &
b10011 -
b101101000111010110000010011100 %
b101101000111010110000010011100 ,
b100110101101100101010011011111 $
b100110101101100101010011011111 +
b10110100011 /
b101 0
b10011 3
b101101000111010110000010011100 2
b100110101101100101010011011111 1
b1110010011 )
b1110010011 (
#926000
b10000000100110110111100000000000 !
b10000000100110110111100000000000 .
b100 #
b100 *
b1011 &
b1011 -
b11111000101100000001001101101111 %
b11111000101100000001001101101111 ,
b1101111000110000001111010000100 $
b1101111000110000001111010000100 +
b10000000100110110111100000000000 /
b100 0
b1011 3
b11111000101100000001001101101111 2
b1101111000110000001111010000100 1
b1110010100 )
b1110010100 (
#927000
b11000110000011110000000110001111 !
b11000110000011110000000110001111 .
b0 #
b0 *
b10011 &
b10011 -
b110010111011000000100100011101 %
b110010111011000000100100011101 ,
b10010011001000101111100001110010 $
b10010011001000101111100001110010 +
b11000110000011110000000110001111 /
b0 0
b10011 3
b110010111011000000100100011101 2
b10010011001000101111100001110010 1
b1110010101 )
b1110010101 (
#928000
b1 !
b1 .
b1001 #
b1001 *
b110 &
b110 -
b1101001111110010101100110100010 %
b1101001111110010101100110100010 ,
b1010000101111000111000110101011 $
b1010000101111000111000110101011 +
b1 /
b1001 0
b110 3
b1101001111110010101100110100010 2
b1010000101111000111000110101011 1
b1110010110 )
b1110010110 (
#929000
b1 !
b1 .
b1110110101111011100110001000000 %
b1110110101111011100110001000000 ,
b10010011000110000101000011111000 $
b10010011000110000101000011111000 +
b1110110101111011100110001000000 2
b10010011000110000101000011111000 1
b1110010111 )
b1110010111 (
#930000
b0 !
b0 .
b1010 #
b1010 *
b1100 &
b1100 -
b110011001000010110100010101 %
b110011001000010110100010101 ,
b1111001100111101010010101111010 $
b1111001100111101010010101111010 +
b0 /
b1010 0
b1100 3
b110011001000010110100010101 2
b1111001100111101010010101111010 1
b1110011000 )
b1110011000 (
#931000
b1 !
b1 .
b1001 #
b1001 *
b11110 &
b11110 -
b1101111110111101110110100110011 %
b1101111110111101110110100110011 ,
b10101111100110001001101101100010 $
b10101111100110001001101101100010 +
b1 /
b1001 0
b11110 3
b1101111110111101110110100110011 2
b10101111100110001001101101100010 1
b1110011001 )
b1110011001 (
#932000
b1 !
b1 .
b1010 #
b1010 *
b101 &
b101 -
b1110011111000010010001010100100 %
b1110011111000010010001010100100 ,
b1001110000111000110100101001100 $
b1001110000111000110100101001100 +
b1010 0
b101 3
b1110011111000010010001010100100 2
b1001110000111000110100101001100 1
b1110011010 )
b1110011010 (
#933000
b10011 !
b10011 .
b110 #
b110 *
b11010 &
b11010 -
b1001111100010010111101010101101 %
b1001111100010010111101010101101 ,
b1010111110111111010001111000010 $
b1010111110111111010001111000010 +
b10011 /
b110 0
b11010 3
b1001111100010010111101010101101 2
b1010111110111111010001111000010 1
b1110011011 )
b1110011011 (
#934000
b10100001110001100101000000 !
b10100001110001100101000000 .
b100 #
b100 *
b101 &
b101 -
b11000000000101000011100011001010 %
b11000000000101000011100011001010 ,
b11101011110010000000110100001 $
b11101011110010000000110100001 +
b10100001110001100101000000 /
b100 0
b101 3
b11000000000101000011100011001010 2
b11101011110010000000110100001 1
b1110011100 )
b1110011100 (
#935000
b0 !
b0 .
b1010 #
b1010 *
b11 &
b11 -
b10001111001011101011001011101100 %
b10001111001011101011001011101100 ,
b11111101111100111101110100110100 $
b11111101111100111101110100110100 +
b0 /
b1010 0
b11 3
b10001111001011101011001011101100 2
b11111101111100111101110100110100 1
b1110011101 )
b1110011101 (
#936000
b11111111111111111111111111110011 !
b11111111111111111111111111110011 .
b101 #
b101 *
b11001 &
b11001 -
b11100111111010000000111101101010 %
b11100111111010000000111101101010 ,
b11000111001000001000100100111110 $
b11000111001000001000100100111110 +
b11111111111111111111111111110011 /
b101 0
b11001 3
b11100111111010000000111101101010 2
b11000111001000001000100100111110 1
b1110011110 )
b1110011110 (
#937000
b1 !
b1 .
b1100 #
b1100 *
b11 &
b11 -
b10011101110101111011101000110010 %
b10011101110101111011101000110010 ,
b10010110000000100001010001010110 $
b10010110000000100001010001010110 +
b1 /
b1100 0
b11 3
b10011101110101111011101000110010 2
b10010110000000100001010001010110 1
b1110011111 )
b1110011111 (
#938000
b1 !
b1 .
b1001 #
b1001 *
b11101 &
b11101 -
b1000000011101000010011110011101 %
b1000000011101000010011110011101 ,
b11101110110111110001010100001010 $
b11101110110111110001010100001010 +
b1001 0
b11101 3
b1000000011101000010011110011101 2
b11101110110111110001010100001010 1
b1110100000 )
b1110100000 (
#939000
b1 !
b1 .
b0 &
b0 -
b11100100111110110101100110000101 %
b11100100111110110101100110000101 ,
b10000001100001100111101101010000 $
b10000001100001100111101101010000 +
b0 3
b11100100111110110101100110000101 2
b10000001100001100111101101010000 1
b1110100001 )
b1110100001 (
#940000
b1011111101011100001101010011101 !
b1011111101011100001101010011101 .
b1000 #
b1000 *
b11000 &
b11000 -
b1001010010011101110010100011011 %
b1001010010011101110010100011011 ,
b10101111000001111111110000110 $
b10101111000001111111110000110 +
b1011111101011100001101010011101 /
b1000 0
b11000 3
b1001010010011101110010100011011 2
b10101111000001111111110000110 1
b1110100010 )
b1110100010 (
#941000
b11000010101111010100011010011110 !
b11000010101111010100011010011110 .
b111 #
b111 *
b1100 &
b1100 -
b10100110010100011011110110111100 %
b10100110010100011011110110111100 ,
b1101001000011110000010001011010 $
b1101001000011110000010001011010 +
b11000010101111010100011010011110 /
b111 0
b1100 3
b10100110010100011011110110111100 2
b1101001000011110000010001011010 1
b1110100011 )
b1110100011 (
#942000
b0 !
b0 .
b1011 #
b1011 *
b11 &
b11 -
b11010000100110101111100010111000 %
b11010000100110101111100010111000 ,
b1010010001010111110001011001 $
b1010010001010111110001011001 +
b0 /
b1011 0
b11 3
b11010000100110101111100010111000 2
b1010010001010111110001011001 1
b1110100100 )
b1110100100 (
#943000
b1100000101011100101100001001 !
b1100000101011100101100001001 .
b1000 #
b1000 *
b1 &
b1 -
b10100010111100010010010110010111 %
b10100010111100010010010110010111 ,
b10101110111001001110111010011110 $
b10101110111001001110111010011110 +
b1100000101011100101100001001 /
b1000 0
b1 3
b10100010111100010010010110010111 2
b10101110111001001110111010011110 1
b1110100101 )
b1110100101 (
#944000
b11111111111111111111111111111111 !
b11111111111111111111111111111111 .
b101 #
b101 *
b11101 &
b11101 -
b11101110010100011111001010100100 %
b11101110010100011111001010100100 ,
b111000100001001010111001010000 $
b111000100001001010111001010000 +
b11111111111111111111111111111111 /
b101 0
b11101 3
b11101110010100011111001010100100 2
b111000100001001010111001010000 1
b1110100110 )
b1110100110 (
#945000
b11111011000110100111 !
b11111011000110100111 .
b1011 &
b1011 -
b1111101100011010011101001001110 %
b1111101100011010011101001001110 ,
b111000010101011101010001101000 $
b111000010101011101010001101000 +
b11111011000110100111 /
b1011 3
b1111101100011010011101001001110 2
b111000010101011101010001101000 1
b1110100111 )
b1110100111 (
#946000
b11111011101011001111110100111111 !
b11111011101011001111110100111111 .
b11 #
b11 *
b11101 &
b11101 -
b11011010100011001111110100000001 %
b11011010100011001111110100000001 ,
b100011001010001011110100111111 $
b100011001010001011110100111111 +
b11111011101011001111110100111111 /
b11 0
b11101 3
b11011010100011001111110100000001 2
b100011001010001011110100111111 1
b1110101000 )
b1110101000 (
#947000
b0 !
b0 .
b1001 #
b1001 *
b11 &
b11 -
b10000010101011100100101000101011 %
b10000010101011100100101000101011 ,
b10011101111000101010000110010001 $
b10011101111000101010000110010001 +
b0 /
b1001 0
b11 3
b10000010101011100100101000101011 2
b10011101111000101010000110010001 1
b1110101001 )
b1110101001 (
#948000
b1011 #
b1011 *
b11110 &
b11110 -
b1000011011101110010111010101101 %
b1000011011101110010111010101101 ,
b10111100010100111101011110010000 $
b10111100010100111101011110010000 +
b1011 0
b11110 3
b1000011011101110010111010101101 2
b10111100010100111101011110010000 1
b1110101010 )
b1110101010 (
#949000
b10010001001000100000000001110000 !
b10010001001000100000000001110000 .
b1 #
b1 *
b11 &
b11 -
b11110001011101101100001011111000 %
b11110001011101101100001011111000 ,
b10011001001010100000100001110100 $
b10011001001010100000100001110100 +
b10010001001000100000000001110000 /
b1 0
b11 3
b11110001011101101100001011111000 2
b10011001001010100000100001110100 1
b1110101011 )
b1110101011 (
#950000
b111010010011100000000000000000 !
b111010010011100000000000000000 .
b1101 #
b1101 *
b10101 &
b10101 -
b111010000100110011101001001110 %
b111010000100110011101001001110 ,
b10111110011100011010001011111010 $
b10111110011100011010001011111010 +
b111010010011100000000000000000 /
b1101 0
b10101 3
b111010000100110011101001001110 2
b10111110011100011010001011111010 1
b1110101100 )
b1110101100 (
#951000
b11001111110001001010111000111010 !
b11001111110001001010111000111010 .
b1000 #
b1000 *
b11011 &
b11011 -
b1001011101111110001101001101000 %
b1001011101111110001101001101000 ,
b10000100011110111011010001010010 $
b10000100011110111011010001010010 +
b11001111110001001010111000111010 /
b1000 0
b11011 3
b1001011101111110001101001101000 2
b10000100011110111011010001010010 1
b1110101101 )
b1110101101 (
#952000
b1 !
b1 .
b1100 #
b1100 *
b1111 &
b1111 -
b11110010101011011010001011000011 %
b11110010101011011010001011000011 ,
b10000010101001010100101010111110 $
b10000010101001010100101010111110 +
b1 /
b1100 0
b1111 3
b11110010101011011010001011000011 2
b10000010101001010100101010111110 1
b1110101110 )
b1110101110 (
#953000
b11111111111111111111111111111010 !
b11111111111111111111111111111010 .
b101 #
b101 *
b11100 &
b11100 -
b10100011000000010000001100101110 %
b10100011000000010000001100101110 ,
b1110000111101101100011011001111 $
b1110000111101101100011011001111 +
b11111111111111111111111111111010 /
b101 0
b11100 3
b10100011000000010000001100101110 2
b1110000111101101100011011001111 1
b1110101111 )
b1110101111 (
#954000
b1 !
b1 .
b1010 #
b1010 *
b1000 &
b1000 -
b10011001011100000010110100000010 %
b10011001011100000010110100000010 ,
b10001110001000011011000010101000 $
b10001110001000011011000010101000 +
b1 /
b1010 0
b1000 3
b10011001011100000010110100000010 2
b10001110001000011011000010101000 1
b1110110000 )
b1110110000 (
#955000
b110001001101101101110111110 !
b110001001101101101110111110 .
b0 #
b0 *
b1011 &
b1011 -
b111011101110011110100100111111 %
b111011101110011110100100111111 ,
b11001010011011001111001001111111 $
b11001010011011001111001001111111 +
b110001001101101101110111110 /
b0 0
b1011 3
b111011101110011110100100111111 2
b11001010011011001111001001111111 1
b1110110001 )
b1110110001 (
#956000
b10100000101100010101011001111 !
b10100000101100010101011001111 .
b111 #
b111 *
b1010 &
b1010 -
b10111110110010111010101000101101 %
b10111110110010111010101000101101 ,
b11010010111000011101010011111100 $
b11010010111000011101010011111100 +
b10100000101100010101011001111 /
b111 0
b1010 3
b10111110110010111010101000101101 2
b11010010111000011101010011111100 1
b1110110010 )
b1110110010 (
#957000
b0 !
b0 .
b1011 #
b1011 *
b1000 &
b1000 -
b10101110111011011111111100100 %
b10101110111011011111111100100 ,
b111000101101001000111111001101 $
b111000101101001000111111001101 +
b0 /
b1011 0
b1000 3
b10101110111011011111111100100 2
b111000101101001000111111001101 1
b1110110011 )
b1110110011 (
#958000
b101 &
b101 -
b10100100001000011000001101010000 %
b10100100001000011000001101010000 ,
b11110110001110000111000111010 $
b11110110001110000111000111010 +
b101 3
b10100100001000011000001101010000 2
b11110110001110000111000111010 1
b1110110100 )
b1110110100 (
#959000
b10001011000000000000010000 !
b10001011000000000000010000 .
b1 #
b1 *
b10111 &
b10111 -
b1000110011011010010000100010000 %
b1000110011011010010000100010000 ,
b11101111100101001001011001 $
b11101111100101001001011001 +
b10001011000000000000010000 /
b1 0
b10111 3
b1000110011011010010000100010000 2
b11101111100101001001011001 1
b1110110101 )
b1110110101 (
#960000
b0 !
b0 .
b1011 #
b1011 *
b11000 &
b11000 -
b1001111010011000110000001111000 %
b1001111010011000110000001111000 ,
b101011100110001010000001001000 $
b101011100110001010000001001000 +
b0 /
b1011 0
b11000 3
b1001111010011000110000001111000 2
b101011100110001010000001001000 1
b1110110110 )
b1110110110 (
#961000
b10100 &
b10100 -
b10011000101101011000110111110 %
b10011000101101011000110111110 ,
b1010011000000001111010010011111 $
b1010011000000001111010010011111 +
b10100 3
b10011000101101011000110111110 2
b1010011000000001111010010011111 1
b1110110111 )
b1110110111 (
#962000
b10001001010000110110011111000111 !
b10001001010000110110011111000111 .
b0 #
b0 *
b10010 &
b10010 -
b11100000100110110010010111011 %
b11100000100110110010010111011 ,
b1101101001100000000001100001100 $
b1101101001100000000001100001100 +
b10001001010000110110011111000111 /
b0 0
b10010 3
b11100000100110110010010111011 2
b1101101001100000000001100001100 1
b1110111000 )
b1110111000 (
#963000
b11100010101100000010101111011111 !
b11100010101100000010101111011111 .
b1000 #
b1000 *
b111 &
b111 -
b100011010100110101001100011100 %
b100011010100110101001100011100 ,
b11000001111000110111100011000011 $
b11000001111000110111100011000011 +
b11100010101100000010101111011111 /
b1000 0
b111 3
b100011010100110101001100011100 2
b11000001111000110111100011000011 1
b1110111001 )
b1110111001 (
#964000
b1100001001111101110110111110111 !
b1100001001111101110110111110111 .
b0 #
b0 *
b1001 &
b1001 -
b10010100001111010001111101111 %
b10010100001111010001111101111 ,
b1001110101101110100101000001000 $
b1001110101101110100101000001000 +
b1100001001111101110110111110111 /
b0 0
b1001 3
b10010100001111010001111101111 2
b1001110101101110100101000001000 1
b1110111010 )
b1110111010 (
#965000
b11010010000111101100110001011 !
b11010010000111101100110001011 .
b1010 &
b1010 -
b1011001011110110111111100101001 %
b1011001011110110111111100101001 ,
b11000000110010000101101001100010 $
b11000000110010000101101001100010 +
b11010010000111101100110001011 /
b1010 3
b1011001011110110111111100101001 2
b11000000110010000101101001100010 1
b1110111011 )
b1110111011 (
#966000
b1000110101111 !
b1000110101111 .
b110 #
b110 *
b10010 &
b10010 -
b1000110101111100111101101111100 %
b1000110101111100111101101111100 ,
b111111000010000110100111001110 $
b111111000010000110100111001110 +
b1000110101111 /
b110 0
b10010 3
b1000110101111100111101101111100 2
b111111000010000110100111001110 1
b1110111100 )
b1110111100 (
#967000
b1010100101110000011101000001111 !
b1010100101110000011101000001111 .
b1000 #
b1000 *
b1001 &
b1001 -
b1111100110110011011101101100100 %
b1111100110110011011101101100100 ,
b101000011000011000000101101011 $
b101000011000011000000101101011 +
b1010100101110000011101000001111 /
b1000 0
b1001 3
b1111100110110011011101101100100 2
b101000011000011000000101101011 1
b1110111101 )
b1110111101 (
#968000
b1 !
b1 .
b1001 #
b1001 *
b110 &
b110 -
b11100001001101001111111001110101 %
b11100001001101001111111001110101 ,
b10101011101011001101111010101100 $
b10101011101011001101111010101100 +
b1 /
b1001 0
b110 3
b11100001001101001111111001110101 2
b10101011101011001101111010101100 1
b1110111110 )
b1110111110 (
#969000
b11000100111011000000000000000000 !
b11000100111011000000000000000000 .
b1101 #
b1101 *
b10000 &
b10000 -
b1101011101001011100010011101100 %
b1101011101001011100010011101100 ,
b1100010110111001101010011111001 $
b1100010110111001101010011111001 +
b11000100111011000000000000000000 /
b1101 0
b10000 3
b1101011101001011100010011101100 2
b1100010110111001101010011111001 1
b1110111111 )
b1110111111 (
#970000
b10100110011001010001010001111000 !
b10100110011001010001010001111000 .
b111 #
b111 *
b10010 &
b10010 -
b11011111110010100111110010111101 %
b11011111110010100111110010111101 ,
b10000110001011111001000100110101 $
b10000110001011111001000100110101 +
b10100110011001010001010001111000 /
b111 0
b10010 3
b11011111110010100111110010111101 2
b10000110001011111001000100110101 1
b1111000000 )
b1111000000 (
#971000
b1010000000000000100 !
b1010000000000000100 .
b1 #
b1 *
b10100 &
b10100 -
b100001001011011101110010000101 %
b100001001011011101110010000101 ,
b10000110010101110010001100110100 $
b10000110010101110010001100110100 +
b1010000000000000100 /
b1 0
b10100 3
b100001001011011101110010000101 2
b10000110010101110010001100110100 1
b1111000001 )
b1111000001 (
#972000
b100011001 !
b100011001 .
b101 #
b101 *
b10110 &
b10110 -
b1000110010110110111000110010001 %
b1000110010110110111000110010001 ,
b11010010100001110111001000111100 $
b11010010100001110111001000111100 +
b100011001 /
b101 0
b10110 3
b1000110010110110111000110010001 2
b11010010100001110111001000111100 1
b1111000010 )
b1111000010 (
#973000
b11111111111111111111111111111110 !
b11111111111111111111111111111110 .
b11110 &
b11110 -
b10100000101110000000100001010001 %
b10100000101110000000100001010001 ,
b1101111000001010000001101101110 $
b1101111000001010000001101101110 +
b11111111111111111111111111111110 /
b11110 3
b10100000101110000000100001010001 2
b1101111000001010000001101101110 1
b1111000011 )
b1111000011 (
#974000
b1011010000001110000000000000000 !
b1011010000001110000000000000000 .
b1101 #
b1101 *
b11100 &
b11100 -
b11010111101110010101101000000111 %
b11010111101110010101101000000111 ,
b110100110010000011101001101001 $
b110100110010000011101001101001 +
b1011010000001110000000000000000 /
b1101 0
b11100 3
b11010111101110010101101000000111 2
b110100110010000011101001101001 1
b1111000100 )
b1111000100 (
#975000
b1100100010000011001001100101110 !
b1100100010000011001001100101110 .
b110 #
b110 *
b1 &
b1 -
b11001000100000110010011001011101 %
b11001000100000110010011001011101 ,
b110000010110011101000000000110 $
b110000010110011101000000000110 +
b1100100010000011001001100101110 /
b110 0
b1 3
b11001000100000110010011001011101 2
b110000010110011101000000000110 1
b1111000101 )
b1111000101 (
#976000
b1 !
b1 .
b1001 #
b1001 *
b11000 &
b11000 -
b11011001010001110010110010011111 %
b11011001010001110010110010011111 ,
b10100111000111111111111100010101 $
b10100111000111111111111100010101 +
b1 /
b1001 0
b11000 3
b11011001010001110010110010011111 2
b10100111000111111111111100010101 1
b1111000110 )
b1111000110 (
#977000
b0 !
b0 .
b1011 #
b1011 *
b1000 &
b1000 -
b11110101101100110101010100110110 %
b11110101101100110101010100110110 ,
b10000101011110101000000100011111 $
b10000101011110101000000100011111 +
b0 /
b1011 0
b1000 3
b11110101101100110101010100110110 2
b10000101011110101000000100011111 1
b1111000111 )
b1111000111 (
#978000
b11110001011110100101100101111010 !
b11110001011110100101100101111010 .
b1000 #
b1000 *
b1101 &
b1101 -
b11101111000101111010101000111011 %
b11101111000101111010101000111011 ,
b11110011011011111001101000001 $
b11110011011011111001101000001 +
b11110001011110100101100101111010 /
b1000 0
b1101 3
b11101111000101111010101000111011 2
b11110011011011111001101000001 1
b1111001000 )
b1111001000 (
#979000
b10010101000001110001011111111100 !
b10010101000001110001011111111100 .
b11 #
b11 *
b10111 &
b10111 -
b10101000001100001011001111000 %
b10101000001100001011001111000 ,
b10010100000000110000011110111100 $
b10010100000000110000011110111100 +
b10010101000001110001011111111100 /
b11 0
b10111 3
b10101000001100001011001111000 2
b10010100000000110000011110111100 1
b1111001001 )
b1111001001 (
#980000
b11011111111111111111111011111011 !
b11011111111111111111111011111011 .
b1110 &
b1110 -
b10001110110010011101101010111010 %
b10001110110010011101101010111010 ,
b11011011011101100111010011000011 $
b11011011011101100111010011000011 +
b11011111111111111111111011111011 /
b1110 3
b10001110110010011101101010111010 2
b11011011011101100111010011000011 1
b1111001010 )
b1111001010 (
#981000
b101010100001010000000001000010 !
b101010100001010000000001000010 .
b10 #
b10 *
b10101 &
b10101 -
b1010100011010100111010000100101 %
b1010100011010100111010000100101 ,
b11010101010110101000111110111000 $
b11010101010110101000111110111000 +
b101010100001010000000001000010 /
b10 0
b10101 3
b1010100011010100111010000100101 2
b11010101010110101000111110111000 1
b1111001011 )
b1111001011 (
#982000
b11100000011010000000000000000000 !
b11100000011010000000000000000000 .
b1101 #
b1101 *
b111 &
b111 -
b10001101000101001110000001101000 %
b10001101000101001110000001101000 ,
b1111011100011110010001101 $
b1111011100011110010001101 +
b11100000011010000000000000000000 /
b1101 0
b111 3
b10001101000101001110000001101000 2
b1111011100011110010001101 1
b1111001100 )
b1111001100 (
#983000
b1110110011000000000000000000 !
b1110110011000000000000000000 .
b100 #
b100 *
b1111 &
b1111 -
b10100110000011100001110110011000 %
b10100110000011100001110110011000 ,
b11010100001100001010001000100111 $
b11010100001100001010001000100111 +
b1110110011000000000000000000 /
b100 0
b1111 3
b10100110000011100001110110011000 2
b11010100001100001010001000100111 1
b1111001101 )
b1111001101 (
#984000
b11010010001000000001000000 !
b11010010001000000001000000 .
b1 #
b1 *
b11110 &
b11110 -
b11010010001001110001101001 %
b11010010001001110001101001 ,
b10010011111010001100001001000000 $
b10010011111010001100001001000000 +
b11010010001000000001000000 /
b1 0
b11110 3
b11010010001001110001101001 2
b10010011111010001100001001000000 1
b1111001110 )
b1111001110 (
#985000
b1110001001111100010110011100000 !
b1110001001111100010110011100000 .
b1000 #
b1000 *
b1011 &
b1011 -
b10000110100000010010010001010111 %
b10000110100000010010010001010111 ,
b11110111101111110000100010110111 $
b11110111101111110000100010110111 +
b1110001001111100010110011100000 /
b1000 0
b1011 3
b10000110100000010010010001010111 2
b11110111101111110000100010110111 1
b1111001111 )
b1111001111 (
#986000
b10110101111111110111110111100111 !
b10110101111111110111110111100111 .
b11 #
b11 *
b1111 &
b1111 -
b1011111000001010011100111 %
b1011111000001010011100111 ,
b10110100111101110111100101000110 $
b10110100111101110111100101000110 +
b10110101111111110111110111100111 /
b11 0
b1111 3
b1011111000001010011100111 2
b10110100111101110111100101000110 1
b1111010000 )
b1111010000 (
#987000
b111100110111110000000000000000 !
b111100110111110000000000000000 .
b1101 #
b1101 *
b10011 &
b10011 -
b10111001101011010011110011011111 %
b10111001101011010011110011011111 ,
b1010000110111011101111010010110 $
b1010000110111011101111010010110 +
b111100110111110000000000000000 /
b1101 0
b10011 3
b10111001101011010011110011011111 2
b1010000110111011101111010010110 1
b1111010001 )
b1111010001 (
#988000
b10010101111101001100100000000000 !
b10010101111101001100100000000000 .
b100 #
b100 *
b1011 &
b1011 -
b10101101011100101011111010011001 %
b10101101011100101011111010011001 ,
b11011110001001001 $
b11011110001001001 +
b10010101111101001100100000000000 /
b100 0
b1011 3
b10101101011100101011111010011001 2
b11011110001001001 1
b1111010010 )
b1111010010 (
#989000
b1101 !
b1101 .
b110 #
b110 *
b11100 &
b11100 -
b11010001111101010011001001111001 %
b11010001111101010011001001111001 ,
b10100000010101110001100110101101 $
b10100000010101110001100110101101 +
b1101 /
b110 0
b11100 3
b11010001111101010011001001111001 2
b10100000010101110001100110101101 1
b1111010011 )
b1111010011 (
#990000
b0 !
b0 .
b1011 #
b1011 *
b10 &
b10 -
b111101011010011110011001011110 %
b111101011010011110011001011110 ,
b11010000010101111010111001110011 $
b11010000010101111010111001110011 +
b0 /
b1011 0
b10 3
b111101011010011110011001011110 2
b11010000010101111010111001110011 1
b1111010100 )
b1111010100 (
#991000
b1101000111010100100010011100101 !
b1101000111010100100010011100101 .
b0 #
b0 *
b10110 &
b10110 -
b10100001101000101101010100000110 %
b10100001101000101101010100000110 ,
b11000111010001110110111111011111 $
b11000111010001110110111111011111 +
b1101000111010100100010011100101 /
b0 0
b10110 3
b10100001101000101101010100000110 2
b11000111010001110110111111011111 1
b1111010101 )
b1111010101 (
#992000
b1000100000001010001001001000100 !
b1000100000001010001001001000100 .
b10 #
b10 *
b11110 &
b11110 -
b10111010011010000000100010100011 %
b10111010011010000000100010100011 ,
b10100011100110101110110100011001 $
b10100011100110101110110100011001 +
b1000100000001010001001001000100 /
b10 0
b11110 3
b10111010011010000000100010100011 2
b10100011100110101110110100011001 1
b1111010110 )
b1111010110 (
#993000
b110001000111100 !
b110001000111100 .
b110 #
b110 *
b1110 &
b1110 -
b11000100011110011111001111110 %
b11000100011110011111001111110 ,
b1000001101000010010111000010101 $
b1000001101000010010111000010101 +
b110001000111100 /
b110 0
b1110 3
b11000100011110011111001111110 2
b1000001101000010010111000010101 1
b1111010111 )
b1111010111 (
#994000
b1110001100001100000000000000000 !
b1110001100001100000000000000000 .
b1101 #
b1101 *
b1011 &
b1011 -
b1100101011000000111000110000110 %
b1100101011000000111000110000110 ,
b100100110001100110000101011010 $
b100100110001100110000101011010 +
b1110001100001100000000000000000 /
b1101 0
b1011 3
b1100101011000000111000110000110 2
b100100110001100110000101011010 1
b1111011000 )
b1111011000 (
#995000
b101001110010000011010110 !
b101001110010000011010110 .
b1 #
b1 *
b10 &
b10 -
b10001111101101110010000011110111 %
b10001111101101110010000011110111 ,
b1010000101011111110010111011110 $
b1010000101011111110010111011110 +
b101001110010000011010110 /
b1 0
b10 3
b10001111101101110010000011110111 2
b1010000101011111110010111011110 1
b1111011001 )
b1111011001 (
#996000
b10100001001001001111101101011010 !
b10100001001001001111101101011010 .
b1000 #
b1000 *
b11111 &
b11111 -
b11110011110101100001100101001001 %
b11110011110101100001100101001001 ,
b1010010111100101110001000010011 $
b1010010111100101110001000010011 +
b10100001001001001111101101011010 /
b1000 0
b11111 3
b11110011110101100001100101001001 2
b1010010111100101110001000010011 1
b1111011010 )
b1111011010 (
#997000
b1 !
b1 .
b1100 #
b1100 *
b1110 &
b1110 -
b1110000100011100100010001010111 %
b1110000100011100100010001010111 ,
b10100001101001000000011110101001 $
b10100001101001000000011110101001 +
b1 /
b1100 0
b1110 3
b1110000100011100100010001010111 2
b10100001101001000000011110101001 1
b1111011011 )
b1111011011 (
#998000
b1 !
b1 .
b1111 &
b1111 -
b1111010000010111000100001000110 %
b1111010000010111000100001000110 ,
b11011011011110110001011001001 $
b11011011011110110001011001001 +
b1111 3
b1111010000010111000100001000110 2
b11011011011110110001011001001 1
b1111011100 )
b1111011100 (
#999000
b11111001000000110101110111111011 !
b11111001000000110101110111111011 .
b11 #
b11 *
b10001 &
b10001 -
b11110000000000010101010111110011 %
b11110000000000010101010111110011 ,
b1101001000000100001100000101001 $
b1101001000000100001100000101001 +
b11111001000000110101110111111011 /
b11 0
b10001 3
b11110000000000010101010111110011 2
b1101001000000100001100000101001 1
b1111011101 )
b1111011101 (
#1000000
b1 !
b1 .
b1100 #
b1100 *
b10111 &
b10111 -
b11101111001010101011111101111 %
b11101111001010101011111101111 ,
b1101000011101100111010010001 $
b1101000011101100111010010001 +
b1 /
b1100 0
b10111 3
b11101111001010101011111101111 2
b1101000011101100111010010001 1
b1111011110 )
b1111011110 (
#1001000
b10101000010101100110111011110 !
b10101000010101100110111011110 .
b1000 #
b1000 *
b10011 &
b10011 -
b10001000110100001110111011001 %
b10001000110100001110111011001 ,
b100000100001101000000000111 $
b100000100001101000000000111 +
b10101000010101100110111011110 /
b1000 0
b10011 3
b10001000110100001110111011001 2
b100000100001101000000000111 1
b1111011111 )
b1111011111 (
#1002000
b1 !
b1 .
b1100 #
b1100 *
b1110 &
b1110 -
b101110000100101001001010 %
b101110000100101001001010 ,
b1101010100010100011010111 $
b1101010100010100011010111 +
b1 /
b1100 0
b1110 3
b101110000100101001001010 2
b1101010100010100011010111 1
b1111100000 )
b1111100000 (
#1003000
b1 !
b1 .
b1001 #
b1001 *
b1111 &
b1111 -
b10000001000101110010111011110 %
b10000001000101110010111011110 ,
b10100111100001000111010101010111 $
b10100111100001000111010101010111 +
b1001 0
b1111 3
b10000001000101110010111011110 2
b10100111100001000111010101010111 1
b1111100001 )
b1111100001 (
#1004000
b1101010100001111100101000100011 !
b1101010100001111100101000100011 .
b0 #
b0 *
b11100 &
b11100 -
b1100100000111001110101000111110 %
b1100100000111001110101000111110 ,
b110011010101101111111100101 $
b110011010101101111111100101 +
b1101010100001111100101000100011 /
b0 0
b11100 3
b1100100000111001110101000111110 2
b110011010101101111111100101 1
b1111100010 )
b1111100010 (
#1005000
b110000001110000001001100001011 !
b110000001110000001001100001011 .
b10010 &
b10010 -
b10011011000001000101110101111101 %
b10011011000001000101110101111101 ,
b10010101001100111011010110001110 $
b10010101001100111011010110001110 +
b110000001110000001001100001011 /
b10010 3
b10011011000001000101110101111101 2
b10010101001100111011010110001110 1
b1111100011 )
b1111100011 (
#1006000
b100 !
b100 .
b101 #
b101 *
b11010 &
b11010 -
b10001110000100011000100101010 %
b10001110000100011000100101010 ,
b100110111101010001000001110101 $
b100110111101010001000001110101 +
b100 /
b101 0
b11010 3
b10001110000100011000100101010 2
b100110111101010001000001110101 1
b1111100100 )
b1111100100 (
#1007000
b1001001011010001011011100011010 !
b1001001011010001011011100011010 .
b1000 #
b1000 *
b10110 &
b10110 -
b1100110010000100101110011001000 %
b1100110010000100101110011001000 ,
b101111001010101110101111010010 $
b101111001010101110101111010010 +
b1001001011010001011011100011010 /
b1000 0
b10110 3
b1100110010000100101110011001000 2
b101111001010101110101111010010 1
b1111100101 )
b1111100101 (
#1008000
b1000111011011100100101010011010 !
b1000111011011100100101010011010 .
b0 #
b0 *
b10001 &
b10001 -
b10101111111011100001001101110001 %
b10101111111011100001001101110001 ,
b10010111100000000011011100101001 $
b10010111100000000011011100101001 +
b1000111011011100100101010011010 /
b0 0
b10001 3
b10101111111011100001001101110001 2
b10010111100000000011011100101001 1
b1111100110 )
b1111100110 (
#1009000
b11101001010101110100110011001100 !
b11101001010101110100110011001100 .
b111 #
b111 *
b1011 &
b1011 -
b1100110000010001000011110011101 %
b1100110000010001000011110011101 ,
b1001111010111111101010001101001 $
b1001111010111111101010001101001 +
b11101001010101110100110011001100 /
b111 0
b1011 3
b1100110000010001000011110011101 2
b1001111010111111101010001101001 1
b1111100111 )
b1111100111 (
#1010000
b1111101000 )
b1111101000 (
#1020000
