#! /usr/bin/vvp
:ivl_version "12.0 (stable)";
:ivl_delay_selection "TYPICAL";
:vpi_time_precision - 12;
:vpi_module "/usr/lib/x86_64-linux-gnu/ivl/system.vpi";
:vpi_module "/usr/lib/x86_64-linux-gnu/ivl/vhdl_sys.vpi";
:vpi_module "/usr/lib/x86_64-linux-gnu/ivl/vhdl_textio.vpi";
:vpi_module "/usr/lib/x86_64-linux-gnu/ivl/v2005_math.vpi";
:vpi_module "/usr/lib/x86_64-linux-gnu/ivl/va_math.vpi";
S_0x557bd014fa40 .scope module, "CPU_tb" "CPU_tb" 2 4;
 .timescale -9 -12;
v0x557bd02ab870_0 .var/i "FAILED", 31 0;
v0x557bd02ab950_0 .var "clk", 0 0;
v0x557bd02aba10_0 .var "first_inst", 0 0;
v0x557bd02abae0_0 .net "halt", 0 0, L_0x557bd02bc240;  1 drivers
v0x557bd02abbb0_0 .var/i "i", 31 0;
v0x557bd02abca0 .array "memory", 8191 0, 31 0;
v0x557bd02abd60 .array "register_file", 31 0, 31 0;
v0x557bd02abe20_0 .var "rst", 0 0;
v0x557bd02abec0_0 .var "saved_inst", 31 0;
v0x557bd02abfa0_0 .var "saved_pc", 31 0;
v0x557bd02ac080 .array "shadow_mem", 8191 0, 31 0;
v0x557bd02ac140 .array "shadow_rf", 31 0, 31 0;
S_0x557bd014ed30 .scope begin, "CLOCK_GENERATOR" "CLOCK_GENERATOR" 2 49, 2 49 0, S_0x557bd014fa40;
 .timescale -9 -12;
S_0x557bd014f0b0 .scope begin, "REF_INIT" "REF_INIT" 2 39, 2 39 0, S_0x557bd014fa40;
 .timescale -9 -12;
S_0x557bd00fcf70 .scope begin, "Settings" "Settings" 2 54, 2 54 0, S_0x557bd014fa40;
 .timescale -9 -12;
E_0x557bd0142460 .event posedge, v0x557bd02aa4c0_0;
S_0x557bd00fcd80 .scope module, "cpu" "CPU" 2 37, 3 5 0, S_0x557bd014fa40;
 .timescale -9 -12;
    .port_info 0 /INPUT 1 "clk";
    .port_info 1 /INPUT 1 "rst";
    .port_info 2 /OUTPUT 1 "halt";
L_0x557bd02bcea0 .functor BUFZ 5, L_0x557bd02bc470, C4<00000>, C4<00000>, C4<00000>;
L_0x557bd025e6c0 .functor BUFZ 5, L_0x557bd02bc510, C4<00000>, C4<00000>, C4<00000>;
L_0x557bd0161080 .functor BUFZ 32, v0x557bd02a85a0_0, C4<00000000000000000000000000000000>, C4<00000000000000000000000000000000>, C4<00000000000000000000000000000000>;
v0x557bd02a8190_0 .var "A", 31 0;
v0x557bd02a8290_0 .net "ALUOp", 3 0, v0x557bd00fd680_0;  1 drivers
v0x557bd02a8350_0 .var "ALUOut", 31 0;
v0x557bd02a8410_0 .net "ALUSrcA", 0 0, v0x557bd00fd160_0;  1 drivers
v0x557bd02a84b0_0 .net "ALUSrcB", 1 0, v0x557bd00fd220_0;  1 drivers
v0x557bd02a85a0_0 .var "B", 31 0;
v0x557bd02a8680_0 .net "IRWrite", 0 0, v0x557bd014fdd0_0;  1 drivers
v0x557bd02a8720_0 .net "IorD", 0 0, v0x557bd014fe90_0;  1 drivers
v0x557bd02a87c0_0 .net "JR", 0 0, v0x557bd014f440_0;  1 drivers
v0x557bd02a88f0_0 .net "MemRead", 0 0, v0x557bd014f500_0;  1 drivers
v0x557bd02a8990_0 .net "MemWrite", 0 0, v0x557bd00fc7b0_0;  1 drivers
v0x557bd02a8a30_0 .net "MemtoReg", 0 0, v0x557bd00fc870_0;  1 drivers
v0x557bd02a8ad0_0 .var "PC", 31 0;
v0x557bd02a8b70_0 .net "PCSource", 1 0, v0x557bd00fc5c0_0;  1 drivers
v0x557bd02a8c30_0 .net "PCWrite", 0 0, v0x557bd00fc6a0_0;  1 drivers
v0x557bd02a8cd0_0 .net "PCWriteCond", 0 0, v0x557bd00fc3d0_0;  1 drivers
v0x557bd02a8da0_0 .var "PC_next", 31 0;
v0x557bd02a8f50_0 .net "RegDst", 0 0, v0x557bd00fc490_0;  1 drivers
v0x557bd02a9020_0 .net "RegWrite", 0 0, v0x557bd00fc1e0_0;  1 drivers
v0x557bd02a9110_0 .net "SavePC", 0 0, v0x557bd00fc2a0_0;  1 drivers
v0x557bd02a91b0_0 .net "SignExtend", 0 0, v0x557bd00fbff0_0;  1 drivers
L_0x7fc95a5f3018 .functor BUFT 1, C4<00000000000000000000000000000000>, C4<0>, C4<0>, C4<0>;
v0x557bd02a9250_0 .net/2u *"_ivl_0", 31 0, L_0x7fc95a5f3018;  1 drivers
v0x557bd02a92f0_0 .net *"_ivl_21", 0 0, L_0x557bd02bca70;  1 drivers
v0x557bd02a93d0_0 .net *"_ivl_22", 15 0, L_0x557bd02bcbc0;  1 drivers
v0x557bd02a94b0_0 .net *"_ivl_24", 31 0, L_0x557bd02bce00;  1 drivers
L_0x7fc95a5f3060 .functor BUFT 1, C4<0000000000000000>, C4<0>, C4<0>, C4<0>;
v0x557bd02a9590_0 .net/2u *"_ivl_26", 15 0, L_0x7fc95a5f3060;  1 drivers
v0x557bd02a9670_0 .net *"_ivl_28", 31 0, L_0x557bd02bcf10;  1 drivers
L_0x7fc95a5f30a8 .functor BUFT 1, C4<01>, C4<0>, C4<0>, C4<0>;
v0x557bd02a9750_0 .net/2u *"_ivl_42", 1 0, L_0x7fc95a5f30a8;  1 drivers
v0x557bd02a9830_0 .net *"_ivl_44", 0 0, L_0x557bd02bd6e0;  1 drivers
L_0x7fc95a5f30f0 .functor BUFT 1, C4<00>, C4<0>, C4<0>, C4<0>;
v0x557bd02a98f0_0 .net/2u *"_ivl_46", 1 0, L_0x7fc95a5f30f0;  1 drivers
v0x557bd02a99d0_0 .net *"_ivl_48", 0 0, L_0x557bd02bd820;  1 drivers
L_0x7fc95a5f3138 .functor BUFT 1, C4<00000000000000000000000000000100>, C4<0>, C4<0>, C4<0>;
v0x557bd02a9a90_0 .net/2u *"_ivl_50", 31 0, L_0x7fc95a5f3138;  1 drivers
v0x557bd02a9b70_0 .net *"_ivl_52", 31 0, L_0x557bd02bda00;  1 drivers
L_0x7fc95a5f3180 .functor BUFT 1, C4<10>, C4<0>, C4<0>, C4<0>;
v0x557bd02a9c50_0 .net/2u *"_ivl_54", 1 0, L_0x7fc95a5f3180;  1 drivers
v0x557bd02a9d30_0 .net *"_ivl_56", 0 0, L_0x557bd02bdb90;  1 drivers
v0x557bd02a9df0_0 .net *"_ivl_58", 31 0, L_0x557bd02bdd30;  1 drivers
v0x557bd02a9ed0_0 .net *"_ivl_60", 29 0, L_0x557bd02bd910;  1 drivers
L_0x7fc95a5f31c8 .functor BUFT 1, C4<00>, C4<0>, C4<0>, C4<0>;
v0x557bd02a9fb0_0 .net *"_ivl_62", 1 0, L_0x7fc95a5f31c8;  1 drivers
v0x557bd02aa090_0 .net *"_ivl_64", 31 0, L_0x557bd02bdf30;  1 drivers
v0x557bd02aa170_0 .net "alu_result", 31 0, v0x557bd025e7e0_0;  1 drivers
v0x557bd02aa230_0 .net "clk", 0 0, v0x557bd02ab950_0;  1 drivers
v0x557bd02aa320_0 .net "ext_imm", 31 0, L_0x557bd02bcfe0;  1 drivers
v0x557bd02aa400_0 .net "funct", 5 0, L_0x557bd02bc7f0;  1 drivers
v0x557bd02aa4c0_0 .net "halt", 0 0, L_0x557bd02bc240;  alias, 1 drivers
v0x557bd02aa580_0 .net "immi", 15 0, L_0x557bd02bc8e0;  1 drivers
v0x557bd02aa660_0 .net "immj", 25 0, L_0x557bd02bc9d0;  1 drivers
v0x557bd02aa740_0 .var "inst", 31 0;
v0x557bd02aa820_0 .net "mem_addr", 31 0, L_0x557bd02bd330;  1 drivers
v0x557bd02aa8e0_0 .var "mem_data_reg", 31 0;
v0x557bd02aa9a0_0 .net "mem_read_data", 31 0, v0x557bd0153170_0;  1 drivers
v0x557bd02aaa60_0 .net "mem_write_data", 31 0, L_0x557bd0161080;  1 drivers
v0x557bd02aab30_0 .net "opcode", 5 0, L_0x557bd02bc330;  1 drivers
v0x557bd02aabf0_0 .net "operand1", 31 0, L_0x557bd02bd4c0;  1 drivers
v0x557bd02aacc0_0 .net "operand2", 31 0, L_0x557bd02be070;  1 drivers
v0x557bd02aad80_0 .net "rd", 4 0, L_0x557bd02bc670;  1 drivers
v0x557bd02aae40_0 .net "rd_addr1", 4 0, L_0x557bd02bcea0;  1 drivers
v0x557bd02aaf30_0 .net "rd_addr2", 4 0, L_0x557bd025e6c0;  1 drivers
v0x557bd02ab000_0 .net "rd_data1", 31 0, v0x557bd02a7760_0;  1 drivers
v0x557bd02ab0d0_0 .net "rd_data2", 31 0, v0x557bd02a7890_0;  1 drivers
v0x557bd02ab1a0_0 .net "rs", 4 0, L_0x557bd02bc470;  1 drivers
v0x557bd02ab260_0 .net "rst", 0 0, v0x557bd02abe20_0;  1 drivers
v0x557bd02ab350_0 .net "rt", 4 0, L_0x557bd02bc510;  1 drivers
v0x557bd02ab430_0 .net "shamt", 4 0, L_0x557bd02bc710;  1 drivers
v0x557bd02ab4f0_0 .var "state", 2 0;
v0x557bd02ab5b0_0 .net "state_next", 2 0, v0x557bd00fbc10_0;  1 drivers
v0x557bd02ab670_0 .var "wr_addr", 4 0;
v0x557bd02ab740_0 .var "wr_data", 31 0;
E_0x557bd0141ff0/0 .event anyedge, v0x557bd00fc2a0_0, v0x557bd00fc490_0, v0x557bd02aad80_0, v0x557bd02ab350_0;
E_0x557bd0141ff0/1 .event anyedge, v0x557bd02a8ad0_0, v0x557bd00fc870_0, v0x557bd02aa8e0_0, v0x557bd02a8350_0;
E_0x557bd0141ff0/2 .event anyedge, v0x557bd00fc6a0_0, v0x557bd00fc3d0_0, v0x557bd025e7e0_0, v0x557bd00fc5c0_0;
E_0x557bd0141ff0/3 .event anyedge, v0x557bd014f440_0, v0x557bd02a7760_0, v0x557bd02aa660_0;
E_0x557bd0141ff0 .event/or E_0x557bd0141ff0/0, E_0x557bd0141ff0/1, E_0x557bd0141ff0/2, E_0x557bd0141ff0/3;
L_0x557bd02bc240 .cmp/eq 32, v0x557bd02aa740_0, L_0x7fc95a5f3018;
L_0x557bd02bc330 .part v0x557bd02aa740_0, 26, 6;
L_0x557bd02bc470 .part v0x557bd02aa740_0, 21, 5;
L_0x557bd02bc510 .part v0x557bd02aa740_0, 16, 5;
L_0x557bd02bc670 .part v0x557bd02aa740_0, 11, 5;
L_0x557bd02bc710 .part v0x557bd02aa740_0, 6, 5;
L_0x557bd02bc7f0 .part v0x557bd02aa740_0, 0, 6;
L_0x557bd02bc8e0 .part v0x557bd02aa740_0, 0, 16;
L_0x557bd02bc9d0 .part v0x557bd02aa740_0, 0, 26;
L_0x557bd02bca70 .part L_0x557bd02bc8e0, 15, 1;
LS_0x557bd02bcbc0_0_0 .concat [ 1 1 1 1], L_0x557bd02bca70, L_0x557bd02bca70, L_0x557bd02bca70, L_0x557bd02bca70;
LS_0x557bd02bcbc0_0_4 .concat [ 1 1 1 1], L_0x557bd02bca70, L_0x557bd02bca70, L_0x557bd02bca70, L_0x557bd02bca70;
LS_0x557bd02bcbc0_0_8 .concat [ 1 1 1 1], L_0x557bd02bca70, L_0x557bd02bca70, L_0x557bd02bca70, L_0x557bd02bca70;
LS_0x557bd02bcbc0_0_12 .concat [ 1 1 1 1], L_0x557bd02bca70, L_0x557bd02bca70, L_0x557bd02bca70, L_0x557bd02bca70;
L_0x557bd02bcbc0 .concat [ 4 4 4 4], LS_0x557bd02bcbc0_0_0, LS_0x557bd02bcbc0_0_4, LS_0x557bd02bcbc0_0_8, LS_0x557bd02bcbc0_0_12;
L_0x557bd02bce00 .concat [ 16 16 0 0], L_0x557bd02bc8e0, L_0x557bd02bcbc0;
L_0x557bd02bcf10 .concat [ 16 16 0 0], L_0x557bd02bc8e0, L_0x7fc95a5f3060;
L_0x557bd02bcfe0 .functor MUXZ 32, L_0x557bd02bcf10, L_0x557bd02bce00, v0x557bd00fbff0_0, C4<>;
L_0x557bd02bd330 .functor MUXZ 32, v0x557bd02a8ad0_0, v0x557bd02a8350_0, v0x557bd014fe90_0, C4<>;
L_0x557bd02bd4c0 .functor MUXZ 32, v0x557bd02a8ad0_0, v0x557bd02a8190_0, v0x557bd00fd160_0, C4<>;
L_0x557bd02bd6e0 .cmp/ge 2, L_0x7fc95a5f30a8, v0x557bd00fd220_0;
L_0x557bd02bd820 .cmp/eq 2, v0x557bd00fd220_0, L_0x7fc95a5f30f0;
L_0x557bd02bda00 .functor MUXZ 32, L_0x7fc95a5f3138, v0x557bd02a85a0_0, L_0x557bd02bd820, C4<>;
L_0x557bd02bdb90 .cmp/eq 2, v0x557bd00fd220_0, L_0x7fc95a5f3180;
L_0x557bd02bd910 .part L_0x557bd02bcfe0, 0, 30;
L_0x557bd02bdd30 .concat [ 2 30 0 0], L_0x7fc95a5f31c8, L_0x557bd02bd910;
L_0x557bd02bdf30 .functor MUXZ 32, L_0x557bd02bdd30, L_0x557bd02bcfe0, L_0x557bd02bdb90, C4<>;
L_0x557bd02be070 .functor MUXZ 32, L_0x557bd02bdf30, L_0x557bd02bda00, L_0x557bd02bd6e0, C4<>;
S_0x557bd00fcb90 .scope module, "alu" "ALU" 3 234, 4 5 0, S_0x557bd00fcd80;
 .timescale -9 -12;
    .port_info 0 /INPUT 32 "operand1";
    .port_info 1 /INPUT 32 "operand2";
    .port_info 2 /INPUT 5 "shamt";
    .port_info 3 /INPUT 4 "funct";
    .port_info 4 /OUTPUT 32 "alu_result";
v0x557bd025e7e0_0 .var "alu_result", 31 0;
v0x557bd01611a0_0 .net "funct", 3 0, v0x557bd00fd680_0;  alias, 1 drivers
v0x557bd014c240_0 .net "operand1", 31 0, L_0x557bd02bd4c0;  alias, 1 drivers
v0x557bd00fb6c0_0 .net "operand2", 31 0, L_0x557bd02be070;  alias, 1 drivers
v0x557bd0291610_0 .net "shamt", 4 0, L_0x557bd02bc710;  alias, 1 drivers
E_0x557bd0141250 .event anyedge, v0x557bd01611a0_0, v0x557bd014c240_0, v0x557bd00fb6c0_0, v0x557bd0291610_0;
S_0x557bd00fc9a0 .scope module, "ctrl" "CTRL" 3 190, 5 6 0, S_0x557bd00fcd80;
 .timescale -9 -12;
    .port_info 0 /INPUT 6 "opcode";
    .port_info 1 /INPUT 6 "funct";
    .port_info 2 /INPUT 3 "state";
    .port_info 3 /OUTPUT 3 "state_next";
    .port_info 4 /OUTPUT 1 "MemRead";
    .port_info 5 /OUTPUT 1 "MemtoReg";
    .port_info 6 /OUTPUT 1 "MemWrite";
    .port_info 7 /OUTPUT 1 "SignExtend";
    .port_info 8 /OUTPUT 1 "RegWrite";
    .port_info 9 /OUTPUT 4 "ALUOp";
    .port_info 10 /OUTPUT 1 "JR";
    .port_info 11 /OUTPUT 1 "SavePC";
    .port_info 12 /OUTPUT 1 "RegDst";
    .port_info 13 /OUTPUT 1 "ALUSrcA";
    .port_info 14 /OUTPUT 2 "ALUSrcB";
    .port_info 15 /OUTPUT 2 "PCSource";
    .port_info 16 /OUTPUT 1 "IRWrite";
    .port_info 17 /OUTPUT 1 "IorD";
    .port_info 18 /OUTPUT 1 "PCWrite";
    .port_info 19 /OUTPUT 1 "PCWriteCond";
v0x557bd00fd680_0 .var "ALUOp", 3 0;
v0x557bd00fd160_0 .var "ALUSrcA", 0 0;
v0x557bd00fd220_0 .var "ALUSrcB", 1 0;
v0x557bd014fdd0_0 .var "IRWrite", 0 0;
v0x557bd014fe90_0 .var "IorD", 0 0;
v0x557bd014f440_0 .var "JR", 0 0;
v0x557bd014f500_0 .var "MemRead", 0 0;
v0x557bd00fc7b0_0 .var "MemWrite", 0 0;
v0x557bd00fc870_0 .var "MemtoReg", 0 0;
v0x557bd00fc5c0_0 .var "PCSource", 1 0;
v0x557bd00fc6a0_0 .var "PCWrite", 0 0;
v0x557bd00fc3d0_0 .var "PCWriteCond", 0 0;
v0x557bd00fc490_0 .var "RegDst", 0 0;
v0x557bd00fc1e0_0 .var "RegWrite", 0 0;
v0x557bd00fc2a0_0 .var "SavePC", 0 0;
v0x557bd00fbff0_0 .var "SignExtend", 0 0;
v0x557bd00fc0b0_0 .net "funct", 5 0, L_0x557bd02bc7f0;  alias, 1 drivers
v0x557bd00fbe00_0 .net "opcode", 5 0, L_0x557bd02bc330;  alias, 1 drivers
v0x557bd00fbee0_0 .net "state", 2 0, v0x557bd02ab4f0_0;  1 drivers
v0x557bd00fbc10_0 .var "state_next", 2 0;
E_0x557bd0141700 .event anyedge, v0x557bd00fbee0_0, v0x557bd00fbe00_0, v0x557bd00fc0b0_0;
S_0x557bd00fb320 .scope module, "mem" "MEM" 3 225, 6 3 0, S_0x557bd00fcd80;
 .timescale -9 -12;
    .port_info 0 /INPUT 1 "clk";
    .port_info 1 /INPUT 1 "rst";
    .port_info 2 /INPUT 32 "mem_addr";
    .port_info 3 /INPUT 1 "MemWrite";
    .port_info 4 /INPUT 32 "mem_write_data";
    .port_info 5 /OUTPUT 32 "mem_read_data";
v0x557bd0109fa0_0 .net "MemWrite", 0 0, v0x557bd00fc7b0_0;  alias, 1 drivers
v0x557bd0109a80_0 .net "clk", 0 0, v0x557bd02ab950_0;  alias, 1 drivers
v0x557bd0109b20_0 .net "mem_addr", 31 0, L_0x557bd02bd330;  alias, 1 drivers
v0x557bd0153170_0 .var "mem_read_data", 31 0;
v0x557bd0153250_0 .net "mem_write_data", 31 0, L_0x557bd0161080;  alias, 1 drivers
v0x557bd010a300 .array "memory", 8191 0, 31 0;
v0x557bd02a6ed0_0 .net "rst", 0 0, v0x557bd02abe20_0;  alias, 1 drivers
E_0x557bd00f8490 .event posedge, v0x557bd0109a80_0;
v0x557bd010a300_0 .array/port v0x557bd010a300, 0;
v0x557bd010a300_1 .array/port v0x557bd010a300, 1;
v0x557bd010a300_2 .array/port v0x557bd010a300, 2;
E_0x557bd010b960/0 .event anyedge, v0x557bd0109b20_0, v0x557bd010a300_0, v0x557bd010a300_1, v0x557bd010a300_2;
v0x557bd010a300_3 .array/port v0x557bd010a300, 3;
v0x557bd010a300_4 .array/port v0x557bd010a300, 4;
v0x557bd010a300_5 .array/port v0x557bd010a300, 5;
v0x557bd010a300_6 .array/port v0x557bd010a300, 6;
E_0x557bd010b960/1 .event anyedge, v0x557bd010a300_3, v0x557bd010a300_4, v0x557bd010a300_5, v0x557bd010a300_6;
v0x557bd010a300_7 .array/port v0x557bd010a300, 7;
v0x557bd010a300_8 .array/port v0x557bd010a300, 8;
v0x557bd010a300_9 .array/port v0x557bd010a300, 9;
v0x557bd010a300_10 .array/port v0x557bd010a300, 10;
E_0x557bd010b960/2 .event anyedge, v0x557bd010a300_7, v0x557bd010a300_8, v0x557bd010a300_9, v0x557bd010a300_10;
v0x557bd010a300_11 .array/port v0x557bd010a300, 11;
v0x557bd010a300_12 .array/port v0x557bd010a300, 12;
v0x557bd010a300_13 .array/port v0x557bd010a300, 13;
v0x557bd010a300_14 .array/port v0x557bd010a300, 14;
E_0x557bd010b960/3 .event anyedge, v0x557bd010a300_11, v0x557bd010a300_12, v0x557bd010a300_13, v0x557bd010a300_14;
v0x557bd010a300_15 .array/port v0x557bd010a300, 15;
v0x557bd010a300_16 .array/port v0x557bd010a300, 16;
v0x557bd010a300_17 .array/port v0x557bd010a300, 17;
v0x557bd010a300_18 .array/port v0x557bd010a300, 18;
E_0x557bd010b960/4 .event anyedge, v0x557bd010a300_15, v0x557bd010a300_16, v0x557bd010a300_17, v0x557bd010a300_18;
v0x557bd010a300_19 .array/port v0x557bd010a300, 19;
v0x557bd010a300_20 .array/port v0x557bd010a300, 20;
v0x557bd010a300_21 .array/port v0x557bd010a300, 21;
v0x557bd010a300_22 .array/port v0x557bd010a300, 22;
E_0x557bd010b960/5 .event anyedge, v0x557bd010a300_19, v0x557bd010a300_20, v0x557bd010a300_21, v0x557bd010a300_22;
v0x557bd010a300_23 .array/port v0x557bd010a300, 23;
v0x557bd010a300_24 .array/port v0x557bd010a300, 24;
v0x557bd010a300_25 .array/port v0x557bd010a300, 25;
v0x557bd010a300_26 .array/port v0x557bd010a300, 26;
E_0x557bd010b960/6 .event anyedge, v0x557bd010a300_23, v0x557bd010a300_24, v0x557bd010a300_25, v0x557bd010a300_26;
v0x557bd010a300_27 .array/port v0x557bd010a300, 27;
v0x557bd010a300_28 .array/port v0x557bd010a300, 28;
v0x557bd010a300_29 .array/port v0x557bd010a300, 29;
v0x557bd010a300_30 .array/port v0x557bd010a300, 30;
E_0x557bd010b960/7 .event anyedge, v0x557bd010a300_27, v0x557bd010a300_28, v0x557bd010a300_29, v0x557bd010a300_30;
v0x557bd010a300_31 .array/port v0x557bd010a300, 31;
v0x557bd010a300_32 .array/port v0x557bd010a300, 32;
v0x557bd010a300_33 .array/port v0x557bd010a300, 33;
v0x557bd010a300_34 .array/port v0x557bd010a300, 34;
E_0x557bd010b960/8 .event anyedge, v0x557bd010a300_31, v0x557bd010a300_32, v0x557bd010a300_33, v0x557bd010a300_34;
v0x557bd010a300_35 .array/port v0x557bd010a300, 35;
v0x557bd010a300_36 .array/port v0x557bd010a300, 36;
v0x557bd010a300_37 .array/port v0x557bd010a300, 37;
v0x557bd010a300_38 .array/port v0x557bd010a300, 38;
E_0x557bd010b960/9 .event anyedge, v0x557bd010a300_35, v0x557bd010a300_36, v0x557bd010a300_37, v0x557bd010a300_38;
v0x557bd010a300_39 .array/port v0x557bd010a300, 39;
v0x557bd010a300_40 .array/port v0x557bd010a300, 40;
v0x557bd010a300_41 .array/port v0x557bd010a300, 41;
v0x557bd010a300_42 .array/port v0x557bd010a300, 42;
E_0x557bd010b960/10 .event anyedge, v0x557bd010a300_39, v0x557bd010a300_40, v0x557bd010a300_41, v0x557bd010a300_42;
v0x557bd010a300_43 .array/port v0x557bd010a300, 43;
v0x557bd010a300_44 .array/port v0x557bd010a300, 44;
v0x557bd010a300_45 .array/port v0x557bd010a300, 45;
v0x557bd010a300_46 .array/port v0x557bd010a300, 46;
E_0x557bd010b960/11 .event anyedge, v0x557bd010a300_43, v0x557bd010a300_44, v0x557bd010a300_45, v0x557bd010a300_46;
v0x557bd010a300_47 .array/port v0x557bd010a300, 47;
v0x557bd010a300_48 .array/port v0x557bd010a300, 48;
v0x557bd010a300_49 .array/port v0x557bd010a300, 49;
v0x557bd010a300_50 .array/port v0x557bd010a300, 50;
E_0x557bd010b960/12 .event anyedge, v0x557bd010a300_47, v0x557bd010a300_48, v0x557bd010a300_49, v0x557bd010a300_50;
v0x557bd010a300_51 .array/port v0x557bd010a300, 51;
v0x557bd010a300_52 .array/port v0x557bd010a300, 52;
v0x557bd010a300_53 .array/port v0x557bd010a300, 53;
v0x557bd010a300_54 .array/port v0x557bd010a300, 54;
E_0x557bd010b960/13 .event anyedge, v0x557bd010a300_51, v0x557bd010a300_52, v0x557bd010a300_53, v0x557bd010a300_54;
v0x557bd010a300_55 .array/port v0x557bd010a300, 55;
v0x557bd010a300_56 .array/port v0x557bd010a300, 56;
v0x557bd010a300_57 .array/port v0x557bd010a300, 57;
v0x557bd010a300_58 .array/port v0x557bd010a300, 58;
E_0x557bd010b960/14 .event anyedge, v0x557bd010a300_55, v0x557bd010a300_56, v0x557bd010a300_57, v0x557bd010a300_58;
v0x557bd010a300_59 .array/port v0x557bd010a300, 59;
v0x557bd010a300_60 .array/port v0x557bd010a300, 60;
v0x557bd010a300_61 .array/port v0x557bd010a300, 61;
v0x557bd010a300_62 .array/port v0x557bd010a300, 62;
E_0x557bd010b960/15 .event anyedge, v0x557bd010a300_59, v0x557bd010a300_60, v0x557bd010a300_61, v0x557bd010a300_62;
v0x557bd010a300_63 .array/port v0x557bd010a300, 63;
v0x557bd010a300_64 .array/port v0x557bd010a300, 64;
v0x557bd010a300_65 .array/port v0x557bd010a300, 65;
v0x557bd010a300_66 .array/port v0x557bd010a300, 66;
E_0x557bd010b960/16 .event anyedge, v0x557bd010a300_63, v0x557bd010a300_64, v0x557bd010a300_65, v0x557bd010a300_66;
v0x557bd010a300_67 .array/port v0x557bd010a300, 67;
v0x557bd010a300_68 .array/port v0x557bd010a300, 68;
v0x557bd010a300_69 .array/port v0x557bd010a300, 69;
v0x557bd010a300_70 .array/port v0x557bd010a300, 70;
E_0x557bd010b960/17 .event anyedge, v0x557bd010a300_67, v0x557bd010a300_68, v0x557bd010a300_69, v0x557bd010a300_70;
v0x557bd010a300_71 .array/port v0x557bd010a300, 71;
v0x557bd010a300_72 .array/port v0x557bd010a300, 72;
v0x557bd010a300_73 .array/port v0x557bd010a300, 73;
v0x557bd010a300_74 .array/port v0x557bd010a300, 74;
E_0x557bd010b960/18 .event anyedge, v0x557bd010a300_71, v0x557bd010a300_72, v0x557bd010a300_73, v0x557bd010a300_74;
v0x557bd010a300_75 .array/port v0x557bd010a300, 75;
v0x557bd010a300_76 .array/port v0x557bd010a300, 76;
v0x557bd010a300_77 .array/port v0x557bd010a300, 77;
v0x557bd010a300_78 .array/port v0x557bd010a300, 78;
E_0x557bd010b960/19 .event anyedge, v0x557bd010a300_75, v0x557bd010a300_76, v0x557bd010a300_77, v0x557bd010a300_78;
v0x557bd010a300_79 .array/port v0x557bd010a300, 79;
v0x557bd010a300_80 .array/port v0x557bd010a300, 80;
v0x557bd010a300_81 .array/port v0x557bd010a300, 81;
v0x557bd010a300_82 .array/port v0x557bd010a300, 82;
E_0x557bd010b960/20 .event anyedge, v0x557bd010a300_79, v0x557bd010a300_80, v0x557bd010a300_81, v0x557bd010a300_82;
v0x557bd010a300_83 .array/port v0x557bd010a300, 83;
v0x557bd010a300_84 .array/port v0x557bd010a300, 84;
v0x557bd010a300_85 .array/port v0x557bd010a300, 85;
v0x557bd010a300_86 .array/port v0x557bd010a300, 86;
E_0x557bd010b960/21 .event anyedge, v0x557bd010a300_83, v0x557bd010a300_84, v0x557bd010a300_85, v0x557bd010a300_86;
v0x557bd010a300_87 .array/port v0x557bd010a300, 87;
v0x557bd010a300_88 .array/port v0x557bd010a300, 88;
v0x557bd010a300_89 .array/port v0x557bd010a300, 89;
v0x557bd010a300_90 .array/port v0x557bd010a300, 90;
E_0x557bd010b960/22 .event anyedge, v0x557bd010a300_87, v0x557bd010a300_88, v0x557bd010a300_89, v0x557bd010a300_90;
v0x557bd010a300_91 .array/port v0x557bd010a300, 91;
v0x557bd010a300_92 .array/port v0x557bd010a300, 92;
v0x557bd010a300_93 .array/port v0x557bd010a300, 93;
v0x557bd010a300_94 .array/port v0x557bd010a300, 94;
E_0x557bd010b960/23 .event anyedge, v0x557bd010a300_91, v0x557bd010a300_92, v0x557bd010a300_93, v0x557bd010a300_94;
v0x557bd010a300_95 .array/port v0x557bd010a300, 95;
v0x557bd010a300_96 .array/port v0x557bd010a300, 96;
v0x557bd010a300_97 .array/port v0x557bd010a300, 97;
v0x557bd010a300_98 .array/port v0x557bd010a300, 98;
E_0x557bd010b960/24 .event anyedge, v0x557bd010a300_95, v0x557bd010a300_96, v0x557bd010a300_97, v0x557bd010a300_98;
v0x557bd010a300_99 .array/port v0x557bd010a300, 99;
v0x557bd010a300_100 .array/port v0x557bd010a300, 100;
v0x557bd010a300_101 .array/port v0x557bd010a300, 101;
v0x557bd010a300_102 .array/port v0x557bd010a300, 102;
E_0x557bd010b960/25 .event anyedge, v0x557bd010a300_99, v0x557bd010a300_100, v0x557bd010a300_101, v0x557bd010a300_102;
v0x557bd010a300_103 .array/port v0x557bd010a300, 103;
v0x557bd010a300_104 .array/port v0x557bd010a300, 104;
v0x557bd010a300_105 .array/port v0x557bd010a300, 105;
v0x557bd010a300_106 .array/port v0x557bd010a300, 106;
E_0x557bd010b960/26 .event anyedge, v0x557bd010a300_103, v0x557bd010a300_104, v0x557bd010a300_105, v0x557bd010a300_106;
v0x557bd010a300_107 .array/port v0x557bd010a300, 107;
v0x557bd010a300_108 .array/port v0x557bd010a300, 108;
v0x557bd010a300_109 .array/port v0x557bd010a300, 109;
v0x557bd010a300_110 .array/port v0x557bd010a300, 110;
E_0x557bd010b960/27 .event anyedge, v0x557bd010a300_107, v0x557bd010a300_108, v0x557bd010a300_109, v0x557bd010a300_110;
v0x557bd010a300_111 .array/port v0x557bd010a300, 111;
v0x557bd010a300_112 .array/port v0x557bd010a300, 112;
v0x557bd010a300_113 .array/port v0x557bd010a300, 113;
v0x557bd010a300_114 .array/port v0x557bd010a300, 114;
E_0x557bd010b960/28 .event anyedge, v0x557bd010a300_111, v0x557bd010a300_112, v0x557bd010a300_113, v0x557bd010a300_114;
v0x557bd010a300_115 .array/port v0x557bd010a300, 115;
v0x557bd010a300_116 .array/port v0x557bd010a300, 116;
v0x557bd010a300_117 .array/port v0x557bd010a300, 117;
v0x557bd010a300_118 .array/port v0x557bd010a300, 118;
E_0x557bd010b960/29 .event anyedge, v0x557bd010a300_115, v0x557bd010a300_116, v0x557bd010a300_117, v0x557bd010a300_118;
v0x557bd010a300_119 .array/port v0x557bd010a300, 119;
v0x557bd010a300_120 .array/port v0x557bd010a300, 120;
v0x557bd010a300_121 .array/port v0x557bd010a300, 121;
v0x557bd010a300_122 .array/port v0x557bd010a300, 122;
E_0x557bd010b960/30 .event anyedge, v0x557bd010a300_119, v0x557bd010a300_120, v0x557bd010a300_121, v0x557bd010a300_122;
v0x557bd010a300_123 .array/port v0x557bd010a300, 123;
v0x557bd010a300_124 .array/port v0x557bd010a300, 124;
v0x557bd010a300_125 .array/port v0x557bd010a300, 125;
v0x557bd010a300_126 .array/port v0x557bd010a300, 126;
E_0x557bd010b960/31 .event anyedge, v0x557bd010a300_123, v0x557bd010a300_124, v0x557bd010a300_125, v0x557bd010a300_126;
v0x557bd010a300_127 .array/port v0x557bd010a300, 127;
v0x557bd010a300_128 .array/port v0x557bd010a300, 128;
v0x557bd010a300_129 .array/port v0x557bd010a300, 129;
v0x557bd010a300_130 .array/port v0x557bd010a300, 130;
E_0x557bd010b960/32 .event anyedge, v0x557bd010a300_127, v0x557bd010a300_128, v0x557bd010a300_129, v0x557bd010a300_130;
v0x557bd010a300_131 .array/port v0x557bd010a300, 131;
v0x557bd010a300_132 .array/port v0x557bd010a300, 132;
v0x557bd010a300_133 .array/port v0x557bd010a300, 133;
v0x557bd010a300_134 .array/port v0x557bd010a300, 134;
E_0x557bd010b960/33 .event anyedge, v0x557bd010a300_131, v0x557bd010a300_132, v0x557bd010a300_133, v0x557bd010a300_134;
v0x557bd010a300_135 .array/port v0x557bd010a300, 135;
v0x557bd010a300_136 .array/port v0x557bd010a300, 136;
v0x557bd010a300_137 .array/port v0x557bd010a300, 137;
v0x557bd010a300_138 .array/port v0x557bd010a300, 138;
E_0x557bd010b960/34 .event anyedge, v0x557bd010a300_135, v0x557bd010a300_136, v0x557bd010a300_137, v0x557bd010a300_138;
v0x557bd010a300_139 .array/port v0x557bd010a300, 139;
v0x557bd010a300_140 .array/port v0x557bd010a300, 140;
v0x557bd010a300_141 .array/port v0x557bd010a300, 141;
v0x557bd010a300_142 .array/port v0x557bd010a300, 142;
E_0x557bd010b960/35 .event anyedge, v0x557bd010a300_139, v0x557bd010a300_140, v0x557bd010a300_141, v0x557bd010a300_142;
v0x557bd010a300_143 .array/port v0x557bd010a300, 143;
v0x557bd010a300_144 .array/port v0x557bd010a300, 144;
v0x557bd010a300_145 .array/port v0x557bd010a300, 145;
v0x557bd010a300_146 .array/port v0x557bd010a300, 146;
E_0x557bd010b960/36 .event anyedge, v0x557bd010a300_143, v0x557bd010a300_144, v0x557bd010a300_145, v0x557bd010a300_146;
v0x557bd010a300_147 .array/port v0x557bd010a300, 147;
v0x557bd010a300_148 .array/port v0x557bd010a300, 148;
v0x557bd010a300_149 .array/port v0x557bd010a300, 149;
v0x557bd010a300_150 .array/port v0x557bd010a300, 150;
E_0x557bd010b960/37 .event anyedge, v0x557bd010a300_147, v0x557bd010a300_148, v0x557bd010a300_149, v0x557bd010a300_150;
v0x557bd010a300_151 .array/port v0x557bd010a300, 151;
v0x557bd010a300_152 .array/port v0x557bd010a300, 152;
v0x557bd010a300_153 .array/port v0x557bd010a300, 153;
v0x557bd010a300_154 .array/port v0x557bd010a300, 154;
E_0x557bd010b960/38 .event anyedge, v0x557bd010a300_151, v0x557bd010a300_152, v0x557bd010a300_153, v0x557bd010a300_154;
v0x557bd010a300_155 .array/port v0x557bd010a300, 155;
v0x557bd010a300_156 .array/port v0x557bd010a300, 156;
v0x557bd010a300_157 .array/port v0x557bd010a300, 157;
v0x557bd010a300_158 .array/port v0x557bd010a300, 158;
E_0x557bd010b960/39 .event anyedge, v0x557bd010a300_155, v0x557bd010a300_156, v0x557bd010a300_157, v0x557bd010a300_158;
v0x557bd010a300_159 .array/port v0x557bd010a300, 159;
v0x557bd010a300_160 .array/port v0x557bd010a300, 160;
v0x557bd010a300_161 .array/port v0x557bd010a300, 161;
v0x557bd010a300_162 .array/port v0x557bd010a300, 162;
E_0x557bd010b960/40 .event anyedge, v0x557bd010a300_159, v0x557bd010a300_160, v0x557bd010a300_161, v0x557bd010a300_162;
v0x557bd010a300_163 .array/port v0x557bd010a300, 163;
v0x557bd010a300_164 .array/port v0x557bd010a300, 164;
v0x557bd010a300_165 .array/port v0x557bd010a300, 165;
v0x557bd010a300_166 .array/port v0x557bd010a300, 166;
E_0x557bd010b960/41 .event anyedge, v0x557bd010a300_163, v0x557bd010a300_164, v0x557bd010a300_165, v0x557bd010a300_166;
v0x557bd010a300_167 .array/port v0x557bd010a300, 167;
v0x557bd010a300_168 .array/port v0x557bd010a300, 168;
v0x557bd010a300_169 .array/port v0x557bd010a300, 169;
v0x557bd010a300_170 .array/port v0x557bd010a300, 170;
E_0x557bd010b960/42 .event anyedge, v0x557bd010a300_167, v0x557bd010a300_168, v0x557bd010a300_169, v0x557bd010a300_170;
v0x557bd010a300_171 .array/port v0x557bd010a300, 171;
v0x557bd010a300_172 .array/port v0x557bd010a300, 172;
v0x557bd010a300_173 .array/port v0x557bd010a300, 173;
v0x557bd010a300_174 .array/port v0x557bd010a300, 174;
E_0x557bd010b960/43 .event anyedge, v0x557bd010a300_171, v0x557bd010a300_172, v0x557bd010a300_173, v0x557bd010a300_174;
v0x557bd010a300_175 .array/port v0x557bd010a300, 175;
v0x557bd010a300_176 .array/port v0x557bd010a300, 176;
v0x557bd010a300_177 .array/port v0x557bd010a300, 177;
v0x557bd010a300_178 .array/port v0x557bd010a300, 178;
E_0x557bd010b960/44 .event anyedge, v0x557bd010a300_175, v0x557bd010a300_176, v0x557bd010a300_177, v0x557bd010a300_178;
v0x557bd010a300_179 .array/port v0x557bd010a300, 179;
v0x557bd010a300_180 .array/port v0x557bd010a300, 180;
v0x557bd010a300_181 .array/port v0x557bd010a300, 181;
v0x557bd010a300_182 .array/port v0x557bd010a300, 182;
E_0x557bd010b960/45 .event anyedge, v0x557bd010a300_179, v0x557bd010a300_180, v0x557bd010a300_181, v0x557bd010a300_182;
v0x557bd010a300_183 .array/port v0x557bd010a300, 183;
v0x557bd010a300_184 .array/port v0x557bd010a300, 184;
v0x557bd010a300_185 .array/port v0x557bd010a300, 185;
v0x557bd010a300_186 .array/port v0x557bd010a300, 186;
E_0x557bd010b960/46 .event anyedge, v0x557bd010a300_183, v0x557bd010a300_184, v0x557bd010a300_185, v0x557bd010a300_186;
v0x557bd010a300_187 .array/port v0x557bd010a300, 187;
v0x557bd010a300_188 .array/port v0x557bd010a300, 188;
v0x557bd010a300_189 .array/port v0x557bd010a300, 189;
v0x557bd010a300_190 .array/port v0x557bd010a300, 190;
E_0x557bd010b960/47 .event anyedge, v0x557bd010a300_187, v0x557bd010a300_188, v0x557bd010a300_189, v0x557bd010a300_190;
v0x557bd010a300_191 .array/port v0x557bd010a300, 191;
v0x557bd010a300_192 .array/port v0x557bd010a300, 192;
v0x557bd010a300_193 .array/port v0x557bd010a300, 193;
v0x557bd010a300_194 .array/port v0x557bd010a300, 194;
E_0x557bd010b960/48 .event anyedge, v0x557bd010a300_191, v0x557bd010a300_192, v0x557bd010a300_193, v0x557bd010a300_194;
v0x557bd010a300_195 .array/port v0x557bd010a300, 195;
v0x557bd010a300_196 .array/port v0x557bd010a300, 196;
v0x557bd010a300_197 .array/port v0x557bd010a300, 197;
v0x557bd010a300_198 .array/port v0x557bd010a300, 198;
E_0x557bd010b960/49 .event anyedge, v0x557bd010a300_195, v0x557bd010a300_196, v0x557bd010a300_197, v0x557bd010a300_198;
v0x557bd010a300_199 .array/port v0x557bd010a300, 199;
v0x557bd010a300_200 .array/port v0x557bd010a300, 200;
v0x557bd010a300_201 .array/port v0x557bd010a300, 201;
v0x557bd010a300_202 .array/port v0x557bd010a300, 202;
E_0x557bd010b960/50 .event anyedge, v0x557bd010a300_199, v0x557bd010a300_200, v0x557bd010a300_201, v0x557bd010a300_202;
v0x557bd010a300_203 .array/port v0x557bd010a300, 203;
v0x557bd010a300_204 .array/port v0x557bd010a300, 204;
v0x557bd010a300_205 .array/port v0x557bd010a300, 205;
v0x557bd010a300_206 .array/port v0x557bd010a300, 206;
E_0x557bd010b960/51 .event anyedge, v0x557bd010a300_203, v0x557bd010a300_204, v0x557bd010a300_205, v0x557bd010a300_206;
v0x557bd010a300_207 .array/port v0x557bd010a300, 207;
v0x557bd010a300_208 .array/port v0x557bd010a300, 208;
v0x557bd010a300_209 .array/port v0x557bd010a300, 209;
v0x557bd010a300_210 .array/port v0x557bd010a300, 210;
E_0x557bd010b960/52 .event anyedge, v0x557bd010a300_207, v0x557bd010a300_208, v0x557bd010a300_209, v0x557bd010a300_210;
v0x557bd010a300_211 .array/port v0x557bd010a300, 211;
v0x557bd010a300_212 .array/port v0x557bd010a300, 212;
v0x557bd010a300_213 .array/port v0x557bd010a300, 213;
v0x557bd010a300_214 .array/port v0x557bd010a300, 214;
E_0x557bd010b960/53 .event anyedge, v0x557bd010a300_211, v0x557bd010a300_212, v0x557bd010a300_213, v0x557bd010a300_214;
v0x557bd010a300_215 .array/port v0x557bd010a300, 215;
v0x557bd010a300_216 .array/port v0x557bd010a300, 216;
v0x557bd010a300_217 .array/port v0x557bd010a300, 217;
v0x557bd010a300_218 .array/port v0x557bd010a300, 218;
E_0x557bd010b960/54 .event anyedge, v0x557bd010a300_215, v0x557bd010a300_216, v0x557bd010a300_217, v0x557bd010a300_218;
v0x557bd010a300_219 .array/port v0x557bd010a300, 219;
v0x557bd010a300_220 .array/port v0x557bd010a300, 220;
v0x557bd010a300_221 .array/port v0x557bd010a300, 221;
v0x557bd010a300_222 .array/port v0x557bd010a300, 222;
E_0x557bd010b960/55 .event anyedge, v0x557bd010a300_219, v0x557bd010a300_220, v0x557bd010a300_221, v0x557bd010a300_222;
v0x557bd010a300_223 .array/port v0x557bd010a300, 223;
v0x557bd010a300_224 .array/port v0x557bd010a300, 224;
v0x557bd010a300_225 .array/port v0x557bd010a300, 225;
v0x557bd010a300_226 .array/port v0x557bd010a300, 226;
E_0x557bd010b960/56 .event anyedge, v0x557bd010a300_223, v0x557bd010a300_224, v0x557bd010a300_225, v0x557bd010a300_226;
v0x557bd010a300_227 .array/port v0x557bd010a300, 227;
v0x557bd010a300_228 .array/port v0x557bd010a300, 228;
v0x557bd010a300_229 .array/port v0x557bd010a300, 229;
v0x557bd010a300_230 .array/port v0x557bd010a300, 230;
E_0x557bd010b960/57 .event anyedge, v0x557bd010a300_227, v0x557bd010a300_228, v0x557bd010a300_229, v0x557bd010a300_230;
v0x557bd010a300_231 .array/port v0x557bd010a300, 231;
v0x557bd010a300_232 .array/port v0x557bd010a300, 232;
v0x557bd010a300_233 .array/port v0x557bd010a300, 233;
v0x557bd010a300_234 .array/port v0x557bd010a300, 234;
E_0x557bd010b960/58 .event anyedge, v0x557bd010a300_231, v0x557bd010a300_232, v0x557bd010a300_233, v0x557bd010a300_234;
v0x557bd010a300_235 .array/port v0x557bd010a300, 235;
v0x557bd010a300_236 .array/port v0x557bd010a300, 236;
v0x557bd010a300_237 .array/port v0x557bd010a300, 237;
v0x557bd010a300_238 .array/port v0x557bd010a300, 238;
E_0x557bd010b960/59 .event anyedge, v0x557bd010a300_235, v0x557bd010a300_236, v0x557bd010a300_237, v0x557bd010a300_238;
v0x557bd010a300_239 .array/port v0x557bd010a300, 239;
v0x557bd010a300_240 .array/port v0x557bd010a300, 240;
v0x557bd010a300_241 .array/port v0x557bd010a300, 241;
v0x557bd010a300_242 .array/port v0x557bd010a300, 242;
E_0x557bd010b960/60 .event anyedge, v0x557bd010a300_239, v0x557bd010a300_240, v0x557bd010a300_241, v0x557bd010a300_242;
v0x557bd010a300_243 .array/port v0x557bd010a300, 243;
v0x557bd010a300_244 .array/port v0x557bd010a300, 244;
v0x557bd010a300_245 .array/port v0x557bd010a300, 245;
v0x557bd010a300_246 .array/port v0x557bd010a300, 246;
E_0x557bd010b960/61 .event anyedge, v0x557bd010a300_243, v0x557bd010a300_244, v0x557bd010a300_245, v0x557bd010a300_246;
v0x557bd010a300_247 .array/port v0x557bd010a300, 247;
v0x557bd010a300_248 .array/port v0x557bd010a300, 248;
v0x557bd010a300_249 .array/port v0x557bd010a300, 249;
v0x557bd010a300_250 .array/port v0x557bd010a300, 250;
E_0x557bd010b960/62 .event anyedge, v0x557bd010a300_247, v0x557bd010a300_248, v0x557bd010a300_249, v0x557bd010a300_250;
v0x557bd010a300_251 .array/port v0x557bd010a300, 251;
v0x557bd010a300_252 .array/port v0x557bd010a300, 252;
v0x557bd010a300_253 .array/port v0x557bd010a300, 253;
v0x557bd010a300_254 .array/port v0x557bd010a300, 254;
E_0x557bd010b960/63 .event anyedge, v0x557bd010a300_251, v0x557bd010a300_252, v0x557bd010a300_253, v0x557bd010a300_254;
v0x557bd010a300_255 .array/port v0x557bd010a300, 255;
v0x557bd010a300_256 .array/port v0x557bd010a300, 256;
v0x557bd010a300_257 .array/port v0x557bd010a300, 257;
v0x557bd010a300_258 .array/port v0x557bd010a300, 258;
E_0x557bd010b960/64 .event anyedge, v0x557bd010a300_255, v0x557bd010a300_256, v0x557bd010a300_257, v0x557bd010a300_258;
v0x557bd010a300_259 .array/port v0x557bd010a300, 259;
v0x557bd010a300_260 .array/port v0x557bd010a300, 260;
v0x557bd010a300_261 .array/port v0x557bd010a300, 261;
v0x557bd010a300_262 .array/port v0x557bd010a300, 262;
E_0x557bd010b960/65 .event anyedge, v0x557bd010a300_259, v0x557bd010a300_260, v0x557bd010a300_261, v0x557bd010a300_262;
v0x557bd010a300_263 .array/port v0x557bd010a300, 263;
v0x557bd010a300_264 .array/port v0x557bd010a300, 264;
v0x557bd010a300_265 .array/port v0x557bd010a300, 265;
v0x557bd010a300_266 .array/port v0x557bd010a300, 266;
E_0x557bd010b960/66 .event anyedge, v0x557bd010a300_263, v0x557bd010a300_264, v0x557bd010a300_265, v0x557bd010a300_266;
v0x557bd010a300_267 .array/port v0x557bd010a300, 267;
v0x557bd010a300_268 .array/port v0x557bd010a300, 268;
v0x557bd010a300_269 .array/port v0x557bd010a300, 269;
v0x557bd010a300_270 .array/port v0x557bd010a300, 270;
E_0x557bd010b960/67 .event anyedge, v0x557bd010a300_267, v0x557bd010a300_268, v0x557bd010a300_269, v0x557bd010a300_270;
v0x557bd010a300_271 .array/port v0x557bd010a300, 271;
v0x557bd010a300_272 .array/port v0x557bd010a300, 272;
v0x557bd010a300_273 .array/port v0x557bd010a300, 273;
v0x557bd010a300_274 .array/port v0x557bd010a300, 274;
E_0x557bd010b960/68 .event anyedge, v0x557bd010a300_271, v0x557bd010a300_272, v0x557bd010a300_273, v0x557bd010a300_274;
v0x557bd010a300_275 .array/port v0x557bd010a300, 275;
v0x557bd010a300_276 .array/port v0x557bd010a300, 276;
v0x557bd010a300_277 .array/port v0x557bd010a300, 277;
v0x557bd010a300_278 .array/port v0x557bd010a300, 278;
E_0x557bd010b960/69 .event anyedge, v0x557bd010a300_275, v0x557bd010a300_276, v0x557bd010a300_277, v0x557bd010a300_278;
v0x557bd010a300_279 .array/port v0x557bd010a300, 279;
v0x557bd010a300_280 .array/port v0x557bd010a300, 280;
v0x557bd010a300_281 .array/port v0x557bd010a300, 281;
v0x557bd010a300_282 .array/port v0x557bd010a300, 282;
E_0x557bd010b960/70 .event anyedge, v0x557bd010a300_279, v0x557bd010a300_280, v0x557bd010a300_281, v0x557bd010a300_282;
v0x557bd010a300_283 .array/port v0x557bd010a300, 283;
v0x557bd010a300_284 .array/port v0x557bd010a300, 284;
v0x557bd010a300_285 .array/port v0x557bd010a300, 285;
v0x557bd010a300_286 .array/port v0x557bd010a300, 286;
E_0x557bd010b960/71 .event anyedge, v0x557bd010a300_283, v0x557bd010a300_284, v0x557bd010a300_285, v0x557bd010a300_286;
v0x557bd010a300_287 .array/port v0x557bd010a300, 287;
v0x557bd010a300_288 .array/port v0x557bd010a300, 288;
v0x557bd010a300_289 .array/port v0x557bd010a300, 289;
v0x557bd010a300_290 .array/port v0x557bd010a300, 290;
E_0x557bd010b960/72 .event anyedge, v0x557bd010a300_287, v0x557bd010a300_288, v0x557bd010a300_289, v0x557bd010a300_290;
v0x557bd010a300_291 .array/port v0x557bd010a300, 291;
v0x557bd010a300_292 .array/port v0x557bd010a300, 292;
v0x557bd010a300_293 .array/port v0x557bd010a300, 293;
v0x557bd010a300_294 .array/port v0x557bd010a300, 294;
E_0x557bd010b960/73 .event anyedge, v0x557bd010a300_291, v0x557bd010a300_292, v0x557bd010a300_293, v0x557bd010a300_294;
v0x557bd010a300_295 .array/port v0x557bd010a300, 295;
v0x557bd010a300_296 .array/port v0x557bd010a300, 296;
v0x557bd010a300_297 .array/port v0x557bd010a300, 297;
v0x557bd010a300_298 .array/port v0x557bd010a300, 298;
E_0x557bd010b960/74 .event anyedge, v0x557bd010a300_295, v0x557bd010a300_296, v0x557bd010a300_297, v0x557bd010a300_298;
v0x557bd010a300_299 .array/port v0x557bd010a300, 299;
v0x557bd010a300_300 .array/port v0x557bd010a300, 300;
v0x557bd010a300_301 .array/port v0x557bd010a300, 301;
v0x557bd010a300_302 .array/port v0x557bd010a300, 302;
E_0x557bd010b960/75 .event anyedge, v0x557bd010a300_299, v0x557bd010a300_300, v0x557bd010a300_301, v0x557bd010a300_302;
v0x557bd010a300_303 .array/port v0x557bd010a300, 303;
v0x557bd010a300_304 .array/port v0x557bd010a300, 304;
v0x557bd010a300_305 .array/port v0x557bd010a300, 305;
v0x557bd010a300_306 .array/port v0x557bd010a300, 306;
E_0x557bd010b960/76 .event anyedge, v0x557bd010a300_303, v0x557bd010a300_304, v0x557bd010a300_305, v0x557bd010a300_306;
v0x557bd010a300_307 .array/port v0x557bd010a300, 307;
v0x557bd010a300_308 .array/port v0x557bd010a300, 308;
v0x557bd010a300_309 .array/port v0x557bd010a300, 309;
v0x557bd010a300_310 .array/port v0x557bd010a300, 310;
E_0x557bd010b960/77 .event anyedge, v0x557bd010a300_307, v0x557bd010a300_308, v0x557bd010a300_309, v0x557bd010a300_310;
v0x557bd010a300_311 .array/port v0x557bd010a300, 311;
v0x557bd010a300_312 .array/port v0x557bd010a300, 312;
v0x557bd010a300_313 .array/port v0x557bd010a300, 313;
v0x557bd010a300_314 .array/port v0x557bd010a300, 314;
E_0x557bd010b960/78 .event anyedge, v0x557bd010a300_311, v0x557bd010a300_312, v0x557bd010a300_313, v0x557bd010a300_314;
v0x557bd010a300_315 .array/port v0x557bd010a300, 315;
v0x557bd010a300_316 .array/port v0x557bd010a300, 316;
v0x557bd010a300_317 .array/port v0x557bd010a300, 317;
v0x557bd010a300_318 .array/port v0x557bd010a300, 318;
E_0x557bd010b960/79 .event anyedge, v0x557bd010a300_315, v0x557bd010a300_316, v0x557bd010a300_317, v0x557bd010a300_318;
v0x557bd010a300_319 .array/port v0x557bd010a300, 319;
v0x557bd010a300_320 .array/port v0x557bd010a300, 320;
v0x557bd010a300_321 .array/port v0x557bd010a300, 321;
v0x557bd010a300_322 .array/port v0x557bd010a300, 322;
E_0x557bd010b960/80 .event anyedge, v0x557bd010a300_319, v0x557bd010a300_320, v0x557bd010a300_321, v0x557bd010a300_322;
v0x557bd010a300_323 .array/port v0x557bd010a300, 323;
v0x557bd010a300_324 .array/port v0x557bd010a300, 324;
v0x557bd010a300_325 .array/port v0x557bd010a300, 325;
v0x557bd010a300_326 .array/port v0x557bd010a300, 326;
E_0x557bd010b960/81 .event anyedge, v0x557bd010a300_323, v0x557bd010a300_324, v0x557bd010a300_325, v0x557bd010a300_326;
v0x557bd010a300_327 .array/port v0x557bd010a300, 327;
v0x557bd010a300_328 .array/port v0x557bd010a300, 328;
v0x557bd010a300_329 .array/port v0x557bd010a300, 329;
v0x557bd010a300_330 .array/port v0x557bd010a300, 330;
E_0x557bd010b960/82 .event anyedge, v0x557bd010a300_327, v0x557bd010a300_328, v0x557bd010a300_329, v0x557bd010a300_330;
v0x557bd010a300_331 .array/port v0x557bd010a300, 331;
v0x557bd010a300_332 .array/port v0x557bd010a300, 332;
v0x557bd010a300_333 .array/port v0x557bd010a300, 333;
v0x557bd010a300_334 .array/port v0x557bd010a300, 334;
E_0x557bd010b960/83 .event anyedge, v0x557bd010a300_331, v0x557bd010a300_332, v0x557bd010a300_333, v0x557bd010a300_334;
v0x557bd010a300_335 .array/port v0x557bd010a300, 335;
v0x557bd010a300_336 .array/port v0x557bd010a300, 336;
v0x557bd010a300_337 .array/port v0x557bd010a300, 337;
v0x557bd010a300_338 .array/port v0x557bd010a300, 338;
E_0x557bd010b960/84 .event anyedge, v0x557bd010a300_335, v0x557bd010a300_336, v0x557bd010a300_337, v0x557bd010a300_338;
v0x557bd010a300_339 .array/port v0x557bd010a300, 339;
v0x557bd010a300_340 .array/port v0x557bd010a300, 340;
v0x557bd010a300_341 .array/port v0x557bd010a300, 341;
v0x557bd010a300_342 .array/port v0x557bd010a300, 342;
E_0x557bd010b960/85 .event anyedge, v0x557bd010a300_339, v0x557bd010a300_340, v0x557bd010a300_341, v0x557bd010a300_342;
v0x557bd010a300_343 .array/port v0x557bd010a300, 343;
v0x557bd010a300_344 .array/port v0x557bd010a300, 344;
v0x557bd010a300_345 .array/port v0x557bd010a300, 345;
v0x557bd010a300_346 .array/port v0x557bd010a300, 346;
E_0x557bd010b960/86 .event anyedge, v0x557bd010a300_343, v0x557bd010a300_344, v0x557bd010a300_345, v0x557bd010a300_346;
v0x557bd010a300_347 .array/port v0x557bd010a300, 347;
v0x557bd010a300_348 .array/port v0x557bd010a300, 348;
v0x557bd010a300_349 .array/port v0x557bd010a300, 349;
v0x557bd010a300_350 .array/port v0x557bd010a300, 350;
E_0x557bd010b960/87 .event anyedge, v0x557bd010a300_347, v0x557bd010a300_348, v0x557bd010a300_349, v0x557bd010a300_350;
v0x557bd010a300_351 .array/port v0x557bd010a300, 351;
v0x557bd010a300_352 .array/port v0x557bd010a300, 352;
v0x557bd010a300_353 .array/port v0x557bd010a300, 353;
v0x557bd010a300_354 .array/port v0x557bd010a300, 354;
E_0x557bd010b960/88 .event anyedge, v0x557bd010a300_351, v0x557bd010a300_352, v0x557bd010a300_353, v0x557bd010a300_354;
v0x557bd010a300_355 .array/port v0x557bd010a300, 355;
v0x557bd010a300_356 .array/port v0x557bd010a300, 356;
v0x557bd010a300_357 .array/port v0x557bd010a300, 357;
v0x557bd010a300_358 .array/port v0x557bd010a300, 358;
E_0x557bd010b960/89 .event anyedge, v0x557bd010a300_355, v0x557bd010a300_356, v0x557bd010a300_357, v0x557bd010a300_358;
v0x557bd010a300_359 .array/port v0x557bd010a300, 359;
v0x557bd010a300_360 .array/port v0x557bd010a300, 360;
v0x557bd010a300_361 .array/port v0x557bd010a300, 361;
v0x557bd010a300_362 .array/port v0x557bd010a300, 362;
E_0x557bd010b960/90 .event anyedge, v0x557bd010a300_359, v0x557bd010a300_360, v0x557bd010a300_361, v0x557bd010a300_362;
v0x557bd010a300_363 .array/port v0x557bd010a300, 363;
v0x557bd010a300_364 .array/port v0x557bd010a300, 364;
v0x557bd010a300_365 .array/port v0x557bd010a300, 365;
v0x557bd010a300_366 .array/port v0x557bd010a300, 366;
E_0x557bd010b960/91 .event anyedge, v0x557bd010a300_363, v0x557bd010a300_364, v0x557bd010a300_365, v0x557bd010a300_366;
v0x557bd010a300_367 .array/port v0x557bd010a300, 367;
v0x557bd010a300_368 .array/port v0x557bd010a300, 368;
v0x557bd010a300_369 .array/port v0x557bd010a300, 369;
v0x557bd010a300_370 .array/port v0x557bd010a300, 370;
E_0x557bd010b960/92 .event anyedge, v0x557bd010a300_367, v0x557bd010a300_368, v0x557bd010a300_369, v0x557bd010a300_370;
v0x557bd010a300_371 .array/port v0x557bd010a300, 371;
v0x557bd010a300_372 .array/port v0x557bd010a300, 372;
v0x557bd010a300_373 .array/port v0x557bd010a300, 373;
v0x557bd010a300_374 .array/port v0x557bd010a300, 374;
E_0x557bd010b960/93 .event anyedge, v0x557bd010a300_371, v0x557bd010a300_372, v0x557bd010a300_373, v0x557bd010a300_374;
v0x557bd010a300_375 .array/port v0x557bd010a300, 375;
v0x557bd010a300_376 .array/port v0x557bd010a300, 376;
v0x557bd010a300_377 .array/port v0x557bd010a300, 377;
v0x557bd010a300_378 .array/port v0x557bd010a300, 378;
E_0x557bd010b960/94 .event anyedge, v0x557bd010a300_375, v0x557bd010a300_376, v0x557bd010a300_377, v0x557bd010a300_378;
v0x557bd010a300_379 .array/port v0x557bd010a300, 379;
v0x557bd010a300_380 .array/port v0x557bd010a300, 380;
v0x557bd010a300_381 .array/port v0x557bd010a300, 381;
v0x557bd010a300_382 .array/port v0x557bd010a300, 382;
E_0x557bd010b960/95 .event anyedge, v0x557bd010a300_379, v0x557bd010a300_380, v0x557bd010a300_381, v0x557bd010a300_382;
v0x557bd010a300_383 .array/port v0x557bd010a300, 383;
v0x557bd010a300_384 .array/port v0x557bd010a300, 384;
v0x557bd010a300_385 .array/port v0x557bd010a300, 385;
v0x557bd010a300_386 .array/port v0x557bd010a300, 386;
E_0x557bd010b960/96 .event anyedge, v0x557bd010a300_383, v0x557bd010a300_384, v0x557bd010a300_385, v0x557bd010a300_386;
v0x557bd010a300_387 .array/port v0x557bd010a300, 387;
v0x557bd010a300_388 .array/port v0x557bd010a300, 388;
v0x557bd010a300_389 .array/port v0x557bd010a300, 389;
v0x557bd010a300_390 .array/port v0x557bd010a300, 390;
E_0x557bd010b960/97 .event anyedge, v0x557bd010a300_387, v0x557bd010a300_388, v0x557bd010a300_389, v0x557bd010a300_390;
v0x557bd010a300_391 .array/port v0x557bd010a300, 391;
v0x557bd010a300_392 .array/port v0x557bd010a300, 392;
v0x557bd010a300_393 .array/port v0x557bd010a300, 393;
v0x557bd010a300_394 .array/port v0x557bd010a300, 394;
E_0x557bd010b960/98 .event anyedge, v0x557bd010a300_391, v0x557bd010a300_392, v0x557bd010a300_393, v0x557bd010a300_394;
v0x557bd010a300_395 .array/port v0x557bd010a300, 395;
v0x557bd010a300_396 .array/port v0x557bd010a300, 396;
v0x557bd010a300_397 .array/port v0x557bd010a300, 397;
v0x557bd010a300_398 .array/port v0x557bd010a300, 398;
E_0x557bd010b960/99 .event anyedge, v0x557bd010a300_395, v0x557bd010a300_396, v0x557bd010a300_397, v0x557bd010a300_398;
v0x557bd010a300_399 .array/port v0x557bd010a300, 399;
v0x557bd010a300_400 .array/port v0x557bd010a300, 400;
v0x557bd010a300_401 .array/port v0x557bd010a300, 401;
v0x557bd010a300_402 .array/port v0x557bd010a300, 402;
E_0x557bd010b960/100 .event anyedge, v0x557bd010a300_399, v0x557bd010a300_400, v0x557bd010a300_401, v0x557bd010a300_402;
v0x557bd010a300_403 .array/port v0x557bd010a300, 403;
v0x557bd010a300_404 .array/port v0x557bd010a300, 404;
v0x557bd010a300_405 .array/port v0x557bd010a300, 405;
v0x557bd010a300_406 .array/port v0x557bd010a300, 406;
E_0x557bd010b960/101 .event anyedge, v0x557bd010a300_403, v0x557bd010a300_404, v0x557bd010a300_405, v0x557bd010a300_406;
v0x557bd010a300_407 .array/port v0x557bd010a300, 407;
v0x557bd010a300_408 .array/port v0x557bd010a300, 408;
v0x557bd010a300_409 .array/port v0x557bd010a300, 409;
v0x557bd010a300_410 .array/port v0x557bd010a300, 410;
E_0x557bd010b960/102 .event anyedge, v0x557bd010a300_407, v0x557bd010a300_408, v0x557bd010a300_409, v0x557bd010a300_410;
v0x557bd010a300_411 .array/port v0x557bd010a300, 411;
v0x557bd010a300_412 .array/port v0x557bd010a300, 412;
v0x557bd010a300_413 .array/port v0x557bd010a300, 413;
v0x557bd010a300_414 .array/port v0x557bd010a300, 414;
E_0x557bd010b960/103 .event anyedge, v0x557bd010a300_411, v0x557bd010a300_412, v0x557bd010a300_413, v0x557bd010a300_414;
v0x557bd010a300_415 .array/port v0x557bd010a300, 415;
v0x557bd010a300_416 .array/port v0x557bd010a300, 416;
v0x557bd010a300_417 .array/port v0x557bd010a300, 417;
v0x557bd010a300_418 .array/port v0x557bd010a300, 418;
E_0x557bd010b960/104 .event anyedge, v0x557bd010a300_415, v0x557bd010a300_416, v0x557bd010a300_417, v0x557bd010a300_418;
v0x557bd010a300_419 .array/port v0x557bd010a300, 419;
v0x557bd010a300_420 .array/port v0x557bd010a300, 420;
v0x557bd010a300_421 .array/port v0x557bd010a300, 421;
v0x557bd010a300_422 .array/port v0x557bd010a300, 422;
E_0x557bd010b960/105 .event anyedge, v0x557bd010a300_419, v0x557bd010a300_420, v0x557bd010a300_421, v0x557bd010a300_422;
v0x557bd010a300_423 .array/port v0x557bd010a300, 423;
v0x557bd010a300_424 .array/port v0x557bd010a300, 424;
v0x557bd010a300_425 .array/port v0x557bd010a300, 425;
v0x557bd010a300_426 .array/port v0x557bd010a300, 426;
E_0x557bd010b960/106 .event anyedge, v0x557bd010a300_423, v0x557bd010a300_424, v0x557bd010a300_425, v0x557bd010a300_426;
v0x557bd010a300_427 .array/port v0x557bd010a300, 427;
v0x557bd010a300_428 .array/port v0x557bd010a300, 428;
v0x557bd010a300_429 .array/port v0x557bd010a300, 429;
v0x557bd010a300_430 .array/port v0x557bd010a300, 430;
E_0x557bd010b960/107 .event anyedge, v0x557bd010a300_427, v0x557bd010a300_428, v0x557bd010a300_429, v0x557bd010a300_430;
v0x557bd010a300_431 .array/port v0x557bd010a300, 431;
v0x557bd010a300_432 .array/port v0x557bd010a300, 432;
v0x557bd010a300_433 .array/port v0x557bd010a300, 433;
v0x557bd010a300_434 .array/port v0x557bd010a300, 434;
E_0x557bd010b960/108 .event anyedge, v0x557bd010a300_431, v0x557bd010a300_432, v0x557bd010a300_433, v0x557bd010a300_434;
v0x557bd010a300_435 .array/port v0x557bd010a300, 435;
v0x557bd010a300_436 .array/port v0x557bd010a300, 436;
v0x557bd010a300_437 .array/port v0x557bd010a300, 437;
v0x557bd010a300_438 .array/port v0x557bd010a300, 438;
E_0x557bd010b960/109 .event anyedge, v0x557bd010a300_435, v0x557bd010a300_436, v0x557bd010a300_437, v0x557bd010a300_438;
v0x557bd010a300_439 .array/port v0x557bd010a300, 439;
v0x557bd010a300_440 .array/port v0x557bd010a300, 440;
v0x557bd010a300_441 .array/port v0x557bd010a300, 441;
v0x557bd010a300_442 .array/port v0x557bd010a300, 442;
E_0x557bd010b960/110 .event anyedge, v0x557bd010a300_439, v0x557bd010a300_440, v0x557bd010a300_441, v0x557bd010a300_442;
v0x557bd010a300_443 .array/port v0x557bd010a300, 443;
v0x557bd010a300_444 .array/port v0x557bd010a300, 444;
v0x557bd010a300_445 .array/port v0x557bd010a300, 445;
v0x557bd010a300_446 .array/port v0x557bd010a300, 446;
E_0x557bd010b960/111 .event anyedge, v0x557bd010a300_443, v0x557bd010a300_444, v0x557bd010a300_445, v0x557bd010a300_446;
v0x557bd010a300_447 .array/port v0x557bd010a300, 447;
v0x557bd010a300_448 .array/port v0x557bd010a300, 448;
v0x557bd010a300_449 .array/port v0x557bd010a300, 449;
v0x557bd010a300_450 .array/port v0x557bd010a300, 450;
E_0x557bd010b960/112 .event anyedge, v0x557bd010a300_447, v0x557bd010a300_448, v0x557bd010a300_449, v0x557bd010a300_450;
v0x557bd010a300_451 .array/port v0x557bd010a300, 451;
v0x557bd010a300_452 .array/port v0x557bd010a300, 452;
v0x557bd010a300_453 .array/port v0x557bd010a300, 453;
v0x557bd010a300_454 .array/port v0x557bd010a300, 454;
E_0x557bd010b960/113 .event anyedge, v0x557bd010a300_451, v0x557bd010a300_452, v0x557bd010a300_453, v0x557bd010a300_454;
v0x557bd010a300_455 .array/port v0x557bd010a300, 455;
v0x557bd010a300_456 .array/port v0x557bd010a300, 456;
v0x557bd010a300_457 .array/port v0x557bd010a300, 457;
v0x557bd010a300_458 .array/port v0x557bd010a300, 458;
E_0x557bd010b960/114 .event anyedge, v0x557bd010a300_455, v0x557bd010a300_456, v0x557bd010a300_457, v0x557bd010a300_458;
v0x557bd010a300_459 .array/port v0x557bd010a300, 459;
v0x557bd010a300_460 .array/port v0x557bd010a300, 460;
v0x557bd010a300_461 .array/port v0x557bd010a300, 461;
v0x557bd010a300_462 .array/port v0x557bd010a300, 462;
E_0x557bd010b960/115 .event anyedge, v0x557bd010a300_459, v0x557bd010a300_460, v0x557bd010a300_461, v0x557bd010a300_462;
v0x557bd010a300_463 .array/port v0x557bd010a300, 463;
v0x557bd010a300_464 .array/port v0x557bd010a300, 464;
v0x557bd010a300_465 .array/port v0x557bd010a300, 465;
v0x557bd010a300_466 .array/port v0x557bd010a300, 466;
E_0x557bd010b960/116 .event anyedge, v0x557bd010a300_463, v0x557bd010a300_464, v0x557bd010a300_465, v0x557bd010a300_466;
v0x557bd010a300_467 .array/port v0x557bd010a300, 467;
v0x557bd010a300_468 .array/port v0x557bd010a300, 468;
v0x557bd010a300_469 .array/port v0x557bd010a300, 469;
v0x557bd010a300_470 .array/port v0x557bd010a300, 470;
E_0x557bd010b960/117 .event anyedge, v0x557bd010a300_467, v0x557bd010a300_468, v0x557bd010a300_469, v0x557bd010a300_470;
v0x557bd010a300_471 .array/port v0x557bd010a300, 471;
v0x557bd010a300_472 .array/port v0x557bd010a300, 472;
v0x557bd010a300_473 .array/port v0x557bd010a300, 473;
v0x557bd010a300_474 .array/port v0x557bd010a300, 474;
E_0x557bd010b960/118 .event anyedge, v0x557bd010a300_471, v0x557bd010a300_472, v0x557bd010a300_473, v0x557bd010a300_474;
v0x557bd010a300_475 .array/port v0x557bd010a300, 475;
v0x557bd010a300_476 .array/port v0x557bd010a300, 476;
v0x557bd010a300_477 .array/port v0x557bd010a300, 477;
v0x557bd010a300_478 .array/port v0x557bd010a300, 478;
E_0x557bd010b960/119 .event anyedge, v0x557bd010a300_475, v0x557bd010a300_476, v0x557bd010a300_477, v0x557bd010a300_478;
v0x557bd010a300_479 .array/port v0x557bd010a300, 479;
v0x557bd010a300_480 .array/port v0x557bd010a300, 480;
v0x557bd010a300_481 .array/port v0x557bd010a300, 481;
v0x557bd010a300_482 .array/port v0x557bd010a300, 482;
E_0x557bd010b960/120 .event anyedge, v0x557bd010a300_479, v0x557bd010a300_480, v0x557bd010a300_481, v0x557bd010a300_482;
v0x557bd010a300_483 .array/port v0x557bd010a300, 483;
v0x557bd010a300_484 .array/port v0x557bd010a300, 484;
v0x557bd010a300_485 .array/port v0x557bd010a300, 485;
v0x557bd010a300_486 .array/port v0x557bd010a300, 486;
E_0x557bd010b960/121 .event anyedge, v0x557bd010a300_483, v0x557bd010a300_484, v0x557bd010a300_485, v0x557bd010a300_486;
v0x557bd010a300_487 .array/port v0x557bd010a300, 487;
v0x557bd010a300_488 .array/port v0x557bd010a300, 488;
v0x557bd010a300_489 .array/port v0x557bd010a300, 489;
v0x557bd010a300_490 .array/port v0x557bd010a300, 490;
E_0x557bd010b960/122 .event anyedge, v0x557bd010a300_487, v0x557bd010a300_488, v0x557bd010a300_489, v0x557bd010a300_490;
v0x557bd010a300_491 .array/port v0x557bd010a300, 491;
v0x557bd010a300_492 .array/port v0x557bd010a300, 492;
v0x557bd010a300_493 .array/port v0x557bd010a300, 493;
v0x557bd010a300_494 .array/port v0x557bd010a300, 494;
E_0x557bd010b960/123 .event anyedge, v0x557bd010a300_491, v0x557bd010a300_492, v0x557bd010a300_493, v0x557bd010a300_494;
v0x557bd010a300_495 .array/port v0x557bd010a300, 495;
v0x557bd010a300_496 .array/port v0x557bd010a300, 496;
v0x557bd010a300_497 .array/port v0x557bd010a300, 497;
v0x557bd010a300_498 .array/port v0x557bd010a300, 498;
E_0x557bd010b960/124 .event anyedge, v0x557bd010a300_495, v0x557bd010a300_496, v0x557bd010a300_497, v0x557bd010a300_498;
v0x557bd010a300_499 .array/port v0x557bd010a300, 499;
v0x557bd010a300_500 .array/port v0x557bd010a300, 500;
v0x557bd010a300_501 .array/port v0x557bd010a300, 501;
v0x557bd010a300_502 .array/port v0x557bd010a300, 502;
E_0x557bd010b960/125 .event anyedge, v0x557bd010a300_499, v0x557bd010a300_500, v0x557bd010a300_501, v0x557bd010a300_502;
v0x557bd010a300_503 .array/port v0x557bd010a300, 503;
v0x557bd010a300_504 .array/port v0x557bd010a300, 504;
v0x557bd010a300_505 .array/port v0x557bd010a300, 505;
v0x557bd010a300_506 .array/port v0x557bd010a300, 506;
E_0x557bd010b960/126 .event anyedge, v0x557bd010a300_503, v0x557bd010a300_504, v0x557bd010a300_505, v0x557bd010a300_506;
v0x557bd010a300_507 .array/port v0x557bd010a300, 507;
v0x557bd010a300_508 .array/port v0x557bd010a300, 508;
v0x557bd010a300_509 .array/port v0x557bd010a300, 509;
v0x557bd010a300_510 .array/port v0x557bd010a300, 510;
E_0x557bd010b960/127 .event anyedge, v0x557bd010a300_507, v0x557bd010a300_508, v0x557bd010a300_509, v0x557bd010a300_510;
v0x557bd010a300_511 .array/port v0x557bd010a300, 511;
v0x557bd010a300_512 .array/port v0x557bd010a300, 512;
v0x557bd010a300_513 .array/port v0x557bd010a300, 513;
v0x557bd010a300_514 .array/port v0x557bd010a300, 514;
E_0x557bd010b960/128 .event anyedge, v0x557bd010a300_511, v0x557bd010a300_512, v0x557bd010a300_513, v0x557bd010a300_514;
v0x557bd010a300_515 .array/port v0x557bd010a300, 515;
v0x557bd010a300_516 .array/port v0x557bd010a300, 516;
v0x557bd010a300_517 .array/port v0x557bd010a300, 517;
v0x557bd010a300_518 .array/port v0x557bd010a300, 518;
E_0x557bd010b960/129 .event anyedge, v0x557bd010a300_515, v0x557bd010a300_516, v0x557bd010a300_517, v0x557bd010a300_518;
v0x557bd010a300_519 .array/port v0x557bd010a300, 519;
v0x557bd010a300_520 .array/port v0x557bd010a300, 520;
v0x557bd010a300_521 .array/port v0x557bd010a300, 521;
v0x557bd010a300_522 .array/port v0x557bd010a300, 522;
E_0x557bd010b960/130 .event anyedge, v0x557bd010a300_519, v0x557bd010a300_520, v0x557bd010a300_521, v0x557bd010a300_522;
v0x557bd010a300_523 .array/port v0x557bd010a300, 523;
v0x557bd010a300_524 .array/port v0x557bd010a300, 524;
v0x557bd010a300_525 .array/port v0x557bd010a300, 525;
v0x557bd010a300_526 .array/port v0x557bd010a300, 526;
E_0x557bd010b960/131 .event anyedge, v0x557bd010a300_523, v0x557bd010a300_524, v0x557bd010a300_525, v0x557bd010a300_526;
v0x557bd010a300_527 .array/port v0x557bd010a300, 527;
v0x557bd010a300_528 .array/port v0x557bd010a300, 528;
v0x557bd010a300_529 .array/port v0x557bd010a300, 529;
v0x557bd010a300_530 .array/port v0x557bd010a300, 530;
E_0x557bd010b960/132 .event anyedge, v0x557bd010a300_527, v0x557bd010a300_528, v0x557bd010a300_529, v0x557bd010a300_530;
v0x557bd010a300_531 .array/port v0x557bd010a300, 531;
v0x557bd010a300_532 .array/port v0x557bd010a300, 532;
v0x557bd010a300_533 .array/port v0x557bd010a300, 533;
v0x557bd010a300_534 .array/port v0x557bd010a300, 534;
E_0x557bd010b960/133 .event anyedge, v0x557bd010a300_531, v0x557bd010a300_532, v0x557bd010a300_533, v0x557bd010a300_534;
v0x557bd010a300_535 .array/port v0x557bd010a300, 535;
v0x557bd010a300_536 .array/port v0x557bd010a300, 536;
v0x557bd010a300_537 .array/port v0x557bd010a300, 537;
v0x557bd010a300_538 .array/port v0x557bd010a300, 538;
E_0x557bd010b960/134 .event anyedge, v0x557bd010a300_535, v0x557bd010a300_536, v0x557bd010a300_537, v0x557bd010a300_538;
v0x557bd010a300_539 .array/port v0x557bd010a300, 539;
v0x557bd010a300_540 .array/port v0x557bd010a300, 540;
v0x557bd010a300_541 .array/port v0x557bd010a300, 541;
v0x557bd010a300_542 .array/port v0x557bd010a300, 542;
E_0x557bd010b960/135 .event anyedge, v0x557bd010a300_539, v0x557bd010a300_540, v0x557bd010a300_541, v0x557bd010a300_542;
v0x557bd010a300_543 .array/port v0x557bd010a300, 543;
v0x557bd010a300_544 .array/port v0x557bd010a300, 544;
v0x557bd010a300_545 .array/port v0x557bd010a300, 545;
v0x557bd010a300_546 .array/port v0x557bd010a300, 546;
E_0x557bd010b960/136 .event anyedge, v0x557bd010a300_543, v0x557bd010a300_544, v0x557bd010a300_545, v0x557bd010a300_546;
v0x557bd010a300_547 .array/port v0x557bd010a300, 547;
v0x557bd010a300_548 .array/port v0x557bd010a300, 548;
v0x557bd010a300_549 .array/port v0x557bd010a300, 549;
v0x557bd010a300_550 .array/port v0x557bd010a300, 550;
E_0x557bd010b960/137 .event anyedge, v0x557bd010a300_547, v0x557bd010a300_548, v0x557bd010a300_549, v0x557bd010a300_550;
v0x557bd010a300_551 .array/port v0x557bd010a300, 551;
v0x557bd010a300_552 .array/port v0x557bd010a300, 552;
v0x557bd010a300_553 .array/port v0x557bd010a300, 553;
v0x557bd010a300_554 .array/port v0x557bd010a300, 554;
E_0x557bd010b960/138 .event anyedge, v0x557bd010a300_551, v0x557bd010a300_552, v0x557bd010a300_553, v0x557bd010a300_554;
v0x557bd010a300_555 .array/port v0x557bd010a300, 555;
v0x557bd010a300_556 .array/port v0x557bd010a300, 556;
v0x557bd010a300_557 .array/port v0x557bd010a300, 557;
v0x557bd010a300_558 .array/port v0x557bd010a300, 558;
E_0x557bd010b960/139 .event anyedge, v0x557bd010a300_555, v0x557bd010a300_556, v0x557bd010a300_557, v0x557bd010a300_558;
v0x557bd010a300_559 .array/port v0x557bd010a300, 559;
v0x557bd010a300_560 .array/port v0x557bd010a300, 560;
v0x557bd010a300_561 .array/port v0x557bd010a300, 561;
v0x557bd010a300_562 .array/port v0x557bd010a300, 562;
E_0x557bd010b960/140 .event anyedge, v0x557bd010a300_559, v0x557bd010a300_560, v0x557bd010a300_561, v0x557bd010a300_562;
v0x557bd010a300_563 .array/port v0x557bd010a300, 563;
v0x557bd010a300_564 .array/port v0x557bd010a300, 564;
v0x557bd010a300_565 .array/port v0x557bd010a300, 565;
v0x557bd010a300_566 .array/port v0x557bd010a300, 566;
E_0x557bd010b960/141 .event anyedge, v0x557bd010a300_563, v0x557bd010a300_564, v0x557bd010a300_565, v0x557bd010a300_566;
v0x557bd010a300_567 .array/port v0x557bd010a300, 567;
v0x557bd010a300_568 .array/port v0x557bd010a300, 568;
v0x557bd010a300_569 .array/port v0x557bd010a300, 569;
v0x557bd010a300_570 .array/port v0x557bd010a300, 570;
E_0x557bd010b960/142 .event anyedge, v0x557bd010a300_567, v0x557bd010a300_568, v0x557bd010a300_569, v0x557bd010a300_570;
v0x557bd010a300_571 .array/port v0x557bd010a300, 571;
v0x557bd010a300_572 .array/port v0x557bd010a300, 572;
v0x557bd010a300_573 .array/port v0x557bd010a300, 573;
v0x557bd010a300_574 .array/port v0x557bd010a300, 574;
E_0x557bd010b960/143 .event anyedge, v0x557bd010a300_571, v0x557bd010a300_572, v0x557bd010a300_573, v0x557bd010a300_574;
v0x557bd010a300_575 .array/port v0x557bd010a300, 575;
v0x557bd010a300_576 .array/port v0x557bd010a300, 576;
v0x557bd010a300_577 .array/port v0x557bd010a300, 577;
v0x557bd010a300_578 .array/port v0x557bd010a300, 578;
E_0x557bd010b960/144 .event anyedge, v0x557bd010a300_575, v0x557bd010a300_576, v0x557bd010a300_577, v0x557bd010a300_578;
v0x557bd010a300_579 .array/port v0x557bd010a300, 579;
v0x557bd010a300_580 .array/port v0x557bd010a300, 580;
v0x557bd010a300_581 .array/port v0x557bd010a300, 581;
v0x557bd010a300_582 .array/port v0x557bd010a300, 582;
E_0x557bd010b960/145 .event anyedge, v0x557bd010a300_579, v0x557bd010a300_580, v0x557bd010a300_581, v0x557bd010a300_582;
v0x557bd010a300_583 .array/port v0x557bd010a300, 583;
v0x557bd010a300_584 .array/port v0x557bd010a300, 584;
v0x557bd010a300_585 .array/port v0x557bd010a300, 585;
v0x557bd010a300_586 .array/port v0x557bd010a300, 586;
E_0x557bd010b960/146 .event anyedge, v0x557bd010a300_583, v0x557bd010a300_584, v0x557bd010a300_585, v0x557bd010a300_586;
v0x557bd010a300_587 .array/port v0x557bd010a300, 587;
v0x557bd010a300_588 .array/port v0x557bd010a300, 588;
v0x557bd010a300_589 .array/port v0x557bd010a300, 589;
v0x557bd010a300_590 .array/port v0x557bd010a300, 590;
E_0x557bd010b960/147 .event anyedge, v0x557bd010a300_587, v0x557bd010a300_588, v0x557bd010a300_589, v0x557bd010a300_590;
v0x557bd010a300_591 .array/port v0x557bd010a300, 591;
v0x557bd010a300_592 .array/port v0x557bd010a300, 592;
v0x557bd010a300_593 .array/port v0x557bd010a300, 593;
v0x557bd010a300_594 .array/port v0x557bd010a300, 594;
E_0x557bd010b960/148 .event anyedge, v0x557bd010a300_591, v0x557bd010a300_592, v0x557bd010a300_593, v0x557bd010a300_594;
v0x557bd010a300_595 .array/port v0x557bd010a300, 595;
v0x557bd010a300_596 .array/port v0x557bd010a300, 596;
v0x557bd010a300_597 .array/port v0x557bd010a300, 597;
v0x557bd010a300_598 .array/port v0x557bd010a300, 598;
E_0x557bd010b960/149 .event anyedge, v0x557bd010a300_595, v0x557bd010a300_596, v0x557bd010a300_597, v0x557bd010a300_598;
v0x557bd010a300_599 .array/port v0x557bd010a300, 599;
v0x557bd010a300_600 .array/port v0x557bd010a300, 600;
v0x557bd010a300_601 .array/port v0x557bd010a300, 601;
v0x557bd010a300_602 .array/port v0x557bd010a300, 602;
E_0x557bd010b960/150 .event anyedge, v0x557bd010a300_599, v0x557bd010a300_600, v0x557bd010a300_601, v0x557bd010a300_602;
v0x557bd010a300_603 .array/port v0x557bd010a300, 603;
v0x557bd010a300_604 .array/port v0x557bd010a300, 604;
v0x557bd010a300_605 .array/port v0x557bd010a300, 605;
v0x557bd010a300_606 .array/port v0x557bd010a300, 606;
E_0x557bd010b960/151 .event anyedge, v0x557bd010a300_603, v0x557bd010a300_604, v0x557bd010a300_605, v0x557bd010a300_606;
v0x557bd010a300_607 .array/port v0x557bd010a300, 607;
v0x557bd010a300_608 .array/port v0x557bd010a300, 608;
v0x557bd010a300_609 .array/port v0x557bd010a300, 609;
v0x557bd010a300_610 .array/port v0x557bd010a300, 610;
E_0x557bd010b960/152 .event anyedge, v0x557bd010a300_607, v0x557bd010a300_608, v0x557bd010a300_609, v0x557bd010a300_610;
v0x557bd010a300_611 .array/port v0x557bd010a300, 611;
v0x557bd010a300_612 .array/port v0x557bd010a300, 612;
v0x557bd010a300_613 .array/port v0x557bd010a300, 613;
v0x557bd010a300_614 .array/port v0x557bd010a300, 614;
E_0x557bd010b960/153 .event anyedge, v0x557bd010a300_611, v0x557bd010a300_612, v0x557bd010a300_613, v0x557bd010a300_614;
v0x557bd010a300_615 .array/port v0x557bd010a300, 615;
v0x557bd010a300_616 .array/port v0x557bd010a300, 616;
v0x557bd010a300_617 .array/port v0x557bd010a300, 617;
v0x557bd010a300_618 .array/port v0x557bd010a300, 618;
E_0x557bd010b960/154 .event anyedge, v0x557bd010a300_615, v0x557bd010a300_616, v0x557bd010a300_617, v0x557bd010a300_618;
v0x557bd010a300_619 .array/port v0x557bd010a300, 619;
v0x557bd010a300_620 .array/port v0x557bd010a300, 620;
v0x557bd010a300_621 .array/port v0x557bd010a300, 621;
v0x557bd010a300_622 .array/port v0x557bd010a300, 622;
E_0x557bd010b960/155 .event anyedge, v0x557bd010a300_619, v0x557bd010a300_620, v0x557bd010a300_621, v0x557bd010a300_622;
v0x557bd010a300_623 .array/port v0x557bd010a300, 623;
v0x557bd010a300_624 .array/port v0x557bd010a300, 624;
v0x557bd010a300_625 .array/port v0x557bd010a300, 625;
v0x557bd010a300_626 .array/port v0x557bd010a300, 626;
E_0x557bd010b960/156 .event anyedge, v0x557bd010a300_623, v0x557bd010a300_624, v0x557bd010a300_625, v0x557bd010a300_626;
v0x557bd010a300_627 .array/port v0x557bd010a300, 627;
v0x557bd010a300_628 .array/port v0x557bd010a300, 628;
v0x557bd010a300_629 .array/port v0x557bd010a300, 629;
v0x557bd010a300_630 .array/port v0x557bd010a300, 630;
E_0x557bd010b960/157 .event anyedge, v0x557bd010a300_627, v0x557bd010a300_628, v0x557bd010a300_629, v0x557bd010a300_630;
v0x557bd010a300_631 .array/port v0x557bd010a300, 631;
v0x557bd010a300_632 .array/port v0x557bd010a300, 632;
v0x557bd010a300_633 .array/port v0x557bd010a300, 633;
v0x557bd010a300_634 .array/port v0x557bd010a300, 634;
E_0x557bd010b960/158 .event anyedge, v0x557bd010a300_631, v0x557bd010a300_632, v0x557bd010a300_633, v0x557bd010a300_634;
v0x557bd010a300_635 .array/port v0x557bd010a300, 635;
v0x557bd010a300_636 .array/port v0x557bd010a300, 636;
v0x557bd010a300_637 .array/port v0x557bd010a300, 637;
v0x557bd010a300_638 .array/port v0x557bd010a300, 638;
E_0x557bd010b960/159 .event anyedge, v0x557bd010a300_635, v0x557bd010a300_636, v0x557bd010a300_637, v0x557bd010a300_638;
v0x557bd010a300_639 .array/port v0x557bd010a300, 639;
v0x557bd010a300_640 .array/port v0x557bd010a300, 640;
v0x557bd010a300_641 .array/port v0x557bd010a300, 641;
v0x557bd010a300_642 .array/port v0x557bd010a300, 642;
E_0x557bd010b960/160 .event anyedge, v0x557bd010a300_639, v0x557bd010a300_640, v0x557bd010a300_641, v0x557bd010a300_642;
v0x557bd010a300_643 .array/port v0x557bd010a300, 643;
v0x557bd010a300_644 .array/port v0x557bd010a300, 644;
v0x557bd010a300_645 .array/port v0x557bd010a300, 645;
v0x557bd010a300_646 .array/port v0x557bd010a300, 646;
E_0x557bd010b960/161 .event anyedge, v0x557bd010a300_643, v0x557bd010a300_644, v0x557bd010a300_645, v0x557bd010a300_646;
v0x557bd010a300_647 .array/port v0x557bd010a300, 647;
v0x557bd010a300_648 .array/port v0x557bd010a300, 648;
v0x557bd010a300_649 .array/port v0x557bd010a300, 649;
v0x557bd010a300_650 .array/port v0x557bd010a300, 650;
E_0x557bd010b960/162 .event anyedge, v0x557bd010a300_647, v0x557bd010a300_648, v0x557bd010a300_649, v0x557bd010a300_650;
v0x557bd010a300_651 .array/port v0x557bd010a300, 651;
v0x557bd010a300_652 .array/port v0x557bd010a300, 652;
v0x557bd010a300_653 .array/port v0x557bd010a300, 653;
v0x557bd010a300_654 .array/port v0x557bd010a300, 654;
E_0x557bd010b960/163 .event anyedge, v0x557bd010a300_651, v0x557bd010a300_652, v0x557bd010a300_653, v0x557bd010a300_654;
v0x557bd010a300_655 .array/port v0x557bd010a300, 655;
v0x557bd010a300_656 .array/port v0x557bd010a300, 656;
v0x557bd010a300_657 .array/port v0x557bd010a300, 657;
v0x557bd010a300_658 .array/port v0x557bd010a300, 658;
E_0x557bd010b960/164 .event anyedge, v0x557bd010a300_655, v0x557bd010a300_656, v0x557bd010a300_657, v0x557bd010a300_658;
v0x557bd010a300_659 .array/port v0x557bd010a300, 659;
v0x557bd010a300_660 .array/port v0x557bd010a300, 660;
v0x557bd010a300_661 .array/port v0x557bd010a300, 661;
v0x557bd010a300_662 .array/port v0x557bd010a300, 662;
E_0x557bd010b960/165 .event anyedge, v0x557bd010a300_659, v0x557bd010a300_660, v0x557bd010a300_661, v0x557bd010a300_662;
v0x557bd010a300_663 .array/port v0x557bd010a300, 663;
v0x557bd010a300_664 .array/port v0x557bd010a300, 664;
v0x557bd010a300_665 .array/port v0x557bd010a300, 665;
v0x557bd010a300_666 .array/port v0x557bd010a300, 666;
E_0x557bd010b960/166 .event anyedge, v0x557bd010a300_663, v0x557bd010a300_664, v0x557bd010a300_665, v0x557bd010a300_666;
v0x557bd010a300_667 .array/port v0x557bd010a300, 667;
v0x557bd010a300_668 .array/port v0x557bd010a300, 668;
v0x557bd010a300_669 .array/port v0x557bd010a300, 669;
v0x557bd010a300_670 .array/port v0x557bd010a300, 670;
E_0x557bd010b960/167 .event anyedge, v0x557bd010a300_667, v0x557bd010a300_668, v0x557bd010a300_669, v0x557bd010a300_670;
v0x557bd010a300_671 .array/port v0x557bd010a300, 671;
v0x557bd010a300_672 .array/port v0x557bd010a300, 672;
v0x557bd010a300_673 .array/port v0x557bd010a300, 673;
v0x557bd010a300_674 .array/port v0x557bd010a300, 674;
E_0x557bd010b960/168 .event anyedge, v0x557bd010a300_671, v0x557bd010a300_672, v0x557bd010a300_673, v0x557bd010a300_674;
v0x557bd010a300_675 .array/port v0x557bd010a300, 675;
v0x557bd010a300_676 .array/port v0x557bd010a300, 676;
v0x557bd010a300_677 .array/port v0x557bd010a300, 677;
v0x557bd010a300_678 .array/port v0x557bd010a300, 678;
E_0x557bd010b960/169 .event anyedge, v0x557bd010a300_675, v0x557bd010a300_676, v0x557bd010a300_677, v0x557bd010a300_678;
v0x557bd010a300_679 .array/port v0x557bd010a300, 679;
v0x557bd010a300_680 .array/port v0x557bd010a300, 680;
v0x557bd010a300_681 .array/port v0x557bd010a300, 681;
v0x557bd010a300_682 .array/port v0x557bd010a300, 682;
E_0x557bd010b960/170 .event anyedge, v0x557bd010a300_679, v0x557bd010a300_680, v0x557bd010a300_681, v0x557bd010a300_682;
v0x557bd010a300_683 .array/port v0x557bd010a300, 683;
v0x557bd010a300_684 .array/port v0x557bd010a300, 684;
v0x557bd010a300_685 .array/port v0x557bd010a300, 685;
v0x557bd010a300_686 .array/port v0x557bd010a300, 686;
E_0x557bd010b960/171 .event anyedge, v0x557bd010a300_683, v0x557bd010a300_684, v0x557bd010a300_685, v0x557bd010a300_686;
v0x557bd010a300_687 .array/port v0x557bd010a300, 687;
v0x557bd010a300_688 .array/port v0x557bd010a300, 688;
v0x557bd010a300_689 .array/port v0x557bd010a300, 689;
v0x557bd010a300_690 .array/port v0x557bd010a300, 690;
E_0x557bd010b960/172 .event anyedge, v0x557bd010a300_687, v0x557bd010a300_688, v0x557bd010a300_689, v0x557bd010a300_690;
v0x557bd010a300_691 .array/port v0x557bd010a300, 691;
v0x557bd010a300_692 .array/port v0x557bd010a300, 692;
v0x557bd010a300_693 .array/port v0x557bd010a300, 693;
v0x557bd010a300_694 .array/port v0x557bd010a300, 694;
E_0x557bd010b960/173 .event anyedge, v0x557bd010a300_691, v0x557bd010a300_692, v0x557bd010a300_693, v0x557bd010a300_694;
v0x557bd010a300_695 .array/port v0x557bd010a300, 695;
v0x557bd010a300_696 .array/port v0x557bd010a300, 696;
v0x557bd010a300_697 .array/port v0x557bd010a300, 697;
v0x557bd010a300_698 .array/port v0x557bd010a300, 698;
E_0x557bd010b960/174 .event anyedge, v0x557bd010a300_695, v0x557bd010a300_696, v0x557bd010a300_697, v0x557bd010a300_698;
v0x557bd010a300_699 .array/port v0x557bd010a300, 699;
v0x557bd010a300_700 .array/port v0x557bd010a300, 700;
v0x557bd010a300_701 .array/port v0x557bd010a300, 701;
v0x557bd010a300_702 .array/port v0x557bd010a300, 702;
E_0x557bd010b960/175 .event anyedge, v0x557bd010a300_699, v0x557bd010a300_700, v0x557bd010a300_701, v0x557bd010a300_702;
v0x557bd010a300_703 .array/port v0x557bd010a300, 703;
v0x557bd010a300_704 .array/port v0x557bd010a300, 704;
v0x557bd010a300_705 .array/port v0x557bd010a300, 705;
v0x557bd010a300_706 .array/port v0x557bd010a300, 706;
E_0x557bd010b960/176 .event anyedge, v0x557bd010a300_703, v0x557bd010a300_704, v0x557bd010a300_705, v0x557bd010a300_706;
v0x557bd010a300_707 .array/port v0x557bd010a300, 707;
v0x557bd010a300_708 .array/port v0x557bd010a300, 708;
v0x557bd010a300_709 .array/port v0x557bd010a300, 709;
v0x557bd010a300_710 .array/port v0x557bd010a300, 710;
E_0x557bd010b960/177 .event anyedge, v0x557bd010a300_707, v0x557bd010a300_708, v0x557bd010a300_709, v0x557bd010a300_710;
v0x557bd010a300_711 .array/port v0x557bd010a300, 711;
v0x557bd010a300_712 .array/port v0x557bd010a300, 712;
v0x557bd010a300_713 .array/port v0x557bd010a300, 713;
v0x557bd010a300_714 .array/port v0x557bd010a300, 714;
E_0x557bd010b960/178 .event anyedge, v0x557bd010a300_711, v0x557bd010a300_712, v0x557bd010a300_713, v0x557bd010a300_714;
v0x557bd010a300_715 .array/port v0x557bd010a300, 715;
v0x557bd010a300_716 .array/port v0x557bd010a300, 716;
v0x557bd010a300_717 .array/port v0x557bd010a300, 717;
v0x557bd010a300_718 .array/port v0x557bd010a300, 718;
E_0x557bd010b960/179 .event anyedge, v0x557bd010a300_715, v0x557bd010a300_716, v0x557bd010a300_717, v0x557bd010a300_718;
v0x557bd010a300_719 .array/port v0x557bd010a300, 719;
v0x557bd010a300_720 .array/port v0x557bd010a300, 720;
v0x557bd010a300_721 .array/port v0x557bd010a300, 721;
v0x557bd010a300_722 .array/port v0x557bd010a300, 722;
E_0x557bd010b960/180 .event anyedge, v0x557bd010a300_719, v0x557bd010a300_720, v0x557bd010a300_721, v0x557bd010a300_722;
v0x557bd010a300_723 .array/port v0x557bd010a300, 723;
v0x557bd010a300_724 .array/port v0x557bd010a300, 724;
v0x557bd010a300_725 .array/port v0x557bd010a300, 725;
v0x557bd010a300_726 .array/port v0x557bd010a300, 726;
E_0x557bd010b960/181 .event anyedge, v0x557bd010a300_723, v0x557bd010a300_724, v0x557bd010a300_725, v0x557bd010a300_726;
v0x557bd010a300_727 .array/port v0x557bd010a300, 727;
v0x557bd010a300_728 .array/port v0x557bd010a300, 728;
v0x557bd010a300_729 .array/port v0x557bd010a300, 729;
v0x557bd010a300_730 .array/port v0x557bd010a300, 730;
E_0x557bd010b960/182 .event anyedge, v0x557bd010a300_727, v0x557bd010a300_728, v0x557bd010a300_729, v0x557bd010a300_730;
v0x557bd010a300_731 .array/port v0x557bd010a300, 731;
v0x557bd010a300_732 .array/port v0x557bd010a300, 732;
v0x557bd010a300_733 .array/port v0x557bd010a300, 733;
v0x557bd010a300_734 .array/port v0x557bd010a300, 734;
E_0x557bd010b960/183 .event anyedge, v0x557bd010a300_731, v0x557bd010a300_732, v0x557bd010a300_733, v0x557bd010a300_734;
v0x557bd010a300_735 .array/port v0x557bd010a300, 735;
v0x557bd010a300_736 .array/port v0x557bd010a300, 736;
v0x557bd010a300_737 .array/port v0x557bd010a300, 737;
v0x557bd010a300_738 .array/port v0x557bd010a300, 738;
E_0x557bd010b960/184 .event anyedge, v0x557bd010a300_735, v0x557bd010a300_736, v0x557bd010a300_737, v0x557bd010a300_738;
v0x557bd010a300_739 .array/port v0x557bd010a300, 739;
v0x557bd010a300_740 .array/port v0x557bd010a300, 740;
v0x557bd010a300_741 .array/port v0x557bd010a300, 741;
v0x557bd010a300_742 .array/port v0x557bd010a300, 742;
E_0x557bd010b960/185 .event anyedge, v0x557bd010a300_739, v0x557bd010a300_740, v0x557bd010a300_741, v0x557bd010a300_742;
v0x557bd010a300_743 .array/port v0x557bd010a300, 743;
v0x557bd010a300_744 .array/port v0x557bd010a300, 744;
v0x557bd010a300_745 .array/port v0x557bd010a300, 745;
v0x557bd010a300_746 .array/port v0x557bd010a300, 746;
E_0x557bd010b960/186 .event anyedge, v0x557bd010a300_743, v0x557bd010a300_744, v0x557bd010a300_745, v0x557bd010a300_746;
v0x557bd010a300_747 .array/port v0x557bd010a300, 747;
v0x557bd010a300_748 .array/port v0x557bd010a300, 748;
v0x557bd010a300_749 .array/port v0x557bd010a300, 749;
v0x557bd010a300_750 .array/port v0x557bd010a300, 750;
E_0x557bd010b960/187 .event anyedge, v0x557bd010a300_747, v0x557bd010a300_748, v0x557bd010a300_749, v0x557bd010a300_750;
v0x557bd010a300_751 .array/port v0x557bd010a300, 751;
v0x557bd010a300_752 .array/port v0x557bd010a300, 752;
v0x557bd010a300_753 .array/port v0x557bd010a300, 753;
v0x557bd010a300_754 .array/port v0x557bd010a300, 754;
E_0x557bd010b960/188 .event anyedge, v0x557bd010a300_751, v0x557bd010a300_752, v0x557bd010a300_753, v0x557bd010a300_754;
v0x557bd010a300_755 .array/port v0x557bd010a300, 755;
v0x557bd010a300_756 .array/port v0x557bd010a300, 756;
v0x557bd010a300_757 .array/port v0x557bd010a300, 757;
v0x557bd010a300_758 .array/port v0x557bd010a300, 758;
E_0x557bd010b960/189 .event anyedge, v0x557bd010a300_755, v0x557bd010a300_756, v0x557bd010a300_757, v0x557bd010a300_758;
v0x557bd010a300_759 .array/port v0x557bd010a300, 759;
v0x557bd010a300_760 .array/port v0x557bd010a300, 760;
v0x557bd010a300_761 .array/port v0x557bd010a300, 761;
v0x557bd010a300_762 .array/port v0x557bd010a300, 762;
E_0x557bd010b960/190 .event anyedge, v0x557bd010a300_759, v0x557bd010a300_760, v0x557bd010a300_761, v0x557bd010a300_762;
v0x557bd010a300_763 .array/port v0x557bd010a300, 763;
v0x557bd010a300_764 .array/port v0x557bd010a300, 764;
v0x557bd010a300_765 .array/port v0x557bd010a300, 765;
v0x557bd010a300_766 .array/port v0x557bd010a300, 766;
E_0x557bd010b960/191 .event anyedge, v0x557bd010a300_763, v0x557bd010a300_764, v0x557bd010a300_765, v0x557bd010a300_766;
v0x557bd010a300_767 .array/port v0x557bd010a300, 767;
v0x557bd010a300_768 .array/port v0x557bd010a300, 768;
v0x557bd010a300_769 .array/port v0x557bd010a300, 769;
v0x557bd010a300_770 .array/port v0x557bd010a300, 770;
E_0x557bd010b960/192 .event anyedge, v0x557bd010a300_767, v0x557bd010a300_768, v0x557bd010a300_769, v0x557bd010a300_770;
v0x557bd010a300_771 .array/port v0x557bd010a300, 771;
v0x557bd010a300_772 .array/port v0x557bd010a300, 772;
v0x557bd010a300_773 .array/port v0x557bd010a300, 773;
v0x557bd010a300_774 .array/port v0x557bd010a300, 774;
E_0x557bd010b960/193 .event anyedge, v0x557bd010a300_771, v0x557bd010a300_772, v0x557bd010a300_773, v0x557bd010a300_774;
v0x557bd010a300_775 .array/port v0x557bd010a300, 775;
v0x557bd010a300_776 .array/port v0x557bd010a300, 776;
v0x557bd010a300_777 .array/port v0x557bd010a300, 777;
v0x557bd010a300_778 .array/port v0x557bd010a300, 778;
E_0x557bd010b960/194 .event anyedge, v0x557bd010a300_775, v0x557bd010a300_776, v0x557bd010a300_777, v0x557bd010a300_778;
v0x557bd010a300_779 .array/port v0x557bd010a300, 779;
v0x557bd010a300_780 .array/port v0x557bd010a300, 780;
v0x557bd010a300_781 .array/port v0x557bd010a300, 781;
v0x557bd010a300_782 .array/port v0x557bd010a300, 782;
E_0x557bd010b960/195 .event anyedge, v0x557bd010a300_779, v0x557bd010a300_780, v0x557bd010a300_781, v0x557bd010a300_782;
v0x557bd010a300_783 .array/port v0x557bd010a300, 783;
v0x557bd010a300_784 .array/port v0x557bd010a300, 784;
v0x557bd010a300_785 .array/port v0x557bd010a300, 785;
v0x557bd010a300_786 .array/port v0x557bd010a300, 786;
E_0x557bd010b960/196 .event anyedge, v0x557bd010a300_783, v0x557bd010a300_784, v0x557bd010a300_785, v0x557bd010a300_786;
v0x557bd010a300_787 .array/port v0x557bd010a300, 787;
v0x557bd010a300_788 .array/port v0x557bd010a300, 788;
v0x557bd010a300_789 .array/port v0x557bd010a300, 789;
v0x557bd010a300_790 .array/port v0x557bd010a300, 790;
E_0x557bd010b960/197 .event anyedge, v0x557bd010a300_787, v0x557bd010a300_788, v0x557bd010a300_789, v0x557bd010a300_790;
v0x557bd010a300_791 .array/port v0x557bd010a300, 791;
v0x557bd010a300_792 .array/port v0x557bd010a300, 792;
v0x557bd010a300_793 .array/port v0x557bd010a300, 793;
v0x557bd010a300_794 .array/port v0x557bd010a300, 794;
E_0x557bd010b960/198 .event anyedge, v0x557bd010a300_791, v0x557bd010a300_792, v0x557bd010a300_793, v0x557bd010a300_794;
v0x557bd010a300_795 .array/port v0x557bd010a300, 795;
v0x557bd010a300_796 .array/port v0x557bd010a300, 796;
v0x557bd010a300_797 .array/port v0x557bd010a300, 797;
v0x557bd010a300_798 .array/port v0x557bd010a300, 798;
E_0x557bd010b960/199 .event anyedge, v0x557bd010a300_795, v0x557bd010a300_796, v0x557bd010a300_797, v0x557bd010a300_798;
v0x557bd010a300_799 .array/port v0x557bd010a300, 799;
v0x557bd010a300_800 .array/port v0x557bd010a300, 800;
v0x557bd010a300_801 .array/port v0x557bd010a300, 801;
v0x557bd010a300_802 .array/port v0x557bd010a300, 802;
E_0x557bd010b960/200 .event anyedge, v0x557bd010a300_799, v0x557bd010a300_800, v0x557bd010a300_801, v0x557bd010a300_802;
v0x557bd010a300_803 .array/port v0x557bd010a300, 803;
v0x557bd010a300_804 .array/port v0x557bd010a300, 804;
v0x557bd010a300_805 .array/port v0x557bd010a300, 805;
v0x557bd010a300_806 .array/port v0x557bd010a300, 806;
E_0x557bd010b960/201 .event anyedge, v0x557bd010a300_803, v0x557bd010a300_804, v0x557bd010a300_805, v0x557bd010a300_806;
v0x557bd010a300_807 .array/port v0x557bd010a300, 807;
v0x557bd010a300_808 .array/port v0x557bd010a300, 808;
v0x557bd010a300_809 .array/port v0x557bd010a300, 809;
v0x557bd010a300_810 .array/port v0x557bd010a300, 810;
E_0x557bd010b960/202 .event anyedge, v0x557bd010a300_807, v0x557bd010a300_808, v0x557bd010a300_809, v0x557bd010a300_810;
v0x557bd010a300_811 .array/port v0x557bd010a300, 811;
v0x557bd010a300_812 .array/port v0x557bd010a300, 812;
v0x557bd010a300_813 .array/port v0x557bd010a300, 813;
v0x557bd010a300_814 .array/port v0x557bd010a300, 814;
E_0x557bd010b960/203 .event anyedge, v0x557bd010a300_811, v0x557bd010a300_812, v0x557bd010a300_813, v0x557bd010a300_814;
v0x557bd010a300_815 .array/port v0x557bd010a300, 815;
v0x557bd010a300_816 .array/port v0x557bd010a300, 816;
v0x557bd010a300_817 .array/port v0x557bd010a300, 817;
v0x557bd010a300_818 .array/port v0x557bd010a300, 818;
E_0x557bd010b960/204 .event anyedge, v0x557bd010a300_815, v0x557bd010a300_816, v0x557bd010a300_817, v0x557bd010a300_818;
v0x557bd010a300_819 .array/port v0x557bd010a300, 819;
v0x557bd010a300_820 .array/port v0x557bd010a300, 820;
v0x557bd010a300_821 .array/port v0x557bd010a300, 821;
v0x557bd010a300_822 .array/port v0x557bd010a300, 822;
E_0x557bd010b960/205 .event anyedge, v0x557bd010a300_819, v0x557bd010a300_820, v0x557bd010a300_821, v0x557bd010a300_822;
v0x557bd010a300_823 .array/port v0x557bd010a300, 823;
v0x557bd010a300_824 .array/port v0x557bd010a300, 824;
v0x557bd010a300_825 .array/port v0x557bd010a300, 825;
v0x557bd010a300_826 .array/port v0x557bd010a300, 826;
E_0x557bd010b960/206 .event anyedge, v0x557bd010a300_823, v0x557bd010a300_824, v0x557bd010a300_825, v0x557bd010a300_826;
v0x557bd010a300_827 .array/port v0x557bd010a300, 827;
v0x557bd010a300_828 .array/port v0x557bd010a300, 828;
v0x557bd010a300_829 .array/port v0x557bd010a300, 829;
v0x557bd010a300_830 .array/port v0x557bd010a300, 830;
E_0x557bd010b960/207 .event anyedge, v0x557bd010a300_827, v0x557bd010a300_828, v0x557bd010a300_829, v0x557bd010a300_830;
v0x557bd010a300_831 .array/port v0x557bd010a300, 831;
v0x557bd010a300_832 .array/port v0x557bd010a300, 832;
v0x557bd010a300_833 .array/port v0x557bd010a300, 833;
v0x557bd010a300_834 .array/port v0x557bd010a300, 834;
E_0x557bd010b960/208 .event anyedge, v0x557bd010a300_831, v0x557bd010a300_832, v0x557bd010a300_833, v0x557bd010a300_834;
v0x557bd010a300_835 .array/port v0x557bd010a300, 835;
v0x557bd010a300_836 .array/port v0x557bd010a300, 836;
v0x557bd010a300_837 .array/port v0x557bd010a300, 837;
v0x557bd010a300_838 .array/port v0x557bd010a300, 838;
E_0x557bd010b960/209 .event anyedge, v0x557bd010a300_835, v0x557bd010a300_836, v0x557bd010a300_837, v0x557bd010a300_838;
v0x557bd010a300_839 .array/port v0x557bd010a300, 839;
v0x557bd010a300_840 .array/port v0x557bd010a300, 840;
v0x557bd010a300_841 .array/port v0x557bd010a300, 841;
v0x557bd010a300_842 .array/port v0x557bd010a300, 842;
E_0x557bd010b960/210 .event anyedge, v0x557bd010a300_839, v0x557bd010a300_840, v0x557bd010a300_841, v0x557bd010a300_842;
v0x557bd010a300_843 .array/port v0x557bd010a300, 843;
v0x557bd010a300_844 .array/port v0x557bd010a300, 844;
v0x557bd010a300_845 .array/port v0x557bd010a300, 845;
v0x557bd010a300_846 .array/port v0x557bd010a300, 846;
E_0x557bd010b960/211 .event anyedge, v0x557bd010a300_843, v0x557bd010a300_844, v0x557bd010a300_845, v0x557bd010a300_846;
v0x557bd010a300_847 .array/port v0x557bd010a300, 847;
v0x557bd010a300_848 .array/port v0x557bd010a300, 848;
v0x557bd010a300_849 .array/port v0x557bd010a300, 849;
v0x557bd010a300_850 .array/port v0x557bd010a300, 850;
E_0x557bd010b960/212 .event anyedge, v0x557bd010a300_847, v0x557bd010a300_848, v0x557bd010a300_849, v0x557bd010a300_850;
v0x557bd010a300_851 .array/port v0x557bd010a300, 851;
v0x557bd010a300_852 .array/port v0x557bd010a300, 852;
v0x557bd010a300_853 .array/port v0x557bd010a300, 853;
v0x557bd010a300_854 .array/port v0x557bd010a300, 854;
E_0x557bd010b960/213 .event anyedge, v0x557bd010a300_851, v0x557bd010a300_852, v0x557bd010a300_853, v0x557bd010a300_854;
v0x557bd010a300_855 .array/port v0x557bd010a300, 855;
v0x557bd010a300_856 .array/port v0x557bd010a300, 856;
v0x557bd010a300_857 .array/port v0x557bd010a300, 857;
v0x557bd010a300_858 .array/port v0x557bd010a300, 858;
E_0x557bd010b960/214 .event anyedge, v0x557bd010a300_855, v0x557bd010a300_856, v0x557bd010a300_857, v0x557bd010a300_858;
v0x557bd010a300_859 .array/port v0x557bd010a300, 859;
v0x557bd010a300_860 .array/port v0x557bd010a300, 860;
v0x557bd010a300_861 .array/port v0x557bd010a300, 861;
v0x557bd010a300_862 .array/port v0x557bd010a300, 862;
E_0x557bd010b960/215 .event anyedge, v0x557bd010a300_859, v0x557bd010a300_860, v0x557bd010a300_861, v0x557bd010a300_862;
v0x557bd010a300_863 .array/port v0x557bd010a300, 863;
v0x557bd010a300_864 .array/port v0x557bd010a300, 864;
v0x557bd010a300_865 .array/port v0x557bd010a300, 865;
v0x557bd010a300_866 .array/port v0x557bd010a300, 866;
E_0x557bd010b960/216 .event anyedge, v0x557bd010a300_863, v0x557bd010a300_864, v0x557bd010a300_865, v0x557bd010a300_866;
v0x557bd010a300_867 .array/port v0x557bd010a300, 867;
v0x557bd010a300_868 .array/port v0x557bd010a300, 868;
v0x557bd010a300_869 .array/port v0x557bd010a300, 869;
v0x557bd010a300_870 .array/port v0x557bd010a300, 870;
E_0x557bd010b960/217 .event anyedge, v0x557bd010a300_867, v0x557bd010a300_868, v0x557bd010a300_869, v0x557bd010a300_870;
v0x557bd010a300_871 .array/port v0x557bd010a300, 871;
v0x557bd010a300_872 .array/port v0x557bd010a300, 872;
v0x557bd010a300_873 .array/port v0x557bd010a300, 873;
v0x557bd010a300_874 .array/port v0x557bd010a300, 874;
E_0x557bd010b960/218 .event anyedge, v0x557bd010a300_871, v0x557bd010a300_872, v0x557bd010a300_873, v0x557bd010a300_874;
v0x557bd010a300_875 .array/port v0x557bd010a300, 875;
v0x557bd010a300_876 .array/port v0x557bd010a300, 876;
v0x557bd010a300_877 .array/port v0x557bd010a300, 877;
v0x557bd010a300_878 .array/port v0x557bd010a300, 878;
E_0x557bd010b960/219 .event anyedge, v0x557bd010a300_875, v0x557bd010a300_876, v0x557bd010a300_877, v0x557bd010a300_878;
v0x557bd010a300_879 .array/port v0x557bd010a300, 879;
v0x557bd010a300_880 .array/port v0x557bd010a300, 880;
v0x557bd010a300_881 .array/port v0x557bd010a300, 881;
v0x557bd010a300_882 .array/port v0x557bd010a300, 882;
E_0x557bd010b960/220 .event anyedge, v0x557bd010a300_879, v0x557bd010a300_880, v0x557bd010a300_881, v0x557bd010a300_882;
v0x557bd010a300_883 .array/port v0x557bd010a300, 883;
v0x557bd010a300_884 .array/port v0x557bd010a300, 884;
v0x557bd010a300_885 .array/port v0x557bd010a300, 885;
v0x557bd010a300_886 .array/port v0x557bd010a300, 886;
E_0x557bd010b960/221 .event anyedge, v0x557bd010a300_883, v0x557bd010a300_884, v0x557bd010a300_885, v0x557bd010a300_886;
v0x557bd010a300_887 .array/port v0x557bd010a300, 887;
v0x557bd010a300_888 .array/port v0x557bd010a300, 888;
v0x557bd010a300_889 .array/port v0x557bd010a300, 889;
v0x557bd010a300_890 .array/port v0x557bd010a300, 890;
E_0x557bd010b960/222 .event anyedge, v0x557bd010a300_887, v0x557bd010a300_888, v0x557bd010a300_889, v0x557bd010a300_890;
v0x557bd010a300_891 .array/port v0x557bd010a300, 891;
v0x557bd010a300_892 .array/port v0x557bd010a300, 892;
v0x557bd010a300_893 .array/port v0x557bd010a300, 893;
v0x557bd010a300_894 .array/port v0x557bd010a300, 894;
E_0x557bd010b960/223 .event anyedge, v0x557bd010a300_891, v0x557bd010a300_892, v0x557bd010a300_893, v0x557bd010a300_894;
v0x557bd010a300_895 .array/port v0x557bd010a300, 895;
v0x557bd010a300_896 .array/port v0x557bd010a300, 896;
v0x557bd010a300_897 .array/port v0x557bd010a300, 897;
v0x557bd010a300_898 .array/port v0x557bd010a300, 898;
E_0x557bd010b960/224 .event anyedge, v0x557bd010a300_895, v0x557bd010a300_896, v0x557bd010a300_897, v0x557bd010a300_898;
v0x557bd010a300_899 .array/port v0x557bd010a300, 899;
v0x557bd010a300_900 .array/port v0x557bd010a300, 900;
v0x557bd010a300_901 .array/port v0x557bd010a300, 901;
v0x557bd010a300_902 .array/port v0x557bd010a300, 902;
E_0x557bd010b960/225 .event anyedge, v0x557bd010a300_899, v0x557bd010a300_900, v0x557bd010a300_901, v0x557bd010a300_902;
v0x557bd010a300_903 .array/port v0x557bd010a300, 903;
v0x557bd010a300_904 .array/port v0x557bd010a300, 904;
v0x557bd010a300_905 .array/port v0x557bd010a300, 905;
v0x557bd010a300_906 .array/port v0x557bd010a300, 906;
E_0x557bd010b960/226 .event anyedge, v0x557bd010a300_903, v0x557bd010a300_904, v0x557bd010a300_905, v0x557bd010a300_906;
v0x557bd010a300_907 .array/port v0x557bd010a300, 907;
v0x557bd010a300_908 .array/port v0x557bd010a300, 908;
v0x557bd010a300_909 .array/port v0x557bd010a300, 909;
v0x557bd010a300_910 .array/port v0x557bd010a300, 910;
E_0x557bd010b960/227 .event anyedge, v0x557bd010a300_907, v0x557bd010a300_908, v0x557bd010a300_909, v0x557bd010a300_910;
v0x557bd010a300_911 .array/port v0x557bd010a300, 911;
v0x557bd010a300_912 .array/port v0x557bd010a300, 912;
v0x557bd010a300_913 .array/port v0x557bd010a300, 913;
v0x557bd010a300_914 .array/port v0x557bd010a300, 914;
E_0x557bd010b960/228 .event anyedge, v0x557bd010a300_911, v0x557bd010a300_912, v0x557bd010a300_913, v0x557bd010a300_914;
v0x557bd010a300_915 .array/port v0x557bd010a300, 915;
v0x557bd010a300_916 .array/port v0x557bd010a300, 916;
v0x557bd010a300_917 .array/port v0x557bd010a300, 917;
v0x557bd010a300_918 .array/port v0x557bd010a300, 918;
E_0x557bd010b960/229 .event anyedge, v0x557bd010a300_915, v0x557bd010a300_916, v0x557bd010a300_917, v0x557bd010a300_918;
v0x557bd010a300_919 .array/port v0x557bd010a300, 919;
v0x557bd010a300_920 .array/port v0x557bd010a300, 920;
v0x557bd010a300_921 .array/port v0x557bd010a300, 921;
v0x557bd010a300_922 .array/port v0x557bd010a300, 922;
E_0x557bd010b960/230 .event anyedge, v0x557bd010a300_919, v0x557bd010a300_920, v0x557bd010a300_921, v0x557bd010a300_922;
v0x557bd010a300_923 .array/port v0x557bd010a300, 923;
v0x557bd010a300_924 .array/port v0x557bd010a300, 924;
v0x557bd010a300_925 .array/port v0x557bd010a300, 925;
v0x557bd010a300_926 .array/port v0x557bd010a300, 926;
E_0x557bd010b960/231 .event anyedge, v0x557bd010a300_923, v0x557bd010a300_924, v0x557bd010a300_925, v0x557bd010a300_926;
v0x557bd010a300_927 .array/port v0x557bd010a300, 927;
v0x557bd010a300_928 .array/port v0x557bd010a300, 928;
v0x557bd010a300_929 .array/port v0x557bd010a300, 929;
v0x557bd010a300_930 .array/port v0x557bd010a300, 930;
E_0x557bd010b960/232 .event anyedge, v0x557bd010a300_927, v0x557bd010a300_928, v0x557bd010a300_929, v0x557bd010a300_930;
v0x557bd010a300_931 .array/port v0x557bd010a300, 931;
v0x557bd010a300_932 .array/port v0x557bd010a300, 932;
v0x557bd010a300_933 .array/port v0x557bd010a300, 933;
v0x557bd010a300_934 .array/port v0x557bd010a300, 934;
E_0x557bd010b960/233 .event anyedge, v0x557bd010a300_931, v0x557bd010a300_932, v0x557bd010a300_933, v0x557bd010a300_934;
v0x557bd010a300_935 .array/port v0x557bd010a300, 935;
v0x557bd010a300_936 .array/port v0x557bd010a300, 936;
v0x557bd010a300_937 .array/port v0x557bd010a300, 937;
v0x557bd010a300_938 .array/port v0x557bd010a300, 938;
E_0x557bd010b960/234 .event anyedge, v0x557bd010a300_935, v0x557bd010a300_936, v0x557bd010a300_937, v0x557bd010a300_938;
v0x557bd010a300_939 .array/port v0x557bd010a300, 939;
v0x557bd010a300_940 .array/port v0x557bd010a300, 940;
v0x557bd010a300_941 .array/port v0x557bd010a300, 941;
v0x557bd010a300_942 .array/port v0x557bd010a300, 942;
E_0x557bd010b960/235 .event anyedge, v0x557bd010a300_939, v0x557bd010a300_940, v0x557bd010a300_941, v0x557bd010a300_942;
v0x557bd010a300_943 .array/port v0x557bd010a300, 943;
v0x557bd010a300_944 .array/port v0x557bd010a300, 944;
v0x557bd010a300_945 .array/port v0x557bd010a300, 945;
v0x557bd010a300_946 .array/port v0x557bd010a300, 946;
E_0x557bd010b960/236 .event anyedge, v0x557bd010a300_943, v0x557bd010a300_944, v0x557bd010a300_945, v0x557bd010a300_946;
v0x557bd010a300_947 .array/port v0x557bd010a300, 947;
v0x557bd010a300_948 .array/port v0x557bd010a300, 948;
v0x557bd010a300_949 .array/port v0x557bd010a300, 949;
v0x557bd010a300_950 .array/port v0x557bd010a300, 950;
E_0x557bd010b960/237 .event anyedge, v0x557bd010a300_947, v0x557bd010a300_948, v0x557bd010a300_949, v0x557bd010a300_950;
v0x557bd010a300_951 .array/port v0x557bd010a300, 951;
v0x557bd010a300_952 .array/port v0x557bd010a300, 952;
v0x557bd010a300_953 .array/port v0x557bd010a300, 953;
v0x557bd010a300_954 .array/port v0x557bd010a300, 954;
E_0x557bd010b960/238 .event anyedge, v0x557bd010a300_951, v0x557bd010a300_952, v0x557bd010a300_953, v0x557bd010a300_954;
v0x557bd010a300_955 .array/port v0x557bd010a300, 955;
v0x557bd010a300_956 .array/port v0x557bd010a300, 956;
v0x557bd010a300_957 .array/port v0x557bd010a300, 957;
v0x557bd010a300_958 .array/port v0x557bd010a300, 958;
E_0x557bd010b960/239 .event anyedge, v0x557bd010a300_955, v0x557bd010a300_956, v0x557bd010a300_957, v0x557bd010a300_958;
v0x557bd010a300_959 .array/port v0x557bd010a300, 959;
v0x557bd010a300_960 .array/port v0x557bd010a300, 960;
v0x557bd010a300_961 .array/port v0x557bd010a300, 961;
v0x557bd010a300_962 .array/port v0x557bd010a300, 962;
E_0x557bd010b960/240 .event anyedge, v0x557bd010a300_959, v0x557bd010a300_960, v0x557bd010a300_961, v0x557bd010a300_962;
v0x557bd010a300_963 .array/port v0x557bd010a300, 963;
v0x557bd010a300_964 .array/port v0x557bd010a300, 964;
v0x557bd010a300_965 .array/port v0x557bd010a300, 965;
v0x557bd010a300_966 .array/port v0x557bd010a300, 966;
E_0x557bd010b960/241 .event anyedge, v0x557bd010a300_963, v0x557bd010a300_964, v0x557bd010a300_965, v0x557bd010a300_966;
v0x557bd010a300_967 .array/port v0x557bd010a300, 967;
v0x557bd010a300_968 .array/port v0x557bd010a300, 968;
v0x557bd010a300_969 .array/port v0x557bd010a300, 969;
v0x557bd010a300_970 .array/port v0x557bd010a300, 970;
E_0x557bd010b960/242 .event anyedge, v0x557bd010a300_967, v0x557bd010a300_968, v0x557bd010a300_969, v0x557bd010a300_970;
v0x557bd010a300_971 .array/port v0x557bd010a300, 971;
v0x557bd010a300_972 .array/port v0x557bd010a300, 972;
v0x557bd010a300_973 .array/port v0x557bd010a300, 973;
v0x557bd010a300_974 .array/port v0x557bd010a300, 974;
E_0x557bd010b960/243 .event anyedge, v0x557bd010a300_971, v0x557bd010a300_972, v0x557bd010a300_973, v0x557bd010a300_974;
v0x557bd010a300_975 .array/port v0x557bd010a300, 975;
v0x557bd010a300_976 .array/port v0x557bd010a300, 976;
v0x557bd010a300_977 .array/port v0x557bd010a300, 977;
v0x557bd010a300_978 .array/port v0x557bd010a300, 978;
E_0x557bd010b960/244 .event anyedge, v0x557bd010a300_975, v0x557bd010a300_976, v0x557bd010a300_977, v0x557bd010a300_978;
v0x557bd010a300_979 .array/port v0x557bd010a300, 979;
v0x557bd010a300_980 .array/port v0x557bd010a300, 980;
v0x557bd010a300_981 .array/port v0x557bd010a300, 981;
v0x557bd010a300_982 .array/port v0x557bd010a300, 982;
E_0x557bd010b960/245 .event anyedge, v0x557bd010a300_979, v0x557bd010a300_980, v0x557bd010a300_981, v0x557bd010a300_982;
v0x557bd010a300_983 .array/port v0x557bd010a300, 983;
v0x557bd010a300_984 .array/port v0x557bd010a300, 984;
v0x557bd010a300_985 .array/port v0x557bd010a300, 985;
v0x557bd010a300_986 .array/port v0x557bd010a300, 986;
E_0x557bd010b960/246 .event anyedge, v0x557bd010a300_983, v0x557bd010a300_984, v0x557bd010a300_985, v0x557bd010a300_986;
v0x557bd010a300_987 .array/port v0x557bd010a300, 987;
v0x557bd010a300_988 .array/port v0x557bd010a300, 988;
v0x557bd010a300_989 .array/port v0x557bd010a300, 989;
v0x557bd010a300_990 .array/port v0x557bd010a300, 990;
E_0x557bd010b960/247 .event anyedge, v0x557bd010a300_987, v0x557bd010a300_988, v0x557bd010a300_989, v0x557bd010a300_990;
v0x557bd010a300_991 .array/port v0x557bd010a300, 991;
v0x557bd010a300_992 .array/port v0x557bd010a300, 992;
v0x557bd010a300_993 .array/port v0x557bd010a300, 993;
v0x557bd010a300_994 .array/port v0x557bd010a300, 994;
E_0x557bd010b960/248 .event anyedge, v0x557bd010a300_991, v0x557bd010a300_992, v0x557bd010a300_993, v0x557bd010a300_994;
v0x557bd010a300_995 .array/port v0x557bd010a300, 995;
v0x557bd010a300_996 .array/port v0x557bd010a300, 996;
v0x557bd010a300_997 .array/port v0x557bd010a300, 997;
v0x557bd010a300_998 .array/port v0x557bd010a300, 998;
E_0x557bd010b960/249 .event anyedge, v0x557bd010a300_995, v0x557bd010a300_996, v0x557bd010a300_997, v0x557bd010a300_998;
v0x557bd010a300_999 .array/port v0x557bd010a300, 999;
v0x557bd010a300_1000 .array/port v0x557bd010a300, 1000;
v0x557bd010a300_1001 .array/port v0x557bd010a300, 1001;
v0x557bd010a300_1002 .array/port v0x557bd010a300, 1002;
E_0x557bd010b960/250 .event anyedge, v0x557bd010a300_999, v0x557bd010a300_1000, v0x557bd010a300_1001, v0x557bd010a300_1002;
v0x557bd010a300_1003 .array/port v0x557bd010a300, 1003;
v0x557bd010a300_1004 .array/port v0x557bd010a300, 1004;
v0x557bd010a300_1005 .array/port v0x557bd010a300, 1005;
v0x557bd010a300_1006 .array/port v0x557bd010a300, 1006;
E_0x557bd010b960/251 .event anyedge, v0x557bd010a300_1003, v0x557bd010a300_1004, v0x557bd010a300_1005, v0x557bd010a300_1006;
v0x557bd010a300_1007 .array/port v0x557bd010a300, 1007;
v0x557bd010a300_1008 .array/port v0x557bd010a300, 1008;
v0x557bd010a300_1009 .array/port v0x557bd010a300, 1009;
v0x557bd010a300_1010 .array/port v0x557bd010a300, 1010;
E_0x557bd010b960/252 .event anyedge, v0x557bd010a300_1007, v0x557bd010a300_1008, v0x557bd010a300_1009, v0x557bd010a300_1010;
v0x557bd010a300_1011 .array/port v0x557bd010a300, 1011;
v0x557bd010a300_1012 .array/port v0x557bd010a300, 1012;
v0x557bd010a300_1013 .array/port v0x557bd010a300, 1013;
v0x557bd010a300_1014 .array/port v0x557bd010a300, 1014;
E_0x557bd010b960/253 .event anyedge, v0x557bd010a300_1011, v0x557bd010a300_1012, v0x557bd010a300_1013, v0x557bd010a300_1014;
v0x557bd010a300_1015 .array/port v0x557bd010a300, 1015;
v0x557bd010a300_1016 .array/port v0x557bd010a300, 1016;
v0x557bd010a300_1017 .array/port v0x557bd010a300, 1017;
v0x557bd010a300_1018 .array/port v0x557bd010a300, 1018;
E_0x557bd010b960/254 .event anyedge, v0x557bd010a300_1015, v0x557bd010a300_1016, v0x557bd010a300_1017, v0x557bd010a300_1018;
v0x557bd010a300_1019 .array/port v0x557bd010a300, 1019;
v0x557bd010a300_1020 .array/port v0x557bd010a300, 1020;
v0x557bd010a300_1021 .array/port v0x557bd010a300, 1021;
v0x557bd010a300_1022 .array/port v0x557bd010a300, 1022;
E_0x557bd010b960/255 .event anyedge, v0x557bd010a300_1019, v0x557bd010a300_1020, v0x557bd010a300_1021, v0x557bd010a300_1022;
v0x557bd010a300_1023 .array/port v0x557bd010a300, 1023;
v0x557bd010a300_1024 .array/port v0x557bd010a300, 1024;
v0x557bd010a300_1025 .array/port v0x557bd010a300, 1025;
v0x557bd010a300_1026 .array/port v0x557bd010a300, 1026;
E_0x557bd010b960/256 .event anyedge, v0x557bd010a300_1023, v0x557bd010a300_1024, v0x557bd010a300_1025, v0x557bd010a300_1026;
v0x557bd010a300_1027 .array/port v0x557bd010a300, 1027;
v0x557bd010a300_1028 .array/port v0x557bd010a300, 1028;
v0x557bd010a300_1029 .array/port v0x557bd010a300, 1029;
v0x557bd010a300_1030 .array/port v0x557bd010a300, 1030;
E_0x557bd010b960/257 .event anyedge, v0x557bd010a300_1027, v0x557bd010a300_1028, v0x557bd010a300_1029, v0x557bd010a300_1030;
v0x557bd010a300_1031 .array/port v0x557bd010a300, 1031;
v0x557bd010a300_1032 .array/port v0x557bd010a300, 1032;
v0x557bd010a300_1033 .array/port v0x557bd010a300, 1033;
v0x557bd010a300_1034 .array/port v0x557bd010a300, 1034;
E_0x557bd010b960/258 .event anyedge, v0x557bd010a300_1031, v0x557bd010a300_1032, v0x557bd010a300_1033, v0x557bd010a300_1034;
v0x557bd010a300_1035 .array/port v0x557bd010a300, 1035;
v0x557bd010a300_1036 .array/port v0x557bd010a300, 1036;
v0x557bd010a300_1037 .array/port v0x557bd010a300, 1037;
v0x557bd010a300_1038 .array/port v0x557bd010a300, 1038;
E_0x557bd010b960/259 .event anyedge, v0x557bd010a300_1035, v0x557bd010a300_1036, v0x557bd010a300_1037, v0x557bd010a300_1038;
v0x557bd010a300_1039 .array/port v0x557bd010a300, 1039;
v0x557bd010a300_1040 .array/port v0x557bd010a300, 1040;
v0x557bd010a300_1041 .array/port v0x557bd010a300, 1041;
v0x557bd010a300_1042 .array/port v0x557bd010a300, 1042;
E_0x557bd010b960/260 .event anyedge, v0x557bd010a300_1039, v0x557bd010a300_1040, v0x557bd010a300_1041, v0x557bd010a300_1042;
v0x557bd010a300_1043 .array/port v0x557bd010a300, 1043;
v0x557bd010a300_1044 .array/port v0x557bd010a300, 1044;
v0x557bd010a300_1045 .array/port v0x557bd010a300, 1045;
v0x557bd010a300_1046 .array/port v0x557bd010a300, 1046;
E_0x557bd010b960/261 .event anyedge, v0x557bd010a300_1043, v0x557bd010a300_1044, v0x557bd010a300_1045, v0x557bd010a300_1046;
v0x557bd010a300_1047 .array/port v0x557bd010a300, 1047;
v0x557bd010a300_1048 .array/port v0x557bd010a300, 1048;
v0x557bd010a300_1049 .array/port v0x557bd010a300, 1049;
v0x557bd010a300_1050 .array/port v0x557bd010a300, 1050;
E_0x557bd010b960/262 .event anyedge, v0x557bd010a300_1047, v0x557bd010a300_1048, v0x557bd010a300_1049, v0x557bd010a300_1050;
v0x557bd010a300_1051 .array/port v0x557bd010a300, 1051;
v0x557bd010a300_1052 .array/port v0x557bd010a300, 1052;
v0x557bd010a300_1053 .array/port v0x557bd010a300, 1053;
v0x557bd010a300_1054 .array/port v0x557bd010a300, 1054;
E_0x557bd010b960/263 .event anyedge, v0x557bd010a300_1051, v0x557bd010a300_1052, v0x557bd010a300_1053, v0x557bd010a300_1054;
v0x557bd010a300_1055 .array/port v0x557bd010a300, 1055;
v0x557bd010a300_1056 .array/port v0x557bd010a300, 1056;
v0x557bd010a300_1057 .array/port v0x557bd010a300, 1057;
v0x557bd010a300_1058 .array/port v0x557bd010a300, 1058;
E_0x557bd010b960/264 .event anyedge, v0x557bd010a300_1055, v0x557bd010a300_1056, v0x557bd010a300_1057, v0x557bd010a300_1058;
v0x557bd010a300_1059 .array/port v0x557bd010a300, 1059;
v0x557bd010a300_1060 .array/port v0x557bd010a300, 1060;
v0x557bd010a300_1061 .array/port v0x557bd010a300, 1061;
v0x557bd010a300_1062 .array/port v0x557bd010a300, 1062;
E_0x557bd010b960/265 .event anyedge, v0x557bd010a300_1059, v0x557bd010a300_1060, v0x557bd010a300_1061, v0x557bd010a300_1062;
v0x557bd010a300_1063 .array/port v0x557bd010a300, 1063;
v0x557bd010a300_1064 .array/port v0x557bd010a300, 1064;
v0x557bd010a300_1065 .array/port v0x557bd010a300, 1065;
v0x557bd010a300_1066 .array/port v0x557bd010a300, 1066;
E_0x557bd010b960/266 .event anyedge, v0x557bd010a300_1063, v0x557bd010a300_1064, v0x557bd010a300_1065, v0x557bd010a300_1066;
v0x557bd010a300_1067 .array/port v0x557bd010a300, 1067;
v0x557bd010a300_1068 .array/port v0x557bd010a300, 1068;
v0x557bd010a300_1069 .array/port v0x557bd010a300, 1069;
v0x557bd010a300_1070 .array/port v0x557bd010a300, 1070;
E_0x557bd010b960/267 .event anyedge, v0x557bd010a300_1067, v0x557bd010a300_1068, v0x557bd010a300_1069, v0x557bd010a300_1070;
v0x557bd010a300_1071 .array/port v0x557bd010a300, 1071;
v0x557bd010a300_1072 .array/port v0x557bd010a300, 1072;
v0x557bd010a300_1073 .array/port v0x557bd010a300, 1073;
v0x557bd010a300_1074 .array/port v0x557bd010a300, 1074;
E_0x557bd010b960/268 .event anyedge, v0x557bd010a300_1071, v0x557bd010a300_1072, v0x557bd010a300_1073, v0x557bd010a300_1074;
v0x557bd010a300_1075 .array/port v0x557bd010a300, 1075;
v0x557bd010a300_1076 .array/port v0x557bd010a300, 1076;
v0x557bd010a300_1077 .array/port v0x557bd010a300, 1077;
v0x557bd010a300_1078 .array/port v0x557bd010a300, 1078;
E_0x557bd010b960/269 .event anyedge, v0x557bd010a300_1075, v0x557bd010a300_1076, v0x557bd010a300_1077, v0x557bd010a300_1078;
v0x557bd010a300_1079 .array/port v0x557bd010a300, 1079;
v0x557bd010a300_1080 .array/port v0x557bd010a300, 1080;
v0x557bd010a300_1081 .array/port v0x557bd010a300, 1081;
v0x557bd010a300_1082 .array/port v0x557bd010a300, 1082;
E_0x557bd010b960/270 .event anyedge, v0x557bd010a300_1079, v0x557bd010a300_1080, v0x557bd010a300_1081, v0x557bd010a300_1082;
v0x557bd010a300_1083 .array/port v0x557bd010a300, 1083;
v0x557bd010a300_1084 .array/port v0x557bd010a300, 1084;
v0x557bd010a300_1085 .array/port v0x557bd010a300, 1085;
v0x557bd010a300_1086 .array/port v0x557bd010a300, 1086;
E_0x557bd010b960/271 .event anyedge, v0x557bd010a300_1083, v0x557bd010a300_1084, v0x557bd010a300_1085, v0x557bd010a300_1086;
v0x557bd010a300_1087 .array/port v0x557bd010a300, 1087;
v0x557bd010a300_1088 .array/port v0x557bd010a300, 1088;
v0x557bd010a300_1089 .array/port v0x557bd010a300, 1089;
v0x557bd010a300_1090 .array/port v0x557bd010a300, 1090;
E_0x557bd010b960/272 .event anyedge, v0x557bd010a300_1087, v0x557bd010a300_1088, v0x557bd010a300_1089, v0x557bd010a300_1090;
v0x557bd010a300_1091 .array/port v0x557bd010a300, 1091;
v0x557bd010a300_1092 .array/port v0x557bd010a300, 1092;
v0x557bd010a300_1093 .array/port v0x557bd010a300, 1093;
v0x557bd010a300_1094 .array/port v0x557bd010a300, 1094;
E_0x557bd010b960/273 .event anyedge, v0x557bd010a300_1091, v0x557bd010a300_1092, v0x557bd010a300_1093, v0x557bd010a300_1094;
v0x557bd010a300_1095 .array/port v0x557bd010a300, 1095;
v0x557bd010a300_1096 .array/port v0x557bd010a300, 1096;
v0x557bd010a300_1097 .array/port v0x557bd010a300, 1097;
v0x557bd010a300_1098 .array/port v0x557bd010a300, 1098;
E_0x557bd010b960/274 .event anyedge, v0x557bd010a300_1095, v0x557bd010a300_1096, v0x557bd010a300_1097, v0x557bd010a300_1098;
v0x557bd010a300_1099 .array/port v0x557bd010a300, 1099;
v0x557bd010a300_1100 .array/port v0x557bd010a300, 1100;
v0x557bd010a300_1101 .array/port v0x557bd010a300, 1101;
v0x557bd010a300_1102 .array/port v0x557bd010a300, 1102;
E_0x557bd010b960/275 .event anyedge, v0x557bd010a300_1099, v0x557bd010a300_1100, v0x557bd010a300_1101, v0x557bd010a300_1102;
v0x557bd010a300_1103 .array/port v0x557bd010a300, 1103;
v0x557bd010a300_1104 .array/port v0x557bd010a300, 1104;
v0x557bd010a300_1105 .array/port v0x557bd010a300, 1105;
v0x557bd010a300_1106 .array/port v0x557bd010a300, 1106;
E_0x557bd010b960/276 .event anyedge, v0x557bd010a300_1103, v0x557bd010a300_1104, v0x557bd010a300_1105, v0x557bd010a300_1106;
v0x557bd010a300_1107 .array/port v0x557bd010a300, 1107;
v0x557bd010a300_1108 .array/port v0x557bd010a300, 1108;
v0x557bd010a300_1109 .array/port v0x557bd010a300, 1109;
v0x557bd010a300_1110 .array/port v0x557bd010a300, 1110;
E_0x557bd010b960/277 .event anyedge, v0x557bd010a300_1107, v0x557bd010a300_1108, v0x557bd010a300_1109, v0x557bd010a300_1110;
v0x557bd010a300_1111 .array/port v0x557bd010a300, 1111;
v0x557bd010a300_1112 .array/port v0x557bd010a300, 1112;
v0x557bd010a300_1113 .array/port v0x557bd010a300, 1113;
v0x557bd010a300_1114 .array/port v0x557bd010a300, 1114;
E_0x557bd010b960/278 .event anyedge, v0x557bd010a300_1111, v0x557bd010a300_1112, v0x557bd010a300_1113, v0x557bd010a300_1114;
v0x557bd010a300_1115 .array/port v0x557bd010a300, 1115;
v0x557bd010a300_1116 .array/port v0x557bd010a300, 1116;
v0x557bd010a300_1117 .array/port v0x557bd010a300, 1117;
v0x557bd010a300_1118 .array/port v0x557bd010a300, 1118;
E_0x557bd010b960/279 .event anyedge, v0x557bd010a300_1115, v0x557bd010a300_1116, v0x557bd010a300_1117, v0x557bd010a300_1118;
v0x557bd010a300_1119 .array/port v0x557bd010a300, 1119;
v0x557bd010a300_1120 .array/port v0x557bd010a300, 1120;
v0x557bd010a300_1121 .array/port v0x557bd010a300, 1121;
v0x557bd010a300_1122 .array/port v0x557bd010a300, 1122;
E_0x557bd010b960/280 .event anyedge, v0x557bd010a300_1119, v0x557bd010a300_1120, v0x557bd010a300_1121, v0x557bd010a300_1122;
v0x557bd010a300_1123 .array/port v0x557bd010a300, 1123;
v0x557bd010a300_1124 .array/port v0x557bd010a300, 1124;
v0x557bd010a300_1125 .array/port v0x557bd010a300, 1125;
v0x557bd010a300_1126 .array/port v0x557bd010a300, 1126;
E_0x557bd010b960/281 .event anyedge, v0x557bd010a300_1123, v0x557bd010a300_1124, v0x557bd010a300_1125, v0x557bd010a300_1126;
v0x557bd010a300_1127 .array/port v0x557bd010a300, 1127;
v0x557bd010a300_1128 .array/port v0x557bd010a300, 1128;
v0x557bd010a300_1129 .array/port v0x557bd010a300, 1129;
v0x557bd010a300_1130 .array/port v0x557bd010a300, 1130;
E_0x557bd010b960/282 .event anyedge, v0x557bd010a300_1127, v0x557bd010a300_1128, v0x557bd010a300_1129, v0x557bd010a300_1130;
v0x557bd010a300_1131 .array/port v0x557bd010a300, 1131;
v0x557bd010a300_1132 .array/port v0x557bd010a300, 1132;
v0x557bd010a300_1133 .array/port v0x557bd010a300, 1133;
v0x557bd010a300_1134 .array/port v0x557bd010a300, 1134;
E_0x557bd010b960/283 .event anyedge, v0x557bd010a300_1131, v0x557bd010a300_1132, v0x557bd010a300_1133, v0x557bd010a300_1134;
v0x557bd010a300_1135 .array/port v0x557bd010a300, 1135;
v0x557bd010a300_1136 .array/port v0x557bd010a300, 1136;
v0x557bd010a300_1137 .array/port v0x557bd010a300, 1137;
v0x557bd010a300_1138 .array/port v0x557bd010a300, 1138;
E_0x557bd010b960/284 .event anyedge, v0x557bd010a300_1135, v0x557bd010a300_1136, v0x557bd010a300_1137, v0x557bd010a300_1138;
v0x557bd010a300_1139 .array/port v0x557bd010a300, 1139;
v0x557bd010a300_1140 .array/port v0x557bd010a300, 1140;
v0x557bd010a300_1141 .array/port v0x557bd010a300, 1141;
v0x557bd010a300_1142 .array/port v0x557bd010a300, 1142;
E_0x557bd010b960/285 .event anyedge, v0x557bd010a300_1139, v0x557bd010a300_1140, v0x557bd010a300_1141, v0x557bd010a300_1142;
v0x557bd010a300_1143 .array/port v0x557bd010a300, 1143;
v0x557bd010a300_1144 .array/port v0x557bd010a300, 1144;
v0x557bd010a300_1145 .array/port v0x557bd010a300, 1145;
v0x557bd010a300_1146 .array/port v0x557bd010a300, 1146;
E_0x557bd010b960/286 .event anyedge, v0x557bd010a300_1143, v0x557bd010a300_1144, v0x557bd010a300_1145, v0x557bd010a300_1146;
v0x557bd010a300_1147 .array/port v0x557bd010a300, 1147;
v0x557bd010a300_1148 .array/port v0x557bd010a300, 1148;
v0x557bd010a300_1149 .array/port v0x557bd010a300, 1149;
v0x557bd010a300_1150 .array/port v0x557bd010a300, 1150;
E_0x557bd010b960/287 .event anyedge, v0x557bd010a300_1147, v0x557bd010a300_1148, v0x557bd010a300_1149, v0x557bd010a300_1150;
v0x557bd010a300_1151 .array/port v0x557bd010a300, 1151;
v0x557bd010a300_1152 .array/port v0x557bd010a300, 1152;
v0x557bd010a300_1153 .array/port v0x557bd010a300, 1153;
v0x557bd010a300_1154 .array/port v0x557bd010a300, 1154;
E_0x557bd010b960/288 .event anyedge, v0x557bd010a300_1151, v0x557bd010a300_1152, v0x557bd010a300_1153, v0x557bd010a300_1154;
v0x557bd010a300_1155 .array/port v0x557bd010a300, 1155;
v0x557bd010a300_1156 .array/port v0x557bd010a300, 1156;
v0x557bd010a300_1157 .array/port v0x557bd010a300, 1157;
v0x557bd010a300_1158 .array/port v0x557bd010a300, 1158;
E_0x557bd010b960/289 .event anyedge, v0x557bd010a300_1155, v0x557bd010a300_1156, v0x557bd010a300_1157, v0x557bd010a300_1158;
v0x557bd010a300_1159 .array/port v0x557bd010a300, 1159;
v0x557bd010a300_1160 .array/port v0x557bd010a300, 1160;
v0x557bd010a300_1161 .array/port v0x557bd010a300, 1161;
v0x557bd010a300_1162 .array/port v0x557bd010a300, 1162;
E_0x557bd010b960/290 .event anyedge, v0x557bd010a300_1159, v0x557bd010a300_1160, v0x557bd010a300_1161, v0x557bd010a300_1162;
v0x557bd010a300_1163 .array/port v0x557bd010a300, 1163;
v0x557bd010a300_1164 .array/port v0x557bd010a300, 1164;
v0x557bd010a300_1165 .array/port v0x557bd010a300, 1165;
v0x557bd010a300_1166 .array/port v0x557bd010a300, 1166;
E_0x557bd010b960/291 .event anyedge, v0x557bd010a300_1163, v0x557bd010a300_1164, v0x557bd010a300_1165, v0x557bd010a300_1166;
v0x557bd010a300_1167 .array/port v0x557bd010a300, 1167;
v0x557bd010a300_1168 .array/port v0x557bd010a300, 1168;
v0x557bd010a300_1169 .array/port v0x557bd010a300, 1169;
v0x557bd010a300_1170 .array/port v0x557bd010a300, 1170;
E_0x557bd010b960/292 .event anyedge, v0x557bd010a300_1167, v0x557bd010a300_1168, v0x557bd010a300_1169, v0x557bd010a300_1170;
v0x557bd010a300_1171 .array/port v0x557bd010a300, 1171;
v0x557bd010a300_1172 .array/port v0x557bd010a300, 1172;
v0x557bd010a300_1173 .array/port v0x557bd010a300, 1173;
v0x557bd010a300_1174 .array/port v0x557bd010a300, 1174;
E_0x557bd010b960/293 .event anyedge, v0x557bd010a300_1171, v0x557bd010a300_1172, v0x557bd010a300_1173, v0x557bd010a300_1174;
v0x557bd010a300_1175 .array/port v0x557bd010a300, 1175;
v0x557bd010a300_1176 .array/port v0x557bd010a300, 1176;
v0x557bd010a300_1177 .array/port v0x557bd010a300, 1177;
v0x557bd010a300_1178 .array/port v0x557bd010a300, 1178;
E_0x557bd010b960/294 .event anyedge, v0x557bd010a300_1175, v0x557bd010a300_1176, v0x557bd010a300_1177, v0x557bd010a300_1178;
v0x557bd010a300_1179 .array/port v0x557bd010a300, 1179;
v0x557bd010a300_1180 .array/port v0x557bd010a300, 1180;
v0x557bd010a300_1181 .array/port v0x557bd010a300, 1181;
v0x557bd010a300_1182 .array/port v0x557bd010a300, 1182;
E_0x557bd010b960/295 .event anyedge, v0x557bd010a300_1179, v0x557bd010a300_1180, v0x557bd010a300_1181, v0x557bd010a300_1182;
v0x557bd010a300_1183 .array/port v0x557bd010a300, 1183;
v0x557bd010a300_1184 .array/port v0x557bd010a300, 1184;
v0x557bd010a300_1185 .array/port v0x557bd010a300, 1185;
v0x557bd010a300_1186 .array/port v0x557bd010a300, 1186;
E_0x557bd010b960/296 .event anyedge, v0x557bd010a300_1183, v0x557bd010a300_1184, v0x557bd010a300_1185, v0x557bd010a300_1186;
v0x557bd010a300_1187 .array/port v0x557bd010a300, 1187;
v0x557bd010a300_1188 .array/port v0x557bd010a300, 1188;
v0x557bd010a300_1189 .array/port v0x557bd010a300, 1189;
v0x557bd010a300_1190 .array/port v0x557bd010a300, 1190;
E_0x557bd010b960/297 .event anyedge, v0x557bd010a300_1187, v0x557bd010a300_1188, v0x557bd010a300_1189, v0x557bd010a300_1190;
v0x557bd010a300_1191 .array/port v0x557bd010a300, 1191;
v0x557bd010a300_1192 .array/port v0x557bd010a300, 1192;
v0x557bd010a300_1193 .array/port v0x557bd010a300, 1193;
v0x557bd010a300_1194 .array/port v0x557bd010a300, 1194;
E_0x557bd010b960/298 .event anyedge, v0x557bd010a300_1191, v0x557bd010a300_1192, v0x557bd010a300_1193, v0x557bd010a300_1194;
v0x557bd010a300_1195 .array/port v0x557bd010a300, 1195;
v0x557bd010a300_1196 .array/port v0x557bd010a300, 1196;
v0x557bd010a300_1197 .array/port v0x557bd010a300, 1197;
v0x557bd010a300_1198 .array/port v0x557bd010a300, 1198;
E_0x557bd010b960/299 .event anyedge, v0x557bd010a300_1195, v0x557bd010a300_1196, v0x557bd010a300_1197, v0x557bd010a300_1198;
v0x557bd010a300_1199 .array/port v0x557bd010a300, 1199;
v0x557bd010a300_1200 .array/port v0x557bd010a300, 1200;
v0x557bd010a300_1201 .array/port v0x557bd010a300, 1201;
v0x557bd010a300_1202 .array/port v0x557bd010a300, 1202;
E_0x557bd010b960/300 .event anyedge, v0x557bd010a300_1199, v0x557bd010a300_1200, v0x557bd010a300_1201, v0x557bd010a300_1202;
v0x557bd010a300_1203 .array/port v0x557bd010a300, 1203;
v0x557bd010a300_1204 .array/port v0x557bd010a300, 1204;
v0x557bd010a300_1205 .array/port v0x557bd010a300, 1205;
v0x557bd010a300_1206 .array/port v0x557bd010a300, 1206;
E_0x557bd010b960/301 .event anyedge, v0x557bd010a300_1203, v0x557bd010a300_1204, v0x557bd010a300_1205, v0x557bd010a300_1206;
v0x557bd010a300_1207 .array/port v0x557bd010a300, 1207;
v0x557bd010a300_1208 .array/port v0x557bd010a300, 1208;
v0x557bd010a300_1209 .array/port v0x557bd010a300, 1209;
v0x557bd010a300_1210 .array/port v0x557bd010a300, 1210;
E_0x557bd010b960/302 .event anyedge, v0x557bd010a300_1207, v0x557bd010a300_1208, v0x557bd010a300_1209, v0x557bd010a300_1210;
v0x557bd010a300_1211 .array/port v0x557bd010a300, 1211;
v0x557bd010a300_1212 .array/port v0x557bd010a300, 1212;
v0x557bd010a300_1213 .array/port v0x557bd010a300, 1213;
v0x557bd010a300_1214 .array/port v0x557bd010a300, 1214;
E_0x557bd010b960/303 .event anyedge, v0x557bd010a300_1211, v0x557bd010a300_1212, v0x557bd010a300_1213, v0x557bd010a300_1214;
v0x557bd010a300_1215 .array/port v0x557bd010a300, 1215;
v0x557bd010a300_1216 .array/port v0x557bd010a300, 1216;
v0x557bd010a300_1217 .array/port v0x557bd010a300, 1217;
v0x557bd010a300_1218 .array/port v0x557bd010a300, 1218;
E_0x557bd010b960/304 .event anyedge, v0x557bd010a300_1215, v0x557bd010a300_1216, v0x557bd010a300_1217, v0x557bd010a300_1218;
v0x557bd010a300_1219 .array/port v0x557bd010a300, 1219;
v0x557bd010a300_1220 .array/port v0x557bd010a300, 1220;
v0x557bd010a300_1221 .array/port v0x557bd010a300, 1221;
v0x557bd010a300_1222 .array/port v0x557bd010a300, 1222;
E_0x557bd010b960/305 .event anyedge, v0x557bd010a300_1219, v0x557bd010a300_1220, v0x557bd010a300_1221, v0x557bd010a300_1222;
v0x557bd010a300_1223 .array/port v0x557bd010a300, 1223;
v0x557bd010a300_1224 .array/port v0x557bd010a300, 1224;
v0x557bd010a300_1225 .array/port v0x557bd010a300, 1225;
v0x557bd010a300_1226 .array/port v0x557bd010a300, 1226;
E_0x557bd010b960/306 .event anyedge, v0x557bd010a300_1223, v0x557bd010a300_1224, v0x557bd010a300_1225, v0x557bd010a300_1226;
v0x557bd010a300_1227 .array/port v0x557bd010a300, 1227;
v0x557bd010a300_1228 .array/port v0x557bd010a300, 1228;
v0x557bd010a300_1229 .array/port v0x557bd010a300, 1229;
v0x557bd010a300_1230 .array/port v0x557bd010a300, 1230;
E_0x557bd010b960/307 .event anyedge, v0x557bd010a300_1227, v0x557bd010a300_1228, v0x557bd010a300_1229, v0x557bd010a300_1230;
v0x557bd010a300_1231 .array/port v0x557bd010a300, 1231;
v0x557bd010a300_1232 .array/port v0x557bd010a300, 1232;
v0x557bd010a300_1233 .array/port v0x557bd010a300, 1233;
v0x557bd010a300_1234 .array/port v0x557bd010a300, 1234;
E_0x557bd010b960/308 .event anyedge, v0x557bd010a300_1231, v0x557bd010a300_1232, v0x557bd010a300_1233, v0x557bd010a300_1234;
v0x557bd010a300_1235 .array/port v0x557bd010a300, 1235;
v0x557bd010a300_1236 .array/port v0x557bd010a300, 1236;
v0x557bd010a300_1237 .array/port v0x557bd010a300, 1237;
v0x557bd010a300_1238 .array/port v0x557bd010a300, 1238;
E_0x557bd010b960/309 .event anyedge, v0x557bd010a300_1235, v0x557bd010a300_1236, v0x557bd010a300_1237, v0x557bd010a300_1238;
v0x557bd010a300_1239 .array/port v0x557bd010a300, 1239;
v0x557bd010a300_1240 .array/port v0x557bd010a300, 1240;
v0x557bd010a300_1241 .array/port v0x557bd010a300, 1241;
v0x557bd010a300_1242 .array/port v0x557bd010a300, 1242;
E_0x557bd010b960/310 .event anyedge, v0x557bd010a300_1239, v0x557bd010a300_1240, v0x557bd010a300_1241, v0x557bd010a300_1242;
v0x557bd010a300_1243 .array/port v0x557bd010a300, 1243;
v0x557bd010a300_1244 .array/port v0x557bd010a300, 1244;
v0x557bd010a300_1245 .array/port v0x557bd010a300, 1245;
v0x557bd010a300_1246 .array/port v0x557bd010a300, 1246;
E_0x557bd010b960/311 .event anyedge, v0x557bd010a300_1243, v0x557bd010a300_1244, v0x557bd010a300_1245, v0x557bd010a300_1246;
v0x557bd010a300_1247 .array/port v0x557bd010a300, 1247;
v0x557bd010a300_1248 .array/port v0x557bd010a300, 1248;
v0x557bd010a300_1249 .array/port v0x557bd010a300, 1249;
v0x557bd010a300_1250 .array/port v0x557bd010a300, 1250;
E_0x557bd010b960/312 .event anyedge, v0x557bd010a300_1247, v0x557bd010a300_1248, v0x557bd010a300_1249, v0x557bd010a300_1250;
v0x557bd010a300_1251 .array/port v0x557bd010a300, 1251;
v0x557bd010a300_1252 .array/port v0x557bd010a300, 1252;
v0x557bd010a300_1253 .array/port v0x557bd010a300, 1253;
v0x557bd010a300_1254 .array/port v0x557bd010a300, 1254;
E_0x557bd010b960/313 .event anyedge, v0x557bd010a300_1251, v0x557bd010a300_1252, v0x557bd010a300_1253, v0x557bd010a300_1254;
v0x557bd010a300_1255 .array/port v0x557bd010a300, 1255;
v0x557bd010a300_1256 .array/port v0x557bd010a300, 1256;
v0x557bd010a300_1257 .array/port v0x557bd010a300, 1257;
v0x557bd010a300_1258 .array/port v0x557bd010a300, 1258;
E_0x557bd010b960/314 .event anyedge, v0x557bd010a300_1255, v0x557bd010a300_1256, v0x557bd010a300_1257, v0x557bd010a300_1258;
v0x557bd010a300_1259 .array/port v0x557bd010a300, 1259;
v0x557bd010a300_1260 .array/port v0x557bd010a300, 1260;
v0x557bd010a300_1261 .array/port v0x557bd010a300, 1261;
v0x557bd010a300_1262 .array/port v0x557bd010a300, 1262;
E_0x557bd010b960/315 .event anyedge, v0x557bd010a300_1259, v0x557bd010a300_1260, v0x557bd010a300_1261, v0x557bd010a300_1262;
v0x557bd010a300_1263 .array/port v0x557bd010a300, 1263;
v0x557bd010a300_1264 .array/port v0x557bd010a300, 1264;
v0x557bd010a300_1265 .array/port v0x557bd010a300, 1265;
v0x557bd010a300_1266 .array/port v0x557bd010a300, 1266;
E_0x557bd010b960/316 .event anyedge, v0x557bd010a300_1263, v0x557bd010a300_1264, v0x557bd010a300_1265, v0x557bd010a300_1266;
v0x557bd010a300_1267 .array/port v0x557bd010a300, 1267;
v0x557bd010a300_1268 .array/port v0x557bd010a300, 1268;
v0x557bd010a300_1269 .array/port v0x557bd010a300, 1269;
v0x557bd010a300_1270 .array/port v0x557bd010a300, 1270;
E_0x557bd010b960/317 .event anyedge, v0x557bd010a300_1267, v0x557bd010a300_1268, v0x557bd010a300_1269, v0x557bd010a300_1270;
v0x557bd010a300_1271 .array/port v0x557bd010a300, 1271;
v0x557bd010a300_1272 .array/port v0x557bd010a300, 1272;
v0x557bd010a300_1273 .array/port v0x557bd010a300, 1273;
v0x557bd010a300_1274 .array/port v0x557bd010a300, 1274;
E_0x557bd010b960/318 .event anyedge, v0x557bd010a300_1271, v0x557bd010a300_1272, v0x557bd010a300_1273, v0x557bd010a300_1274;
v0x557bd010a300_1275 .array/port v0x557bd010a300, 1275;
v0x557bd010a300_1276 .array/port v0x557bd010a300, 1276;
v0x557bd010a300_1277 .array/port v0x557bd010a300, 1277;
v0x557bd010a300_1278 .array/port v0x557bd010a300, 1278;
E_0x557bd010b960/319 .event anyedge, v0x557bd010a300_1275, v0x557bd010a300_1276, v0x557bd010a300_1277, v0x557bd010a300_1278;
v0x557bd010a300_1279 .array/port v0x557bd010a300, 1279;
v0x557bd010a300_1280 .array/port v0x557bd010a300, 1280;
v0x557bd010a300_1281 .array/port v0x557bd010a300, 1281;
v0x557bd010a300_1282 .array/port v0x557bd010a300, 1282;
E_0x557bd010b960/320 .event anyedge, v0x557bd010a300_1279, v0x557bd010a300_1280, v0x557bd010a300_1281, v0x557bd010a300_1282;
v0x557bd010a300_1283 .array/port v0x557bd010a300, 1283;
v0x557bd010a300_1284 .array/port v0x557bd010a300, 1284;
v0x557bd010a300_1285 .array/port v0x557bd010a300, 1285;
v0x557bd010a300_1286 .array/port v0x557bd010a300, 1286;
E_0x557bd010b960/321 .event anyedge, v0x557bd010a300_1283, v0x557bd010a300_1284, v0x557bd010a300_1285, v0x557bd010a300_1286;
v0x557bd010a300_1287 .array/port v0x557bd010a300, 1287;
v0x557bd010a300_1288 .array/port v0x557bd010a300, 1288;
v0x557bd010a300_1289 .array/port v0x557bd010a300, 1289;
v0x557bd010a300_1290 .array/port v0x557bd010a300, 1290;
E_0x557bd010b960/322 .event anyedge, v0x557bd010a300_1287, v0x557bd010a300_1288, v0x557bd010a300_1289, v0x557bd010a300_1290;
v0x557bd010a300_1291 .array/port v0x557bd010a300, 1291;
v0x557bd010a300_1292 .array/port v0x557bd010a300, 1292;
v0x557bd010a300_1293 .array/port v0x557bd010a300, 1293;
v0x557bd010a300_1294 .array/port v0x557bd010a300, 1294;
E_0x557bd010b960/323 .event anyedge, v0x557bd010a300_1291, v0x557bd010a300_1292, v0x557bd010a300_1293, v0x557bd010a300_1294;
v0x557bd010a300_1295 .array/port v0x557bd010a300, 1295;
v0x557bd010a300_1296 .array/port v0x557bd010a300, 1296;
v0x557bd010a300_1297 .array/port v0x557bd010a300, 1297;
v0x557bd010a300_1298 .array/port v0x557bd010a300, 1298;
E_0x557bd010b960/324 .event anyedge, v0x557bd010a300_1295, v0x557bd010a300_1296, v0x557bd010a300_1297, v0x557bd010a300_1298;
v0x557bd010a300_1299 .array/port v0x557bd010a300, 1299;
v0x557bd010a300_1300 .array/port v0x557bd010a300, 1300;
v0x557bd010a300_1301 .array/port v0x557bd010a300, 1301;
v0x557bd010a300_1302 .array/port v0x557bd010a300, 1302;
E_0x557bd010b960/325 .event anyedge, v0x557bd010a300_1299, v0x557bd010a300_1300, v0x557bd010a300_1301, v0x557bd010a300_1302;
v0x557bd010a300_1303 .array/port v0x557bd010a300, 1303;
v0x557bd010a300_1304 .array/port v0x557bd010a300, 1304;
v0x557bd010a300_1305 .array/port v0x557bd010a300, 1305;
v0x557bd010a300_1306 .array/port v0x557bd010a300, 1306;
E_0x557bd010b960/326 .event anyedge, v0x557bd010a300_1303, v0x557bd010a300_1304, v0x557bd010a300_1305, v0x557bd010a300_1306;
v0x557bd010a300_1307 .array/port v0x557bd010a300, 1307;
v0x557bd010a300_1308 .array/port v0x557bd010a300, 1308;
v0x557bd010a300_1309 .array/port v0x557bd010a300, 1309;
v0x557bd010a300_1310 .array/port v0x557bd010a300, 1310;
E_0x557bd010b960/327 .event anyedge, v0x557bd010a300_1307, v0x557bd010a300_1308, v0x557bd010a300_1309, v0x557bd010a300_1310;
v0x557bd010a300_1311 .array/port v0x557bd010a300, 1311;
v0x557bd010a300_1312 .array/port v0x557bd010a300, 1312;
v0x557bd010a300_1313 .array/port v0x557bd010a300, 1313;
v0x557bd010a300_1314 .array/port v0x557bd010a300, 1314;
E_0x557bd010b960/328 .event anyedge, v0x557bd010a300_1311, v0x557bd010a300_1312, v0x557bd010a300_1313, v0x557bd010a300_1314;
v0x557bd010a300_1315 .array/port v0x557bd010a300, 1315;
v0x557bd010a300_1316 .array/port v0x557bd010a300, 1316;
v0x557bd010a300_1317 .array/port v0x557bd010a300, 1317;
v0x557bd010a300_1318 .array/port v0x557bd010a300, 1318;
E_0x557bd010b960/329 .event anyedge, v0x557bd010a300_1315, v0x557bd010a300_1316, v0x557bd010a300_1317, v0x557bd010a300_1318;
v0x557bd010a300_1319 .array/port v0x557bd010a300, 1319;
v0x557bd010a300_1320 .array/port v0x557bd010a300, 1320;
v0x557bd010a300_1321 .array/port v0x557bd010a300, 1321;
v0x557bd010a300_1322 .array/port v0x557bd010a300, 1322;
E_0x557bd010b960/330 .event anyedge, v0x557bd010a300_1319, v0x557bd010a300_1320, v0x557bd010a300_1321, v0x557bd010a300_1322;
v0x557bd010a300_1323 .array/port v0x557bd010a300, 1323;
v0x557bd010a300_1324 .array/port v0x557bd010a300, 1324;
v0x557bd010a300_1325 .array/port v0x557bd010a300, 1325;
v0x557bd010a300_1326 .array/port v0x557bd010a300, 1326;
E_0x557bd010b960/331 .event anyedge, v0x557bd010a300_1323, v0x557bd010a300_1324, v0x557bd010a300_1325, v0x557bd010a300_1326;
v0x557bd010a300_1327 .array/port v0x557bd010a300, 1327;
v0x557bd010a300_1328 .array/port v0x557bd010a300, 1328;
v0x557bd010a300_1329 .array/port v0x557bd010a300, 1329;
v0x557bd010a300_1330 .array/port v0x557bd010a300, 1330;
E_0x557bd010b960/332 .event anyedge, v0x557bd010a300_1327, v0x557bd010a300_1328, v0x557bd010a300_1329, v0x557bd010a300_1330;
v0x557bd010a300_1331 .array/port v0x557bd010a300, 1331;
v0x557bd010a300_1332 .array/port v0x557bd010a300, 1332;
v0x557bd010a300_1333 .array/port v0x557bd010a300, 1333;
v0x557bd010a300_1334 .array/port v0x557bd010a300, 1334;
E_0x557bd010b960/333 .event anyedge, v0x557bd010a300_1331, v0x557bd010a300_1332, v0x557bd010a300_1333, v0x557bd010a300_1334;
v0x557bd010a300_1335 .array/port v0x557bd010a300, 1335;
v0x557bd010a300_1336 .array/port v0x557bd010a300, 1336;
v0x557bd010a300_1337 .array/port v0x557bd010a300, 1337;
v0x557bd010a300_1338 .array/port v0x557bd010a300, 1338;
E_0x557bd010b960/334 .event anyedge, v0x557bd010a300_1335, v0x557bd010a300_1336, v0x557bd010a300_1337, v0x557bd010a300_1338;
v0x557bd010a300_1339 .array/port v0x557bd010a300, 1339;
v0x557bd010a300_1340 .array/port v0x557bd010a300, 1340;
v0x557bd010a300_1341 .array/port v0x557bd010a300, 1341;
v0x557bd010a300_1342 .array/port v0x557bd010a300, 1342;
E_0x557bd010b960/335 .event anyedge, v0x557bd010a300_1339, v0x557bd010a300_1340, v0x557bd010a300_1341, v0x557bd010a300_1342;
v0x557bd010a300_1343 .array/port v0x557bd010a300, 1343;
v0x557bd010a300_1344 .array/port v0x557bd010a300, 1344;
v0x557bd010a300_1345 .array/port v0x557bd010a300, 1345;
v0x557bd010a300_1346 .array/port v0x557bd010a300, 1346;
E_0x557bd010b960/336 .event anyedge, v0x557bd010a300_1343, v0x557bd010a300_1344, v0x557bd010a300_1345, v0x557bd010a300_1346;
v0x557bd010a300_1347 .array/port v0x557bd010a300, 1347;
v0x557bd010a300_1348 .array/port v0x557bd010a300, 1348;
v0x557bd010a300_1349 .array/port v0x557bd010a300, 1349;
v0x557bd010a300_1350 .array/port v0x557bd010a300, 1350;
E_0x557bd010b960/337 .event anyedge, v0x557bd010a300_1347, v0x557bd010a300_1348, v0x557bd010a300_1349, v0x557bd010a300_1350;
v0x557bd010a300_1351 .array/port v0x557bd010a300, 1351;
v0x557bd010a300_1352 .array/port v0x557bd010a300, 1352;
v0x557bd010a300_1353 .array/port v0x557bd010a300, 1353;
v0x557bd010a300_1354 .array/port v0x557bd010a300, 1354;
E_0x557bd010b960/338 .event anyedge, v0x557bd010a300_1351, v0x557bd010a300_1352, v0x557bd010a300_1353, v0x557bd010a300_1354;
v0x557bd010a300_1355 .array/port v0x557bd010a300, 1355;
v0x557bd010a300_1356 .array/port v0x557bd010a300, 1356;
v0x557bd010a300_1357 .array/port v0x557bd010a300, 1357;
v0x557bd010a300_1358 .array/port v0x557bd010a300, 1358;
E_0x557bd010b960/339 .event anyedge, v0x557bd010a300_1355, v0x557bd010a300_1356, v0x557bd010a300_1357, v0x557bd010a300_1358;
v0x557bd010a300_1359 .array/port v0x557bd010a300, 1359;
v0x557bd010a300_1360 .array/port v0x557bd010a300, 1360;
v0x557bd010a300_1361 .array/port v0x557bd010a300, 1361;
v0x557bd010a300_1362 .array/port v0x557bd010a300, 1362;
E_0x557bd010b960/340 .event anyedge, v0x557bd010a300_1359, v0x557bd010a300_1360, v0x557bd010a300_1361, v0x557bd010a300_1362;
v0x557bd010a300_1363 .array/port v0x557bd010a300, 1363;
v0x557bd010a300_1364 .array/port v0x557bd010a300, 1364;
v0x557bd010a300_1365 .array/port v0x557bd010a300, 1365;
v0x557bd010a300_1366 .array/port v0x557bd010a300, 1366;
E_0x557bd010b960/341 .event anyedge, v0x557bd010a300_1363, v0x557bd010a300_1364, v0x557bd010a300_1365, v0x557bd010a300_1366;
v0x557bd010a300_1367 .array/port v0x557bd010a300, 1367;
v0x557bd010a300_1368 .array/port v0x557bd010a300, 1368;
v0x557bd010a300_1369 .array/port v0x557bd010a300, 1369;
v0x557bd010a300_1370 .array/port v0x557bd010a300, 1370;
E_0x557bd010b960/342 .event anyedge, v0x557bd010a300_1367, v0x557bd010a300_1368, v0x557bd010a300_1369, v0x557bd010a300_1370;
v0x557bd010a300_1371 .array/port v0x557bd010a300, 1371;
v0x557bd010a300_1372 .array/port v0x557bd010a300, 1372;
v0x557bd010a300_1373 .array/port v0x557bd010a300, 1373;
v0x557bd010a300_1374 .array/port v0x557bd010a300, 1374;
E_0x557bd010b960/343 .event anyedge, v0x557bd010a300_1371, v0x557bd010a300_1372, v0x557bd010a300_1373, v0x557bd010a300_1374;
v0x557bd010a300_1375 .array/port v0x557bd010a300, 1375;
v0x557bd010a300_1376 .array/port v0x557bd010a300, 1376;
v0x557bd010a300_1377 .array/port v0x557bd010a300, 1377;
v0x557bd010a300_1378 .array/port v0x557bd010a300, 1378;
E_0x557bd010b960/344 .event anyedge, v0x557bd010a300_1375, v0x557bd010a300_1376, v0x557bd010a300_1377, v0x557bd010a300_1378;
v0x557bd010a300_1379 .array/port v0x557bd010a300, 1379;
v0x557bd010a300_1380 .array/port v0x557bd010a300, 1380;
v0x557bd010a300_1381 .array/port v0x557bd010a300, 1381;
v0x557bd010a300_1382 .array/port v0x557bd010a300, 1382;
E_0x557bd010b960/345 .event anyedge, v0x557bd010a300_1379, v0x557bd010a300_1380, v0x557bd010a300_1381, v0x557bd010a300_1382;
v0x557bd010a300_1383 .array/port v0x557bd010a300, 1383;
v0x557bd010a300_1384 .array/port v0x557bd010a300, 1384;
v0x557bd010a300_1385 .array/port v0x557bd010a300, 1385;
v0x557bd010a300_1386 .array/port v0x557bd010a300, 1386;
E_0x557bd010b960/346 .event anyedge, v0x557bd010a300_1383, v0x557bd010a300_1384, v0x557bd010a300_1385, v0x557bd010a300_1386;
v0x557bd010a300_1387 .array/port v0x557bd010a300, 1387;
v0x557bd010a300_1388 .array/port v0x557bd010a300, 1388;
v0x557bd010a300_1389 .array/port v0x557bd010a300, 1389;
v0x557bd010a300_1390 .array/port v0x557bd010a300, 1390;
E_0x557bd010b960/347 .event anyedge, v0x557bd010a300_1387, v0x557bd010a300_1388, v0x557bd010a300_1389, v0x557bd010a300_1390;
v0x557bd010a300_1391 .array/port v0x557bd010a300, 1391;
v0x557bd010a300_1392 .array/port v0x557bd010a300, 1392;
v0x557bd010a300_1393 .array/port v0x557bd010a300, 1393;
v0x557bd010a300_1394 .array/port v0x557bd010a300, 1394;
E_0x557bd010b960/348 .event anyedge, v0x557bd010a300_1391, v0x557bd010a300_1392, v0x557bd010a300_1393, v0x557bd010a300_1394;
v0x557bd010a300_1395 .array/port v0x557bd010a300, 1395;
v0x557bd010a300_1396 .array/port v0x557bd010a300, 1396;
v0x557bd010a300_1397 .array/port v0x557bd010a300, 1397;
v0x557bd010a300_1398 .array/port v0x557bd010a300, 1398;
E_0x557bd010b960/349 .event anyedge, v0x557bd010a300_1395, v0x557bd010a300_1396, v0x557bd010a300_1397, v0x557bd010a300_1398;
v0x557bd010a300_1399 .array/port v0x557bd010a300, 1399;
v0x557bd010a300_1400 .array/port v0x557bd010a300, 1400;
v0x557bd010a300_1401 .array/port v0x557bd010a300, 1401;
v0x557bd010a300_1402 .array/port v0x557bd010a300, 1402;
E_0x557bd010b960/350 .event anyedge, v0x557bd010a300_1399, v0x557bd010a300_1400, v0x557bd010a300_1401, v0x557bd010a300_1402;
v0x557bd010a300_1403 .array/port v0x557bd010a300, 1403;
v0x557bd010a300_1404 .array/port v0x557bd010a300, 1404;
v0x557bd010a300_1405 .array/port v0x557bd010a300, 1405;
v0x557bd010a300_1406 .array/port v0x557bd010a300, 1406;
E_0x557bd010b960/351 .event anyedge, v0x557bd010a300_1403, v0x557bd010a300_1404, v0x557bd010a300_1405, v0x557bd010a300_1406;
v0x557bd010a300_1407 .array/port v0x557bd010a300, 1407;
v0x557bd010a300_1408 .array/port v0x557bd010a300, 1408;
v0x557bd010a300_1409 .array/port v0x557bd010a300, 1409;
v0x557bd010a300_1410 .array/port v0x557bd010a300, 1410;
E_0x557bd010b960/352 .event anyedge, v0x557bd010a300_1407, v0x557bd010a300_1408, v0x557bd010a300_1409, v0x557bd010a300_1410;
v0x557bd010a300_1411 .array/port v0x557bd010a300, 1411;
v0x557bd010a300_1412 .array/port v0x557bd010a300, 1412;
v0x557bd010a300_1413 .array/port v0x557bd010a300, 1413;
v0x557bd010a300_1414 .array/port v0x557bd010a300, 1414;
E_0x557bd010b960/353 .event anyedge, v0x557bd010a300_1411, v0x557bd010a300_1412, v0x557bd010a300_1413, v0x557bd010a300_1414;
v0x557bd010a300_1415 .array/port v0x557bd010a300, 1415;
v0x557bd010a300_1416 .array/port v0x557bd010a300, 1416;
v0x557bd010a300_1417 .array/port v0x557bd010a300, 1417;
v0x557bd010a300_1418 .array/port v0x557bd010a300, 1418;
E_0x557bd010b960/354 .event anyedge, v0x557bd010a300_1415, v0x557bd010a300_1416, v0x557bd010a300_1417, v0x557bd010a300_1418;
v0x557bd010a300_1419 .array/port v0x557bd010a300, 1419;
v0x557bd010a300_1420 .array/port v0x557bd010a300, 1420;
v0x557bd010a300_1421 .array/port v0x557bd010a300, 1421;
v0x557bd010a300_1422 .array/port v0x557bd010a300, 1422;
E_0x557bd010b960/355 .event anyedge, v0x557bd010a300_1419, v0x557bd010a300_1420, v0x557bd010a300_1421, v0x557bd010a300_1422;
v0x557bd010a300_1423 .array/port v0x557bd010a300, 1423;
v0x557bd010a300_1424 .array/port v0x557bd010a300, 1424;
v0x557bd010a300_1425 .array/port v0x557bd010a300, 1425;
v0x557bd010a300_1426 .array/port v0x557bd010a300, 1426;
E_0x557bd010b960/356 .event anyedge, v0x557bd010a300_1423, v0x557bd010a300_1424, v0x557bd010a300_1425, v0x557bd010a300_1426;
v0x557bd010a300_1427 .array/port v0x557bd010a300, 1427;
v0x557bd010a300_1428 .array/port v0x557bd010a300, 1428;
v0x557bd010a300_1429 .array/port v0x557bd010a300, 1429;
v0x557bd010a300_1430 .array/port v0x557bd010a300, 1430;
E_0x557bd010b960/357 .event anyedge, v0x557bd010a300_1427, v0x557bd010a300_1428, v0x557bd010a300_1429, v0x557bd010a300_1430;
v0x557bd010a300_1431 .array/port v0x557bd010a300, 1431;
v0x557bd010a300_1432 .array/port v0x557bd010a300, 1432;
v0x557bd010a300_1433 .array/port v0x557bd010a300, 1433;
v0x557bd010a300_1434 .array/port v0x557bd010a300, 1434;
E_0x557bd010b960/358 .event anyedge, v0x557bd010a300_1431, v0x557bd010a300_1432, v0x557bd010a300_1433, v0x557bd010a300_1434;
v0x557bd010a300_1435 .array/port v0x557bd010a300, 1435;
v0x557bd010a300_1436 .array/port v0x557bd010a300, 1436;
v0x557bd010a300_1437 .array/port v0x557bd010a300, 1437;
v0x557bd010a300_1438 .array/port v0x557bd010a300, 1438;
E_0x557bd010b960/359 .event anyedge, v0x557bd010a300_1435, v0x557bd010a300_1436, v0x557bd010a300_1437, v0x557bd010a300_1438;
v0x557bd010a300_1439 .array/port v0x557bd010a300, 1439;
v0x557bd010a300_1440 .array/port v0x557bd010a300, 1440;
v0x557bd010a300_1441 .array/port v0x557bd010a300, 1441;
v0x557bd010a300_1442 .array/port v0x557bd010a300, 1442;
E_0x557bd010b960/360 .event anyedge, v0x557bd010a300_1439, v0x557bd010a300_1440, v0x557bd010a300_1441, v0x557bd010a300_1442;
v0x557bd010a300_1443 .array/port v0x557bd010a300, 1443;
v0x557bd010a300_1444 .array/port v0x557bd010a300, 1444;
v0x557bd010a300_1445 .array/port v0x557bd010a300, 1445;
v0x557bd010a300_1446 .array/port v0x557bd010a300, 1446;
E_0x557bd010b960/361 .event anyedge, v0x557bd010a300_1443, v0x557bd010a300_1444, v0x557bd010a300_1445, v0x557bd010a300_1446;
v0x557bd010a300_1447 .array/port v0x557bd010a300, 1447;
v0x557bd010a300_1448 .array/port v0x557bd010a300, 1448;
v0x557bd010a300_1449 .array/port v0x557bd010a300, 1449;
v0x557bd010a300_1450 .array/port v0x557bd010a300, 1450;
E_0x557bd010b960/362 .event anyedge, v0x557bd010a300_1447, v0x557bd010a300_1448, v0x557bd010a300_1449, v0x557bd010a300_1450;
v0x557bd010a300_1451 .array/port v0x557bd010a300, 1451;
v0x557bd010a300_1452 .array/port v0x557bd010a300, 1452;
v0x557bd010a300_1453 .array/port v0x557bd010a300, 1453;
v0x557bd010a300_1454 .array/port v0x557bd010a300, 1454;
E_0x557bd010b960/363 .event anyedge, v0x557bd010a300_1451, v0x557bd010a300_1452, v0x557bd010a300_1453, v0x557bd010a300_1454;
v0x557bd010a300_1455 .array/port v0x557bd010a300, 1455;
v0x557bd010a300_1456 .array/port v0x557bd010a300, 1456;
v0x557bd010a300_1457 .array/port v0x557bd010a300, 1457;
v0x557bd010a300_1458 .array/port v0x557bd010a300, 1458;
E_0x557bd010b960/364 .event anyedge, v0x557bd010a300_1455, v0x557bd010a300_1456, v0x557bd010a300_1457, v0x557bd010a300_1458;
v0x557bd010a300_1459 .array/port v0x557bd010a300, 1459;
v0x557bd010a300_1460 .array/port v0x557bd010a300, 1460;
v0x557bd010a300_1461 .array/port v0x557bd010a300, 1461;
v0x557bd010a300_1462 .array/port v0x557bd010a300, 1462;
E_0x557bd010b960/365 .event anyedge, v0x557bd010a300_1459, v0x557bd010a300_1460, v0x557bd010a300_1461, v0x557bd010a300_1462;
v0x557bd010a300_1463 .array/port v0x557bd010a300, 1463;
v0x557bd010a300_1464 .array/port v0x557bd010a300, 1464;
v0x557bd010a300_1465 .array/port v0x557bd010a300, 1465;
v0x557bd010a300_1466 .array/port v0x557bd010a300, 1466;
E_0x557bd010b960/366 .event anyedge, v0x557bd010a300_1463, v0x557bd010a300_1464, v0x557bd010a300_1465, v0x557bd010a300_1466;
v0x557bd010a300_1467 .array/port v0x557bd010a300, 1467;
v0x557bd010a300_1468 .array/port v0x557bd010a300, 1468;
v0x557bd010a300_1469 .array/port v0x557bd010a300, 1469;
v0x557bd010a300_1470 .array/port v0x557bd010a300, 1470;
E_0x557bd010b960/367 .event anyedge, v0x557bd010a300_1467, v0x557bd010a300_1468, v0x557bd010a300_1469, v0x557bd010a300_1470;
v0x557bd010a300_1471 .array/port v0x557bd010a300, 1471;
v0x557bd010a300_1472 .array/port v0x557bd010a300, 1472;
v0x557bd010a300_1473 .array/port v0x557bd010a300, 1473;
v0x557bd010a300_1474 .array/port v0x557bd010a300, 1474;
E_0x557bd010b960/368 .event anyedge, v0x557bd010a300_1471, v0x557bd010a300_1472, v0x557bd010a300_1473, v0x557bd010a300_1474;
v0x557bd010a300_1475 .array/port v0x557bd010a300, 1475;
v0x557bd010a300_1476 .array/port v0x557bd010a300, 1476;
v0x557bd010a300_1477 .array/port v0x557bd010a300, 1477;
v0x557bd010a300_1478 .array/port v0x557bd010a300, 1478;
E_0x557bd010b960/369 .event anyedge, v0x557bd010a300_1475, v0x557bd010a300_1476, v0x557bd010a300_1477, v0x557bd010a300_1478;
v0x557bd010a300_1479 .array/port v0x557bd010a300, 1479;
v0x557bd010a300_1480 .array/port v0x557bd010a300, 1480;
v0x557bd010a300_1481 .array/port v0x557bd010a300, 1481;
v0x557bd010a300_1482 .array/port v0x557bd010a300, 1482;
E_0x557bd010b960/370 .event anyedge, v0x557bd010a300_1479, v0x557bd010a300_1480, v0x557bd010a300_1481, v0x557bd010a300_1482;
v0x557bd010a300_1483 .array/port v0x557bd010a300, 1483;
v0x557bd010a300_1484 .array/port v0x557bd010a300, 1484;
v0x557bd010a300_1485 .array/port v0x557bd010a300, 1485;
v0x557bd010a300_1486 .array/port v0x557bd010a300, 1486;
E_0x557bd010b960/371 .event anyedge, v0x557bd010a300_1483, v0x557bd010a300_1484, v0x557bd010a300_1485, v0x557bd010a300_1486;
v0x557bd010a300_1487 .array/port v0x557bd010a300, 1487;
v0x557bd010a300_1488 .array/port v0x557bd010a300, 1488;
v0x557bd010a300_1489 .array/port v0x557bd010a300, 1489;
v0x557bd010a300_1490 .array/port v0x557bd010a300, 1490;
E_0x557bd010b960/372 .event anyedge, v0x557bd010a300_1487, v0x557bd010a300_1488, v0x557bd010a300_1489, v0x557bd010a300_1490;
v0x557bd010a300_1491 .array/port v0x557bd010a300, 1491;
v0x557bd010a300_1492 .array/port v0x557bd010a300, 1492;
v0x557bd010a300_1493 .array/port v0x557bd010a300, 1493;
v0x557bd010a300_1494 .array/port v0x557bd010a300, 1494;
E_0x557bd010b960/373 .event anyedge, v0x557bd010a300_1491, v0x557bd010a300_1492, v0x557bd010a300_1493, v0x557bd010a300_1494;
v0x557bd010a300_1495 .array/port v0x557bd010a300, 1495;
v0x557bd010a300_1496 .array/port v0x557bd010a300, 1496;
v0x557bd010a300_1497 .array/port v0x557bd010a300, 1497;
v0x557bd010a300_1498 .array/port v0x557bd010a300, 1498;
E_0x557bd010b960/374 .event anyedge, v0x557bd010a300_1495, v0x557bd010a300_1496, v0x557bd010a300_1497, v0x557bd010a300_1498;
v0x557bd010a300_1499 .array/port v0x557bd010a300, 1499;
v0x557bd010a300_1500 .array/port v0x557bd010a300, 1500;
v0x557bd010a300_1501 .array/port v0x557bd010a300, 1501;
v0x557bd010a300_1502 .array/port v0x557bd010a300, 1502;
E_0x557bd010b960/375 .event anyedge, v0x557bd010a300_1499, v0x557bd010a300_1500, v0x557bd010a300_1501, v0x557bd010a300_1502;
v0x557bd010a300_1503 .array/port v0x557bd010a300, 1503;
v0x557bd010a300_1504 .array/port v0x557bd010a300, 1504;
v0x557bd010a300_1505 .array/port v0x557bd010a300, 1505;
v0x557bd010a300_1506 .array/port v0x557bd010a300, 1506;
E_0x557bd010b960/376 .event anyedge, v0x557bd010a300_1503, v0x557bd010a300_1504, v0x557bd010a300_1505, v0x557bd010a300_1506;
v0x557bd010a300_1507 .array/port v0x557bd010a300, 1507;
v0x557bd010a300_1508 .array/port v0x557bd010a300, 1508;
v0x557bd010a300_1509 .array/port v0x557bd010a300, 1509;
v0x557bd010a300_1510 .array/port v0x557bd010a300, 1510;
E_0x557bd010b960/377 .event anyedge, v0x557bd010a300_1507, v0x557bd010a300_1508, v0x557bd010a300_1509, v0x557bd010a300_1510;
v0x557bd010a300_1511 .array/port v0x557bd010a300, 1511;
v0x557bd010a300_1512 .array/port v0x557bd010a300, 1512;
v0x557bd010a300_1513 .array/port v0x557bd010a300, 1513;
v0x557bd010a300_1514 .array/port v0x557bd010a300, 1514;
E_0x557bd010b960/378 .event anyedge, v0x557bd010a300_1511, v0x557bd010a300_1512, v0x557bd010a300_1513, v0x557bd010a300_1514;
v0x557bd010a300_1515 .array/port v0x557bd010a300, 1515;
v0x557bd010a300_1516 .array/port v0x557bd010a300, 1516;
v0x557bd010a300_1517 .array/port v0x557bd010a300, 1517;
v0x557bd010a300_1518 .array/port v0x557bd010a300, 1518;
E_0x557bd010b960/379 .event anyedge, v0x557bd010a300_1515, v0x557bd010a300_1516, v0x557bd010a300_1517, v0x557bd010a300_1518;
v0x557bd010a300_1519 .array/port v0x557bd010a300, 1519;
v0x557bd010a300_1520 .array/port v0x557bd010a300, 1520;
v0x557bd010a300_1521 .array/port v0x557bd010a300, 1521;
v0x557bd010a300_1522 .array/port v0x557bd010a300, 1522;
E_0x557bd010b960/380 .event anyedge, v0x557bd010a300_1519, v0x557bd010a300_1520, v0x557bd010a300_1521, v0x557bd010a300_1522;
v0x557bd010a300_1523 .array/port v0x557bd010a300, 1523;
v0x557bd010a300_1524 .array/port v0x557bd010a300, 1524;
v0x557bd010a300_1525 .array/port v0x557bd010a300, 1525;
v0x557bd010a300_1526 .array/port v0x557bd010a300, 1526;
E_0x557bd010b960/381 .event anyedge, v0x557bd010a300_1523, v0x557bd010a300_1524, v0x557bd010a300_1525, v0x557bd010a300_1526;
v0x557bd010a300_1527 .array/port v0x557bd010a300, 1527;
v0x557bd010a300_1528 .array/port v0x557bd010a300, 1528;
v0x557bd010a300_1529 .array/port v0x557bd010a300, 1529;
v0x557bd010a300_1530 .array/port v0x557bd010a300, 1530;
E_0x557bd010b960/382 .event anyedge, v0x557bd010a300_1527, v0x557bd010a300_1528, v0x557bd010a300_1529, v0x557bd010a300_1530;
v0x557bd010a300_1531 .array/port v0x557bd010a300, 1531;
v0x557bd010a300_1532 .array/port v0x557bd010a300, 1532;
v0x557bd010a300_1533 .array/port v0x557bd010a300, 1533;
v0x557bd010a300_1534 .array/port v0x557bd010a300, 1534;
E_0x557bd010b960/383 .event anyedge, v0x557bd010a300_1531, v0x557bd010a300_1532, v0x557bd010a300_1533, v0x557bd010a300_1534;
v0x557bd010a300_1535 .array/port v0x557bd010a300, 1535;
v0x557bd010a300_1536 .array/port v0x557bd010a300, 1536;
v0x557bd010a300_1537 .array/port v0x557bd010a300, 1537;
v0x557bd010a300_1538 .array/port v0x557bd010a300, 1538;
E_0x557bd010b960/384 .event anyedge, v0x557bd010a300_1535, v0x557bd010a300_1536, v0x557bd010a300_1537, v0x557bd010a300_1538;
v0x557bd010a300_1539 .array/port v0x557bd010a300, 1539;
v0x557bd010a300_1540 .array/port v0x557bd010a300, 1540;
v0x557bd010a300_1541 .array/port v0x557bd010a300, 1541;
v0x557bd010a300_1542 .array/port v0x557bd010a300, 1542;
E_0x557bd010b960/385 .event anyedge, v0x557bd010a300_1539, v0x557bd010a300_1540, v0x557bd010a300_1541, v0x557bd010a300_1542;
v0x557bd010a300_1543 .array/port v0x557bd010a300, 1543;
v0x557bd010a300_1544 .array/port v0x557bd010a300, 1544;
v0x557bd010a300_1545 .array/port v0x557bd010a300, 1545;
v0x557bd010a300_1546 .array/port v0x557bd010a300, 1546;
E_0x557bd010b960/386 .event anyedge, v0x557bd010a300_1543, v0x557bd010a300_1544, v0x557bd010a300_1545, v0x557bd010a300_1546;
v0x557bd010a300_1547 .array/port v0x557bd010a300, 1547;
v0x557bd010a300_1548 .array/port v0x557bd010a300, 1548;
v0x557bd010a300_1549 .array/port v0x557bd010a300, 1549;
v0x557bd010a300_1550 .array/port v0x557bd010a300, 1550;
E_0x557bd010b960/387 .event anyedge, v0x557bd010a300_1547, v0x557bd010a300_1548, v0x557bd010a300_1549, v0x557bd010a300_1550;
v0x557bd010a300_1551 .array/port v0x557bd010a300, 1551;
v0x557bd010a300_1552 .array/port v0x557bd010a300, 1552;
v0x557bd010a300_1553 .array/port v0x557bd010a300, 1553;
v0x557bd010a300_1554 .array/port v0x557bd010a300, 1554;
E_0x557bd010b960/388 .event anyedge, v0x557bd010a300_1551, v0x557bd010a300_1552, v0x557bd010a300_1553, v0x557bd010a300_1554;
v0x557bd010a300_1555 .array/port v0x557bd010a300, 1555;
v0x557bd010a300_1556 .array/port v0x557bd010a300, 1556;
v0x557bd010a300_1557 .array/port v0x557bd010a300, 1557;
v0x557bd010a300_1558 .array/port v0x557bd010a300, 1558;
E_0x557bd010b960/389 .event anyedge, v0x557bd010a300_1555, v0x557bd010a300_1556, v0x557bd010a300_1557, v0x557bd010a300_1558;
v0x557bd010a300_1559 .array/port v0x557bd010a300, 1559;
v0x557bd010a300_1560 .array/port v0x557bd010a300, 1560;
v0x557bd010a300_1561 .array/port v0x557bd010a300, 1561;
v0x557bd010a300_1562 .array/port v0x557bd010a300, 1562;
E_0x557bd010b960/390 .event anyedge, v0x557bd010a300_1559, v0x557bd010a300_1560, v0x557bd010a300_1561, v0x557bd010a300_1562;
v0x557bd010a300_1563 .array/port v0x557bd010a300, 1563;
v0x557bd010a300_1564 .array/port v0x557bd010a300, 1564;
v0x557bd010a300_1565 .array/port v0x557bd010a300, 1565;
v0x557bd010a300_1566 .array/port v0x557bd010a300, 1566;
E_0x557bd010b960/391 .event anyedge, v0x557bd010a300_1563, v0x557bd010a300_1564, v0x557bd010a300_1565, v0x557bd010a300_1566;
v0x557bd010a300_1567 .array/port v0x557bd010a300, 1567;
v0x557bd010a300_1568 .array/port v0x557bd010a300, 1568;
v0x557bd010a300_1569 .array/port v0x557bd010a300, 1569;
v0x557bd010a300_1570 .array/port v0x557bd010a300, 1570;
E_0x557bd010b960/392 .event anyedge, v0x557bd010a300_1567, v0x557bd010a300_1568, v0x557bd010a300_1569, v0x557bd010a300_1570;
v0x557bd010a300_1571 .array/port v0x557bd010a300, 1571;
v0x557bd010a300_1572 .array/port v0x557bd010a300, 1572;
v0x557bd010a300_1573 .array/port v0x557bd010a300, 1573;
v0x557bd010a300_1574 .array/port v0x557bd010a300, 1574;
E_0x557bd010b960/393 .event anyedge, v0x557bd010a300_1571, v0x557bd010a300_1572, v0x557bd010a300_1573, v0x557bd010a300_1574;
v0x557bd010a300_1575 .array/port v0x557bd010a300, 1575;
v0x557bd010a300_1576 .array/port v0x557bd010a300, 1576;
v0x557bd010a300_1577 .array/port v0x557bd010a300, 1577;
v0x557bd010a300_1578 .array/port v0x557bd010a300, 1578;
E_0x557bd010b960/394 .event anyedge, v0x557bd010a300_1575, v0x557bd010a300_1576, v0x557bd010a300_1577, v0x557bd010a300_1578;
v0x557bd010a300_1579 .array/port v0x557bd010a300, 1579;
v0x557bd010a300_1580 .array/port v0x557bd010a300, 1580;
v0x557bd010a300_1581 .array/port v0x557bd010a300, 1581;
v0x557bd010a300_1582 .array/port v0x557bd010a300, 1582;
E_0x557bd010b960/395 .event anyedge, v0x557bd010a300_1579, v0x557bd010a300_1580, v0x557bd010a300_1581, v0x557bd010a300_1582;
v0x557bd010a300_1583 .array/port v0x557bd010a300, 1583;
v0x557bd010a300_1584 .array/port v0x557bd010a300, 1584;
v0x557bd010a300_1585 .array/port v0x557bd010a300, 1585;
v0x557bd010a300_1586 .array/port v0x557bd010a300, 1586;
E_0x557bd010b960/396 .event anyedge, v0x557bd010a300_1583, v0x557bd010a300_1584, v0x557bd010a300_1585, v0x557bd010a300_1586;
v0x557bd010a300_1587 .array/port v0x557bd010a300, 1587;
v0x557bd010a300_1588 .array/port v0x557bd010a300, 1588;
v0x557bd010a300_1589 .array/port v0x557bd010a300, 1589;
v0x557bd010a300_1590 .array/port v0x557bd010a300, 1590;
E_0x557bd010b960/397 .event anyedge, v0x557bd010a300_1587, v0x557bd010a300_1588, v0x557bd010a300_1589, v0x557bd010a300_1590;
v0x557bd010a300_1591 .array/port v0x557bd010a300, 1591;
v0x557bd010a300_1592 .array/port v0x557bd010a300, 1592;
v0x557bd010a300_1593 .array/port v0x557bd010a300, 1593;
v0x557bd010a300_1594 .array/port v0x557bd010a300, 1594;
E_0x557bd010b960/398 .event anyedge, v0x557bd010a300_1591, v0x557bd010a300_1592, v0x557bd010a300_1593, v0x557bd010a300_1594;
v0x557bd010a300_1595 .array/port v0x557bd010a300, 1595;
v0x557bd010a300_1596 .array/port v0x557bd010a300, 1596;
v0x557bd010a300_1597 .array/port v0x557bd010a300, 1597;
v0x557bd010a300_1598 .array/port v0x557bd010a300, 1598;
E_0x557bd010b960/399 .event anyedge, v0x557bd010a300_1595, v0x557bd010a300_1596, v0x557bd010a300_1597, v0x557bd010a300_1598;
v0x557bd010a300_1599 .array/port v0x557bd010a300, 1599;
v0x557bd010a300_1600 .array/port v0x557bd010a300, 1600;
v0x557bd010a300_1601 .array/port v0x557bd010a300, 1601;
v0x557bd010a300_1602 .array/port v0x557bd010a300, 1602;
E_0x557bd010b960/400 .event anyedge, v0x557bd010a300_1599, v0x557bd010a300_1600, v0x557bd010a300_1601, v0x557bd010a300_1602;
v0x557bd010a300_1603 .array/port v0x557bd010a300, 1603;
v0x557bd010a300_1604 .array/port v0x557bd010a300, 1604;
v0x557bd010a300_1605 .array/port v0x557bd010a300, 1605;
v0x557bd010a300_1606 .array/port v0x557bd010a300, 1606;
E_0x557bd010b960/401 .event anyedge, v0x557bd010a300_1603, v0x557bd010a300_1604, v0x557bd010a300_1605, v0x557bd010a300_1606;
v0x557bd010a300_1607 .array/port v0x557bd010a300, 1607;
v0x557bd010a300_1608 .array/port v0x557bd010a300, 1608;
v0x557bd010a300_1609 .array/port v0x557bd010a300, 1609;
v0x557bd010a300_1610 .array/port v0x557bd010a300, 1610;
E_0x557bd010b960/402 .event anyedge, v0x557bd010a300_1607, v0x557bd010a300_1608, v0x557bd010a300_1609, v0x557bd010a300_1610;
v0x557bd010a300_1611 .array/port v0x557bd010a300, 1611;
v0x557bd010a300_1612 .array/port v0x557bd010a300, 1612;
v0x557bd010a300_1613 .array/port v0x557bd010a300, 1613;
v0x557bd010a300_1614 .array/port v0x557bd010a300, 1614;
E_0x557bd010b960/403 .event anyedge, v0x557bd010a300_1611, v0x557bd010a300_1612, v0x557bd010a300_1613, v0x557bd010a300_1614;
v0x557bd010a300_1615 .array/port v0x557bd010a300, 1615;
v0x557bd010a300_1616 .array/port v0x557bd010a300, 1616;
v0x557bd010a300_1617 .array/port v0x557bd010a300, 1617;
v0x557bd010a300_1618 .array/port v0x557bd010a300, 1618;
E_0x557bd010b960/404 .event anyedge, v0x557bd010a300_1615, v0x557bd010a300_1616, v0x557bd010a300_1617, v0x557bd010a300_1618;
v0x557bd010a300_1619 .array/port v0x557bd010a300, 1619;
v0x557bd010a300_1620 .array/port v0x557bd010a300, 1620;
v0x557bd010a300_1621 .array/port v0x557bd010a300, 1621;
v0x557bd010a300_1622 .array/port v0x557bd010a300, 1622;
E_0x557bd010b960/405 .event anyedge, v0x557bd010a300_1619, v0x557bd010a300_1620, v0x557bd010a300_1621, v0x557bd010a300_1622;
v0x557bd010a300_1623 .array/port v0x557bd010a300, 1623;
v0x557bd010a300_1624 .array/port v0x557bd010a300, 1624;
v0x557bd010a300_1625 .array/port v0x557bd010a300, 1625;
v0x557bd010a300_1626 .array/port v0x557bd010a300, 1626;
E_0x557bd010b960/406 .event anyedge, v0x557bd010a300_1623, v0x557bd010a300_1624, v0x557bd010a300_1625, v0x557bd010a300_1626;
v0x557bd010a300_1627 .array/port v0x557bd010a300, 1627;
v0x557bd010a300_1628 .array/port v0x557bd010a300, 1628;
v0x557bd010a300_1629 .array/port v0x557bd010a300, 1629;
v0x557bd010a300_1630 .array/port v0x557bd010a300, 1630;
E_0x557bd010b960/407 .event anyedge, v0x557bd010a300_1627, v0x557bd010a300_1628, v0x557bd010a300_1629, v0x557bd010a300_1630;
v0x557bd010a300_1631 .array/port v0x557bd010a300, 1631;
v0x557bd010a300_1632 .array/port v0x557bd010a300, 1632;
v0x557bd010a300_1633 .array/port v0x557bd010a300, 1633;
v0x557bd010a300_1634 .array/port v0x557bd010a300, 1634;
E_0x557bd010b960/408 .event anyedge, v0x557bd010a300_1631, v0x557bd010a300_1632, v0x557bd010a300_1633, v0x557bd010a300_1634;
v0x557bd010a300_1635 .array/port v0x557bd010a300, 1635;
v0x557bd010a300_1636 .array/port v0x557bd010a300, 1636;
v0x557bd010a300_1637 .array/port v0x557bd010a300, 1637;
v0x557bd010a300_1638 .array/port v0x557bd010a300, 1638;
E_0x557bd010b960/409 .event anyedge, v0x557bd010a300_1635, v0x557bd010a300_1636, v0x557bd010a300_1637, v0x557bd010a300_1638;
v0x557bd010a300_1639 .array/port v0x557bd010a300, 1639;
v0x557bd010a300_1640 .array/port v0x557bd010a300, 1640;
v0x557bd010a300_1641 .array/port v0x557bd010a300, 1641;
v0x557bd010a300_1642 .array/port v0x557bd010a300, 1642;
E_0x557bd010b960/410 .event anyedge, v0x557bd010a300_1639, v0x557bd010a300_1640, v0x557bd010a300_1641, v0x557bd010a300_1642;
v0x557bd010a300_1643 .array/port v0x557bd010a300, 1643;
v0x557bd010a300_1644 .array/port v0x557bd010a300, 1644;
v0x557bd010a300_1645 .array/port v0x557bd010a300, 1645;
v0x557bd010a300_1646 .array/port v0x557bd010a300, 1646;
E_0x557bd010b960/411 .event anyedge, v0x557bd010a300_1643, v0x557bd010a300_1644, v0x557bd010a300_1645, v0x557bd010a300_1646;
v0x557bd010a300_1647 .array/port v0x557bd010a300, 1647;
v0x557bd010a300_1648 .array/port v0x557bd010a300, 1648;
v0x557bd010a300_1649 .array/port v0x557bd010a300, 1649;
v0x557bd010a300_1650 .array/port v0x557bd010a300, 1650;
E_0x557bd010b960/412 .event anyedge, v0x557bd010a300_1647, v0x557bd010a300_1648, v0x557bd010a300_1649, v0x557bd010a300_1650;
v0x557bd010a300_1651 .array/port v0x557bd010a300, 1651;
v0x557bd010a300_1652 .array/port v0x557bd010a300, 1652;
v0x557bd010a300_1653 .array/port v0x557bd010a300, 1653;
v0x557bd010a300_1654 .array/port v0x557bd010a300, 1654;
E_0x557bd010b960/413 .event anyedge, v0x557bd010a300_1651, v0x557bd010a300_1652, v0x557bd010a300_1653, v0x557bd010a300_1654;
v0x557bd010a300_1655 .array/port v0x557bd010a300, 1655;
v0x557bd010a300_1656 .array/port v0x557bd010a300, 1656;
v0x557bd010a300_1657 .array/port v0x557bd010a300, 1657;
v0x557bd010a300_1658 .array/port v0x557bd010a300, 1658;
E_0x557bd010b960/414 .event anyedge, v0x557bd010a300_1655, v0x557bd010a300_1656, v0x557bd010a300_1657, v0x557bd010a300_1658;
v0x557bd010a300_1659 .array/port v0x557bd010a300, 1659;
v0x557bd010a300_1660 .array/port v0x557bd010a300, 1660;
v0x557bd010a300_1661 .array/port v0x557bd010a300, 1661;
v0x557bd010a300_1662 .array/port v0x557bd010a300, 1662;
E_0x557bd010b960/415 .event anyedge, v0x557bd010a300_1659, v0x557bd010a300_1660, v0x557bd010a300_1661, v0x557bd010a300_1662;
v0x557bd010a300_1663 .array/port v0x557bd010a300, 1663;
v0x557bd010a300_1664 .array/port v0x557bd010a300, 1664;
v0x557bd010a300_1665 .array/port v0x557bd010a300, 1665;
v0x557bd010a300_1666 .array/port v0x557bd010a300, 1666;
E_0x557bd010b960/416 .event anyedge, v0x557bd010a300_1663, v0x557bd010a300_1664, v0x557bd010a300_1665, v0x557bd010a300_1666;
v0x557bd010a300_1667 .array/port v0x557bd010a300, 1667;
v0x557bd010a300_1668 .array/port v0x557bd010a300, 1668;
v0x557bd010a300_1669 .array/port v0x557bd010a300, 1669;
v0x557bd010a300_1670 .array/port v0x557bd010a300, 1670;
E_0x557bd010b960/417 .event anyedge, v0x557bd010a300_1667, v0x557bd010a300_1668, v0x557bd010a300_1669, v0x557bd010a300_1670;
v0x557bd010a300_1671 .array/port v0x557bd010a300, 1671;
v0x557bd010a300_1672 .array/port v0x557bd010a300, 1672;
v0x557bd010a300_1673 .array/port v0x557bd010a300, 1673;
v0x557bd010a300_1674 .array/port v0x557bd010a300, 1674;
E_0x557bd010b960/418 .event anyedge, v0x557bd010a300_1671, v0x557bd010a300_1672, v0x557bd010a300_1673, v0x557bd010a300_1674;
v0x557bd010a300_1675 .array/port v0x557bd010a300, 1675;
v0x557bd010a300_1676 .array/port v0x557bd010a300, 1676;
v0x557bd010a300_1677 .array/port v0x557bd010a300, 1677;
v0x557bd010a300_1678 .array/port v0x557bd010a300, 1678;
E_0x557bd010b960/419 .event anyedge, v0x557bd010a300_1675, v0x557bd010a300_1676, v0x557bd010a300_1677, v0x557bd010a300_1678;
v0x557bd010a300_1679 .array/port v0x557bd010a300, 1679;
v0x557bd010a300_1680 .array/port v0x557bd010a300, 1680;
v0x557bd010a300_1681 .array/port v0x557bd010a300, 1681;
v0x557bd010a300_1682 .array/port v0x557bd010a300, 1682;
E_0x557bd010b960/420 .event anyedge, v0x557bd010a300_1679, v0x557bd010a300_1680, v0x557bd010a300_1681, v0x557bd010a300_1682;
v0x557bd010a300_1683 .array/port v0x557bd010a300, 1683;
v0x557bd010a300_1684 .array/port v0x557bd010a300, 1684;
v0x557bd010a300_1685 .array/port v0x557bd010a300, 1685;
v0x557bd010a300_1686 .array/port v0x557bd010a300, 1686;
E_0x557bd010b960/421 .event anyedge, v0x557bd010a300_1683, v0x557bd010a300_1684, v0x557bd010a300_1685, v0x557bd010a300_1686;
v0x557bd010a300_1687 .array/port v0x557bd010a300, 1687;
v0x557bd010a300_1688 .array/port v0x557bd010a300, 1688;
v0x557bd010a300_1689 .array/port v0x557bd010a300, 1689;
v0x557bd010a300_1690 .array/port v0x557bd010a300, 1690;
E_0x557bd010b960/422 .event anyedge, v0x557bd010a300_1687, v0x557bd010a300_1688, v0x557bd010a300_1689, v0x557bd010a300_1690;
v0x557bd010a300_1691 .array/port v0x557bd010a300, 1691;
v0x557bd010a300_1692 .array/port v0x557bd010a300, 1692;
v0x557bd010a300_1693 .array/port v0x557bd010a300, 1693;
v0x557bd010a300_1694 .array/port v0x557bd010a300, 1694;
E_0x557bd010b960/423 .event anyedge, v0x557bd010a300_1691, v0x557bd010a300_1692, v0x557bd010a300_1693, v0x557bd010a300_1694;
v0x557bd010a300_1695 .array/port v0x557bd010a300, 1695;
v0x557bd010a300_1696 .array/port v0x557bd010a300, 1696;
v0x557bd010a300_1697 .array/port v0x557bd010a300, 1697;
v0x557bd010a300_1698 .array/port v0x557bd010a300, 1698;
E_0x557bd010b960/424 .event anyedge, v0x557bd010a300_1695, v0x557bd010a300_1696, v0x557bd010a300_1697, v0x557bd010a300_1698;
v0x557bd010a300_1699 .array/port v0x557bd010a300, 1699;
v0x557bd010a300_1700 .array/port v0x557bd010a300, 1700;
v0x557bd010a300_1701 .array/port v0x557bd010a300, 1701;
v0x557bd010a300_1702 .array/port v0x557bd010a300, 1702;
E_0x557bd010b960/425 .event anyedge, v0x557bd010a300_1699, v0x557bd010a300_1700, v0x557bd010a300_1701, v0x557bd010a300_1702;
v0x557bd010a300_1703 .array/port v0x557bd010a300, 1703;
v0x557bd010a300_1704 .array/port v0x557bd010a300, 1704;
v0x557bd010a300_1705 .array/port v0x557bd010a300, 1705;
v0x557bd010a300_1706 .array/port v0x557bd010a300, 1706;
E_0x557bd010b960/426 .event anyedge, v0x557bd010a300_1703, v0x557bd010a300_1704, v0x557bd010a300_1705, v0x557bd010a300_1706;
v0x557bd010a300_1707 .array/port v0x557bd010a300, 1707;
v0x557bd010a300_1708 .array/port v0x557bd010a300, 1708;
v0x557bd010a300_1709 .array/port v0x557bd010a300, 1709;
v0x557bd010a300_1710 .array/port v0x557bd010a300, 1710;
E_0x557bd010b960/427 .event anyedge, v0x557bd010a300_1707, v0x557bd010a300_1708, v0x557bd010a300_1709, v0x557bd010a300_1710;
v0x557bd010a300_1711 .array/port v0x557bd010a300, 1711;
v0x557bd010a300_1712 .array/port v0x557bd010a300, 1712;
v0x557bd010a300_1713 .array/port v0x557bd010a300, 1713;
v0x557bd010a300_1714 .array/port v0x557bd010a300, 1714;
E_0x557bd010b960/428 .event anyedge, v0x557bd010a300_1711, v0x557bd010a300_1712, v0x557bd010a300_1713, v0x557bd010a300_1714;
v0x557bd010a300_1715 .array/port v0x557bd010a300, 1715;
v0x557bd010a300_1716 .array/port v0x557bd010a300, 1716;
v0x557bd010a300_1717 .array/port v0x557bd010a300, 1717;
v0x557bd010a300_1718 .array/port v0x557bd010a300, 1718;
E_0x557bd010b960/429 .event anyedge, v0x557bd010a300_1715, v0x557bd010a300_1716, v0x557bd010a300_1717, v0x557bd010a300_1718;
v0x557bd010a300_1719 .array/port v0x557bd010a300, 1719;
v0x557bd010a300_1720 .array/port v0x557bd010a300, 1720;
v0x557bd010a300_1721 .array/port v0x557bd010a300, 1721;
v0x557bd010a300_1722 .array/port v0x557bd010a300, 1722;
E_0x557bd010b960/430 .event anyedge, v0x557bd010a300_1719, v0x557bd010a300_1720, v0x557bd010a300_1721, v0x557bd010a300_1722;
v0x557bd010a300_1723 .array/port v0x557bd010a300, 1723;
v0x557bd010a300_1724 .array/port v0x557bd010a300, 1724;
v0x557bd010a300_1725 .array/port v0x557bd010a300, 1725;
v0x557bd010a300_1726 .array/port v0x557bd010a300, 1726;
E_0x557bd010b960/431 .event anyedge, v0x557bd010a300_1723, v0x557bd010a300_1724, v0x557bd010a300_1725, v0x557bd010a300_1726;
v0x557bd010a300_1727 .array/port v0x557bd010a300, 1727;
v0x557bd010a300_1728 .array/port v0x557bd010a300, 1728;
v0x557bd010a300_1729 .array/port v0x557bd010a300, 1729;
v0x557bd010a300_1730 .array/port v0x557bd010a300, 1730;
E_0x557bd010b960/432 .event anyedge, v0x557bd010a300_1727, v0x557bd010a300_1728, v0x557bd010a300_1729, v0x557bd010a300_1730;
v0x557bd010a300_1731 .array/port v0x557bd010a300, 1731;
v0x557bd010a300_1732 .array/port v0x557bd010a300, 1732;
v0x557bd010a300_1733 .array/port v0x557bd010a300, 1733;
v0x557bd010a300_1734 .array/port v0x557bd010a300, 1734;
E_0x557bd010b960/433 .event anyedge, v0x557bd010a300_1731, v0x557bd010a300_1732, v0x557bd010a300_1733, v0x557bd010a300_1734;
v0x557bd010a300_1735 .array/port v0x557bd010a300, 1735;
v0x557bd010a300_1736 .array/port v0x557bd010a300, 1736;
v0x557bd010a300_1737 .array/port v0x557bd010a300, 1737;
v0x557bd010a300_1738 .array/port v0x557bd010a300, 1738;
E_0x557bd010b960/434 .event anyedge, v0x557bd010a300_1735, v0x557bd010a300_1736, v0x557bd010a300_1737, v0x557bd010a300_1738;
v0x557bd010a300_1739 .array/port v0x557bd010a300, 1739;
v0x557bd010a300_1740 .array/port v0x557bd010a300, 1740;
v0x557bd010a300_1741 .array/port v0x557bd010a300, 1741;
v0x557bd010a300_1742 .array/port v0x557bd010a300, 1742;
E_0x557bd010b960/435 .event anyedge, v0x557bd010a300_1739, v0x557bd010a300_1740, v0x557bd010a300_1741, v0x557bd010a300_1742;
v0x557bd010a300_1743 .array/port v0x557bd010a300, 1743;
v0x557bd010a300_1744 .array/port v0x557bd010a300, 1744;
v0x557bd010a300_1745 .array/port v0x557bd010a300, 1745;
v0x557bd010a300_1746 .array/port v0x557bd010a300, 1746;
E_0x557bd010b960/436 .event anyedge, v0x557bd010a300_1743, v0x557bd010a300_1744, v0x557bd010a300_1745, v0x557bd010a300_1746;
v0x557bd010a300_1747 .array/port v0x557bd010a300, 1747;
v0x557bd010a300_1748 .array/port v0x557bd010a300, 1748;
v0x557bd010a300_1749 .array/port v0x557bd010a300, 1749;
v0x557bd010a300_1750 .array/port v0x557bd010a300, 1750;
E_0x557bd010b960/437 .event anyedge, v0x557bd010a300_1747, v0x557bd010a300_1748, v0x557bd010a300_1749, v0x557bd010a300_1750;
v0x557bd010a300_1751 .array/port v0x557bd010a300, 1751;
v0x557bd010a300_1752 .array/port v0x557bd010a300, 1752;
v0x557bd010a300_1753 .array/port v0x557bd010a300, 1753;
v0x557bd010a300_1754 .array/port v0x557bd010a300, 1754;
E_0x557bd010b960/438 .event anyedge, v0x557bd010a300_1751, v0x557bd010a300_1752, v0x557bd010a300_1753, v0x557bd010a300_1754;
v0x557bd010a300_1755 .array/port v0x557bd010a300, 1755;
v0x557bd010a300_1756 .array/port v0x557bd010a300, 1756;
v0x557bd010a300_1757 .array/port v0x557bd010a300, 1757;
v0x557bd010a300_1758 .array/port v0x557bd010a300, 1758;
E_0x557bd010b960/439 .event anyedge, v0x557bd010a300_1755, v0x557bd010a300_1756, v0x557bd010a300_1757, v0x557bd010a300_1758;
v0x557bd010a300_1759 .array/port v0x557bd010a300, 1759;
v0x557bd010a300_1760 .array/port v0x557bd010a300, 1760;
v0x557bd010a300_1761 .array/port v0x557bd010a300, 1761;
v0x557bd010a300_1762 .array/port v0x557bd010a300, 1762;
E_0x557bd010b960/440 .event anyedge, v0x557bd010a300_1759, v0x557bd010a300_1760, v0x557bd010a300_1761, v0x557bd010a300_1762;
v0x557bd010a300_1763 .array/port v0x557bd010a300, 1763;
v0x557bd010a300_1764 .array/port v0x557bd010a300, 1764;
v0x557bd010a300_1765 .array/port v0x557bd010a300, 1765;
v0x557bd010a300_1766 .array/port v0x557bd010a300, 1766;
E_0x557bd010b960/441 .event anyedge, v0x557bd010a300_1763, v0x557bd010a300_1764, v0x557bd010a300_1765, v0x557bd010a300_1766;
v0x557bd010a300_1767 .array/port v0x557bd010a300, 1767;
v0x557bd010a300_1768 .array/port v0x557bd010a300, 1768;
v0x557bd010a300_1769 .array/port v0x557bd010a300, 1769;
v0x557bd010a300_1770 .array/port v0x557bd010a300, 1770;
E_0x557bd010b960/442 .event anyedge, v0x557bd010a300_1767, v0x557bd010a300_1768, v0x557bd010a300_1769, v0x557bd010a300_1770;
v0x557bd010a300_1771 .array/port v0x557bd010a300, 1771;
v0x557bd010a300_1772 .array/port v0x557bd010a300, 1772;
v0x557bd010a300_1773 .array/port v0x557bd010a300, 1773;
v0x557bd010a300_1774 .array/port v0x557bd010a300, 1774;
E_0x557bd010b960/443 .event anyedge, v0x557bd010a300_1771, v0x557bd010a300_1772, v0x557bd010a300_1773, v0x557bd010a300_1774;
v0x557bd010a300_1775 .array/port v0x557bd010a300, 1775;
v0x557bd010a300_1776 .array/port v0x557bd010a300, 1776;
v0x557bd010a300_1777 .array/port v0x557bd010a300, 1777;
v0x557bd010a300_1778 .array/port v0x557bd010a300, 1778;
E_0x557bd010b960/444 .event anyedge, v0x557bd010a300_1775, v0x557bd010a300_1776, v0x557bd010a300_1777, v0x557bd010a300_1778;
v0x557bd010a300_1779 .array/port v0x557bd010a300, 1779;
v0x557bd010a300_1780 .array/port v0x557bd010a300, 1780;
v0x557bd010a300_1781 .array/port v0x557bd010a300, 1781;
v0x557bd010a300_1782 .array/port v0x557bd010a300, 1782;
E_0x557bd010b960/445 .event anyedge, v0x557bd010a300_1779, v0x557bd010a300_1780, v0x557bd010a300_1781, v0x557bd010a300_1782;
v0x557bd010a300_1783 .array/port v0x557bd010a300, 1783;
v0x557bd010a300_1784 .array/port v0x557bd010a300, 1784;
v0x557bd010a300_1785 .array/port v0x557bd010a300, 1785;
v0x557bd010a300_1786 .array/port v0x557bd010a300, 1786;
E_0x557bd010b960/446 .event anyedge, v0x557bd010a300_1783, v0x557bd010a300_1784, v0x557bd010a300_1785, v0x557bd010a300_1786;
v0x557bd010a300_1787 .array/port v0x557bd010a300, 1787;
v0x557bd010a300_1788 .array/port v0x557bd010a300, 1788;
v0x557bd010a300_1789 .array/port v0x557bd010a300, 1789;
v0x557bd010a300_1790 .array/port v0x557bd010a300, 1790;
E_0x557bd010b960/447 .event anyedge, v0x557bd010a300_1787, v0x557bd010a300_1788, v0x557bd010a300_1789, v0x557bd010a300_1790;
v0x557bd010a300_1791 .array/port v0x557bd010a300, 1791;
v0x557bd010a300_1792 .array/port v0x557bd010a300, 1792;
v0x557bd010a300_1793 .array/port v0x557bd010a300, 1793;
v0x557bd010a300_1794 .array/port v0x557bd010a300, 1794;
E_0x557bd010b960/448 .event anyedge, v0x557bd010a300_1791, v0x557bd010a300_1792, v0x557bd010a300_1793, v0x557bd010a300_1794;
v0x557bd010a300_1795 .array/port v0x557bd010a300, 1795;
v0x557bd010a300_1796 .array/port v0x557bd010a300, 1796;
v0x557bd010a300_1797 .array/port v0x557bd010a300, 1797;
v0x557bd010a300_1798 .array/port v0x557bd010a300, 1798;
E_0x557bd010b960/449 .event anyedge, v0x557bd010a300_1795, v0x557bd010a300_1796, v0x557bd010a300_1797, v0x557bd010a300_1798;
v0x557bd010a300_1799 .array/port v0x557bd010a300, 1799;
v0x557bd010a300_1800 .array/port v0x557bd010a300, 1800;
v0x557bd010a300_1801 .array/port v0x557bd010a300, 1801;
v0x557bd010a300_1802 .array/port v0x557bd010a300, 1802;
E_0x557bd010b960/450 .event anyedge, v0x557bd010a300_1799, v0x557bd010a300_1800, v0x557bd010a300_1801, v0x557bd010a300_1802;
v0x557bd010a300_1803 .array/port v0x557bd010a300, 1803;
v0x557bd010a300_1804 .array/port v0x557bd010a300, 1804;
v0x557bd010a300_1805 .array/port v0x557bd010a300, 1805;
v0x557bd010a300_1806 .array/port v0x557bd010a300, 1806;
E_0x557bd010b960/451 .event anyedge, v0x557bd010a300_1803, v0x557bd010a300_1804, v0x557bd010a300_1805, v0x557bd010a300_1806;
v0x557bd010a300_1807 .array/port v0x557bd010a300, 1807;
v0x557bd010a300_1808 .array/port v0x557bd010a300, 1808;
v0x557bd010a300_1809 .array/port v0x557bd010a300, 1809;
v0x557bd010a300_1810 .array/port v0x557bd010a300, 1810;
E_0x557bd010b960/452 .event anyedge, v0x557bd010a300_1807, v0x557bd010a300_1808, v0x557bd010a300_1809, v0x557bd010a300_1810;
v0x557bd010a300_1811 .array/port v0x557bd010a300, 1811;
v0x557bd010a300_1812 .array/port v0x557bd010a300, 1812;
v0x557bd010a300_1813 .array/port v0x557bd010a300, 1813;
v0x557bd010a300_1814 .array/port v0x557bd010a300, 1814;
E_0x557bd010b960/453 .event anyedge, v0x557bd010a300_1811, v0x557bd010a300_1812, v0x557bd010a300_1813, v0x557bd010a300_1814;
v0x557bd010a300_1815 .array/port v0x557bd010a300, 1815;
v0x557bd010a300_1816 .array/port v0x557bd010a300, 1816;
v0x557bd010a300_1817 .array/port v0x557bd010a300, 1817;
v0x557bd010a300_1818 .array/port v0x557bd010a300, 1818;
E_0x557bd010b960/454 .event anyedge, v0x557bd010a300_1815, v0x557bd010a300_1816, v0x557bd010a300_1817, v0x557bd010a300_1818;
v0x557bd010a300_1819 .array/port v0x557bd010a300, 1819;
v0x557bd010a300_1820 .array/port v0x557bd010a300, 1820;
v0x557bd010a300_1821 .array/port v0x557bd010a300, 1821;
v0x557bd010a300_1822 .array/port v0x557bd010a300, 1822;
E_0x557bd010b960/455 .event anyedge, v0x557bd010a300_1819, v0x557bd010a300_1820, v0x557bd010a300_1821, v0x557bd010a300_1822;
v0x557bd010a300_1823 .array/port v0x557bd010a300, 1823;
v0x557bd010a300_1824 .array/port v0x557bd010a300, 1824;
v0x557bd010a300_1825 .array/port v0x557bd010a300, 1825;
v0x557bd010a300_1826 .array/port v0x557bd010a300, 1826;
E_0x557bd010b960/456 .event anyedge, v0x557bd010a300_1823, v0x557bd010a300_1824, v0x557bd010a300_1825, v0x557bd010a300_1826;
v0x557bd010a300_1827 .array/port v0x557bd010a300, 1827;
v0x557bd010a300_1828 .array/port v0x557bd010a300, 1828;
v0x557bd010a300_1829 .array/port v0x557bd010a300, 1829;
v0x557bd010a300_1830 .array/port v0x557bd010a300, 1830;
E_0x557bd010b960/457 .event anyedge, v0x557bd010a300_1827, v0x557bd010a300_1828, v0x557bd010a300_1829, v0x557bd010a300_1830;
v0x557bd010a300_1831 .array/port v0x557bd010a300, 1831;
v0x557bd010a300_1832 .array/port v0x557bd010a300, 1832;
v0x557bd010a300_1833 .array/port v0x557bd010a300, 1833;
v0x557bd010a300_1834 .array/port v0x557bd010a300, 1834;
E_0x557bd010b960/458 .event anyedge, v0x557bd010a300_1831, v0x557bd010a300_1832, v0x557bd010a300_1833, v0x557bd010a300_1834;
v0x557bd010a300_1835 .array/port v0x557bd010a300, 1835;
v0x557bd010a300_1836 .array/port v0x557bd010a300, 1836;
v0x557bd010a300_1837 .array/port v0x557bd010a300, 1837;
v0x557bd010a300_1838 .array/port v0x557bd010a300, 1838;
E_0x557bd010b960/459 .event anyedge, v0x557bd010a300_1835, v0x557bd010a300_1836, v0x557bd010a300_1837, v0x557bd010a300_1838;
v0x557bd010a300_1839 .array/port v0x557bd010a300, 1839;
v0x557bd010a300_1840 .array/port v0x557bd010a300, 1840;
v0x557bd010a300_1841 .array/port v0x557bd010a300, 1841;
v0x557bd010a300_1842 .array/port v0x557bd010a300, 1842;
E_0x557bd010b960/460 .event anyedge, v0x557bd010a300_1839, v0x557bd010a300_1840, v0x557bd010a300_1841, v0x557bd010a300_1842;
v0x557bd010a300_1843 .array/port v0x557bd010a300, 1843;
v0x557bd010a300_1844 .array/port v0x557bd010a300, 1844;
v0x557bd010a300_1845 .array/port v0x557bd010a300, 1845;
v0x557bd010a300_1846 .array/port v0x557bd010a300, 1846;
E_0x557bd010b960/461 .event anyedge, v0x557bd010a300_1843, v0x557bd010a300_1844, v0x557bd010a300_1845, v0x557bd010a300_1846;
v0x557bd010a300_1847 .array/port v0x557bd010a300, 1847;
v0x557bd010a300_1848 .array/port v0x557bd010a300, 1848;
v0x557bd010a300_1849 .array/port v0x557bd010a300, 1849;
v0x557bd010a300_1850 .array/port v0x557bd010a300, 1850;
E_0x557bd010b960/462 .event anyedge, v0x557bd010a300_1847, v0x557bd010a300_1848, v0x557bd010a300_1849, v0x557bd010a300_1850;
v0x557bd010a300_1851 .array/port v0x557bd010a300, 1851;
v0x557bd010a300_1852 .array/port v0x557bd010a300, 1852;
v0x557bd010a300_1853 .array/port v0x557bd010a300, 1853;
v0x557bd010a300_1854 .array/port v0x557bd010a300, 1854;
E_0x557bd010b960/463 .event anyedge, v0x557bd010a300_1851, v0x557bd010a300_1852, v0x557bd010a300_1853, v0x557bd010a300_1854;
v0x557bd010a300_1855 .array/port v0x557bd010a300, 1855;
v0x557bd010a300_1856 .array/port v0x557bd010a300, 1856;
v0x557bd010a300_1857 .array/port v0x557bd010a300, 1857;
v0x557bd010a300_1858 .array/port v0x557bd010a300, 1858;
E_0x557bd010b960/464 .event anyedge, v0x557bd010a300_1855, v0x557bd010a300_1856, v0x557bd010a300_1857, v0x557bd010a300_1858;
v0x557bd010a300_1859 .array/port v0x557bd010a300, 1859;
v0x557bd010a300_1860 .array/port v0x557bd010a300, 1860;
v0x557bd010a300_1861 .array/port v0x557bd010a300, 1861;
v0x557bd010a300_1862 .array/port v0x557bd010a300, 1862;
E_0x557bd010b960/465 .event anyedge, v0x557bd010a300_1859, v0x557bd010a300_1860, v0x557bd010a300_1861, v0x557bd010a300_1862;
v0x557bd010a300_1863 .array/port v0x557bd010a300, 1863;
v0x557bd010a300_1864 .array/port v0x557bd010a300, 1864;
v0x557bd010a300_1865 .array/port v0x557bd010a300, 1865;
v0x557bd010a300_1866 .array/port v0x557bd010a300, 1866;
E_0x557bd010b960/466 .event anyedge, v0x557bd010a300_1863, v0x557bd010a300_1864, v0x557bd010a300_1865, v0x557bd010a300_1866;
v0x557bd010a300_1867 .array/port v0x557bd010a300, 1867;
v0x557bd010a300_1868 .array/port v0x557bd010a300, 1868;
v0x557bd010a300_1869 .array/port v0x557bd010a300, 1869;
v0x557bd010a300_1870 .array/port v0x557bd010a300, 1870;
E_0x557bd010b960/467 .event anyedge, v0x557bd010a300_1867, v0x557bd010a300_1868, v0x557bd010a300_1869, v0x557bd010a300_1870;
v0x557bd010a300_1871 .array/port v0x557bd010a300, 1871;
v0x557bd010a300_1872 .array/port v0x557bd010a300, 1872;
v0x557bd010a300_1873 .array/port v0x557bd010a300, 1873;
v0x557bd010a300_1874 .array/port v0x557bd010a300, 1874;
E_0x557bd010b960/468 .event anyedge, v0x557bd010a300_1871, v0x557bd010a300_1872, v0x557bd010a300_1873, v0x557bd010a300_1874;
v0x557bd010a300_1875 .array/port v0x557bd010a300, 1875;
v0x557bd010a300_1876 .array/port v0x557bd010a300, 1876;
v0x557bd010a300_1877 .array/port v0x557bd010a300, 1877;
v0x557bd010a300_1878 .array/port v0x557bd010a300, 1878;
E_0x557bd010b960/469 .event anyedge, v0x557bd010a300_1875, v0x557bd010a300_1876, v0x557bd010a300_1877, v0x557bd010a300_1878;
v0x557bd010a300_1879 .array/port v0x557bd010a300, 1879;
v0x557bd010a300_1880 .array/port v0x557bd010a300, 1880;
v0x557bd010a300_1881 .array/port v0x557bd010a300, 1881;
v0x557bd010a300_1882 .array/port v0x557bd010a300, 1882;
E_0x557bd010b960/470 .event anyedge, v0x557bd010a300_1879, v0x557bd010a300_1880, v0x557bd010a300_1881, v0x557bd010a300_1882;
v0x557bd010a300_1883 .array/port v0x557bd010a300, 1883;
v0x557bd010a300_1884 .array/port v0x557bd010a300, 1884;
v0x557bd010a300_1885 .array/port v0x557bd010a300, 1885;
v0x557bd010a300_1886 .array/port v0x557bd010a300, 1886;
E_0x557bd010b960/471 .event anyedge, v0x557bd010a300_1883, v0x557bd010a300_1884, v0x557bd010a300_1885, v0x557bd010a300_1886;
v0x557bd010a300_1887 .array/port v0x557bd010a300, 1887;
v0x557bd010a300_1888 .array/port v0x557bd010a300, 1888;
v0x557bd010a300_1889 .array/port v0x557bd010a300, 1889;
v0x557bd010a300_1890 .array/port v0x557bd010a300, 1890;
E_0x557bd010b960/472 .event anyedge, v0x557bd010a300_1887, v0x557bd010a300_1888, v0x557bd010a300_1889, v0x557bd010a300_1890;
v0x557bd010a300_1891 .array/port v0x557bd010a300, 1891;
v0x557bd010a300_1892 .array/port v0x557bd010a300, 1892;
v0x557bd010a300_1893 .array/port v0x557bd010a300, 1893;
v0x557bd010a300_1894 .array/port v0x557bd010a300, 1894;
E_0x557bd010b960/473 .event anyedge, v0x557bd010a300_1891, v0x557bd010a300_1892, v0x557bd010a300_1893, v0x557bd010a300_1894;
v0x557bd010a300_1895 .array/port v0x557bd010a300, 1895;
v0x557bd010a300_1896 .array/port v0x557bd010a300, 1896;
v0x557bd010a300_1897 .array/port v0x557bd010a300, 1897;
v0x557bd010a300_1898 .array/port v0x557bd010a300, 1898;
E_0x557bd010b960/474 .event anyedge, v0x557bd010a300_1895, v0x557bd010a300_1896, v0x557bd010a300_1897, v0x557bd010a300_1898;
v0x557bd010a300_1899 .array/port v0x557bd010a300, 1899;
v0x557bd010a300_1900 .array/port v0x557bd010a300, 1900;
v0x557bd010a300_1901 .array/port v0x557bd010a300, 1901;
v0x557bd010a300_1902 .array/port v0x557bd010a300, 1902;
E_0x557bd010b960/475 .event anyedge, v0x557bd010a300_1899, v0x557bd010a300_1900, v0x557bd010a300_1901, v0x557bd010a300_1902;
v0x557bd010a300_1903 .array/port v0x557bd010a300, 1903;
v0x557bd010a300_1904 .array/port v0x557bd010a300, 1904;
v0x557bd010a300_1905 .array/port v0x557bd010a300, 1905;
v0x557bd010a300_1906 .array/port v0x557bd010a300, 1906;
E_0x557bd010b960/476 .event anyedge, v0x557bd010a300_1903, v0x557bd010a300_1904, v0x557bd010a300_1905, v0x557bd010a300_1906;
v0x557bd010a300_1907 .array/port v0x557bd010a300, 1907;
v0x557bd010a300_1908 .array/port v0x557bd010a300, 1908;
v0x557bd010a300_1909 .array/port v0x557bd010a300, 1909;
v0x557bd010a300_1910 .array/port v0x557bd010a300, 1910;
E_0x557bd010b960/477 .event anyedge, v0x557bd010a300_1907, v0x557bd010a300_1908, v0x557bd010a300_1909, v0x557bd010a300_1910;
v0x557bd010a300_1911 .array/port v0x557bd010a300, 1911;
v0x557bd010a300_1912 .array/port v0x557bd010a300, 1912;
v0x557bd010a300_1913 .array/port v0x557bd010a300, 1913;
v0x557bd010a300_1914 .array/port v0x557bd010a300, 1914;
E_0x557bd010b960/478 .event anyedge, v0x557bd010a300_1911, v0x557bd010a300_1912, v0x557bd010a300_1913, v0x557bd010a300_1914;
v0x557bd010a300_1915 .array/port v0x557bd010a300, 1915;
v0x557bd010a300_1916 .array/port v0x557bd010a300, 1916;
v0x557bd010a300_1917 .array/port v0x557bd010a300, 1917;
v0x557bd010a300_1918 .array/port v0x557bd010a300, 1918;
E_0x557bd010b960/479 .event anyedge, v0x557bd010a300_1915, v0x557bd010a300_1916, v0x557bd010a300_1917, v0x557bd010a300_1918;
v0x557bd010a300_1919 .array/port v0x557bd010a300, 1919;
v0x557bd010a300_1920 .array/port v0x557bd010a300, 1920;
v0x557bd010a300_1921 .array/port v0x557bd010a300, 1921;
v0x557bd010a300_1922 .array/port v0x557bd010a300, 1922;
E_0x557bd010b960/480 .event anyedge, v0x557bd010a300_1919, v0x557bd010a300_1920, v0x557bd010a300_1921, v0x557bd010a300_1922;
v0x557bd010a300_1923 .array/port v0x557bd010a300, 1923;
v0x557bd010a300_1924 .array/port v0x557bd010a300, 1924;
v0x557bd010a300_1925 .array/port v0x557bd010a300, 1925;
v0x557bd010a300_1926 .array/port v0x557bd010a300, 1926;
E_0x557bd010b960/481 .event anyedge, v0x557bd010a300_1923, v0x557bd010a300_1924, v0x557bd010a300_1925, v0x557bd010a300_1926;
v0x557bd010a300_1927 .array/port v0x557bd010a300, 1927;
v0x557bd010a300_1928 .array/port v0x557bd010a300, 1928;
v0x557bd010a300_1929 .array/port v0x557bd010a300, 1929;
v0x557bd010a300_1930 .array/port v0x557bd010a300, 1930;
E_0x557bd010b960/482 .event anyedge, v0x557bd010a300_1927, v0x557bd010a300_1928, v0x557bd010a300_1929, v0x557bd010a300_1930;
v0x557bd010a300_1931 .array/port v0x557bd010a300, 1931;
v0x557bd010a300_1932 .array/port v0x557bd010a300, 1932;
v0x557bd010a300_1933 .array/port v0x557bd010a300, 1933;
v0x557bd010a300_1934 .array/port v0x557bd010a300, 1934;
E_0x557bd010b960/483 .event anyedge, v0x557bd010a300_1931, v0x557bd010a300_1932, v0x557bd010a300_1933, v0x557bd010a300_1934;
v0x557bd010a300_1935 .array/port v0x557bd010a300, 1935;
v0x557bd010a300_1936 .array/port v0x557bd010a300, 1936;
v0x557bd010a300_1937 .array/port v0x557bd010a300, 1937;
v0x557bd010a300_1938 .array/port v0x557bd010a300, 1938;
E_0x557bd010b960/484 .event anyedge, v0x557bd010a300_1935, v0x557bd010a300_1936, v0x557bd010a300_1937, v0x557bd010a300_1938;
v0x557bd010a300_1939 .array/port v0x557bd010a300, 1939;
v0x557bd010a300_1940 .array/port v0x557bd010a300, 1940;
v0x557bd010a300_1941 .array/port v0x557bd010a300, 1941;
v0x557bd010a300_1942 .array/port v0x557bd010a300, 1942;
E_0x557bd010b960/485 .event anyedge, v0x557bd010a300_1939, v0x557bd010a300_1940, v0x557bd010a300_1941, v0x557bd010a300_1942;
v0x557bd010a300_1943 .array/port v0x557bd010a300, 1943;
v0x557bd010a300_1944 .array/port v0x557bd010a300, 1944;
v0x557bd010a300_1945 .array/port v0x557bd010a300, 1945;
v0x557bd010a300_1946 .array/port v0x557bd010a300, 1946;
E_0x557bd010b960/486 .event anyedge, v0x557bd010a300_1943, v0x557bd010a300_1944, v0x557bd010a300_1945, v0x557bd010a300_1946;
v0x557bd010a300_1947 .array/port v0x557bd010a300, 1947;
v0x557bd010a300_1948 .array/port v0x557bd010a300, 1948;
v0x557bd010a300_1949 .array/port v0x557bd010a300, 1949;
v0x557bd010a300_1950 .array/port v0x557bd010a300, 1950;
E_0x557bd010b960/487 .event anyedge, v0x557bd010a300_1947, v0x557bd010a300_1948, v0x557bd010a300_1949, v0x557bd010a300_1950;
v0x557bd010a300_1951 .array/port v0x557bd010a300, 1951;
v0x557bd010a300_1952 .array/port v0x557bd010a300, 1952;
v0x557bd010a300_1953 .array/port v0x557bd010a300, 1953;
v0x557bd010a300_1954 .array/port v0x557bd010a300, 1954;
E_0x557bd010b960/488 .event anyedge, v0x557bd010a300_1951, v0x557bd010a300_1952, v0x557bd010a300_1953, v0x557bd010a300_1954;
v0x557bd010a300_1955 .array/port v0x557bd010a300, 1955;
v0x557bd010a300_1956 .array/port v0x557bd010a300, 1956;
v0x557bd010a300_1957 .array/port v0x557bd010a300, 1957;
v0x557bd010a300_1958 .array/port v0x557bd010a300, 1958;
E_0x557bd010b960/489 .event anyedge, v0x557bd010a300_1955, v0x557bd010a300_1956, v0x557bd010a300_1957, v0x557bd010a300_1958;
v0x557bd010a300_1959 .array/port v0x557bd010a300, 1959;
v0x557bd010a300_1960 .array/port v0x557bd010a300, 1960;
v0x557bd010a300_1961 .array/port v0x557bd010a300, 1961;
v0x557bd010a300_1962 .array/port v0x557bd010a300, 1962;
E_0x557bd010b960/490 .event anyedge, v0x557bd010a300_1959, v0x557bd010a300_1960, v0x557bd010a300_1961, v0x557bd010a300_1962;
v0x557bd010a300_1963 .array/port v0x557bd010a300, 1963;
v0x557bd010a300_1964 .array/port v0x557bd010a300, 1964;
v0x557bd010a300_1965 .array/port v0x557bd010a300, 1965;
v0x557bd010a300_1966 .array/port v0x557bd010a300, 1966;
E_0x557bd010b960/491 .event anyedge, v0x557bd010a300_1963, v0x557bd010a300_1964, v0x557bd010a300_1965, v0x557bd010a300_1966;
v0x557bd010a300_1967 .array/port v0x557bd010a300, 1967;
v0x557bd010a300_1968 .array/port v0x557bd010a300, 1968;
v0x557bd010a300_1969 .array/port v0x557bd010a300, 1969;
v0x557bd010a300_1970 .array/port v0x557bd010a300, 1970;
E_0x557bd010b960/492 .event anyedge, v0x557bd010a300_1967, v0x557bd010a300_1968, v0x557bd010a300_1969, v0x557bd010a300_1970;
v0x557bd010a300_1971 .array/port v0x557bd010a300, 1971;
v0x557bd010a300_1972 .array/port v0x557bd010a300, 1972;
v0x557bd010a300_1973 .array/port v0x557bd010a300, 1973;
v0x557bd010a300_1974 .array/port v0x557bd010a300, 1974;
E_0x557bd010b960/493 .event anyedge, v0x557bd010a300_1971, v0x557bd010a300_1972, v0x557bd010a300_1973, v0x557bd010a300_1974;
v0x557bd010a300_1975 .array/port v0x557bd010a300, 1975;
v0x557bd010a300_1976 .array/port v0x557bd010a300, 1976;
v0x557bd010a300_1977 .array/port v0x557bd010a300, 1977;
v0x557bd010a300_1978 .array/port v0x557bd010a300, 1978;
E_0x557bd010b960/494 .event anyedge, v0x557bd010a300_1975, v0x557bd010a300_1976, v0x557bd010a300_1977, v0x557bd010a300_1978;
v0x557bd010a300_1979 .array/port v0x557bd010a300, 1979;
v0x557bd010a300_1980 .array/port v0x557bd010a300, 1980;
v0x557bd010a300_1981 .array/port v0x557bd010a300, 1981;
v0x557bd010a300_1982 .array/port v0x557bd010a300, 1982;
E_0x557bd010b960/495 .event anyedge, v0x557bd010a300_1979, v0x557bd010a300_1980, v0x557bd010a300_1981, v0x557bd010a300_1982;
v0x557bd010a300_1983 .array/port v0x557bd010a300, 1983;
v0x557bd010a300_1984 .array/port v0x557bd010a300, 1984;
v0x557bd010a300_1985 .array/port v0x557bd010a300, 1985;
v0x557bd010a300_1986 .array/port v0x557bd010a300, 1986;
E_0x557bd010b960/496 .event anyedge, v0x557bd010a300_1983, v0x557bd010a300_1984, v0x557bd010a300_1985, v0x557bd010a300_1986;
v0x557bd010a300_1987 .array/port v0x557bd010a300, 1987;
v0x557bd010a300_1988 .array/port v0x557bd010a300, 1988;
v0x557bd010a300_1989 .array/port v0x557bd010a300, 1989;
v0x557bd010a300_1990 .array/port v0x557bd010a300, 1990;
E_0x557bd010b960/497 .event anyedge, v0x557bd010a300_1987, v0x557bd010a300_1988, v0x557bd010a300_1989, v0x557bd010a300_1990;
v0x557bd010a300_1991 .array/port v0x557bd010a300, 1991;
v0x557bd010a300_1992 .array/port v0x557bd010a300, 1992;
v0x557bd010a300_1993 .array/port v0x557bd010a300, 1993;
v0x557bd010a300_1994 .array/port v0x557bd010a300, 1994;
E_0x557bd010b960/498 .event anyedge, v0x557bd010a300_1991, v0x557bd010a300_1992, v0x557bd010a300_1993, v0x557bd010a300_1994;
v0x557bd010a300_1995 .array/port v0x557bd010a300, 1995;
v0x557bd010a300_1996 .array/port v0x557bd010a300, 1996;
v0x557bd010a300_1997 .array/port v0x557bd010a300, 1997;
v0x557bd010a300_1998 .array/port v0x557bd010a300, 1998;
E_0x557bd010b960/499 .event anyedge, v0x557bd010a300_1995, v0x557bd010a300_1996, v0x557bd010a300_1997, v0x557bd010a300_1998;
v0x557bd010a300_1999 .array/port v0x557bd010a300, 1999;
v0x557bd010a300_2000 .array/port v0x557bd010a300, 2000;
v0x557bd010a300_2001 .array/port v0x557bd010a300, 2001;
v0x557bd010a300_2002 .array/port v0x557bd010a300, 2002;
E_0x557bd010b960/500 .event anyedge, v0x557bd010a300_1999, v0x557bd010a300_2000, v0x557bd010a300_2001, v0x557bd010a300_2002;
v0x557bd010a300_2003 .array/port v0x557bd010a300, 2003;
v0x557bd010a300_2004 .array/port v0x557bd010a300, 2004;
v0x557bd010a300_2005 .array/port v0x557bd010a300, 2005;
v0x557bd010a300_2006 .array/port v0x557bd010a300, 2006;
E_0x557bd010b960/501 .event anyedge, v0x557bd010a300_2003, v0x557bd010a300_2004, v0x557bd010a300_2005, v0x557bd010a300_2006;
v0x557bd010a300_2007 .array/port v0x557bd010a300, 2007;
v0x557bd010a300_2008 .array/port v0x557bd010a300, 2008;
v0x557bd010a300_2009 .array/port v0x557bd010a300, 2009;
v0x557bd010a300_2010 .array/port v0x557bd010a300, 2010;
E_0x557bd010b960/502 .event anyedge, v0x557bd010a300_2007, v0x557bd010a300_2008, v0x557bd010a300_2009, v0x557bd010a300_2010;
v0x557bd010a300_2011 .array/port v0x557bd010a300, 2011;
v0x557bd010a300_2012 .array/port v0x557bd010a300, 2012;
v0x557bd010a300_2013 .array/port v0x557bd010a300, 2013;
v0x557bd010a300_2014 .array/port v0x557bd010a300, 2014;
E_0x557bd010b960/503 .event anyedge, v0x557bd010a300_2011, v0x557bd010a300_2012, v0x557bd010a300_2013, v0x557bd010a300_2014;
v0x557bd010a300_2015 .array/port v0x557bd010a300, 2015;
v0x557bd010a300_2016 .array/port v0x557bd010a300, 2016;
v0x557bd010a300_2017 .array/port v0x557bd010a300, 2017;
v0x557bd010a300_2018 .array/port v0x557bd010a300, 2018;
E_0x557bd010b960/504 .event anyedge, v0x557bd010a300_2015, v0x557bd010a300_2016, v0x557bd010a300_2017, v0x557bd010a300_2018;
v0x557bd010a300_2019 .array/port v0x557bd010a300, 2019;
v0x557bd010a300_2020 .array/port v0x557bd010a300, 2020;
v0x557bd010a300_2021 .array/port v0x557bd010a300, 2021;
v0x557bd010a300_2022 .array/port v0x557bd010a300, 2022;
E_0x557bd010b960/505 .event anyedge, v0x557bd010a300_2019, v0x557bd010a300_2020, v0x557bd010a300_2021, v0x557bd010a300_2022;
v0x557bd010a300_2023 .array/port v0x557bd010a300, 2023;
v0x557bd010a300_2024 .array/port v0x557bd010a300, 2024;
v0x557bd010a300_2025 .array/port v0x557bd010a300, 2025;
v0x557bd010a300_2026 .array/port v0x557bd010a300, 2026;
E_0x557bd010b960/506 .event anyedge, v0x557bd010a300_2023, v0x557bd010a300_2024, v0x557bd010a300_2025, v0x557bd010a300_2026;
v0x557bd010a300_2027 .array/port v0x557bd010a300, 2027;
v0x557bd010a300_2028 .array/port v0x557bd010a300, 2028;
v0x557bd010a300_2029 .array/port v0x557bd010a300, 2029;
v0x557bd010a300_2030 .array/port v0x557bd010a300, 2030;
E_0x557bd010b960/507 .event anyedge, v0x557bd010a300_2027, v0x557bd010a300_2028, v0x557bd010a300_2029, v0x557bd010a300_2030;
v0x557bd010a300_2031 .array/port v0x557bd010a300, 2031;
v0x557bd010a300_2032 .array/port v0x557bd010a300, 2032;
v0x557bd010a300_2033 .array/port v0x557bd010a300, 2033;
v0x557bd010a300_2034 .array/port v0x557bd010a300, 2034;
E_0x557bd010b960/508 .event anyedge, v0x557bd010a300_2031, v0x557bd010a300_2032, v0x557bd010a300_2033, v0x557bd010a300_2034;
v0x557bd010a300_2035 .array/port v0x557bd010a300, 2035;
v0x557bd010a300_2036 .array/port v0x557bd010a300, 2036;
v0x557bd010a300_2037 .array/port v0x557bd010a300, 2037;
v0x557bd010a300_2038 .array/port v0x557bd010a300, 2038;
E_0x557bd010b960/509 .event anyedge, v0x557bd010a300_2035, v0x557bd010a300_2036, v0x557bd010a300_2037, v0x557bd010a300_2038;
v0x557bd010a300_2039 .array/port v0x557bd010a300, 2039;
v0x557bd010a300_2040 .array/port v0x557bd010a300, 2040;
v0x557bd010a300_2041 .array/port v0x557bd010a300, 2041;
v0x557bd010a300_2042 .array/port v0x557bd010a300, 2042;
E_0x557bd010b960/510 .event anyedge, v0x557bd010a300_2039, v0x557bd010a300_2040, v0x557bd010a300_2041, v0x557bd010a300_2042;
v0x557bd010a300_2043 .array/port v0x557bd010a300, 2043;
v0x557bd010a300_2044 .array/port v0x557bd010a300, 2044;
v0x557bd010a300_2045 .array/port v0x557bd010a300, 2045;
v0x557bd010a300_2046 .array/port v0x557bd010a300, 2046;
E_0x557bd010b960/511 .event anyedge, v0x557bd010a300_2043, v0x557bd010a300_2044, v0x557bd010a300_2045, v0x557bd010a300_2046;
v0x557bd010a300_2047 .array/port v0x557bd010a300, 2047;
v0x557bd010a300_2048 .array/port v0x557bd010a300, 2048;
v0x557bd010a300_2049 .array/port v0x557bd010a300, 2049;
v0x557bd010a300_2050 .array/port v0x557bd010a300, 2050;
E_0x557bd010b960/512 .event anyedge, v0x557bd010a300_2047, v0x557bd010a300_2048, v0x557bd010a300_2049, v0x557bd010a300_2050;
v0x557bd010a300_2051 .array/port v0x557bd010a300, 2051;
v0x557bd010a300_2052 .array/port v0x557bd010a300, 2052;
v0x557bd010a300_2053 .array/port v0x557bd010a300, 2053;
v0x557bd010a300_2054 .array/port v0x557bd010a300, 2054;
E_0x557bd010b960/513 .event anyedge, v0x557bd010a300_2051, v0x557bd010a300_2052, v0x557bd010a300_2053, v0x557bd010a300_2054;
v0x557bd010a300_2055 .array/port v0x557bd010a300, 2055;
v0x557bd010a300_2056 .array/port v0x557bd010a300, 2056;
v0x557bd010a300_2057 .array/port v0x557bd010a300, 2057;
v0x557bd010a300_2058 .array/port v0x557bd010a300, 2058;
E_0x557bd010b960/514 .event anyedge, v0x557bd010a300_2055, v0x557bd010a300_2056, v0x557bd010a300_2057, v0x557bd010a300_2058;
v0x557bd010a300_2059 .array/port v0x557bd010a300, 2059;
v0x557bd010a300_2060 .array/port v0x557bd010a300, 2060;
v0x557bd010a300_2061 .array/port v0x557bd010a300, 2061;
v0x557bd010a300_2062 .array/port v0x557bd010a300, 2062;
E_0x557bd010b960/515 .event anyedge, v0x557bd010a300_2059, v0x557bd010a300_2060, v0x557bd010a300_2061, v0x557bd010a300_2062;
v0x557bd010a300_2063 .array/port v0x557bd010a300, 2063;
v0x557bd010a300_2064 .array/port v0x557bd010a300, 2064;
v0x557bd010a300_2065 .array/port v0x557bd010a300, 2065;
v0x557bd010a300_2066 .array/port v0x557bd010a300, 2066;
E_0x557bd010b960/516 .event anyedge, v0x557bd010a300_2063, v0x557bd010a300_2064, v0x557bd010a300_2065, v0x557bd010a300_2066;
v0x557bd010a300_2067 .array/port v0x557bd010a300, 2067;
v0x557bd010a300_2068 .array/port v0x557bd010a300, 2068;
v0x557bd010a300_2069 .array/port v0x557bd010a300, 2069;
v0x557bd010a300_2070 .array/port v0x557bd010a300, 2070;
E_0x557bd010b960/517 .event anyedge, v0x557bd010a300_2067, v0x557bd010a300_2068, v0x557bd010a300_2069, v0x557bd010a300_2070;
v0x557bd010a300_2071 .array/port v0x557bd010a300, 2071;
v0x557bd010a300_2072 .array/port v0x557bd010a300, 2072;
v0x557bd010a300_2073 .array/port v0x557bd010a300, 2073;
v0x557bd010a300_2074 .array/port v0x557bd010a300, 2074;
E_0x557bd010b960/518 .event anyedge, v0x557bd010a300_2071, v0x557bd010a300_2072, v0x557bd010a300_2073, v0x557bd010a300_2074;
v0x557bd010a300_2075 .array/port v0x557bd010a300, 2075;
v0x557bd010a300_2076 .array/port v0x557bd010a300, 2076;
v0x557bd010a300_2077 .array/port v0x557bd010a300, 2077;
v0x557bd010a300_2078 .array/port v0x557bd010a300, 2078;
E_0x557bd010b960/519 .event anyedge, v0x557bd010a300_2075, v0x557bd010a300_2076, v0x557bd010a300_2077, v0x557bd010a300_2078;
v0x557bd010a300_2079 .array/port v0x557bd010a300, 2079;
v0x557bd010a300_2080 .array/port v0x557bd010a300, 2080;
v0x557bd010a300_2081 .array/port v0x557bd010a300, 2081;
v0x557bd010a300_2082 .array/port v0x557bd010a300, 2082;
E_0x557bd010b960/520 .event anyedge, v0x557bd010a300_2079, v0x557bd010a300_2080, v0x557bd010a300_2081, v0x557bd010a300_2082;
v0x557bd010a300_2083 .array/port v0x557bd010a300, 2083;
v0x557bd010a300_2084 .array/port v0x557bd010a300, 2084;
v0x557bd010a300_2085 .array/port v0x557bd010a300, 2085;
v0x557bd010a300_2086 .array/port v0x557bd010a300, 2086;
E_0x557bd010b960/521 .event anyedge, v0x557bd010a300_2083, v0x557bd010a300_2084, v0x557bd010a300_2085, v0x557bd010a300_2086;
v0x557bd010a300_2087 .array/port v0x557bd010a300, 2087;
v0x557bd010a300_2088 .array/port v0x557bd010a300, 2088;
v0x557bd010a300_2089 .array/port v0x557bd010a300, 2089;
v0x557bd010a300_2090 .array/port v0x557bd010a300, 2090;
E_0x557bd010b960/522 .event anyedge, v0x557bd010a300_2087, v0x557bd010a300_2088, v0x557bd010a300_2089, v0x557bd010a300_2090;
v0x557bd010a300_2091 .array/port v0x557bd010a300, 2091;
v0x557bd010a300_2092 .array/port v0x557bd010a300, 2092;
v0x557bd010a300_2093 .array/port v0x557bd010a300, 2093;
v0x557bd010a300_2094 .array/port v0x557bd010a300, 2094;
E_0x557bd010b960/523 .event anyedge, v0x557bd010a300_2091, v0x557bd010a300_2092, v0x557bd010a300_2093, v0x557bd010a300_2094;
v0x557bd010a300_2095 .array/port v0x557bd010a300, 2095;
v0x557bd010a300_2096 .array/port v0x557bd010a300, 2096;
v0x557bd010a300_2097 .array/port v0x557bd010a300, 2097;
v0x557bd010a300_2098 .array/port v0x557bd010a300, 2098;
E_0x557bd010b960/524 .event anyedge, v0x557bd010a300_2095, v0x557bd010a300_2096, v0x557bd010a300_2097, v0x557bd010a300_2098;
v0x557bd010a300_2099 .array/port v0x557bd010a300, 2099;
v0x557bd010a300_2100 .array/port v0x557bd010a300, 2100;
v0x557bd010a300_2101 .array/port v0x557bd010a300, 2101;
v0x557bd010a300_2102 .array/port v0x557bd010a300, 2102;
E_0x557bd010b960/525 .event anyedge, v0x557bd010a300_2099, v0x557bd010a300_2100, v0x557bd010a300_2101, v0x557bd010a300_2102;
v0x557bd010a300_2103 .array/port v0x557bd010a300, 2103;
v0x557bd010a300_2104 .array/port v0x557bd010a300, 2104;
v0x557bd010a300_2105 .array/port v0x557bd010a300, 2105;
v0x557bd010a300_2106 .array/port v0x557bd010a300, 2106;
E_0x557bd010b960/526 .event anyedge, v0x557bd010a300_2103, v0x557bd010a300_2104, v0x557bd010a300_2105, v0x557bd010a300_2106;
v0x557bd010a300_2107 .array/port v0x557bd010a300, 2107;
v0x557bd010a300_2108 .array/port v0x557bd010a300, 2108;
v0x557bd010a300_2109 .array/port v0x557bd010a300, 2109;
v0x557bd010a300_2110 .array/port v0x557bd010a300, 2110;
E_0x557bd010b960/527 .event anyedge, v0x557bd010a300_2107, v0x557bd010a300_2108, v0x557bd010a300_2109, v0x557bd010a300_2110;
v0x557bd010a300_2111 .array/port v0x557bd010a300, 2111;
v0x557bd010a300_2112 .array/port v0x557bd010a300, 2112;
v0x557bd010a300_2113 .array/port v0x557bd010a300, 2113;
v0x557bd010a300_2114 .array/port v0x557bd010a300, 2114;
E_0x557bd010b960/528 .event anyedge, v0x557bd010a300_2111, v0x557bd010a300_2112, v0x557bd010a300_2113, v0x557bd010a300_2114;
v0x557bd010a300_2115 .array/port v0x557bd010a300, 2115;
v0x557bd010a300_2116 .array/port v0x557bd010a300, 2116;
v0x557bd010a300_2117 .array/port v0x557bd010a300, 2117;
v0x557bd010a300_2118 .array/port v0x557bd010a300, 2118;
E_0x557bd010b960/529 .event anyedge, v0x557bd010a300_2115, v0x557bd010a300_2116, v0x557bd010a300_2117, v0x557bd010a300_2118;
v0x557bd010a300_2119 .array/port v0x557bd010a300, 2119;
v0x557bd010a300_2120 .array/port v0x557bd010a300, 2120;
v0x557bd010a300_2121 .array/port v0x557bd010a300, 2121;
v0x557bd010a300_2122 .array/port v0x557bd010a300, 2122;
E_0x557bd010b960/530 .event anyedge, v0x557bd010a300_2119, v0x557bd010a300_2120, v0x557bd010a300_2121, v0x557bd010a300_2122;
v0x557bd010a300_2123 .array/port v0x557bd010a300, 2123;
v0x557bd010a300_2124 .array/port v0x557bd010a300, 2124;
v0x557bd010a300_2125 .array/port v0x557bd010a300, 2125;
v0x557bd010a300_2126 .array/port v0x557bd010a300, 2126;
E_0x557bd010b960/531 .event anyedge, v0x557bd010a300_2123, v0x557bd010a300_2124, v0x557bd010a300_2125, v0x557bd010a300_2126;
v0x557bd010a300_2127 .array/port v0x557bd010a300, 2127;
v0x557bd010a300_2128 .array/port v0x557bd010a300, 2128;
v0x557bd010a300_2129 .array/port v0x557bd010a300, 2129;
v0x557bd010a300_2130 .array/port v0x557bd010a300, 2130;
E_0x557bd010b960/532 .event anyedge, v0x557bd010a300_2127, v0x557bd010a300_2128, v0x557bd010a300_2129, v0x557bd010a300_2130;
v0x557bd010a300_2131 .array/port v0x557bd010a300, 2131;
v0x557bd010a300_2132 .array/port v0x557bd010a300, 2132;
v0x557bd010a300_2133 .array/port v0x557bd010a300, 2133;
v0x557bd010a300_2134 .array/port v0x557bd010a300, 2134;
E_0x557bd010b960/533 .event anyedge, v0x557bd010a300_2131, v0x557bd010a300_2132, v0x557bd010a300_2133, v0x557bd010a300_2134;
v0x557bd010a300_2135 .array/port v0x557bd010a300, 2135;
v0x557bd010a300_2136 .array/port v0x557bd010a300, 2136;
v0x557bd010a300_2137 .array/port v0x557bd010a300, 2137;
v0x557bd010a300_2138 .array/port v0x557bd010a300, 2138;
E_0x557bd010b960/534 .event anyedge, v0x557bd010a300_2135, v0x557bd010a300_2136, v0x557bd010a300_2137, v0x557bd010a300_2138;
v0x557bd010a300_2139 .array/port v0x557bd010a300, 2139;
v0x557bd010a300_2140 .array/port v0x557bd010a300, 2140;
v0x557bd010a300_2141 .array/port v0x557bd010a300, 2141;
v0x557bd010a300_2142 .array/port v0x557bd010a300, 2142;
E_0x557bd010b960/535 .event anyedge, v0x557bd010a300_2139, v0x557bd010a300_2140, v0x557bd010a300_2141, v0x557bd010a300_2142;
v0x557bd010a300_2143 .array/port v0x557bd010a300, 2143;
v0x557bd010a300_2144 .array/port v0x557bd010a300, 2144;
v0x557bd010a300_2145 .array/port v0x557bd010a300, 2145;
v0x557bd010a300_2146 .array/port v0x557bd010a300, 2146;
E_0x557bd010b960/536 .event anyedge, v0x557bd010a300_2143, v0x557bd010a300_2144, v0x557bd010a300_2145, v0x557bd010a300_2146;
v0x557bd010a300_2147 .array/port v0x557bd010a300, 2147;
v0x557bd010a300_2148 .array/port v0x557bd010a300, 2148;
v0x557bd010a300_2149 .array/port v0x557bd010a300, 2149;
v0x557bd010a300_2150 .array/port v0x557bd010a300, 2150;
E_0x557bd010b960/537 .event anyedge, v0x557bd010a300_2147, v0x557bd010a300_2148, v0x557bd010a300_2149, v0x557bd010a300_2150;
v0x557bd010a300_2151 .array/port v0x557bd010a300, 2151;
v0x557bd010a300_2152 .array/port v0x557bd010a300, 2152;
v0x557bd010a300_2153 .array/port v0x557bd010a300, 2153;
v0x557bd010a300_2154 .array/port v0x557bd010a300, 2154;
E_0x557bd010b960/538 .event anyedge, v0x557bd010a300_2151, v0x557bd010a300_2152, v0x557bd010a300_2153, v0x557bd010a300_2154;
v0x557bd010a300_2155 .array/port v0x557bd010a300, 2155;
v0x557bd010a300_2156 .array/port v0x557bd010a300, 2156;
v0x557bd010a300_2157 .array/port v0x557bd010a300, 2157;
v0x557bd010a300_2158 .array/port v0x557bd010a300, 2158;
E_0x557bd010b960/539 .event anyedge, v0x557bd010a300_2155, v0x557bd010a300_2156, v0x557bd010a300_2157, v0x557bd010a300_2158;
v0x557bd010a300_2159 .array/port v0x557bd010a300, 2159;
v0x557bd010a300_2160 .array/port v0x557bd010a300, 2160;
v0x557bd010a300_2161 .array/port v0x557bd010a300, 2161;
v0x557bd010a300_2162 .array/port v0x557bd010a300, 2162;
E_0x557bd010b960/540 .event anyedge, v0x557bd010a300_2159, v0x557bd010a300_2160, v0x557bd010a300_2161, v0x557bd010a300_2162;
v0x557bd010a300_2163 .array/port v0x557bd010a300, 2163;
v0x557bd010a300_2164 .array/port v0x557bd010a300, 2164;
v0x557bd010a300_2165 .array/port v0x557bd010a300, 2165;
v0x557bd010a300_2166 .array/port v0x557bd010a300, 2166;
E_0x557bd010b960/541 .event anyedge, v0x557bd010a300_2163, v0x557bd010a300_2164, v0x557bd010a300_2165, v0x557bd010a300_2166;
v0x557bd010a300_2167 .array/port v0x557bd010a300, 2167;
v0x557bd010a300_2168 .array/port v0x557bd010a300, 2168;
v0x557bd010a300_2169 .array/port v0x557bd010a300, 2169;
v0x557bd010a300_2170 .array/port v0x557bd010a300, 2170;
E_0x557bd010b960/542 .event anyedge, v0x557bd010a300_2167, v0x557bd010a300_2168, v0x557bd010a300_2169, v0x557bd010a300_2170;
v0x557bd010a300_2171 .array/port v0x557bd010a300, 2171;
v0x557bd010a300_2172 .array/port v0x557bd010a300, 2172;
v0x557bd010a300_2173 .array/port v0x557bd010a300, 2173;
v0x557bd010a300_2174 .array/port v0x557bd010a300, 2174;
E_0x557bd010b960/543 .event anyedge, v0x557bd010a300_2171, v0x557bd010a300_2172, v0x557bd010a300_2173, v0x557bd010a300_2174;
v0x557bd010a300_2175 .array/port v0x557bd010a300, 2175;
v0x557bd010a300_2176 .array/port v0x557bd010a300, 2176;
v0x557bd010a300_2177 .array/port v0x557bd010a300, 2177;
v0x557bd010a300_2178 .array/port v0x557bd010a300, 2178;
E_0x557bd010b960/544 .event anyedge, v0x557bd010a300_2175, v0x557bd010a300_2176, v0x557bd010a300_2177, v0x557bd010a300_2178;
v0x557bd010a300_2179 .array/port v0x557bd010a300, 2179;
v0x557bd010a300_2180 .array/port v0x557bd010a300, 2180;
v0x557bd010a300_2181 .array/port v0x557bd010a300, 2181;
v0x557bd010a300_2182 .array/port v0x557bd010a300, 2182;
E_0x557bd010b960/545 .event anyedge, v0x557bd010a300_2179, v0x557bd010a300_2180, v0x557bd010a300_2181, v0x557bd010a300_2182;
v0x557bd010a300_2183 .array/port v0x557bd010a300, 2183;
v0x557bd010a300_2184 .array/port v0x557bd010a300, 2184;
v0x557bd010a300_2185 .array/port v0x557bd010a300, 2185;
v0x557bd010a300_2186 .array/port v0x557bd010a300, 2186;
E_0x557bd010b960/546 .event anyedge, v0x557bd010a300_2183, v0x557bd010a300_2184, v0x557bd010a300_2185, v0x557bd010a300_2186;
v0x557bd010a300_2187 .array/port v0x557bd010a300, 2187;
v0x557bd010a300_2188 .array/port v0x557bd010a300, 2188;
v0x557bd010a300_2189 .array/port v0x557bd010a300, 2189;
v0x557bd010a300_2190 .array/port v0x557bd010a300, 2190;
E_0x557bd010b960/547 .event anyedge, v0x557bd010a300_2187, v0x557bd010a300_2188, v0x557bd010a300_2189, v0x557bd010a300_2190;
v0x557bd010a300_2191 .array/port v0x557bd010a300, 2191;
v0x557bd010a300_2192 .array/port v0x557bd010a300, 2192;
v0x557bd010a300_2193 .array/port v0x557bd010a300, 2193;
v0x557bd010a300_2194 .array/port v0x557bd010a300, 2194;
E_0x557bd010b960/548 .event anyedge, v0x557bd010a300_2191, v0x557bd010a300_2192, v0x557bd010a300_2193, v0x557bd010a300_2194;
v0x557bd010a300_2195 .array/port v0x557bd010a300, 2195;
v0x557bd010a300_2196 .array/port v0x557bd010a300, 2196;
v0x557bd010a300_2197 .array/port v0x557bd010a300, 2197;
v0x557bd010a300_2198 .array/port v0x557bd010a300, 2198;
E_0x557bd010b960/549 .event anyedge, v0x557bd010a300_2195, v0x557bd010a300_2196, v0x557bd010a300_2197, v0x557bd010a300_2198;
v0x557bd010a300_2199 .array/port v0x557bd010a300, 2199;
v0x557bd010a300_2200 .array/port v0x557bd010a300, 2200;
v0x557bd010a300_2201 .array/port v0x557bd010a300, 2201;
v0x557bd010a300_2202 .array/port v0x557bd010a300, 2202;
E_0x557bd010b960/550 .event anyedge, v0x557bd010a300_2199, v0x557bd010a300_2200, v0x557bd010a300_2201, v0x557bd010a300_2202;
v0x557bd010a300_2203 .array/port v0x557bd010a300, 2203;
v0x557bd010a300_2204 .array/port v0x557bd010a300, 2204;
v0x557bd010a300_2205 .array/port v0x557bd010a300, 2205;
v0x557bd010a300_2206 .array/port v0x557bd010a300, 2206;
E_0x557bd010b960/551 .event anyedge, v0x557bd010a300_2203, v0x557bd010a300_2204, v0x557bd010a300_2205, v0x557bd010a300_2206;
v0x557bd010a300_2207 .array/port v0x557bd010a300, 2207;
v0x557bd010a300_2208 .array/port v0x557bd010a300, 2208;
v0x557bd010a300_2209 .array/port v0x557bd010a300, 2209;
v0x557bd010a300_2210 .array/port v0x557bd010a300, 2210;
E_0x557bd010b960/552 .event anyedge, v0x557bd010a300_2207, v0x557bd010a300_2208, v0x557bd010a300_2209, v0x557bd010a300_2210;
v0x557bd010a300_2211 .array/port v0x557bd010a300, 2211;
v0x557bd010a300_2212 .array/port v0x557bd010a300, 2212;
v0x557bd010a300_2213 .array/port v0x557bd010a300, 2213;
v0x557bd010a300_2214 .array/port v0x557bd010a300, 2214;
E_0x557bd010b960/553 .event anyedge, v0x557bd010a300_2211, v0x557bd010a300_2212, v0x557bd010a300_2213, v0x557bd010a300_2214;
v0x557bd010a300_2215 .array/port v0x557bd010a300, 2215;
v0x557bd010a300_2216 .array/port v0x557bd010a300, 2216;
v0x557bd010a300_2217 .array/port v0x557bd010a300, 2217;
v0x557bd010a300_2218 .array/port v0x557bd010a300, 2218;
E_0x557bd010b960/554 .event anyedge, v0x557bd010a300_2215, v0x557bd010a300_2216, v0x557bd010a300_2217, v0x557bd010a300_2218;
v0x557bd010a300_2219 .array/port v0x557bd010a300, 2219;
v0x557bd010a300_2220 .array/port v0x557bd010a300, 2220;
v0x557bd010a300_2221 .array/port v0x557bd010a300, 2221;
v0x557bd010a300_2222 .array/port v0x557bd010a300, 2222;
E_0x557bd010b960/555 .event anyedge, v0x557bd010a300_2219, v0x557bd010a300_2220, v0x557bd010a300_2221, v0x557bd010a300_2222;
v0x557bd010a300_2223 .array/port v0x557bd010a300, 2223;
v0x557bd010a300_2224 .array/port v0x557bd010a300, 2224;
v0x557bd010a300_2225 .array/port v0x557bd010a300, 2225;
v0x557bd010a300_2226 .array/port v0x557bd010a300, 2226;
E_0x557bd010b960/556 .event anyedge, v0x557bd010a300_2223, v0x557bd010a300_2224, v0x557bd010a300_2225, v0x557bd010a300_2226;
v0x557bd010a300_2227 .array/port v0x557bd010a300, 2227;
v0x557bd010a300_2228 .array/port v0x557bd010a300, 2228;
v0x557bd010a300_2229 .array/port v0x557bd010a300, 2229;
v0x557bd010a300_2230 .array/port v0x557bd010a300, 2230;
E_0x557bd010b960/557 .event anyedge, v0x557bd010a300_2227, v0x557bd010a300_2228, v0x557bd010a300_2229, v0x557bd010a300_2230;
v0x557bd010a300_2231 .array/port v0x557bd010a300, 2231;
v0x557bd010a300_2232 .array/port v0x557bd010a300, 2232;
v0x557bd010a300_2233 .array/port v0x557bd010a300, 2233;
v0x557bd010a300_2234 .array/port v0x557bd010a300, 2234;
E_0x557bd010b960/558 .event anyedge, v0x557bd010a300_2231, v0x557bd010a300_2232, v0x557bd010a300_2233, v0x557bd010a300_2234;
v0x557bd010a300_2235 .array/port v0x557bd010a300, 2235;
v0x557bd010a300_2236 .array/port v0x557bd010a300, 2236;
v0x557bd010a300_2237 .array/port v0x557bd010a300, 2237;
v0x557bd010a300_2238 .array/port v0x557bd010a300, 2238;
E_0x557bd010b960/559 .event anyedge, v0x557bd010a300_2235, v0x557bd010a300_2236, v0x557bd010a300_2237, v0x557bd010a300_2238;
v0x557bd010a300_2239 .array/port v0x557bd010a300, 2239;
v0x557bd010a300_2240 .array/port v0x557bd010a300, 2240;
v0x557bd010a300_2241 .array/port v0x557bd010a300, 2241;
v0x557bd010a300_2242 .array/port v0x557bd010a300, 2242;
E_0x557bd010b960/560 .event anyedge, v0x557bd010a300_2239, v0x557bd010a300_2240, v0x557bd010a300_2241, v0x557bd010a300_2242;
v0x557bd010a300_2243 .array/port v0x557bd010a300, 2243;
v0x557bd010a300_2244 .array/port v0x557bd010a300, 2244;
v0x557bd010a300_2245 .array/port v0x557bd010a300, 2245;
v0x557bd010a300_2246 .array/port v0x557bd010a300, 2246;
E_0x557bd010b960/561 .event anyedge, v0x557bd010a300_2243, v0x557bd010a300_2244, v0x557bd010a300_2245, v0x557bd010a300_2246;
v0x557bd010a300_2247 .array/port v0x557bd010a300, 2247;
v0x557bd010a300_2248 .array/port v0x557bd010a300, 2248;
v0x557bd010a300_2249 .array/port v0x557bd010a300, 2249;
v0x557bd010a300_2250 .array/port v0x557bd010a300, 2250;
E_0x557bd010b960/562 .event anyedge, v0x557bd010a300_2247, v0x557bd010a300_2248, v0x557bd010a300_2249, v0x557bd010a300_2250;
v0x557bd010a300_2251 .array/port v0x557bd010a300, 2251;
v0x557bd010a300_2252 .array/port v0x557bd010a300, 2252;
v0x557bd010a300_2253 .array/port v0x557bd010a300, 2253;
v0x557bd010a300_2254 .array/port v0x557bd010a300, 2254;
E_0x557bd010b960/563 .event anyedge, v0x557bd010a300_2251, v0x557bd010a300_2252, v0x557bd010a300_2253, v0x557bd010a300_2254;
v0x557bd010a300_2255 .array/port v0x557bd010a300, 2255;
v0x557bd010a300_2256 .array/port v0x557bd010a300, 2256;
v0x557bd010a300_2257 .array/port v0x557bd010a300, 2257;
v0x557bd010a300_2258 .array/port v0x557bd010a300, 2258;
E_0x557bd010b960/564 .event anyedge, v0x557bd010a300_2255, v0x557bd010a300_2256, v0x557bd010a300_2257, v0x557bd010a300_2258;
v0x557bd010a300_2259 .array/port v0x557bd010a300, 2259;
v0x557bd010a300_2260 .array/port v0x557bd010a300, 2260;
v0x557bd010a300_2261 .array/port v0x557bd010a300, 2261;
v0x557bd010a300_2262 .array/port v0x557bd010a300, 2262;
E_0x557bd010b960/565 .event anyedge, v0x557bd010a300_2259, v0x557bd010a300_2260, v0x557bd010a300_2261, v0x557bd010a300_2262;
v0x557bd010a300_2263 .array/port v0x557bd010a300, 2263;
v0x557bd010a300_2264 .array/port v0x557bd010a300, 2264;
v0x557bd010a300_2265 .array/port v0x557bd010a300, 2265;
v0x557bd010a300_2266 .array/port v0x557bd010a300, 2266;
E_0x557bd010b960/566 .event anyedge, v0x557bd010a300_2263, v0x557bd010a300_2264, v0x557bd010a300_2265, v0x557bd010a300_2266;
v0x557bd010a300_2267 .array/port v0x557bd010a300, 2267;
v0x557bd010a300_2268 .array/port v0x557bd010a300, 2268;
v0x557bd010a300_2269 .array/port v0x557bd010a300, 2269;
v0x557bd010a300_2270 .array/port v0x557bd010a300, 2270;
E_0x557bd010b960/567 .event anyedge, v0x557bd010a300_2267, v0x557bd010a300_2268, v0x557bd010a300_2269, v0x557bd010a300_2270;
v0x557bd010a300_2271 .array/port v0x557bd010a300, 2271;
v0x557bd010a300_2272 .array/port v0x557bd010a300, 2272;
v0x557bd010a300_2273 .array/port v0x557bd010a300, 2273;
v0x557bd010a300_2274 .array/port v0x557bd010a300, 2274;
E_0x557bd010b960/568 .event anyedge, v0x557bd010a300_2271, v0x557bd010a300_2272, v0x557bd010a300_2273, v0x557bd010a300_2274;
v0x557bd010a300_2275 .array/port v0x557bd010a300, 2275;
v0x557bd010a300_2276 .array/port v0x557bd010a300, 2276;
v0x557bd010a300_2277 .array/port v0x557bd010a300, 2277;
v0x557bd010a300_2278 .array/port v0x557bd010a300, 2278;
E_0x557bd010b960/569 .event anyedge, v0x557bd010a300_2275, v0x557bd010a300_2276, v0x557bd010a300_2277, v0x557bd010a300_2278;
v0x557bd010a300_2279 .array/port v0x557bd010a300, 2279;
v0x557bd010a300_2280 .array/port v0x557bd010a300, 2280;
v0x557bd010a300_2281 .array/port v0x557bd010a300, 2281;
v0x557bd010a300_2282 .array/port v0x557bd010a300, 2282;
E_0x557bd010b960/570 .event anyedge, v0x557bd010a300_2279, v0x557bd010a300_2280, v0x557bd010a300_2281, v0x557bd010a300_2282;
v0x557bd010a300_2283 .array/port v0x557bd010a300, 2283;
v0x557bd010a300_2284 .array/port v0x557bd010a300, 2284;
v0x557bd010a300_2285 .array/port v0x557bd010a300, 2285;
v0x557bd010a300_2286 .array/port v0x557bd010a300, 2286;
E_0x557bd010b960/571 .event anyedge, v0x557bd010a300_2283, v0x557bd010a300_2284, v0x557bd010a300_2285, v0x557bd010a300_2286;
v0x557bd010a300_2287 .array/port v0x557bd010a300, 2287;
v0x557bd010a300_2288 .array/port v0x557bd010a300, 2288;
v0x557bd010a300_2289 .array/port v0x557bd010a300, 2289;
v0x557bd010a300_2290 .array/port v0x557bd010a300, 2290;
E_0x557bd010b960/572 .event anyedge, v0x557bd010a300_2287, v0x557bd010a300_2288, v0x557bd010a300_2289, v0x557bd010a300_2290;
v0x557bd010a300_2291 .array/port v0x557bd010a300, 2291;
v0x557bd010a300_2292 .array/port v0x557bd010a300, 2292;
v0x557bd010a300_2293 .array/port v0x557bd010a300, 2293;
v0x557bd010a300_2294 .array/port v0x557bd010a300, 2294;
E_0x557bd010b960/573 .event anyedge, v0x557bd010a300_2291, v0x557bd010a300_2292, v0x557bd010a300_2293, v0x557bd010a300_2294;
v0x557bd010a300_2295 .array/port v0x557bd010a300, 2295;
v0x557bd010a300_2296 .array/port v0x557bd010a300, 2296;
v0x557bd010a300_2297 .array/port v0x557bd010a300, 2297;
v0x557bd010a300_2298 .array/port v0x557bd010a300, 2298;
E_0x557bd010b960/574 .event anyedge, v0x557bd010a300_2295, v0x557bd010a300_2296, v0x557bd010a300_2297, v0x557bd010a300_2298;
v0x557bd010a300_2299 .array/port v0x557bd010a300, 2299;
v0x557bd010a300_2300 .array/port v0x557bd010a300, 2300;
v0x557bd010a300_2301 .array/port v0x557bd010a300, 2301;
v0x557bd010a300_2302 .array/port v0x557bd010a300, 2302;
E_0x557bd010b960/575 .event anyedge, v0x557bd010a300_2299, v0x557bd010a300_2300, v0x557bd010a300_2301, v0x557bd010a300_2302;
v0x557bd010a300_2303 .array/port v0x557bd010a300, 2303;
v0x557bd010a300_2304 .array/port v0x557bd010a300, 2304;
v0x557bd010a300_2305 .array/port v0x557bd010a300, 2305;
v0x557bd010a300_2306 .array/port v0x557bd010a300, 2306;
E_0x557bd010b960/576 .event anyedge, v0x557bd010a300_2303, v0x557bd010a300_2304, v0x557bd010a300_2305, v0x557bd010a300_2306;
v0x557bd010a300_2307 .array/port v0x557bd010a300, 2307;
v0x557bd010a300_2308 .array/port v0x557bd010a300, 2308;
v0x557bd010a300_2309 .array/port v0x557bd010a300, 2309;
v0x557bd010a300_2310 .array/port v0x557bd010a300, 2310;
E_0x557bd010b960/577 .event anyedge, v0x557bd010a300_2307, v0x557bd010a300_2308, v0x557bd010a300_2309, v0x557bd010a300_2310;
v0x557bd010a300_2311 .array/port v0x557bd010a300, 2311;
v0x557bd010a300_2312 .array/port v0x557bd010a300, 2312;
v0x557bd010a300_2313 .array/port v0x557bd010a300, 2313;
v0x557bd010a300_2314 .array/port v0x557bd010a300, 2314;
E_0x557bd010b960/578 .event anyedge, v0x557bd010a300_2311, v0x557bd010a300_2312, v0x557bd010a300_2313, v0x557bd010a300_2314;
v0x557bd010a300_2315 .array/port v0x557bd010a300, 2315;
v0x557bd010a300_2316 .array/port v0x557bd010a300, 2316;
v0x557bd010a300_2317 .array/port v0x557bd010a300, 2317;
v0x557bd010a300_2318 .array/port v0x557bd010a300, 2318;
E_0x557bd010b960/579 .event anyedge, v0x557bd010a300_2315, v0x557bd010a300_2316, v0x557bd010a300_2317, v0x557bd010a300_2318;
v0x557bd010a300_2319 .array/port v0x557bd010a300, 2319;
v0x557bd010a300_2320 .array/port v0x557bd010a300, 2320;
v0x557bd010a300_2321 .array/port v0x557bd010a300, 2321;
v0x557bd010a300_2322 .array/port v0x557bd010a300, 2322;
E_0x557bd010b960/580 .event anyedge, v0x557bd010a300_2319, v0x557bd010a300_2320, v0x557bd010a300_2321, v0x557bd010a300_2322;
v0x557bd010a300_2323 .array/port v0x557bd010a300, 2323;
v0x557bd010a300_2324 .array/port v0x557bd010a300, 2324;
v0x557bd010a300_2325 .array/port v0x557bd010a300, 2325;
v0x557bd010a300_2326 .array/port v0x557bd010a300, 2326;
E_0x557bd010b960/581 .event anyedge, v0x557bd010a300_2323, v0x557bd010a300_2324, v0x557bd010a300_2325, v0x557bd010a300_2326;
v0x557bd010a300_2327 .array/port v0x557bd010a300, 2327;
v0x557bd010a300_2328 .array/port v0x557bd010a300, 2328;
v0x557bd010a300_2329 .array/port v0x557bd010a300, 2329;
v0x557bd010a300_2330 .array/port v0x557bd010a300, 2330;
E_0x557bd010b960/582 .event anyedge, v0x557bd010a300_2327, v0x557bd010a300_2328, v0x557bd010a300_2329, v0x557bd010a300_2330;
v0x557bd010a300_2331 .array/port v0x557bd010a300, 2331;
v0x557bd010a300_2332 .array/port v0x557bd010a300, 2332;
v0x557bd010a300_2333 .array/port v0x557bd010a300, 2333;
v0x557bd010a300_2334 .array/port v0x557bd010a300, 2334;
E_0x557bd010b960/583 .event anyedge, v0x557bd010a300_2331, v0x557bd010a300_2332, v0x557bd010a300_2333, v0x557bd010a300_2334;
v0x557bd010a300_2335 .array/port v0x557bd010a300, 2335;
v0x557bd010a300_2336 .array/port v0x557bd010a300, 2336;
v0x557bd010a300_2337 .array/port v0x557bd010a300, 2337;
v0x557bd010a300_2338 .array/port v0x557bd010a300, 2338;
E_0x557bd010b960/584 .event anyedge, v0x557bd010a300_2335, v0x557bd010a300_2336, v0x557bd010a300_2337, v0x557bd010a300_2338;
v0x557bd010a300_2339 .array/port v0x557bd010a300, 2339;
v0x557bd010a300_2340 .array/port v0x557bd010a300, 2340;
v0x557bd010a300_2341 .array/port v0x557bd010a300, 2341;
v0x557bd010a300_2342 .array/port v0x557bd010a300, 2342;
E_0x557bd010b960/585 .event anyedge, v0x557bd010a300_2339, v0x557bd010a300_2340, v0x557bd010a300_2341, v0x557bd010a300_2342;
v0x557bd010a300_2343 .array/port v0x557bd010a300, 2343;
v0x557bd010a300_2344 .array/port v0x557bd010a300, 2344;
v0x557bd010a300_2345 .array/port v0x557bd010a300, 2345;
v0x557bd010a300_2346 .array/port v0x557bd010a300, 2346;
E_0x557bd010b960/586 .event anyedge, v0x557bd010a300_2343, v0x557bd010a300_2344, v0x557bd010a300_2345, v0x557bd010a300_2346;
v0x557bd010a300_2347 .array/port v0x557bd010a300, 2347;
v0x557bd010a300_2348 .array/port v0x557bd010a300, 2348;
v0x557bd010a300_2349 .array/port v0x557bd010a300, 2349;
v0x557bd010a300_2350 .array/port v0x557bd010a300, 2350;
E_0x557bd010b960/587 .event anyedge, v0x557bd010a300_2347, v0x557bd010a300_2348, v0x557bd010a300_2349, v0x557bd010a300_2350;
v0x557bd010a300_2351 .array/port v0x557bd010a300, 2351;
v0x557bd010a300_2352 .array/port v0x557bd010a300, 2352;
v0x557bd010a300_2353 .array/port v0x557bd010a300, 2353;
v0x557bd010a300_2354 .array/port v0x557bd010a300, 2354;
E_0x557bd010b960/588 .event anyedge, v0x557bd010a300_2351, v0x557bd010a300_2352, v0x557bd010a300_2353, v0x557bd010a300_2354;
v0x557bd010a300_2355 .array/port v0x557bd010a300, 2355;
v0x557bd010a300_2356 .array/port v0x557bd010a300, 2356;
v0x557bd010a300_2357 .array/port v0x557bd010a300, 2357;
v0x557bd010a300_2358 .array/port v0x557bd010a300, 2358;
E_0x557bd010b960/589 .event anyedge, v0x557bd010a300_2355, v0x557bd010a300_2356, v0x557bd010a300_2357, v0x557bd010a300_2358;
v0x557bd010a300_2359 .array/port v0x557bd010a300, 2359;
v0x557bd010a300_2360 .array/port v0x557bd010a300, 2360;
v0x557bd010a300_2361 .array/port v0x557bd010a300, 2361;
v0x557bd010a300_2362 .array/port v0x557bd010a300, 2362;
E_0x557bd010b960/590 .event anyedge, v0x557bd010a300_2359, v0x557bd010a300_2360, v0x557bd010a300_2361, v0x557bd010a300_2362;
v0x557bd010a300_2363 .array/port v0x557bd010a300, 2363;
v0x557bd010a300_2364 .array/port v0x557bd010a300, 2364;
v0x557bd010a300_2365 .array/port v0x557bd010a300, 2365;
v0x557bd010a300_2366 .array/port v0x557bd010a300, 2366;
E_0x557bd010b960/591 .event anyedge, v0x557bd010a300_2363, v0x557bd010a300_2364, v0x557bd010a300_2365, v0x557bd010a300_2366;
v0x557bd010a300_2367 .array/port v0x557bd010a300, 2367;
v0x557bd010a300_2368 .array/port v0x557bd010a300, 2368;
v0x557bd010a300_2369 .array/port v0x557bd010a300, 2369;
v0x557bd010a300_2370 .array/port v0x557bd010a300, 2370;
E_0x557bd010b960/592 .event anyedge, v0x557bd010a300_2367, v0x557bd010a300_2368, v0x557bd010a300_2369, v0x557bd010a300_2370;
v0x557bd010a300_2371 .array/port v0x557bd010a300, 2371;
v0x557bd010a300_2372 .array/port v0x557bd010a300, 2372;
v0x557bd010a300_2373 .array/port v0x557bd010a300, 2373;
v0x557bd010a300_2374 .array/port v0x557bd010a300, 2374;
E_0x557bd010b960/593 .event anyedge, v0x557bd010a300_2371, v0x557bd010a300_2372, v0x557bd010a300_2373, v0x557bd010a300_2374;
v0x557bd010a300_2375 .array/port v0x557bd010a300, 2375;
v0x557bd010a300_2376 .array/port v0x557bd010a300, 2376;
v0x557bd010a300_2377 .array/port v0x557bd010a300, 2377;
v0x557bd010a300_2378 .array/port v0x557bd010a300, 2378;
E_0x557bd010b960/594 .event anyedge, v0x557bd010a300_2375, v0x557bd010a300_2376, v0x557bd010a300_2377, v0x557bd010a300_2378;
v0x557bd010a300_2379 .array/port v0x557bd010a300, 2379;
v0x557bd010a300_2380 .array/port v0x557bd010a300, 2380;
v0x557bd010a300_2381 .array/port v0x557bd010a300, 2381;
v0x557bd010a300_2382 .array/port v0x557bd010a300, 2382;
E_0x557bd010b960/595 .event anyedge, v0x557bd010a300_2379, v0x557bd010a300_2380, v0x557bd010a300_2381, v0x557bd010a300_2382;
v0x557bd010a300_2383 .array/port v0x557bd010a300, 2383;
v0x557bd010a300_2384 .array/port v0x557bd010a300, 2384;
v0x557bd010a300_2385 .array/port v0x557bd010a300, 2385;
v0x557bd010a300_2386 .array/port v0x557bd010a300, 2386;
E_0x557bd010b960/596 .event anyedge, v0x557bd010a300_2383, v0x557bd010a300_2384, v0x557bd010a300_2385, v0x557bd010a300_2386;
v0x557bd010a300_2387 .array/port v0x557bd010a300, 2387;
v0x557bd010a300_2388 .array/port v0x557bd010a300, 2388;
v0x557bd010a300_2389 .array/port v0x557bd010a300, 2389;
v0x557bd010a300_2390 .array/port v0x557bd010a300, 2390;
E_0x557bd010b960/597 .event anyedge, v0x557bd010a300_2387, v0x557bd010a300_2388, v0x557bd010a300_2389, v0x557bd010a300_2390;
v0x557bd010a300_2391 .array/port v0x557bd010a300, 2391;
v0x557bd010a300_2392 .array/port v0x557bd010a300, 2392;
v0x557bd010a300_2393 .array/port v0x557bd010a300, 2393;
v0x557bd010a300_2394 .array/port v0x557bd010a300, 2394;
E_0x557bd010b960/598 .event anyedge, v0x557bd010a300_2391, v0x557bd010a300_2392, v0x557bd010a300_2393, v0x557bd010a300_2394;
v0x557bd010a300_2395 .array/port v0x557bd010a300, 2395;
v0x557bd010a300_2396 .array/port v0x557bd010a300, 2396;
v0x557bd010a300_2397 .array/port v0x557bd010a300, 2397;
v0x557bd010a300_2398 .array/port v0x557bd010a300, 2398;
E_0x557bd010b960/599 .event anyedge, v0x557bd010a300_2395, v0x557bd010a300_2396, v0x557bd010a300_2397, v0x557bd010a300_2398;
v0x557bd010a300_2399 .array/port v0x557bd010a300, 2399;
v0x557bd010a300_2400 .array/port v0x557bd010a300, 2400;
v0x557bd010a300_2401 .array/port v0x557bd010a300, 2401;
v0x557bd010a300_2402 .array/port v0x557bd010a300, 2402;
E_0x557bd010b960/600 .event anyedge, v0x557bd010a300_2399, v0x557bd010a300_2400, v0x557bd010a300_2401, v0x557bd010a300_2402;
v0x557bd010a300_2403 .array/port v0x557bd010a300, 2403;
v0x557bd010a300_2404 .array/port v0x557bd010a300, 2404;
v0x557bd010a300_2405 .array/port v0x557bd010a300, 2405;
v0x557bd010a300_2406 .array/port v0x557bd010a300, 2406;
E_0x557bd010b960/601 .event anyedge, v0x557bd010a300_2403, v0x557bd010a300_2404, v0x557bd010a300_2405, v0x557bd010a300_2406;
v0x557bd010a300_2407 .array/port v0x557bd010a300, 2407;
v0x557bd010a300_2408 .array/port v0x557bd010a300, 2408;
v0x557bd010a300_2409 .array/port v0x557bd010a300, 2409;
v0x557bd010a300_2410 .array/port v0x557bd010a300, 2410;
E_0x557bd010b960/602 .event anyedge, v0x557bd010a300_2407, v0x557bd010a300_2408, v0x557bd010a300_2409, v0x557bd010a300_2410;
v0x557bd010a300_2411 .array/port v0x557bd010a300, 2411;
v0x557bd010a300_2412 .array/port v0x557bd010a300, 2412;
v0x557bd010a300_2413 .array/port v0x557bd010a300, 2413;
v0x557bd010a300_2414 .array/port v0x557bd010a300, 2414;
E_0x557bd010b960/603 .event anyedge, v0x557bd010a300_2411, v0x557bd010a300_2412, v0x557bd010a300_2413, v0x557bd010a300_2414;
v0x557bd010a300_2415 .array/port v0x557bd010a300, 2415;
v0x557bd010a300_2416 .array/port v0x557bd010a300, 2416;
v0x557bd010a300_2417 .array/port v0x557bd010a300, 2417;
v0x557bd010a300_2418 .array/port v0x557bd010a300, 2418;
E_0x557bd010b960/604 .event anyedge, v0x557bd010a300_2415, v0x557bd010a300_2416, v0x557bd010a300_2417, v0x557bd010a300_2418;
v0x557bd010a300_2419 .array/port v0x557bd010a300, 2419;
v0x557bd010a300_2420 .array/port v0x557bd010a300, 2420;
v0x557bd010a300_2421 .array/port v0x557bd010a300, 2421;
v0x557bd010a300_2422 .array/port v0x557bd010a300, 2422;
E_0x557bd010b960/605 .event anyedge, v0x557bd010a300_2419, v0x557bd010a300_2420, v0x557bd010a300_2421, v0x557bd010a300_2422;
v0x557bd010a300_2423 .array/port v0x557bd010a300, 2423;
v0x557bd010a300_2424 .array/port v0x557bd010a300, 2424;
v0x557bd010a300_2425 .array/port v0x557bd010a300, 2425;
v0x557bd010a300_2426 .array/port v0x557bd010a300, 2426;
E_0x557bd010b960/606 .event anyedge, v0x557bd010a300_2423, v0x557bd010a300_2424, v0x557bd010a300_2425, v0x557bd010a300_2426;
v0x557bd010a300_2427 .array/port v0x557bd010a300, 2427;
v0x557bd010a300_2428 .array/port v0x557bd010a300, 2428;
v0x557bd010a300_2429 .array/port v0x557bd010a300, 2429;
v0x557bd010a300_2430 .array/port v0x557bd010a300, 2430;
E_0x557bd010b960/607 .event anyedge, v0x557bd010a300_2427, v0x557bd010a300_2428, v0x557bd010a300_2429, v0x557bd010a300_2430;
v0x557bd010a300_2431 .array/port v0x557bd010a300, 2431;
v0x557bd010a300_2432 .array/port v0x557bd010a300, 2432;
v0x557bd010a300_2433 .array/port v0x557bd010a300, 2433;
v0x557bd010a300_2434 .array/port v0x557bd010a300, 2434;
E_0x557bd010b960/608 .event anyedge, v0x557bd010a300_2431, v0x557bd010a300_2432, v0x557bd010a300_2433, v0x557bd010a300_2434;
v0x557bd010a300_2435 .array/port v0x557bd010a300, 2435;
v0x557bd010a300_2436 .array/port v0x557bd010a300, 2436;
v0x557bd010a300_2437 .array/port v0x557bd010a300, 2437;
v0x557bd010a300_2438 .array/port v0x557bd010a300, 2438;
E_0x557bd010b960/609 .event anyedge, v0x557bd010a300_2435, v0x557bd010a300_2436, v0x557bd010a300_2437, v0x557bd010a300_2438;
v0x557bd010a300_2439 .array/port v0x557bd010a300, 2439;
v0x557bd010a300_2440 .array/port v0x557bd010a300, 2440;
v0x557bd010a300_2441 .array/port v0x557bd010a300, 2441;
v0x557bd010a300_2442 .array/port v0x557bd010a300, 2442;
E_0x557bd010b960/610 .event anyedge, v0x557bd010a300_2439, v0x557bd010a300_2440, v0x557bd010a300_2441, v0x557bd010a300_2442;
v0x557bd010a300_2443 .array/port v0x557bd010a300, 2443;
v0x557bd010a300_2444 .array/port v0x557bd010a300, 2444;
v0x557bd010a300_2445 .array/port v0x557bd010a300, 2445;
v0x557bd010a300_2446 .array/port v0x557bd010a300, 2446;
E_0x557bd010b960/611 .event anyedge, v0x557bd010a300_2443, v0x557bd010a300_2444, v0x557bd010a300_2445, v0x557bd010a300_2446;
v0x557bd010a300_2447 .array/port v0x557bd010a300, 2447;
v0x557bd010a300_2448 .array/port v0x557bd010a300, 2448;
v0x557bd010a300_2449 .array/port v0x557bd010a300, 2449;
v0x557bd010a300_2450 .array/port v0x557bd010a300, 2450;
E_0x557bd010b960/612 .event anyedge, v0x557bd010a300_2447, v0x557bd010a300_2448, v0x557bd010a300_2449, v0x557bd010a300_2450;
v0x557bd010a300_2451 .array/port v0x557bd010a300, 2451;
v0x557bd010a300_2452 .array/port v0x557bd010a300, 2452;
v0x557bd010a300_2453 .array/port v0x557bd010a300, 2453;
v0x557bd010a300_2454 .array/port v0x557bd010a300, 2454;
E_0x557bd010b960/613 .event anyedge, v0x557bd010a300_2451, v0x557bd010a300_2452, v0x557bd010a300_2453, v0x557bd010a300_2454;
v0x557bd010a300_2455 .array/port v0x557bd010a300, 2455;
v0x557bd010a300_2456 .array/port v0x557bd010a300, 2456;
v0x557bd010a300_2457 .array/port v0x557bd010a300, 2457;
v0x557bd010a300_2458 .array/port v0x557bd010a300, 2458;
E_0x557bd010b960/614 .event anyedge, v0x557bd010a300_2455, v0x557bd010a300_2456, v0x557bd010a300_2457, v0x557bd010a300_2458;
v0x557bd010a300_2459 .array/port v0x557bd010a300, 2459;
v0x557bd010a300_2460 .array/port v0x557bd010a300, 2460;
v0x557bd010a300_2461 .array/port v0x557bd010a300, 2461;
v0x557bd010a300_2462 .array/port v0x557bd010a300, 2462;
E_0x557bd010b960/615 .event anyedge, v0x557bd010a300_2459, v0x557bd010a300_2460, v0x557bd010a300_2461, v0x557bd010a300_2462;
v0x557bd010a300_2463 .array/port v0x557bd010a300, 2463;
v0x557bd010a300_2464 .array/port v0x557bd010a300, 2464;
v0x557bd010a300_2465 .array/port v0x557bd010a300, 2465;
v0x557bd010a300_2466 .array/port v0x557bd010a300, 2466;
E_0x557bd010b960/616 .event anyedge, v0x557bd010a300_2463, v0x557bd010a300_2464, v0x557bd010a300_2465, v0x557bd010a300_2466;
v0x557bd010a300_2467 .array/port v0x557bd010a300, 2467;
v0x557bd010a300_2468 .array/port v0x557bd010a300, 2468;
v0x557bd010a300_2469 .array/port v0x557bd010a300, 2469;
v0x557bd010a300_2470 .array/port v0x557bd010a300, 2470;
E_0x557bd010b960/617 .event anyedge, v0x557bd010a300_2467, v0x557bd010a300_2468, v0x557bd010a300_2469, v0x557bd010a300_2470;
v0x557bd010a300_2471 .array/port v0x557bd010a300, 2471;
v0x557bd010a300_2472 .array/port v0x557bd010a300, 2472;
v0x557bd010a300_2473 .array/port v0x557bd010a300, 2473;
v0x557bd010a300_2474 .array/port v0x557bd010a300, 2474;
E_0x557bd010b960/618 .event anyedge, v0x557bd010a300_2471, v0x557bd010a300_2472, v0x557bd010a300_2473, v0x557bd010a300_2474;
v0x557bd010a300_2475 .array/port v0x557bd010a300, 2475;
v0x557bd010a300_2476 .array/port v0x557bd010a300, 2476;
v0x557bd010a300_2477 .array/port v0x557bd010a300, 2477;
v0x557bd010a300_2478 .array/port v0x557bd010a300, 2478;
E_0x557bd010b960/619 .event anyedge, v0x557bd010a300_2475, v0x557bd010a300_2476, v0x557bd010a300_2477, v0x557bd010a300_2478;
v0x557bd010a300_2479 .array/port v0x557bd010a300, 2479;
v0x557bd010a300_2480 .array/port v0x557bd010a300, 2480;
v0x557bd010a300_2481 .array/port v0x557bd010a300, 2481;
v0x557bd010a300_2482 .array/port v0x557bd010a300, 2482;
E_0x557bd010b960/620 .event anyedge, v0x557bd010a300_2479, v0x557bd010a300_2480, v0x557bd010a300_2481, v0x557bd010a300_2482;
v0x557bd010a300_2483 .array/port v0x557bd010a300, 2483;
v0x557bd010a300_2484 .array/port v0x557bd010a300, 2484;
v0x557bd010a300_2485 .array/port v0x557bd010a300, 2485;
v0x557bd010a300_2486 .array/port v0x557bd010a300, 2486;
E_0x557bd010b960/621 .event anyedge, v0x557bd010a300_2483, v0x557bd010a300_2484, v0x557bd010a300_2485, v0x557bd010a300_2486;
v0x557bd010a300_2487 .array/port v0x557bd010a300, 2487;
v0x557bd010a300_2488 .array/port v0x557bd010a300, 2488;
v0x557bd010a300_2489 .array/port v0x557bd010a300, 2489;
v0x557bd010a300_2490 .array/port v0x557bd010a300, 2490;
E_0x557bd010b960/622 .event anyedge, v0x557bd010a300_2487, v0x557bd010a300_2488, v0x557bd010a300_2489, v0x557bd010a300_2490;
v0x557bd010a300_2491 .array/port v0x557bd010a300, 2491;
v0x557bd010a300_2492 .array/port v0x557bd010a300, 2492;
v0x557bd010a300_2493 .array/port v0x557bd010a300, 2493;
v0x557bd010a300_2494 .array/port v0x557bd010a300, 2494;
E_0x557bd010b960/623 .event anyedge, v0x557bd010a300_2491, v0x557bd010a300_2492, v0x557bd010a300_2493, v0x557bd010a300_2494;
v0x557bd010a300_2495 .array/port v0x557bd010a300, 2495;
v0x557bd010a300_2496 .array/port v0x557bd010a300, 2496;
v0x557bd010a300_2497 .array/port v0x557bd010a300, 2497;
v0x557bd010a300_2498 .array/port v0x557bd010a300, 2498;
E_0x557bd010b960/624 .event anyedge, v0x557bd010a300_2495, v0x557bd010a300_2496, v0x557bd010a300_2497, v0x557bd010a300_2498;
v0x557bd010a300_2499 .array/port v0x557bd010a300, 2499;
v0x557bd010a300_2500 .array/port v0x557bd010a300, 2500;
v0x557bd010a300_2501 .array/port v0x557bd010a300, 2501;
v0x557bd010a300_2502 .array/port v0x557bd010a300, 2502;
E_0x557bd010b960/625 .event anyedge, v0x557bd010a300_2499, v0x557bd010a300_2500, v0x557bd010a300_2501, v0x557bd010a300_2502;
v0x557bd010a300_2503 .array/port v0x557bd010a300, 2503;
v0x557bd010a300_2504 .array/port v0x557bd010a300, 2504;
v0x557bd010a300_2505 .array/port v0x557bd010a300, 2505;
v0x557bd010a300_2506 .array/port v0x557bd010a300, 2506;
E_0x557bd010b960/626 .event anyedge, v0x557bd010a300_2503, v0x557bd010a300_2504, v0x557bd010a300_2505, v0x557bd010a300_2506;
v0x557bd010a300_2507 .array/port v0x557bd010a300, 2507;
v0x557bd010a300_2508 .array/port v0x557bd010a300, 2508;
v0x557bd010a300_2509 .array/port v0x557bd010a300, 2509;
v0x557bd010a300_2510 .array/port v0x557bd010a300, 2510;
E_0x557bd010b960/627 .event anyedge, v0x557bd010a300_2507, v0x557bd010a300_2508, v0x557bd010a300_2509, v0x557bd010a300_2510;
v0x557bd010a300_2511 .array/port v0x557bd010a300, 2511;
v0x557bd010a300_2512 .array/port v0x557bd010a300, 2512;
v0x557bd010a300_2513 .array/port v0x557bd010a300, 2513;
v0x557bd010a300_2514 .array/port v0x557bd010a300, 2514;
E_0x557bd010b960/628 .event anyedge, v0x557bd010a300_2511, v0x557bd010a300_2512, v0x557bd010a300_2513, v0x557bd010a300_2514;
v0x557bd010a300_2515 .array/port v0x557bd010a300, 2515;
v0x557bd010a300_2516 .array/port v0x557bd010a300, 2516;
v0x557bd010a300_2517 .array/port v0x557bd010a300, 2517;
v0x557bd010a300_2518 .array/port v0x557bd010a300, 2518;
E_0x557bd010b960/629 .event anyedge, v0x557bd010a300_2515, v0x557bd010a300_2516, v0x557bd010a300_2517, v0x557bd010a300_2518;
v0x557bd010a300_2519 .array/port v0x557bd010a300, 2519;
v0x557bd010a300_2520 .array/port v0x557bd010a300, 2520;
v0x557bd010a300_2521 .array/port v0x557bd010a300, 2521;
v0x557bd010a300_2522 .array/port v0x557bd010a300, 2522;
E_0x557bd010b960/630 .event anyedge, v0x557bd010a300_2519, v0x557bd010a300_2520, v0x557bd010a300_2521, v0x557bd010a300_2522;
v0x557bd010a300_2523 .array/port v0x557bd010a300, 2523;
v0x557bd010a300_2524 .array/port v0x557bd010a300, 2524;
v0x557bd010a300_2525 .array/port v0x557bd010a300, 2525;
v0x557bd010a300_2526 .array/port v0x557bd010a300, 2526;
E_0x557bd010b960/631 .event anyedge, v0x557bd010a300_2523, v0x557bd010a300_2524, v0x557bd010a300_2525, v0x557bd010a300_2526;
v0x557bd010a300_2527 .array/port v0x557bd010a300, 2527;
v0x557bd010a300_2528 .array/port v0x557bd010a300, 2528;
v0x557bd010a300_2529 .array/port v0x557bd010a300, 2529;
v0x557bd010a300_2530 .array/port v0x557bd010a300, 2530;
E_0x557bd010b960/632 .event anyedge, v0x557bd010a300_2527, v0x557bd010a300_2528, v0x557bd010a300_2529, v0x557bd010a300_2530;
v0x557bd010a300_2531 .array/port v0x557bd010a300, 2531;
v0x557bd010a300_2532 .array/port v0x557bd010a300, 2532;
v0x557bd010a300_2533 .array/port v0x557bd010a300, 2533;
v0x557bd010a300_2534 .array/port v0x557bd010a300, 2534;
E_0x557bd010b960/633 .event anyedge, v0x557bd010a300_2531, v0x557bd010a300_2532, v0x557bd010a300_2533, v0x557bd010a300_2534;
v0x557bd010a300_2535 .array/port v0x557bd010a300, 2535;
v0x557bd010a300_2536 .array/port v0x557bd010a300, 2536;
v0x557bd010a300_2537 .array/port v0x557bd010a300, 2537;
v0x557bd010a300_2538 .array/port v0x557bd010a300, 2538;
E_0x557bd010b960/634 .event anyedge, v0x557bd010a300_2535, v0x557bd010a300_2536, v0x557bd010a300_2537, v0x557bd010a300_2538;
v0x557bd010a300_2539 .array/port v0x557bd010a300, 2539;
v0x557bd010a300_2540 .array/port v0x557bd010a300, 2540;
v0x557bd010a300_2541 .array/port v0x557bd010a300, 2541;
v0x557bd010a300_2542 .array/port v0x557bd010a300, 2542;
E_0x557bd010b960/635 .event anyedge, v0x557bd010a300_2539, v0x557bd010a300_2540, v0x557bd010a300_2541, v0x557bd010a300_2542;
v0x557bd010a300_2543 .array/port v0x557bd010a300, 2543;
v0x557bd010a300_2544 .array/port v0x557bd010a300, 2544;
v0x557bd010a300_2545 .array/port v0x557bd010a300, 2545;
v0x557bd010a300_2546 .array/port v0x557bd010a300, 2546;
E_0x557bd010b960/636 .event anyedge, v0x557bd010a300_2543, v0x557bd010a300_2544, v0x557bd010a300_2545, v0x557bd010a300_2546;
v0x557bd010a300_2547 .array/port v0x557bd010a300, 2547;
v0x557bd010a300_2548 .array/port v0x557bd010a300, 2548;
v0x557bd010a300_2549 .array/port v0x557bd010a300, 2549;
v0x557bd010a300_2550 .array/port v0x557bd010a300, 2550;
E_0x557bd010b960/637 .event anyedge, v0x557bd010a300_2547, v0x557bd010a300_2548, v0x557bd010a300_2549, v0x557bd010a300_2550;
v0x557bd010a300_2551 .array/port v0x557bd010a300, 2551;
v0x557bd010a300_2552 .array/port v0x557bd010a300, 2552;
v0x557bd010a300_2553 .array/port v0x557bd010a300, 2553;
v0x557bd010a300_2554 .array/port v0x557bd010a300, 2554;
E_0x557bd010b960/638 .event anyedge, v0x557bd010a300_2551, v0x557bd010a300_2552, v0x557bd010a300_2553, v0x557bd010a300_2554;
v0x557bd010a300_2555 .array/port v0x557bd010a300, 2555;
v0x557bd010a300_2556 .array/port v0x557bd010a300, 2556;
v0x557bd010a300_2557 .array/port v0x557bd010a300, 2557;
v0x557bd010a300_2558 .array/port v0x557bd010a300, 2558;
E_0x557bd010b960/639 .event anyedge, v0x557bd010a300_2555, v0x557bd010a300_2556, v0x557bd010a300_2557, v0x557bd010a300_2558;
v0x557bd010a300_2559 .array/port v0x557bd010a300, 2559;
v0x557bd010a300_2560 .array/port v0x557bd010a300, 2560;
v0x557bd010a300_2561 .array/port v0x557bd010a300, 2561;
v0x557bd010a300_2562 .array/port v0x557bd010a300, 2562;
E_0x557bd010b960/640 .event anyedge, v0x557bd010a300_2559, v0x557bd010a300_2560, v0x557bd010a300_2561, v0x557bd010a300_2562;
v0x557bd010a300_2563 .array/port v0x557bd010a300, 2563;
v0x557bd010a300_2564 .array/port v0x557bd010a300, 2564;
v0x557bd010a300_2565 .array/port v0x557bd010a300, 2565;
v0x557bd010a300_2566 .array/port v0x557bd010a300, 2566;
E_0x557bd010b960/641 .event anyedge, v0x557bd010a300_2563, v0x557bd010a300_2564, v0x557bd010a300_2565, v0x557bd010a300_2566;
v0x557bd010a300_2567 .array/port v0x557bd010a300, 2567;
v0x557bd010a300_2568 .array/port v0x557bd010a300, 2568;
v0x557bd010a300_2569 .array/port v0x557bd010a300, 2569;
v0x557bd010a300_2570 .array/port v0x557bd010a300, 2570;
E_0x557bd010b960/642 .event anyedge, v0x557bd010a300_2567, v0x557bd010a300_2568, v0x557bd010a300_2569, v0x557bd010a300_2570;
v0x557bd010a300_2571 .array/port v0x557bd010a300, 2571;
v0x557bd010a300_2572 .array/port v0x557bd010a300, 2572;
v0x557bd010a300_2573 .array/port v0x557bd010a300, 2573;
v0x557bd010a300_2574 .array/port v0x557bd010a300, 2574;
E_0x557bd010b960/643 .event anyedge, v0x557bd010a300_2571, v0x557bd010a300_2572, v0x557bd010a300_2573, v0x557bd010a300_2574;
v0x557bd010a300_2575 .array/port v0x557bd010a300, 2575;
v0x557bd010a300_2576 .array/port v0x557bd010a300, 2576;
v0x557bd010a300_2577 .array/port v0x557bd010a300, 2577;
v0x557bd010a300_2578 .array/port v0x557bd010a300, 2578;
E_0x557bd010b960/644 .event anyedge, v0x557bd010a300_2575, v0x557bd010a300_2576, v0x557bd010a300_2577, v0x557bd010a300_2578;
v0x557bd010a300_2579 .array/port v0x557bd010a300, 2579;
v0x557bd010a300_2580 .array/port v0x557bd010a300, 2580;
v0x557bd010a300_2581 .array/port v0x557bd010a300, 2581;
v0x557bd010a300_2582 .array/port v0x557bd010a300, 2582;
E_0x557bd010b960/645 .event anyedge, v0x557bd010a300_2579, v0x557bd010a300_2580, v0x557bd010a300_2581, v0x557bd010a300_2582;
v0x557bd010a300_2583 .array/port v0x557bd010a300, 2583;
v0x557bd010a300_2584 .array/port v0x557bd010a300, 2584;
v0x557bd010a300_2585 .array/port v0x557bd010a300, 2585;
v0x557bd010a300_2586 .array/port v0x557bd010a300, 2586;
E_0x557bd010b960/646 .event anyedge, v0x557bd010a300_2583, v0x557bd010a300_2584, v0x557bd010a300_2585, v0x557bd010a300_2586;
v0x557bd010a300_2587 .array/port v0x557bd010a300, 2587;
v0x557bd010a300_2588 .array/port v0x557bd010a300, 2588;
v0x557bd010a300_2589 .array/port v0x557bd010a300, 2589;
v0x557bd010a300_2590 .array/port v0x557bd010a300, 2590;
E_0x557bd010b960/647 .event anyedge, v0x557bd010a300_2587, v0x557bd010a300_2588, v0x557bd010a300_2589, v0x557bd010a300_2590;
v0x557bd010a300_2591 .array/port v0x557bd010a300, 2591;
v0x557bd010a300_2592 .array/port v0x557bd010a300, 2592;
v0x557bd010a300_2593 .array/port v0x557bd010a300, 2593;
v0x557bd010a300_2594 .array/port v0x557bd010a300, 2594;
E_0x557bd010b960/648 .event anyedge, v0x557bd010a300_2591, v0x557bd010a300_2592, v0x557bd010a300_2593, v0x557bd010a300_2594;
v0x557bd010a300_2595 .array/port v0x557bd010a300, 2595;
v0x557bd010a300_2596 .array/port v0x557bd010a300, 2596;
v0x557bd010a300_2597 .array/port v0x557bd010a300, 2597;
v0x557bd010a300_2598 .array/port v0x557bd010a300, 2598;
E_0x557bd010b960/649 .event anyedge, v0x557bd010a300_2595, v0x557bd010a300_2596, v0x557bd010a300_2597, v0x557bd010a300_2598;
v0x557bd010a300_2599 .array/port v0x557bd010a300, 2599;
v0x557bd010a300_2600 .array/port v0x557bd010a300, 2600;
v0x557bd010a300_2601 .array/port v0x557bd010a300, 2601;
v0x557bd010a300_2602 .array/port v0x557bd010a300, 2602;
E_0x557bd010b960/650 .event anyedge, v0x557bd010a300_2599, v0x557bd010a300_2600, v0x557bd010a300_2601, v0x557bd010a300_2602;
v0x557bd010a300_2603 .array/port v0x557bd010a300, 2603;
v0x557bd010a300_2604 .array/port v0x557bd010a300, 2604;
v0x557bd010a300_2605 .array/port v0x557bd010a300, 2605;
v0x557bd010a300_2606 .array/port v0x557bd010a300, 2606;
E_0x557bd010b960/651 .event anyedge, v0x557bd010a300_2603, v0x557bd010a300_2604, v0x557bd010a300_2605, v0x557bd010a300_2606;
v0x557bd010a300_2607 .array/port v0x557bd010a300, 2607;
v0x557bd010a300_2608 .array/port v0x557bd010a300, 2608;
v0x557bd010a300_2609 .array/port v0x557bd010a300, 2609;
v0x557bd010a300_2610 .array/port v0x557bd010a300, 2610;
E_0x557bd010b960/652 .event anyedge, v0x557bd010a300_2607, v0x557bd010a300_2608, v0x557bd010a300_2609, v0x557bd010a300_2610;
v0x557bd010a300_2611 .array/port v0x557bd010a300, 2611;
v0x557bd010a300_2612 .array/port v0x557bd010a300, 2612;
v0x557bd010a300_2613 .array/port v0x557bd010a300, 2613;
v0x557bd010a300_2614 .array/port v0x557bd010a300, 2614;
E_0x557bd010b960/653 .event anyedge, v0x557bd010a300_2611, v0x557bd010a300_2612, v0x557bd010a300_2613, v0x557bd010a300_2614;
v0x557bd010a300_2615 .array/port v0x557bd010a300, 2615;
v0x557bd010a300_2616 .array/port v0x557bd010a300, 2616;
v0x557bd010a300_2617 .array/port v0x557bd010a300, 2617;
v0x557bd010a300_2618 .array/port v0x557bd010a300, 2618;
E_0x557bd010b960/654 .event anyedge, v0x557bd010a300_2615, v0x557bd010a300_2616, v0x557bd010a300_2617, v0x557bd010a300_2618;
v0x557bd010a300_2619 .array/port v0x557bd010a300, 2619;
v0x557bd010a300_2620 .array/port v0x557bd010a300, 2620;
v0x557bd010a300_2621 .array/port v0x557bd010a300, 2621;
v0x557bd010a300_2622 .array/port v0x557bd010a300, 2622;
E_0x557bd010b960/655 .event anyedge, v0x557bd010a300_2619, v0x557bd010a300_2620, v0x557bd010a300_2621, v0x557bd010a300_2622;
v0x557bd010a300_2623 .array/port v0x557bd010a300, 2623;
v0x557bd010a300_2624 .array/port v0x557bd010a300, 2624;
v0x557bd010a300_2625 .array/port v0x557bd010a300, 2625;
v0x557bd010a300_2626 .array/port v0x557bd010a300, 2626;
E_0x557bd010b960/656 .event anyedge, v0x557bd010a300_2623, v0x557bd010a300_2624, v0x557bd010a300_2625, v0x557bd010a300_2626;
v0x557bd010a300_2627 .array/port v0x557bd010a300, 2627;
v0x557bd010a300_2628 .array/port v0x557bd010a300, 2628;
v0x557bd010a300_2629 .array/port v0x557bd010a300, 2629;
v0x557bd010a300_2630 .array/port v0x557bd010a300, 2630;
E_0x557bd010b960/657 .event anyedge, v0x557bd010a300_2627, v0x557bd010a300_2628, v0x557bd010a300_2629, v0x557bd010a300_2630;
v0x557bd010a300_2631 .array/port v0x557bd010a300, 2631;
v0x557bd010a300_2632 .array/port v0x557bd010a300, 2632;
v0x557bd010a300_2633 .array/port v0x557bd010a300, 2633;
v0x557bd010a300_2634 .array/port v0x557bd010a300, 2634;
E_0x557bd010b960/658 .event anyedge, v0x557bd010a300_2631, v0x557bd010a300_2632, v0x557bd010a300_2633, v0x557bd010a300_2634;
v0x557bd010a300_2635 .array/port v0x557bd010a300, 2635;
v0x557bd010a300_2636 .array/port v0x557bd010a300, 2636;
v0x557bd010a300_2637 .array/port v0x557bd010a300, 2637;
v0x557bd010a300_2638 .array/port v0x557bd010a300, 2638;
E_0x557bd010b960/659 .event anyedge, v0x557bd010a300_2635, v0x557bd010a300_2636, v0x557bd010a300_2637, v0x557bd010a300_2638;
v0x557bd010a300_2639 .array/port v0x557bd010a300, 2639;
v0x557bd010a300_2640 .array/port v0x557bd010a300, 2640;
v0x557bd010a300_2641 .array/port v0x557bd010a300, 2641;
v0x557bd010a300_2642 .array/port v0x557bd010a300, 2642;
E_0x557bd010b960/660 .event anyedge, v0x557bd010a300_2639, v0x557bd010a300_2640, v0x557bd010a300_2641, v0x557bd010a300_2642;
v0x557bd010a300_2643 .array/port v0x557bd010a300, 2643;
v0x557bd010a300_2644 .array/port v0x557bd010a300, 2644;
v0x557bd010a300_2645 .array/port v0x557bd010a300, 2645;
v0x557bd010a300_2646 .array/port v0x557bd010a300, 2646;
E_0x557bd010b960/661 .event anyedge, v0x557bd010a300_2643, v0x557bd010a300_2644, v0x557bd010a300_2645, v0x557bd010a300_2646;
v0x557bd010a300_2647 .array/port v0x557bd010a300, 2647;
v0x557bd010a300_2648 .array/port v0x557bd010a300, 2648;
v0x557bd010a300_2649 .array/port v0x557bd010a300, 2649;
v0x557bd010a300_2650 .array/port v0x557bd010a300, 2650;
E_0x557bd010b960/662 .event anyedge, v0x557bd010a300_2647, v0x557bd010a300_2648, v0x557bd010a300_2649, v0x557bd010a300_2650;
v0x557bd010a300_2651 .array/port v0x557bd010a300, 2651;
v0x557bd010a300_2652 .array/port v0x557bd010a300, 2652;
v0x557bd010a300_2653 .array/port v0x557bd010a300, 2653;
v0x557bd010a300_2654 .array/port v0x557bd010a300, 2654;
E_0x557bd010b960/663 .event anyedge, v0x557bd010a300_2651, v0x557bd010a300_2652, v0x557bd010a300_2653, v0x557bd010a300_2654;
v0x557bd010a300_2655 .array/port v0x557bd010a300, 2655;
v0x557bd010a300_2656 .array/port v0x557bd010a300, 2656;
v0x557bd010a300_2657 .array/port v0x557bd010a300, 2657;
v0x557bd010a300_2658 .array/port v0x557bd010a300, 2658;
E_0x557bd010b960/664 .event anyedge, v0x557bd010a300_2655, v0x557bd010a300_2656, v0x557bd010a300_2657, v0x557bd010a300_2658;
v0x557bd010a300_2659 .array/port v0x557bd010a300, 2659;
v0x557bd010a300_2660 .array/port v0x557bd010a300, 2660;
v0x557bd010a300_2661 .array/port v0x557bd010a300, 2661;
v0x557bd010a300_2662 .array/port v0x557bd010a300, 2662;
E_0x557bd010b960/665 .event anyedge, v0x557bd010a300_2659, v0x557bd010a300_2660, v0x557bd010a300_2661, v0x557bd010a300_2662;
v0x557bd010a300_2663 .array/port v0x557bd010a300, 2663;
v0x557bd010a300_2664 .array/port v0x557bd010a300, 2664;
v0x557bd010a300_2665 .array/port v0x557bd010a300, 2665;
v0x557bd010a300_2666 .array/port v0x557bd010a300, 2666;
E_0x557bd010b960/666 .event anyedge, v0x557bd010a300_2663, v0x557bd010a300_2664, v0x557bd010a300_2665, v0x557bd010a300_2666;
v0x557bd010a300_2667 .array/port v0x557bd010a300, 2667;
v0x557bd010a300_2668 .array/port v0x557bd010a300, 2668;
v0x557bd010a300_2669 .array/port v0x557bd010a300, 2669;
v0x557bd010a300_2670 .array/port v0x557bd010a300, 2670;
E_0x557bd010b960/667 .event anyedge, v0x557bd010a300_2667, v0x557bd010a300_2668, v0x557bd010a300_2669, v0x557bd010a300_2670;
v0x557bd010a300_2671 .array/port v0x557bd010a300, 2671;
v0x557bd010a300_2672 .array/port v0x557bd010a300, 2672;
v0x557bd010a300_2673 .array/port v0x557bd010a300, 2673;
v0x557bd010a300_2674 .array/port v0x557bd010a300, 2674;
E_0x557bd010b960/668 .event anyedge, v0x557bd010a300_2671, v0x557bd010a300_2672, v0x557bd010a300_2673, v0x557bd010a300_2674;
v0x557bd010a300_2675 .array/port v0x557bd010a300, 2675;
v0x557bd010a300_2676 .array/port v0x557bd010a300, 2676;
v0x557bd010a300_2677 .array/port v0x557bd010a300, 2677;
v0x557bd010a300_2678 .array/port v0x557bd010a300, 2678;
E_0x557bd010b960/669 .event anyedge, v0x557bd010a300_2675, v0x557bd010a300_2676, v0x557bd010a300_2677, v0x557bd010a300_2678;
v0x557bd010a300_2679 .array/port v0x557bd010a300, 2679;
v0x557bd010a300_2680 .array/port v0x557bd010a300, 2680;
v0x557bd010a300_2681 .array/port v0x557bd010a300, 2681;
v0x557bd010a300_2682 .array/port v0x557bd010a300, 2682;
E_0x557bd010b960/670 .event anyedge, v0x557bd010a300_2679, v0x557bd010a300_2680, v0x557bd010a300_2681, v0x557bd010a300_2682;
v0x557bd010a300_2683 .array/port v0x557bd010a300, 2683;
v0x557bd010a300_2684 .array/port v0x557bd010a300, 2684;
v0x557bd010a300_2685 .array/port v0x557bd010a300, 2685;
v0x557bd010a300_2686 .array/port v0x557bd010a300, 2686;
E_0x557bd010b960/671 .event anyedge, v0x557bd010a300_2683, v0x557bd010a300_2684, v0x557bd010a300_2685, v0x557bd010a300_2686;
v0x557bd010a300_2687 .array/port v0x557bd010a300, 2687;
v0x557bd010a300_2688 .array/port v0x557bd010a300, 2688;
v0x557bd010a300_2689 .array/port v0x557bd010a300, 2689;
v0x557bd010a300_2690 .array/port v0x557bd010a300, 2690;
E_0x557bd010b960/672 .event anyedge, v0x557bd010a300_2687, v0x557bd010a300_2688, v0x557bd010a300_2689, v0x557bd010a300_2690;
v0x557bd010a300_2691 .array/port v0x557bd010a300, 2691;
v0x557bd010a300_2692 .array/port v0x557bd010a300, 2692;
v0x557bd010a300_2693 .array/port v0x557bd010a300, 2693;
v0x557bd010a300_2694 .array/port v0x557bd010a300, 2694;
E_0x557bd010b960/673 .event anyedge, v0x557bd010a300_2691, v0x557bd010a300_2692, v0x557bd010a300_2693, v0x557bd010a300_2694;
v0x557bd010a300_2695 .array/port v0x557bd010a300, 2695;
v0x557bd010a300_2696 .array/port v0x557bd010a300, 2696;
v0x557bd010a300_2697 .array/port v0x557bd010a300, 2697;
v0x557bd010a300_2698 .array/port v0x557bd010a300, 2698;
E_0x557bd010b960/674 .event anyedge, v0x557bd010a300_2695, v0x557bd010a300_2696, v0x557bd010a300_2697, v0x557bd010a300_2698;
v0x557bd010a300_2699 .array/port v0x557bd010a300, 2699;
v0x557bd010a300_2700 .array/port v0x557bd010a300, 2700;
v0x557bd010a300_2701 .array/port v0x557bd010a300, 2701;
v0x557bd010a300_2702 .array/port v0x557bd010a300, 2702;
E_0x557bd010b960/675 .event anyedge, v0x557bd010a300_2699, v0x557bd010a300_2700, v0x557bd010a300_2701, v0x557bd010a300_2702;
v0x557bd010a300_2703 .array/port v0x557bd010a300, 2703;
v0x557bd010a300_2704 .array/port v0x557bd010a300, 2704;
v0x557bd010a300_2705 .array/port v0x557bd010a300, 2705;
v0x557bd010a300_2706 .array/port v0x557bd010a300, 2706;
E_0x557bd010b960/676 .event anyedge, v0x557bd010a300_2703, v0x557bd010a300_2704, v0x557bd010a300_2705, v0x557bd010a300_2706;
v0x557bd010a300_2707 .array/port v0x557bd010a300, 2707;
v0x557bd010a300_2708 .array/port v0x557bd010a300, 2708;
v0x557bd010a300_2709 .array/port v0x557bd010a300, 2709;
v0x557bd010a300_2710 .array/port v0x557bd010a300, 2710;
E_0x557bd010b960/677 .event anyedge, v0x557bd010a300_2707, v0x557bd010a300_2708, v0x557bd010a300_2709, v0x557bd010a300_2710;
v0x557bd010a300_2711 .array/port v0x557bd010a300, 2711;
v0x557bd010a300_2712 .array/port v0x557bd010a300, 2712;
v0x557bd010a300_2713 .array/port v0x557bd010a300, 2713;
v0x557bd010a300_2714 .array/port v0x557bd010a300, 2714;
E_0x557bd010b960/678 .event anyedge, v0x557bd010a300_2711, v0x557bd010a300_2712, v0x557bd010a300_2713, v0x557bd010a300_2714;
v0x557bd010a300_2715 .array/port v0x557bd010a300, 2715;
v0x557bd010a300_2716 .array/port v0x557bd010a300, 2716;
v0x557bd010a300_2717 .array/port v0x557bd010a300, 2717;
v0x557bd010a300_2718 .array/port v0x557bd010a300, 2718;
E_0x557bd010b960/679 .event anyedge, v0x557bd010a300_2715, v0x557bd010a300_2716, v0x557bd010a300_2717, v0x557bd010a300_2718;
v0x557bd010a300_2719 .array/port v0x557bd010a300, 2719;
v0x557bd010a300_2720 .array/port v0x557bd010a300, 2720;
v0x557bd010a300_2721 .array/port v0x557bd010a300, 2721;
v0x557bd010a300_2722 .array/port v0x557bd010a300, 2722;
E_0x557bd010b960/680 .event anyedge, v0x557bd010a300_2719, v0x557bd010a300_2720, v0x557bd010a300_2721, v0x557bd010a300_2722;
v0x557bd010a300_2723 .array/port v0x557bd010a300, 2723;
v0x557bd010a300_2724 .array/port v0x557bd010a300, 2724;
v0x557bd010a300_2725 .array/port v0x557bd010a300, 2725;
v0x557bd010a300_2726 .array/port v0x557bd010a300, 2726;
E_0x557bd010b960/681 .event anyedge, v0x557bd010a300_2723, v0x557bd010a300_2724, v0x557bd010a300_2725, v0x557bd010a300_2726;
v0x557bd010a300_2727 .array/port v0x557bd010a300, 2727;
v0x557bd010a300_2728 .array/port v0x557bd010a300, 2728;
v0x557bd010a300_2729 .array/port v0x557bd010a300, 2729;
v0x557bd010a300_2730 .array/port v0x557bd010a300, 2730;
E_0x557bd010b960/682 .event anyedge, v0x557bd010a300_2727, v0x557bd010a300_2728, v0x557bd010a300_2729, v0x557bd010a300_2730;
v0x557bd010a300_2731 .array/port v0x557bd010a300, 2731;
v0x557bd010a300_2732 .array/port v0x557bd010a300, 2732;
v0x557bd010a300_2733 .array/port v0x557bd010a300, 2733;
v0x557bd010a300_2734 .array/port v0x557bd010a300, 2734;
E_0x557bd010b960/683 .event anyedge, v0x557bd010a300_2731, v0x557bd010a300_2732, v0x557bd010a300_2733, v0x557bd010a300_2734;
v0x557bd010a300_2735 .array/port v0x557bd010a300, 2735;
v0x557bd010a300_2736 .array/port v0x557bd010a300, 2736;
v0x557bd010a300_2737 .array/port v0x557bd010a300, 2737;
v0x557bd010a300_2738 .array/port v0x557bd010a300, 2738;
E_0x557bd010b960/684 .event anyedge, v0x557bd010a300_2735, v0x557bd010a300_2736, v0x557bd010a300_2737, v0x557bd010a300_2738;
v0x557bd010a300_2739 .array/port v0x557bd010a300, 2739;
v0x557bd010a300_2740 .array/port v0x557bd010a300, 2740;
v0x557bd010a300_2741 .array/port v0x557bd010a300, 2741;
v0x557bd010a300_2742 .array/port v0x557bd010a300, 2742;
E_0x557bd010b960/685 .event anyedge, v0x557bd010a300_2739, v0x557bd010a300_2740, v0x557bd010a300_2741, v0x557bd010a300_2742;
v0x557bd010a300_2743 .array/port v0x557bd010a300, 2743;
v0x557bd010a300_2744 .array/port v0x557bd010a300, 2744;
v0x557bd010a300_2745 .array/port v0x557bd010a300, 2745;
v0x557bd010a300_2746 .array/port v0x557bd010a300, 2746;
E_0x557bd010b960/686 .event anyedge, v0x557bd010a300_2743, v0x557bd010a300_2744, v0x557bd010a300_2745, v0x557bd010a300_2746;
v0x557bd010a300_2747 .array/port v0x557bd010a300, 2747;
v0x557bd010a300_2748 .array/port v0x557bd010a300, 2748;
v0x557bd010a300_2749 .array/port v0x557bd010a300, 2749;
v0x557bd010a300_2750 .array/port v0x557bd010a300, 2750;
E_0x557bd010b960/687 .event anyedge, v0x557bd010a300_2747, v0x557bd010a300_2748, v0x557bd010a300_2749, v0x557bd010a300_2750;
v0x557bd010a300_2751 .array/port v0x557bd010a300, 2751;
v0x557bd010a300_2752 .array/port v0x557bd010a300, 2752;
v0x557bd010a300_2753 .array/port v0x557bd010a300, 2753;
v0x557bd010a300_2754 .array/port v0x557bd010a300, 2754;
E_0x557bd010b960/688 .event anyedge, v0x557bd010a300_2751, v0x557bd010a300_2752, v0x557bd010a300_2753, v0x557bd010a300_2754;
v0x557bd010a300_2755 .array/port v0x557bd010a300, 2755;
v0x557bd010a300_2756 .array/port v0x557bd010a300, 2756;
v0x557bd010a300_2757 .array/port v0x557bd010a300, 2757;
v0x557bd010a300_2758 .array/port v0x557bd010a300, 2758;
E_0x557bd010b960/689 .event anyedge, v0x557bd010a300_2755, v0x557bd010a300_2756, v0x557bd010a300_2757, v0x557bd010a300_2758;
v0x557bd010a300_2759 .array/port v0x557bd010a300, 2759;
v0x557bd010a300_2760 .array/port v0x557bd010a300, 2760;
v0x557bd010a300_2761 .array/port v0x557bd010a300, 2761;
v0x557bd010a300_2762 .array/port v0x557bd010a300, 2762;
E_0x557bd010b960/690 .event anyedge, v0x557bd010a300_2759, v0x557bd010a300_2760, v0x557bd010a300_2761, v0x557bd010a300_2762;
v0x557bd010a300_2763 .array/port v0x557bd010a300, 2763;
v0x557bd010a300_2764 .array/port v0x557bd010a300, 2764;
v0x557bd010a300_2765 .array/port v0x557bd010a300, 2765;
v0x557bd010a300_2766 .array/port v0x557bd010a300, 2766;
E_0x557bd010b960/691 .event anyedge, v0x557bd010a300_2763, v0x557bd010a300_2764, v0x557bd010a300_2765, v0x557bd010a300_2766;
v0x557bd010a300_2767 .array/port v0x557bd010a300, 2767;
v0x557bd010a300_2768 .array/port v0x557bd010a300, 2768;
v0x557bd010a300_2769 .array/port v0x557bd010a300, 2769;
v0x557bd010a300_2770 .array/port v0x557bd010a300, 2770;
E_0x557bd010b960/692 .event anyedge, v0x557bd010a300_2767, v0x557bd010a300_2768, v0x557bd010a300_2769, v0x557bd010a300_2770;
v0x557bd010a300_2771 .array/port v0x557bd010a300, 2771;
v0x557bd010a300_2772 .array/port v0x557bd010a300, 2772;
v0x557bd010a300_2773 .array/port v0x557bd010a300, 2773;
v0x557bd010a300_2774 .array/port v0x557bd010a300, 2774;
E_0x557bd010b960/693 .event anyedge, v0x557bd010a300_2771, v0x557bd010a300_2772, v0x557bd010a300_2773, v0x557bd010a300_2774;
v0x557bd010a300_2775 .array/port v0x557bd010a300, 2775;
v0x557bd010a300_2776 .array/port v0x557bd010a300, 2776;
v0x557bd010a300_2777 .array/port v0x557bd010a300, 2777;
v0x557bd010a300_2778 .array/port v0x557bd010a300, 2778;
E_0x557bd010b960/694 .event anyedge, v0x557bd010a300_2775, v0x557bd010a300_2776, v0x557bd010a300_2777, v0x557bd010a300_2778;
v0x557bd010a300_2779 .array/port v0x557bd010a300, 2779;
v0x557bd010a300_2780 .array/port v0x557bd010a300, 2780;
v0x557bd010a300_2781 .array/port v0x557bd010a300, 2781;
v0x557bd010a300_2782 .array/port v0x557bd010a300, 2782;
E_0x557bd010b960/695 .event anyedge, v0x557bd010a300_2779, v0x557bd010a300_2780, v0x557bd010a300_2781, v0x557bd010a300_2782;
v0x557bd010a300_2783 .array/port v0x557bd010a300, 2783;
v0x557bd010a300_2784 .array/port v0x557bd010a300, 2784;
v0x557bd010a300_2785 .array/port v0x557bd010a300, 2785;
v0x557bd010a300_2786 .array/port v0x557bd010a300, 2786;
E_0x557bd010b960/696 .event anyedge, v0x557bd010a300_2783, v0x557bd010a300_2784, v0x557bd010a300_2785, v0x557bd010a300_2786;
v0x557bd010a300_2787 .array/port v0x557bd010a300, 2787;
v0x557bd010a300_2788 .array/port v0x557bd010a300, 2788;
v0x557bd010a300_2789 .array/port v0x557bd010a300, 2789;
v0x557bd010a300_2790 .array/port v0x557bd010a300, 2790;
E_0x557bd010b960/697 .event anyedge, v0x557bd010a300_2787, v0x557bd010a300_2788, v0x557bd010a300_2789, v0x557bd010a300_2790;
v0x557bd010a300_2791 .array/port v0x557bd010a300, 2791;
v0x557bd010a300_2792 .array/port v0x557bd010a300, 2792;
v0x557bd010a300_2793 .array/port v0x557bd010a300, 2793;
v0x557bd010a300_2794 .array/port v0x557bd010a300, 2794;
E_0x557bd010b960/698 .event anyedge, v0x557bd010a300_2791, v0x557bd010a300_2792, v0x557bd010a300_2793, v0x557bd010a300_2794;
v0x557bd010a300_2795 .array/port v0x557bd010a300, 2795;
v0x557bd010a300_2796 .array/port v0x557bd010a300, 2796;
v0x557bd010a300_2797 .array/port v0x557bd010a300, 2797;
v0x557bd010a300_2798 .array/port v0x557bd010a300, 2798;
E_0x557bd010b960/699 .event anyedge, v0x557bd010a300_2795, v0x557bd010a300_2796, v0x557bd010a300_2797, v0x557bd010a300_2798;
v0x557bd010a300_2799 .array/port v0x557bd010a300, 2799;
v0x557bd010a300_2800 .array/port v0x557bd010a300, 2800;
v0x557bd010a300_2801 .array/port v0x557bd010a300, 2801;
v0x557bd010a300_2802 .array/port v0x557bd010a300, 2802;
E_0x557bd010b960/700 .event anyedge, v0x557bd010a300_2799, v0x557bd010a300_2800, v0x557bd010a300_2801, v0x557bd010a300_2802;
v0x557bd010a300_2803 .array/port v0x557bd010a300, 2803;
v0x557bd010a300_2804 .array/port v0x557bd010a300, 2804;
v0x557bd010a300_2805 .array/port v0x557bd010a300, 2805;
v0x557bd010a300_2806 .array/port v0x557bd010a300, 2806;
E_0x557bd010b960/701 .event anyedge, v0x557bd010a300_2803, v0x557bd010a300_2804, v0x557bd010a300_2805, v0x557bd010a300_2806;
v0x557bd010a300_2807 .array/port v0x557bd010a300, 2807;
v0x557bd010a300_2808 .array/port v0x557bd010a300, 2808;
v0x557bd010a300_2809 .array/port v0x557bd010a300, 2809;
v0x557bd010a300_2810 .array/port v0x557bd010a300, 2810;
E_0x557bd010b960/702 .event anyedge, v0x557bd010a300_2807, v0x557bd010a300_2808, v0x557bd010a300_2809, v0x557bd010a300_2810;
v0x557bd010a300_2811 .array/port v0x557bd010a300, 2811;
v0x557bd010a300_2812 .array/port v0x557bd010a300, 2812;
v0x557bd010a300_2813 .array/port v0x557bd010a300, 2813;
v0x557bd010a300_2814 .array/port v0x557bd010a300, 2814;
E_0x557bd010b960/703 .event anyedge, v0x557bd010a300_2811, v0x557bd010a300_2812, v0x557bd010a300_2813, v0x557bd010a300_2814;
v0x557bd010a300_2815 .array/port v0x557bd010a300, 2815;
v0x557bd010a300_2816 .array/port v0x557bd010a300, 2816;
v0x557bd010a300_2817 .array/port v0x557bd010a300, 2817;
v0x557bd010a300_2818 .array/port v0x557bd010a300, 2818;
E_0x557bd010b960/704 .event anyedge, v0x557bd010a300_2815, v0x557bd010a300_2816, v0x557bd010a300_2817, v0x557bd010a300_2818;
v0x557bd010a300_2819 .array/port v0x557bd010a300, 2819;
v0x557bd010a300_2820 .array/port v0x557bd010a300, 2820;
v0x557bd010a300_2821 .array/port v0x557bd010a300, 2821;
v0x557bd010a300_2822 .array/port v0x557bd010a300, 2822;
E_0x557bd010b960/705 .event anyedge, v0x557bd010a300_2819, v0x557bd010a300_2820, v0x557bd010a300_2821, v0x557bd010a300_2822;
v0x557bd010a300_2823 .array/port v0x557bd010a300, 2823;
v0x557bd010a300_2824 .array/port v0x557bd010a300, 2824;
v0x557bd010a300_2825 .array/port v0x557bd010a300, 2825;
v0x557bd010a300_2826 .array/port v0x557bd010a300, 2826;
E_0x557bd010b960/706 .event anyedge, v0x557bd010a300_2823, v0x557bd010a300_2824, v0x557bd010a300_2825, v0x557bd010a300_2826;
v0x557bd010a300_2827 .array/port v0x557bd010a300, 2827;
v0x557bd010a300_2828 .array/port v0x557bd010a300, 2828;
v0x557bd010a300_2829 .array/port v0x557bd010a300, 2829;
v0x557bd010a300_2830 .array/port v0x557bd010a300, 2830;
E_0x557bd010b960/707 .event anyedge, v0x557bd010a300_2827, v0x557bd010a300_2828, v0x557bd010a300_2829, v0x557bd010a300_2830;
v0x557bd010a300_2831 .array/port v0x557bd010a300, 2831;
v0x557bd010a300_2832 .array/port v0x557bd010a300, 2832;
v0x557bd010a300_2833 .array/port v0x557bd010a300, 2833;
v0x557bd010a300_2834 .array/port v0x557bd010a300, 2834;
E_0x557bd010b960/708 .event anyedge, v0x557bd010a300_2831, v0x557bd010a300_2832, v0x557bd010a300_2833, v0x557bd010a300_2834;
v0x557bd010a300_2835 .array/port v0x557bd010a300, 2835;
v0x557bd010a300_2836 .array/port v0x557bd010a300, 2836;
v0x557bd010a300_2837 .array/port v0x557bd010a300, 2837;
v0x557bd010a300_2838 .array/port v0x557bd010a300, 2838;
E_0x557bd010b960/709 .event anyedge, v0x557bd010a300_2835, v0x557bd010a300_2836, v0x557bd010a300_2837, v0x557bd010a300_2838;
v0x557bd010a300_2839 .array/port v0x557bd010a300, 2839;
v0x557bd010a300_2840 .array/port v0x557bd010a300, 2840;
v0x557bd010a300_2841 .array/port v0x557bd010a300, 2841;
v0x557bd010a300_2842 .array/port v0x557bd010a300, 2842;
E_0x557bd010b960/710 .event anyedge, v0x557bd010a300_2839, v0x557bd010a300_2840, v0x557bd010a300_2841, v0x557bd010a300_2842;
v0x557bd010a300_2843 .array/port v0x557bd010a300, 2843;
v0x557bd010a300_2844 .array/port v0x557bd010a300, 2844;
v0x557bd010a300_2845 .array/port v0x557bd010a300, 2845;
v0x557bd010a300_2846 .array/port v0x557bd010a300, 2846;
E_0x557bd010b960/711 .event anyedge, v0x557bd010a300_2843, v0x557bd010a300_2844, v0x557bd010a300_2845, v0x557bd010a300_2846;
v0x557bd010a300_2847 .array/port v0x557bd010a300, 2847;
v0x557bd010a300_2848 .array/port v0x557bd010a300, 2848;
v0x557bd010a300_2849 .array/port v0x557bd010a300, 2849;
v0x557bd010a300_2850 .array/port v0x557bd010a300, 2850;
E_0x557bd010b960/712 .event anyedge, v0x557bd010a300_2847, v0x557bd010a300_2848, v0x557bd010a300_2849, v0x557bd010a300_2850;
v0x557bd010a300_2851 .array/port v0x557bd010a300, 2851;
v0x557bd010a300_2852 .array/port v0x557bd010a300, 2852;
v0x557bd010a300_2853 .array/port v0x557bd010a300, 2853;
v0x557bd010a300_2854 .array/port v0x557bd010a300, 2854;
E_0x557bd010b960/713 .event anyedge, v0x557bd010a300_2851, v0x557bd010a300_2852, v0x557bd010a300_2853, v0x557bd010a300_2854;
v0x557bd010a300_2855 .array/port v0x557bd010a300, 2855;
v0x557bd010a300_2856 .array/port v0x557bd010a300, 2856;
v0x557bd010a300_2857 .array/port v0x557bd010a300, 2857;
v0x557bd010a300_2858 .array/port v0x557bd010a300, 2858;
E_0x557bd010b960/714 .event anyedge, v0x557bd010a300_2855, v0x557bd010a300_2856, v0x557bd010a300_2857, v0x557bd010a300_2858;
v0x557bd010a300_2859 .array/port v0x557bd010a300, 2859;
v0x557bd010a300_2860 .array/port v0x557bd010a300, 2860;
v0x557bd010a300_2861 .array/port v0x557bd010a300, 2861;
v0x557bd010a300_2862 .array/port v0x557bd010a300, 2862;
E_0x557bd010b960/715 .event anyedge, v0x557bd010a300_2859, v0x557bd010a300_2860, v0x557bd010a300_2861, v0x557bd010a300_2862;
v0x557bd010a300_2863 .array/port v0x557bd010a300, 2863;
v0x557bd010a300_2864 .array/port v0x557bd010a300, 2864;
v0x557bd010a300_2865 .array/port v0x557bd010a300, 2865;
v0x557bd010a300_2866 .array/port v0x557bd010a300, 2866;
E_0x557bd010b960/716 .event anyedge, v0x557bd010a300_2863, v0x557bd010a300_2864, v0x557bd010a300_2865, v0x557bd010a300_2866;
v0x557bd010a300_2867 .array/port v0x557bd010a300, 2867;
v0x557bd010a300_2868 .array/port v0x557bd010a300, 2868;
v0x557bd010a300_2869 .array/port v0x557bd010a300, 2869;
v0x557bd010a300_2870 .array/port v0x557bd010a300, 2870;
E_0x557bd010b960/717 .event anyedge, v0x557bd010a300_2867, v0x557bd010a300_2868, v0x557bd010a300_2869, v0x557bd010a300_2870;
v0x557bd010a300_2871 .array/port v0x557bd010a300, 2871;
v0x557bd010a300_2872 .array/port v0x557bd010a300, 2872;
v0x557bd010a300_2873 .array/port v0x557bd010a300, 2873;
v0x557bd010a300_2874 .array/port v0x557bd010a300, 2874;
E_0x557bd010b960/718 .event anyedge, v0x557bd010a300_2871, v0x557bd010a300_2872, v0x557bd010a300_2873, v0x557bd010a300_2874;
v0x557bd010a300_2875 .array/port v0x557bd010a300, 2875;
v0x557bd010a300_2876 .array/port v0x557bd010a300, 2876;
v0x557bd010a300_2877 .array/port v0x557bd010a300, 2877;
v0x557bd010a300_2878 .array/port v0x557bd010a300, 2878;
E_0x557bd010b960/719 .event anyedge, v0x557bd010a300_2875, v0x557bd010a300_2876, v0x557bd010a300_2877, v0x557bd010a300_2878;
v0x557bd010a300_2879 .array/port v0x557bd010a300, 2879;
v0x557bd010a300_2880 .array/port v0x557bd010a300, 2880;
v0x557bd010a300_2881 .array/port v0x557bd010a300, 2881;
v0x557bd010a300_2882 .array/port v0x557bd010a300, 2882;
E_0x557bd010b960/720 .event anyedge, v0x557bd010a300_2879, v0x557bd010a300_2880, v0x557bd010a300_2881, v0x557bd010a300_2882;
v0x557bd010a300_2883 .array/port v0x557bd010a300, 2883;
v0x557bd010a300_2884 .array/port v0x557bd010a300, 2884;
v0x557bd010a300_2885 .array/port v0x557bd010a300, 2885;
v0x557bd010a300_2886 .array/port v0x557bd010a300, 2886;
E_0x557bd010b960/721 .event anyedge, v0x557bd010a300_2883, v0x557bd010a300_2884, v0x557bd010a300_2885, v0x557bd010a300_2886;
v0x557bd010a300_2887 .array/port v0x557bd010a300, 2887;
v0x557bd010a300_2888 .array/port v0x557bd010a300, 2888;
v0x557bd010a300_2889 .array/port v0x557bd010a300, 2889;
v0x557bd010a300_2890 .array/port v0x557bd010a300, 2890;
E_0x557bd010b960/722 .event anyedge, v0x557bd010a300_2887, v0x557bd010a300_2888, v0x557bd010a300_2889, v0x557bd010a300_2890;
v0x557bd010a300_2891 .array/port v0x557bd010a300, 2891;
v0x557bd010a300_2892 .array/port v0x557bd010a300, 2892;
v0x557bd010a300_2893 .array/port v0x557bd010a300, 2893;
v0x557bd010a300_2894 .array/port v0x557bd010a300, 2894;
E_0x557bd010b960/723 .event anyedge, v0x557bd010a300_2891, v0x557bd010a300_2892, v0x557bd010a300_2893, v0x557bd010a300_2894;
v0x557bd010a300_2895 .array/port v0x557bd010a300, 2895;
v0x557bd010a300_2896 .array/port v0x557bd010a300, 2896;
v0x557bd010a300_2897 .array/port v0x557bd010a300, 2897;
v0x557bd010a300_2898 .array/port v0x557bd010a300, 2898;
E_0x557bd010b960/724 .event anyedge, v0x557bd010a300_2895, v0x557bd010a300_2896, v0x557bd010a300_2897, v0x557bd010a300_2898;
v0x557bd010a300_2899 .array/port v0x557bd010a300, 2899;
v0x557bd010a300_2900 .array/port v0x557bd010a300, 2900;
v0x557bd010a300_2901 .array/port v0x557bd010a300, 2901;
v0x557bd010a300_2902 .array/port v0x557bd010a300, 2902;
E_0x557bd010b960/725 .event anyedge, v0x557bd010a300_2899, v0x557bd010a300_2900, v0x557bd010a300_2901, v0x557bd010a300_2902;
v0x557bd010a300_2903 .array/port v0x557bd010a300, 2903;
v0x557bd010a300_2904 .array/port v0x557bd010a300, 2904;
v0x557bd010a300_2905 .array/port v0x557bd010a300, 2905;
v0x557bd010a300_2906 .array/port v0x557bd010a300, 2906;
E_0x557bd010b960/726 .event anyedge, v0x557bd010a300_2903, v0x557bd010a300_2904, v0x557bd010a300_2905, v0x557bd010a300_2906;
v0x557bd010a300_2907 .array/port v0x557bd010a300, 2907;
v0x557bd010a300_2908 .array/port v0x557bd010a300, 2908;
v0x557bd010a300_2909 .array/port v0x557bd010a300, 2909;
v0x557bd010a300_2910 .array/port v0x557bd010a300, 2910;
E_0x557bd010b960/727 .event anyedge, v0x557bd010a300_2907, v0x557bd010a300_2908, v0x557bd010a300_2909, v0x557bd010a300_2910;
v0x557bd010a300_2911 .array/port v0x557bd010a300, 2911;
v0x557bd010a300_2912 .array/port v0x557bd010a300, 2912;
v0x557bd010a300_2913 .array/port v0x557bd010a300, 2913;
v0x557bd010a300_2914 .array/port v0x557bd010a300, 2914;
E_0x557bd010b960/728 .event anyedge, v0x557bd010a300_2911, v0x557bd010a300_2912, v0x557bd010a300_2913, v0x557bd010a300_2914;
v0x557bd010a300_2915 .array/port v0x557bd010a300, 2915;
v0x557bd010a300_2916 .array/port v0x557bd010a300, 2916;
v0x557bd010a300_2917 .array/port v0x557bd010a300, 2917;
v0x557bd010a300_2918 .array/port v0x557bd010a300, 2918;
E_0x557bd010b960/729 .event anyedge, v0x557bd010a300_2915, v0x557bd010a300_2916, v0x557bd010a300_2917, v0x557bd010a300_2918;
v0x557bd010a300_2919 .array/port v0x557bd010a300, 2919;
v0x557bd010a300_2920 .array/port v0x557bd010a300, 2920;
v0x557bd010a300_2921 .array/port v0x557bd010a300, 2921;
v0x557bd010a300_2922 .array/port v0x557bd010a300, 2922;
E_0x557bd010b960/730 .event anyedge, v0x557bd010a300_2919, v0x557bd010a300_2920, v0x557bd010a300_2921, v0x557bd010a300_2922;
v0x557bd010a300_2923 .array/port v0x557bd010a300, 2923;
v0x557bd010a300_2924 .array/port v0x557bd010a300, 2924;
v0x557bd010a300_2925 .array/port v0x557bd010a300, 2925;
v0x557bd010a300_2926 .array/port v0x557bd010a300, 2926;
E_0x557bd010b960/731 .event anyedge, v0x557bd010a300_2923, v0x557bd010a300_2924, v0x557bd010a300_2925, v0x557bd010a300_2926;
v0x557bd010a300_2927 .array/port v0x557bd010a300, 2927;
v0x557bd010a300_2928 .array/port v0x557bd010a300, 2928;
v0x557bd010a300_2929 .array/port v0x557bd010a300, 2929;
v0x557bd010a300_2930 .array/port v0x557bd010a300, 2930;
E_0x557bd010b960/732 .event anyedge, v0x557bd010a300_2927, v0x557bd010a300_2928, v0x557bd010a300_2929, v0x557bd010a300_2930;
v0x557bd010a300_2931 .array/port v0x557bd010a300, 2931;
v0x557bd010a300_2932 .array/port v0x557bd010a300, 2932;
v0x557bd010a300_2933 .array/port v0x557bd010a300, 2933;
v0x557bd010a300_2934 .array/port v0x557bd010a300, 2934;
E_0x557bd010b960/733 .event anyedge, v0x557bd010a300_2931, v0x557bd010a300_2932, v0x557bd010a300_2933, v0x557bd010a300_2934;
v0x557bd010a300_2935 .array/port v0x557bd010a300, 2935;
v0x557bd010a300_2936 .array/port v0x557bd010a300, 2936;
v0x557bd010a300_2937 .array/port v0x557bd010a300, 2937;
v0x557bd010a300_2938 .array/port v0x557bd010a300, 2938;
E_0x557bd010b960/734 .event anyedge, v0x557bd010a300_2935, v0x557bd010a300_2936, v0x557bd010a300_2937, v0x557bd010a300_2938;
v0x557bd010a300_2939 .array/port v0x557bd010a300, 2939;
v0x557bd010a300_2940 .array/port v0x557bd010a300, 2940;
v0x557bd010a300_2941 .array/port v0x557bd010a300, 2941;
v0x557bd010a300_2942 .array/port v0x557bd010a300, 2942;
E_0x557bd010b960/735 .event anyedge, v0x557bd010a300_2939, v0x557bd010a300_2940, v0x557bd010a300_2941, v0x557bd010a300_2942;
v0x557bd010a300_2943 .array/port v0x557bd010a300, 2943;
v0x557bd010a300_2944 .array/port v0x557bd010a300, 2944;
v0x557bd010a300_2945 .array/port v0x557bd010a300, 2945;
v0x557bd010a300_2946 .array/port v0x557bd010a300, 2946;
E_0x557bd010b960/736 .event anyedge, v0x557bd010a300_2943, v0x557bd010a300_2944, v0x557bd010a300_2945, v0x557bd010a300_2946;
v0x557bd010a300_2947 .array/port v0x557bd010a300, 2947;
v0x557bd010a300_2948 .array/port v0x557bd010a300, 2948;
v0x557bd010a300_2949 .array/port v0x557bd010a300, 2949;
v0x557bd010a300_2950 .array/port v0x557bd010a300, 2950;
E_0x557bd010b960/737 .event anyedge, v0x557bd010a300_2947, v0x557bd010a300_2948, v0x557bd010a300_2949, v0x557bd010a300_2950;
v0x557bd010a300_2951 .array/port v0x557bd010a300, 2951;
v0x557bd010a300_2952 .array/port v0x557bd010a300, 2952;
v0x557bd010a300_2953 .array/port v0x557bd010a300, 2953;
v0x557bd010a300_2954 .array/port v0x557bd010a300, 2954;
E_0x557bd010b960/738 .event anyedge, v0x557bd010a300_2951, v0x557bd010a300_2952, v0x557bd010a300_2953, v0x557bd010a300_2954;
v0x557bd010a300_2955 .array/port v0x557bd010a300, 2955;
v0x557bd010a300_2956 .array/port v0x557bd010a300, 2956;
v0x557bd010a300_2957 .array/port v0x557bd010a300, 2957;
v0x557bd010a300_2958 .array/port v0x557bd010a300, 2958;
E_0x557bd010b960/739 .event anyedge, v0x557bd010a300_2955, v0x557bd010a300_2956, v0x557bd010a300_2957, v0x557bd010a300_2958;
v0x557bd010a300_2959 .array/port v0x557bd010a300, 2959;
v0x557bd010a300_2960 .array/port v0x557bd010a300, 2960;
v0x557bd010a300_2961 .array/port v0x557bd010a300, 2961;
v0x557bd010a300_2962 .array/port v0x557bd010a300, 2962;
E_0x557bd010b960/740 .event anyedge, v0x557bd010a300_2959, v0x557bd010a300_2960, v0x557bd010a300_2961, v0x557bd010a300_2962;
v0x557bd010a300_2963 .array/port v0x557bd010a300, 2963;
v0x557bd010a300_2964 .array/port v0x557bd010a300, 2964;
v0x557bd010a300_2965 .array/port v0x557bd010a300, 2965;
v0x557bd010a300_2966 .array/port v0x557bd010a300, 2966;
E_0x557bd010b960/741 .event anyedge, v0x557bd010a300_2963, v0x557bd010a300_2964, v0x557bd010a300_2965, v0x557bd010a300_2966;
v0x557bd010a300_2967 .array/port v0x557bd010a300, 2967;
v0x557bd010a300_2968 .array/port v0x557bd010a300, 2968;
v0x557bd010a300_2969 .array/port v0x557bd010a300, 2969;
v0x557bd010a300_2970 .array/port v0x557bd010a300, 2970;
E_0x557bd010b960/742 .event anyedge, v0x557bd010a300_2967, v0x557bd010a300_2968, v0x557bd010a300_2969, v0x557bd010a300_2970;
v0x557bd010a300_2971 .array/port v0x557bd010a300, 2971;
v0x557bd010a300_2972 .array/port v0x557bd010a300, 2972;
v0x557bd010a300_2973 .array/port v0x557bd010a300, 2973;
v0x557bd010a300_2974 .array/port v0x557bd010a300, 2974;
E_0x557bd010b960/743 .event anyedge, v0x557bd010a300_2971, v0x557bd010a300_2972, v0x557bd010a300_2973, v0x557bd010a300_2974;
v0x557bd010a300_2975 .array/port v0x557bd010a300, 2975;
v0x557bd010a300_2976 .array/port v0x557bd010a300, 2976;
v0x557bd010a300_2977 .array/port v0x557bd010a300, 2977;
v0x557bd010a300_2978 .array/port v0x557bd010a300, 2978;
E_0x557bd010b960/744 .event anyedge, v0x557bd010a300_2975, v0x557bd010a300_2976, v0x557bd010a300_2977, v0x557bd010a300_2978;
v0x557bd010a300_2979 .array/port v0x557bd010a300, 2979;
v0x557bd010a300_2980 .array/port v0x557bd010a300, 2980;
v0x557bd010a300_2981 .array/port v0x557bd010a300, 2981;
v0x557bd010a300_2982 .array/port v0x557bd010a300, 2982;
E_0x557bd010b960/745 .event anyedge, v0x557bd010a300_2979, v0x557bd010a300_2980, v0x557bd010a300_2981, v0x557bd010a300_2982;
v0x557bd010a300_2983 .array/port v0x557bd010a300, 2983;
v0x557bd010a300_2984 .array/port v0x557bd010a300, 2984;
v0x557bd010a300_2985 .array/port v0x557bd010a300, 2985;
v0x557bd010a300_2986 .array/port v0x557bd010a300, 2986;
E_0x557bd010b960/746 .event anyedge, v0x557bd010a300_2983, v0x557bd010a300_2984, v0x557bd010a300_2985, v0x557bd010a300_2986;
v0x557bd010a300_2987 .array/port v0x557bd010a300, 2987;
v0x557bd010a300_2988 .array/port v0x557bd010a300, 2988;
v0x557bd010a300_2989 .array/port v0x557bd010a300, 2989;
v0x557bd010a300_2990 .array/port v0x557bd010a300, 2990;
E_0x557bd010b960/747 .event anyedge, v0x557bd010a300_2987, v0x557bd010a300_2988, v0x557bd010a300_2989, v0x557bd010a300_2990;
v0x557bd010a300_2991 .array/port v0x557bd010a300, 2991;
v0x557bd010a300_2992 .array/port v0x557bd010a300, 2992;
v0x557bd010a300_2993 .array/port v0x557bd010a300, 2993;
v0x557bd010a300_2994 .array/port v0x557bd010a300, 2994;
E_0x557bd010b960/748 .event anyedge, v0x557bd010a300_2991, v0x557bd010a300_2992, v0x557bd010a300_2993, v0x557bd010a300_2994;
v0x557bd010a300_2995 .array/port v0x557bd010a300, 2995;
v0x557bd010a300_2996 .array/port v0x557bd010a300, 2996;
v0x557bd010a300_2997 .array/port v0x557bd010a300, 2997;
v0x557bd010a300_2998 .array/port v0x557bd010a300, 2998;
E_0x557bd010b960/749 .event anyedge, v0x557bd010a300_2995, v0x557bd010a300_2996, v0x557bd010a300_2997, v0x557bd010a300_2998;
v0x557bd010a300_2999 .array/port v0x557bd010a300, 2999;
v0x557bd010a300_3000 .array/port v0x557bd010a300, 3000;
v0x557bd010a300_3001 .array/port v0x557bd010a300, 3001;
v0x557bd010a300_3002 .array/port v0x557bd010a300, 3002;
E_0x557bd010b960/750 .event anyedge, v0x557bd010a300_2999, v0x557bd010a300_3000, v0x557bd010a300_3001, v0x557bd010a300_3002;
v0x557bd010a300_3003 .array/port v0x557bd010a300, 3003;
v0x557bd010a300_3004 .array/port v0x557bd010a300, 3004;
v0x557bd010a300_3005 .array/port v0x557bd010a300, 3005;
v0x557bd010a300_3006 .array/port v0x557bd010a300, 3006;
E_0x557bd010b960/751 .event anyedge, v0x557bd010a300_3003, v0x557bd010a300_3004, v0x557bd010a300_3005, v0x557bd010a300_3006;
v0x557bd010a300_3007 .array/port v0x557bd010a300, 3007;
v0x557bd010a300_3008 .array/port v0x557bd010a300, 3008;
v0x557bd010a300_3009 .array/port v0x557bd010a300, 3009;
v0x557bd010a300_3010 .array/port v0x557bd010a300, 3010;
E_0x557bd010b960/752 .event anyedge, v0x557bd010a300_3007, v0x557bd010a300_3008, v0x557bd010a300_3009, v0x557bd010a300_3010;
v0x557bd010a300_3011 .array/port v0x557bd010a300, 3011;
v0x557bd010a300_3012 .array/port v0x557bd010a300, 3012;
v0x557bd010a300_3013 .array/port v0x557bd010a300, 3013;
v0x557bd010a300_3014 .array/port v0x557bd010a300, 3014;
E_0x557bd010b960/753 .event anyedge, v0x557bd010a300_3011, v0x557bd010a300_3012, v0x557bd010a300_3013, v0x557bd010a300_3014;
v0x557bd010a300_3015 .array/port v0x557bd010a300, 3015;
v0x557bd010a300_3016 .array/port v0x557bd010a300, 3016;
v0x557bd010a300_3017 .array/port v0x557bd010a300, 3017;
v0x557bd010a300_3018 .array/port v0x557bd010a300, 3018;
E_0x557bd010b960/754 .event anyedge, v0x557bd010a300_3015, v0x557bd010a300_3016, v0x557bd010a300_3017, v0x557bd010a300_3018;
v0x557bd010a300_3019 .array/port v0x557bd010a300, 3019;
v0x557bd010a300_3020 .array/port v0x557bd010a300, 3020;
v0x557bd010a300_3021 .array/port v0x557bd010a300, 3021;
v0x557bd010a300_3022 .array/port v0x557bd010a300, 3022;
E_0x557bd010b960/755 .event anyedge, v0x557bd010a300_3019, v0x557bd010a300_3020, v0x557bd010a300_3021, v0x557bd010a300_3022;
v0x557bd010a300_3023 .array/port v0x557bd010a300, 3023;
v0x557bd010a300_3024 .array/port v0x557bd010a300, 3024;
v0x557bd010a300_3025 .array/port v0x557bd010a300, 3025;
v0x557bd010a300_3026 .array/port v0x557bd010a300, 3026;
E_0x557bd010b960/756 .event anyedge, v0x557bd010a300_3023, v0x557bd010a300_3024, v0x557bd010a300_3025, v0x557bd010a300_3026;
v0x557bd010a300_3027 .array/port v0x557bd010a300, 3027;
v0x557bd010a300_3028 .array/port v0x557bd010a300, 3028;
v0x557bd010a300_3029 .array/port v0x557bd010a300, 3029;
v0x557bd010a300_3030 .array/port v0x557bd010a300, 3030;
E_0x557bd010b960/757 .event anyedge, v0x557bd010a300_3027, v0x557bd010a300_3028, v0x557bd010a300_3029, v0x557bd010a300_3030;
v0x557bd010a300_3031 .array/port v0x557bd010a300, 3031;
v0x557bd010a300_3032 .array/port v0x557bd010a300, 3032;
v0x557bd010a300_3033 .array/port v0x557bd010a300, 3033;
v0x557bd010a300_3034 .array/port v0x557bd010a300, 3034;
E_0x557bd010b960/758 .event anyedge, v0x557bd010a300_3031, v0x557bd010a300_3032, v0x557bd010a300_3033, v0x557bd010a300_3034;
v0x557bd010a300_3035 .array/port v0x557bd010a300, 3035;
v0x557bd010a300_3036 .array/port v0x557bd010a300, 3036;
v0x557bd010a300_3037 .array/port v0x557bd010a300, 3037;
v0x557bd010a300_3038 .array/port v0x557bd010a300, 3038;
E_0x557bd010b960/759 .event anyedge, v0x557bd010a300_3035, v0x557bd010a300_3036, v0x557bd010a300_3037, v0x557bd010a300_3038;
v0x557bd010a300_3039 .array/port v0x557bd010a300, 3039;
v0x557bd010a300_3040 .array/port v0x557bd010a300, 3040;
v0x557bd010a300_3041 .array/port v0x557bd010a300, 3041;
v0x557bd010a300_3042 .array/port v0x557bd010a300, 3042;
E_0x557bd010b960/760 .event anyedge, v0x557bd010a300_3039, v0x557bd010a300_3040, v0x557bd010a300_3041, v0x557bd010a300_3042;
v0x557bd010a300_3043 .array/port v0x557bd010a300, 3043;
v0x557bd010a300_3044 .array/port v0x557bd010a300, 3044;
v0x557bd010a300_3045 .array/port v0x557bd010a300, 3045;
v0x557bd010a300_3046 .array/port v0x557bd010a300, 3046;
E_0x557bd010b960/761 .event anyedge, v0x557bd010a300_3043, v0x557bd010a300_3044, v0x557bd010a300_3045, v0x557bd010a300_3046;
v0x557bd010a300_3047 .array/port v0x557bd010a300, 3047;
v0x557bd010a300_3048 .array/port v0x557bd010a300, 3048;
v0x557bd010a300_3049 .array/port v0x557bd010a300, 3049;
v0x557bd010a300_3050 .array/port v0x557bd010a300, 3050;
E_0x557bd010b960/762 .event anyedge, v0x557bd010a300_3047, v0x557bd010a300_3048, v0x557bd010a300_3049, v0x557bd010a300_3050;
v0x557bd010a300_3051 .array/port v0x557bd010a300, 3051;
v0x557bd010a300_3052 .array/port v0x557bd010a300, 3052;
v0x557bd010a300_3053 .array/port v0x557bd010a300, 3053;
v0x557bd010a300_3054 .array/port v0x557bd010a300, 3054;
E_0x557bd010b960/763 .event anyedge, v0x557bd010a300_3051, v0x557bd010a300_3052, v0x557bd010a300_3053, v0x557bd010a300_3054;
v0x557bd010a300_3055 .array/port v0x557bd010a300, 3055;
v0x557bd010a300_3056 .array/port v0x557bd010a300, 3056;
v0x557bd010a300_3057 .array/port v0x557bd010a300, 3057;
v0x557bd010a300_3058 .array/port v0x557bd010a300, 3058;
E_0x557bd010b960/764 .event anyedge, v0x557bd010a300_3055, v0x557bd010a300_3056, v0x557bd010a300_3057, v0x557bd010a300_3058;
v0x557bd010a300_3059 .array/port v0x557bd010a300, 3059;
v0x557bd010a300_3060 .array/port v0x557bd010a300, 3060;
v0x557bd010a300_3061 .array/port v0x557bd010a300, 3061;
v0x557bd010a300_3062 .array/port v0x557bd010a300, 3062;
E_0x557bd010b960/765 .event anyedge, v0x557bd010a300_3059, v0x557bd010a300_3060, v0x557bd010a300_3061, v0x557bd010a300_3062;
v0x557bd010a300_3063 .array/port v0x557bd010a300, 3063;
v0x557bd010a300_3064 .array/port v0x557bd010a300, 3064;
v0x557bd010a300_3065 .array/port v0x557bd010a300, 3065;
v0x557bd010a300_3066 .array/port v0x557bd010a300, 3066;
E_0x557bd010b960/766 .event anyedge, v0x557bd010a300_3063, v0x557bd010a300_3064, v0x557bd010a300_3065, v0x557bd010a300_3066;
v0x557bd010a300_3067 .array/port v0x557bd010a300, 3067;
v0x557bd010a300_3068 .array/port v0x557bd010a300, 3068;
v0x557bd010a300_3069 .array/port v0x557bd010a300, 3069;
v0x557bd010a300_3070 .array/port v0x557bd010a300, 3070;
E_0x557bd010b960/767 .event anyedge, v0x557bd010a300_3067, v0x557bd010a300_3068, v0x557bd010a300_3069, v0x557bd010a300_3070;
v0x557bd010a300_3071 .array/port v0x557bd010a300, 3071;
v0x557bd010a300_3072 .array/port v0x557bd010a300, 3072;
v0x557bd010a300_3073 .array/port v0x557bd010a300, 3073;
v0x557bd010a300_3074 .array/port v0x557bd010a300, 3074;
E_0x557bd010b960/768 .event anyedge, v0x557bd010a300_3071, v0x557bd010a300_3072, v0x557bd010a300_3073, v0x557bd010a300_3074;
v0x557bd010a300_3075 .array/port v0x557bd010a300, 3075;
v0x557bd010a300_3076 .array/port v0x557bd010a300, 3076;
v0x557bd010a300_3077 .array/port v0x557bd010a300, 3077;
v0x557bd010a300_3078 .array/port v0x557bd010a300, 3078;
E_0x557bd010b960/769 .event anyedge, v0x557bd010a300_3075, v0x557bd010a300_3076, v0x557bd010a300_3077, v0x557bd010a300_3078;
v0x557bd010a300_3079 .array/port v0x557bd010a300, 3079;
v0x557bd010a300_3080 .array/port v0x557bd010a300, 3080;
v0x557bd010a300_3081 .array/port v0x557bd010a300, 3081;
v0x557bd010a300_3082 .array/port v0x557bd010a300, 3082;
E_0x557bd010b960/770 .event anyedge, v0x557bd010a300_3079, v0x557bd010a300_3080, v0x557bd010a300_3081, v0x557bd010a300_3082;
v0x557bd010a300_3083 .array/port v0x557bd010a300, 3083;
v0x557bd010a300_3084 .array/port v0x557bd010a300, 3084;
v0x557bd010a300_3085 .array/port v0x557bd010a300, 3085;
v0x557bd010a300_3086 .array/port v0x557bd010a300, 3086;
E_0x557bd010b960/771 .event anyedge, v0x557bd010a300_3083, v0x557bd010a300_3084, v0x557bd010a300_3085, v0x557bd010a300_3086;
v0x557bd010a300_3087 .array/port v0x557bd010a300, 3087;
v0x557bd010a300_3088 .array/port v0x557bd010a300, 3088;
v0x557bd010a300_3089 .array/port v0x557bd010a300, 3089;
v0x557bd010a300_3090 .array/port v0x557bd010a300, 3090;
E_0x557bd010b960/772 .event anyedge, v0x557bd010a300_3087, v0x557bd010a300_3088, v0x557bd010a300_3089, v0x557bd010a300_3090;
v0x557bd010a300_3091 .array/port v0x557bd010a300, 3091;
v0x557bd010a300_3092 .array/port v0x557bd010a300, 3092;
v0x557bd010a300_3093 .array/port v0x557bd010a300, 3093;
v0x557bd010a300_3094 .array/port v0x557bd010a300, 3094;
E_0x557bd010b960/773 .event anyedge, v0x557bd010a300_3091, v0x557bd010a300_3092, v0x557bd010a300_3093, v0x557bd010a300_3094;
v0x557bd010a300_3095 .array/port v0x557bd010a300, 3095;
v0x557bd010a300_3096 .array/port v0x557bd010a300, 3096;
v0x557bd010a300_3097 .array/port v0x557bd010a300, 3097;
v0x557bd010a300_3098 .array/port v0x557bd010a300, 3098;
E_0x557bd010b960/774 .event anyedge, v0x557bd010a300_3095, v0x557bd010a300_3096, v0x557bd010a300_3097, v0x557bd010a300_3098;
v0x557bd010a300_3099 .array/port v0x557bd010a300, 3099;
v0x557bd010a300_3100 .array/port v0x557bd010a300, 3100;
v0x557bd010a300_3101 .array/port v0x557bd010a300, 3101;
v0x557bd010a300_3102 .array/port v0x557bd010a300, 3102;
E_0x557bd010b960/775 .event anyedge, v0x557bd010a300_3099, v0x557bd010a300_3100, v0x557bd010a300_3101, v0x557bd010a300_3102;
v0x557bd010a300_3103 .array/port v0x557bd010a300, 3103;
v0x557bd010a300_3104 .array/port v0x557bd010a300, 3104;
v0x557bd010a300_3105 .array/port v0x557bd010a300, 3105;
v0x557bd010a300_3106 .array/port v0x557bd010a300, 3106;
E_0x557bd010b960/776 .event anyedge, v0x557bd010a300_3103, v0x557bd010a300_3104, v0x557bd010a300_3105, v0x557bd010a300_3106;
v0x557bd010a300_3107 .array/port v0x557bd010a300, 3107;
v0x557bd010a300_3108 .array/port v0x557bd010a300, 3108;
v0x557bd010a300_3109 .array/port v0x557bd010a300, 3109;
v0x557bd010a300_3110 .array/port v0x557bd010a300, 3110;
E_0x557bd010b960/777 .event anyedge, v0x557bd010a300_3107, v0x557bd010a300_3108, v0x557bd010a300_3109, v0x557bd010a300_3110;
v0x557bd010a300_3111 .array/port v0x557bd010a300, 3111;
v0x557bd010a300_3112 .array/port v0x557bd010a300, 3112;
v0x557bd010a300_3113 .array/port v0x557bd010a300, 3113;
v0x557bd010a300_3114 .array/port v0x557bd010a300, 3114;
E_0x557bd010b960/778 .event anyedge, v0x557bd010a300_3111, v0x557bd010a300_3112, v0x557bd010a300_3113, v0x557bd010a300_3114;
v0x557bd010a300_3115 .array/port v0x557bd010a300, 3115;
v0x557bd010a300_3116 .array/port v0x557bd010a300, 3116;
v0x557bd010a300_3117 .array/port v0x557bd010a300, 3117;
v0x557bd010a300_3118 .array/port v0x557bd010a300, 3118;
E_0x557bd010b960/779 .event anyedge, v0x557bd010a300_3115, v0x557bd010a300_3116, v0x557bd010a300_3117, v0x557bd010a300_3118;
v0x557bd010a300_3119 .array/port v0x557bd010a300, 3119;
v0x557bd010a300_3120 .array/port v0x557bd010a300, 3120;
v0x557bd010a300_3121 .array/port v0x557bd010a300, 3121;
v0x557bd010a300_3122 .array/port v0x557bd010a300, 3122;
E_0x557bd010b960/780 .event anyedge, v0x557bd010a300_3119, v0x557bd010a300_3120, v0x557bd010a300_3121, v0x557bd010a300_3122;
v0x557bd010a300_3123 .array/port v0x557bd010a300, 3123;
v0x557bd010a300_3124 .array/port v0x557bd010a300, 3124;
v0x557bd010a300_3125 .array/port v0x557bd010a300, 3125;
v0x557bd010a300_3126 .array/port v0x557bd010a300, 3126;
E_0x557bd010b960/781 .event anyedge, v0x557bd010a300_3123, v0x557bd010a300_3124, v0x557bd010a300_3125, v0x557bd010a300_3126;
v0x557bd010a300_3127 .array/port v0x557bd010a300, 3127;
v0x557bd010a300_3128 .array/port v0x557bd010a300, 3128;
v0x557bd010a300_3129 .array/port v0x557bd010a300, 3129;
v0x557bd010a300_3130 .array/port v0x557bd010a300, 3130;
E_0x557bd010b960/782 .event anyedge, v0x557bd010a300_3127, v0x557bd010a300_3128, v0x557bd010a300_3129, v0x557bd010a300_3130;
v0x557bd010a300_3131 .array/port v0x557bd010a300, 3131;
v0x557bd010a300_3132 .array/port v0x557bd010a300, 3132;
v0x557bd010a300_3133 .array/port v0x557bd010a300, 3133;
v0x557bd010a300_3134 .array/port v0x557bd010a300, 3134;
E_0x557bd010b960/783 .event anyedge, v0x557bd010a300_3131, v0x557bd010a300_3132, v0x557bd010a300_3133, v0x557bd010a300_3134;
v0x557bd010a300_3135 .array/port v0x557bd010a300, 3135;
v0x557bd010a300_3136 .array/port v0x557bd010a300, 3136;
v0x557bd010a300_3137 .array/port v0x557bd010a300, 3137;
v0x557bd010a300_3138 .array/port v0x557bd010a300, 3138;
E_0x557bd010b960/784 .event anyedge, v0x557bd010a300_3135, v0x557bd010a300_3136, v0x557bd010a300_3137, v0x557bd010a300_3138;
v0x557bd010a300_3139 .array/port v0x557bd010a300, 3139;
v0x557bd010a300_3140 .array/port v0x557bd010a300, 3140;
v0x557bd010a300_3141 .array/port v0x557bd010a300, 3141;
v0x557bd010a300_3142 .array/port v0x557bd010a300, 3142;
E_0x557bd010b960/785 .event anyedge, v0x557bd010a300_3139, v0x557bd010a300_3140, v0x557bd010a300_3141, v0x557bd010a300_3142;
v0x557bd010a300_3143 .array/port v0x557bd010a300, 3143;
v0x557bd010a300_3144 .array/port v0x557bd010a300, 3144;
v0x557bd010a300_3145 .array/port v0x557bd010a300, 3145;
v0x557bd010a300_3146 .array/port v0x557bd010a300, 3146;
E_0x557bd010b960/786 .event anyedge, v0x557bd010a300_3143, v0x557bd010a300_3144, v0x557bd010a300_3145, v0x557bd010a300_3146;
v0x557bd010a300_3147 .array/port v0x557bd010a300, 3147;
v0x557bd010a300_3148 .array/port v0x557bd010a300, 3148;
v0x557bd010a300_3149 .array/port v0x557bd010a300, 3149;
v0x557bd010a300_3150 .array/port v0x557bd010a300, 3150;
E_0x557bd010b960/787 .event anyedge, v0x557bd010a300_3147, v0x557bd010a300_3148, v0x557bd010a300_3149, v0x557bd010a300_3150;
v0x557bd010a300_3151 .array/port v0x557bd010a300, 3151;
v0x557bd010a300_3152 .array/port v0x557bd010a300, 3152;
v0x557bd010a300_3153 .array/port v0x557bd010a300, 3153;
v0x557bd010a300_3154 .array/port v0x557bd010a300, 3154;
E_0x557bd010b960/788 .event anyedge, v0x557bd010a300_3151, v0x557bd010a300_3152, v0x557bd010a300_3153, v0x557bd010a300_3154;
v0x557bd010a300_3155 .array/port v0x557bd010a300, 3155;
v0x557bd010a300_3156 .array/port v0x557bd010a300, 3156;
v0x557bd010a300_3157 .array/port v0x557bd010a300, 3157;
v0x557bd010a300_3158 .array/port v0x557bd010a300, 3158;
E_0x557bd010b960/789 .event anyedge, v0x557bd010a300_3155, v0x557bd010a300_3156, v0x557bd010a300_3157, v0x557bd010a300_3158;
v0x557bd010a300_3159 .array/port v0x557bd010a300, 3159;
v0x557bd010a300_3160 .array/port v0x557bd010a300, 3160;
v0x557bd010a300_3161 .array/port v0x557bd010a300, 3161;
v0x557bd010a300_3162 .array/port v0x557bd010a300, 3162;
E_0x557bd010b960/790 .event anyedge, v0x557bd010a300_3159, v0x557bd010a300_3160, v0x557bd010a300_3161, v0x557bd010a300_3162;
v0x557bd010a300_3163 .array/port v0x557bd010a300, 3163;
v0x557bd010a300_3164 .array/port v0x557bd010a300, 3164;
v0x557bd010a300_3165 .array/port v0x557bd010a300, 3165;
v0x557bd010a300_3166 .array/port v0x557bd010a300, 3166;
E_0x557bd010b960/791 .event anyedge, v0x557bd010a300_3163, v0x557bd010a300_3164, v0x557bd010a300_3165, v0x557bd010a300_3166;
v0x557bd010a300_3167 .array/port v0x557bd010a300, 3167;
v0x557bd010a300_3168 .array/port v0x557bd010a300, 3168;
v0x557bd010a300_3169 .array/port v0x557bd010a300, 3169;
v0x557bd010a300_3170 .array/port v0x557bd010a300, 3170;
E_0x557bd010b960/792 .event anyedge, v0x557bd010a300_3167, v0x557bd010a300_3168, v0x557bd010a300_3169, v0x557bd010a300_3170;
v0x557bd010a300_3171 .array/port v0x557bd010a300, 3171;
v0x557bd010a300_3172 .array/port v0x557bd010a300, 3172;
v0x557bd010a300_3173 .array/port v0x557bd010a300, 3173;
v0x557bd010a300_3174 .array/port v0x557bd010a300, 3174;
E_0x557bd010b960/793 .event anyedge, v0x557bd010a300_3171, v0x557bd010a300_3172, v0x557bd010a300_3173, v0x557bd010a300_3174;
v0x557bd010a300_3175 .array/port v0x557bd010a300, 3175;
v0x557bd010a300_3176 .array/port v0x557bd010a300, 3176;
v0x557bd010a300_3177 .array/port v0x557bd010a300, 3177;
v0x557bd010a300_3178 .array/port v0x557bd010a300, 3178;
E_0x557bd010b960/794 .event anyedge, v0x557bd010a300_3175, v0x557bd010a300_3176, v0x557bd010a300_3177, v0x557bd010a300_3178;
v0x557bd010a300_3179 .array/port v0x557bd010a300, 3179;
v0x557bd010a300_3180 .array/port v0x557bd010a300, 3180;
v0x557bd010a300_3181 .array/port v0x557bd010a300, 3181;
v0x557bd010a300_3182 .array/port v0x557bd010a300, 3182;
E_0x557bd010b960/795 .event anyedge, v0x557bd010a300_3179, v0x557bd010a300_3180, v0x557bd010a300_3181, v0x557bd010a300_3182;
v0x557bd010a300_3183 .array/port v0x557bd010a300, 3183;
v0x557bd010a300_3184 .array/port v0x557bd010a300, 3184;
v0x557bd010a300_3185 .array/port v0x557bd010a300, 3185;
v0x557bd010a300_3186 .array/port v0x557bd010a300, 3186;
E_0x557bd010b960/796 .event anyedge, v0x557bd010a300_3183, v0x557bd010a300_3184, v0x557bd010a300_3185, v0x557bd010a300_3186;
v0x557bd010a300_3187 .array/port v0x557bd010a300, 3187;
v0x557bd010a300_3188 .array/port v0x557bd010a300, 3188;
v0x557bd010a300_3189 .array/port v0x557bd010a300, 3189;
v0x557bd010a300_3190 .array/port v0x557bd010a300, 3190;
E_0x557bd010b960/797 .event anyedge, v0x557bd010a300_3187, v0x557bd010a300_3188, v0x557bd010a300_3189, v0x557bd010a300_3190;
v0x557bd010a300_3191 .array/port v0x557bd010a300, 3191;
v0x557bd010a300_3192 .array/port v0x557bd010a300, 3192;
v0x557bd010a300_3193 .array/port v0x557bd010a300, 3193;
v0x557bd010a300_3194 .array/port v0x557bd010a300, 3194;
E_0x557bd010b960/798 .event anyedge, v0x557bd010a300_3191, v0x557bd010a300_3192, v0x557bd010a300_3193, v0x557bd010a300_3194;
v0x557bd010a300_3195 .array/port v0x557bd010a300, 3195;
v0x557bd010a300_3196 .array/port v0x557bd010a300, 3196;
v0x557bd010a300_3197 .array/port v0x557bd010a300, 3197;
v0x557bd010a300_3198 .array/port v0x557bd010a300, 3198;
E_0x557bd010b960/799 .event anyedge, v0x557bd010a300_3195, v0x557bd010a300_3196, v0x557bd010a300_3197, v0x557bd010a300_3198;
v0x557bd010a300_3199 .array/port v0x557bd010a300, 3199;
v0x557bd010a300_3200 .array/port v0x557bd010a300, 3200;
v0x557bd010a300_3201 .array/port v0x557bd010a300, 3201;
v0x557bd010a300_3202 .array/port v0x557bd010a300, 3202;
E_0x557bd010b960/800 .event anyedge, v0x557bd010a300_3199, v0x557bd010a300_3200, v0x557bd010a300_3201, v0x557bd010a300_3202;
v0x557bd010a300_3203 .array/port v0x557bd010a300, 3203;
v0x557bd010a300_3204 .array/port v0x557bd010a300, 3204;
v0x557bd010a300_3205 .array/port v0x557bd010a300, 3205;
v0x557bd010a300_3206 .array/port v0x557bd010a300, 3206;
E_0x557bd010b960/801 .event anyedge, v0x557bd010a300_3203, v0x557bd010a300_3204, v0x557bd010a300_3205, v0x557bd010a300_3206;
v0x557bd010a300_3207 .array/port v0x557bd010a300, 3207;
v0x557bd010a300_3208 .array/port v0x557bd010a300, 3208;
v0x557bd010a300_3209 .array/port v0x557bd010a300, 3209;
v0x557bd010a300_3210 .array/port v0x557bd010a300, 3210;
E_0x557bd010b960/802 .event anyedge, v0x557bd010a300_3207, v0x557bd010a300_3208, v0x557bd010a300_3209, v0x557bd010a300_3210;
v0x557bd010a300_3211 .array/port v0x557bd010a300, 3211;
v0x557bd010a300_3212 .array/port v0x557bd010a300, 3212;
v0x557bd010a300_3213 .array/port v0x557bd010a300, 3213;
v0x557bd010a300_3214 .array/port v0x557bd010a300, 3214;
E_0x557bd010b960/803 .event anyedge, v0x557bd010a300_3211, v0x557bd010a300_3212, v0x557bd010a300_3213, v0x557bd010a300_3214;
v0x557bd010a300_3215 .array/port v0x557bd010a300, 3215;
v0x557bd010a300_3216 .array/port v0x557bd010a300, 3216;
v0x557bd010a300_3217 .array/port v0x557bd010a300, 3217;
v0x557bd010a300_3218 .array/port v0x557bd010a300, 3218;
E_0x557bd010b960/804 .event anyedge, v0x557bd010a300_3215, v0x557bd010a300_3216, v0x557bd010a300_3217, v0x557bd010a300_3218;
v0x557bd010a300_3219 .array/port v0x557bd010a300, 3219;
v0x557bd010a300_3220 .array/port v0x557bd010a300, 3220;
v0x557bd010a300_3221 .array/port v0x557bd010a300, 3221;
v0x557bd010a300_3222 .array/port v0x557bd010a300, 3222;
E_0x557bd010b960/805 .event anyedge, v0x557bd010a300_3219, v0x557bd010a300_3220, v0x557bd010a300_3221, v0x557bd010a300_3222;
v0x557bd010a300_3223 .array/port v0x557bd010a300, 3223;
v0x557bd010a300_3224 .array/port v0x557bd010a300, 3224;
v0x557bd010a300_3225 .array/port v0x557bd010a300, 3225;
v0x557bd010a300_3226 .array/port v0x557bd010a300, 3226;
E_0x557bd010b960/806 .event anyedge, v0x557bd010a300_3223, v0x557bd010a300_3224, v0x557bd010a300_3225, v0x557bd010a300_3226;
v0x557bd010a300_3227 .array/port v0x557bd010a300, 3227;
v0x557bd010a300_3228 .array/port v0x557bd010a300, 3228;
v0x557bd010a300_3229 .array/port v0x557bd010a300, 3229;
v0x557bd010a300_3230 .array/port v0x557bd010a300, 3230;
E_0x557bd010b960/807 .event anyedge, v0x557bd010a300_3227, v0x557bd010a300_3228, v0x557bd010a300_3229, v0x557bd010a300_3230;
v0x557bd010a300_3231 .array/port v0x557bd010a300, 3231;
v0x557bd010a300_3232 .array/port v0x557bd010a300, 3232;
v0x557bd010a300_3233 .array/port v0x557bd010a300, 3233;
v0x557bd010a300_3234 .array/port v0x557bd010a300, 3234;
E_0x557bd010b960/808 .event anyedge, v0x557bd010a300_3231, v0x557bd010a300_3232, v0x557bd010a300_3233, v0x557bd010a300_3234;
v0x557bd010a300_3235 .array/port v0x557bd010a300, 3235;
v0x557bd010a300_3236 .array/port v0x557bd010a300, 3236;
v0x557bd010a300_3237 .array/port v0x557bd010a300, 3237;
v0x557bd010a300_3238 .array/port v0x557bd010a300, 3238;
E_0x557bd010b960/809 .event anyedge, v0x557bd010a300_3235, v0x557bd010a300_3236, v0x557bd010a300_3237, v0x557bd010a300_3238;
v0x557bd010a300_3239 .array/port v0x557bd010a300, 3239;
v0x557bd010a300_3240 .array/port v0x557bd010a300, 3240;
v0x557bd010a300_3241 .array/port v0x557bd010a300, 3241;
v0x557bd010a300_3242 .array/port v0x557bd010a300, 3242;
E_0x557bd010b960/810 .event anyedge, v0x557bd010a300_3239, v0x557bd010a300_3240, v0x557bd010a300_3241, v0x557bd010a300_3242;
v0x557bd010a300_3243 .array/port v0x557bd010a300, 3243;
v0x557bd010a300_3244 .array/port v0x557bd010a300, 3244;
v0x557bd010a300_3245 .array/port v0x557bd010a300, 3245;
v0x557bd010a300_3246 .array/port v0x557bd010a300, 3246;
E_0x557bd010b960/811 .event anyedge, v0x557bd010a300_3243, v0x557bd010a300_3244, v0x557bd010a300_3245, v0x557bd010a300_3246;
v0x557bd010a300_3247 .array/port v0x557bd010a300, 3247;
v0x557bd010a300_3248 .array/port v0x557bd010a300, 3248;
v0x557bd010a300_3249 .array/port v0x557bd010a300, 3249;
v0x557bd010a300_3250 .array/port v0x557bd010a300, 3250;
E_0x557bd010b960/812 .event anyedge, v0x557bd010a300_3247, v0x557bd010a300_3248, v0x557bd010a300_3249, v0x557bd010a300_3250;
v0x557bd010a300_3251 .array/port v0x557bd010a300, 3251;
v0x557bd010a300_3252 .array/port v0x557bd010a300, 3252;
v0x557bd010a300_3253 .array/port v0x557bd010a300, 3253;
v0x557bd010a300_3254 .array/port v0x557bd010a300, 3254;
E_0x557bd010b960/813 .event anyedge, v0x557bd010a300_3251, v0x557bd010a300_3252, v0x557bd010a300_3253, v0x557bd010a300_3254;
v0x557bd010a300_3255 .array/port v0x557bd010a300, 3255;
v0x557bd010a300_3256 .array/port v0x557bd010a300, 3256;
v0x557bd010a300_3257 .array/port v0x557bd010a300, 3257;
v0x557bd010a300_3258 .array/port v0x557bd010a300, 3258;
E_0x557bd010b960/814 .event anyedge, v0x557bd010a300_3255, v0x557bd010a300_3256, v0x557bd010a300_3257, v0x557bd010a300_3258;
v0x557bd010a300_3259 .array/port v0x557bd010a300, 3259;
v0x557bd010a300_3260 .array/port v0x557bd010a300, 3260;
v0x557bd010a300_3261 .array/port v0x557bd010a300, 3261;
v0x557bd010a300_3262 .array/port v0x557bd010a300, 3262;
E_0x557bd010b960/815 .event anyedge, v0x557bd010a300_3259, v0x557bd010a300_3260, v0x557bd010a300_3261, v0x557bd010a300_3262;
v0x557bd010a300_3263 .array/port v0x557bd010a300, 3263;
v0x557bd010a300_3264 .array/port v0x557bd010a300, 3264;
v0x557bd010a300_3265 .array/port v0x557bd010a300, 3265;
v0x557bd010a300_3266 .array/port v0x557bd010a300, 3266;
E_0x557bd010b960/816 .event anyedge, v0x557bd010a300_3263, v0x557bd010a300_3264, v0x557bd010a300_3265, v0x557bd010a300_3266;
v0x557bd010a300_3267 .array/port v0x557bd010a300, 3267;
v0x557bd010a300_3268 .array/port v0x557bd010a300, 3268;
v0x557bd010a300_3269 .array/port v0x557bd010a300, 3269;
v0x557bd010a300_3270 .array/port v0x557bd010a300, 3270;
E_0x557bd010b960/817 .event anyedge, v0x557bd010a300_3267, v0x557bd010a300_3268, v0x557bd010a300_3269, v0x557bd010a300_3270;
v0x557bd010a300_3271 .array/port v0x557bd010a300, 3271;
v0x557bd010a300_3272 .array/port v0x557bd010a300, 3272;
v0x557bd010a300_3273 .array/port v0x557bd010a300, 3273;
v0x557bd010a300_3274 .array/port v0x557bd010a300, 3274;
E_0x557bd010b960/818 .event anyedge, v0x557bd010a300_3271, v0x557bd010a300_3272, v0x557bd010a300_3273, v0x557bd010a300_3274;
v0x557bd010a300_3275 .array/port v0x557bd010a300, 3275;
v0x557bd010a300_3276 .array/port v0x557bd010a300, 3276;
v0x557bd010a300_3277 .array/port v0x557bd010a300, 3277;
v0x557bd010a300_3278 .array/port v0x557bd010a300, 3278;
E_0x557bd010b960/819 .event anyedge, v0x557bd010a300_3275, v0x557bd010a300_3276, v0x557bd010a300_3277, v0x557bd010a300_3278;
v0x557bd010a300_3279 .array/port v0x557bd010a300, 3279;
v0x557bd010a300_3280 .array/port v0x557bd010a300, 3280;
v0x557bd010a300_3281 .array/port v0x557bd010a300, 3281;
v0x557bd010a300_3282 .array/port v0x557bd010a300, 3282;
E_0x557bd010b960/820 .event anyedge, v0x557bd010a300_3279, v0x557bd010a300_3280, v0x557bd010a300_3281, v0x557bd010a300_3282;
v0x557bd010a300_3283 .array/port v0x557bd010a300, 3283;
v0x557bd010a300_3284 .array/port v0x557bd010a300, 3284;
v0x557bd010a300_3285 .array/port v0x557bd010a300, 3285;
v0x557bd010a300_3286 .array/port v0x557bd010a300, 3286;
E_0x557bd010b960/821 .event anyedge, v0x557bd010a300_3283, v0x557bd010a300_3284, v0x557bd010a300_3285, v0x557bd010a300_3286;
v0x557bd010a300_3287 .array/port v0x557bd010a300, 3287;
v0x557bd010a300_3288 .array/port v0x557bd010a300, 3288;
v0x557bd010a300_3289 .array/port v0x557bd010a300, 3289;
v0x557bd010a300_3290 .array/port v0x557bd010a300, 3290;
E_0x557bd010b960/822 .event anyedge, v0x557bd010a300_3287, v0x557bd010a300_3288, v0x557bd010a300_3289, v0x557bd010a300_3290;
v0x557bd010a300_3291 .array/port v0x557bd010a300, 3291;
v0x557bd010a300_3292 .array/port v0x557bd010a300, 3292;
v0x557bd010a300_3293 .array/port v0x557bd010a300, 3293;
v0x557bd010a300_3294 .array/port v0x557bd010a300, 3294;
E_0x557bd010b960/823 .event anyedge, v0x557bd010a300_3291, v0x557bd010a300_3292, v0x557bd010a300_3293, v0x557bd010a300_3294;
v0x557bd010a300_3295 .array/port v0x557bd010a300, 3295;
v0x557bd010a300_3296 .array/port v0x557bd010a300, 3296;
v0x557bd010a300_3297 .array/port v0x557bd010a300, 3297;
v0x557bd010a300_3298 .array/port v0x557bd010a300, 3298;
E_0x557bd010b960/824 .event anyedge, v0x557bd010a300_3295, v0x557bd010a300_3296, v0x557bd010a300_3297, v0x557bd010a300_3298;
v0x557bd010a300_3299 .array/port v0x557bd010a300, 3299;
v0x557bd010a300_3300 .array/port v0x557bd010a300, 3300;
v0x557bd010a300_3301 .array/port v0x557bd010a300, 3301;
v0x557bd010a300_3302 .array/port v0x557bd010a300, 3302;
E_0x557bd010b960/825 .event anyedge, v0x557bd010a300_3299, v0x557bd010a300_3300, v0x557bd010a300_3301, v0x557bd010a300_3302;
v0x557bd010a300_3303 .array/port v0x557bd010a300, 3303;
v0x557bd010a300_3304 .array/port v0x557bd010a300, 3304;
v0x557bd010a300_3305 .array/port v0x557bd010a300, 3305;
v0x557bd010a300_3306 .array/port v0x557bd010a300, 3306;
E_0x557bd010b960/826 .event anyedge, v0x557bd010a300_3303, v0x557bd010a300_3304, v0x557bd010a300_3305, v0x557bd010a300_3306;
v0x557bd010a300_3307 .array/port v0x557bd010a300, 3307;
v0x557bd010a300_3308 .array/port v0x557bd010a300, 3308;
v0x557bd010a300_3309 .array/port v0x557bd010a300, 3309;
v0x557bd010a300_3310 .array/port v0x557bd010a300, 3310;
E_0x557bd010b960/827 .event anyedge, v0x557bd010a300_3307, v0x557bd010a300_3308, v0x557bd010a300_3309, v0x557bd010a300_3310;
v0x557bd010a300_3311 .array/port v0x557bd010a300, 3311;
v0x557bd010a300_3312 .array/port v0x557bd010a300, 3312;
v0x557bd010a300_3313 .array/port v0x557bd010a300, 3313;
v0x557bd010a300_3314 .array/port v0x557bd010a300, 3314;
E_0x557bd010b960/828 .event anyedge, v0x557bd010a300_3311, v0x557bd010a300_3312, v0x557bd010a300_3313, v0x557bd010a300_3314;
v0x557bd010a300_3315 .array/port v0x557bd010a300, 3315;
v0x557bd010a300_3316 .array/port v0x557bd010a300, 3316;
v0x557bd010a300_3317 .array/port v0x557bd010a300, 3317;
v0x557bd010a300_3318 .array/port v0x557bd010a300, 3318;
E_0x557bd010b960/829 .event anyedge, v0x557bd010a300_3315, v0x557bd010a300_3316, v0x557bd010a300_3317, v0x557bd010a300_3318;
v0x557bd010a300_3319 .array/port v0x557bd010a300, 3319;
v0x557bd010a300_3320 .array/port v0x557bd010a300, 3320;
v0x557bd010a300_3321 .array/port v0x557bd010a300, 3321;
v0x557bd010a300_3322 .array/port v0x557bd010a300, 3322;
E_0x557bd010b960/830 .event anyedge, v0x557bd010a300_3319, v0x557bd010a300_3320, v0x557bd010a300_3321, v0x557bd010a300_3322;
v0x557bd010a300_3323 .array/port v0x557bd010a300, 3323;
v0x557bd010a300_3324 .array/port v0x557bd010a300, 3324;
v0x557bd010a300_3325 .array/port v0x557bd010a300, 3325;
v0x557bd010a300_3326 .array/port v0x557bd010a300, 3326;
E_0x557bd010b960/831 .event anyedge, v0x557bd010a300_3323, v0x557bd010a300_3324, v0x557bd010a300_3325, v0x557bd010a300_3326;
v0x557bd010a300_3327 .array/port v0x557bd010a300, 3327;
v0x557bd010a300_3328 .array/port v0x557bd010a300, 3328;
v0x557bd010a300_3329 .array/port v0x557bd010a300, 3329;
v0x557bd010a300_3330 .array/port v0x557bd010a300, 3330;
E_0x557bd010b960/832 .event anyedge, v0x557bd010a300_3327, v0x557bd010a300_3328, v0x557bd010a300_3329, v0x557bd010a300_3330;
v0x557bd010a300_3331 .array/port v0x557bd010a300, 3331;
v0x557bd010a300_3332 .array/port v0x557bd010a300, 3332;
v0x557bd010a300_3333 .array/port v0x557bd010a300, 3333;
v0x557bd010a300_3334 .array/port v0x557bd010a300, 3334;
E_0x557bd010b960/833 .event anyedge, v0x557bd010a300_3331, v0x557bd010a300_3332, v0x557bd010a300_3333, v0x557bd010a300_3334;
v0x557bd010a300_3335 .array/port v0x557bd010a300, 3335;
v0x557bd010a300_3336 .array/port v0x557bd010a300, 3336;
v0x557bd010a300_3337 .array/port v0x557bd010a300, 3337;
v0x557bd010a300_3338 .array/port v0x557bd010a300, 3338;
E_0x557bd010b960/834 .event anyedge, v0x557bd010a300_3335, v0x557bd010a300_3336, v0x557bd010a300_3337, v0x557bd010a300_3338;
v0x557bd010a300_3339 .array/port v0x557bd010a300, 3339;
v0x557bd010a300_3340 .array/port v0x557bd010a300, 3340;
v0x557bd010a300_3341 .array/port v0x557bd010a300, 3341;
v0x557bd010a300_3342 .array/port v0x557bd010a300, 3342;
E_0x557bd010b960/835 .event anyedge, v0x557bd010a300_3339, v0x557bd010a300_3340, v0x557bd010a300_3341, v0x557bd010a300_3342;
v0x557bd010a300_3343 .array/port v0x557bd010a300, 3343;
v0x557bd010a300_3344 .array/port v0x557bd010a300, 3344;
v0x557bd010a300_3345 .array/port v0x557bd010a300, 3345;
v0x557bd010a300_3346 .array/port v0x557bd010a300, 3346;
E_0x557bd010b960/836 .event anyedge, v0x557bd010a300_3343, v0x557bd010a300_3344, v0x557bd010a300_3345, v0x557bd010a300_3346;
v0x557bd010a300_3347 .array/port v0x557bd010a300, 3347;
v0x557bd010a300_3348 .array/port v0x557bd010a300, 3348;
v0x557bd010a300_3349 .array/port v0x557bd010a300, 3349;
v0x557bd010a300_3350 .array/port v0x557bd010a300, 3350;
E_0x557bd010b960/837 .event anyedge, v0x557bd010a300_3347, v0x557bd010a300_3348, v0x557bd010a300_3349, v0x557bd010a300_3350;
v0x557bd010a300_3351 .array/port v0x557bd010a300, 3351;
v0x557bd010a300_3352 .array/port v0x557bd010a300, 3352;
v0x557bd010a300_3353 .array/port v0x557bd010a300, 3353;
v0x557bd010a300_3354 .array/port v0x557bd010a300, 3354;
E_0x557bd010b960/838 .event anyedge, v0x557bd010a300_3351, v0x557bd010a300_3352, v0x557bd010a300_3353, v0x557bd010a300_3354;
v0x557bd010a300_3355 .array/port v0x557bd010a300, 3355;
v0x557bd010a300_3356 .array/port v0x557bd010a300, 3356;
v0x557bd010a300_3357 .array/port v0x557bd010a300, 3357;
v0x557bd010a300_3358 .array/port v0x557bd010a300, 3358;
E_0x557bd010b960/839 .event anyedge, v0x557bd010a300_3355, v0x557bd010a300_3356, v0x557bd010a300_3357, v0x557bd010a300_3358;
v0x557bd010a300_3359 .array/port v0x557bd010a300, 3359;
v0x557bd010a300_3360 .array/port v0x557bd010a300, 3360;
v0x557bd010a300_3361 .array/port v0x557bd010a300, 3361;
v0x557bd010a300_3362 .array/port v0x557bd010a300, 3362;
E_0x557bd010b960/840 .event anyedge, v0x557bd010a300_3359, v0x557bd010a300_3360, v0x557bd010a300_3361, v0x557bd010a300_3362;
v0x557bd010a300_3363 .array/port v0x557bd010a300, 3363;
v0x557bd010a300_3364 .array/port v0x557bd010a300, 3364;
v0x557bd010a300_3365 .array/port v0x557bd010a300, 3365;
v0x557bd010a300_3366 .array/port v0x557bd010a300, 3366;
E_0x557bd010b960/841 .event anyedge, v0x557bd010a300_3363, v0x557bd010a300_3364, v0x557bd010a300_3365, v0x557bd010a300_3366;
v0x557bd010a300_3367 .array/port v0x557bd010a300, 3367;
v0x557bd010a300_3368 .array/port v0x557bd010a300, 3368;
v0x557bd010a300_3369 .array/port v0x557bd010a300, 3369;
v0x557bd010a300_3370 .array/port v0x557bd010a300, 3370;
E_0x557bd010b960/842 .event anyedge, v0x557bd010a300_3367, v0x557bd010a300_3368, v0x557bd010a300_3369, v0x557bd010a300_3370;
v0x557bd010a300_3371 .array/port v0x557bd010a300, 3371;
v0x557bd010a300_3372 .array/port v0x557bd010a300, 3372;
v0x557bd010a300_3373 .array/port v0x557bd010a300, 3373;
v0x557bd010a300_3374 .array/port v0x557bd010a300, 3374;
E_0x557bd010b960/843 .event anyedge, v0x557bd010a300_3371, v0x557bd010a300_3372, v0x557bd010a300_3373, v0x557bd010a300_3374;
v0x557bd010a300_3375 .array/port v0x557bd010a300, 3375;
v0x557bd010a300_3376 .array/port v0x557bd010a300, 3376;
v0x557bd010a300_3377 .array/port v0x557bd010a300, 3377;
v0x557bd010a300_3378 .array/port v0x557bd010a300, 3378;
E_0x557bd010b960/844 .event anyedge, v0x557bd010a300_3375, v0x557bd010a300_3376, v0x557bd010a300_3377, v0x557bd010a300_3378;
v0x557bd010a300_3379 .array/port v0x557bd010a300, 3379;
v0x557bd010a300_3380 .array/port v0x557bd010a300, 3380;
v0x557bd010a300_3381 .array/port v0x557bd010a300, 3381;
v0x557bd010a300_3382 .array/port v0x557bd010a300, 3382;
E_0x557bd010b960/845 .event anyedge, v0x557bd010a300_3379, v0x557bd010a300_3380, v0x557bd010a300_3381, v0x557bd010a300_3382;
v0x557bd010a300_3383 .array/port v0x557bd010a300, 3383;
v0x557bd010a300_3384 .array/port v0x557bd010a300, 3384;
v0x557bd010a300_3385 .array/port v0x557bd010a300, 3385;
v0x557bd010a300_3386 .array/port v0x557bd010a300, 3386;
E_0x557bd010b960/846 .event anyedge, v0x557bd010a300_3383, v0x557bd010a300_3384, v0x557bd010a300_3385, v0x557bd010a300_3386;
v0x557bd010a300_3387 .array/port v0x557bd010a300, 3387;
v0x557bd010a300_3388 .array/port v0x557bd010a300, 3388;
v0x557bd010a300_3389 .array/port v0x557bd010a300, 3389;
v0x557bd010a300_3390 .array/port v0x557bd010a300, 3390;
E_0x557bd010b960/847 .event anyedge, v0x557bd010a300_3387, v0x557bd010a300_3388, v0x557bd010a300_3389, v0x557bd010a300_3390;
v0x557bd010a300_3391 .array/port v0x557bd010a300, 3391;
v0x557bd010a300_3392 .array/port v0x557bd010a300, 3392;
v0x557bd010a300_3393 .array/port v0x557bd010a300, 3393;
v0x557bd010a300_3394 .array/port v0x557bd010a300, 3394;
E_0x557bd010b960/848 .event anyedge, v0x557bd010a300_3391, v0x557bd010a300_3392, v0x557bd010a300_3393, v0x557bd010a300_3394;
v0x557bd010a300_3395 .array/port v0x557bd010a300, 3395;
v0x557bd010a300_3396 .array/port v0x557bd010a300, 3396;
v0x557bd010a300_3397 .array/port v0x557bd010a300, 3397;
v0x557bd010a300_3398 .array/port v0x557bd010a300, 3398;
E_0x557bd010b960/849 .event anyedge, v0x557bd010a300_3395, v0x557bd010a300_3396, v0x557bd010a300_3397, v0x557bd010a300_3398;
v0x557bd010a300_3399 .array/port v0x557bd010a300, 3399;
v0x557bd010a300_3400 .array/port v0x557bd010a300, 3400;
v0x557bd010a300_3401 .array/port v0x557bd010a300, 3401;
v0x557bd010a300_3402 .array/port v0x557bd010a300, 3402;
E_0x557bd010b960/850 .event anyedge, v0x557bd010a300_3399, v0x557bd010a300_3400, v0x557bd010a300_3401, v0x557bd010a300_3402;
v0x557bd010a300_3403 .array/port v0x557bd010a300, 3403;
v0x557bd010a300_3404 .array/port v0x557bd010a300, 3404;
v0x557bd010a300_3405 .array/port v0x557bd010a300, 3405;
v0x557bd010a300_3406 .array/port v0x557bd010a300, 3406;
E_0x557bd010b960/851 .event anyedge, v0x557bd010a300_3403, v0x557bd010a300_3404, v0x557bd010a300_3405, v0x557bd010a300_3406;
v0x557bd010a300_3407 .array/port v0x557bd010a300, 3407;
v0x557bd010a300_3408 .array/port v0x557bd010a300, 3408;
v0x557bd010a300_3409 .array/port v0x557bd010a300, 3409;
v0x557bd010a300_3410 .array/port v0x557bd010a300, 3410;
E_0x557bd010b960/852 .event anyedge, v0x557bd010a300_3407, v0x557bd010a300_3408, v0x557bd010a300_3409, v0x557bd010a300_3410;
v0x557bd010a300_3411 .array/port v0x557bd010a300, 3411;
v0x557bd010a300_3412 .array/port v0x557bd010a300, 3412;
v0x557bd010a300_3413 .array/port v0x557bd010a300, 3413;
v0x557bd010a300_3414 .array/port v0x557bd010a300, 3414;
E_0x557bd010b960/853 .event anyedge, v0x557bd010a300_3411, v0x557bd010a300_3412, v0x557bd010a300_3413, v0x557bd010a300_3414;
v0x557bd010a300_3415 .array/port v0x557bd010a300, 3415;
v0x557bd010a300_3416 .array/port v0x557bd010a300, 3416;
v0x557bd010a300_3417 .array/port v0x557bd010a300, 3417;
v0x557bd010a300_3418 .array/port v0x557bd010a300, 3418;
E_0x557bd010b960/854 .event anyedge, v0x557bd010a300_3415, v0x557bd010a300_3416, v0x557bd010a300_3417, v0x557bd010a300_3418;
v0x557bd010a300_3419 .array/port v0x557bd010a300, 3419;
v0x557bd010a300_3420 .array/port v0x557bd010a300, 3420;
v0x557bd010a300_3421 .array/port v0x557bd010a300, 3421;
v0x557bd010a300_3422 .array/port v0x557bd010a300, 3422;
E_0x557bd010b960/855 .event anyedge, v0x557bd010a300_3419, v0x557bd010a300_3420, v0x557bd010a300_3421, v0x557bd010a300_3422;
v0x557bd010a300_3423 .array/port v0x557bd010a300, 3423;
v0x557bd010a300_3424 .array/port v0x557bd010a300, 3424;
v0x557bd010a300_3425 .array/port v0x557bd010a300, 3425;
v0x557bd010a300_3426 .array/port v0x557bd010a300, 3426;
E_0x557bd010b960/856 .event anyedge, v0x557bd010a300_3423, v0x557bd010a300_3424, v0x557bd010a300_3425, v0x557bd010a300_3426;
v0x557bd010a300_3427 .array/port v0x557bd010a300, 3427;
v0x557bd010a300_3428 .array/port v0x557bd010a300, 3428;
v0x557bd010a300_3429 .array/port v0x557bd010a300, 3429;
v0x557bd010a300_3430 .array/port v0x557bd010a300, 3430;
E_0x557bd010b960/857 .event anyedge, v0x557bd010a300_3427, v0x557bd010a300_3428, v0x557bd010a300_3429, v0x557bd010a300_3430;
v0x557bd010a300_3431 .array/port v0x557bd010a300, 3431;
v0x557bd010a300_3432 .array/port v0x557bd010a300, 3432;
v0x557bd010a300_3433 .array/port v0x557bd010a300, 3433;
v0x557bd010a300_3434 .array/port v0x557bd010a300, 3434;
E_0x557bd010b960/858 .event anyedge, v0x557bd010a300_3431, v0x557bd010a300_3432, v0x557bd010a300_3433, v0x557bd010a300_3434;
v0x557bd010a300_3435 .array/port v0x557bd010a300, 3435;
v0x557bd010a300_3436 .array/port v0x557bd010a300, 3436;
v0x557bd010a300_3437 .array/port v0x557bd010a300, 3437;
v0x557bd010a300_3438 .array/port v0x557bd010a300, 3438;
E_0x557bd010b960/859 .event anyedge, v0x557bd010a300_3435, v0x557bd010a300_3436, v0x557bd010a300_3437, v0x557bd010a300_3438;
v0x557bd010a300_3439 .array/port v0x557bd010a300, 3439;
v0x557bd010a300_3440 .array/port v0x557bd010a300, 3440;
v0x557bd010a300_3441 .array/port v0x557bd010a300, 3441;
v0x557bd010a300_3442 .array/port v0x557bd010a300, 3442;
E_0x557bd010b960/860 .event anyedge, v0x557bd010a300_3439, v0x557bd010a300_3440, v0x557bd010a300_3441, v0x557bd010a300_3442;
v0x557bd010a300_3443 .array/port v0x557bd010a300, 3443;
v0x557bd010a300_3444 .array/port v0x557bd010a300, 3444;
v0x557bd010a300_3445 .array/port v0x557bd010a300, 3445;
v0x557bd010a300_3446 .array/port v0x557bd010a300, 3446;
E_0x557bd010b960/861 .event anyedge, v0x557bd010a300_3443, v0x557bd010a300_3444, v0x557bd010a300_3445, v0x557bd010a300_3446;
v0x557bd010a300_3447 .array/port v0x557bd010a300, 3447;
v0x557bd010a300_3448 .array/port v0x557bd010a300, 3448;
v0x557bd010a300_3449 .array/port v0x557bd010a300, 3449;
v0x557bd010a300_3450 .array/port v0x557bd010a300, 3450;
E_0x557bd010b960/862 .event anyedge, v0x557bd010a300_3447, v0x557bd010a300_3448, v0x557bd010a300_3449, v0x557bd010a300_3450;
v0x557bd010a300_3451 .array/port v0x557bd010a300, 3451;
v0x557bd010a300_3452 .array/port v0x557bd010a300, 3452;
v0x557bd010a300_3453 .array/port v0x557bd010a300, 3453;
v0x557bd010a300_3454 .array/port v0x557bd010a300, 3454;
E_0x557bd010b960/863 .event anyedge, v0x557bd010a300_3451, v0x557bd010a300_3452, v0x557bd010a300_3453, v0x557bd010a300_3454;
v0x557bd010a300_3455 .array/port v0x557bd010a300, 3455;
v0x557bd010a300_3456 .array/port v0x557bd010a300, 3456;
v0x557bd010a300_3457 .array/port v0x557bd010a300, 3457;
v0x557bd010a300_3458 .array/port v0x557bd010a300, 3458;
E_0x557bd010b960/864 .event anyedge, v0x557bd010a300_3455, v0x557bd010a300_3456, v0x557bd010a300_3457, v0x557bd010a300_3458;
v0x557bd010a300_3459 .array/port v0x557bd010a300, 3459;
v0x557bd010a300_3460 .array/port v0x557bd010a300, 3460;
v0x557bd010a300_3461 .array/port v0x557bd010a300, 3461;
v0x557bd010a300_3462 .array/port v0x557bd010a300, 3462;
E_0x557bd010b960/865 .event anyedge, v0x557bd010a300_3459, v0x557bd010a300_3460, v0x557bd010a300_3461, v0x557bd010a300_3462;
v0x557bd010a300_3463 .array/port v0x557bd010a300, 3463;
v0x557bd010a300_3464 .array/port v0x557bd010a300, 3464;
v0x557bd010a300_3465 .array/port v0x557bd010a300, 3465;
v0x557bd010a300_3466 .array/port v0x557bd010a300, 3466;
E_0x557bd010b960/866 .event anyedge, v0x557bd010a300_3463, v0x557bd010a300_3464, v0x557bd010a300_3465, v0x557bd010a300_3466;
v0x557bd010a300_3467 .array/port v0x557bd010a300, 3467;
v0x557bd010a300_3468 .array/port v0x557bd010a300, 3468;
v0x557bd010a300_3469 .array/port v0x557bd010a300, 3469;
v0x557bd010a300_3470 .array/port v0x557bd010a300, 3470;
E_0x557bd010b960/867 .event anyedge, v0x557bd010a300_3467, v0x557bd010a300_3468, v0x557bd010a300_3469, v0x557bd010a300_3470;
v0x557bd010a300_3471 .array/port v0x557bd010a300, 3471;
v0x557bd010a300_3472 .array/port v0x557bd010a300, 3472;
v0x557bd010a300_3473 .array/port v0x557bd010a300, 3473;
v0x557bd010a300_3474 .array/port v0x557bd010a300, 3474;
E_0x557bd010b960/868 .event anyedge, v0x557bd010a300_3471, v0x557bd010a300_3472, v0x557bd010a300_3473, v0x557bd010a300_3474;
v0x557bd010a300_3475 .array/port v0x557bd010a300, 3475;
v0x557bd010a300_3476 .array/port v0x557bd010a300, 3476;
v0x557bd010a300_3477 .array/port v0x557bd010a300, 3477;
v0x557bd010a300_3478 .array/port v0x557bd010a300, 3478;
E_0x557bd010b960/869 .event anyedge, v0x557bd010a300_3475, v0x557bd010a300_3476, v0x557bd010a300_3477, v0x557bd010a300_3478;
v0x557bd010a300_3479 .array/port v0x557bd010a300, 3479;
v0x557bd010a300_3480 .array/port v0x557bd010a300, 3480;
v0x557bd010a300_3481 .array/port v0x557bd010a300, 3481;
v0x557bd010a300_3482 .array/port v0x557bd010a300, 3482;
E_0x557bd010b960/870 .event anyedge, v0x557bd010a300_3479, v0x557bd010a300_3480, v0x557bd010a300_3481, v0x557bd010a300_3482;
v0x557bd010a300_3483 .array/port v0x557bd010a300, 3483;
v0x557bd010a300_3484 .array/port v0x557bd010a300, 3484;
v0x557bd010a300_3485 .array/port v0x557bd010a300, 3485;
v0x557bd010a300_3486 .array/port v0x557bd010a300, 3486;
E_0x557bd010b960/871 .event anyedge, v0x557bd010a300_3483, v0x557bd010a300_3484, v0x557bd010a300_3485, v0x557bd010a300_3486;
v0x557bd010a300_3487 .array/port v0x557bd010a300, 3487;
v0x557bd010a300_3488 .array/port v0x557bd010a300, 3488;
v0x557bd010a300_3489 .array/port v0x557bd010a300, 3489;
v0x557bd010a300_3490 .array/port v0x557bd010a300, 3490;
E_0x557bd010b960/872 .event anyedge, v0x557bd010a300_3487, v0x557bd010a300_3488, v0x557bd010a300_3489, v0x557bd010a300_3490;
v0x557bd010a300_3491 .array/port v0x557bd010a300, 3491;
v0x557bd010a300_3492 .array/port v0x557bd010a300, 3492;
v0x557bd010a300_3493 .array/port v0x557bd010a300, 3493;
v0x557bd010a300_3494 .array/port v0x557bd010a300, 3494;
E_0x557bd010b960/873 .event anyedge, v0x557bd010a300_3491, v0x557bd010a300_3492, v0x557bd010a300_3493, v0x557bd010a300_3494;
v0x557bd010a300_3495 .array/port v0x557bd010a300, 3495;
v0x557bd010a300_3496 .array/port v0x557bd010a300, 3496;
v0x557bd010a300_3497 .array/port v0x557bd010a300, 3497;
v0x557bd010a300_3498 .array/port v0x557bd010a300, 3498;
E_0x557bd010b960/874 .event anyedge, v0x557bd010a300_3495, v0x557bd010a300_3496, v0x557bd010a300_3497, v0x557bd010a300_3498;
v0x557bd010a300_3499 .array/port v0x557bd010a300, 3499;
v0x557bd010a300_3500 .array/port v0x557bd010a300, 3500;
v0x557bd010a300_3501 .array/port v0x557bd010a300, 3501;
v0x557bd010a300_3502 .array/port v0x557bd010a300, 3502;
E_0x557bd010b960/875 .event anyedge, v0x557bd010a300_3499, v0x557bd010a300_3500, v0x557bd010a300_3501, v0x557bd010a300_3502;
v0x557bd010a300_3503 .array/port v0x557bd010a300, 3503;
v0x557bd010a300_3504 .array/port v0x557bd010a300, 3504;
v0x557bd010a300_3505 .array/port v0x557bd010a300, 3505;
v0x557bd010a300_3506 .array/port v0x557bd010a300, 3506;
E_0x557bd010b960/876 .event anyedge, v0x557bd010a300_3503, v0x557bd010a300_3504, v0x557bd010a300_3505, v0x557bd010a300_3506;
v0x557bd010a300_3507 .array/port v0x557bd010a300, 3507;
v0x557bd010a300_3508 .array/port v0x557bd010a300, 3508;
v0x557bd010a300_3509 .array/port v0x557bd010a300, 3509;
v0x557bd010a300_3510 .array/port v0x557bd010a300, 3510;
E_0x557bd010b960/877 .event anyedge, v0x557bd010a300_3507, v0x557bd010a300_3508, v0x557bd010a300_3509, v0x557bd010a300_3510;
v0x557bd010a300_3511 .array/port v0x557bd010a300, 3511;
v0x557bd010a300_3512 .array/port v0x557bd010a300, 3512;
v0x557bd010a300_3513 .array/port v0x557bd010a300, 3513;
v0x557bd010a300_3514 .array/port v0x557bd010a300, 3514;
E_0x557bd010b960/878 .event anyedge, v0x557bd010a300_3511, v0x557bd010a300_3512, v0x557bd010a300_3513, v0x557bd010a300_3514;
v0x557bd010a300_3515 .array/port v0x557bd010a300, 3515;
v0x557bd010a300_3516 .array/port v0x557bd010a300, 3516;
v0x557bd010a300_3517 .array/port v0x557bd010a300, 3517;
v0x557bd010a300_3518 .array/port v0x557bd010a300, 3518;
E_0x557bd010b960/879 .event anyedge, v0x557bd010a300_3515, v0x557bd010a300_3516, v0x557bd010a300_3517, v0x557bd010a300_3518;
v0x557bd010a300_3519 .array/port v0x557bd010a300, 3519;
v0x557bd010a300_3520 .array/port v0x557bd010a300, 3520;
v0x557bd010a300_3521 .array/port v0x557bd010a300, 3521;
v0x557bd010a300_3522 .array/port v0x557bd010a300, 3522;
E_0x557bd010b960/880 .event anyedge, v0x557bd010a300_3519, v0x557bd010a300_3520, v0x557bd010a300_3521, v0x557bd010a300_3522;
v0x557bd010a300_3523 .array/port v0x557bd010a300, 3523;
v0x557bd010a300_3524 .array/port v0x557bd010a300, 3524;
v0x557bd010a300_3525 .array/port v0x557bd010a300, 3525;
v0x557bd010a300_3526 .array/port v0x557bd010a300, 3526;
E_0x557bd010b960/881 .event anyedge, v0x557bd010a300_3523, v0x557bd010a300_3524, v0x557bd010a300_3525, v0x557bd010a300_3526;
v0x557bd010a300_3527 .array/port v0x557bd010a300, 3527;
v0x557bd010a300_3528 .array/port v0x557bd010a300, 3528;
v0x557bd010a300_3529 .array/port v0x557bd010a300, 3529;
v0x557bd010a300_3530 .array/port v0x557bd010a300, 3530;
E_0x557bd010b960/882 .event anyedge, v0x557bd010a300_3527, v0x557bd010a300_3528, v0x557bd010a300_3529, v0x557bd010a300_3530;
v0x557bd010a300_3531 .array/port v0x557bd010a300, 3531;
v0x557bd010a300_3532 .array/port v0x557bd010a300, 3532;
v0x557bd010a300_3533 .array/port v0x557bd010a300, 3533;
v0x557bd010a300_3534 .array/port v0x557bd010a300, 3534;
E_0x557bd010b960/883 .event anyedge, v0x557bd010a300_3531, v0x557bd010a300_3532, v0x557bd010a300_3533, v0x557bd010a300_3534;
v0x557bd010a300_3535 .array/port v0x557bd010a300, 3535;
v0x557bd010a300_3536 .array/port v0x557bd010a300, 3536;
v0x557bd010a300_3537 .array/port v0x557bd010a300, 3537;
v0x557bd010a300_3538 .array/port v0x557bd010a300, 3538;
E_0x557bd010b960/884 .event anyedge, v0x557bd010a300_3535, v0x557bd010a300_3536, v0x557bd010a300_3537, v0x557bd010a300_3538;
v0x557bd010a300_3539 .array/port v0x557bd010a300, 3539;
v0x557bd010a300_3540 .array/port v0x557bd010a300, 3540;
v0x557bd010a300_3541 .array/port v0x557bd010a300, 3541;
v0x557bd010a300_3542 .array/port v0x557bd010a300, 3542;
E_0x557bd010b960/885 .event anyedge, v0x557bd010a300_3539, v0x557bd010a300_3540, v0x557bd010a300_3541, v0x557bd010a300_3542;
v0x557bd010a300_3543 .array/port v0x557bd010a300, 3543;
v0x557bd010a300_3544 .array/port v0x557bd010a300, 3544;
v0x557bd010a300_3545 .array/port v0x557bd010a300, 3545;
v0x557bd010a300_3546 .array/port v0x557bd010a300, 3546;
E_0x557bd010b960/886 .event anyedge, v0x557bd010a300_3543, v0x557bd010a300_3544, v0x557bd010a300_3545, v0x557bd010a300_3546;
v0x557bd010a300_3547 .array/port v0x557bd010a300, 3547;
v0x557bd010a300_3548 .array/port v0x557bd010a300, 3548;
v0x557bd010a300_3549 .array/port v0x557bd010a300, 3549;
v0x557bd010a300_3550 .array/port v0x557bd010a300, 3550;
E_0x557bd010b960/887 .event anyedge, v0x557bd010a300_3547, v0x557bd010a300_3548, v0x557bd010a300_3549, v0x557bd010a300_3550;
v0x557bd010a300_3551 .array/port v0x557bd010a300, 3551;
v0x557bd010a300_3552 .array/port v0x557bd010a300, 3552;
v0x557bd010a300_3553 .array/port v0x557bd010a300, 3553;
v0x557bd010a300_3554 .array/port v0x557bd010a300, 3554;
E_0x557bd010b960/888 .event anyedge, v0x557bd010a300_3551, v0x557bd010a300_3552, v0x557bd010a300_3553, v0x557bd010a300_3554;
v0x557bd010a300_3555 .array/port v0x557bd010a300, 3555;
v0x557bd010a300_3556 .array/port v0x557bd010a300, 3556;
v0x557bd010a300_3557 .array/port v0x557bd010a300, 3557;
v0x557bd010a300_3558 .array/port v0x557bd010a300, 3558;
E_0x557bd010b960/889 .event anyedge, v0x557bd010a300_3555, v0x557bd010a300_3556, v0x557bd010a300_3557, v0x557bd010a300_3558;
v0x557bd010a300_3559 .array/port v0x557bd010a300, 3559;
v0x557bd010a300_3560 .array/port v0x557bd010a300, 3560;
v0x557bd010a300_3561 .array/port v0x557bd010a300, 3561;
v0x557bd010a300_3562 .array/port v0x557bd010a300, 3562;
E_0x557bd010b960/890 .event anyedge, v0x557bd010a300_3559, v0x557bd010a300_3560, v0x557bd010a300_3561, v0x557bd010a300_3562;
v0x557bd010a300_3563 .array/port v0x557bd010a300, 3563;
v0x557bd010a300_3564 .array/port v0x557bd010a300, 3564;
v0x557bd010a300_3565 .array/port v0x557bd010a300, 3565;
v0x557bd010a300_3566 .array/port v0x557bd010a300, 3566;
E_0x557bd010b960/891 .event anyedge, v0x557bd010a300_3563, v0x557bd010a300_3564, v0x557bd010a300_3565, v0x557bd010a300_3566;
v0x557bd010a300_3567 .array/port v0x557bd010a300, 3567;
v0x557bd010a300_3568 .array/port v0x557bd010a300, 3568;
v0x557bd010a300_3569 .array/port v0x557bd010a300, 3569;
v0x557bd010a300_3570 .array/port v0x557bd010a300, 3570;
E_0x557bd010b960/892 .event anyedge, v0x557bd010a300_3567, v0x557bd010a300_3568, v0x557bd010a300_3569, v0x557bd010a300_3570;
v0x557bd010a300_3571 .array/port v0x557bd010a300, 3571;
v0x557bd010a300_3572 .array/port v0x557bd010a300, 3572;
v0x557bd010a300_3573 .array/port v0x557bd010a300, 3573;
v0x557bd010a300_3574 .array/port v0x557bd010a300, 3574;
E_0x557bd010b960/893 .event anyedge, v0x557bd010a300_3571, v0x557bd010a300_3572, v0x557bd010a300_3573, v0x557bd010a300_3574;
v0x557bd010a300_3575 .array/port v0x557bd010a300, 3575;
v0x557bd010a300_3576 .array/port v0x557bd010a300, 3576;
v0x557bd010a300_3577 .array/port v0x557bd010a300, 3577;
v0x557bd010a300_3578 .array/port v0x557bd010a300, 3578;
E_0x557bd010b960/894 .event anyedge, v0x557bd010a300_3575, v0x557bd010a300_3576, v0x557bd010a300_3577, v0x557bd010a300_3578;
v0x557bd010a300_3579 .array/port v0x557bd010a300, 3579;
v0x557bd010a300_3580 .array/port v0x557bd010a300, 3580;
v0x557bd010a300_3581 .array/port v0x557bd010a300, 3581;
v0x557bd010a300_3582 .array/port v0x557bd010a300, 3582;
E_0x557bd010b960/895 .event anyedge, v0x557bd010a300_3579, v0x557bd010a300_3580, v0x557bd010a300_3581, v0x557bd010a300_3582;
v0x557bd010a300_3583 .array/port v0x557bd010a300, 3583;
v0x557bd010a300_3584 .array/port v0x557bd010a300, 3584;
v0x557bd010a300_3585 .array/port v0x557bd010a300, 3585;
v0x557bd010a300_3586 .array/port v0x557bd010a300, 3586;
E_0x557bd010b960/896 .event anyedge, v0x557bd010a300_3583, v0x557bd010a300_3584, v0x557bd010a300_3585, v0x557bd010a300_3586;
v0x557bd010a300_3587 .array/port v0x557bd010a300, 3587;
v0x557bd010a300_3588 .array/port v0x557bd010a300, 3588;
v0x557bd010a300_3589 .array/port v0x557bd010a300, 3589;
v0x557bd010a300_3590 .array/port v0x557bd010a300, 3590;
E_0x557bd010b960/897 .event anyedge, v0x557bd010a300_3587, v0x557bd010a300_3588, v0x557bd010a300_3589, v0x557bd010a300_3590;
v0x557bd010a300_3591 .array/port v0x557bd010a300, 3591;
v0x557bd010a300_3592 .array/port v0x557bd010a300, 3592;
v0x557bd010a300_3593 .array/port v0x557bd010a300, 3593;
v0x557bd010a300_3594 .array/port v0x557bd010a300, 3594;
E_0x557bd010b960/898 .event anyedge, v0x557bd010a300_3591, v0x557bd010a300_3592, v0x557bd010a300_3593, v0x557bd010a300_3594;
v0x557bd010a300_3595 .array/port v0x557bd010a300, 3595;
v0x557bd010a300_3596 .array/port v0x557bd010a300, 3596;
v0x557bd010a300_3597 .array/port v0x557bd010a300, 3597;
v0x557bd010a300_3598 .array/port v0x557bd010a300, 3598;
E_0x557bd010b960/899 .event anyedge, v0x557bd010a300_3595, v0x557bd010a300_3596, v0x557bd010a300_3597, v0x557bd010a300_3598;
v0x557bd010a300_3599 .array/port v0x557bd010a300, 3599;
v0x557bd010a300_3600 .array/port v0x557bd010a300, 3600;
v0x557bd010a300_3601 .array/port v0x557bd010a300, 3601;
v0x557bd010a300_3602 .array/port v0x557bd010a300, 3602;
E_0x557bd010b960/900 .event anyedge, v0x557bd010a300_3599, v0x557bd010a300_3600, v0x557bd010a300_3601, v0x557bd010a300_3602;
v0x557bd010a300_3603 .array/port v0x557bd010a300, 3603;
v0x557bd010a300_3604 .array/port v0x557bd010a300, 3604;
v0x557bd010a300_3605 .array/port v0x557bd010a300, 3605;
v0x557bd010a300_3606 .array/port v0x557bd010a300, 3606;
E_0x557bd010b960/901 .event anyedge, v0x557bd010a300_3603, v0x557bd010a300_3604, v0x557bd010a300_3605, v0x557bd010a300_3606;
v0x557bd010a300_3607 .array/port v0x557bd010a300, 3607;
v0x557bd010a300_3608 .array/port v0x557bd010a300, 3608;
v0x557bd010a300_3609 .array/port v0x557bd010a300, 3609;
v0x557bd010a300_3610 .array/port v0x557bd010a300, 3610;
E_0x557bd010b960/902 .event anyedge, v0x557bd010a300_3607, v0x557bd010a300_3608, v0x557bd010a300_3609, v0x557bd010a300_3610;
v0x557bd010a300_3611 .array/port v0x557bd010a300, 3611;
v0x557bd010a300_3612 .array/port v0x557bd010a300, 3612;
v0x557bd010a300_3613 .array/port v0x557bd010a300, 3613;
v0x557bd010a300_3614 .array/port v0x557bd010a300, 3614;
E_0x557bd010b960/903 .event anyedge, v0x557bd010a300_3611, v0x557bd010a300_3612, v0x557bd010a300_3613, v0x557bd010a300_3614;
v0x557bd010a300_3615 .array/port v0x557bd010a300, 3615;
v0x557bd010a300_3616 .array/port v0x557bd010a300, 3616;
v0x557bd010a300_3617 .array/port v0x557bd010a300, 3617;
v0x557bd010a300_3618 .array/port v0x557bd010a300, 3618;
E_0x557bd010b960/904 .event anyedge, v0x557bd010a300_3615, v0x557bd010a300_3616, v0x557bd010a300_3617, v0x557bd010a300_3618;
v0x557bd010a300_3619 .array/port v0x557bd010a300, 3619;
v0x557bd010a300_3620 .array/port v0x557bd010a300, 3620;
v0x557bd010a300_3621 .array/port v0x557bd010a300, 3621;
v0x557bd010a300_3622 .array/port v0x557bd010a300, 3622;
E_0x557bd010b960/905 .event anyedge, v0x557bd010a300_3619, v0x557bd010a300_3620, v0x557bd010a300_3621, v0x557bd010a300_3622;
v0x557bd010a300_3623 .array/port v0x557bd010a300, 3623;
v0x557bd010a300_3624 .array/port v0x557bd010a300, 3624;
v0x557bd010a300_3625 .array/port v0x557bd010a300, 3625;
v0x557bd010a300_3626 .array/port v0x557bd010a300, 3626;
E_0x557bd010b960/906 .event anyedge, v0x557bd010a300_3623, v0x557bd010a300_3624, v0x557bd010a300_3625, v0x557bd010a300_3626;
v0x557bd010a300_3627 .array/port v0x557bd010a300, 3627;
v0x557bd010a300_3628 .array/port v0x557bd010a300, 3628;
v0x557bd010a300_3629 .array/port v0x557bd010a300, 3629;
v0x557bd010a300_3630 .array/port v0x557bd010a300, 3630;
E_0x557bd010b960/907 .event anyedge, v0x557bd010a300_3627, v0x557bd010a300_3628, v0x557bd010a300_3629, v0x557bd010a300_3630;
v0x557bd010a300_3631 .array/port v0x557bd010a300, 3631;
v0x557bd010a300_3632 .array/port v0x557bd010a300, 3632;
v0x557bd010a300_3633 .array/port v0x557bd010a300, 3633;
v0x557bd010a300_3634 .array/port v0x557bd010a300, 3634;
E_0x557bd010b960/908 .event anyedge, v0x557bd010a300_3631, v0x557bd010a300_3632, v0x557bd010a300_3633, v0x557bd010a300_3634;
v0x557bd010a300_3635 .array/port v0x557bd010a300, 3635;
v0x557bd010a300_3636 .array/port v0x557bd010a300, 3636;
v0x557bd010a300_3637 .array/port v0x557bd010a300, 3637;
v0x557bd010a300_3638 .array/port v0x557bd010a300, 3638;
E_0x557bd010b960/909 .event anyedge, v0x557bd010a300_3635, v0x557bd010a300_3636, v0x557bd010a300_3637, v0x557bd010a300_3638;
v0x557bd010a300_3639 .array/port v0x557bd010a300, 3639;
v0x557bd010a300_3640 .array/port v0x557bd010a300, 3640;
v0x557bd010a300_3641 .array/port v0x557bd010a300, 3641;
v0x557bd010a300_3642 .array/port v0x557bd010a300, 3642;
E_0x557bd010b960/910 .event anyedge, v0x557bd010a300_3639, v0x557bd010a300_3640, v0x557bd010a300_3641, v0x557bd010a300_3642;
v0x557bd010a300_3643 .array/port v0x557bd010a300, 3643;
v0x557bd010a300_3644 .array/port v0x557bd010a300, 3644;
v0x557bd010a300_3645 .array/port v0x557bd010a300, 3645;
v0x557bd010a300_3646 .array/port v0x557bd010a300, 3646;
E_0x557bd010b960/911 .event anyedge, v0x557bd010a300_3643, v0x557bd010a300_3644, v0x557bd010a300_3645, v0x557bd010a300_3646;
v0x557bd010a300_3647 .array/port v0x557bd010a300, 3647;
v0x557bd010a300_3648 .array/port v0x557bd010a300, 3648;
v0x557bd010a300_3649 .array/port v0x557bd010a300, 3649;
v0x557bd010a300_3650 .array/port v0x557bd010a300, 3650;
E_0x557bd010b960/912 .event anyedge, v0x557bd010a300_3647, v0x557bd010a300_3648, v0x557bd010a300_3649, v0x557bd010a300_3650;
v0x557bd010a300_3651 .array/port v0x557bd010a300, 3651;
v0x557bd010a300_3652 .array/port v0x557bd010a300, 3652;
v0x557bd010a300_3653 .array/port v0x557bd010a300, 3653;
v0x557bd010a300_3654 .array/port v0x557bd010a300, 3654;
E_0x557bd010b960/913 .event anyedge, v0x557bd010a300_3651, v0x557bd010a300_3652, v0x557bd010a300_3653, v0x557bd010a300_3654;
v0x557bd010a300_3655 .array/port v0x557bd010a300, 3655;
v0x557bd010a300_3656 .array/port v0x557bd010a300, 3656;
v0x557bd010a300_3657 .array/port v0x557bd010a300, 3657;
v0x557bd010a300_3658 .array/port v0x557bd010a300, 3658;
E_0x557bd010b960/914 .event anyedge, v0x557bd010a300_3655, v0x557bd010a300_3656, v0x557bd010a300_3657, v0x557bd010a300_3658;
v0x557bd010a300_3659 .array/port v0x557bd010a300, 3659;
v0x557bd010a300_3660 .array/port v0x557bd010a300, 3660;
v0x557bd010a300_3661 .array/port v0x557bd010a300, 3661;
v0x557bd010a300_3662 .array/port v0x557bd010a300, 3662;
E_0x557bd010b960/915 .event anyedge, v0x557bd010a300_3659, v0x557bd010a300_3660, v0x557bd010a300_3661, v0x557bd010a300_3662;
v0x557bd010a300_3663 .array/port v0x557bd010a300, 3663;
v0x557bd010a300_3664 .array/port v0x557bd010a300, 3664;
v0x557bd010a300_3665 .array/port v0x557bd010a300, 3665;
v0x557bd010a300_3666 .array/port v0x557bd010a300, 3666;
E_0x557bd010b960/916 .event anyedge, v0x557bd010a300_3663, v0x557bd010a300_3664, v0x557bd010a300_3665, v0x557bd010a300_3666;
v0x557bd010a300_3667 .array/port v0x557bd010a300, 3667;
v0x557bd010a300_3668 .array/port v0x557bd010a300, 3668;
v0x557bd010a300_3669 .array/port v0x557bd010a300, 3669;
v0x557bd010a300_3670 .array/port v0x557bd010a300, 3670;
E_0x557bd010b960/917 .event anyedge, v0x557bd010a300_3667, v0x557bd010a300_3668, v0x557bd010a300_3669, v0x557bd010a300_3670;
v0x557bd010a300_3671 .array/port v0x557bd010a300, 3671;
v0x557bd010a300_3672 .array/port v0x557bd010a300, 3672;
v0x557bd010a300_3673 .array/port v0x557bd010a300, 3673;
v0x557bd010a300_3674 .array/port v0x557bd010a300, 3674;
E_0x557bd010b960/918 .event anyedge, v0x557bd010a300_3671, v0x557bd010a300_3672, v0x557bd010a300_3673, v0x557bd010a300_3674;
v0x557bd010a300_3675 .array/port v0x557bd010a300, 3675;
v0x557bd010a300_3676 .array/port v0x557bd010a300, 3676;
v0x557bd010a300_3677 .array/port v0x557bd010a300, 3677;
v0x557bd010a300_3678 .array/port v0x557bd010a300, 3678;
E_0x557bd010b960/919 .event anyedge, v0x557bd010a300_3675, v0x557bd010a300_3676, v0x557bd010a300_3677, v0x557bd010a300_3678;
v0x557bd010a300_3679 .array/port v0x557bd010a300, 3679;
v0x557bd010a300_3680 .array/port v0x557bd010a300, 3680;
v0x557bd010a300_3681 .array/port v0x557bd010a300, 3681;
v0x557bd010a300_3682 .array/port v0x557bd010a300, 3682;
E_0x557bd010b960/920 .event anyedge, v0x557bd010a300_3679, v0x557bd010a300_3680, v0x557bd010a300_3681, v0x557bd010a300_3682;
v0x557bd010a300_3683 .array/port v0x557bd010a300, 3683;
v0x557bd010a300_3684 .array/port v0x557bd010a300, 3684;
v0x557bd010a300_3685 .array/port v0x557bd010a300, 3685;
v0x557bd010a300_3686 .array/port v0x557bd010a300, 3686;
E_0x557bd010b960/921 .event anyedge, v0x557bd010a300_3683, v0x557bd010a300_3684, v0x557bd010a300_3685, v0x557bd010a300_3686;
v0x557bd010a300_3687 .array/port v0x557bd010a300, 3687;
v0x557bd010a300_3688 .array/port v0x557bd010a300, 3688;
v0x557bd010a300_3689 .array/port v0x557bd010a300, 3689;
v0x557bd010a300_3690 .array/port v0x557bd010a300, 3690;
E_0x557bd010b960/922 .event anyedge, v0x557bd010a300_3687, v0x557bd010a300_3688, v0x557bd010a300_3689, v0x557bd010a300_3690;
v0x557bd010a300_3691 .array/port v0x557bd010a300, 3691;
v0x557bd010a300_3692 .array/port v0x557bd010a300, 3692;
v0x557bd010a300_3693 .array/port v0x557bd010a300, 3693;
v0x557bd010a300_3694 .array/port v0x557bd010a300, 3694;
E_0x557bd010b960/923 .event anyedge, v0x557bd010a300_3691, v0x557bd010a300_3692, v0x557bd010a300_3693, v0x557bd010a300_3694;
v0x557bd010a300_3695 .array/port v0x557bd010a300, 3695;
v0x557bd010a300_3696 .array/port v0x557bd010a300, 3696;
v0x557bd010a300_3697 .array/port v0x557bd010a300, 3697;
v0x557bd010a300_3698 .array/port v0x557bd010a300, 3698;
E_0x557bd010b960/924 .event anyedge, v0x557bd010a300_3695, v0x557bd010a300_3696, v0x557bd010a300_3697, v0x557bd010a300_3698;
v0x557bd010a300_3699 .array/port v0x557bd010a300, 3699;
v0x557bd010a300_3700 .array/port v0x557bd010a300, 3700;
v0x557bd010a300_3701 .array/port v0x557bd010a300, 3701;
v0x557bd010a300_3702 .array/port v0x557bd010a300, 3702;
E_0x557bd010b960/925 .event anyedge, v0x557bd010a300_3699, v0x557bd010a300_3700, v0x557bd010a300_3701, v0x557bd010a300_3702;
v0x557bd010a300_3703 .array/port v0x557bd010a300, 3703;
v0x557bd010a300_3704 .array/port v0x557bd010a300, 3704;
v0x557bd010a300_3705 .array/port v0x557bd010a300, 3705;
v0x557bd010a300_3706 .array/port v0x557bd010a300, 3706;
E_0x557bd010b960/926 .event anyedge, v0x557bd010a300_3703, v0x557bd010a300_3704, v0x557bd010a300_3705, v0x557bd010a300_3706;
v0x557bd010a300_3707 .array/port v0x557bd010a300, 3707;
v0x557bd010a300_3708 .array/port v0x557bd010a300, 3708;
v0x557bd010a300_3709 .array/port v0x557bd010a300, 3709;
v0x557bd010a300_3710 .array/port v0x557bd010a300, 3710;
E_0x557bd010b960/927 .event anyedge, v0x557bd010a300_3707, v0x557bd010a300_3708, v0x557bd010a300_3709, v0x557bd010a300_3710;
v0x557bd010a300_3711 .array/port v0x557bd010a300, 3711;
v0x557bd010a300_3712 .array/port v0x557bd010a300, 3712;
v0x557bd010a300_3713 .array/port v0x557bd010a300, 3713;
v0x557bd010a300_3714 .array/port v0x557bd010a300, 3714;
E_0x557bd010b960/928 .event anyedge, v0x557bd010a300_3711, v0x557bd010a300_3712, v0x557bd010a300_3713, v0x557bd010a300_3714;
v0x557bd010a300_3715 .array/port v0x557bd010a300, 3715;
v0x557bd010a300_3716 .array/port v0x557bd010a300, 3716;
v0x557bd010a300_3717 .array/port v0x557bd010a300, 3717;
v0x557bd010a300_3718 .array/port v0x557bd010a300, 3718;
E_0x557bd010b960/929 .event anyedge, v0x557bd010a300_3715, v0x557bd010a300_3716, v0x557bd010a300_3717, v0x557bd010a300_3718;
v0x557bd010a300_3719 .array/port v0x557bd010a300, 3719;
v0x557bd010a300_3720 .array/port v0x557bd010a300, 3720;
v0x557bd010a300_3721 .array/port v0x557bd010a300, 3721;
v0x557bd010a300_3722 .array/port v0x557bd010a300, 3722;
E_0x557bd010b960/930 .event anyedge, v0x557bd010a300_3719, v0x557bd010a300_3720, v0x557bd010a300_3721, v0x557bd010a300_3722;
v0x557bd010a300_3723 .array/port v0x557bd010a300, 3723;
v0x557bd010a300_3724 .array/port v0x557bd010a300, 3724;
v0x557bd010a300_3725 .array/port v0x557bd010a300, 3725;
v0x557bd010a300_3726 .array/port v0x557bd010a300, 3726;
E_0x557bd010b960/931 .event anyedge, v0x557bd010a300_3723, v0x557bd010a300_3724, v0x557bd010a300_3725, v0x557bd010a300_3726;
v0x557bd010a300_3727 .array/port v0x557bd010a300, 3727;
v0x557bd010a300_3728 .array/port v0x557bd010a300, 3728;
v0x557bd010a300_3729 .array/port v0x557bd010a300, 3729;
v0x557bd010a300_3730 .array/port v0x557bd010a300, 3730;
E_0x557bd010b960/932 .event anyedge, v0x557bd010a300_3727, v0x557bd010a300_3728, v0x557bd010a300_3729, v0x557bd010a300_3730;
v0x557bd010a300_3731 .array/port v0x557bd010a300, 3731;
v0x557bd010a300_3732 .array/port v0x557bd010a300, 3732;
v0x557bd010a300_3733 .array/port v0x557bd010a300, 3733;
v0x557bd010a300_3734 .array/port v0x557bd010a300, 3734;
E_0x557bd010b960/933 .event anyedge, v0x557bd010a300_3731, v0x557bd010a300_3732, v0x557bd010a300_3733, v0x557bd010a300_3734;
v0x557bd010a300_3735 .array/port v0x557bd010a300, 3735;
v0x557bd010a300_3736 .array/port v0x557bd010a300, 3736;
v0x557bd010a300_3737 .array/port v0x557bd010a300, 3737;
v0x557bd010a300_3738 .array/port v0x557bd010a300, 3738;
E_0x557bd010b960/934 .event anyedge, v0x557bd010a300_3735, v0x557bd010a300_3736, v0x557bd010a300_3737, v0x557bd010a300_3738;
v0x557bd010a300_3739 .array/port v0x557bd010a300, 3739;
v0x557bd010a300_3740 .array/port v0x557bd010a300, 3740;
v0x557bd010a300_3741 .array/port v0x557bd010a300, 3741;
v0x557bd010a300_3742 .array/port v0x557bd010a300, 3742;
E_0x557bd010b960/935 .event anyedge, v0x557bd010a300_3739, v0x557bd010a300_3740, v0x557bd010a300_3741, v0x557bd010a300_3742;
v0x557bd010a300_3743 .array/port v0x557bd010a300, 3743;
v0x557bd010a300_3744 .array/port v0x557bd010a300, 3744;
v0x557bd010a300_3745 .array/port v0x557bd010a300, 3745;
v0x557bd010a300_3746 .array/port v0x557bd010a300, 3746;
E_0x557bd010b960/936 .event anyedge, v0x557bd010a300_3743, v0x557bd010a300_3744, v0x557bd010a300_3745, v0x557bd010a300_3746;
v0x557bd010a300_3747 .array/port v0x557bd010a300, 3747;
v0x557bd010a300_3748 .array/port v0x557bd010a300, 3748;
v0x557bd010a300_3749 .array/port v0x557bd010a300, 3749;
v0x557bd010a300_3750 .array/port v0x557bd010a300, 3750;
E_0x557bd010b960/937 .event anyedge, v0x557bd010a300_3747, v0x557bd010a300_3748, v0x557bd010a300_3749, v0x557bd010a300_3750;
v0x557bd010a300_3751 .array/port v0x557bd010a300, 3751;
v0x557bd010a300_3752 .array/port v0x557bd010a300, 3752;
v0x557bd010a300_3753 .array/port v0x557bd010a300, 3753;
v0x557bd010a300_3754 .array/port v0x557bd010a300, 3754;
E_0x557bd010b960/938 .event anyedge, v0x557bd010a300_3751, v0x557bd010a300_3752, v0x557bd010a300_3753, v0x557bd010a300_3754;
v0x557bd010a300_3755 .array/port v0x557bd010a300, 3755;
v0x557bd010a300_3756 .array/port v0x557bd010a300, 3756;
v0x557bd010a300_3757 .array/port v0x557bd010a300, 3757;
v0x557bd010a300_3758 .array/port v0x557bd010a300, 3758;
E_0x557bd010b960/939 .event anyedge, v0x557bd010a300_3755, v0x557bd010a300_3756, v0x557bd010a300_3757, v0x557bd010a300_3758;
v0x557bd010a300_3759 .array/port v0x557bd010a300, 3759;
v0x557bd010a300_3760 .array/port v0x557bd010a300, 3760;
v0x557bd010a300_3761 .array/port v0x557bd010a300, 3761;
v0x557bd010a300_3762 .array/port v0x557bd010a300, 3762;
E_0x557bd010b960/940 .event anyedge, v0x557bd010a300_3759, v0x557bd010a300_3760, v0x557bd010a300_3761, v0x557bd010a300_3762;
v0x557bd010a300_3763 .array/port v0x557bd010a300, 3763;
v0x557bd010a300_3764 .array/port v0x557bd010a300, 3764;
v0x557bd010a300_3765 .array/port v0x557bd010a300, 3765;
v0x557bd010a300_3766 .array/port v0x557bd010a300, 3766;
E_0x557bd010b960/941 .event anyedge, v0x557bd010a300_3763, v0x557bd010a300_3764, v0x557bd010a300_3765, v0x557bd010a300_3766;
v0x557bd010a300_3767 .array/port v0x557bd010a300, 3767;
v0x557bd010a300_3768 .array/port v0x557bd010a300, 3768;
v0x557bd010a300_3769 .array/port v0x557bd010a300, 3769;
v0x557bd010a300_3770 .array/port v0x557bd010a300, 3770;
E_0x557bd010b960/942 .event anyedge, v0x557bd010a300_3767, v0x557bd010a300_3768, v0x557bd010a300_3769, v0x557bd010a300_3770;
v0x557bd010a300_3771 .array/port v0x557bd010a300, 3771;
v0x557bd010a300_3772 .array/port v0x557bd010a300, 3772;
v0x557bd010a300_3773 .array/port v0x557bd010a300, 3773;
v0x557bd010a300_3774 .array/port v0x557bd010a300, 3774;
E_0x557bd010b960/943 .event anyedge, v0x557bd010a300_3771, v0x557bd010a300_3772, v0x557bd010a300_3773, v0x557bd010a300_3774;
v0x557bd010a300_3775 .array/port v0x557bd010a300, 3775;
v0x557bd010a300_3776 .array/port v0x557bd010a300, 3776;
v0x557bd010a300_3777 .array/port v0x557bd010a300, 3777;
v0x557bd010a300_3778 .array/port v0x557bd010a300, 3778;
E_0x557bd010b960/944 .event anyedge, v0x557bd010a300_3775, v0x557bd010a300_3776, v0x557bd010a300_3777, v0x557bd010a300_3778;
v0x557bd010a300_3779 .array/port v0x557bd010a300, 3779;
v0x557bd010a300_3780 .array/port v0x557bd010a300, 3780;
v0x557bd010a300_3781 .array/port v0x557bd010a300, 3781;
v0x557bd010a300_3782 .array/port v0x557bd010a300, 3782;
E_0x557bd010b960/945 .event anyedge, v0x557bd010a300_3779, v0x557bd010a300_3780, v0x557bd010a300_3781, v0x557bd010a300_3782;
v0x557bd010a300_3783 .array/port v0x557bd010a300, 3783;
v0x557bd010a300_3784 .array/port v0x557bd010a300, 3784;
v0x557bd010a300_3785 .array/port v0x557bd010a300, 3785;
v0x557bd010a300_3786 .array/port v0x557bd010a300, 3786;
E_0x557bd010b960/946 .event anyedge, v0x557bd010a300_3783, v0x557bd010a300_3784, v0x557bd010a300_3785, v0x557bd010a300_3786;
v0x557bd010a300_3787 .array/port v0x557bd010a300, 3787;
v0x557bd010a300_3788 .array/port v0x557bd010a300, 3788;
v0x557bd010a300_3789 .array/port v0x557bd010a300, 3789;
v0x557bd010a300_3790 .array/port v0x557bd010a300, 3790;
E_0x557bd010b960/947 .event anyedge, v0x557bd010a300_3787, v0x557bd010a300_3788, v0x557bd010a300_3789, v0x557bd010a300_3790;
v0x557bd010a300_3791 .array/port v0x557bd010a300, 3791;
v0x557bd010a300_3792 .array/port v0x557bd010a300, 3792;
v0x557bd010a300_3793 .array/port v0x557bd010a300, 3793;
v0x557bd010a300_3794 .array/port v0x557bd010a300, 3794;
E_0x557bd010b960/948 .event anyedge, v0x557bd010a300_3791, v0x557bd010a300_3792, v0x557bd010a300_3793, v0x557bd010a300_3794;
v0x557bd010a300_3795 .array/port v0x557bd010a300, 3795;
v0x557bd010a300_3796 .array/port v0x557bd010a300, 3796;
v0x557bd010a300_3797 .array/port v0x557bd010a300, 3797;
v0x557bd010a300_3798 .array/port v0x557bd010a300, 3798;
E_0x557bd010b960/949 .event anyedge, v0x557bd010a300_3795, v0x557bd010a300_3796, v0x557bd010a300_3797, v0x557bd010a300_3798;
v0x557bd010a300_3799 .array/port v0x557bd010a300, 3799;
v0x557bd010a300_3800 .array/port v0x557bd010a300, 3800;
v0x557bd010a300_3801 .array/port v0x557bd010a300, 3801;
v0x557bd010a300_3802 .array/port v0x557bd010a300, 3802;
E_0x557bd010b960/950 .event anyedge, v0x557bd010a300_3799, v0x557bd010a300_3800, v0x557bd010a300_3801, v0x557bd010a300_3802;
v0x557bd010a300_3803 .array/port v0x557bd010a300, 3803;
v0x557bd010a300_3804 .array/port v0x557bd010a300, 3804;
v0x557bd010a300_3805 .array/port v0x557bd010a300, 3805;
v0x557bd010a300_3806 .array/port v0x557bd010a300, 3806;
E_0x557bd010b960/951 .event anyedge, v0x557bd010a300_3803, v0x557bd010a300_3804, v0x557bd010a300_3805, v0x557bd010a300_3806;
v0x557bd010a300_3807 .array/port v0x557bd010a300, 3807;
v0x557bd010a300_3808 .array/port v0x557bd010a300, 3808;
v0x557bd010a300_3809 .array/port v0x557bd010a300, 3809;
v0x557bd010a300_3810 .array/port v0x557bd010a300, 3810;
E_0x557bd010b960/952 .event anyedge, v0x557bd010a300_3807, v0x557bd010a300_3808, v0x557bd010a300_3809, v0x557bd010a300_3810;
v0x557bd010a300_3811 .array/port v0x557bd010a300, 3811;
v0x557bd010a300_3812 .array/port v0x557bd010a300, 3812;
v0x557bd010a300_3813 .array/port v0x557bd010a300, 3813;
v0x557bd010a300_3814 .array/port v0x557bd010a300, 3814;
E_0x557bd010b960/953 .event anyedge, v0x557bd010a300_3811, v0x557bd010a300_3812, v0x557bd010a300_3813, v0x557bd010a300_3814;
v0x557bd010a300_3815 .array/port v0x557bd010a300, 3815;
v0x557bd010a300_3816 .array/port v0x557bd010a300, 3816;
v0x557bd010a300_3817 .array/port v0x557bd010a300, 3817;
v0x557bd010a300_3818 .array/port v0x557bd010a300, 3818;
E_0x557bd010b960/954 .event anyedge, v0x557bd010a300_3815, v0x557bd010a300_3816, v0x557bd010a300_3817, v0x557bd010a300_3818;
v0x557bd010a300_3819 .array/port v0x557bd010a300, 3819;
v0x557bd010a300_3820 .array/port v0x557bd010a300, 3820;
v0x557bd010a300_3821 .array/port v0x557bd010a300, 3821;
v0x557bd010a300_3822 .array/port v0x557bd010a300, 3822;
E_0x557bd010b960/955 .event anyedge, v0x557bd010a300_3819, v0x557bd010a300_3820, v0x557bd010a300_3821, v0x557bd010a300_3822;
v0x557bd010a300_3823 .array/port v0x557bd010a300, 3823;
v0x557bd010a300_3824 .array/port v0x557bd010a300, 3824;
v0x557bd010a300_3825 .array/port v0x557bd010a300, 3825;
v0x557bd010a300_3826 .array/port v0x557bd010a300, 3826;
E_0x557bd010b960/956 .event anyedge, v0x557bd010a300_3823, v0x557bd010a300_3824, v0x557bd010a300_3825, v0x557bd010a300_3826;
v0x557bd010a300_3827 .array/port v0x557bd010a300, 3827;
v0x557bd010a300_3828 .array/port v0x557bd010a300, 3828;
v0x557bd010a300_3829 .array/port v0x557bd010a300, 3829;
v0x557bd010a300_3830 .array/port v0x557bd010a300, 3830;
E_0x557bd010b960/957 .event anyedge, v0x557bd010a300_3827, v0x557bd010a300_3828, v0x557bd010a300_3829, v0x557bd010a300_3830;
v0x557bd010a300_3831 .array/port v0x557bd010a300, 3831;
v0x557bd010a300_3832 .array/port v0x557bd010a300, 3832;
v0x557bd010a300_3833 .array/port v0x557bd010a300, 3833;
v0x557bd010a300_3834 .array/port v0x557bd010a300, 3834;
E_0x557bd010b960/958 .event anyedge, v0x557bd010a300_3831, v0x557bd010a300_3832, v0x557bd010a300_3833, v0x557bd010a300_3834;
v0x557bd010a300_3835 .array/port v0x557bd010a300, 3835;
v0x557bd010a300_3836 .array/port v0x557bd010a300, 3836;
v0x557bd010a300_3837 .array/port v0x557bd010a300, 3837;
v0x557bd010a300_3838 .array/port v0x557bd010a300, 3838;
E_0x557bd010b960/959 .event anyedge, v0x557bd010a300_3835, v0x557bd010a300_3836, v0x557bd010a300_3837, v0x557bd010a300_3838;
v0x557bd010a300_3839 .array/port v0x557bd010a300, 3839;
v0x557bd010a300_3840 .array/port v0x557bd010a300, 3840;
v0x557bd010a300_3841 .array/port v0x557bd010a300, 3841;
v0x557bd010a300_3842 .array/port v0x557bd010a300, 3842;
E_0x557bd010b960/960 .event anyedge, v0x557bd010a300_3839, v0x557bd010a300_3840, v0x557bd010a300_3841, v0x557bd010a300_3842;
v0x557bd010a300_3843 .array/port v0x557bd010a300, 3843;
v0x557bd010a300_3844 .array/port v0x557bd010a300, 3844;
v0x557bd010a300_3845 .array/port v0x557bd010a300, 3845;
v0x557bd010a300_3846 .array/port v0x557bd010a300, 3846;
E_0x557bd010b960/961 .event anyedge, v0x557bd010a300_3843, v0x557bd010a300_3844, v0x557bd010a300_3845, v0x557bd010a300_3846;
v0x557bd010a300_3847 .array/port v0x557bd010a300, 3847;
v0x557bd010a300_3848 .array/port v0x557bd010a300, 3848;
v0x557bd010a300_3849 .array/port v0x557bd010a300, 3849;
v0x557bd010a300_3850 .array/port v0x557bd010a300, 3850;
E_0x557bd010b960/962 .event anyedge, v0x557bd010a300_3847, v0x557bd010a300_3848, v0x557bd010a300_3849, v0x557bd010a300_3850;
v0x557bd010a300_3851 .array/port v0x557bd010a300, 3851;
v0x557bd010a300_3852 .array/port v0x557bd010a300, 3852;
v0x557bd010a300_3853 .array/port v0x557bd010a300, 3853;
v0x557bd010a300_3854 .array/port v0x557bd010a300, 3854;
E_0x557bd010b960/963 .event anyedge, v0x557bd010a300_3851, v0x557bd010a300_3852, v0x557bd010a300_3853, v0x557bd010a300_3854;
v0x557bd010a300_3855 .array/port v0x557bd010a300, 3855;
v0x557bd010a300_3856 .array/port v0x557bd010a300, 3856;
v0x557bd010a300_3857 .array/port v0x557bd010a300, 3857;
v0x557bd010a300_3858 .array/port v0x557bd010a300, 3858;
E_0x557bd010b960/964 .event anyedge, v0x557bd010a300_3855, v0x557bd010a300_3856, v0x557bd010a300_3857, v0x557bd010a300_3858;
v0x557bd010a300_3859 .array/port v0x557bd010a300, 3859;
v0x557bd010a300_3860 .array/port v0x557bd010a300, 3860;
v0x557bd010a300_3861 .array/port v0x557bd010a300, 3861;
v0x557bd010a300_3862 .array/port v0x557bd010a300, 3862;
E_0x557bd010b960/965 .event anyedge, v0x557bd010a300_3859, v0x557bd010a300_3860, v0x557bd010a300_3861, v0x557bd010a300_3862;
v0x557bd010a300_3863 .array/port v0x557bd010a300, 3863;
v0x557bd010a300_3864 .array/port v0x557bd010a300, 3864;
v0x557bd010a300_3865 .array/port v0x557bd010a300, 3865;
v0x557bd010a300_3866 .array/port v0x557bd010a300, 3866;
E_0x557bd010b960/966 .event anyedge, v0x557bd010a300_3863, v0x557bd010a300_3864, v0x557bd010a300_3865, v0x557bd010a300_3866;
v0x557bd010a300_3867 .array/port v0x557bd010a300, 3867;
v0x557bd010a300_3868 .array/port v0x557bd010a300, 3868;
v0x557bd010a300_3869 .array/port v0x557bd010a300, 3869;
v0x557bd010a300_3870 .array/port v0x557bd010a300, 3870;
E_0x557bd010b960/967 .event anyedge, v0x557bd010a300_3867, v0x557bd010a300_3868, v0x557bd010a300_3869, v0x557bd010a300_3870;
v0x557bd010a300_3871 .array/port v0x557bd010a300, 3871;
v0x557bd010a300_3872 .array/port v0x557bd010a300, 3872;
v0x557bd010a300_3873 .array/port v0x557bd010a300, 3873;
v0x557bd010a300_3874 .array/port v0x557bd010a300, 3874;
E_0x557bd010b960/968 .event anyedge, v0x557bd010a300_3871, v0x557bd010a300_3872, v0x557bd010a300_3873, v0x557bd010a300_3874;
v0x557bd010a300_3875 .array/port v0x557bd010a300, 3875;
v0x557bd010a300_3876 .array/port v0x557bd010a300, 3876;
v0x557bd010a300_3877 .array/port v0x557bd010a300, 3877;
v0x557bd010a300_3878 .array/port v0x557bd010a300, 3878;
E_0x557bd010b960/969 .event anyedge, v0x557bd010a300_3875, v0x557bd010a300_3876, v0x557bd010a300_3877, v0x557bd010a300_3878;
v0x557bd010a300_3879 .array/port v0x557bd010a300, 3879;
v0x557bd010a300_3880 .array/port v0x557bd010a300, 3880;
v0x557bd010a300_3881 .array/port v0x557bd010a300, 3881;
v0x557bd010a300_3882 .array/port v0x557bd010a300, 3882;
E_0x557bd010b960/970 .event anyedge, v0x557bd010a300_3879, v0x557bd010a300_3880, v0x557bd010a300_3881, v0x557bd010a300_3882;
v0x557bd010a300_3883 .array/port v0x557bd010a300, 3883;
v0x557bd010a300_3884 .array/port v0x557bd010a300, 3884;
v0x557bd010a300_3885 .array/port v0x557bd010a300, 3885;
v0x557bd010a300_3886 .array/port v0x557bd010a300, 3886;
E_0x557bd010b960/971 .event anyedge, v0x557bd010a300_3883, v0x557bd010a300_3884, v0x557bd010a300_3885, v0x557bd010a300_3886;
v0x557bd010a300_3887 .array/port v0x557bd010a300, 3887;
v0x557bd010a300_3888 .array/port v0x557bd010a300, 3888;
v0x557bd010a300_3889 .array/port v0x557bd010a300, 3889;
v0x557bd010a300_3890 .array/port v0x557bd010a300, 3890;
E_0x557bd010b960/972 .event anyedge, v0x557bd010a300_3887, v0x557bd010a300_3888, v0x557bd010a300_3889, v0x557bd010a300_3890;
v0x557bd010a300_3891 .array/port v0x557bd010a300, 3891;
v0x557bd010a300_3892 .array/port v0x557bd010a300, 3892;
v0x557bd010a300_3893 .array/port v0x557bd010a300, 3893;
v0x557bd010a300_3894 .array/port v0x557bd010a300, 3894;
E_0x557bd010b960/973 .event anyedge, v0x557bd010a300_3891, v0x557bd010a300_3892, v0x557bd010a300_3893, v0x557bd010a300_3894;
v0x557bd010a300_3895 .array/port v0x557bd010a300, 3895;
v0x557bd010a300_3896 .array/port v0x557bd010a300, 3896;
v0x557bd010a300_3897 .array/port v0x557bd010a300, 3897;
v0x557bd010a300_3898 .array/port v0x557bd010a300, 3898;
E_0x557bd010b960/974 .event anyedge, v0x557bd010a300_3895, v0x557bd010a300_3896, v0x557bd010a300_3897, v0x557bd010a300_3898;
v0x557bd010a300_3899 .array/port v0x557bd010a300, 3899;
v0x557bd010a300_3900 .array/port v0x557bd010a300, 3900;
v0x557bd010a300_3901 .array/port v0x557bd010a300, 3901;
v0x557bd010a300_3902 .array/port v0x557bd010a300, 3902;
E_0x557bd010b960/975 .event anyedge, v0x557bd010a300_3899, v0x557bd010a300_3900, v0x557bd010a300_3901, v0x557bd010a300_3902;
v0x557bd010a300_3903 .array/port v0x557bd010a300, 3903;
v0x557bd010a300_3904 .array/port v0x557bd010a300, 3904;
v0x557bd010a300_3905 .array/port v0x557bd010a300, 3905;
v0x557bd010a300_3906 .array/port v0x557bd010a300, 3906;
E_0x557bd010b960/976 .event anyedge, v0x557bd010a300_3903, v0x557bd010a300_3904, v0x557bd010a300_3905, v0x557bd010a300_3906;
v0x557bd010a300_3907 .array/port v0x557bd010a300, 3907;
v0x557bd010a300_3908 .array/port v0x557bd010a300, 3908;
v0x557bd010a300_3909 .array/port v0x557bd010a300, 3909;
v0x557bd010a300_3910 .array/port v0x557bd010a300, 3910;
E_0x557bd010b960/977 .event anyedge, v0x557bd010a300_3907, v0x557bd010a300_3908, v0x557bd010a300_3909, v0x557bd010a300_3910;
v0x557bd010a300_3911 .array/port v0x557bd010a300, 3911;
v0x557bd010a300_3912 .array/port v0x557bd010a300, 3912;
v0x557bd010a300_3913 .array/port v0x557bd010a300, 3913;
v0x557bd010a300_3914 .array/port v0x557bd010a300, 3914;
E_0x557bd010b960/978 .event anyedge, v0x557bd010a300_3911, v0x557bd010a300_3912, v0x557bd010a300_3913, v0x557bd010a300_3914;
v0x557bd010a300_3915 .array/port v0x557bd010a300, 3915;
v0x557bd010a300_3916 .array/port v0x557bd010a300, 3916;
v0x557bd010a300_3917 .array/port v0x557bd010a300, 3917;
v0x557bd010a300_3918 .array/port v0x557bd010a300, 3918;
E_0x557bd010b960/979 .event anyedge, v0x557bd010a300_3915, v0x557bd010a300_3916, v0x557bd010a300_3917, v0x557bd010a300_3918;
v0x557bd010a300_3919 .array/port v0x557bd010a300, 3919;
v0x557bd010a300_3920 .array/port v0x557bd010a300, 3920;
v0x557bd010a300_3921 .array/port v0x557bd010a300, 3921;
v0x557bd010a300_3922 .array/port v0x557bd010a300, 3922;
E_0x557bd010b960/980 .event anyedge, v0x557bd010a300_3919, v0x557bd010a300_3920, v0x557bd010a300_3921, v0x557bd010a300_3922;
v0x557bd010a300_3923 .array/port v0x557bd010a300, 3923;
v0x557bd010a300_3924 .array/port v0x557bd010a300, 3924;
v0x557bd010a300_3925 .array/port v0x557bd010a300, 3925;
v0x557bd010a300_3926 .array/port v0x557bd010a300, 3926;
E_0x557bd010b960/981 .event anyedge, v0x557bd010a300_3923, v0x557bd010a300_3924, v0x557bd010a300_3925, v0x557bd010a300_3926;
v0x557bd010a300_3927 .array/port v0x557bd010a300, 3927;
v0x557bd010a300_3928 .array/port v0x557bd010a300, 3928;
v0x557bd010a300_3929 .array/port v0x557bd010a300, 3929;
v0x557bd010a300_3930 .array/port v0x557bd010a300, 3930;
E_0x557bd010b960/982 .event anyedge, v0x557bd010a300_3927, v0x557bd010a300_3928, v0x557bd010a300_3929, v0x557bd010a300_3930;
v0x557bd010a300_3931 .array/port v0x557bd010a300, 3931;
v0x557bd010a300_3932 .array/port v0x557bd010a300, 3932;
v0x557bd010a300_3933 .array/port v0x557bd010a300, 3933;
v0x557bd010a300_3934 .array/port v0x557bd010a300, 3934;
E_0x557bd010b960/983 .event anyedge, v0x557bd010a300_3931, v0x557bd010a300_3932, v0x557bd010a300_3933, v0x557bd010a300_3934;
v0x557bd010a300_3935 .array/port v0x557bd010a300, 3935;
v0x557bd010a300_3936 .array/port v0x557bd010a300, 3936;
v0x557bd010a300_3937 .array/port v0x557bd010a300, 3937;
v0x557bd010a300_3938 .array/port v0x557bd010a300, 3938;
E_0x557bd010b960/984 .event anyedge, v0x557bd010a300_3935, v0x557bd010a300_3936, v0x557bd010a300_3937, v0x557bd010a300_3938;
v0x557bd010a300_3939 .array/port v0x557bd010a300, 3939;
v0x557bd010a300_3940 .array/port v0x557bd010a300, 3940;
v0x557bd010a300_3941 .array/port v0x557bd010a300, 3941;
v0x557bd010a300_3942 .array/port v0x557bd010a300, 3942;
E_0x557bd010b960/985 .event anyedge, v0x557bd010a300_3939, v0x557bd010a300_3940, v0x557bd010a300_3941, v0x557bd010a300_3942;
v0x557bd010a300_3943 .array/port v0x557bd010a300, 3943;
v0x557bd010a300_3944 .array/port v0x557bd010a300, 3944;
v0x557bd010a300_3945 .array/port v0x557bd010a300, 3945;
v0x557bd010a300_3946 .array/port v0x557bd010a300, 3946;
E_0x557bd010b960/986 .event anyedge, v0x557bd010a300_3943, v0x557bd010a300_3944, v0x557bd010a300_3945, v0x557bd010a300_3946;
v0x557bd010a300_3947 .array/port v0x557bd010a300, 3947;
v0x557bd010a300_3948 .array/port v0x557bd010a300, 3948;
v0x557bd010a300_3949 .array/port v0x557bd010a300, 3949;
v0x557bd010a300_3950 .array/port v0x557bd010a300, 3950;
E_0x557bd010b960/987 .event anyedge, v0x557bd010a300_3947, v0x557bd010a300_3948, v0x557bd010a300_3949, v0x557bd010a300_3950;
v0x557bd010a300_3951 .array/port v0x557bd010a300, 3951;
v0x557bd010a300_3952 .array/port v0x557bd010a300, 3952;
v0x557bd010a300_3953 .array/port v0x557bd010a300, 3953;
v0x557bd010a300_3954 .array/port v0x557bd010a300, 3954;
E_0x557bd010b960/988 .event anyedge, v0x557bd010a300_3951, v0x557bd010a300_3952, v0x557bd010a300_3953, v0x557bd010a300_3954;
v0x557bd010a300_3955 .array/port v0x557bd010a300, 3955;
v0x557bd010a300_3956 .array/port v0x557bd010a300, 3956;
v0x557bd010a300_3957 .array/port v0x557bd010a300, 3957;
v0x557bd010a300_3958 .array/port v0x557bd010a300, 3958;
E_0x557bd010b960/989 .event anyedge, v0x557bd010a300_3955, v0x557bd010a300_3956, v0x557bd010a300_3957, v0x557bd010a300_3958;
v0x557bd010a300_3959 .array/port v0x557bd010a300, 3959;
v0x557bd010a300_3960 .array/port v0x557bd010a300, 3960;
v0x557bd010a300_3961 .array/port v0x557bd010a300, 3961;
v0x557bd010a300_3962 .array/port v0x557bd010a300, 3962;
E_0x557bd010b960/990 .event anyedge, v0x557bd010a300_3959, v0x557bd010a300_3960, v0x557bd010a300_3961, v0x557bd010a300_3962;
v0x557bd010a300_3963 .array/port v0x557bd010a300, 3963;
v0x557bd010a300_3964 .array/port v0x557bd010a300, 3964;
v0x557bd010a300_3965 .array/port v0x557bd010a300, 3965;
v0x557bd010a300_3966 .array/port v0x557bd010a300, 3966;
E_0x557bd010b960/991 .event anyedge, v0x557bd010a300_3963, v0x557bd010a300_3964, v0x557bd010a300_3965, v0x557bd010a300_3966;
v0x557bd010a300_3967 .array/port v0x557bd010a300, 3967;
v0x557bd010a300_3968 .array/port v0x557bd010a300, 3968;
v0x557bd010a300_3969 .array/port v0x557bd010a300, 3969;
v0x557bd010a300_3970 .array/port v0x557bd010a300, 3970;
E_0x557bd010b960/992 .event anyedge, v0x557bd010a300_3967, v0x557bd010a300_3968, v0x557bd010a300_3969, v0x557bd010a300_3970;
v0x557bd010a300_3971 .array/port v0x557bd010a300, 3971;
v0x557bd010a300_3972 .array/port v0x557bd010a300, 3972;
v0x557bd010a300_3973 .array/port v0x557bd010a300, 3973;
v0x557bd010a300_3974 .array/port v0x557bd010a300, 3974;
E_0x557bd010b960/993 .event anyedge, v0x557bd010a300_3971, v0x557bd010a300_3972, v0x557bd010a300_3973, v0x557bd010a300_3974;
v0x557bd010a300_3975 .array/port v0x557bd010a300, 3975;
v0x557bd010a300_3976 .array/port v0x557bd010a300, 3976;
v0x557bd010a300_3977 .array/port v0x557bd010a300, 3977;
v0x557bd010a300_3978 .array/port v0x557bd010a300, 3978;
E_0x557bd010b960/994 .event anyedge, v0x557bd010a300_3975, v0x557bd010a300_3976, v0x557bd010a300_3977, v0x557bd010a300_3978;
v0x557bd010a300_3979 .array/port v0x557bd010a300, 3979;
v0x557bd010a300_3980 .array/port v0x557bd010a300, 3980;
v0x557bd010a300_3981 .array/port v0x557bd010a300, 3981;
v0x557bd010a300_3982 .array/port v0x557bd010a300, 3982;
E_0x557bd010b960/995 .event anyedge, v0x557bd010a300_3979, v0x557bd010a300_3980, v0x557bd010a300_3981, v0x557bd010a300_3982;
v0x557bd010a300_3983 .array/port v0x557bd010a300, 3983;
v0x557bd010a300_3984 .array/port v0x557bd010a300, 3984;
v0x557bd010a300_3985 .array/port v0x557bd010a300, 3985;
v0x557bd010a300_3986 .array/port v0x557bd010a300, 3986;
E_0x557bd010b960/996 .event anyedge, v0x557bd010a300_3983, v0x557bd010a300_3984, v0x557bd010a300_3985, v0x557bd010a300_3986;
v0x557bd010a300_3987 .array/port v0x557bd010a300, 3987;
v0x557bd010a300_3988 .array/port v0x557bd010a300, 3988;
v0x557bd010a300_3989 .array/port v0x557bd010a300, 3989;
v0x557bd010a300_3990 .array/port v0x557bd010a300, 3990;
E_0x557bd010b960/997 .event anyedge, v0x557bd010a300_3987, v0x557bd010a300_3988, v0x557bd010a300_3989, v0x557bd010a300_3990;
v0x557bd010a300_3991 .array/port v0x557bd010a300, 3991;
v0x557bd010a300_3992 .array/port v0x557bd010a300, 3992;
v0x557bd010a300_3993 .array/port v0x557bd010a300, 3993;
v0x557bd010a300_3994 .array/port v0x557bd010a300, 3994;
E_0x557bd010b960/998 .event anyedge, v0x557bd010a300_3991, v0x557bd010a300_3992, v0x557bd010a300_3993, v0x557bd010a300_3994;
v0x557bd010a300_3995 .array/port v0x557bd010a300, 3995;
v0x557bd010a300_3996 .array/port v0x557bd010a300, 3996;
v0x557bd010a300_3997 .array/port v0x557bd010a300, 3997;
v0x557bd010a300_3998 .array/port v0x557bd010a300, 3998;
E_0x557bd010b960/999 .event anyedge, v0x557bd010a300_3995, v0x557bd010a300_3996, v0x557bd010a300_3997, v0x557bd010a300_3998;
v0x557bd010a300_3999 .array/port v0x557bd010a300, 3999;
v0x557bd010a300_4000 .array/port v0x557bd010a300, 4000;
v0x557bd010a300_4001 .array/port v0x557bd010a300, 4001;
v0x557bd010a300_4002 .array/port v0x557bd010a300, 4002;
E_0x557bd010b960/1000 .event anyedge, v0x557bd010a300_3999, v0x557bd010a300_4000, v0x557bd010a300_4001, v0x557bd010a300_4002;
v0x557bd010a300_4003 .array/port v0x557bd010a300, 4003;
v0x557bd010a300_4004 .array/port v0x557bd010a300, 4004;
v0x557bd010a300_4005 .array/port v0x557bd010a300, 4005;
v0x557bd010a300_4006 .array/port v0x557bd010a300, 4006;
E_0x557bd010b960/1001 .event anyedge, v0x557bd010a300_4003, v0x557bd010a300_4004, v0x557bd010a300_4005, v0x557bd010a300_4006;
v0x557bd010a300_4007 .array/port v0x557bd010a300, 4007;
v0x557bd010a300_4008 .array/port v0x557bd010a300, 4008;
v0x557bd010a300_4009 .array/port v0x557bd010a300, 4009;
v0x557bd010a300_4010 .array/port v0x557bd010a300, 4010;
E_0x557bd010b960/1002 .event anyedge, v0x557bd010a300_4007, v0x557bd010a300_4008, v0x557bd010a300_4009, v0x557bd010a300_4010;
v0x557bd010a300_4011 .array/port v0x557bd010a300, 4011;
v0x557bd010a300_4012 .array/port v0x557bd010a300, 4012;
v0x557bd010a300_4013 .array/port v0x557bd010a300, 4013;
v0x557bd010a300_4014 .array/port v0x557bd010a300, 4014;
E_0x557bd010b960/1003 .event anyedge, v0x557bd010a300_4011, v0x557bd010a300_4012, v0x557bd010a300_4013, v0x557bd010a300_4014;
v0x557bd010a300_4015 .array/port v0x557bd010a300, 4015;
v0x557bd010a300_4016 .array/port v0x557bd010a300, 4016;
v0x557bd010a300_4017 .array/port v0x557bd010a300, 4017;
v0x557bd010a300_4018 .array/port v0x557bd010a300, 4018;
E_0x557bd010b960/1004 .event anyedge, v0x557bd010a300_4015, v0x557bd010a300_4016, v0x557bd010a300_4017, v0x557bd010a300_4018;
v0x557bd010a300_4019 .array/port v0x557bd010a300, 4019;
v0x557bd010a300_4020 .array/port v0x557bd010a300, 4020;
v0x557bd010a300_4021 .array/port v0x557bd010a300, 4021;
v0x557bd010a300_4022 .array/port v0x557bd010a300, 4022;
E_0x557bd010b960/1005 .event anyedge, v0x557bd010a300_4019, v0x557bd010a300_4020, v0x557bd010a300_4021, v0x557bd010a300_4022;
v0x557bd010a300_4023 .array/port v0x557bd010a300, 4023;
v0x557bd010a300_4024 .array/port v0x557bd010a300, 4024;
v0x557bd010a300_4025 .array/port v0x557bd010a300, 4025;
v0x557bd010a300_4026 .array/port v0x557bd010a300, 4026;
E_0x557bd010b960/1006 .event anyedge, v0x557bd010a300_4023, v0x557bd010a300_4024, v0x557bd010a300_4025, v0x557bd010a300_4026;
v0x557bd010a300_4027 .array/port v0x557bd010a300, 4027;
v0x557bd010a300_4028 .array/port v0x557bd010a300, 4028;
v0x557bd010a300_4029 .array/port v0x557bd010a300, 4029;
v0x557bd010a300_4030 .array/port v0x557bd010a300, 4030;
E_0x557bd010b960/1007 .event anyedge, v0x557bd010a300_4027, v0x557bd010a300_4028, v0x557bd010a300_4029, v0x557bd010a300_4030;
v0x557bd010a300_4031 .array/port v0x557bd010a300, 4031;
v0x557bd010a300_4032 .array/port v0x557bd010a300, 4032;
v0x557bd010a300_4033 .array/port v0x557bd010a300, 4033;
v0x557bd010a300_4034 .array/port v0x557bd010a300, 4034;
E_0x557bd010b960/1008 .event anyedge, v0x557bd010a300_4031, v0x557bd010a300_4032, v0x557bd010a300_4033, v0x557bd010a300_4034;
v0x557bd010a300_4035 .array/port v0x557bd010a300, 4035;
v0x557bd010a300_4036 .array/port v0x557bd010a300, 4036;
v0x557bd010a300_4037 .array/port v0x557bd010a300, 4037;
v0x557bd010a300_4038 .array/port v0x557bd010a300, 4038;
E_0x557bd010b960/1009 .event anyedge, v0x557bd010a300_4035, v0x557bd010a300_4036, v0x557bd010a300_4037, v0x557bd010a300_4038;
v0x557bd010a300_4039 .array/port v0x557bd010a300, 4039;
v0x557bd010a300_4040 .array/port v0x557bd010a300, 4040;
v0x557bd010a300_4041 .array/port v0x557bd010a300, 4041;
v0x557bd010a300_4042 .array/port v0x557bd010a300, 4042;
E_0x557bd010b960/1010 .event anyedge, v0x557bd010a300_4039, v0x557bd010a300_4040, v0x557bd010a300_4041, v0x557bd010a300_4042;
v0x557bd010a300_4043 .array/port v0x557bd010a300, 4043;
v0x557bd010a300_4044 .array/port v0x557bd010a300, 4044;
v0x557bd010a300_4045 .array/port v0x557bd010a300, 4045;
v0x557bd010a300_4046 .array/port v0x557bd010a300, 4046;
E_0x557bd010b960/1011 .event anyedge, v0x557bd010a300_4043, v0x557bd010a300_4044, v0x557bd010a300_4045, v0x557bd010a300_4046;
v0x557bd010a300_4047 .array/port v0x557bd010a300, 4047;
v0x557bd010a300_4048 .array/port v0x557bd010a300, 4048;
v0x557bd010a300_4049 .array/port v0x557bd010a300, 4049;
v0x557bd010a300_4050 .array/port v0x557bd010a300, 4050;
E_0x557bd010b960/1012 .event anyedge, v0x557bd010a300_4047, v0x557bd010a300_4048, v0x557bd010a300_4049, v0x557bd010a300_4050;
v0x557bd010a300_4051 .array/port v0x557bd010a300, 4051;
v0x557bd010a300_4052 .array/port v0x557bd010a300, 4052;
v0x557bd010a300_4053 .array/port v0x557bd010a300, 4053;
v0x557bd010a300_4054 .array/port v0x557bd010a300, 4054;
E_0x557bd010b960/1013 .event anyedge, v0x557bd010a300_4051, v0x557bd010a300_4052, v0x557bd010a300_4053, v0x557bd010a300_4054;
v0x557bd010a300_4055 .array/port v0x557bd010a300, 4055;
v0x557bd010a300_4056 .array/port v0x557bd010a300, 4056;
v0x557bd010a300_4057 .array/port v0x557bd010a300, 4057;
v0x557bd010a300_4058 .array/port v0x557bd010a300, 4058;
E_0x557bd010b960/1014 .event anyedge, v0x557bd010a300_4055, v0x557bd010a300_4056, v0x557bd010a300_4057, v0x557bd010a300_4058;
v0x557bd010a300_4059 .array/port v0x557bd010a300, 4059;
v0x557bd010a300_4060 .array/port v0x557bd010a300, 4060;
v0x557bd010a300_4061 .array/port v0x557bd010a300, 4061;
v0x557bd010a300_4062 .array/port v0x557bd010a300, 4062;
E_0x557bd010b960/1015 .event anyedge, v0x557bd010a300_4059, v0x557bd010a300_4060, v0x557bd010a300_4061, v0x557bd010a300_4062;
v0x557bd010a300_4063 .array/port v0x557bd010a300, 4063;
v0x557bd010a300_4064 .array/port v0x557bd010a300, 4064;
v0x557bd010a300_4065 .array/port v0x557bd010a300, 4065;
v0x557bd010a300_4066 .array/port v0x557bd010a300, 4066;
E_0x557bd010b960/1016 .event anyedge, v0x557bd010a300_4063, v0x557bd010a300_4064, v0x557bd010a300_4065, v0x557bd010a300_4066;
v0x557bd010a300_4067 .array/port v0x557bd010a300, 4067;
v0x557bd010a300_4068 .array/port v0x557bd010a300, 4068;
v0x557bd010a300_4069 .array/port v0x557bd010a300, 4069;
v0x557bd010a300_4070 .array/port v0x557bd010a300, 4070;
E_0x557bd010b960/1017 .event anyedge, v0x557bd010a300_4067, v0x557bd010a300_4068, v0x557bd010a300_4069, v0x557bd010a300_4070;
v0x557bd010a300_4071 .array/port v0x557bd010a300, 4071;
v0x557bd010a300_4072 .array/port v0x557bd010a300, 4072;
v0x557bd010a300_4073 .array/port v0x557bd010a300, 4073;
v0x557bd010a300_4074 .array/port v0x557bd010a300, 4074;
E_0x557bd010b960/1018 .event anyedge, v0x557bd010a300_4071, v0x557bd010a300_4072, v0x557bd010a300_4073, v0x557bd010a300_4074;
v0x557bd010a300_4075 .array/port v0x557bd010a300, 4075;
v0x557bd010a300_4076 .array/port v0x557bd010a300, 4076;
v0x557bd010a300_4077 .array/port v0x557bd010a300, 4077;
v0x557bd010a300_4078 .array/port v0x557bd010a300, 4078;
E_0x557bd010b960/1019 .event anyedge, v0x557bd010a300_4075, v0x557bd010a300_4076, v0x557bd010a300_4077, v0x557bd010a300_4078;
v0x557bd010a300_4079 .array/port v0x557bd010a300, 4079;
v0x557bd010a300_4080 .array/port v0x557bd010a300, 4080;
v0x557bd010a300_4081 .array/port v0x557bd010a300, 4081;
v0x557bd010a300_4082 .array/port v0x557bd010a300, 4082;
E_0x557bd010b960/1020 .event anyedge, v0x557bd010a300_4079, v0x557bd010a300_4080, v0x557bd010a300_4081, v0x557bd010a300_4082;
v0x557bd010a300_4083 .array/port v0x557bd010a300, 4083;
v0x557bd010a300_4084 .array/port v0x557bd010a300, 4084;
v0x557bd010a300_4085 .array/port v0x557bd010a300, 4085;
v0x557bd010a300_4086 .array/port v0x557bd010a300, 4086;
E_0x557bd010b960/1021 .event anyedge, v0x557bd010a300_4083, v0x557bd010a300_4084, v0x557bd010a300_4085, v0x557bd010a300_4086;
v0x557bd010a300_4087 .array/port v0x557bd010a300, 4087;
v0x557bd010a300_4088 .array/port v0x557bd010a300, 4088;
v0x557bd010a300_4089 .array/port v0x557bd010a300, 4089;
v0x557bd010a300_4090 .array/port v0x557bd010a300, 4090;
E_0x557bd010b960/1022 .event anyedge, v0x557bd010a300_4087, v0x557bd010a300_4088, v0x557bd010a300_4089, v0x557bd010a300_4090;
v0x557bd010a300_4091 .array/port v0x557bd010a300, 4091;
v0x557bd010a300_4092 .array/port v0x557bd010a300, 4092;
v0x557bd010a300_4093 .array/port v0x557bd010a300, 4093;
v0x557bd010a300_4094 .array/port v0x557bd010a300, 4094;
E_0x557bd010b960/1023 .event anyedge, v0x557bd010a300_4091, v0x557bd010a300_4092, v0x557bd010a300_4093, v0x557bd010a300_4094;
v0x557bd010a300_4095 .array/port v0x557bd010a300, 4095;
v0x557bd010a300_4096 .array/port v0x557bd010a300, 4096;
v0x557bd010a300_4097 .array/port v0x557bd010a300, 4097;
v0x557bd010a300_4098 .array/port v0x557bd010a300, 4098;
E_0x557bd010b960/1024 .event anyedge, v0x557bd010a300_4095, v0x557bd010a300_4096, v0x557bd010a300_4097, v0x557bd010a300_4098;
v0x557bd010a300_4099 .array/port v0x557bd010a300, 4099;
v0x557bd010a300_4100 .array/port v0x557bd010a300, 4100;
v0x557bd010a300_4101 .array/port v0x557bd010a300, 4101;
v0x557bd010a300_4102 .array/port v0x557bd010a300, 4102;
E_0x557bd010b960/1025 .event anyedge, v0x557bd010a300_4099, v0x557bd010a300_4100, v0x557bd010a300_4101, v0x557bd010a300_4102;
v0x557bd010a300_4103 .array/port v0x557bd010a300, 4103;
v0x557bd010a300_4104 .array/port v0x557bd010a300, 4104;
v0x557bd010a300_4105 .array/port v0x557bd010a300, 4105;
v0x557bd010a300_4106 .array/port v0x557bd010a300, 4106;
E_0x557bd010b960/1026 .event anyedge, v0x557bd010a300_4103, v0x557bd010a300_4104, v0x557bd010a300_4105, v0x557bd010a300_4106;
v0x557bd010a300_4107 .array/port v0x557bd010a300, 4107;
v0x557bd010a300_4108 .array/port v0x557bd010a300, 4108;
v0x557bd010a300_4109 .array/port v0x557bd010a300, 4109;
v0x557bd010a300_4110 .array/port v0x557bd010a300, 4110;
E_0x557bd010b960/1027 .event anyedge, v0x557bd010a300_4107, v0x557bd010a300_4108, v0x557bd010a300_4109, v0x557bd010a300_4110;
v0x557bd010a300_4111 .array/port v0x557bd010a300, 4111;
v0x557bd010a300_4112 .array/port v0x557bd010a300, 4112;
v0x557bd010a300_4113 .array/port v0x557bd010a300, 4113;
v0x557bd010a300_4114 .array/port v0x557bd010a300, 4114;
E_0x557bd010b960/1028 .event anyedge, v0x557bd010a300_4111, v0x557bd010a300_4112, v0x557bd010a300_4113, v0x557bd010a300_4114;
v0x557bd010a300_4115 .array/port v0x557bd010a300, 4115;
v0x557bd010a300_4116 .array/port v0x557bd010a300, 4116;
v0x557bd010a300_4117 .array/port v0x557bd010a300, 4117;
v0x557bd010a300_4118 .array/port v0x557bd010a300, 4118;
E_0x557bd010b960/1029 .event anyedge, v0x557bd010a300_4115, v0x557bd010a300_4116, v0x557bd010a300_4117, v0x557bd010a300_4118;
v0x557bd010a300_4119 .array/port v0x557bd010a300, 4119;
v0x557bd010a300_4120 .array/port v0x557bd010a300, 4120;
v0x557bd010a300_4121 .array/port v0x557bd010a300, 4121;
v0x557bd010a300_4122 .array/port v0x557bd010a300, 4122;
E_0x557bd010b960/1030 .event anyedge, v0x557bd010a300_4119, v0x557bd010a300_4120, v0x557bd010a300_4121, v0x557bd010a300_4122;
v0x557bd010a300_4123 .array/port v0x557bd010a300, 4123;
v0x557bd010a300_4124 .array/port v0x557bd010a300, 4124;
v0x557bd010a300_4125 .array/port v0x557bd010a300, 4125;
v0x557bd010a300_4126 .array/port v0x557bd010a300, 4126;
E_0x557bd010b960/1031 .event anyedge, v0x557bd010a300_4123, v0x557bd010a300_4124, v0x557bd010a300_4125, v0x557bd010a300_4126;
v0x557bd010a300_4127 .array/port v0x557bd010a300, 4127;
v0x557bd010a300_4128 .array/port v0x557bd010a300, 4128;
v0x557bd010a300_4129 .array/port v0x557bd010a300, 4129;
v0x557bd010a300_4130 .array/port v0x557bd010a300, 4130;
E_0x557bd010b960/1032 .event anyedge, v0x557bd010a300_4127, v0x557bd010a300_4128, v0x557bd010a300_4129, v0x557bd010a300_4130;
v0x557bd010a300_4131 .array/port v0x557bd010a300, 4131;
v0x557bd010a300_4132 .array/port v0x557bd010a300, 4132;
v0x557bd010a300_4133 .array/port v0x557bd010a300, 4133;
v0x557bd010a300_4134 .array/port v0x557bd010a300, 4134;
E_0x557bd010b960/1033 .event anyedge, v0x557bd010a300_4131, v0x557bd010a300_4132, v0x557bd010a300_4133, v0x557bd010a300_4134;
v0x557bd010a300_4135 .array/port v0x557bd010a300, 4135;
v0x557bd010a300_4136 .array/port v0x557bd010a300, 4136;
v0x557bd010a300_4137 .array/port v0x557bd010a300, 4137;
v0x557bd010a300_4138 .array/port v0x557bd010a300, 4138;
E_0x557bd010b960/1034 .event anyedge, v0x557bd010a300_4135, v0x557bd010a300_4136, v0x557bd010a300_4137, v0x557bd010a300_4138;
v0x557bd010a300_4139 .array/port v0x557bd010a300, 4139;
v0x557bd010a300_4140 .array/port v0x557bd010a300, 4140;
v0x557bd010a300_4141 .array/port v0x557bd010a300, 4141;
v0x557bd010a300_4142 .array/port v0x557bd010a300, 4142;
E_0x557bd010b960/1035 .event anyedge, v0x557bd010a300_4139, v0x557bd010a300_4140, v0x557bd010a300_4141, v0x557bd010a300_4142;
v0x557bd010a300_4143 .array/port v0x557bd010a300, 4143;
v0x557bd010a300_4144 .array/port v0x557bd010a300, 4144;
v0x557bd010a300_4145 .array/port v0x557bd010a300, 4145;
v0x557bd010a300_4146 .array/port v0x557bd010a300, 4146;
E_0x557bd010b960/1036 .event anyedge, v0x557bd010a300_4143, v0x557bd010a300_4144, v0x557bd010a300_4145, v0x557bd010a300_4146;
v0x557bd010a300_4147 .array/port v0x557bd010a300, 4147;
v0x557bd010a300_4148 .array/port v0x557bd010a300, 4148;
v0x557bd010a300_4149 .array/port v0x557bd010a300, 4149;
v0x557bd010a300_4150 .array/port v0x557bd010a300, 4150;
E_0x557bd010b960/1037 .event anyedge, v0x557bd010a300_4147, v0x557bd010a300_4148, v0x557bd010a300_4149, v0x557bd010a300_4150;
v0x557bd010a300_4151 .array/port v0x557bd010a300, 4151;
v0x557bd010a300_4152 .array/port v0x557bd010a300, 4152;
v0x557bd010a300_4153 .array/port v0x557bd010a300, 4153;
v0x557bd010a300_4154 .array/port v0x557bd010a300, 4154;
E_0x557bd010b960/1038 .event anyedge, v0x557bd010a300_4151, v0x557bd010a300_4152, v0x557bd010a300_4153, v0x557bd010a300_4154;
v0x557bd010a300_4155 .array/port v0x557bd010a300, 4155;
v0x557bd010a300_4156 .array/port v0x557bd010a300, 4156;
v0x557bd010a300_4157 .array/port v0x557bd010a300, 4157;
v0x557bd010a300_4158 .array/port v0x557bd010a300, 4158;
E_0x557bd010b960/1039 .event anyedge, v0x557bd010a300_4155, v0x557bd010a300_4156, v0x557bd010a300_4157, v0x557bd010a300_4158;
v0x557bd010a300_4159 .array/port v0x557bd010a300, 4159;
v0x557bd010a300_4160 .array/port v0x557bd010a300, 4160;
v0x557bd010a300_4161 .array/port v0x557bd010a300, 4161;
v0x557bd010a300_4162 .array/port v0x557bd010a300, 4162;
E_0x557bd010b960/1040 .event anyedge, v0x557bd010a300_4159, v0x557bd010a300_4160, v0x557bd010a300_4161, v0x557bd010a300_4162;
v0x557bd010a300_4163 .array/port v0x557bd010a300, 4163;
v0x557bd010a300_4164 .array/port v0x557bd010a300, 4164;
v0x557bd010a300_4165 .array/port v0x557bd010a300, 4165;
v0x557bd010a300_4166 .array/port v0x557bd010a300, 4166;
E_0x557bd010b960/1041 .event anyedge, v0x557bd010a300_4163, v0x557bd010a300_4164, v0x557bd010a300_4165, v0x557bd010a300_4166;
v0x557bd010a300_4167 .array/port v0x557bd010a300, 4167;
v0x557bd010a300_4168 .array/port v0x557bd010a300, 4168;
v0x557bd010a300_4169 .array/port v0x557bd010a300, 4169;
v0x557bd010a300_4170 .array/port v0x557bd010a300, 4170;
E_0x557bd010b960/1042 .event anyedge, v0x557bd010a300_4167, v0x557bd010a300_4168, v0x557bd010a300_4169, v0x557bd010a300_4170;
v0x557bd010a300_4171 .array/port v0x557bd010a300, 4171;
v0x557bd010a300_4172 .array/port v0x557bd010a300, 4172;
v0x557bd010a300_4173 .array/port v0x557bd010a300, 4173;
v0x557bd010a300_4174 .array/port v0x557bd010a300, 4174;
E_0x557bd010b960/1043 .event anyedge, v0x557bd010a300_4171, v0x557bd010a300_4172, v0x557bd010a300_4173, v0x557bd010a300_4174;
v0x557bd010a300_4175 .array/port v0x557bd010a300, 4175;
v0x557bd010a300_4176 .array/port v0x557bd010a300, 4176;
v0x557bd010a300_4177 .array/port v0x557bd010a300, 4177;
v0x557bd010a300_4178 .array/port v0x557bd010a300, 4178;
E_0x557bd010b960/1044 .event anyedge, v0x557bd010a300_4175, v0x557bd010a300_4176, v0x557bd010a300_4177, v0x557bd010a300_4178;
v0x557bd010a300_4179 .array/port v0x557bd010a300, 4179;
v0x557bd010a300_4180 .array/port v0x557bd010a300, 4180;
v0x557bd010a300_4181 .array/port v0x557bd010a300, 4181;
v0x557bd010a300_4182 .array/port v0x557bd010a300, 4182;
E_0x557bd010b960/1045 .event anyedge, v0x557bd010a300_4179, v0x557bd010a300_4180, v0x557bd010a300_4181, v0x557bd010a300_4182;
v0x557bd010a300_4183 .array/port v0x557bd010a300, 4183;
v0x557bd010a300_4184 .array/port v0x557bd010a300, 4184;
v0x557bd010a300_4185 .array/port v0x557bd010a300, 4185;
v0x557bd010a300_4186 .array/port v0x557bd010a300, 4186;
E_0x557bd010b960/1046 .event anyedge, v0x557bd010a300_4183, v0x557bd010a300_4184, v0x557bd010a300_4185, v0x557bd010a300_4186;
v0x557bd010a300_4187 .array/port v0x557bd010a300, 4187;
v0x557bd010a300_4188 .array/port v0x557bd010a300, 4188;
v0x557bd010a300_4189 .array/port v0x557bd010a300, 4189;
v0x557bd010a300_4190 .array/port v0x557bd010a300, 4190;
E_0x557bd010b960/1047 .event anyedge, v0x557bd010a300_4187, v0x557bd010a300_4188, v0x557bd010a300_4189, v0x557bd010a300_4190;
v0x557bd010a300_4191 .array/port v0x557bd010a300, 4191;
v0x557bd010a300_4192 .array/port v0x557bd010a300, 4192;
v0x557bd010a300_4193 .array/port v0x557bd010a300, 4193;
v0x557bd010a300_4194 .array/port v0x557bd010a300, 4194;
E_0x557bd010b960/1048 .event anyedge, v0x557bd010a300_4191, v0x557bd010a300_4192, v0x557bd010a300_4193, v0x557bd010a300_4194;
v0x557bd010a300_4195 .array/port v0x557bd010a300, 4195;
v0x557bd010a300_4196 .array/port v0x557bd010a300, 4196;
v0x557bd010a300_4197 .array/port v0x557bd010a300, 4197;
v0x557bd010a300_4198 .array/port v0x557bd010a300, 4198;
E_0x557bd010b960/1049 .event anyedge, v0x557bd010a300_4195, v0x557bd010a300_4196, v0x557bd010a300_4197, v0x557bd010a300_4198;
v0x557bd010a300_4199 .array/port v0x557bd010a300, 4199;
v0x557bd010a300_4200 .array/port v0x557bd010a300, 4200;
v0x557bd010a300_4201 .array/port v0x557bd010a300, 4201;
v0x557bd010a300_4202 .array/port v0x557bd010a300, 4202;
E_0x557bd010b960/1050 .event anyedge, v0x557bd010a300_4199, v0x557bd010a300_4200, v0x557bd010a300_4201, v0x557bd010a300_4202;
v0x557bd010a300_4203 .array/port v0x557bd010a300, 4203;
v0x557bd010a300_4204 .array/port v0x557bd010a300, 4204;
v0x557bd010a300_4205 .array/port v0x557bd010a300, 4205;
v0x557bd010a300_4206 .array/port v0x557bd010a300, 4206;
E_0x557bd010b960/1051 .event anyedge, v0x557bd010a300_4203, v0x557bd010a300_4204, v0x557bd010a300_4205, v0x557bd010a300_4206;
v0x557bd010a300_4207 .array/port v0x557bd010a300, 4207;
v0x557bd010a300_4208 .array/port v0x557bd010a300, 4208;
v0x557bd010a300_4209 .array/port v0x557bd010a300, 4209;
v0x557bd010a300_4210 .array/port v0x557bd010a300, 4210;
E_0x557bd010b960/1052 .event anyedge, v0x557bd010a300_4207, v0x557bd010a300_4208, v0x557bd010a300_4209, v0x557bd010a300_4210;
v0x557bd010a300_4211 .array/port v0x557bd010a300, 4211;
v0x557bd010a300_4212 .array/port v0x557bd010a300, 4212;
v0x557bd010a300_4213 .array/port v0x557bd010a300, 4213;
v0x557bd010a300_4214 .array/port v0x557bd010a300, 4214;
E_0x557bd010b960/1053 .event anyedge, v0x557bd010a300_4211, v0x557bd010a300_4212, v0x557bd010a300_4213, v0x557bd010a300_4214;
v0x557bd010a300_4215 .array/port v0x557bd010a300, 4215;
v0x557bd010a300_4216 .array/port v0x557bd010a300, 4216;
v0x557bd010a300_4217 .array/port v0x557bd010a300, 4217;
v0x557bd010a300_4218 .array/port v0x557bd010a300, 4218;
E_0x557bd010b960/1054 .event anyedge, v0x557bd010a300_4215, v0x557bd010a300_4216, v0x557bd010a300_4217, v0x557bd010a300_4218;
v0x557bd010a300_4219 .array/port v0x557bd010a300, 4219;
v0x557bd010a300_4220 .array/port v0x557bd010a300, 4220;
v0x557bd010a300_4221 .array/port v0x557bd010a300, 4221;
v0x557bd010a300_4222 .array/port v0x557bd010a300, 4222;
E_0x557bd010b960/1055 .event anyedge, v0x557bd010a300_4219, v0x557bd010a300_4220, v0x557bd010a300_4221, v0x557bd010a300_4222;
v0x557bd010a300_4223 .array/port v0x557bd010a300, 4223;
v0x557bd010a300_4224 .array/port v0x557bd010a300, 4224;
v0x557bd010a300_4225 .array/port v0x557bd010a300, 4225;
v0x557bd010a300_4226 .array/port v0x557bd010a300, 4226;
E_0x557bd010b960/1056 .event anyedge, v0x557bd010a300_4223, v0x557bd010a300_4224, v0x557bd010a300_4225, v0x557bd010a300_4226;
v0x557bd010a300_4227 .array/port v0x557bd010a300, 4227;
v0x557bd010a300_4228 .array/port v0x557bd010a300, 4228;
v0x557bd010a300_4229 .array/port v0x557bd010a300, 4229;
v0x557bd010a300_4230 .array/port v0x557bd010a300, 4230;
E_0x557bd010b960/1057 .event anyedge, v0x557bd010a300_4227, v0x557bd010a300_4228, v0x557bd010a300_4229, v0x557bd010a300_4230;
v0x557bd010a300_4231 .array/port v0x557bd010a300, 4231;
v0x557bd010a300_4232 .array/port v0x557bd010a300, 4232;
v0x557bd010a300_4233 .array/port v0x557bd010a300, 4233;
v0x557bd010a300_4234 .array/port v0x557bd010a300, 4234;
E_0x557bd010b960/1058 .event anyedge, v0x557bd010a300_4231, v0x557bd010a300_4232, v0x557bd010a300_4233, v0x557bd010a300_4234;
v0x557bd010a300_4235 .array/port v0x557bd010a300, 4235;
v0x557bd010a300_4236 .array/port v0x557bd010a300, 4236;
v0x557bd010a300_4237 .array/port v0x557bd010a300, 4237;
v0x557bd010a300_4238 .array/port v0x557bd010a300, 4238;
E_0x557bd010b960/1059 .event anyedge, v0x557bd010a300_4235, v0x557bd010a300_4236, v0x557bd010a300_4237, v0x557bd010a300_4238;
v0x557bd010a300_4239 .array/port v0x557bd010a300, 4239;
v0x557bd010a300_4240 .array/port v0x557bd010a300, 4240;
v0x557bd010a300_4241 .array/port v0x557bd010a300, 4241;
v0x557bd010a300_4242 .array/port v0x557bd010a300, 4242;
E_0x557bd010b960/1060 .event anyedge, v0x557bd010a300_4239, v0x557bd010a300_4240, v0x557bd010a300_4241, v0x557bd010a300_4242;
v0x557bd010a300_4243 .array/port v0x557bd010a300, 4243;
v0x557bd010a300_4244 .array/port v0x557bd010a300, 4244;
v0x557bd010a300_4245 .array/port v0x557bd010a300, 4245;
v0x557bd010a300_4246 .array/port v0x557bd010a300, 4246;
E_0x557bd010b960/1061 .event anyedge, v0x557bd010a300_4243, v0x557bd010a300_4244, v0x557bd010a300_4245, v0x557bd010a300_4246;
v0x557bd010a300_4247 .array/port v0x557bd010a300, 4247;
v0x557bd010a300_4248 .array/port v0x557bd010a300, 4248;
v0x557bd010a300_4249 .array/port v0x557bd010a300, 4249;
v0x557bd010a300_4250 .array/port v0x557bd010a300, 4250;
E_0x557bd010b960/1062 .event anyedge, v0x557bd010a300_4247, v0x557bd010a300_4248, v0x557bd010a300_4249, v0x557bd010a300_4250;
v0x557bd010a300_4251 .array/port v0x557bd010a300, 4251;
v0x557bd010a300_4252 .array/port v0x557bd010a300, 4252;
v0x557bd010a300_4253 .array/port v0x557bd010a300, 4253;
v0x557bd010a300_4254 .array/port v0x557bd010a300, 4254;
E_0x557bd010b960/1063 .event anyedge, v0x557bd010a300_4251, v0x557bd010a300_4252, v0x557bd010a300_4253, v0x557bd010a300_4254;
v0x557bd010a300_4255 .array/port v0x557bd010a300, 4255;
v0x557bd010a300_4256 .array/port v0x557bd010a300, 4256;
v0x557bd010a300_4257 .array/port v0x557bd010a300, 4257;
v0x557bd010a300_4258 .array/port v0x557bd010a300, 4258;
E_0x557bd010b960/1064 .event anyedge, v0x557bd010a300_4255, v0x557bd010a300_4256, v0x557bd010a300_4257, v0x557bd010a300_4258;
v0x557bd010a300_4259 .array/port v0x557bd010a300, 4259;
v0x557bd010a300_4260 .array/port v0x557bd010a300, 4260;
v0x557bd010a300_4261 .array/port v0x557bd010a300, 4261;
v0x557bd010a300_4262 .array/port v0x557bd010a300, 4262;
E_0x557bd010b960/1065 .event anyedge, v0x557bd010a300_4259, v0x557bd010a300_4260, v0x557bd010a300_4261, v0x557bd010a300_4262;
v0x557bd010a300_4263 .array/port v0x557bd010a300, 4263;
v0x557bd010a300_4264 .array/port v0x557bd010a300, 4264;
v0x557bd010a300_4265 .array/port v0x557bd010a300, 4265;
v0x557bd010a300_4266 .array/port v0x557bd010a300, 4266;
E_0x557bd010b960/1066 .event anyedge, v0x557bd010a300_4263, v0x557bd010a300_4264, v0x557bd010a300_4265, v0x557bd010a300_4266;
v0x557bd010a300_4267 .array/port v0x557bd010a300, 4267;
v0x557bd010a300_4268 .array/port v0x557bd010a300, 4268;
v0x557bd010a300_4269 .array/port v0x557bd010a300, 4269;
v0x557bd010a300_4270 .array/port v0x557bd010a300, 4270;
E_0x557bd010b960/1067 .event anyedge, v0x557bd010a300_4267, v0x557bd010a300_4268, v0x557bd010a300_4269, v0x557bd010a300_4270;
v0x557bd010a300_4271 .array/port v0x557bd010a300, 4271;
v0x557bd010a300_4272 .array/port v0x557bd010a300, 4272;
v0x557bd010a300_4273 .array/port v0x557bd010a300, 4273;
v0x557bd010a300_4274 .array/port v0x557bd010a300, 4274;
E_0x557bd010b960/1068 .event anyedge, v0x557bd010a300_4271, v0x557bd010a300_4272, v0x557bd010a300_4273, v0x557bd010a300_4274;
v0x557bd010a300_4275 .array/port v0x557bd010a300, 4275;
v0x557bd010a300_4276 .array/port v0x557bd010a300, 4276;
v0x557bd010a300_4277 .array/port v0x557bd010a300, 4277;
v0x557bd010a300_4278 .array/port v0x557bd010a300, 4278;
E_0x557bd010b960/1069 .event anyedge, v0x557bd010a300_4275, v0x557bd010a300_4276, v0x557bd010a300_4277, v0x557bd010a300_4278;
v0x557bd010a300_4279 .array/port v0x557bd010a300, 4279;
v0x557bd010a300_4280 .array/port v0x557bd010a300, 4280;
v0x557bd010a300_4281 .array/port v0x557bd010a300, 4281;
v0x557bd010a300_4282 .array/port v0x557bd010a300, 4282;
E_0x557bd010b960/1070 .event anyedge, v0x557bd010a300_4279, v0x557bd010a300_4280, v0x557bd010a300_4281, v0x557bd010a300_4282;
v0x557bd010a300_4283 .array/port v0x557bd010a300, 4283;
v0x557bd010a300_4284 .array/port v0x557bd010a300, 4284;
v0x557bd010a300_4285 .array/port v0x557bd010a300, 4285;
v0x557bd010a300_4286 .array/port v0x557bd010a300, 4286;
E_0x557bd010b960/1071 .event anyedge, v0x557bd010a300_4283, v0x557bd010a300_4284, v0x557bd010a300_4285, v0x557bd010a300_4286;
v0x557bd010a300_4287 .array/port v0x557bd010a300, 4287;
v0x557bd010a300_4288 .array/port v0x557bd010a300, 4288;
v0x557bd010a300_4289 .array/port v0x557bd010a300, 4289;
v0x557bd010a300_4290 .array/port v0x557bd010a300, 4290;
E_0x557bd010b960/1072 .event anyedge, v0x557bd010a300_4287, v0x557bd010a300_4288, v0x557bd010a300_4289, v0x557bd010a300_4290;
v0x557bd010a300_4291 .array/port v0x557bd010a300, 4291;
v0x557bd010a300_4292 .array/port v0x557bd010a300, 4292;
v0x557bd010a300_4293 .array/port v0x557bd010a300, 4293;
v0x557bd010a300_4294 .array/port v0x557bd010a300, 4294;
E_0x557bd010b960/1073 .event anyedge, v0x557bd010a300_4291, v0x557bd010a300_4292, v0x557bd010a300_4293, v0x557bd010a300_4294;
v0x557bd010a300_4295 .array/port v0x557bd010a300, 4295;
v0x557bd010a300_4296 .array/port v0x557bd010a300, 4296;
v0x557bd010a300_4297 .array/port v0x557bd010a300, 4297;
v0x557bd010a300_4298 .array/port v0x557bd010a300, 4298;
E_0x557bd010b960/1074 .event anyedge, v0x557bd010a300_4295, v0x557bd010a300_4296, v0x557bd010a300_4297, v0x557bd010a300_4298;
v0x557bd010a300_4299 .array/port v0x557bd010a300, 4299;
v0x557bd010a300_4300 .array/port v0x557bd010a300, 4300;
v0x557bd010a300_4301 .array/port v0x557bd010a300, 4301;
v0x557bd010a300_4302 .array/port v0x557bd010a300, 4302;
E_0x557bd010b960/1075 .event anyedge, v0x557bd010a300_4299, v0x557bd010a300_4300, v0x557bd010a300_4301, v0x557bd010a300_4302;
v0x557bd010a300_4303 .array/port v0x557bd010a300, 4303;
v0x557bd010a300_4304 .array/port v0x557bd010a300, 4304;
v0x557bd010a300_4305 .array/port v0x557bd010a300, 4305;
v0x557bd010a300_4306 .array/port v0x557bd010a300, 4306;
E_0x557bd010b960/1076 .event anyedge, v0x557bd010a300_4303, v0x557bd010a300_4304, v0x557bd010a300_4305, v0x557bd010a300_4306;
v0x557bd010a300_4307 .array/port v0x557bd010a300, 4307;
v0x557bd010a300_4308 .array/port v0x557bd010a300, 4308;
v0x557bd010a300_4309 .array/port v0x557bd010a300, 4309;
v0x557bd010a300_4310 .array/port v0x557bd010a300, 4310;
E_0x557bd010b960/1077 .event anyedge, v0x557bd010a300_4307, v0x557bd010a300_4308, v0x557bd010a300_4309, v0x557bd010a300_4310;
v0x557bd010a300_4311 .array/port v0x557bd010a300, 4311;
v0x557bd010a300_4312 .array/port v0x557bd010a300, 4312;
v0x557bd010a300_4313 .array/port v0x557bd010a300, 4313;
v0x557bd010a300_4314 .array/port v0x557bd010a300, 4314;
E_0x557bd010b960/1078 .event anyedge, v0x557bd010a300_4311, v0x557bd010a300_4312, v0x557bd010a300_4313, v0x557bd010a300_4314;
v0x557bd010a300_4315 .array/port v0x557bd010a300, 4315;
v0x557bd010a300_4316 .array/port v0x557bd010a300, 4316;
v0x557bd010a300_4317 .array/port v0x557bd010a300, 4317;
v0x557bd010a300_4318 .array/port v0x557bd010a300, 4318;
E_0x557bd010b960/1079 .event anyedge, v0x557bd010a300_4315, v0x557bd010a300_4316, v0x557bd010a300_4317, v0x557bd010a300_4318;
v0x557bd010a300_4319 .array/port v0x557bd010a300, 4319;
v0x557bd010a300_4320 .array/port v0x557bd010a300, 4320;
v0x557bd010a300_4321 .array/port v0x557bd010a300, 4321;
v0x557bd010a300_4322 .array/port v0x557bd010a300, 4322;
E_0x557bd010b960/1080 .event anyedge, v0x557bd010a300_4319, v0x557bd010a300_4320, v0x557bd010a300_4321, v0x557bd010a300_4322;
v0x557bd010a300_4323 .array/port v0x557bd010a300, 4323;
v0x557bd010a300_4324 .array/port v0x557bd010a300, 4324;
v0x557bd010a300_4325 .array/port v0x557bd010a300, 4325;
v0x557bd010a300_4326 .array/port v0x557bd010a300, 4326;
E_0x557bd010b960/1081 .event anyedge, v0x557bd010a300_4323, v0x557bd010a300_4324, v0x557bd010a300_4325, v0x557bd010a300_4326;
v0x557bd010a300_4327 .array/port v0x557bd010a300, 4327;
v0x557bd010a300_4328 .array/port v0x557bd010a300, 4328;
v0x557bd010a300_4329 .array/port v0x557bd010a300, 4329;
v0x557bd010a300_4330 .array/port v0x557bd010a300, 4330;
E_0x557bd010b960/1082 .event anyedge, v0x557bd010a300_4327, v0x557bd010a300_4328, v0x557bd010a300_4329, v0x557bd010a300_4330;
v0x557bd010a300_4331 .array/port v0x557bd010a300, 4331;
v0x557bd010a300_4332 .array/port v0x557bd010a300, 4332;
v0x557bd010a300_4333 .array/port v0x557bd010a300, 4333;
v0x557bd010a300_4334 .array/port v0x557bd010a300, 4334;
E_0x557bd010b960/1083 .event anyedge, v0x557bd010a300_4331, v0x557bd010a300_4332, v0x557bd010a300_4333, v0x557bd010a300_4334;
v0x557bd010a300_4335 .array/port v0x557bd010a300, 4335;
v0x557bd010a300_4336 .array/port v0x557bd010a300, 4336;
v0x557bd010a300_4337 .array/port v0x557bd010a300, 4337;
v0x557bd010a300_4338 .array/port v0x557bd010a300, 4338;
E_0x557bd010b960/1084 .event anyedge, v0x557bd010a300_4335, v0x557bd010a300_4336, v0x557bd010a300_4337, v0x557bd010a300_4338;
v0x557bd010a300_4339 .array/port v0x557bd010a300, 4339;
v0x557bd010a300_4340 .array/port v0x557bd010a300, 4340;
v0x557bd010a300_4341 .array/port v0x557bd010a300, 4341;
v0x557bd010a300_4342 .array/port v0x557bd010a300, 4342;
E_0x557bd010b960/1085 .event anyedge, v0x557bd010a300_4339, v0x557bd010a300_4340, v0x557bd010a300_4341, v0x557bd010a300_4342;
v0x557bd010a300_4343 .array/port v0x557bd010a300, 4343;
v0x557bd010a300_4344 .array/port v0x557bd010a300, 4344;
v0x557bd010a300_4345 .array/port v0x557bd010a300, 4345;
v0x557bd010a300_4346 .array/port v0x557bd010a300, 4346;
E_0x557bd010b960/1086 .event anyedge, v0x557bd010a300_4343, v0x557bd010a300_4344, v0x557bd010a300_4345, v0x557bd010a300_4346;
v0x557bd010a300_4347 .array/port v0x557bd010a300, 4347;
v0x557bd010a300_4348 .array/port v0x557bd010a300, 4348;
v0x557bd010a300_4349 .array/port v0x557bd010a300, 4349;
v0x557bd010a300_4350 .array/port v0x557bd010a300, 4350;
E_0x557bd010b960/1087 .event anyedge, v0x557bd010a300_4347, v0x557bd010a300_4348, v0x557bd010a300_4349, v0x557bd010a300_4350;
v0x557bd010a300_4351 .array/port v0x557bd010a300, 4351;
v0x557bd010a300_4352 .array/port v0x557bd010a300, 4352;
v0x557bd010a300_4353 .array/port v0x557bd010a300, 4353;
v0x557bd010a300_4354 .array/port v0x557bd010a300, 4354;
E_0x557bd010b960/1088 .event anyedge, v0x557bd010a300_4351, v0x557bd010a300_4352, v0x557bd010a300_4353, v0x557bd010a300_4354;
v0x557bd010a300_4355 .array/port v0x557bd010a300, 4355;
v0x557bd010a300_4356 .array/port v0x557bd010a300, 4356;
v0x557bd010a300_4357 .array/port v0x557bd010a300, 4357;
v0x557bd010a300_4358 .array/port v0x557bd010a300, 4358;
E_0x557bd010b960/1089 .event anyedge, v0x557bd010a300_4355, v0x557bd010a300_4356, v0x557bd010a300_4357, v0x557bd010a300_4358;
v0x557bd010a300_4359 .array/port v0x557bd010a300, 4359;
v0x557bd010a300_4360 .array/port v0x557bd010a300, 4360;
v0x557bd010a300_4361 .array/port v0x557bd010a300, 4361;
v0x557bd010a300_4362 .array/port v0x557bd010a300, 4362;
E_0x557bd010b960/1090 .event anyedge, v0x557bd010a300_4359, v0x557bd010a300_4360, v0x557bd010a300_4361, v0x557bd010a300_4362;
v0x557bd010a300_4363 .array/port v0x557bd010a300, 4363;
v0x557bd010a300_4364 .array/port v0x557bd010a300, 4364;
v0x557bd010a300_4365 .array/port v0x557bd010a300, 4365;
v0x557bd010a300_4366 .array/port v0x557bd010a300, 4366;
E_0x557bd010b960/1091 .event anyedge, v0x557bd010a300_4363, v0x557bd010a300_4364, v0x557bd010a300_4365, v0x557bd010a300_4366;
v0x557bd010a300_4367 .array/port v0x557bd010a300, 4367;
v0x557bd010a300_4368 .array/port v0x557bd010a300, 4368;
v0x557bd010a300_4369 .array/port v0x557bd010a300, 4369;
v0x557bd010a300_4370 .array/port v0x557bd010a300, 4370;
E_0x557bd010b960/1092 .event anyedge, v0x557bd010a300_4367, v0x557bd010a300_4368, v0x557bd010a300_4369, v0x557bd010a300_4370;
v0x557bd010a300_4371 .array/port v0x557bd010a300, 4371;
v0x557bd010a300_4372 .array/port v0x557bd010a300, 4372;
v0x557bd010a300_4373 .array/port v0x557bd010a300, 4373;
v0x557bd010a300_4374 .array/port v0x557bd010a300, 4374;
E_0x557bd010b960/1093 .event anyedge, v0x557bd010a300_4371, v0x557bd010a300_4372, v0x557bd010a300_4373, v0x557bd010a300_4374;
v0x557bd010a300_4375 .array/port v0x557bd010a300, 4375;
v0x557bd010a300_4376 .array/port v0x557bd010a300, 4376;
v0x557bd010a300_4377 .array/port v0x557bd010a300, 4377;
v0x557bd010a300_4378 .array/port v0x557bd010a300, 4378;
E_0x557bd010b960/1094 .event anyedge, v0x557bd010a300_4375, v0x557bd010a300_4376, v0x557bd010a300_4377, v0x557bd010a300_4378;
v0x557bd010a300_4379 .array/port v0x557bd010a300, 4379;
v0x557bd010a300_4380 .array/port v0x557bd010a300, 4380;
v0x557bd010a300_4381 .array/port v0x557bd010a300, 4381;
v0x557bd010a300_4382 .array/port v0x557bd010a300, 4382;
E_0x557bd010b960/1095 .event anyedge, v0x557bd010a300_4379, v0x557bd010a300_4380, v0x557bd010a300_4381, v0x557bd010a300_4382;
v0x557bd010a300_4383 .array/port v0x557bd010a300, 4383;
v0x557bd010a300_4384 .array/port v0x557bd010a300, 4384;
v0x557bd010a300_4385 .array/port v0x557bd010a300, 4385;
v0x557bd010a300_4386 .array/port v0x557bd010a300, 4386;
E_0x557bd010b960/1096 .event anyedge, v0x557bd010a300_4383, v0x557bd010a300_4384, v0x557bd010a300_4385, v0x557bd010a300_4386;
v0x557bd010a300_4387 .array/port v0x557bd010a300, 4387;
v0x557bd010a300_4388 .array/port v0x557bd010a300, 4388;
v0x557bd010a300_4389 .array/port v0x557bd010a300, 4389;
v0x557bd010a300_4390 .array/port v0x557bd010a300, 4390;
E_0x557bd010b960/1097 .event anyedge, v0x557bd010a300_4387, v0x557bd010a300_4388, v0x557bd010a300_4389, v0x557bd010a300_4390;
v0x557bd010a300_4391 .array/port v0x557bd010a300, 4391;
v0x557bd010a300_4392 .array/port v0x557bd010a300, 4392;
v0x557bd010a300_4393 .array/port v0x557bd010a300, 4393;
v0x557bd010a300_4394 .array/port v0x557bd010a300, 4394;
E_0x557bd010b960/1098 .event anyedge, v0x557bd010a300_4391, v0x557bd010a300_4392, v0x557bd010a300_4393, v0x557bd010a300_4394;
v0x557bd010a300_4395 .array/port v0x557bd010a300, 4395;
v0x557bd010a300_4396 .array/port v0x557bd010a300, 4396;
v0x557bd010a300_4397 .array/port v0x557bd010a300, 4397;
v0x557bd010a300_4398 .array/port v0x557bd010a300, 4398;
E_0x557bd010b960/1099 .event anyedge, v0x557bd010a300_4395, v0x557bd010a300_4396, v0x557bd010a300_4397, v0x557bd010a300_4398;
v0x557bd010a300_4399 .array/port v0x557bd010a300, 4399;
v0x557bd010a300_4400 .array/port v0x557bd010a300, 4400;
v0x557bd010a300_4401 .array/port v0x557bd010a300, 4401;
v0x557bd010a300_4402 .array/port v0x557bd010a300, 4402;
E_0x557bd010b960/1100 .event anyedge, v0x557bd010a300_4399, v0x557bd010a300_4400, v0x557bd010a300_4401, v0x557bd010a300_4402;
v0x557bd010a300_4403 .array/port v0x557bd010a300, 4403;
v0x557bd010a300_4404 .array/port v0x557bd010a300, 4404;
v0x557bd010a300_4405 .array/port v0x557bd010a300, 4405;
v0x557bd010a300_4406 .array/port v0x557bd010a300, 4406;
E_0x557bd010b960/1101 .event anyedge, v0x557bd010a300_4403, v0x557bd010a300_4404, v0x557bd010a300_4405, v0x557bd010a300_4406;
v0x557bd010a300_4407 .array/port v0x557bd010a300, 4407;
v0x557bd010a300_4408 .array/port v0x557bd010a300, 4408;
v0x557bd010a300_4409 .array/port v0x557bd010a300, 4409;
v0x557bd010a300_4410 .array/port v0x557bd010a300, 4410;
E_0x557bd010b960/1102 .event anyedge, v0x557bd010a300_4407, v0x557bd010a300_4408, v0x557bd010a300_4409, v0x557bd010a300_4410;
v0x557bd010a300_4411 .array/port v0x557bd010a300, 4411;
v0x557bd010a300_4412 .array/port v0x557bd010a300, 4412;
v0x557bd010a300_4413 .array/port v0x557bd010a300, 4413;
v0x557bd010a300_4414 .array/port v0x557bd010a300, 4414;
E_0x557bd010b960/1103 .event anyedge, v0x557bd010a300_4411, v0x557bd010a300_4412, v0x557bd010a300_4413, v0x557bd010a300_4414;
v0x557bd010a300_4415 .array/port v0x557bd010a300, 4415;
v0x557bd010a300_4416 .array/port v0x557bd010a300, 4416;
v0x557bd010a300_4417 .array/port v0x557bd010a300, 4417;
v0x557bd010a300_4418 .array/port v0x557bd010a300, 4418;
E_0x557bd010b960/1104 .event anyedge, v0x557bd010a300_4415, v0x557bd010a300_4416, v0x557bd010a300_4417, v0x557bd010a300_4418;
v0x557bd010a300_4419 .array/port v0x557bd010a300, 4419;
v0x557bd010a300_4420 .array/port v0x557bd010a300, 4420;
v0x557bd010a300_4421 .array/port v0x557bd010a300, 4421;
v0x557bd010a300_4422 .array/port v0x557bd010a300, 4422;
E_0x557bd010b960/1105 .event anyedge, v0x557bd010a300_4419, v0x557bd010a300_4420, v0x557bd010a300_4421, v0x557bd010a300_4422;
v0x557bd010a300_4423 .array/port v0x557bd010a300, 4423;
v0x557bd010a300_4424 .array/port v0x557bd010a300, 4424;
v0x557bd010a300_4425 .array/port v0x557bd010a300, 4425;
v0x557bd010a300_4426 .array/port v0x557bd010a300, 4426;
E_0x557bd010b960/1106 .event anyedge, v0x557bd010a300_4423, v0x557bd010a300_4424, v0x557bd010a300_4425, v0x557bd010a300_4426;
v0x557bd010a300_4427 .array/port v0x557bd010a300, 4427;
v0x557bd010a300_4428 .array/port v0x557bd010a300, 4428;
v0x557bd010a300_4429 .array/port v0x557bd010a300, 4429;
v0x557bd010a300_4430 .array/port v0x557bd010a300, 4430;
E_0x557bd010b960/1107 .event anyedge, v0x557bd010a300_4427, v0x557bd010a300_4428, v0x557bd010a300_4429, v0x557bd010a300_4430;
v0x557bd010a300_4431 .array/port v0x557bd010a300, 4431;
v0x557bd010a300_4432 .array/port v0x557bd010a300, 4432;
v0x557bd010a300_4433 .array/port v0x557bd010a300, 4433;
v0x557bd010a300_4434 .array/port v0x557bd010a300, 4434;
E_0x557bd010b960/1108 .event anyedge, v0x557bd010a300_4431, v0x557bd010a300_4432, v0x557bd010a300_4433, v0x557bd010a300_4434;
v0x557bd010a300_4435 .array/port v0x557bd010a300, 4435;
v0x557bd010a300_4436 .array/port v0x557bd010a300, 4436;
v0x557bd010a300_4437 .array/port v0x557bd010a300, 4437;
v0x557bd010a300_4438 .array/port v0x557bd010a300, 4438;
E_0x557bd010b960/1109 .event anyedge, v0x557bd010a300_4435, v0x557bd010a300_4436, v0x557bd010a300_4437, v0x557bd010a300_4438;
v0x557bd010a300_4439 .array/port v0x557bd010a300, 4439;
v0x557bd010a300_4440 .array/port v0x557bd010a300, 4440;
v0x557bd010a300_4441 .array/port v0x557bd010a300, 4441;
v0x557bd010a300_4442 .array/port v0x557bd010a300, 4442;
E_0x557bd010b960/1110 .event anyedge, v0x557bd010a300_4439, v0x557bd010a300_4440, v0x557bd010a300_4441, v0x557bd010a300_4442;
v0x557bd010a300_4443 .array/port v0x557bd010a300, 4443;
v0x557bd010a300_4444 .array/port v0x557bd010a300, 4444;
v0x557bd010a300_4445 .array/port v0x557bd010a300, 4445;
v0x557bd010a300_4446 .array/port v0x557bd010a300, 4446;
E_0x557bd010b960/1111 .event anyedge, v0x557bd010a300_4443, v0x557bd010a300_4444, v0x557bd010a300_4445, v0x557bd010a300_4446;
v0x557bd010a300_4447 .array/port v0x557bd010a300, 4447;
v0x557bd010a300_4448 .array/port v0x557bd010a300, 4448;
v0x557bd010a300_4449 .array/port v0x557bd010a300, 4449;
v0x557bd010a300_4450 .array/port v0x557bd010a300, 4450;
E_0x557bd010b960/1112 .event anyedge, v0x557bd010a300_4447, v0x557bd010a300_4448, v0x557bd010a300_4449, v0x557bd010a300_4450;
v0x557bd010a300_4451 .array/port v0x557bd010a300, 4451;
v0x557bd010a300_4452 .array/port v0x557bd010a300, 4452;
v0x557bd010a300_4453 .array/port v0x557bd010a300, 4453;
v0x557bd010a300_4454 .array/port v0x557bd010a300, 4454;
E_0x557bd010b960/1113 .event anyedge, v0x557bd010a300_4451, v0x557bd010a300_4452, v0x557bd010a300_4453, v0x557bd010a300_4454;
v0x557bd010a300_4455 .array/port v0x557bd010a300, 4455;
v0x557bd010a300_4456 .array/port v0x557bd010a300, 4456;
v0x557bd010a300_4457 .array/port v0x557bd010a300, 4457;
v0x557bd010a300_4458 .array/port v0x557bd010a300, 4458;
E_0x557bd010b960/1114 .event anyedge, v0x557bd010a300_4455, v0x557bd010a300_4456, v0x557bd010a300_4457, v0x557bd010a300_4458;
v0x557bd010a300_4459 .array/port v0x557bd010a300, 4459;
v0x557bd010a300_4460 .array/port v0x557bd010a300, 4460;
v0x557bd010a300_4461 .array/port v0x557bd010a300, 4461;
v0x557bd010a300_4462 .array/port v0x557bd010a300, 4462;
E_0x557bd010b960/1115 .event anyedge, v0x557bd010a300_4459, v0x557bd010a300_4460, v0x557bd010a300_4461, v0x557bd010a300_4462;
v0x557bd010a300_4463 .array/port v0x557bd010a300, 4463;
v0x557bd010a300_4464 .array/port v0x557bd010a300, 4464;
v0x557bd010a300_4465 .array/port v0x557bd010a300, 4465;
v0x557bd010a300_4466 .array/port v0x557bd010a300, 4466;
E_0x557bd010b960/1116 .event anyedge, v0x557bd010a300_4463, v0x557bd010a300_4464, v0x557bd010a300_4465, v0x557bd010a300_4466;
v0x557bd010a300_4467 .array/port v0x557bd010a300, 4467;
v0x557bd010a300_4468 .array/port v0x557bd010a300, 4468;
v0x557bd010a300_4469 .array/port v0x557bd010a300, 4469;
v0x557bd010a300_4470 .array/port v0x557bd010a300, 4470;
E_0x557bd010b960/1117 .event anyedge, v0x557bd010a300_4467, v0x557bd010a300_4468, v0x557bd010a300_4469, v0x557bd010a300_4470;
v0x557bd010a300_4471 .array/port v0x557bd010a300, 4471;
v0x557bd010a300_4472 .array/port v0x557bd010a300, 4472;
v0x557bd010a300_4473 .array/port v0x557bd010a300, 4473;
v0x557bd010a300_4474 .array/port v0x557bd010a300, 4474;
E_0x557bd010b960/1118 .event anyedge, v0x557bd010a300_4471, v0x557bd010a300_4472, v0x557bd010a300_4473, v0x557bd010a300_4474;
v0x557bd010a300_4475 .array/port v0x557bd010a300, 4475;
v0x557bd010a300_4476 .array/port v0x557bd010a300, 4476;
v0x557bd010a300_4477 .array/port v0x557bd010a300, 4477;
v0x557bd010a300_4478 .array/port v0x557bd010a300, 4478;
E_0x557bd010b960/1119 .event anyedge, v0x557bd010a300_4475, v0x557bd010a300_4476, v0x557bd010a300_4477, v0x557bd010a300_4478;
v0x557bd010a300_4479 .array/port v0x557bd010a300, 4479;
v0x557bd010a300_4480 .array/port v0x557bd010a300, 4480;
v0x557bd010a300_4481 .array/port v0x557bd010a300, 4481;
v0x557bd010a300_4482 .array/port v0x557bd010a300, 4482;
E_0x557bd010b960/1120 .event anyedge, v0x557bd010a300_4479, v0x557bd010a300_4480, v0x557bd010a300_4481, v0x557bd010a300_4482;
v0x557bd010a300_4483 .array/port v0x557bd010a300, 4483;
v0x557bd010a300_4484 .array/port v0x557bd010a300, 4484;
v0x557bd010a300_4485 .array/port v0x557bd010a300, 4485;
v0x557bd010a300_4486 .array/port v0x557bd010a300, 4486;
E_0x557bd010b960/1121 .event anyedge, v0x557bd010a300_4483, v0x557bd010a300_4484, v0x557bd010a300_4485, v0x557bd010a300_4486;
v0x557bd010a300_4487 .array/port v0x557bd010a300, 4487;
v0x557bd010a300_4488 .array/port v0x557bd010a300, 4488;
v0x557bd010a300_4489 .array/port v0x557bd010a300, 4489;
v0x557bd010a300_4490 .array/port v0x557bd010a300, 4490;
E_0x557bd010b960/1122 .event anyedge, v0x557bd010a300_4487, v0x557bd010a300_4488, v0x557bd010a300_4489, v0x557bd010a300_4490;
v0x557bd010a300_4491 .array/port v0x557bd010a300, 4491;
v0x557bd010a300_4492 .array/port v0x557bd010a300, 4492;
v0x557bd010a300_4493 .array/port v0x557bd010a300, 4493;
v0x557bd010a300_4494 .array/port v0x557bd010a300, 4494;
E_0x557bd010b960/1123 .event anyedge, v0x557bd010a300_4491, v0x557bd010a300_4492, v0x557bd010a300_4493, v0x557bd010a300_4494;
v0x557bd010a300_4495 .array/port v0x557bd010a300, 4495;
v0x557bd010a300_4496 .array/port v0x557bd010a300, 4496;
v0x557bd010a300_4497 .array/port v0x557bd010a300, 4497;
v0x557bd010a300_4498 .array/port v0x557bd010a300, 4498;
E_0x557bd010b960/1124 .event anyedge, v0x557bd010a300_4495, v0x557bd010a300_4496, v0x557bd010a300_4497, v0x557bd010a300_4498;
v0x557bd010a300_4499 .array/port v0x557bd010a300, 4499;
v0x557bd010a300_4500 .array/port v0x557bd010a300, 4500;
v0x557bd010a300_4501 .array/port v0x557bd010a300, 4501;
v0x557bd010a300_4502 .array/port v0x557bd010a300, 4502;
E_0x557bd010b960/1125 .event anyedge, v0x557bd010a300_4499, v0x557bd010a300_4500, v0x557bd010a300_4501, v0x557bd010a300_4502;
v0x557bd010a300_4503 .array/port v0x557bd010a300, 4503;
v0x557bd010a300_4504 .array/port v0x557bd010a300, 4504;
v0x557bd010a300_4505 .array/port v0x557bd010a300, 4505;
v0x557bd010a300_4506 .array/port v0x557bd010a300, 4506;
E_0x557bd010b960/1126 .event anyedge, v0x557bd010a300_4503, v0x557bd010a300_4504, v0x557bd010a300_4505, v0x557bd010a300_4506;
v0x557bd010a300_4507 .array/port v0x557bd010a300, 4507;
v0x557bd010a300_4508 .array/port v0x557bd010a300, 4508;
v0x557bd010a300_4509 .array/port v0x557bd010a300, 4509;
v0x557bd010a300_4510 .array/port v0x557bd010a300, 4510;
E_0x557bd010b960/1127 .event anyedge, v0x557bd010a300_4507, v0x557bd010a300_4508, v0x557bd010a300_4509, v0x557bd010a300_4510;
v0x557bd010a300_4511 .array/port v0x557bd010a300, 4511;
v0x557bd010a300_4512 .array/port v0x557bd010a300, 4512;
v0x557bd010a300_4513 .array/port v0x557bd010a300, 4513;
v0x557bd010a300_4514 .array/port v0x557bd010a300, 4514;
E_0x557bd010b960/1128 .event anyedge, v0x557bd010a300_4511, v0x557bd010a300_4512, v0x557bd010a300_4513, v0x557bd010a300_4514;
v0x557bd010a300_4515 .array/port v0x557bd010a300, 4515;
v0x557bd010a300_4516 .array/port v0x557bd010a300, 4516;
v0x557bd010a300_4517 .array/port v0x557bd010a300, 4517;
v0x557bd010a300_4518 .array/port v0x557bd010a300, 4518;
E_0x557bd010b960/1129 .event anyedge, v0x557bd010a300_4515, v0x557bd010a300_4516, v0x557bd010a300_4517, v0x557bd010a300_4518;
v0x557bd010a300_4519 .array/port v0x557bd010a300, 4519;
v0x557bd010a300_4520 .array/port v0x557bd010a300, 4520;
v0x557bd010a300_4521 .array/port v0x557bd010a300, 4521;
v0x557bd010a300_4522 .array/port v0x557bd010a300, 4522;
E_0x557bd010b960/1130 .event anyedge, v0x557bd010a300_4519, v0x557bd010a300_4520, v0x557bd010a300_4521, v0x557bd010a300_4522;
v0x557bd010a300_4523 .array/port v0x557bd010a300, 4523;
v0x557bd010a300_4524 .array/port v0x557bd010a300, 4524;
v0x557bd010a300_4525 .array/port v0x557bd010a300, 4525;
v0x557bd010a300_4526 .array/port v0x557bd010a300, 4526;
E_0x557bd010b960/1131 .event anyedge, v0x557bd010a300_4523, v0x557bd010a300_4524, v0x557bd010a300_4525, v0x557bd010a300_4526;
v0x557bd010a300_4527 .array/port v0x557bd010a300, 4527;
v0x557bd010a300_4528 .array/port v0x557bd010a300, 4528;
v0x557bd010a300_4529 .array/port v0x557bd010a300, 4529;
v0x557bd010a300_4530 .array/port v0x557bd010a300, 4530;
E_0x557bd010b960/1132 .event anyedge, v0x557bd010a300_4527, v0x557bd010a300_4528, v0x557bd010a300_4529, v0x557bd010a300_4530;
v0x557bd010a300_4531 .array/port v0x557bd010a300, 4531;
v0x557bd010a300_4532 .array/port v0x557bd010a300, 4532;
v0x557bd010a300_4533 .array/port v0x557bd010a300, 4533;
v0x557bd010a300_4534 .array/port v0x557bd010a300, 4534;
E_0x557bd010b960/1133 .event anyedge, v0x557bd010a300_4531, v0x557bd010a300_4532, v0x557bd010a300_4533, v0x557bd010a300_4534;
v0x557bd010a300_4535 .array/port v0x557bd010a300, 4535;
v0x557bd010a300_4536 .array/port v0x557bd010a300, 4536;
v0x557bd010a300_4537 .array/port v0x557bd010a300, 4537;
v0x557bd010a300_4538 .array/port v0x557bd010a300, 4538;
E_0x557bd010b960/1134 .event anyedge, v0x557bd010a300_4535, v0x557bd010a300_4536, v0x557bd010a300_4537, v0x557bd010a300_4538;
v0x557bd010a300_4539 .array/port v0x557bd010a300, 4539;
v0x557bd010a300_4540 .array/port v0x557bd010a300, 4540;
v0x557bd010a300_4541 .array/port v0x557bd010a300, 4541;
v0x557bd010a300_4542 .array/port v0x557bd010a300, 4542;
E_0x557bd010b960/1135 .event anyedge, v0x557bd010a300_4539, v0x557bd010a300_4540, v0x557bd010a300_4541, v0x557bd010a300_4542;
v0x557bd010a300_4543 .array/port v0x557bd010a300, 4543;
v0x557bd010a300_4544 .array/port v0x557bd010a300, 4544;
v0x557bd010a300_4545 .array/port v0x557bd010a300, 4545;
v0x557bd010a300_4546 .array/port v0x557bd010a300, 4546;
E_0x557bd010b960/1136 .event anyedge, v0x557bd010a300_4543, v0x557bd010a300_4544, v0x557bd010a300_4545, v0x557bd010a300_4546;
v0x557bd010a300_4547 .array/port v0x557bd010a300, 4547;
v0x557bd010a300_4548 .array/port v0x557bd010a300, 4548;
v0x557bd010a300_4549 .array/port v0x557bd010a300, 4549;
v0x557bd010a300_4550 .array/port v0x557bd010a300, 4550;
E_0x557bd010b960/1137 .event anyedge, v0x557bd010a300_4547, v0x557bd010a300_4548, v0x557bd010a300_4549, v0x557bd010a300_4550;
v0x557bd010a300_4551 .array/port v0x557bd010a300, 4551;
v0x557bd010a300_4552 .array/port v0x557bd010a300, 4552;
v0x557bd010a300_4553 .array/port v0x557bd010a300, 4553;
v0x557bd010a300_4554 .array/port v0x557bd010a300, 4554;
E_0x557bd010b960/1138 .event anyedge, v0x557bd010a300_4551, v0x557bd010a300_4552, v0x557bd010a300_4553, v0x557bd010a300_4554;
v0x557bd010a300_4555 .array/port v0x557bd010a300, 4555;
v0x557bd010a300_4556 .array/port v0x557bd010a300, 4556;
v0x557bd010a300_4557 .array/port v0x557bd010a300, 4557;
v0x557bd010a300_4558 .array/port v0x557bd010a300, 4558;
E_0x557bd010b960/1139 .event anyedge, v0x557bd010a300_4555, v0x557bd010a300_4556, v0x557bd010a300_4557, v0x557bd010a300_4558;
v0x557bd010a300_4559 .array/port v0x557bd010a300, 4559;
v0x557bd010a300_4560 .array/port v0x557bd010a300, 4560;
v0x557bd010a300_4561 .array/port v0x557bd010a300, 4561;
v0x557bd010a300_4562 .array/port v0x557bd010a300, 4562;
E_0x557bd010b960/1140 .event anyedge, v0x557bd010a300_4559, v0x557bd010a300_4560, v0x557bd010a300_4561, v0x557bd010a300_4562;
v0x557bd010a300_4563 .array/port v0x557bd010a300, 4563;
v0x557bd010a300_4564 .array/port v0x557bd010a300, 4564;
v0x557bd010a300_4565 .array/port v0x557bd010a300, 4565;
v0x557bd010a300_4566 .array/port v0x557bd010a300, 4566;
E_0x557bd010b960/1141 .event anyedge, v0x557bd010a300_4563, v0x557bd010a300_4564, v0x557bd010a300_4565, v0x557bd010a300_4566;
v0x557bd010a300_4567 .array/port v0x557bd010a300, 4567;
v0x557bd010a300_4568 .array/port v0x557bd010a300, 4568;
v0x557bd010a300_4569 .array/port v0x557bd010a300, 4569;
v0x557bd010a300_4570 .array/port v0x557bd010a300, 4570;
E_0x557bd010b960/1142 .event anyedge, v0x557bd010a300_4567, v0x557bd010a300_4568, v0x557bd010a300_4569, v0x557bd010a300_4570;
v0x557bd010a300_4571 .array/port v0x557bd010a300, 4571;
v0x557bd010a300_4572 .array/port v0x557bd010a300, 4572;
v0x557bd010a300_4573 .array/port v0x557bd010a300, 4573;
v0x557bd010a300_4574 .array/port v0x557bd010a300, 4574;
E_0x557bd010b960/1143 .event anyedge, v0x557bd010a300_4571, v0x557bd010a300_4572, v0x557bd010a300_4573, v0x557bd010a300_4574;
v0x557bd010a300_4575 .array/port v0x557bd010a300, 4575;
v0x557bd010a300_4576 .array/port v0x557bd010a300, 4576;
v0x557bd010a300_4577 .array/port v0x557bd010a300, 4577;
v0x557bd010a300_4578 .array/port v0x557bd010a300, 4578;
E_0x557bd010b960/1144 .event anyedge, v0x557bd010a300_4575, v0x557bd010a300_4576, v0x557bd010a300_4577, v0x557bd010a300_4578;
v0x557bd010a300_4579 .array/port v0x557bd010a300, 4579;
v0x557bd010a300_4580 .array/port v0x557bd010a300, 4580;
v0x557bd010a300_4581 .array/port v0x557bd010a300, 4581;
v0x557bd010a300_4582 .array/port v0x557bd010a300, 4582;
E_0x557bd010b960/1145 .event anyedge, v0x557bd010a300_4579, v0x557bd010a300_4580, v0x557bd010a300_4581, v0x557bd010a300_4582;
v0x557bd010a300_4583 .array/port v0x557bd010a300, 4583;
v0x557bd010a300_4584 .array/port v0x557bd010a300, 4584;
v0x557bd010a300_4585 .array/port v0x557bd010a300, 4585;
v0x557bd010a300_4586 .array/port v0x557bd010a300, 4586;
E_0x557bd010b960/1146 .event anyedge, v0x557bd010a300_4583, v0x557bd010a300_4584, v0x557bd010a300_4585, v0x557bd010a300_4586;
v0x557bd010a300_4587 .array/port v0x557bd010a300, 4587;
v0x557bd010a300_4588 .array/port v0x557bd010a300, 4588;
v0x557bd010a300_4589 .array/port v0x557bd010a300, 4589;
v0x557bd010a300_4590 .array/port v0x557bd010a300, 4590;
E_0x557bd010b960/1147 .event anyedge, v0x557bd010a300_4587, v0x557bd010a300_4588, v0x557bd010a300_4589, v0x557bd010a300_4590;
v0x557bd010a300_4591 .array/port v0x557bd010a300, 4591;
v0x557bd010a300_4592 .array/port v0x557bd010a300, 4592;
v0x557bd010a300_4593 .array/port v0x557bd010a300, 4593;
v0x557bd010a300_4594 .array/port v0x557bd010a300, 4594;
E_0x557bd010b960/1148 .event anyedge, v0x557bd010a300_4591, v0x557bd010a300_4592, v0x557bd010a300_4593, v0x557bd010a300_4594;
v0x557bd010a300_4595 .array/port v0x557bd010a300, 4595;
v0x557bd010a300_4596 .array/port v0x557bd010a300, 4596;
v0x557bd010a300_4597 .array/port v0x557bd010a300, 4597;
v0x557bd010a300_4598 .array/port v0x557bd010a300, 4598;
E_0x557bd010b960/1149 .event anyedge, v0x557bd010a300_4595, v0x557bd010a300_4596, v0x557bd010a300_4597, v0x557bd010a300_4598;
v0x557bd010a300_4599 .array/port v0x557bd010a300, 4599;
v0x557bd010a300_4600 .array/port v0x557bd010a300, 4600;
v0x557bd010a300_4601 .array/port v0x557bd010a300, 4601;
v0x557bd010a300_4602 .array/port v0x557bd010a300, 4602;
E_0x557bd010b960/1150 .event anyedge, v0x557bd010a300_4599, v0x557bd010a300_4600, v0x557bd010a300_4601, v0x557bd010a300_4602;
v0x557bd010a300_4603 .array/port v0x557bd010a300, 4603;
v0x557bd010a300_4604 .array/port v0x557bd010a300, 4604;
v0x557bd010a300_4605 .array/port v0x557bd010a300, 4605;
v0x557bd010a300_4606 .array/port v0x557bd010a300, 4606;
E_0x557bd010b960/1151 .event anyedge, v0x557bd010a300_4603, v0x557bd010a300_4604, v0x557bd010a300_4605, v0x557bd010a300_4606;
v0x557bd010a300_4607 .array/port v0x557bd010a300, 4607;
v0x557bd010a300_4608 .array/port v0x557bd010a300, 4608;
v0x557bd010a300_4609 .array/port v0x557bd010a300, 4609;
v0x557bd010a300_4610 .array/port v0x557bd010a300, 4610;
E_0x557bd010b960/1152 .event anyedge, v0x557bd010a300_4607, v0x557bd010a300_4608, v0x557bd010a300_4609, v0x557bd010a300_4610;
v0x557bd010a300_4611 .array/port v0x557bd010a300, 4611;
v0x557bd010a300_4612 .array/port v0x557bd010a300, 4612;
v0x557bd010a300_4613 .array/port v0x557bd010a300, 4613;
v0x557bd010a300_4614 .array/port v0x557bd010a300, 4614;
E_0x557bd010b960/1153 .event anyedge, v0x557bd010a300_4611, v0x557bd010a300_4612, v0x557bd010a300_4613, v0x557bd010a300_4614;
v0x557bd010a300_4615 .array/port v0x557bd010a300, 4615;
v0x557bd010a300_4616 .array/port v0x557bd010a300, 4616;
v0x557bd010a300_4617 .array/port v0x557bd010a300, 4617;
v0x557bd010a300_4618 .array/port v0x557bd010a300, 4618;
E_0x557bd010b960/1154 .event anyedge, v0x557bd010a300_4615, v0x557bd010a300_4616, v0x557bd010a300_4617, v0x557bd010a300_4618;
v0x557bd010a300_4619 .array/port v0x557bd010a300, 4619;
v0x557bd010a300_4620 .array/port v0x557bd010a300, 4620;
v0x557bd010a300_4621 .array/port v0x557bd010a300, 4621;
v0x557bd010a300_4622 .array/port v0x557bd010a300, 4622;
E_0x557bd010b960/1155 .event anyedge, v0x557bd010a300_4619, v0x557bd010a300_4620, v0x557bd010a300_4621, v0x557bd010a300_4622;
v0x557bd010a300_4623 .array/port v0x557bd010a300, 4623;
v0x557bd010a300_4624 .array/port v0x557bd010a300, 4624;
v0x557bd010a300_4625 .array/port v0x557bd010a300, 4625;
v0x557bd010a300_4626 .array/port v0x557bd010a300, 4626;
E_0x557bd010b960/1156 .event anyedge, v0x557bd010a300_4623, v0x557bd010a300_4624, v0x557bd010a300_4625, v0x557bd010a300_4626;
v0x557bd010a300_4627 .array/port v0x557bd010a300, 4627;
v0x557bd010a300_4628 .array/port v0x557bd010a300, 4628;
v0x557bd010a300_4629 .array/port v0x557bd010a300, 4629;
v0x557bd010a300_4630 .array/port v0x557bd010a300, 4630;
E_0x557bd010b960/1157 .event anyedge, v0x557bd010a300_4627, v0x557bd010a300_4628, v0x557bd010a300_4629, v0x557bd010a300_4630;
v0x557bd010a300_4631 .array/port v0x557bd010a300, 4631;
v0x557bd010a300_4632 .array/port v0x557bd010a300, 4632;
v0x557bd010a300_4633 .array/port v0x557bd010a300, 4633;
v0x557bd010a300_4634 .array/port v0x557bd010a300, 4634;
E_0x557bd010b960/1158 .event anyedge, v0x557bd010a300_4631, v0x557bd010a300_4632, v0x557bd010a300_4633, v0x557bd010a300_4634;
v0x557bd010a300_4635 .array/port v0x557bd010a300, 4635;
v0x557bd010a300_4636 .array/port v0x557bd010a300, 4636;
v0x557bd010a300_4637 .array/port v0x557bd010a300, 4637;
v0x557bd010a300_4638 .array/port v0x557bd010a300, 4638;
E_0x557bd010b960/1159 .event anyedge, v0x557bd010a300_4635, v0x557bd010a300_4636, v0x557bd010a300_4637, v0x557bd010a300_4638;
v0x557bd010a300_4639 .array/port v0x557bd010a300, 4639;
v0x557bd010a300_4640 .array/port v0x557bd010a300, 4640;
v0x557bd010a300_4641 .array/port v0x557bd010a300, 4641;
v0x557bd010a300_4642 .array/port v0x557bd010a300, 4642;
E_0x557bd010b960/1160 .event anyedge, v0x557bd010a300_4639, v0x557bd010a300_4640, v0x557bd010a300_4641, v0x557bd010a300_4642;
v0x557bd010a300_4643 .array/port v0x557bd010a300, 4643;
v0x557bd010a300_4644 .array/port v0x557bd010a300, 4644;
v0x557bd010a300_4645 .array/port v0x557bd010a300, 4645;
v0x557bd010a300_4646 .array/port v0x557bd010a300, 4646;
E_0x557bd010b960/1161 .event anyedge, v0x557bd010a300_4643, v0x557bd010a300_4644, v0x557bd010a300_4645, v0x557bd010a300_4646;
v0x557bd010a300_4647 .array/port v0x557bd010a300, 4647;
v0x557bd010a300_4648 .array/port v0x557bd010a300, 4648;
v0x557bd010a300_4649 .array/port v0x557bd010a300, 4649;
v0x557bd010a300_4650 .array/port v0x557bd010a300, 4650;
E_0x557bd010b960/1162 .event anyedge, v0x557bd010a300_4647, v0x557bd010a300_4648, v0x557bd010a300_4649, v0x557bd010a300_4650;
v0x557bd010a300_4651 .array/port v0x557bd010a300, 4651;
v0x557bd010a300_4652 .array/port v0x557bd010a300, 4652;
v0x557bd010a300_4653 .array/port v0x557bd010a300, 4653;
v0x557bd010a300_4654 .array/port v0x557bd010a300, 4654;
E_0x557bd010b960/1163 .event anyedge, v0x557bd010a300_4651, v0x557bd010a300_4652, v0x557bd010a300_4653, v0x557bd010a300_4654;
v0x557bd010a300_4655 .array/port v0x557bd010a300, 4655;
v0x557bd010a300_4656 .array/port v0x557bd010a300, 4656;
v0x557bd010a300_4657 .array/port v0x557bd010a300, 4657;
v0x557bd010a300_4658 .array/port v0x557bd010a300, 4658;
E_0x557bd010b960/1164 .event anyedge, v0x557bd010a300_4655, v0x557bd010a300_4656, v0x557bd010a300_4657, v0x557bd010a300_4658;
v0x557bd010a300_4659 .array/port v0x557bd010a300, 4659;
v0x557bd010a300_4660 .array/port v0x557bd010a300, 4660;
v0x557bd010a300_4661 .array/port v0x557bd010a300, 4661;
v0x557bd010a300_4662 .array/port v0x557bd010a300, 4662;
E_0x557bd010b960/1165 .event anyedge, v0x557bd010a300_4659, v0x557bd010a300_4660, v0x557bd010a300_4661, v0x557bd010a300_4662;
v0x557bd010a300_4663 .array/port v0x557bd010a300, 4663;
v0x557bd010a300_4664 .array/port v0x557bd010a300, 4664;
v0x557bd010a300_4665 .array/port v0x557bd010a300, 4665;
v0x557bd010a300_4666 .array/port v0x557bd010a300, 4666;
E_0x557bd010b960/1166 .event anyedge, v0x557bd010a300_4663, v0x557bd010a300_4664, v0x557bd010a300_4665, v0x557bd010a300_4666;
v0x557bd010a300_4667 .array/port v0x557bd010a300, 4667;
v0x557bd010a300_4668 .array/port v0x557bd010a300, 4668;
v0x557bd010a300_4669 .array/port v0x557bd010a300, 4669;
v0x557bd010a300_4670 .array/port v0x557bd010a300, 4670;
E_0x557bd010b960/1167 .event anyedge, v0x557bd010a300_4667, v0x557bd010a300_4668, v0x557bd010a300_4669, v0x557bd010a300_4670;
v0x557bd010a300_4671 .array/port v0x557bd010a300, 4671;
v0x557bd010a300_4672 .array/port v0x557bd010a300, 4672;
v0x557bd010a300_4673 .array/port v0x557bd010a300, 4673;
v0x557bd010a300_4674 .array/port v0x557bd010a300, 4674;
E_0x557bd010b960/1168 .event anyedge, v0x557bd010a300_4671, v0x557bd010a300_4672, v0x557bd010a300_4673, v0x557bd010a300_4674;
v0x557bd010a300_4675 .array/port v0x557bd010a300, 4675;
v0x557bd010a300_4676 .array/port v0x557bd010a300, 4676;
v0x557bd010a300_4677 .array/port v0x557bd010a300, 4677;
v0x557bd010a300_4678 .array/port v0x557bd010a300, 4678;
E_0x557bd010b960/1169 .event anyedge, v0x557bd010a300_4675, v0x557bd010a300_4676, v0x557bd010a300_4677, v0x557bd010a300_4678;
v0x557bd010a300_4679 .array/port v0x557bd010a300, 4679;
v0x557bd010a300_4680 .array/port v0x557bd010a300, 4680;
v0x557bd010a300_4681 .array/port v0x557bd010a300, 4681;
v0x557bd010a300_4682 .array/port v0x557bd010a300, 4682;
E_0x557bd010b960/1170 .event anyedge, v0x557bd010a300_4679, v0x557bd010a300_4680, v0x557bd010a300_4681, v0x557bd010a300_4682;
v0x557bd010a300_4683 .array/port v0x557bd010a300, 4683;
v0x557bd010a300_4684 .array/port v0x557bd010a300, 4684;
v0x557bd010a300_4685 .array/port v0x557bd010a300, 4685;
v0x557bd010a300_4686 .array/port v0x557bd010a300, 4686;
E_0x557bd010b960/1171 .event anyedge, v0x557bd010a300_4683, v0x557bd010a300_4684, v0x557bd010a300_4685, v0x557bd010a300_4686;
v0x557bd010a300_4687 .array/port v0x557bd010a300, 4687;
v0x557bd010a300_4688 .array/port v0x557bd010a300, 4688;
v0x557bd010a300_4689 .array/port v0x557bd010a300, 4689;
v0x557bd010a300_4690 .array/port v0x557bd010a300, 4690;
E_0x557bd010b960/1172 .event anyedge, v0x557bd010a300_4687, v0x557bd010a300_4688, v0x557bd010a300_4689, v0x557bd010a300_4690;
v0x557bd010a300_4691 .array/port v0x557bd010a300, 4691;
v0x557bd010a300_4692 .array/port v0x557bd010a300, 4692;
v0x557bd010a300_4693 .array/port v0x557bd010a300, 4693;
v0x557bd010a300_4694 .array/port v0x557bd010a300, 4694;
E_0x557bd010b960/1173 .event anyedge, v0x557bd010a300_4691, v0x557bd010a300_4692, v0x557bd010a300_4693, v0x557bd010a300_4694;
v0x557bd010a300_4695 .array/port v0x557bd010a300, 4695;
v0x557bd010a300_4696 .array/port v0x557bd010a300, 4696;
v0x557bd010a300_4697 .array/port v0x557bd010a300, 4697;
v0x557bd010a300_4698 .array/port v0x557bd010a300, 4698;
E_0x557bd010b960/1174 .event anyedge, v0x557bd010a300_4695, v0x557bd010a300_4696, v0x557bd010a300_4697, v0x557bd010a300_4698;
v0x557bd010a300_4699 .array/port v0x557bd010a300, 4699;
v0x557bd010a300_4700 .array/port v0x557bd010a300, 4700;
v0x557bd010a300_4701 .array/port v0x557bd010a300, 4701;
v0x557bd010a300_4702 .array/port v0x557bd010a300, 4702;
E_0x557bd010b960/1175 .event anyedge, v0x557bd010a300_4699, v0x557bd010a300_4700, v0x557bd010a300_4701, v0x557bd010a300_4702;
v0x557bd010a300_4703 .array/port v0x557bd010a300, 4703;
v0x557bd010a300_4704 .array/port v0x557bd010a300, 4704;
v0x557bd010a300_4705 .array/port v0x557bd010a300, 4705;
v0x557bd010a300_4706 .array/port v0x557bd010a300, 4706;
E_0x557bd010b960/1176 .event anyedge, v0x557bd010a300_4703, v0x557bd010a300_4704, v0x557bd010a300_4705, v0x557bd010a300_4706;
v0x557bd010a300_4707 .array/port v0x557bd010a300, 4707;
v0x557bd010a300_4708 .array/port v0x557bd010a300, 4708;
v0x557bd010a300_4709 .array/port v0x557bd010a300, 4709;
v0x557bd010a300_4710 .array/port v0x557bd010a300, 4710;
E_0x557bd010b960/1177 .event anyedge, v0x557bd010a300_4707, v0x557bd010a300_4708, v0x557bd010a300_4709, v0x557bd010a300_4710;
v0x557bd010a300_4711 .array/port v0x557bd010a300, 4711;
v0x557bd010a300_4712 .array/port v0x557bd010a300, 4712;
v0x557bd010a300_4713 .array/port v0x557bd010a300, 4713;
v0x557bd010a300_4714 .array/port v0x557bd010a300, 4714;
E_0x557bd010b960/1178 .event anyedge, v0x557bd010a300_4711, v0x557bd010a300_4712, v0x557bd010a300_4713, v0x557bd010a300_4714;
v0x557bd010a300_4715 .array/port v0x557bd010a300, 4715;
v0x557bd010a300_4716 .array/port v0x557bd010a300, 4716;
v0x557bd010a300_4717 .array/port v0x557bd010a300, 4717;
v0x557bd010a300_4718 .array/port v0x557bd010a300, 4718;
E_0x557bd010b960/1179 .event anyedge, v0x557bd010a300_4715, v0x557bd010a300_4716, v0x557bd010a300_4717, v0x557bd010a300_4718;
v0x557bd010a300_4719 .array/port v0x557bd010a300, 4719;
v0x557bd010a300_4720 .array/port v0x557bd010a300, 4720;
v0x557bd010a300_4721 .array/port v0x557bd010a300, 4721;
v0x557bd010a300_4722 .array/port v0x557bd010a300, 4722;
E_0x557bd010b960/1180 .event anyedge, v0x557bd010a300_4719, v0x557bd010a300_4720, v0x557bd010a300_4721, v0x557bd010a300_4722;
v0x557bd010a300_4723 .array/port v0x557bd010a300, 4723;
v0x557bd010a300_4724 .array/port v0x557bd010a300, 4724;
v0x557bd010a300_4725 .array/port v0x557bd010a300, 4725;
v0x557bd010a300_4726 .array/port v0x557bd010a300, 4726;
E_0x557bd010b960/1181 .event anyedge, v0x557bd010a300_4723, v0x557bd010a300_4724, v0x557bd010a300_4725, v0x557bd010a300_4726;
v0x557bd010a300_4727 .array/port v0x557bd010a300, 4727;
v0x557bd010a300_4728 .array/port v0x557bd010a300, 4728;
v0x557bd010a300_4729 .array/port v0x557bd010a300, 4729;
v0x557bd010a300_4730 .array/port v0x557bd010a300, 4730;
E_0x557bd010b960/1182 .event anyedge, v0x557bd010a300_4727, v0x557bd010a300_4728, v0x557bd010a300_4729, v0x557bd010a300_4730;
v0x557bd010a300_4731 .array/port v0x557bd010a300, 4731;
v0x557bd010a300_4732 .array/port v0x557bd010a300, 4732;
v0x557bd010a300_4733 .array/port v0x557bd010a300, 4733;
v0x557bd010a300_4734 .array/port v0x557bd010a300, 4734;
E_0x557bd010b960/1183 .event anyedge, v0x557bd010a300_4731, v0x557bd010a300_4732, v0x557bd010a300_4733, v0x557bd010a300_4734;
v0x557bd010a300_4735 .array/port v0x557bd010a300, 4735;
v0x557bd010a300_4736 .array/port v0x557bd010a300, 4736;
v0x557bd010a300_4737 .array/port v0x557bd010a300, 4737;
v0x557bd010a300_4738 .array/port v0x557bd010a300, 4738;
E_0x557bd010b960/1184 .event anyedge, v0x557bd010a300_4735, v0x557bd010a300_4736, v0x557bd010a300_4737, v0x557bd010a300_4738;
v0x557bd010a300_4739 .array/port v0x557bd010a300, 4739;
v0x557bd010a300_4740 .array/port v0x557bd010a300, 4740;
v0x557bd010a300_4741 .array/port v0x557bd010a300, 4741;
v0x557bd010a300_4742 .array/port v0x557bd010a300, 4742;
E_0x557bd010b960/1185 .event anyedge, v0x557bd010a300_4739, v0x557bd010a300_4740, v0x557bd010a300_4741, v0x557bd010a300_4742;
v0x557bd010a300_4743 .array/port v0x557bd010a300, 4743;
v0x557bd010a300_4744 .array/port v0x557bd010a300, 4744;
v0x557bd010a300_4745 .array/port v0x557bd010a300, 4745;
v0x557bd010a300_4746 .array/port v0x557bd010a300, 4746;
E_0x557bd010b960/1186 .event anyedge, v0x557bd010a300_4743, v0x557bd010a300_4744, v0x557bd010a300_4745, v0x557bd010a300_4746;
v0x557bd010a300_4747 .array/port v0x557bd010a300, 4747;
v0x557bd010a300_4748 .array/port v0x557bd010a300, 4748;
v0x557bd010a300_4749 .array/port v0x557bd010a300, 4749;
v0x557bd010a300_4750 .array/port v0x557bd010a300, 4750;
E_0x557bd010b960/1187 .event anyedge, v0x557bd010a300_4747, v0x557bd010a300_4748, v0x557bd010a300_4749, v0x557bd010a300_4750;
v0x557bd010a300_4751 .array/port v0x557bd010a300, 4751;
v0x557bd010a300_4752 .array/port v0x557bd010a300, 4752;
v0x557bd010a300_4753 .array/port v0x557bd010a300, 4753;
v0x557bd010a300_4754 .array/port v0x557bd010a300, 4754;
E_0x557bd010b960/1188 .event anyedge, v0x557bd010a300_4751, v0x557bd010a300_4752, v0x557bd010a300_4753, v0x557bd010a300_4754;
v0x557bd010a300_4755 .array/port v0x557bd010a300, 4755;
v0x557bd010a300_4756 .array/port v0x557bd010a300, 4756;
v0x557bd010a300_4757 .array/port v0x557bd010a300, 4757;
v0x557bd010a300_4758 .array/port v0x557bd010a300, 4758;
E_0x557bd010b960/1189 .event anyedge, v0x557bd010a300_4755, v0x557bd010a300_4756, v0x557bd010a300_4757, v0x557bd010a300_4758;
v0x557bd010a300_4759 .array/port v0x557bd010a300, 4759;
v0x557bd010a300_4760 .array/port v0x557bd010a300, 4760;
v0x557bd010a300_4761 .array/port v0x557bd010a300, 4761;
v0x557bd010a300_4762 .array/port v0x557bd010a300, 4762;
E_0x557bd010b960/1190 .event anyedge, v0x557bd010a300_4759, v0x557bd010a300_4760, v0x557bd010a300_4761, v0x557bd010a300_4762;
v0x557bd010a300_4763 .array/port v0x557bd010a300, 4763;
v0x557bd010a300_4764 .array/port v0x557bd010a300, 4764;
v0x557bd010a300_4765 .array/port v0x557bd010a300, 4765;
v0x557bd010a300_4766 .array/port v0x557bd010a300, 4766;
E_0x557bd010b960/1191 .event anyedge, v0x557bd010a300_4763, v0x557bd010a300_4764, v0x557bd010a300_4765, v0x557bd010a300_4766;
v0x557bd010a300_4767 .array/port v0x557bd010a300, 4767;
v0x557bd010a300_4768 .array/port v0x557bd010a300, 4768;
v0x557bd010a300_4769 .array/port v0x557bd010a300, 4769;
v0x557bd010a300_4770 .array/port v0x557bd010a300, 4770;
E_0x557bd010b960/1192 .event anyedge, v0x557bd010a300_4767, v0x557bd010a300_4768, v0x557bd010a300_4769, v0x557bd010a300_4770;
v0x557bd010a300_4771 .array/port v0x557bd010a300, 4771;
v0x557bd010a300_4772 .array/port v0x557bd010a300, 4772;
v0x557bd010a300_4773 .array/port v0x557bd010a300, 4773;
v0x557bd010a300_4774 .array/port v0x557bd010a300, 4774;
E_0x557bd010b960/1193 .event anyedge, v0x557bd010a300_4771, v0x557bd010a300_4772, v0x557bd010a300_4773, v0x557bd010a300_4774;
v0x557bd010a300_4775 .array/port v0x557bd010a300, 4775;
v0x557bd010a300_4776 .array/port v0x557bd010a300, 4776;
v0x557bd010a300_4777 .array/port v0x557bd010a300, 4777;
v0x557bd010a300_4778 .array/port v0x557bd010a300, 4778;
E_0x557bd010b960/1194 .event anyedge, v0x557bd010a300_4775, v0x557bd010a300_4776, v0x557bd010a300_4777, v0x557bd010a300_4778;
v0x557bd010a300_4779 .array/port v0x557bd010a300, 4779;
v0x557bd010a300_4780 .array/port v0x557bd010a300, 4780;
v0x557bd010a300_4781 .array/port v0x557bd010a300, 4781;
v0x557bd010a300_4782 .array/port v0x557bd010a300, 4782;
E_0x557bd010b960/1195 .event anyedge, v0x557bd010a300_4779, v0x557bd010a300_4780, v0x557bd010a300_4781, v0x557bd010a300_4782;
v0x557bd010a300_4783 .array/port v0x557bd010a300, 4783;
v0x557bd010a300_4784 .array/port v0x557bd010a300, 4784;
v0x557bd010a300_4785 .array/port v0x557bd010a300, 4785;
v0x557bd010a300_4786 .array/port v0x557bd010a300, 4786;
E_0x557bd010b960/1196 .event anyedge, v0x557bd010a300_4783, v0x557bd010a300_4784, v0x557bd010a300_4785, v0x557bd010a300_4786;
v0x557bd010a300_4787 .array/port v0x557bd010a300, 4787;
v0x557bd010a300_4788 .array/port v0x557bd010a300, 4788;
v0x557bd010a300_4789 .array/port v0x557bd010a300, 4789;
v0x557bd010a300_4790 .array/port v0x557bd010a300, 4790;
E_0x557bd010b960/1197 .event anyedge, v0x557bd010a300_4787, v0x557bd010a300_4788, v0x557bd010a300_4789, v0x557bd010a300_4790;
v0x557bd010a300_4791 .array/port v0x557bd010a300, 4791;
v0x557bd010a300_4792 .array/port v0x557bd010a300, 4792;
v0x557bd010a300_4793 .array/port v0x557bd010a300, 4793;
v0x557bd010a300_4794 .array/port v0x557bd010a300, 4794;
E_0x557bd010b960/1198 .event anyedge, v0x557bd010a300_4791, v0x557bd010a300_4792, v0x557bd010a300_4793, v0x557bd010a300_4794;
v0x557bd010a300_4795 .array/port v0x557bd010a300, 4795;
v0x557bd010a300_4796 .array/port v0x557bd010a300, 4796;
v0x557bd010a300_4797 .array/port v0x557bd010a300, 4797;
v0x557bd010a300_4798 .array/port v0x557bd010a300, 4798;
E_0x557bd010b960/1199 .event anyedge, v0x557bd010a300_4795, v0x557bd010a300_4796, v0x557bd010a300_4797, v0x557bd010a300_4798;
v0x557bd010a300_4799 .array/port v0x557bd010a300, 4799;
v0x557bd010a300_4800 .array/port v0x557bd010a300, 4800;
v0x557bd010a300_4801 .array/port v0x557bd010a300, 4801;
v0x557bd010a300_4802 .array/port v0x557bd010a300, 4802;
E_0x557bd010b960/1200 .event anyedge, v0x557bd010a300_4799, v0x557bd010a300_4800, v0x557bd010a300_4801, v0x557bd010a300_4802;
v0x557bd010a300_4803 .array/port v0x557bd010a300, 4803;
v0x557bd010a300_4804 .array/port v0x557bd010a300, 4804;
v0x557bd010a300_4805 .array/port v0x557bd010a300, 4805;
v0x557bd010a300_4806 .array/port v0x557bd010a300, 4806;
E_0x557bd010b960/1201 .event anyedge, v0x557bd010a300_4803, v0x557bd010a300_4804, v0x557bd010a300_4805, v0x557bd010a300_4806;
v0x557bd010a300_4807 .array/port v0x557bd010a300, 4807;
v0x557bd010a300_4808 .array/port v0x557bd010a300, 4808;
v0x557bd010a300_4809 .array/port v0x557bd010a300, 4809;
v0x557bd010a300_4810 .array/port v0x557bd010a300, 4810;
E_0x557bd010b960/1202 .event anyedge, v0x557bd010a300_4807, v0x557bd010a300_4808, v0x557bd010a300_4809, v0x557bd010a300_4810;
v0x557bd010a300_4811 .array/port v0x557bd010a300, 4811;
v0x557bd010a300_4812 .array/port v0x557bd010a300, 4812;
v0x557bd010a300_4813 .array/port v0x557bd010a300, 4813;
v0x557bd010a300_4814 .array/port v0x557bd010a300, 4814;
E_0x557bd010b960/1203 .event anyedge, v0x557bd010a300_4811, v0x557bd010a300_4812, v0x557bd010a300_4813, v0x557bd010a300_4814;
v0x557bd010a300_4815 .array/port v0x557bd010a300, 4815;
v0x557bd010a300_4816 .array/port v0x557bd010a300, 4816;
v0x557bd010a300_4817 .array/port v0x557bd010a300, 4817;
v0x557bd010a300_4818 .array/port v0x557bd010a300, 4818;
E_0x557bd010b960/1204 .event anyedge, v0x557bd010a300_4815, v0x557bd010a300_4816, v0x557bd010a300_4817, v0x557bd010a300_4818;
v0x557bd010a300_4819 .array/port v0x557bd010a300, 4819;
v0x557bd010a300_4820 .array/port v0x557bd010a300, 4820;
v0x557bd010a300_4821 .array/port v0x557bd010a300, 4821;
v0x557bd010a300_4822 .array/port v0x557bd010a300, 4822;
E_0x557bd010b960/1205 .event anyedge, v0x557bd010a300_4819, v0x557bd010a300_4820, v0x557bd010a300_4821, v0x557bd010a300_4822;
v0x557bd010a300_4823 .array/port v0x557bd010a300, 4823;
v0x557bd010a300_4824 .array/port v0x557bd010a300, 4824;
v0x557bd010a300_4825 .array/port v0x557bd010a300, 4825;
v0x557bd010a300_4826 .array/port v0x557bd010a300, 4826;
E_0x557bd010b960/1206 .event anyedge, v0x557bd010a300_4823, v0x557bd010a300_4824, v0x557bd010a300_4825, v0x557bd010a300_4826;
v0x557bd010a300_4827 .array/port v0x557bd010a300, 4827;
v0x557bd010a300_4828 .array/port v0x557bd010a300, 4828;
v0x557bd010a300_4829 .array/port v0x557bd010a300, 4829;
v0x557bd010a300_4830 .array/port v0x557bd010a300, 4830;
E_0x557bd010b960/1207 .event anyedge, v0x557bd010a300_4827, v0x557bd010a300_4828, v0x557bd010a300_4829, v0x557bd010a300_4830;
v0x557bd010a300_4831 .array/port v0x557bd010a300, 4831;
v0x557bd010a300_4832 .array/port v0x557bd010a300, 4832;
v0x557bd010a300_4833 .array/port v0x557bd010a300, 4833;
v0x557bd010a300_4834 .array/port v0x557bd010a300, 4834;
E_0x557bd010b960/1208 .event anyedge, v0x557bd010a300_4831, v0x557bd010a300_4832, v0x557bd010a300_4833, v0x557bd010a300_4834;
v0x557bd010a300_4835 .array/port v0x557bd010a300, 4835;
v0x557bd010a300_4836 .array/port v0x557bd010a300, 4836;
v0x557bd010a300_4837 .array/port v0x557bd010a300, 4837;
v0x557bd010a300_4838 .array/port v0x557bd010a300, 4838;
E_0x557bd010b960/1209 .event anyedge, v0x557bd010a300_4835, v0x557bd010a300_4836, v0x557bd010a300_4837, v0x557bd010a300_4838;
v0x557bd010a300_4839 .array/port v0x557bd010a300, 4839;
v0x557bd010a300_4840 .array/port v0x557bd010a300, 4840;
v0x557bd010a300_4841 .array/port v0x557bd010a300, 4841;
v0x557bd010a300_4842 .array/port v0x557bd010a300, 4842;
E_0x557bd010b960/1210 .event anyedge, v0x557bd010a300_4839, v0x557bd010a300_4840, v0x557bd010a300_4841, v0x557bd010a300_4842;
v0x557bd010a300_4843 .array/port v0x557bd010a300, 4843;
v0x557bd010a300_4844 .array/port v0x557bd010a300, 4844;
v0x557bd010a300_4845 .array/port v0x557bd010a300, 4845;
v0x557bd010a300_4846 .array/port v0x557bd010a300, 4846;
E_0x557bd010b960/1211 .event anyedge, v0x557bd010a300_4843, v0x557bd010a300_4844, v0x557bd010a300_4845, v0x557bd010a300_4846;
v0x557bd010a300_4847 .array/port v0x557bd010a300, 4847;
v0x557bd010a300_4848 .array/port v0x557bd010a300, 4848;
v0x557bd010a300_4849 .array/port v0x557bd010a300, 4849;
v0x557bd010a300_4850 .array/port v0x557bd010a300, 4850;
E_0x557bd010b960/1212 .event anyedge, v0x557bd010a300_4847, v0x557bd010a300_4848, v0x557bd010a300_4849, v0x557bd010a300_4850;
v0x557bd010a300_4851 .array/port v0x557bd010a300, 4851;
v0x557bd010a300_4852 .array/port v0x557bd010a300, 4852;
v0x557bd010a300_4853 .array/port v0x557bd010a300, 4853;
v0x557bd010a300_4854 .array/port v0x557bd010a300, 4854;
E_0x557bd010b960/1213 .event anyedge, v0x557bd010a300_4851, v0x557bd010a300_4852, v0x557bd010a300_4853, v0x557bd010a300_4854;
v0x557bd010a300_4855 .array/port v0x557bd010a300, 4855;
v0x557bd010a300_4856 .array/port v0x557bd010a300, 4856;
v0x557bd010a300_4857 .array/port v0x557bd010a300, 4857;
v0x557bd010a300_4858 .array/port v0x557bd010a300, 4858;
E_0x557bd010b960/1214 .event anyedge, v0x557bd010a300_4855, v0x557bd010a300_4856, v0x557bd010a300_4857, v0x557bd010a300_4858;
v0x557bd010a300_4859 .array/port v0x557bd010a300, 4859;
v0x557bd010a300_4860 .array/port v0x557bd010a300, 4860;
v0x557bd010a300_4861 .array/port v0x557bd010a300, 4861;
v0x557bd010a300_4862 .array/port v0x557bd010a300, 4862;
E_0x557bd010b960/1215 .event anyedge, v0x557bd010a300_4859, v0x557bd010a300_4860, v0x557bd010a300_4861, v0x557bd010a300_4862;
v0x557bd010a300_4863 .array/port v0x557bd010a300, 4863;
v0x557bd010a300_4864 .array/port v0x557bd010a300, 4864;
v0x557bd010a300_4865 .array/port v0x557bd010a300, 4865;
v0x557bd010a300_4866 .array/port v0x557bd010a300, 4866;
E_0x557bd010b960/1216 .event anyedge, v0x557bd010a300_4863, v0x557bd010a300_4864, v0x557bd010a300_4865, v0x557bd010a300_4866;
v0x557bd010a300_4867 .array/port v0x557bd010a300, 4867;
v0x557bd010a300_4868 .array/port v0x557bd010a300, 4868;
v0x557bd010a300_4869 .array/port v0x557bd010a300, 4869;
v0x557bd010a300_4870 .array/port v0x557bd010a300, 4870;
E_0x557bd010b960/1217 .event anyedge, v0x557bd010a300_4867, v0x557bd010a300_4868, v0x557bd010a300_4869, v0x557bd010a300_4870;
v0x557bd010a300_4871 .array/port v0x557bd010a300, 4871;
v0x557bd010a300_4872 .array/port v0x557bd010a300, 4872;
v0x557bd010a300_4873 .array/port v0x557bd010a300, 4873;
v0x557bd010a300_4874 .array/port v0x557bd010a300, 4874;
E_0x557bd010b960/1218 .event anyedge, v0x557bd010a300_4871, v0x557bd010a300_4872, v0x557bd010a300_4873, v0x557bd010a300_4874;
v0x557bd010a300_4875 .array/port v0x557bd010a300, 4875;
v0x557bd010a300_4876 .array/port v0x557bd010a300, 4876;
v0x557bd010a300_4877 .array/port v0x557bd010a300, 4877;
v0x557bd010a300_4878 .array/port v0x557bd010a300, 4878;
E_0x557bd010b960/1219 .event anyedge, v0x557bd010a300_4875, v0x557bd010a300_4876, v0x557bd010a300_4877, v0x557bd010a300_4878;
v0x557bd010a300_4879 .array/port v0x557bd010a300, 4879;
v0x557bd010a300_4880 .array/port v0x557bd010a300, 4880;
v0x557bd010a300_4881 .array/port v0x557bd010a300, 4881;
v0x557bd010a300_4882 .array/port v0x557bd010a300, 4882;
E_0x557bd010b960/1220 .event anyedge, v0x557bd010a300_4879, v0x557bd010a300_4880, v0x557bd010a300_4881, v0x557bd010a300_4882;
v0x557bd010a300_4883 .array/port v0x557bd010a300, 4883;
v0x557bd010a300_4884 .array/port v0x557bd010a300, 4884;
v0x557bd010a300_4885 .array/port v0x557bd010a300, 4885;
v0x557bd010a300_4886 .array/port v0x557bd010a300, 4886;
E_0x557bd010b960/1221 .event anyedge, v0x557bd010a300_4883, v0x557bd010a300_4884, v0x557bd010a300_4885, v0x557bd010a300_4886;
v0x557bd010a300_4887 .array/port v0x557bd010a300, 4887;
v0x557bd010a300_4888 .array/port v0x557bd010a300, 4888;
v0x557bd010a300_4889 .array/port v0x557bd010a300, 4889;
v0x557bd010a300_4890 .array/port v0x557bd010a300, 4890;
E_0x557bd010b960/1222 .event anyedge, v0x557bd010a300_4887, v0x557bd010a300_4888, v0x557bd010a300_4889, v0x557bd010a300_4890;
v0x557bd010a300_4891 .array/port v0x557bd010a300, 4891;
v0x557bd010a300_4892 .array/port v0x557bd010a300, 4892;
v0x557bd010a300_4893 .array/port v0x557bd010a300, 4893;
v0x557bd010a300_4894 .array/port v0x557bd010a300, 4894;
E_0x557bd010b960/1223 .event anyedge, v0x557bd010a300_4891, v0x557bd010a300_4892, v0x557bd010a300_4893, v0x557bd010a300_4894;
v0x557bd010a300_4895 .array/port v0x557bd010a300, 4895;
v0x557bd010a300_4896 .array/port v0x557bd010a300, 4896;
v0x557bd010a300_4897 .array/port v0x557bd010a300, 4897;
v0x557bd010a300_4898 .array/port v0x557bd010a300, 4898;
E_0x557bd010b960/1224 .event anyedge, v0x557bd010a300_4895, v0x557bd010a300_4896, v0x557bd010a300_4897, v0x557bd010a300_4898;
v0x557bd010a300_4899 .array/port v0x557bd010a300, 4899;
v0x557bd010a300_4900 .array/port v0x557bd010a300, 4900;
v0x557bd010a300_4901 .array/port v0x557bd010a300, 4901;
v0x557bd010a300_4902 .array/port v0x557bd010a300, 4902;
E_0x557bd010b960/1225 .event anyedge, v0x557bd010a300_4899, v0x557bd010a300_4900, v0x557bd010a300_4901, v0x557bd010a300_4902;
v0x557bd010a300_4903 .array/port v0x557bd010a300, 4903;
v0x557bd010a300_4904 .array/port v0x557bd010a300, 4904;
v0x557bd010a300_4905 .array/port v0x557bd010a300, 4905;
v0x557bd010a300_4906 .array/port v0x557bd010a300, 4906;
E_0x557bd010b960/1226 .event anyedge, v0x557bd010a300_4903, v0x557bd010a300_4904, v0x557bd010a300_4905, v0x557bd010a300_4906;
v0x557bd010a300_4907 .array/port v0x557bd010a300, 4907;
v0x557bd010a300_4908 .array/port v0x557bd010a300, 4908;
v0x557bd010a300_4909 .array/port v0x557bd010a300, 4909;
v0x557bd010a300_4910 .array/port v0x557bd010a300, 4910;
E_0x557bd010b960/1227 .event anyedge, v0x557bd010a300_4907, v0x557bd010a300_4908, v0x557bd010a300_4909, v0x557bd010a300_4910;
v0x557bd010a300_4911 .array/port v0x557bd010a300, 4911;
v0x557bd010a300_4912 .array/port v0x557bd010a300, 4912;
v0x557bd010a300_4913 .array/port v0x557bd010a300, 4913;
v0x557bd010a300_4914 .array/port v0x557bd010a300, 4914;
E_0x557bd010b960/1228 .event anyedge, v0x557bd010a300_4911, v0x557bd010a300_4912, v0x557bd010a300_4913, v0x557bd010a300_4914;
v0x557bd010a300_4915 .array/port v0x557bd010a300, 4915;
v0x557bd010a300_4916 .array/port v0x557bd010a300, 4916;
v0x557bd010a300_4917 .array/port v0x557bd010a300, 4917;
v0x557bd010a300_4918 .array/port v0x557bd010a300, 4918;
E_0x557bd010b960/1229 .event anyedge, v0x557bd010a300_4915, v0x557bd010a300_4916, v0x557bd010a300_4917, v0x557bd010a300_4918;
v0x557bd010a300_4919 .array/port v0x557bd010a300, 4919;
v0x557bd010a300_4920 .array/port v0x557bd010a300, 4920;
v0x557bd010a300_4921 .array/port v0x557bd010a300, 4921;
v0x557bd010a300_4922 .array/port v0x557bd010a300, 4922;
E_0x557bd010b960/1230 .event anyedge, v0x557bd010a300_4919, v0x557bd010a300_4920, v0x557bd010a300_4921, v0x557bd010a300_4922;
v0x557bd010a300_4923 .array/port v0x557bd010a300, 4923;
v0x557bd010a300_4924 .array/port v0x557bd010a300, 4924;
v0x557bd010a300_4925 .array/port v0x557bd010a300, 4925;
v0x557bd010a300_4926 .array/port v0x557bd010a300, 4926;
E_0x557bd010b960/1231 .event anyedge, v0x557bd010a300_4923, v0x557bd010a300_4924, v0x557bd010a300_4925, v0x557bd010a300_4926;
v0x557bd010a300_4927 .array/port v0x557bd010a300, 4927;
v0x557bd010a300_4928 .array/port v0x557bd010a300, 4928;
v0x557bd010a300_4929 .array/port v0x557bd010a300, 4929;
v0x557bd010a300_4930 .array/port v0x557bd010a300, 4930;
E_0x557bd010b960/1232 .event anyedge, v0x557bd010a300_4927, v0x557bd010a300_4928, v0x557bd010a300_4929, v0x557bd010a300_4930;
v0x557bd010a300_4931 .array/port v0x557bd010a300, 4931;
v0x557bd010a300_4932 .array/port v0x557bd010a300, 4932;
v0x557bd010a300_4933 .array/port v0x557bd010a300, 4933;
v0x557bd010a300_4934 .array/port v0x557bd010a300, 4934;
E_0x557bd010b960/1233 .event anyedge, v0x557bd010a300_4931, v0x557bd010a300_4932, v0x557bd010a300_4933, v0x557bd010a300_4934;
v0x557bd010a300_4935 .array/port v0x557bd010a300, 4935;
v0x557bd010a300_4936 .array/port v0x557bd010a300, 4936;
v0x557bd010a300_4937 .array/port v0x557bd010a300, 4937;
v0x557bd010a300_4938 .array/port v0x557bd010a300, 4938;
E_0x557bd010b960/1234 .event anyedge, v0x557bd010a300_4935, v0x557bd010a300_4936, v0x557bd010a300_4937, v0x557bd010a300_4938;
v0x557bd010a300_4939 .array/port v0x557bd010a300, 4939;
v0x557bd010a300_4940 .array/port v0x557bd010a300, 4940;
v0x557bd010a300_4941 .array/port v0x557bd010a300, 4941;
v0x557bd010a300_4942 .array/port v0x557bd010a300, 4942;
E_0x557bd010b960/1235 .event anyedge, v0x557bd010a300_4939, v0x557bd010a300_4940, v0x557bd010a300_4941, v0x557bd010a300_4942;
v0x557bd010a300_4943 .array/port v0x557bd010a300, 4943;
v0x557bd010a300_4944 .array/port v0x557bd010a300, 4944;
v0x557bd010a300_4945 .array/port v0x557bd010a300, 4945;
v0x557bd010a300_4946 .array/port v0x557bd010a300, 4946;
E_0x557bd010b960/1236 .event anyedge, v0x557bd010a300_4943, v0x557bd010a300_4944, v0x557bd010a300_4945, v0x557bd010a300_4946;
v0x557bd010a300_4947 .array/port v0x557bd010a300, 4947;
v0x557bd010a300_4948 .array/port v0x557bd010a300, 4948;
v0x557bd010a300_4949 .array/port v0x557bd010a300, 4949;
v0x557bd010a300_4950 .array/port v0x557bd010a300, 4950;
E_0x557bd010b960/1237 .event anyedge, v0x557bd010a300_4947, v0x557bd010a300_4948, v0x557bd010a300_4949, v0x557bd010a300_4950;
v0x557bd010a300_4951 .array/port v0x557bd010a300, 4951;
v0x557bd010a300_4952 .array/port v0x557bd010a300, 4952;
v0x557bd010a300_4953 .array/port v0x557bd010a300, 4953;
v0x557bd010a300_4954 .array/port v0x557bd010a300, 4954;
E_0x557bd010b960/1238 .event anyedge, v0x557bd010a300_4951, v0x557bd010a300_4952, v0x557bd010a300_4953, v0x557bd010a300_4954;
v0x557bd010a300_4955 .array/port v0x557bd010a300, 4955;
v0x557bd010a300_4956 .array/port v0x557bd010a300, 4956;
v0x557bd010a300_4957 .array/port v0x557bd010a300, 4957;
v0x557bd010a300_4958 .array/port v0x557bd010a300, 4958;
E_0x557bd010b960/1239 .event anyedge, v0x557bd010a300_4955, v0x557bd010a300_4956, v0x557bd010a300_4957, v0x557bd010a300_4958;
v0x557bd010a300_4959 .array/port v0x557bd010a300, 4959;
v0x557bd010a300_4960 .array/port v0x557bd010a300, 4960;
v0x557bd010a300_4961 .array/port v0x557bd010a300, 4961;
v0x557bd010a300_4962 .array/port v0x557bd010a300, 4962;
E_0x557bd010b960/1240 .event anyedge, v0x557bd010a300_4959, v0x557bd010a300_4960, v0x557bd010a300_4961, v0x557bd010a300_4962;
v0x557bd010a300_4963 .array/port v0x557bd010a300, 4963;
v0x557bd010a300_4964 .array/port v0x557bd010a300, 4964;
v0x557bd010a300_4965 .array/port v0x557bd010a300, 4965;
v0x557bd010a300_4966 .array/port v0x557bd010a300, 4966;
E_0x557bd010b960/1241 .event anyedge, v0x557bd010a300_4963, v0x557bd010a300_4964, v0x557bd010a300_4965, v0x557bd010a300_4966;
v0x557bd010a300_4967 .array/port v0x557bd010a300, 4967;
v0x557bd010a300_4968 .array/port v0x557bd010a300, 4968;
v0x557bd010a300_4969 .array/port v0x557bd010a300, 4969;
v0x557bd010a300_4970 .array/port v0x557bd010a300, 4970;
E_0x557bd010b960/1242 .event anyedge, v0x557bd010a300_4967, v0x557bd010a300_4968, v0x557bd010a300_4969, v0x557bd010a300_4970;
v0x557bd010a300_4971 .array/port v0x557bd010a300, 4971;
v0x557bd010a300_4972 .array/port v0x557bd010a300, 4972;
v0x557bd010a300_4973 .array/port v0x557bd010a300, 4973;
v0x557bd010a300_4974 .array/port v0x557bd010a300, 4974;
E_0x557bd010b960/1243 .event anyedge, v0x557bd010a300_4971, v0x557bd010a300_4972, v0x557bd010a300_4973, v0x557bd010a300_4974;
v0x557bd010a300_4975 .array/port v0x557bd010a300, 4975;
v0x557bd010a300_4976 .array/port v0x557bd010a300, 4976;
v0x557bd010a300_4977 .array/port v0x557bd010a300, 4977;
v0x557bd010a300_4978 .array/port v0x557bd010a300, 4978;
E_0x557bd010b960/1244 .event anyedge, v0x557bd010a300_4975, v0x557bd010a300_4976, v0x557bd010a300_4977, v0x557bd010a300_4978;
v0x557bd010a300_4979 .array/port v0x557bd010a300, 4979;
v0x557bd010a300_4980 .array/port v0x557bd010a300, 4980;
v0x557bd010a300_4981 .array/port v0x557bd010a300, 4981;
v0x557bd010a300_4982 .array/port v0x557bd010a300, 4982;
E_0x557bd010b960/1245 .event anyedge, v0x557bd010a300_4979, v0x557bd010a300_4980, v0x557bd010a300_4981, v0x557bd010a300_4982;
v0x557bd010a300_4983 .array/port v0x557bd010a300, 4983;
v0x557bd010a300_4984 .array/port v0x557bd010a300, 4984;
v0x557bd010a300_4985 .array/port v0x557bd010a300, 4985;
v0x557bd010a300_4986 .array/port v0x557bd010a300, 4986;
E_0x557bd010b960/1246 .event anyedge, v0x557bd010a300_4983, v0x557bd010a300_4984, v0x557bd010a300_4985, v0x557bd010a300_4986;
v0x557bd010a300_4987 .array/port v0x557bd010a300, 4987;
v0x557bd010a300_4988 .array/port v0x557bd010a300, 4988;
v0x557bd010a300_4989 .array/port v0x557bd010a300, 4989;
v0x557bd010a300_4990 .array/port v0x557bd010a300, 4990;
E_0x557bd010b960/1247 .event anyedge, v0x557bd010a300_4987, v0x557bd010a300_4988, v0x557bd010a300_4989, v0x557bd010a300_4990;
v0x557bd010a300_4991 .array/port v0x557bd010a300, 4991;
v0x557bd010a300_4992 .array/port v0x557bd010a300, 4992;
v0x557bd010a300_4993 .array/port v0x557bd010a300, 4993;
v0x557bd010a300_4994 .array/port v0x557bd010a300, 4994;
E_0x557bd010b960/1248 .event anyedge, v0x557bd010a300_4991, v0x557bd010a300_4992, v0x557bd010a300_4993, v0x557bd010a300_4994;
v0x557bd010a300_4995 .array/port v0x557bd010a300, 4995;
v0x557bd010a300_4996 .array/port v0x557bd010a300, 4996;
v0x557bd010a300_4997 .array/port v0x557bd010a300, 4997;
v0x557bd010a300_4998 .array/port v0x557bd010a300, 4998;
E_0x557bd010b960/1249 .event anyedge, v0x557bd010a300_4995, v0x557bd010a300_4996, v0x557bd010a300_4997, v0x557bd010a300_4998;
v0x557bd010a300_4999 .array/port v0x557bd010a300, 4999;
v0x557bd010a300_5000 .array/port v0x557bd010a300, 5000;
v0x557bd010a300_5001 .array/port v0x557bd010a300, 5001;
v0x557bd010a300_5002 .array/port v0x557bd010a300, 5002;
E_0x557bd010b960/1250 .event anyedge, v0x557bd010a300_4999, v0x557bd010a300_5000, v0x557bd010a300_5001, v0x557bd010a300_5002;
v0x557bd010a300_5003 .array/port v0x557bd010a300, 5003;
v0x557bd010a300_5004 .array/port v0x557bd010a300, 5004;
v0x557bd010a300_5005 .array/port v0x557bd010a300, 5005;
v0x557bd010a300_5006 .array/port v0x557bd010a300, 5006;
E_0x557bd010b960/1251 .event anyedge, v0x557bd010a300_5003, v0x557bd010a300_5004, v0x557bd010a300_5005, v0x557bd010a300_5006;
v0x557bd010a300_5007 .array/port v0x557bd010a300, 5007;
v0x557bd010a300_5008 .array/port v0x557bd010a300, 5008;
v0x557bd010a300_5009 .array/port v0x557bd010a300, 5009;
v0x557bd010a300_5010 .array/port v0x557bd010a300, 5010;
E_0x557bd010b960/1252 .event anyedge, v0x557bd010a300_5007, v0x557bd010a300_5008, v0x557bd010a300_5009, v0x557bd010a300_5010;
v0x557bd010a300_5011 .array/port v0x557bd010a300, 5011;
v0x557bd010a300_5012 .array/port v0x557bd010a300, 5012;
v0x557bd010a300_5013 .array/port v0x557bd010a300, 5013;
v0x557bd010a300_5014 .array/port v0x557bd010a300, 5014;
E_0x557bd010b960/1253 .event anyedge, v0x557bd010a300_5011, v0x557bd010a300_5012, v0x557bd010a300_5013, v0x557bd010a300_5014;
v0x557bd010a300_5015 .array/port v0x557bd010a300, 5015;
v0x557bd010a300_5016 .array/port v0x557bd010a300, 5016;
v0x557bd010a300_5017 .array/port v0x557bd010a300, 5017;
v0x557bd010a300_5018 .array/port v0x557bd010a300, 5018;
E_0x557bd010b960/1254 .event anyedge, v0x557bd010a300_5015, v0x557bd010a300_5016, v0x557bd010a300_5017, v0x557bd010a300_5018;
v0x557bd010a300_5019 .array/port v0x557bd010a300, 5019;
v0x557bd010a300_5020 .array/port v0x557bd010a300, 5020;
v0x557bd010a300_5021 .array/port v0x557bd010a300, 5021;
v0x557bd010a300_5022 .array/port v0x557bd010a300, 5022;
E_0x557bd010b960/1255 .event anyedge, v0x557bd010a300_5019, v0x557bd010a300_5020, v0x557bd010a300_5021, v0x557bd010a300_5022;
v0x557bd010a300_5023 .array/port v0x557bd010a300, 5023;
v0x557bd010a300_5024 .array/port v0x557bd010a300, 5024;
v0x557bd010a300_5025 .array/port v0x557bd010a300, 5025;
v0x557bd010a300_5026 .array/port v0x557bd010a300, 5026;
E_0x557bd010b960/1256 .event anyedge, v0x557bd010a300_5023, v0x557bd010a300_5024, v0x557bd010a300_5025, v0x557bd010a300_5026;
v0x557bd010a300_5027 .array/port v0x557bd010a300, 5027;
v0x557bd010a300_5028 .array/port v0x557bd010a300, 5028;
v0x557bd010a300_5029 .array/port v0x557bd010a300, 5029;
v0x557bd010a300_5030 .array/port v0x557bd010a300, 5030;
E_0x557bd010b960/1257 .event anyedge, v0x557bd010a300_5027, v0x557bd010a300_5028, v0x557bd010a300_5029, v0x557bd010a300_5030;
v0x557bd010a300_5031 .array/port v0x557bd010a300, 5031;
v0x557bd010a300_5032 .array/port v0x557bd010a300, 5032;
v0x557bd010a300_5033 .array/port v0x557bd010a300, 5033;
v0x557bd010a300_5034 .array/port v0x557bd010a300, 5034;
E_0x557bd010b960/1258 .event anyedge, v0x557bd010a300_5031, v0x557bd010a300_5032, v0x557bd010a300_5033, v0x557bd010a300_5034;
v0x557bd010a300_5035 .array/port v0x557bd010a300, 5035;
v0x557bd010a300_5036 .array/port v0x557bd010a300, 5036;
v0x557bd010a300_5037 .array/port v0x557bd010a300, 5037;
v0x557bd010a300_5038 .array/port v0x557bd010a300, 5038;
E_0x557bd010b960/1259 .event anyedge, v0x557bd010a300_5035, v0x557bd010a300_5036, v0x557bd010a300_5037, v0x557bd010a300_5038;
v0x557bd010a300_5039 .array/port v0x557bd010a300, 5039;
v0x557bd010a300_5040 .array/port v0x557bd010a300, 5040;
v0x557bd010a300_5041 .array/port v0x557bd010a300, 5041;
v0x557bd010a300_5042 .array/port v0x557bd010a300, 5042;
E_0x557bd010b960/1260 .event anyedge, v0x557bd010a300_5039, v0x557bd010a300_5040, v0x557bd010a300_5041, v0x557bd010a300_5042;
v0x557bd010a300_5043 .array/port v0x557bd010a300, 5043;
v0x557bd010a300_5044 .array/port v0x557bd010a300, 5044;
v0x557bd010a300_5045 .array/port v0x557bd010a300, 5045;
v0x557bd010a300_5046 .array/port v0x557bd010a300, 5046;
E_0x557bd010b960/1261 .event anyedge, v0x557bd010a300_5043, v0x557bd010a300_5044, v0x557bd010a300_5045, v0x557bd010a300_5046;
v0x557bd010a300_5047 .array/port v0x557bd010a300, 5047;
v0x557bd010a300_5048 .array/port v0x557bd010a300, 5048;
v0x557bd010a300_5049 .array/port v0x557bd010a300, 5049;
v0x557bd010a300_5050 .array/port v0x557bd010a300, 5050;
E_0x557bd010b960/1262 .event anyedge, v0x557bd010a300_5047, v0x557bd010a300_5048, v0x557bd010a300_5049, v0x557bd010a300_5050;
v0x557bd010a300_5051 .array/port v0x557bd010a300, 5051;
v0x557bd010a300_5052 .array/port v0x557bd010a300, 5052;
v0x557bd010a300_5053 .array/port v0x557bd010a300, 5053;
v0x557bd010a300_5054 .array/port v0x557bd010a300, 5054;
E_0x557bd010b960/1263 .event anyedge, v0x557bd010a300_5051, v0x557bd010a300_5052, v0x557bd010a300_5053, v0x557bd010a300_5054;
v0x557bd010a300_5055 .array/port v0x557bd010a300, 5055;
v0x557bd010a300_5056 .array/port v0x557bd010a300, 5056;
v0x557bd010a300_5057 .array/port v0x557bd010a300, 5057;
v0x557bd010a300_5058 .array/port v0x557bd010a300, 5058;
E_0x557bd010b960/1264 .event anyedge, v0x557bd010a300_5055, v0x557bd010a300_5056, v0x557bd010a300_5057, v0x557bd010a300_5058;
v0x557bd010a300_5059 .array/port v0x557bd010a300, 5059;
v0x557bd010a300_5060 .array/port v0x557bd010a300, 5060;
v0x557bd010a300_5061 .array/port v0x557bd010a300, 5061;
v0x557bd010a300_5062 .array/port v0x557bd010a300, 5062;
E_0x557bd010b960/1265 .event anyedge, v0x557bd010a300_5059, v0x557bd010a300_5060, v0x557bd010a300_5061, v0x557bd010a300_5062;
v0x557bd010a300_5063 .array/port v0x557bd010a300, 5063;
v0x557bd010a300_5064 .array/port v0x557bd010a300, 5064;
v0x557bd010a300_5065 .array/port v0x557bd010a300, 5065;
v0x557bd010a300_5066 .array/port v0x557bd010a300, 5066;
E_0x557bd010b960/1266 .event anyedge, v0x557bd010a300_5063, v0x557bd010a300_5064, v0x557bd010a300_5065, v0x557bd010a300_5066;
v0x557bd010a300_5067 .array/port v0x557bd010a300, 5067;
v0x557bd010a300_5068 .array/port v0x557bd010a300, 5068;
v0x557bd010a300_5069 .array/port v0x557bd010a300, 5069;
v0x557bd010a300_5070 .array/port v0x557bd010a300, 5070;
E_0x557bd010b960/1267 .event anyedge, v0x557bd010a300_5067, v0x557bd010a300_5068, v0x557bd010a300_5069, v0x557bd010a300_5070;
v0x557bd010a300_5071 .array/port v0x557bd010a300, 5071;
v0x557bd010a300_5072 .array/port v0x557bd010a300, 5072;
v0x557bd010a300_5073 .array/port v0x557bd010a300, 5073;
v0x557bd010a300_5074 .array/port v0x557bd010a300, 5074;
E_0x557bd010b960/1268 .event anyedge, v0x557bd010a300_5071, v0x557bd010a300_5072, v0x557bd010a300_5073, v0x557bd010a300_5074;
v0x557bd010a300_5075 .array/port v0x557bd010a300, 5075;
v0x557bd010a300_5076 .array/port v0x557bd010a300, 5076;
v0x557bd010a300_5077 .array/port v0x557bd010a300, 5077;
v0x557bd010a300_5078 .array/port v0x557bd010a300, 5078;
E_0x557bd010b960/1269 .event anyedge, v0x557bd010a300_5075, v0x557bd010a300_5076, v0x557bd010a300_5077, v0x557bd010a300_5078;
v0x557bd010a300_5079 .array/port v0x557bd010a300, 5079;
v0x557bd010a300_5080 .array/port v0x557bd010a300, 5080;
v0x557bd010a300_5081 .array/port v0x557bd010a300, 5081;
v0x557bd010a300_5082 .array/port v0x557bd010a300, 5082;
E_0x557bd010b960/1270 .event anyedge, v0x557bd010a300_5079, v0x557bd010a300_5080, v0x557bd010a300_5081, v0x557bd010a300_5082;
v0x557bd010a300_5083 .array/port v0x557bd010a300, 5083;
v0x557bd010a300_5084 .array/port v0x557bd010a300, 5084;
v0x557bd010a300_5085 .array/port v0x557bd010a300, 5085;
v0x557bd010a300_5086 .array/port v0x557bd010a300, 5086;
E_0x557bd010b960/1271 .event anyedge, v0x557bd010a300_5083, v0x557bd010a300_5084, v0x557bd010a300_5085, v0x557bd010a300_5086;
v0x557bd010a300_5087 .array/port v0x557bd010a300, 5087;
v0x557bd010a300_5088 .array/port v0x557bd010a300, 5088;
v0x557bd010a300_5089 .array/port v0x557bd010a300, 5089;
v0x557bd010a300_5090 .array/port v0x557bd010a300, 5090;
E_0x557bd010b960/1272 .event anyedge, v0x557bd010a300_5087, v0x557bd010a300_5088, v0x557bd010a300_5089, v0x557bd010a300_5090;
v0x557bd010a300_5091 .array/port v0x557bd010a300, 5091;
v0x557bd010a300_5092 .array/port v0x557bd010a300, 5092;
v0x557bd010a300_5093 .array/port v0x557bd010a300, 5093;
v0x557bd010a300_5094 .array/port v0x557bd010a300, 5094;
E_0x557bd010b960/1273 .event anyedge, v0x557bd010a300_5091, v0x557bd010a300_5092, v0x557bd010a300_5093, v0x557bd010a300_5094;
v0x557bd010a300_5095 .array/port v0x557bd010a300, 5095;
v0x557bd010a300_5096 .array/port v0x557bd010a300, 5096;
v0x557bd010a300_5097 .array/port v0x557bd010a300, 5097;
v0x557bd010a300_5098 .array/port v0x557bd010a300, 5098;
E_0x557bd010b960/1274 .event anyedge, v0x557bd010a300_5095, v0x557bd010a300_5096, v0x557bd010a300_5097, v0x557bd010a300_5098;
v0x557bd010a300_5099 .array/port v0x557bd010a300, 5099;
v0x557bd010a300_5100 .array/port v0x557bd010a300, 5100;
v0x557bd010a300_5101 .array/port v0x557bd010a300, 5101;
v0x557bd010a300_5102 .array/port v0x557bd010a300, 5102;
E_0x557bd010b960/1275 .event anyedge, v0x557bd010a300_5099, v0x557bd010a300_5100, v0x557bd010a300_5101, v0x557bd010a300_5102;
v0x557bd010a300_5103 .array/port v0x557bd010a300, 5103;
v0x557bd010a300_5104 .array/port v0x557bd010a300, 5104;
v0x557bd010a300_5105 .array/port v0x557bd010a300, 5105;
v0x557bd010a300_5106 .array/port v0x557bd010a300, 5106;
E_0x557bd010b960/1276 .event anyedge, v0x557bd010a300_5103, v0x557bd010a300_5104, v0x557bd010a300_5105, v0x557bd010a300_5106;
v0x557bd010a300_5107 .array/port v0x557bd010a300, 5107;
v0x557bd010a300_5108 .array/port v0x557bd010a300, 5108;
v0x557bd010a300_5109 .array/port v0x557bd010a300, 5109;
v0x557bd010a300_5110 .array/port v0x557bd010a300, 5110;
E_0x557bd010b960/1277 .event anyedge, v0x557bd010a300_5107, v0x557bd010a300_5108, v0x557bd010a300_5109, v0x557bd010a300_5110;
v0x557bd010a300_5111 .array/port v0x557bd010a300, 5111;
v0x557bd010a300_5112 .array/port v0x557bd010a300, 5112;
v0x557bd010a300_5113 .array/port v0x557bd010a300, 5113;
v0x557bd010a300_5114 .array/port v0x557bd010a300, 5114;
E_0x557bd010b960/1278 .event anyedge, v0x557bd010a300_5111, v0x557bd010a300_5112, v0x557bd010a300_5113, v0x557bd010a300_5114;
v0x557bd010a300_5115 .array/port v0x557bd010a300, 5115;
v0x557bd010a300_5116 .array/port v0x557bd010a300, 5116;
v0x557bd010a300_5117 .array/port v0x557bd010a300, 5117;
v0x557bd010a300_5118 .array/port v0x557bd010a300, 5118;
E_0x557bd010b960/1279 .event anyedge, v0x557bd010a300_5115, v0x557bd010a300_5116, v0x557bd010a300_5117, v0x557bd010a300_5118;
v0x557bd010a300_5119 .array/port v0x557bd010a300, 5119;
v0x557bd010a300_5120 .array/port v0x557bd010a300, 5120;
v0x557bd010a300_5121 .array/port v0x557bd010a300, 5121;
v0x557bd010a300_5122 .array/port v0x557bd010a300, 5122;
E_0x557bd010b960/1280 .event anyedge, v0x557bd010a300_5119, v0x557bd010a300_5120, v0x557bd010a300_5121, v0x557bd010a300_5122;
v0x557bd010a300_5123 .array/port v0x557bd010a300, 5123;
v0x557bd010a300_5124 .array/port v0x557bd010a300, 5124;
v0x557bd010a300_5125 .array/port v0x557bd010a300, 5125;
v0x557bd010a300_5126 .array/port v0x557bd010a300, 5126;
E_0x557bd010b960/1281 .event anyedge, v0x557bd010a300_5123, v0x557bd010a300_5124, v0x557bd010a300_5125, v0x557bd010a300_5126;
v0x557bd010a300_5127 .array/port v0x557bd010a300, 5127;
v0x557bd010a300_5128 .array/port v0x557bd010a300, 5128;
v0x557bd010a300_5129 .array/port v0x557bd010a300, 5129;
v0x557bd010a300_5130 .array/port v0x557bd010a300, 5130;
E_0x557bd010b960/1282 .event anyedge, v0x557bd010a300_5127, v0x557bd010a300_5128, v0x557bd010a300_5129, v0x557bd010a300_5130;
v0x557bd010a300_5131 .array/port v0x557bd010a300, 5131;
v0x557bd010a300_5132 .array/port v0x557bd010a300, 5132;
v0x557bd010a300_5133 .array/port v0x557bd010a300, 5133;
v0x557bd010a300_5134 .array/port v0x557bd010a300, 5134;
E_0x557bd010b960/1283 .event anyedge, v0x557bd010a300_5131, v0x557bd010a300_5132, v0x557bd010a300_5133, v0x557bd010a300_5134;
v0x557bd010a300_5135 .array/port v0x557bd010a300, 5135;
v0x557bd010a300_5136 .array/port v0x557bd010a300, 5136;
v0x557bd010a300_5137 .array/port v0x557bd010a300, 5137;
v0x557bd010a300_5138 .array/port v0x557bd010a300, 5138;
E_0x557bd010b960/1284 .event anyedge, v0x557bd010a300_5135, v0x557bd010a300_5136, v0x557bd010a300_5137, v0x557bd010a300_5138;
v0x557bd010a300_5139 .array/port v0x557bd010a300, 5139;
v0x557bd010a300_5140 .array/port v0x557bd010a300, 5140;
v0x557bd010a300_5141 .array/port v0x557bd010a300, 5141;
v0x557bd010a300_5142 .array/port v0x557bd010a300, 5142;
E_0x557bd010b960/1285 .event anyedge, v0x557bd010a300_5139, v0x557bd010a300_5140, v0x557bd010a300_5141, v0x557bd010a300_5142;
v0x557bd010a300_5143 .array/port v0x557bd010a300, 5143;
v0x557bd010a300_5144 .array/port v0x557bd010a300, 5144;
v0x557bd010a300_5145 .array/port v0x557bd010a300, 5145;
v0x557bd010a300_5146 .array/port v0x557bd010a300, 5146;
E_0x557bd010b960/1286 .event anyedge, v0x557bd010a300_5143, v0x557bd010a300_5144, v0x557bd010a300_5145, v0x557bd010a300_5146;
v0x557bd010a300_5147 .array/port v0x557bd010a300, 5147;
v0x557bd010a300_5148 .array/port v0x557bd010a300, 5148;
v0x557bd010a300_5149 .array/port v0x557bd010a300, 5149;
v0x557bd010a300_5150 .array/port v0x557bd010a300, 5150;
E_0x557bd010b960/1287 .event anyedge, v0x557bd010a300_5147, v0x557bd010a300_5148, v0x557bd010a300_5149, v0x557bd010a300_5150;
v0x557bd010a300_5151 .array/port v0x557bd010a300, 5151;
v0x557bd010a300_5152 .array/port v0x557bd010a300, 5152;
v0x557bd010a300_5153 .array/port v0x557bd010a300, 5153;
v0x557bd010a300_5154 .array/port v0x557bd010a300, 5154;
E_0x557bd010b960/1288 .event anyedge, v0x557bd010a300_5151, v0x557bd010a300_5152, v0x557bd010a300_5153, v0x557bd010a300_5154;
v0x557bd010a300_5155 .array/port v0x557bd010a300, 5155;
v0x557bd010a300_5156 .array/port v0x557bd010a300, 5156;
v0x557bd010a300_5157 .array/port v0x557bd010a300, 5157;
v0x557bd010a300_5158 .array/port v0x557bd010a300, 5158;
E_0x557bd010b960/1289 .event anyedge, v0x557bd010a300_5155, v0x557bd010a300_5156, v0x557bd010a300_5157, v0x557bd010a300_5158;
v0x557bd010a300_5159 .array/port v0x557bd010a300, 5159;
v0x557bd010a300_5160 .array/port v0x557bd010a300, 5160;
v0x557bd010a300_5161 .array/port v0x557bd010a300, 5161;
v0x557bd010a300_5162 .array/port v0x557bd010a300, 5162;
E_0x557bd010b960/1290 .event anyedge, v0x557bd010a300_5159, v0x557bd010a300_5160, v0x557bd010a300_5161, v0x557bd010a300_5162;
v0x557bd010a300_5163 .array/port v0x557bd010a300, 5163;
v0x557bd010a300_5164 .array/port v0x557bd010a300, 5164;
v0x557bd010a300_5165 .array/port v0x557bd010a300, 5165;
v0x557bd010a300_5166 .array/port v0x557bd010a300, 5166;
E_0x557bd010b960/1291 .event anyedge, v0x557bd010a300_5163, v0x557bd010a300_5164, v0x557bd010a300_5165, v0x557bd010a300_5166;
v0x557bd010a300_5167 .array/port v0x557bd010a300, 5167;
v0x557bd010a300_5168 .array/port v0x557bd010a300, 5168;
v0x557bd010a300_5169 .array/port v0x557bd010a300, 5169;
v0x557bd010a300_5170 .array/port v0x557bd010a300, 5170;
E_0x557bd010b960/1292 .event anyedge, v0x557bd010a300_5167, v0x557bd010a300_5168, v0x557bd010a300_5169, v0x557bd010a300_5170;
v0x557bd010a300_5171 .array/port v0x557bd010a300, 5171;
v0x557bd010a300_5172 .array/port v0x557bd010a300, 5172;
v0x557bd010a300_5173 .array/port v0x557bd010a300, 5173;
v0x557bd010a300_5174 .array/port v0x557bd010a300, 5174;
E_0x557bd010b960/1293 .event anyedge, v0x557bd010a300_5171, v0x557bd010a300_5172, v0x557bd010a300_5173, v0x557bd010a300_5174;
v0x557bd010a300_5175 .array/port v0x557bd010a300, 5175;
v0x557bd010a300_5176 .array/port v0x557bd010a300, 5176;
v0x557bd010a300_5177 .array/port v0x557bd010a300, 5177;
v0x557bd010a300_5178 .array/port v0x557bd010a300, 5178;
E_0x557bd010b960/1294 .event anyedge, v0x557bd010a300_5175, v0x557bd010a300_5176, v0x557bd010a300_5177, v0x557bd010a300_5178;
v0x557bd010a300_5179 .array/port v0x557bd010a300, 5179;
v0x557bd010a300_5180 .array/port v0x557bd010a300, 5180;
v0x557bd010a300_5181 .array/port v0x557bd010a300, 5181;
v0x557bd010a300_5182 .array/port v0x557bd010a300, 5182;
E_0x557bd010b960/1295 .event anyedge, v0x557bd010a300_5179, v0x557bd010a300_5180, v0x557bd010a300_5181, v0x557bd010a300_5182;
v0x557bd010a300_5183 .array/port v0x557bd010a300, 5183;
v0x557bd010a300_5184 .array/port v0x557bd010a300, 5184;
v0x557bd010a300_5185 .array/port v0x557bd010a300, 5185;
v0x557bd010a300_5186 .array/port v0x557bd010a300, 5186;
E_0x557bd010b960/1296 .event anyedge, v0x557bd010a300_5183, v0x557bd010a300_5184, v0x557bd010a300_5185, v0x557bd010a300_5186;
v0x557bd010a300_5187 .array/port v0x557bd010a300, 5187;
v0x557bd010a300_5188 .array/port v0x557bd010a300, 5188;
v0x557bd010a300_5189 .array/port v0x557bd010a300, 5189;
v0x557bd010a300_5190 .array/port v0x557bd010a300, 5190;
E_0x557bd010b960/1297 .event anyedge, v0x557bd010a300_5187, v0x557bd010a300_5188, v0x557bd010a300_5189, v0x557bd010a300_5190;
v0x557bd010a300_5191 .array/port v0x557bd010a300, 5191;
v0x557bd010a300_5192 .array/port v0x557bd010a300, 5192;
v0x557bd010a300_5193 .array/port v0x557bd010a300, 5193;
v0x557bd010a300_5194 .array/port v0x557bd010a300, 5194;
E_0x557bd010b960/1298 .event anyedge, v0x557bd010a300_5191, v0x557bd010a300_5192, v0x557bd010a300_5193, v0x557bd010a300_5194;
v0x557bd010a300_5195 .array/port v0x557bd010a300, 5195;
v0x557bd010a300_5196 .array/port v0x557bd010a300, 5196;
v0x557bd010a300_5197 .array/port v0x557bd010a300, 5197;
v0x557bd010a300_5198 .array/port v0x557bd010a300, 5198;
E_0x557bd010b960/1299 .event anyedge, v0x557bd010a300_5195, v0x557bd010a300_5196, v0x557bd010a300_5197, v0x557bd010a300_5198;
v0x557bd010a300_5199 .array/port v0x557bd010a300, 5199;
v0x557bd010a300_5200 .array/port v0x557bd010a300, 5200;
v0x557bd010a300_5201 .array/port v0x557bd010a300, 5201;
v0x557bd010a300_5202 .array/port v0x557bd010a300, 5202;
E_0x557bd010b960/1300 .event anyedge, v0x557bd010a300_5199, v0x557bd010a300_5200, v0x557bd010a300_5201, v0x557bd010a300_5202;
v0x557bd010a300_5203 .array/port v0x557bd010a300, 5203;
v0x557bd010a300_5204 .array/port v0x557bd010a300, 5204;
v0x557bd010a300_5205 .array/port v0x557bd010a300, 5205;
v0x557bd010a300_5206 .array/port v0x557bd010a300, 5206;
E_0x557bd010b960/1301 .event anyedge, v0x557bd010a300_5203, v0x557bd010a300_5204, v0x557bd010a300_5205, v0x557bd010a300_5206;
v0x557bd010a300_5207 .array/port v0x557bd010a300, 5207;
v0x557bd010a300_5208 .array/port v0x557bd010a300, 5208;
v0x557bd010a300_5209 .array/port v0x557bd010a300, 5209;
v0x557bd010a300_5210 .array/port v0x557bd010a300, 5210;
E_0x557bd010b960/1302 .event anyedge, v0x557bd010a300_5207, v0x557bd010a300_5208, v0x557bd010a300_5209, v0x557bd010a300_5210;
v0x557bd010a300_5211 .array/port v0x557bd010a300, 5211;
v0x557bd010a300_5212 .array/port v0x557bd010a300, 5212;
v0x557bd010a300_5213 .array/port v0x557bd010a300, 5213;
v0x557bd010a300_5214 .array/port v0x557bd010a300, 5214;
E_0x557bd010b960/1303 .event anyedge, v0x557bd010a300_5211, v0x557bd010a300_5212, v0x557bd010a300_5213, v0x557bd010a300_5214;
v0x557bd010a300_5215 .array/port v0x557bd010a300, 5215;
v0x557bd010a300_5216 .array/port v0x557bd010a300, 5216;
v0x557bd010a300_5217 .array/port v0x557bd010a300, 5217;
v0x557bd010a300_5218 .array/port v0x557bd010a300, 5218;
E_0x557bd010b960/1304 .event anyedge, v0x557bd010a300_5215, v0x557bd010a300_5216, v0x557bd010a300_5217, v0x557bd010a300_5218;
v0x557bd010a300_5219 .array/port v0x557bd010a300, 5219;
v0x557bd010a300_5220 .array/port v0x557bd010a300, 5220;
v0x557bd010a300_5221 .array/port v0x557bd010a300, 5221;
v0x557bd010a300_5222 .array/port v0x557bd010a300, 5222;
E_0x557bd010b960/1305 .event anyedge, v0x557bd010a300_5219, v0x557bd010a300_5220, v0x557bd010a300_5221, v0x557bd010a300_5222;
v0x557bd010a300_5223 .array/port v0x557bd010a300, 5223;
v0x557bd010a300_5224 .array/port v0x557bd010a300, 5224;
v0x557bd010a300_5225 .array/port v0x557bd010a300, 5225;
v0x557bd010a300_5226 .array/port v0x557bd010a300, 5226;
E_0x557bd010b960/1306 .event anyedge, v0x557bd010a300_5223, v0x557bd010a300_5224, v0x557bd010a300_5225, v0x557bd010a300_5226;
v0x557bd010a300_5227 .array/port v0x557bd010a300, 5227;
v0x557bd010a300_5228 .array/port v0x557bd010a300, 5228;
v0x557bd010a300_5229 .array/port v0x557bd010a300, 5229;
v0x557bd010a300_5230 .array/port v0x557bd010a300, 5230;
E_0x557bd010b960/1307 .event anyedge, v0x557bd010a300_5227, v0x557bd010a300_5228, v0x557bd010a300_5229, v0x557bd010a300_5230;
v0x557bd010a300_5231 .array/port v0x557bd010a300, 5231;
v0x557bd010a300_5232 .array/port v0x557bd010a300, 5232;
v0x557bd010a300_5233 .array/port v0x557bd010a300, 5233;
v0x557bd010a300_5234 .array/port v0x557bd010a300, 5234;
E_0x557bd010b960/1308 .event anyedge, v0x557bd010a300_5231, v0x557bd010a300_5232, v0x557bd010a300_5233, v0x557bd010a300_5234;
v0x557bd010a300_5235 .array/port v0x557bd010a300, 5235;
v0x557bd010a300_5236 .array/port v0x557bd010a300, 5236;
v0x557bd010a300_5237 .array/port v0x557bd010a300, 5237;
v0x557bd010a300_5238 .array/port v0x557bd010a300, 5238;
E_0x557bd010b960/1309 .event anyedge, v0x557bd010a300_5235, v0x557bd010a300_5236, v0x557bd010a300_5237, v0x557bd010a300_5238;
v0x557bd010a300_5239 .array/port v0x557bd010a300, 5239;
v0x557bd010a300_5240 .array/port v0x557bd010a300, 5240;
v0x557bd010a300_5241 .array/port v0x557bd010a300, 5241;
v0x557bd010a300_5242 .array/port v0x557bd010a300, 5242;
E_0x557bd010b960/1310 .event anyedge, v0x557bd010a300_5239, v0x557bd010a300_5240, v0x557bd010a300_5241, v0x557bd010a300_5242;
v0x557bd010a300_5243 .array/port v0x557bd010a300, 5243;
v0x557bd010a300_5244 .array/port v0x557bd010a300, 5244;
v0x557bd010a300_5245 .array/port v0x557bd010a300, 5245;
v0x557bd010a300_5246 .array/port v0x557bd010a300, 5246;
E_0x557bd010b960/1311 .event anyedge, v0x557bd010a300_5243, v0x557bd010a300_5244, v0x557bd010a300_5245, v0x557bd010a300_5246;
v0x557bd010a300_5247 .array/port v0x557bd010a300, 5247;
v0x557bd010a300_5248 .array/port v0x557bd010a300, 5248;
v0x557bd010a300_5249 .array/port v0x557bd010a300, 5249;
v0x557bd010a300_5250 .array/port v0x557bd010a300, 5250;
E_0x557bd010b960/1312 .event anyedge, v0x557bd010a300_5247, v0x557bd010a300_5248, v0x557bd010a300_5249, v0x557bd010a300_5250;
v0x557bd010a300_5251 .array/port v0x557bd010a300, 5251;
v0x557bd010a300_5252 .array/port v0x557bd010a300, 5252;
v0x557bd010a300_5253 .array/port v0x557bd010a300, 5253;
v0x557bd010a300_5254 .array/port v0x557bd010a300, 5254;
E_0x557bd010b960/1313 .event anyedge, v0x557bd010a300_5251, v0x557bd010a300_5252, v0x557bd010a300_5253, v0x557bd010a300_5254;
v0x557bd010a300_5255 .array/port v0x557bd010a300, 5255;
v0x557bd010a300_5256 .array/port v0x557bd010a300, 5256;
v0x557bd010a300_5257 .array/port v0x557bd010a300, 5257;
v0x557bd010a300_5258 .array/port v0x557bd010a300, 5258;
E_0x557bd010b960/1314 .event anyedge, v0x557bd010a300_5255, v0x557bd010a300_5256, v0x557bd010a300_5257, v0x557bd010a300_5258;
v0x557bd010a300_5259 .array/port v0x557bd010a300, 5259;
v0x557bd010a300_5260 .array/port v0x557bd010a300, 5260;
v0x557bd010a300_5261 .array/port v0x557bd010a300, 5261;
v0x557bd010a300_5262 .array/port v0x557bd010a300, 5262;
E_0x557bd010b960/1315 .event anyedge, v0x557bd010a300_5259, v0x557bd010a300_5260, v0x557bd010a300_5261, v0x557bd010a300_5262;
v0x557bd010a300_5263 .array/port v0x557bd010a300, 5263;
v0x557bd010a300_5264 .array/port v0x557bd010a300, 5264;
v0x557bd010a300_5265 .array/port v0x557bd010a300, 5265;
v0x557bd010a300_5266 .array/port v0x557bd010a300, 5266;
E_0x557bd010b960/1316 .event anyedge, v0x557bd010a300_5263, v0x557bd010a300_5264, v0x557bd010a300_5265, v0x557bd010a300_5266;
v0x557bd010a300_5267 .array/port v0x557bd010a300, 5267;
v0x557bd010a300_5268 .array/port v0x557bd010a300, 5268;
v0x557bd010a300_5269 .array/port v0x557bd010a300, 5269;
v0x557bd010a300_5270 .array/port v0x557bd010a300, 5270;
E_0x557bd010b960/1317 .event anyedge, v0x557bd010a300_5267, v0x557bd010a300_5268, v0x557bd010a300_5269, v0x557bd010a300_5270;
v0x557bd010a300_5271 .array/port v0x557bd010a300, 5271;
v0x557bd010a300_5272 .array/port v0x557bd010a300, 5272;
v0x557bd010a300_5273 .array/port v0x557bd010a300, 5273;
v0x557bd010a300_5274 .array/port v0x557bd010a300, 5274;
E_0x557bd010b960/1318 .event anyedge, v0x557bd010a300_5271, v0x557bd010a300_5272, v0x557bd010a300_5273, v0x557bd010a300_5274;
v0x557bd010a300_5275 .array/port v0x557bd010a300, 5275;
v0x557bd010a300_5276 .array/port v0x557bd010a300, 5276;
v0x557bd010a300_5277 .array/port v0x557bd010a300, 5277;
v0x557bd010a300_5278 .array/port v0x557bd010a300, 5278;
E_0x557bd010b960/1319 .event anyedge, v0x557bd010a300_5275, v0x557bd010a300_5276, v0x557bd010a300_5277, v0x557bd010a300_5278;
v0x557bd010a300_5279 .array/port v0x557bd010a300, 5279;
v0x557bd010a300_5280 .array/port v0x557bd010a300, 5280;
v0x557bd010a300_5281 .array/port v0x557bd010a300, 5281;
v0x557bd010a300_5282 .array/port v0x557bd010a300, 5282;
E_0x557bd010b960/1320 .event anyedge, v0x557bd010a300_5279, v0x557bd010a300_5280, v0x557bd010a300_5281, v0x557bd010a300_5282;
v0x557bd010a300_5283 .array/port v0x557bd010a300, 5283;
v0x557bd010a300_5284 .array/port v0x557bd010a300, 5284;
v0x557bd010a300_5285 .array/port v0x557bd010a300, 5285;
v0x557bd010a300_5286 .array/port v0x557bd010a300, 5286;
E_0x557bd010b960/1321 .event anyedge, v0x557bd010a300_5283, v0x557bd010a300_5284, v0x557bd010a300_5285, v0x557bd010a300_5286;
v0x557bd010a300_5287 .array/port v0x557bd010a300, 5287;
v0x557bd010a300_5288 .array/port v0x557bd010a300, 5288;
v0x557bd010a300_5289 .array/port v0x557bd010a300, 5289;
v0x557bd010a300_5290 .array/port v0x557bd010a300, 5290;
E_0x557bd010b960/1322 .event anyedge, v0x557bd010a300_5287, v0x557bd010a300_5288, v0x557bd010a300_5289, v0x557bd010a300_5290;
v0x557bd010a300_5291 .array/port v0x557bd010a300, 5291;
v0x557bd010a300_5292 .array/port v0x557bd010a300, 5292;
v0x557bd010a300_5293 .array/port v0x557bd010a300, 5293;
v0x557bd010a300_5294 .array/port v0x557bd010a300, 5294;
E_0x557bd010b960/1323 .event anyedge, v0x557bd010a300_5291, v0x557bd010a300_5292, v0x557bd010a300_5293, v0x557bd010a300_5294;
v0x557bd010a300_5295 .array/port v0x557bd010a300, 5295;
v0x557bd010a300_5296 .array/port v0x557bd010a300, 5296;
v0x557bd010a300_5297 .array/port v0x557bd010a300, 5297;
v0x557bd010a300_5298 .array/port v0x557bd010a300, 5298;
E_0x557bd010b960/1324 .event anyedge, v0x557bd010a300_5295, v0x557bd010a300_5296, v0x557bd010a300_5297, v0x557bd010a300_5298;
v0x557bd010a300_5299 .array/port v0x557bd010a300, 5299;
v0x557bd010a300_5300 .array/port v0x557bd010a300, 5300;
v0x557bd010a300_5301 .array/port v0x557bd010a300, 5301;
v0x557bd010a300_5302 .array/port v0x557bd010a300, 5302;
E_0x557bd010b960/1325 .event anyedge, v0x557bd010a300_5299, v0x557bd010a300_5300, v0x557bd010a300_5301, v0x557bd010a300_5302;
v0x557bd010a300_5303 .array/port v0x557bd010a300, 5303;
v0x557bd010a300_5304 .array/port v0x557bd010a300, 5304;
v0x557bd010a300_5305 .array/port v0x557bd010a300, 5305;
v0x557bd010a300_5306 .array/port v0x557bd010a300, 5306;
E_0x557bd010b960/1326 .event anyedge, v0x557bd010a300_5303, v0x557bd010a300_5304, v0x557bd010a300_5305, v0x557bd010a300_5306;
v0x557bd010a300_5307 .array/port v0x557bd010a300, 5307;
v0x557bd010a300_5308 .array/port v0x557bd010a300, 5308;
v0x557bd010a300_5309 .array/port v0x557bd010a300, 5309;
v0x557bd010a300_5310 .array/port v0x557bd010a300, 5310;
E_0x557bd010b960/1327 .event anyedge, v0x557bd010a300_5307, v0x557bd010a300_5308, v0x557bd010a300_5309, v0x557bd010a300_5310;
v0x557bd010a300_5311 .array/port v0x557bd010a300, 5311;
v0x557bd010a300_5312 .array/port v0x557bd010a300, 5312;
v0x557bd010a300_5313 .array/port v0x557bd010a300, 5313;
v0x557bd010a300_5314 .array/port v0x557bd010a300, 5314;
E_0x557bd010b960/1328 .event anyedge, v0x557bd010a300_5311, v0x557bd010a300_5312, v0x557bd010a300_5313, v0x557bd010a300_5314;
v0x557bd010a300_5315 .array/port v0x557bd010a300, 5315;
v0x557bd010a300_5316 .array/port v0x557bd010a300, 5316;
v0x557bd010a300_5317 .array/port v0x557bd010a300, 5317;
v0x557bd010a300_5318 .array/port v0x557bd010a300, 5318;
E_0x557bd010b960/1329 .event anyedge, v0x557bd010a300_5315, v0x557bd010a300_5316, v0x557bd010a300_5317, v0x557bd010a300_5318;
v0x557bd010a300_5319 .array/port v0x557bd010a300, 5319;
v0x557bd010a300_5320 .array/port v0x557bd010a300, 5320;
v0x557bd010a300_5321 .array/port v0x557bd010a300, 5321;
v0x557bd010a300_5322 .array/port v0x557bd010a300, 5322;
E_0x557bd010b960/1330 .event anyedge, v0x557bd010a300_5319, v0x557bd010a300_5320, v0x557bd010a300_5321, v0x557bd010a300_5322;
v0x557bd010a300_5323 .array/port v0x557bd010a300, 5323;
v0x557bd010a300_5324 .array/port v0x557bd010a300, 5324;
v0x557bd010a300_5325 .array/port v0x557bd010a300, 5325;
v0x557bd010a300_5326 .array/port v0x557bd010a300, 5326;
E_0x557bd010b960/1331 .event anyedge, v0x557bd010a300_5323, v0x557bd010a300_5324, v0x557bd010a300_5325, v0x557bd010a300_5326;
v0x557bd010a300_5327 .array/port v0x557bd010a300, 5327;
v0x557bd010a300_5328 .array/port v0x557bd010a300, 5328;
v0x557bd010a300_5329 .array/port v0x557bd010a300, 5329;
v0x557bd010a300_5330 .array/port v0x557bd010a300, 5330;
E_0x557bd010b960/1332 .event anyedge, v0x557bd010a300_5327, v0x557bd010a300_5328, v0x557bd010a300_5329, v0x557bd010a300_5330;
v0x557bd010a300_5331 .array/port v0x557bd010a300, 5331;
v0x557bd010a300_5332 .array/port v0x557bd010a300, 5332;
v0x557bd010a300_5333 .array/port v0x557bd010a300, 5333;
v0x557bd010a300_5334 .array/port v0x557bd010a300, 5334;
E_0x557bd010b960/1333 .event anyedge, v0x557bd010a300_5331, v0x557bd010a300_5332, v0x557bd010a300_5333, v0x557bd010a300_5334;
v0x557bd010a300_5335 .array/port v0x557bd010a300, 5335;
v0x557bd010a300_5336 .array/port v0x557bd010a300, 5336;
v0x557bd010a300_5337 .array/port v0x557bd010a300, 5337;
v0x557bd010a300_5338 .array/port v0x557bd010a300, 5338;
E_0x557bd010b960/1334 .event anyedge, v0x557bd010a300_5335, v0x557bd010a300_5336, v0x557bd010a300_5337, v0x557bd010a300_5338;
v0x557bd010a300_5339 .array/port v0x557bd010a300, 5339;
v0x557bd010a300_5340 .array/port v0x557bd010a300, 5340;
v0x557bd010a300_5341 .array/port v0x557bd010a300, 5341;
v0x557bd010a300_5342 .array/port v0x557bd010a300, 5342;
E_0x557bd010b960/1335 .event anyedge, v0x557bd010a300_5339, v0x557bd010a300_5340, v0x557bd010a300_5341, v0x557bd010a300_5342;
v0x557bd010a300_5343 .array/port v0x557bd010a300, 5343;
v0x557bd010a300_5344 .array/port v0x557bd010a300, 5344;
v0x557bd010a300_5345 .array/port v0x557bd010a300, 5345;
v0x557bd010a300_5346 .array/port v0x557bd010a300, 5346;
E_0x557bd010b960/1336 .event anyedge, v0x557bd010a300_5343, v0x557bd010a300_5344, v0x557bd010a300_5345, v0x557bd010a300_5346;
v0x557bd010a300_5347 .array/port v0x557bd010a300, 5347;
v0x557bd010a300_5348 .array/port v0x557bd010a300, 5348;
v0x557bd010a300_5349 .array/port v0x557bd010a300, 5349;
v0x557bd010a300_5350 .array/port v0x557bd010a300, 5350;
E_0x557bd010b960/1337 .event anyedge, v0x557bd010a300_5347, v0x557bd010a300_5348, v0x557bd010a300_5349, v0x557bd010a300_5350;
v0x557bd010a300_5351 .array/port v0x557bd010a300, 5351;
v0x557bd010a300_5352 .array/port v0x557bd010a300, 5352;
v0x557bd010a300_5353 .array/port v0x557bd010a300, 5353;
v0x557bd010a300_5354 .array/port v0x557bd010a300, 5354;
E_0x557bd010b960/1338 .event anyedge, v0x557bd010a300_5351, v0x557bd010a300_5352, v0x557bd010a300_5353, v0x557bd010a300_5354;
v0x557bd010a300_5355 .array/port v0x557bd010a300, 5355;
v0x557bd010a300_5356 .array/port v0x557bd010a300, 5356;
v0x557bd010a300_5357 .array/port v0x557bd010a300, 5357;
v0x557bd010a300_5358 .array/port v0x557bd010a300, 5358;
E_0x557bd010b960/1339 .event anyedge, v0x557bd010a300_5355, v0x557bd010a300_5356, v0x557bd010a300_5357, v0x557bd010a300_5358;
v0x557bd010a300_5359 .array/port v0x557bd010a300, 5359;
v0x557bd010a300_5360 .array/port v0x557bd010a300, 5360;
v0x557bd010a300_5361 .array/port v0x557bd010a300, 5361;
v0x557bd010a300_5362 .array/port v0x557bd010a300, 5362;
E_0x557bd010b960/1340 .event anyedge, v0x557bd010a300_5359, v0x557bd010a300_5360, v0x557bd010a300_5361, v0x557bd010a300_5362;
v0x557bd010a300_5363 .array/port v0x557bd010a300, 5363;
v0x557bd010a300_5364 .array/port v0x557bd010a300, 5364;
v0x557bd010a300_5365 .array/port v0x557bd010a300, 5365;
v0x557bd010a300_5366 .array/port v0x557bd010a300, 5366;
E_0x557bd010b960/1341 .event anyedge, v0x557bd010a300_5363, v0x557bd010a300_5364, v0x557bd010a300_5365, v0x557bd010a300_5366;
v0x557bd010a300_5367 .array/port v0x557bd010a300, 5367;
v0x557bd010a300_5368 .array/port v0x557bd010a300, 5368;
v0x557bd010a300_5369 .array/port v0x557bd010a300, 5369;
v0x557bd010a300_5370 .array/port v0x557bd010a300, 5370;
E_0x557bd010b960/1342 .event anyedge, v0x557bd010a300_5367, v0x557bd010a300_5368, v0x557bd010a300_5369, v0x557bd010a300_5370;
v0x557bd010a300_5371 .array/port v0x557bd010a300, 5371;
v0x557bd010a300_5372 .array/port v0x557bd010a300, 5372;
v0x557bd010a300_5373 .array/port v0x557bd010a300, 5373;
v0x557bd010a300_5374 .array/port v0x557bd010a300, 5374;
E_0x557bd010b960/1343 .event anyedge, v0x557bd010a300_5371, v0x557bd010a300_5372, v0x557bd010a300_5373, v0x557bd010a300_5374;
v0x557bd010a300_5375 .array/port v0x557bd010a300, 5375;
v0x557bd010a300_5376 .array/port v0x557bd010a300, 5376;
v0x557bd010a300_5377 .array/port v0x557bd010a300, 5377;
v0x557bd010a300_5378 .array/port v0x557bd010a300, 5378;
E_0x557bd010b960/1344 .event anyedge, v0x557bd010a300_5375, v0x557bd010a300_5376, v0x557bd010a300_5377, v0x557bd010a300_5378;
v0x557bd010a300_5379 .array/port v0x557bd010a300, 5379;
v0x557bd010a300_5380 .array/port v0x557bd010a300, 5380;
v0x557bd010a300_5381 .array/port v0x557bd010a300, 5381;
v0x557bd010a300_5382 .array/port v0x557bd010a300, 5382;
E_0x557bd010b960/1345 .event anyedge, v0x557bd010a300_5379, v0x557bd010a300_5380, v0x557bd010a300_5381, v0x557bd010a300_5382;
v0x557bd010a300_5383 .array/port v0x557bd010a300, 5383;
v0x557bd010a300_5384 .array/port v0x557bd010a300, 5384;
v0x557bd010a300_5385 .array/port v0x557bd010a300, 5385;
v0x557bd010a300_5386 .array/port v0x557bd010a300, 5386;
E_0x557bd010b960/1346 .event anyedge, v0x557bd010a300_5383, v0x557bd010a300_5384, v0x557bd010a300_5385, v0x557bd010a300_5386;
v0x557bd010a300_5387 .array/port v0x557bd010a300, 5387;
v0x557bd010a300_5388 .array/port v0x557bd010a300, 5388;
v0x557bd010a300_5389 .array/port v0x557bd010a300, 5389;
v0x557bd010a300_5390 .array/port v0x557bd010a300, 5390;
E_0x557bd010b960/1347 .event anyedge, v0x557bd010a300_5387, v0x557bd010a300_5388, v0x557bd010a300_5389, v0x557bd010a300_5390;
v0x557bd010a300_5391 .array/port v0x557bd010a300, 5391;
v0x557bd010a300_5392 .array/port v0x557bd010a300, 5392;
v0x557bd010a300_5393 .array/port v0x557bd010a300, 5393;
v0x557bd010a300_5394 .array/port v0x557bd010a300, 5394;
E_0x557bd010b960/1348 .event anyedge, v0x557bd010a300_5391, v0x557bd010a300_5392, v0x557bd010a300_5393, v0x557bd010a300_5394;
v0x557bd010a300_5395 .array/port v0x557bd010a300, 5395;
v0x557bd010a300_5396 .array/port v0x557bd010a300, 5396;
v0x557bd010a300_5397 .array/port v0x557bd010a300, 5397;
v0x557bd010a300_5398 .array/port v0x557bd010a300, 5398;
E_0x557bd010b960/1349 .event anyedge, v0x557bd010a300_5395, v0x557bd010a300_5396, v0x557bd010a300_5397, v0x557bd010a300_5398;
v0x557bd010a300_5399 .array/port v0x557bd010a300, 5399;
v0x557bd010a300_5400 .array/port v0x557bd010a300, 5400;
v0x557bd010a300_5401 .array/port v0x557bd010a300, 5401;
v0x557bd010a300_5402 .array/port v0x557bd010a300, 5402;
E_0x557bd010b960/1350 .event anyedge, v0x557bd010a300_5399, v0x557bd010a300_5400, v0x557bd010a300_5401, v0x557bd010a300_5402;
v0x557bd010a300_5403 .array/port v0x557bd010a300, 5403;
v0x557bd010a300_5404 .array/port v0x557bd010a300, 5404;
v0x557bd010a300_5405 .array/port v0x557bd010a300, 5405;
v0x557bd010a300_5406 .array/port v0x557bd010a300, 5406;
E_0x557bd010b960/1351 .event anyedge, v0x557bd010a300_5403, v0x557bd010a300_5404, v0x557bd010a300_5405, v0x557bd010a300_5406;
v0x557bd010a300_5407 .array/port v0x557bd010a300, 5407;
v0x557bd010a300_5408 .array/port v0x557bd010a300, 5408;
v0x557bd010a300_5409 .array/port v0x557bd010a300, 5409;
v0x557bd010a300_5410 .array/port v0x557bd010a300, 5410;
E_0x557bd010b960/1352 .event anyedge, v0x557bd010a300_5407, v0x557bd010a300_5408, v0x557bd010a300_5409, v0x557bd010a300_5410;
v0x557bd010a300_5411 .array/port v0x557bd010a300, 5411;
v0x557bd010a300_5412 .array/port v0x557bd010a300, 5412;
v0x557bd010a300_5413 .array/port v0x557bd010a300, 5413;
v0x557bd010a300_5414 .array/port v0x557bd010a300, 5414;
E_0x557bd010b960/1353 .event anyedge, v0x557bd010a300_5411, v0x557bd010a300_5412, v0x557bd010a300_5413, v0x557bd010a300_5414;
v0x557bd010a300_5415 .array/port v0x557bd010a300, 5415;
v0x557bd010a300_5416 .array/port v0x557bd010a300, 5416;
v0x557bd010a300_5417 .array/port v0x557bd010a300, 5417;
v0x557bd010a300_5418 .array/port v0x557bd010a300, 5418;
E_0x557bd010b960/1354 .event anyedge, v0x557bd010a300_5415, v0x557bd010a300_5416, v0x557bd010a300_5417, v0x557bd010a300_5418;
v0x557bd010a300_5419 .array/port v0x557bd010a300, 5419;
v0x557bd010a300_5420 .array/port v0x557bd010a300, 5420;
v0x557bd010a300_5421 .array/port v0x557bd010a300, 5421;
v0x557bd010a300_5422 .array/port v0x557bd010a300, 5422;
E_0x557bd010b960/1355 .event anyedge, v0x557bd010a300_5419, v0x557bd010a300_5420, v0x557bd010a300_5421, v0x557bd010a300_5422;
v0x557bd010a300_5423 .array/port v0x557bd010a300, 5423;
v0x557bd010a300_5424 .array/port v0x557bd010a300, 5424;
v0x557bd010a300_5425 .array/port v0x557bd010a300, 5425;
v0x557bd010a300_5426 .array/port v0x557bd010a300, 5426;
E_0x557bd010b960/1356 .event anyedge, v0x557bd010a300_5423, v0x557bd010a300_5424, v0x557bd010a300_5425, v0x557bd010a300_5426;
v0x557bd010a300_5427 .array/port v0x557bd010a300, 5427;
v0x557bd010a300_5428 .array/port v0x557bd010a300, 5428;
v0x557bd010a300_5429 .array/port v0x557bd010a300, 5429;
v0x557bd010a300_5430 .array/port v0x557bd010a300, 5430;
E_0x557bd010b960/1357 .event anyedge, v0x557bd010a300_5427, v0x557bd010a300_5428, v0x557bd010a300_5429, v0x557bd010a300_5430;
v0x557bd010a300_5431 .array/port v0x557bd010a300, 5431;
v0x557bd010a300_5432 .array/port v0x557bd010a300, 5432;
v0x557bd010a300_5433 .array/port v0x557bd010a300, 5433;
v0x557bd010a300_5434 .array/port v0x557bd010a300, 5434;
E_0x557bd010b960/1358 .event anyedge, v0x557bd010a300_5431, v0x557bd010a300_5432, v0x557bd010a300_5433, v0x557bd010a300_5434;
v0x557bd010a300_5435 .array/port v0x557bd010a300, 5435;
v0x557bd010a300_5436 .array/port v0x557bd010a300, 5436;
v0x557bd010a300_5437 .array/port v0x557bd010a300, 5437;
v0x557bd010a300_5438 .array/port v0x557bd010a300, 5438;
E_0x557bd010b960/1359 .event anyedge, v0x557bd010a300_5435, v0x557bd010a300_5436, v0x557bd010a300_5437, v0x557bd010a300_5438;
v0x557bd010a300_5439 .array/port v0x557bd010a300, 5439;
v0x557bd010a300_5440 .array/port v0x557bd010a300, 5440;
v0x557bd010a300_5441 .array/port v0x557bd010a300, 5441;
v0x557bd010a300_5442 .array/port v0x557bd010a300, 5442;
E_0x557bd010b960/1360 .event anyedge, v0x557bd010a300_5439, v0x557bd010a300_5440, v0x557bd010a300_5441, v0x557bd010a300_5442;
v0x557bd010a300_5443 .array/port v0x557bd010a300, 5443;
v0x557bd010a300_5444 .array/port v0x557bd010a300, 5444;
v0x557bd010a300_5445 .array/port v0x557bd010a300, 5445;
v0x557bd010a300_5446 .array/port v0x557bd010a300, 5446;
E_0x557bd010b960/1361 .event anyedge, v0x557bd010a300_5443, v0x557bd010a300_5444, v0x557bd010a300_5445, v0x557bd010a300_5446;
v0x557bd010a300_5447 .array/port v0x557bd010a300, 5447;
v0x557bd010a300_5448 .array/port v0x557bd010a300, 5448;
v0x557bd010a300_5449 .array/port v0x557bd010a300, 5449;
v0x557bd010a300_5450 .array/port v0x557bd010a300, 5450;
E_0x557bd010b960/1362 .event anyedge, v0x557bd010a300_5447, v0x557bd010a300_5448, v0x557bd010a300_5449, v0x557bd010a300_5450;
v0x557bd010a300_5451 .array/port v0x557bd010a300, 5451;
v0x557bd010a300_5452 .array/port v0x557bd010a300, 5452;
v0x557bd010a300_5453 .array/port v0x557bd010a300, 5453;
v0x557bd010a300_5454 .array/port v0x557bd010a300, 5454;
E_0x557bd010b960/1363 .event anyedge, v0x557bd010a300_5451, v0x557bd010a300_5452, v0x557bd010a300_5453, v0x557bd010a300_5454;
v0x557bd010a300_5455 .array/port v0x557bd010a300, 5455;
v0x557bd010a300_5456 .array/port v0x557bd010a300, 5456;
v0x557bd010a300_5457 .array/port v0x557bd010a300, 5457;
v0x557bd010a300_5458 .array/port v0x557bd010a300, 5458;
E_0x557bd010b960/1364 .event anyedge, v0x557bd010a300_5455, v0x557bd010a300_5456, v0x557bd010a300_5457, v0x557bd010a300_5458;
v0x557bd010a300_5459 .array/port v0x557bd010a300, 5459;
v0x557bd010a300_5460 .array/port v0x557bd010a300, 5460;
v0x557bd010a300_5461 .array/port v0x557bd010a300, 5461;
v0x557bd010a300_5462 .array/port v0x557bd010a300, 5462;
E_0x557bd010b960/1365 .event anyedge, v0x557bd010a300_5459, v0x557bd010a300_5460, v0x557bd010a300_5461, v0x557bd010a300_5462;
v0x557bd010a300_5463 .array/port v0x557bd010a300, 5463;
v0x557bd010a300_5464 .array/port v0x557bd010a300, 5464;
v0x557bd010a300_5465 .array/port v0x557bd010a300, 5465;
v0x557bd010a300_5466 .array/port v0x557bd010a300, 5466;
E_0x557bd010b960/1366 .event anyedge, v0x557bd010a300_5463, v0x557bd010a300_5464, v0x557bd010a300_5465, v0x557bd010a300_5466;
v0x557bd010a300_5467 .array/port v0x557bd010a300, 5467;
v0x557bd010a300_5468 .array/port v0x557bd010a300, 5468;
v0x557bd010a300_5469 .array/port v0x557bd010a300, 5469;
v0x557bd010a300_5470 .array/port v0x557bd010a300, 5470;
E_0x557bd010b960/1367 .event anyedge, v0x557bd010a300_5467, v0x557bd010a300_5468, v0x557bd010a300_5469, v0x557bd010a300_5470;
v0x557bd010a300_5471 .array/port v0x557bd010a300, 5471;
v0x557bd010a300_5472 .array/port v0x557bd010a300, 5472;
v0x557bd010a300_5473 .array/port v0x557bd010a300, 5473;
v0x557bd010a300_5474 .array/port v0x557bd010a300, 5474;
E_0x557bd010b960/1368 .event anyedge, v0x557bd010a300_5471, v0x557bd010a300_5472, v0x557bd010a300_5473, v0x557bd010a300_5474;
v0x557bd010a300_5475 .array/port v0x557bd010a300, 5475;
v0x557bd010a300_5476 .array/port v0x557bd010a300, 5476;
v0x557bd010a300_5477 .array/port v0x557bd010a300, 5477;
v0x557bd010a300_5478 .array/port v0x557bd010a300, 5478;
E_0x557bd010b960/1369 .event anyedge, v0x557bd010a300_5475, v0x557bd010a300_5476, v0x557bd010a300_5477, v0x557bd010a300_5478;
v0x557bd010a300_5479 .array/port v0x557bd010a300, 5479;
v0x557bd010a300_5480 .array/port v0x557bd010a300, 5480;
v0x557bd010a300_5481 .array/port v0x557bd010a300, 5481;
v0x557bd010a300_5482 .array/port v0x557bd010a300, 5482;
E_0x557bd010b960/1370 .event anyedge, v0x557bd010a300_5479, v0x557bd010a300_5480, v0x557bd010a300_5481, v0x557bd010a300_5482;
v0x557bd010a300_5483 .array/port v0x557bd010a300, 5483;
v0x557bd010a300_5484 .array/port v0x557bd010a300, 5484;
v0x557bd010a300_5485 .array/port v0x557bd010a300, 5485;
v0x557bd010a300_5486 .array/port v0x557bd010a300, 5486;
E_0x557bd010b960/1371 .event anyedge, v0x557bd010a300_5483, v0x557bd010a300_5484, v0x557bd010a300_5485, v0x557bd010a300_5486;
v0x557bd010a300_5487 .array/port v0x557bd010a300, 5487;
v0x557bd010a300_5488 .array/port v0x557bd010a300, 5488;
v0x557bd010a300_5489 .array/port v0x557bd010a300, 5489;
v0x557bd010a300_5490 .array/port v0x557bd010a300, 5490;
E_0x557bd010b960/1372 .event anyedge, v0x557bd010a300_5487, v0x557bd010a300_5488, v0x557bd010a300_5489, v0x557bd010a300_5490;
v0x557bd010a300_5491 .array/port v0x557bd010a300, 5491;
v0x557bd010a300_5492 .array/port v0x557bd010a300, 5492;
v0x557bd010a300_5493 .array/port v0x557bd010a300, 5493;
v0x557bd010a300_5494 .array/port v0x557bd010a300, 5494;
E_0x557bd010b960/1373 .event anyedge, v0x557bd010a300_5491, v0x557bd010a300_5492, v0x557bd010a300_5493, v0x557bd010a300_5494;
v0x557bd010a300_5495 .array/port v0x557bd010a300, 5495;
v0x557bd010a300_5496 .array/port v0x557bd010a300, 5496;
v0x557bd010a300_5497 .array/port v0x557bd010a300, 5497;
v0x557bd010a300_5498 .array/port v0x557bd010a300, 5498;
E_0x557bd010b960/1374 .event anyedge, v0x557bd010a300_5495, v0x557bd010a300_5496, v0x557bd010a300_5497, v0x557bd010a300_5498;
v0x557bd010a300_5499 .array/port v0x557bd010a300, 5499;
v0x557bd010a300_5500 .array/port v0x557bd010a300, 5500;
v0x557bd010a300_5501 .array/port v0x557bd010a300, 5501;
v0x557bd010a300_5502 .array/port v0x557bd010a300, 5502;
E_0x557bd010b960/1375 .event anyedge, v0x557bd010a300_5499, v0x557bd010a300_5500, v0x557bd010a300_5501, v0x557bd010a300_5502;
v0x557bd010a300_5503 .array/port v0x557bd010a300, 5503;
v0x557bd010a300_5504 .array/port v0x557bd010a300, 5504;
v0x557bd010a300_5505 .array/port v0x557bd010a300, 5505;
v0x557bd010a300_5506 .array/port v0x557bd010a300, 5506;
E_0x557bd010b960/1376 .event anyedge, v0x557bd010a300_5503, v0x557bd010a300_5504, v0x557bd010a300_5505, v0x557bd010a300_5506;
v0x557bd010a300_5507 .array/port v0x557bd010a300, 5507;
v0x557bd010a300_5508 .array/port v0x557bd010a300, 5508;
v0x557bd010a300_5509 .array/port v0x557bd010a300, 5509;
v0x557bd010a300_5510 .array/port v0x557bd010a300, 5510;
E_0x557bd010b960/1377 .event anyedge, v0x557bd010a300_5507, v0x557bd010a300_5508, v0x557bd010a300_5509, v0x557bd010a300_5510;
v0x557bd010a300_5511 .array/port v0x557bd010a300, 5511;
v0x557bd010a300_5512 .array/port v0x557bd010a300, 5512;
v0x557bd010a300_5513 .array/port v0x557bd010a300, 5513;
v0x557bd010a300_5514 .array/port v0x557bd010a300, 5514;
E_0x557bd010b960/1378 .event anyedge, v0x557bd010a300_5511, v0x557bd010a300_5512, v0x557bd010a300_5513, v0x557bd010a300_5514;
v0x557bd010a300_5515 .array/port v0x557bd010a300, 5515;
v0x557bd010a300_5516 .array/port v0x557bd010a300, 5516;
v0x557bd010a300_5517 .array/port v0x557bd010a300, 5517;
v0x557bd010a300_5518 .array/port v0x557bd010a300, 5518;
E_0x557bd010b960/1379 .event anyedge, v0x557bd010a300_5515, v0x557bd010a300_5516, v0x557bd010a300_5517, v0x557bd010a300_5518;
v0x557bd010a300_5519 .array/port v0x557bd010a300, 5519;
v0x557bd010a300_5520 .array/port v0x557bd010a300, 5520;
v0x557bd010a300_5521 .array/port v0x557bd010a300, 5521;
v0x557bd010a300_5522 .array/port v0x557bd010a300, 5522;
E_0x557bd010b960/1380 .event anyedge, v0x557bd010a300_5519, v0x557bd010a300_5520, v0x557bd010a300_5521, v0x557bd010a300_5522;
v0x557bd010a300_5523 .array/port v0x557bd010a300, 5523;
v0x557bd010a300_5524 .array/port v0x557bd010a300, 5524;
v0x557bd010a300_5525 .array/port v0x557bd010a300, 5525;
v0x557bd010a300_5526 .array/port v0x557bd010a300, 5526;
E_0x557bd010b960/1381 .event anyedge, v0x557bd010a300_5523, v0x557bd010a300_5524, v0x557bd010a300_5525, v0x557bd010a300_5526;
v0x557bd010a300_5527 .array/port v0x557bd010a300, 5527;
v0x557bd010a300_5528 .array/port v0x557bd010a300, 5528;
v0x557bd010a300_5529 .array/port v0x557bd010a300, 5529;
v0x557bd010a300_5530 .array/port v0x557bd010a300, 5530;
E_0x557bd010b960/1382 .event anyedge, v0x557bd010a300_5527, v0x557bd010a300_5528, v0x557bd010a300_5529, v0x557bd010a300_5530;
v0x557bd010a300_5531 .array/port v0x557bd010a300, 5531;
v0x557bd010a300_5532 .array/port v0x557bd010a300, 5532;
v0x557bd010a300_5533 .array/port v0x557bd010a300, 5533;
v0x557bd010a300_5534 .array/port v0x557bd010a300, 5534;
E_0x557bd010b960/1383 .event anyedge, v0x557bd010a300_5531, v0x557bd010a300_5532, v0x557bd010a300_5533, v0x557bd010a300_5534;
v0x557bd010a300_5535 .array/port v0x557bd010a300, 5535;
v0x557bd010a300_5536 .array/port v0x557bd010a300, 5536;
v0x557bd010a300_5537 .array/port v0x557bd010a300, 5537;
v0x557bd010a300_5538 .array/port v0x557bd010a300, 5538;
E_0x557bd010b960/1384 .event anyedge, v0x557bd010a300_5535, v0x557bd010a300_5536, v0x557bd010a300_5537, v0x557bd010a300_5538;
v0x557bd010a300_5539 .array/port v0x557bd010a300, 5539;
v0x557bd010a300_5540 .array/port v0x557bd010a300, 5540;
v0x557bd010a300_5541 .array/port v0x557bd010a300, 5541;
v0x557bd010a300_5542 .array/port v0x557bd010a300, 5542;
E_0x557bd010b960/1385 .event anyedge, v0x557bd010a300_5539, v0x557bd010a300_5540, v0x557bd010a300_5541, v0x557bd010a300_5542;
v0x557bd010a300_5543 .array/port v0x557bd010a300, 5543;
v0x557bd010a300_5544 .array/port v0x557bd010a300, 5544;
v0x557bd010a300_5545 .array/port v0x557bd010a300, 5545;
v0x557bd010a300_5546 .array/port v0x557bd010a300, 5546;
E_0x557bd010b960/1386 .event anyedge, v0x557bd010a300_5543, v0x557bd010a300_5544, v0x557bd010a300_5545, v0x557bd010a300_5546;
v0x557bd010a300_5547 .array/port v0x557bd010a300, 5547;
v0x557bd010a300_5548 .array/port v0x557bd010a300, 5548;
v0x557bd010a300_5549 .array/port v0x557bd010a300, 5549;
v0x557bd010a300_5550 .array/port v0x557bd010a300, 5550;
E_0x557bd010b960/1387 .event anyedge, v0x557bd010a300_5547, v0x557bd010a300_5548, v0x557bd010a300_5549, v0x557bd010a300_5550;
v0x557bd010a300_5551 .array/port v0x557bd010a300, 5551;
v0x557bd010a300_5552 .array/port v0x557bd010a300, 5552;
v0x557bd010a300_5553 .array/port v0x557bd010a300, 5553;
v0x557bd010a300_5554 .array/port v0x557bd010a300, 5554;
E_0x557bd010b960/1388 .event anyedge, v0x557bd010a300_5551, v0x557bd010a300_5552, v0x557bd010a300_5553, v0x557bd010a300_5554;
v0x557bd010a300_5555 .array/port v0x557bd010a300, 5555;
v0x557bd010a300_5556 .array/port v0x557bd010a300, 5556;
v0x557bd010a300_5557 .array/port v0x557bd010a300, 5557;
v0x557bd010a300_5558 .array/port v0x557bd010a300, 5558;
E_0x557bd010b960/1389 .event anyedge, v0x557bd010a300_5555, v0x557bd010a300_5556, v0x557bd010a300_5557, v0x557bd010a300_5558;
v0x557bd010a300_5559 .array/port v0x557bd010a300, 5559;
v0x557bd010a300_5560 .array/port v0x557bd010a300, 5560;
v0x557bd010a300_5561 .array/port v0x557bd010a300, 5561;
v0x557bd010a300_5562 .array/port v0x557bd010a300, 5562;
E_0x557bd010b960/1390 .event anyedge, v0x557bd010a300_5559, v0x557bd010a300_5560, v0x557bd010a300_5561, v0x557bd010a300_5562;
v0x557bd010a300_5563 .array/port v0x557bd010a300, 5563;
v0x557bd010a300_5564 .array/port v0x557bd010a300, 5564;
v0x557bd010a300_5565 .array/port v0x557bd010a300, 5565;
v0x557bd010a300_5566 .array/port v0x557bd010a300, 5566;
E_0x557bd010b960/1391 .event anyedge, v0x557bd010a300_5563, v0x557bd010a300_5564, v0x557bd010a300_5565, v0x557bd010a300_5566;
v0x557bd010a300_5567 .array/port v0x557bd010a300, 5567;
v0x557bd010a300_5568 .array/port v0x557bd010a300, 5568;
v0x557bd010a300_5569 .array/port v0x557bd010a300, 5569;
v0x557bd010a300_5570 .array/port v0x557bd010a300, 5570;
E_0x557bd010b960/1392 .event anyedge, v0x557bd010a300_5567, v0x557bd010a300_5568, v0x557bd010a300_5569, v0x557bd010a300_5570;
v0x557bd010a300_5571 .array/port v0x557bd010a300, 5571;
v0x557bd010a300_5572 .array/port v0x557bd010a300, 5572;
v0x557bd010a300_5573 .array/port v0x557bd010a300, 5573;
v0x557bd010a300_5574 .array/port v0x557bd010a300, 5574;
E_0x557bd010b960/1393 .event anyedge, v0x557bd010a300_5571, v0x557bd010a300_5572, v0x557bd010a300_5573, v0x557bd010a300_5574;
v0x557bd010a300_5575 .array/port v0x557bd010a300, 5575;
v0x557bd010a300_5576 .array/port v0x557bd010a300, 5576;
v0x557bd010a300_5577 .array/port v0x557bd010a300, 5577;
v0x557bd010a300_5578 .array/port v0x557bd010a300, 5578;
E_0x557bd010b960/1394 .event anyedge, v0x557bd010a300_5575, v0x557bd010a300_5576, v0x557bd010a300_5577, v0x557bd010a300_5578;
v0x557bd010a300_5579 .array/port v0x557bd010a300, 5579;
v0x557bd010a300_5580 .array/port v0x557bd010a300, 5580;
v0x557bd010a300_5581 .array/port v0x557bd010a300, 5581;
v0x557bd010a300_5582 .array/port v0x557bd010a300, 5582;
E_0x557bd010b960/1395 .event anyedge, v0x557bd010a300_5579, v0x557bd010a300_5580, v0x557bd010a300_5581, v0x557bd010a300_5582;
v0x557bd010a300_5583 .array/port v0x557bd010a300, 5583;
v0x557bd010a300_5584 .array/port v0x557bd010a300, 5584;
v0x557bd010a300_5585 .array/port v0x557bd010a300, 5585;
v0x557bd010a300_5586 .array/port v0x557bd010a300, 5586;
E_0x557bd010b960/1396 .event anyedge, v0x557bd010a300_5583, v0x557bd010a300_5584, v0x557bd010a300_5585, v0x557bd010a300_5586;
v0x557bd010a300_5587 .array/port v0x557bd010a300, 5587;
v0x557bd010a300_5588 .array/port v0x557bd010a300, 5588;
v0x557bd010a300_5589 .array/port v0x557bd010a300, 5589;
v0x557bd010a300_5590 .array/port v0x557bd010a300, 5590;
E_0x557bd010b960/1397 .event anyedge, v0x557bd010a300_5587, v0x557bd010a300_5588, v0x557bd010a300_5589, v0x557bd010a300_5590;
v0x557bd010a300_5591 .array/port v0x557bd010a300, 5591;
v0x557bd010a300_5592 .array/port v0x557bd010a300, 5592;
v0x557bd010a300_5593 .array/port v0x557bd010a300, 5593;
v0x557bd010a300_5594 .array/port v0x557bd010a300, 5594;
E_0x557bd010b960/1398 .event anyedge, v0x557bd010a300_5591, v0x557bd010a300_5592, v0x557bd010a300_5593, v0x557bd010a300_5594;
v0x557bd010a300_5595 .array/port v0x557bd010a300, 5595;
v0x557bd010a300_5596 .array/port v0x557bd010a300, 5596;
v0x557bd010a300_5597 .array/port v0x557bd010a300, 5597;
v0x557bd010a300_5598 .array/port v0x557bd010a300, 5598;
E_0x557bd010b960/1399 .event anyedge, v0x557bd010a300_5595, v0x557bd010a300_5596, v0x557bd010a300_5597, v0x557bd010a300_5598;
v0x557bd010a300_5599 .array/port v0x557bd010a300, 5599;
v0x557bd010a300_5600 .array/port v0x557bd010a300, 5600;
v0x557bd010a300_5601 .array/port v0x557bd010a300, 5601;
v0x557bd010a300_5602 .array/port v0x557bd010a300, 5602;
E_0x557bd010b960/1400 .event anyedge, v0x557bd010a300_5599, v0x557bd010a300_5600, v0x557bd010a300_5601, v0x557bd010a300_5602;
v0x557bd010a300_5603 .array/port v0x557bd010a300, 5603;
v0x557bd010a300_5604 .array/port v0x557bd010a300, 5604;
v0x557bd010a300_5605 .array/port v0x557bd010a300, 5605;
v0x557bd010a300_5606 .array/port v0x557bd010a300, 5606;
E_0x557bd010b960/1401 .event anyedge, v0x557bd010a300_5603, v0x557bd010a300_5604, v0x557bd010a300_5605, v0x557bd010a300_5606;
v0x557bd010a300_5607 .array/port v0x557bd010a300, 5607;
v0x557bd010a300_5608 .array/port v0x557bd010a300, 5608;
v0x557bd010a300_5609 .array/port v0x557bd010a300, 5609;
v0x557bd010a300_5610 .array/port v0x557bd010a300, 5610;
E_0x557bd010b960/1402 .event anyedge, v0x557bd010a300_5607, v0x557bd010a300_5608, v0x557bd010a300_5609, v0x557bd010a300_5610;
v0x557bd010a300_5611 .array/port v0x557bd010a300, 5611;
v0x557bd010a300_5612 .array/port v0x557bd010a300, 5612;
v0x557bd010a300_5613 .array/port v0x557bd010a300, 5613;
v0x557bd010a300_5614 .array/port v0x557bd010a300, 5614;
E_0x557bd010b960/1403 .event anyedge, v0x557bd010a300_5611, v0x557bd010a300_5612, v0x557bd010a300_5613, v0x557bd010a300_5614;
v0x557bd010a300_5615 .array/port v0x557bd010a300, 5615;
v0x557bd010a300_5616 .array/port v0x557bd010a300, 5616;
v0x557bd010a300_5617 .array/port v0x557bd010a300, 5617;
v0x557bd010a300_5618 .array/port v0x557bd010a300, 5618;
E_0x557bd010b960/1404 .event anyedge, v0x557bd010a300_5615, v0x557bd010a300_5616, v0x557bd010a300_5617, v0x557bd010a300_5618;
v0x557bd010a300_5619 .array/port v0x557bd010a300, 5619;
v0x557bd010a300_5620 .array/port v0x557bd010a300, 5620;
v0x557bd010a300_5621 .array/port v0x557bd010a300, 5621;
v0x557bd010a300_5622 .array/port v0x557bd010a300, 5622;
E_0x557bd010b960/1405 .event anyedge, v0x557bd010a300_5619, v0x557bd010a300_5620, v0x557bd010a300_5621, v0x557bd010a300_5622;
v0x557bd010a300_5623 .array/port v0x557bd010a300, 5623;
v0x557bd010a300_5624 .array/port v0x557bd010a300, 5624;
v0x557bd010a300_5625 .array/port v0x557bd010a300, 5625;
v0x557bd010a300_5626 .array/port v0x557bd010a300, 5626;
E_0x557bd010b960/1406 .event anyedge, v0x557bd010a300_5623, v0x557bd010a300_5624, v0x557bd010a300_5625, v0x557bd010a300_5626;
v0x557bd010a300_5627 .array/port v0x557bd010a300, 5627;
v0x557bd010a300_5628 .array/port v0x557bd010a300, 5628;
v0x557bd010a300_5629 .array/port v0x557bd010a300, 5629;
v0x557bd010a300_5630 .array/port v0x557bd010a300, 5630;
E_0x557bd010b960/1407 .event anyedge, v0x557bd010a300_5627, v0x557bd010a300_5628, v0x557bd010a300_5629, v0x557bd010a300_5630;
v0x557bd010a300_5631 .array/port v0x557bd010a300, 5631;
v0x557bd010a300_5632 .array/port v0x557bd010a300, 5632;
v0x557bd010a300_5633 .array/port v0x557bd010a300, 5633;
v0x557bd010a300_5634 .array/port v0x557bd010a300, 5634;
E_0x557bd010b960/1408 .event anyedge, v0x557bd010a300_5631, v0x557bd010a300_5632, v0x557bd010a300_5633, v0x557bd010a300_5634;
v0x557bd010a300_5635 .array/port v0x557bd010a300, 5635;
v0x557bd010a300_5636 .array/port v0x557bd010a300, 5636;
v0x557bd010a300_5637 .array/port v0x557bd010a300, 5637;
v0x557bd010a300_5638 .array/port v0x557bd010a300, 5638;
E_0x557bd010b960/1409 .event anyedge, v0x557bd010a300_5635, v0x557bd010a300_5636, v0x557bd010a300_5637, v0x557bd010a300_5638;
v0x557bd010a300_5639 .array/port v0x557bd010a300, 5639;
v0x557bd010a300_5640 .array/port v0x557bd010a300, 5640;
v0x557bd010a300_5641 .array/port v0x557bd010a300, 5641;
v0x557bd010a300_5642 .array/port v0x557bd010a300, 5642;
E_0x557bd010b960/1410 .event anyedge, v0x557bd010a300_5639, v0x557bd010a300_5640, v0x557bd010a300_5641, v0x557bd010a300_5642;
v0x557bd010a300_5643 .array/port v0x557bd010a300, 5643;
v0x557bd010a300_5644 .array/port v0x557bd010a300, 5644;
v0x557bd010a300_5645 .array/port v0x557bd010a300, 5645;
v0x557bd010a300_5646 .array/port v0x557bd010a300, 5646;
E_0x557bd010b960/1411 .event anyedge, v0x557bd010a300_5643, v0x557bd010a300_5644, v0x557bd010a300_5645, v0x557bd010a300_5646;
v0x557bd010a300_5647 .array/port v0x557bd010a300, 5647;
v0x557bd010a300_5648 .array/port v0x557bd010a300, 5648;
v0x557bd010a300_5649 .array/port v0x557bd010a300, 5649;
v0x557bd010a300_5650 .array/port v0x557bd010a300, 5650;
E_0x557bd010b960/1412 .event anyedge, v0x557bd010a300_5647, v0x557bd010a300_5648, v0x557bd010a300_5649, v0x557bd010a300_5650;
v0x557bd010a300_5651 .array/port v0x557bd010a300, 5651;
v0x557bd010a300_5652 .array/port v0x557bd010a300, 5652;
v0x557bd010a300_5653 .array/port v0x557bd010a300, 5653;
v0x557bd010a300_5654 .array/port v0x557bd010a300, 5654;
E_0x557bd010b960/1413 .event anyedge, v0x557bd010a300_5651, v0x557bd010a300_5652, v0x557bd010a300_5653, v0x557bd010a300_5654;
v0x557bd010a300_5655 .array/port v0x557bd010a300, 5655;
v0x557bd010a300_5656 .array/port v0x557bd010a300, 5656;
v0x557bd010a300_5657 .array/port v0x557bd010a300, 5657;
v0x557bd010a300_5658 .array/port v0x557bd010a300, 5658;
E_0x557bd010b960/1414 .event anyedge, v0x557bd010a300_5655, v0x557bd010a300_5656, v0x557bd010a300_5657, v0x557bd010a300_5658;
v0x557bd010a300_5659 .array/port v0x557bd010a300, 5659;
v0x557bd010a300_5660 .array/port v0x557bd010a300, 5660;
v0x557bd010a300_5661 .array/port v0x557bd010a300, 5661;
v0x557bd010a300_5662 .array/port v0x557bd010a300, 5662;
E_0x557bd010b960/1415 .event anyedge, v0x557bd010a300_5659, v0x557bd010a300_5660, v0x557bd010a300_5661, v0x557bd010a300_5662;
v0x557bd010a300_5663 .array/port v0x557bd010a300, 5663;
v0x557bd010a300_5664 .array/port v0x557bd010a300, 5664;
v0x557bd010a300_5665 .array/port v0x557bd010a300, 5665;
v0x557bd010a300_5666 .array/port v0x557bd010a300, 5666;
E_0x557bd010b960/1416 .event anyedge, v0x557bd010a300_5663, v0x557bd010a300_5664, v0x557bd010a300_5665, v0x557bd010a300_5666;
v0x557bd010a300_5667 .array/port v0x557bd010a300, 5667;
v0x557bd010a300_5668 .array/port v0x557bd010a300, 5668;
v0x557bd010a300_5669 .array/port v0x557bd010a300, 5669;
v0x557bd010a300_5670 .array/port v0x557bd010a300, 5670;
E_0x557bd010b960/1417 .event anyedge, v0x557bd010a300_5667, v0x557bd010a300_5668, v0x557bd010a300_5669, v0x557bd010a300_5670;
v0x557bd010a300_5671 .array/port v0x557bd010a300, 5671;
v0x557bd010a300_5672 .array/port v0x557bd010a300, 5672;
v0x557bd010a300_5673 .array/port v0x557bd010a300, 5673;
v0x557bd010a300_5674 .array/port v0x557bd010a300, 5674;
E_0x557bd010b960/1418 .event anyedge, v0x557bd010a300_5671, v0x557bd010a300_5672, v0x557bd010a300_5673, v0x557bd010a300_5674;
v0x557bd010a300_5675 .array/port v0x557bd010a300, 5675;
v0x557bd010a300_5676 .array/port v0x557bd010a300, 5676;
v0x557bd010a300_5677 .array/port v0x557bd010a300, 5677;
v0x557bd010a300_5678 .array/port v0x557bd010a300, 5678;
E_0x557bd010b960/1419 .event anyedge, v0x557bd010a300_5675, v0x557bd010a300_5676, v0x557bd010a300_5677, v0x557bd010a300_5678;
v0x557bd010a300_5679 .array/port v0x557bd010a300, 5679;
v0x557bd010a300_5680 .array/port v0x557bd010a300, 5680;
v0x557bd010a300_5681 .array/port v0x557bd010a300, 5681;
v0x557bd010a300_5682 .array/port v0x557bd010a300, 5682;
E_0x557bd010b960/1420 .event anyedge, v0x557bd010a300_5679, v0x557bd010a300_5680, v0x557bd010a300_5681, v0x557bd010a300_5682;
v0x557bd010a300_5683 .array/port v0x557bd010a300, 5683;
v0x557bd010a300_5684 .array/port v0x557bd010a300, 5684;
v0x557bd010a300_5685 .array/port v0x557bd010a300, 5685;
v0x557bd010a300_5686 .array/port v0x557bd010a300, 5686;
E_0x557bd010b960/1421 .event anyedge, v0x557bd010a300_5683, v0x557bd010a300_5684, v0x557bd010a300_5685, v0x557bd010a300_5686;
v0x557bd010a300_5687 .array/port v0x557bd010a300, 5687;
v0x557bd010a300_5688 .array/port v0x557bd010a300, 5688;
v0x557bd010a300_5689 .array/port v0x557bd010a300, 5689;
v0x557bd010a300_5690 .array/port v0x557bd010a300, 5690;
E_0x557bd010b960/1422 .event anyedge, v0x557bd010a300_5687, v0x557bd010a300_5688, v0x557bd010a300_5689, v0x557bd010a300_5690;
v0x557bd010a300_5691 .array/port v0x557bd010a300, 5691;
v0x557bd010a300_5692 .array/port v0x557bd010a300, 5692;
v0x557bd010a300_5693 .array/port v0x557bd010a300, 5693;
v0x557bd010a300_5694 .array/port v0x557bd010a300, 5694;
E_0x557bd010b960/1423 .event anyedge, v0x557bd010a300_5691, v0x557bd010a300_5692, v0x557bd010a300_5693, v0x557bd010a300_5694;
v0x557bd010a300_5695 .array/port v0x557bd010a300, 5695;
v0x557bd010a300_5696 .array/port v0x557bd010a300, 5696;
v0x557bd010a300_5697 .array/port v0x557bd010a300, 5697;
v0x557bd010a300_5698 .array/port v0x557bd010a300, 5698;
E_0x557bd010b960/1424 .event anyedge, v0x557bd010a300_5695, v0x557bd010a300_5696, v0x557bd010a300_5697, v0x557bd010a300_5698;
v0x557bd010a300_5699 .array/port v0x557bd010a300, 5699;
v0x557bd010a300_5700 .array/port v0x557bd010a300, 5700;
v0x557bd010a300_5701 .array/port v0x557bd010a300, 5701;
v0x557bd010a300_5702 .array/port v0x557bd010a300, 5702;
E_0x557bd010b960/1425 .event anyedge, v0x557bd010a300_5699, v0x557bd010a300_5700, v0x557bd010a300_5701, v0x557bd010a300_5702;
v0x557bd010a300_5703 .array/port v0x557bd010a300, 5703;
v0x557bd010a300_5704 .array/port v0x557bd010a300, 5704;
v0x557bd010a300_5705 .array/port v0x557bd010a300, 5705;
v0x557bd010a300_5706 .array/port v0x557bd010a300, 5706;
E_0x557bd010b960/1426 .event anyedge, v0x557bd010a300_5703, v0x557bd010a300_5704, v0x557bd010a300_5705, v0x557bd010a300_5706;
v0x557bd010a300_5707 .array/port v0x557bd010a300, 5707;
v0x557bd010a300_5708 .array/port v0x557bd010a300, 5708;
v0x557bd010a300_5709 .array/port v0x557bd010a300, 5709;
v0x557bd010a300_5710 .array/port v0x557bd010a300, 5710;
E_0x557bd010b960/1427 .event anyedge, v0x557bd010a300_5707, v0x557bd010a300_5708, v0x557bd010a300_5709, v0x557bd010a300_5710;
v0x557bd010a300_5711 .array/port v0x557bd010a300, 5711;
v0x557bd010a300_5712 .array/port v0x557bd010a300, 5712;
v0x557bd010a300_5713 .array/port v0x557bd010a300, 5713;
v0x557bd010a300_5714 .array/port v0x557bd010a300, 5714;
E_0x557bd010b960/1428 .event anyedge, v0x557bd010a300_5711, v0x557bd010a300_5712, v0x557bd010a300_5713, v0x557bd010a300_5714;
v0x557bd010a300_5715 .array/port v0x557bd010a300, 5715;
v0x557bd010a300_5716 .array/port v0x557bd010a300, 5716;
v0x557bd010a300_5717 .array/port v0x557bd010a300, 5717;
v0x557bd010a300_5718 .array/port v0x557bd010a300, 5718;
E_0x557bd010b960/1429 .event anyedge, v0x557bd010a300_5715, v0x557bd010a300_5716, v0x557bd010a300_5717, v0x557bd010a300_5718;
v0x557bd010a300_5719 .array/port v0x557bd010a300, 5719;
v0x557bd010a300_5720 .array/port v0x557bd010a300, 5720;
v0x557bd010a300_5721 .array/port v0x557bd010a300, 5721;
v0x557bd010a300_5722 .array/port v0x557bd010a300, 5722;
E_0x557bd010b960/1430 .event anyedge, v0x557bd010a300_5719, v0x557bd010a300_5720, v0x557bd010a300_5721, v0x557bd010a300_5722;
v0x557bd010a300_5723 .array/port v0x557bd010a300, 5723;
v0x557bd010a300_5724 .array/port v0x557bd010a300, 5724;
v0x557bd010a300_5725 .array/port v0x557bd010a300, 5725;
v0x557bd010a300_5726 .array/port v0x557bd010a300, 5726;
E_0x557bd010b960/1431 .event anyedge, v0x557bd010a300_5723, v0x557bd010a300_5724, v0x557bd010a300_5725, v0x557bd010a300_5726;
v0x557bd010a300_5727 .array/port v0x557bd010a300, 5727;
v0x557bd010a300_5728 .array/port v0x557bd010a300, 5728;
v0x557bd010a300_5729 .array/port v0x557bd010a300, 5729;
v0x557bd010a300_5730 .array/port v0x557bd010a300, 5730;
E_0x557bd010b960/1432 .event anyedge, v0x557bd010a300_5727, v0x557bd010a300_5728, v0x557bd010a300_5729, v0x557bd010a300_5730;
v0x557bd010a300_5731 .array/port v0x557bd010a300, 5731;
v0x557bd010a300_5732 .array/port v0x557bd010a300, 5732;
v0x557bd010a300_5733 .array/port v0x557bd010a300, 5733;
v0x557bd010a300_5734 .array/port v0x557bd010a300, 5734;
E_0x557bd010b960/1433 .event anyedge, v0x557bd010a300_5731, v0x557bd010a300_5732, v0x557bd010a300_5733, v0x557bd010a300_5734;
v0x557bd010a300_5735 .array/port v0x557bd010a300, 5735;
v0x557bd010a300_5736 .array/port v0x557bd010a300, 5736;
v0x557bd010a300_5737 .array/port v0x557bd010a300, 5737;
v0x557bd010a300_5738 .array/port v0x557bd010a300, 5738;
E_0x557bd010b960/1434 .event anyedge, v0x557bd010a300_5735, v0x557bd010a300_5736, v0x557bd010a300_5737, v0x557bd010a300_5738;
v0x557bd010a300_5739 .array/port v0x557bd010a300, 5739;
v0x557bd010a300_5740 .array/port v0x557bd010a300, 5740;
v0x557bd010a300_5741 .array/port v0x557bd010a300, 5741;
v0x557bd010a300_5742 .array/port v0x557bd010a300, 5742;
E_0x557bd010b960/1435 .event anyedge, v0x557bd010a300_5739, v0x557bd010a300_5740, v0x557bd010a300_5741, v0x557bd010a300_5742;
v0x557bd010a300_5743 .array/port v0x557bd010a300, 5743;
v0x557bd010a300_5744 .array/port v0x557bd010a300, 5744;
v0x557bd010a300_5745 .array/port v0x557bd010a300, 5745;
v0x557bd010a300_5746 .array/port v0x557bd010a300, 5746;
E_0x557bd010b960/1436 .event anyedge, v0x557bd010a300_5743, v0x557bd010a300_5744, v0x557bd010a300_5745, v0x557bd010a300_5746;
v0x557bd010a300_5747 .array/port v0x557bd010a300, 5747;
v0x557bd010a300_5748 .array/port v0x557bd010a300, 5748;
v0x557bd010a300_5749 .array/port v0x557bd010a300, 5749;
v0x557bd010a300_5750 .array/port v0x557bd010a300, 5750;
E_0x557bd010b960/1437 .event anyedge, v0x557bd010a300_5747, v0x557bd010a300_5748, v0x557bd010a300_5749, v0x557bd010a300_5750;
v0x557bd010a300_5751 .array/port v0x557bd010a300, 5751;
v0x557bd010a300_5752 .array/port v0x557bd010a300, 5752;
v0x557bd010a300_5753 .array/port v0x557bd010a300, 5753;
v0x557bd010a300_5754 .array/port v0x557bd010a300, 5754;
E_0x557bd010b960/1438 .event anyedge, v0x557bd010a300_5751, v0x557bd010a300_5752, v0x557bd010a300_5753, v0x557bd010a300_5754;
v0x557bd010a300_5755 .array/port v0x557bd010a300, 5755;
v0x557bd010a300_5756 .array/port v0x557bd010a300, 5756;
v0x557bd010a300_5757 .array/port v0x557bd010a300, 5757;
v0x557bd010a300_5758 .array/port v0x557bd010a300, 5758;
E_0x557bd010b960/1439 .event anyedge, v0x557bd010a300_5755, v0x557bd010a300_5756, v0x557bd010a300_5757, v0x557bd010a300_5758;
v0x557bd010a300_5759 .array/port v0x557bd010a300, 5759;
v0x557bd010a300_5760 .array/port v0x557bd010a300, 5760;
v0x557bd010a300_5761 .array/port v0x557bd010a300, 5761;
v0x557bd010a300_5762 .array/port v0x557bd010a300, 5762;
E_0x557bd010b960/1440 .event anyedge, v0x557bd010a300_5759, v0x557bd010a300_5760, v0x557bd010a300_5761, v0x557bd010a300_5762;
v0x557bd010a300_5763 .array/port v0x557bd010a300, 5763;
v0x557bd010a300_5764 .array/port v0x557bd010a300, 5764;
v0x557bd010a300_5765 .array/port v0x557bd010a300, 5765;
v0x557bd010a300_5766 .array/port v0x557bd010a300, 5766;
E_0x557bd010b960/1441 .event anyedge, v0x557bd010a300_5763, v0x557bd010a300_5764, v0x557bd010a300_5765, v0x557bd010a300_5766;
v0x557bd010a300_5767 .array/port v0x557bd010a300, 5767;
v0x557bd010a300_5768 .array/port v0x557bd010a300, 5768;
v0x557bd010a300_5769 .array/port v0x557bd010a300, 5769;
v0x557bd010a300_5770 .array/port v0x557bd010a300, 5770;
E_0x557bd010b960/1442 .event anyedge, v0x557bd010a300_5767, v0x557bd010a300_5768, v0x557bd010a300_5769, v0x557bd010a300_5770;
v0x557bd010a300_5771 .array/port v0x557bd010a300, 5771;
v0x557bd010a300_5772 .array/port v0x557bd010a300, 5772;
v0x557bd010a300_5773 .array/port v0x557bd010a300, 5773;
v0x557bd010a300_5774 .array/port v0x557bd010a300, 5774;
E_0x557bd010b960/1443 .event anyedge, v0x557bd010a300_5771, v0x557bd010a300_5772, v0x557bd010a300_5773, v0x557bd010a300_5774;
v0x557bd010a300_5775 .array/port v0x557bd010a300, 5775;
v0x557bd010a300_5776 .array/port v0x557bd010a300, 5776;
v0x557bd010a300_5777 .array/port v0x557bd010a300, 5777;
v0x557bd010a300_5778 .array/port v0x557bd010a300, 5778;
E_0x557bd010b960/1444 .event anyedge, v0x557bd010a300_5775, v0x557bd010a300_5776, v0x557bd010a300_5777, v0x557bd010a300_5778;
v0x557bd010a300_5779 .array/port v0x557bd010a300, 5779;
v0x557bd010a300_5780 .array/port v0x557bd010a300, 5780;
v0x557bd010a300_5781 .array/port v0x557bd010a300, 5781;
v0x557bd010a300_5782 .array/port v0x557bd010a300, 5782;
E_0x557bd010b960/1445 .event anyedge, v0x557bd010a300_5779, v0x557bd010a300_5780, v0x557bd010a300_5781, v0x557bd010a300_5782;
v0x557bd010a300_5783 .array/port v0x557bd010a300, 5783;
v0x557bd010a300_5784 .array/port v0x557bd010a300, 5784;
v0x557bd010a300_5785 .array/port v0x557bd010a300, 5785;
v0x557bd010a300_5786 .array/port v0x557bd010a300, 5786;
E_0x557bd010b960/1446 .event anyedge, v0x557bd010a300_5783, v0x557bd010a300_5784, v0x557bd010a300_5785, v0x557bd010a300_5786;
v0x557bd010a300_5787 .array/port v0x557bd010a300, 5787;
v0x557bd010a300_5788 .array/port v0x557bd010a300, 5788;
v0x557bd010a300_5789 .array/port v0x557bd010a300, 5789;
v0x557bd010a300_5790 .array/port v0x557bd010a300, 5790;
E_0x557bd010b960/1447 .event anyedge, v0x557bd010a300_5787, v0x557bd010a300_5788, v0x557bd010a300_5789, v0x557bd010a300_5790;
v0x557bd010a300_5791 .array/port v0x557bd010a300, 5791;
v0x557bd010a300_5792 .array/port v0x557bd010a300, 5792;
v0x557bd010a300_5793 .array/port v0x557bd010a300, 5793;
v0x557bd010a300_5794 .array/port v0x557bd010a300, 5794;
E_0x557bd010b960/1448 .event anyedge, v0x557bd010a300_5791, v0x557bd010a300_5792, v0x557bd010a300_5793, v0x557bd010a300_5794;
v0x557bd010a300_5795 .array/port v0x557bd010a300, 5795;
v0x557bd010a300_5796 .array/port v0x557bd010a300, 5796;
v0x557bd010a300_5797 .array/port v0x557bd010a300, 5797;
v0x557bd010a300_5798 .array/port v0x557bd010a300, 5798;
E_0x557bd010b960/1449 .event anyedge, v0x557bd010a300_5795, v0x557bd010a300_5796, v0x557bd010a300_5797, v0x557bd010a300_5798;
v0x557bd010a300_5799 .array/port v0x557bd010a300, 5799;
v0x557bd010a300_5800 .array/port v0x557bd010a300, 5800;
v0x557bd010a300_5801 .array/port v0x557bd010a300, 5801;
v0x557bd010a300_5802 .array/port v0x557bd010a300, 5802;
E_0x557bd010b960/1450 .event anyedge, v0x557bd010a300_5799, v0x557bd010a300_5800, v0x557bd010a300_5801, v0x557bd010a300_5802;
v0x557bd010a300_5803 .array/port v0x557bd010a300, 5803;
v0x557bd010a300_5804 .array/port v0x557bd010a300, 5804;
v0x557bd010a300_5805 .array/port v0x557bd010a300, 5805;
v0x557bd010a300_5806 .array/port v0x557bd010a300, 5806;
E_0x557bd010b960/1451 .event anyedge, v0x557bd010a300_5803, v0x557bd010a300_5804, v0x557bd010a300_5805, v0x557bd010a300_5806;
v0x557bd010a300_5807 .array/port v0x557bd010a300, 5807;
v0x557bd010a300_5808 .array/port v0x557bd010a300, 5808;
v0x557bd010a300_5809 .array/port v0x557bd010a300, 5809;
v0x557bd010a300_5810 .array/port v0x557bd010a300, 5810;
E_0x557bd010b960/1452 .event anyedge, v0x557bd010a300_5807, v0x557bd010a300_5808, v0x557bd010a300_5809, v0x557bd010a300_5810;
v0x557bd010a300_5811 .array/port v0x557bd010a300, 5811;
v0x557bd010a300_5812 .array/port v0x557bd010a300, 5812;
v0x557bd010a300_5813 .array/port v0x557bd010a300, 5813;
v0x557bd010a300_5814 .array/port v0x557bd010a300, 5814;
E_0x557bd010b960/1453 .event anyedge, v0x557bd010a300_5811, v0x557bd010a300_5812, v0x557bd010a300_5813, v0x557bd010a300_5814;
v0x557bd010a300_5815 .array/port v0x557bd010a300, 5815;
v0x557bd010a300_5816 .array/port v0x557bd010a300, 5816;
v0x557bd010a300_5817 .array/port v0x557bd010a300, 5817;
v0x557bd010a300_5818 .array/port v0x557bd010a300, 5818;
E_0x557bd010b960/1454 .event anyedge, v0x557bd010a300_5815, v0x557bd010a300_5816, v0x557bd010a300_5817, v0x557bd010a300_5818;
v0x557bd010a300_5819 .array/port v0x557bd010a300, 5819;
v0x557bd010a300_5820 .array/port v0x557bd010a300, 5820;
v0x557bd010a300_5821 .array/port v0x557bd010a300, 5821;
v0x557bd010a300_5822 .array/port v0x557bd010a300, 5822;
E_0x557bd010b960/1455 .event anyedge, v0x557bd010a300_5819, v0x557bd010a300_5820, v0x557bd010a300_5821, v0x557bd010a300_5822;
v0x557bd010a300_5823 .array/port v0x557bd010a300, 5823;
v0x557bd010a300_5824 .array/port v0x557bd010a300, 5824;
v0x557bd010a300_5825 .array/port v0x557bd010a300, 5825;
v0x557bd010a300_5826 .array/port v0x557bd010a300, 5826;
E_0x557bd010b960/1456 .event anyedge, v0x557bd010a300_5823, v0x557bd010a300_5824, v0x557bd010a300_5825, v0x557bd010a300_5826;
v0x557bd010a300_5827 .array/port v0x557bd010a300, 5827;
v0x557bd010a300_5828 .array/port v0x557bd010a300, 5828;
v0x557bd010a300_5829 .array/port v0x557bd010a300, 5829;
v0x557bd010a300_5830 .array/port v0x557bd010a300, 5830;
E_0x557bd010b960/1457 .event anyedge, v0x557bd010a300_5827, v0x557bd010a300_5828, v0x557bd010a300_5829, v0x557bd010a300_5830;
v0x557bd010a300_5831 .array/port v0x557bd010a300, 5831;
v0x557bd010a300_5832 .array/port v0x557bd010a300, 5832;
v0x557bd010a300_5833 .array/port v0x557bd010a300, 5833;
v0x557bd010a300_5834 .array/port v0x557bd010a300, 5834;
E_0x557bd010b960/1458 .event anyedge, v0x557bd010a300_5831, v0x557bd010a300_5832, v0x557bd010a300_5833, v0x557bd010a300_5834;
v0x557bd010a300_5835 .array/port v0x557bd010a300, 5835;
v0x557bd010a300_5836 .array/port v0x557bd010a300, 5836;
v0x557bd010a300_5837 .array/port v0x557bd010a300, 5837;
v0x557bd010a300_5838 .array/port v0x557bd010a300, 5838;
E_0x557bd010b960/1459 .event anyedge, v0x557bd010a300_5835, v0x557bd010a300_5836, v0x557bd010a300_5837, v0x557bd010a300_5838;
v0x557bd010a300_5839 .array/port v0x557bd010a300, 5839;
v0x557bd010a300_5840 .array/port v0x557bd010a300, 5840;
v0x557bd010a300_5841 .array/port v0x557bd010a300, 5841;
v0x557bd010a300_5842 .array/port v0x557bd010a300, 5842;
E_0x557bd010b960/1460 .event anyedge, v0x557bd010a300_5839, v0x557bd010a300_5840, v0x557bd010a300_5841, v0x557bd010a300_5842;
v0x557bd010a300_5843 .array/port v0x557bd010a300, 5843;
v0x557bd010a300_5844 .array/port v0x557bd010a300, 5844;
v0x557bd010a300_5845 .array/port v0x557bd010a300, 5845;
v0x557bd010a300_5846 .array/port v0x557bd010a300, 5846;
E_0x557bd010b960/1461 .event anyedge, v0x557bd010a300_5843, v0x557bd010a300_5844, v0x557bd010a300_5845, v0x557bd010a300_5846;
v0x557bd010a300_5847 .array/port v0x557bd010a300, 5847;
v0x557bd010a300_5848 .array/port v0x557bd010a300, 5848;
v0x557bd010a300_5849 .array/port v0x557bd010a300, 5849;
v0x557bd010a300_5850 .array/port v0x557bd010a300, 5850;
E_0x557bd010b960/1462 .event anyedge, v0x557bd010a300_5847, v0x557bd010a300_5848, v0x557bd010a300_5849, v0x557bd010a300_5850;
v0x557bd010a300_5851 .array/port v0x557bd010a300, 5851;
v0x557bd010a300_5852 .array/port v0x557bd010a300, 5852;
v0x557bd010a300_5853 .array/port v0x557bd010a300, 5853;
v0x557bd010a300_5854 .array/port v0x557bd010a300, 5854;
E_0x557bd010b960/1463 .event anyedge, v0x557bd010a300_5851, v0x557bd010a300_5852, v0x557bd010a300_5853, v0x557bd010a300_5854;
v0x557bd010a300_5855 .array/port v0x557bd010a300, 5855;
v0x557bd010a300_5856 .array/port v0x557bd010a300, 5856;
v0x557bd010a300_5857 .array/port v0x557bd010a300, 5857;
v0x557bd010a300_5858 .array/port v0x557bd010a300, 5858;
E_0x557bd010b960/1464 .event anyedge, v0x557bd010a300_5855, v0x557bd010a300_5856, v0x557bd010a300_5857, v0x557bd010a300_5858;
v0x557bd010a300_5859 .array/port v0x557bd010a300, 5859;
v0x557bd010a300_5860 .array/port v0x557bd010a300, 5860;
v0x557bd010a300_5861 .array/port v0x557bd010a300, 5861;
v0x557bd010a300_5862 .array/port v0x557bd010a300, 5862;
E_0x557bd010b960/1465 .event anyedge, v0x557bd010a300_5859, v0x557bd010a300_5860, v0x557bd010a300_5861, v0x557bd010a300_5862;
v0x557bd010a300_5863 .array/port v0x557bd010a300, 5863;
v0x557bd010a300_5864 .array/port v0x557bd010a300, 5864;
v0x557bd010a300_5865 .array/port v0x557bd010a300, 5865;
v0x557bd010a300_5866 .array/port v0x557bd010a300, 5866;
E_0x557bd010b960/1466 .event anyedge, v0x557bd010a300_5863, v0x557bd010a300_5864, v0x557bd010a300_5865, v0x557bd010a300_5866;
v0x557bd010a300_5867 .array/port v0x557bd010a300, 5867;
v0x557bd010a300_5868 .array/port v0x557bd010a300, 5868;
v0x557bd010a300_5869 .array/port v0x557bd010a300, 5869;
v0x557bd010a300_5870 .array/port v0x557bd010a300, 5870;
E_0x557bd010b960/1467 .event anyedge, v0x557bd010a300_5867, v0x557bd010a300_5868, v0x557bd010a300_5869, v0x557bd010a300_5870;
v0x557bd010a300_5871 .array/port v0x557bd010a300, 5871;
v0x557bd010a300_5872 .array/port v0x557bd010a300, 5872;
v0x557bd010a300_5873 .array/port v0x557bd010a300, 5873;
v0x557bd010a300_5874 .array/port v0x557bd010a300, 5874;
E_0x557bd010b960/1468 .event anyedge, v0x557bd010a300_5871, v0x557bd010a300_5872, v0x557bd010a300_5873, v0x557bd010a300_5874;
v0x557bd010a300_5875 .array/port v0x557bd010a300, 5875;
v0x557bd010a300_5876 .array/port v0x557bd010a300, 5876;
v0x557bd010a300_5877 .array/port v0x557bd010a300, 5877;
v0x557bd010a300_5878 .array/port v0x557bd010a300, 5878;
E_0x557bd010b960/1469 .event anyedge, v0x557bd010a300_5875, v0x557bd010a300_5876, v0x557bd010a300_5877, v0x557bd010a300_5878;
v0x557bd010a300_5879 .array/port v0x557bd010a300, 5879;
v0x557bd010a300_5880 .array/port v0x557bd010a300, 5880;
v0x557bd010a300_5881 .array/port v0x557bd010a300, 5881;
v0x557bd010a300_5882 .array/port v0x557bd010a300, 5882;
E_0x557bd010b960/1470 .event anyedge, v0x557bd010a300_5879, v0x557bd010a300_5880, v0x557bd010a300_5881, v0x557bd010a300_5882;
v0x557bd010a300_5883 .array/port v0x557bd010a300, 5883;
v0x557bd010a300_5884 .array/port v0x557bd010a300, 5884;
v0x557bd010a300_5885 .array/port v0x557bd010a300, 5885;
v0x557bd010a300_5886 .array/port v0x557bd010a300, 5886;
E_0x557bd010b960/1471 .event anyedge, v0x557bd010a300_5883, v0x557bd010a300_5884, v0x557bd010a300_5885, v0x557bd010a300_5886;
v0x557bd010a300_5887 .array/port v0x557bd010a300, 5887;
v0x557bd010a300_5888 .array/port v0x557bd010a300, 5888;
v0x557bd010a300_5889 .array/port v0x557bd010a300, 5889;
v0x557bd010a300_5890 .array/port v0x557bd010a300, 5890;
E_0x557bd010b960/1472 .event anyedge, v0x557bd010a300_5887, v0x557bd010a300_5888, v0x557bd010a300_5889, v0x557bd010a300_5890;
v0x557bd010a300_5891 .array/port v0x557bd010a300, 5891;
v0x557bd010a300_5892 .array/port v0x557bd010a300, 5892;
v0x557bd010a300_5893 .array/port v0x557bd010a300, 5893;
v0x557bd010a300_5894 .array/port v0x557bd010a300, 5894;
E_0x557bd010b960/1473 .event anyedge, v0x557bd010a300_5891, v0x557bd010a300_5892, v0x557bd010a300_5893, v0x557bd010a300_5894;
v0x557bd010a300_5895 .array/port v0x557bd010a300, 5895;
v0x557bd010a300_5896 .array/port v0x557bd010a300, 5896;
v0x557bd010a300_5897 .array/port v0x557bd010a300, 5897;
v0x557bd010a300_5898 .array/port v0x557bd010a300, 5898;
E_0x557bd010b960/1474 .event anyedge, v0x557bd010a300_5895, v0x557bd010a300_5896, v0x557bd010a300_5897, v0x557bd010a300_5898;
v0x557bd010a300_5899 .array/port v0x557bd010a300, 5899;
v0x557bd010a300_5900 .array/port v0x557bd010a300, 5900;
v0x557bd010a300_5901 .array/port v0x557bd010a300, 5901;
v0x557bd010a300_5902 .array/port v0x557bd010a300, 5902;
E_0x557bd010b960/1475 .event anyedge, v0x557bd010a300_5899, v0x557bd010a300_5900, v0x557bd010a300_5901, v0x557bd010a300_5902;
v0x557bd010a300_5903 .array/port v0x557bd010a300, 5903;
v0x557bd010a300_5904 .array/port v0x557bd010a300, 5904;
v0x557bd010a300_5905 .array/port v0x557bd010a300, 5905;
v0x557bd010a300_5906 .array/port v0x557bd010a300, 5906;
E_0x557bd010b960/1476 .event anyedge, v0x557bd010a300_5903, v0x557bd010a300_5904, v0x557bd010a300_5905, v0x557bd010a300_5906;
v0x557bd010a300_5907 .array/port v0x557bd010a300, 5907;
v0x557bd010a300_5908 .array/port v0x557bd010a300, 5908;
v0x557bd010a300_5909 .array/port v0x557bd010a300, 5909;
v0x557bd010a300_5910 .array/port v0x557bd010a300, 5910;
E_0x557bd010b960/1477 .event anyedge, v0x557bd010a300_5907, v0x557bd010a300_5908, v0x557bd010a300_5909, v0x557bd010a300_5910;
v0x557bd010a300_5911 .array/port v0x557bd010a300, 5911;
v0x557bd010a300_5912 .array/port v0x557bd010a300, 5912;
v0x557bd010a300_5913 .array/port v0x557bd010a300, 5913;
v0x557bd010a300_5914 .array/port v0x557bd010a300, 5914;
E_0x557bd010b960/1478 .event anyedge, v0x557bd010a300_5911, v0x557bd010a300_5912, v0x557bd010a300_5913, v0x557bd010a300_5914;
v0x557bd010a300_5915 .array/port v0x557bd010a300, 5915;
v0x557bd010a300_5916 .array/port v0x557bd010a300, 5916;
v0x557bd010a300_5917 .array/port v0x557bd010a300, 5917;
v0x557bd010a300_5918 .array/port v0x557bd010a300, 5918;
E_0x557bd010b960/1479 .event anyedge, v0x557bd010a300_5915, v0x557bd010a300_5916, v0x557bd010a300_5917, v0x557bd010a300_5918;
v0x557bd010a300_5919 .array/port v0x557bd010a300, 5919;
v0x557bd010a300_5920 .array/port v0x557bd010a300, 5920;
v0x557bd010a300_5921 .array/port v0x557bd010a300, 5921;
v0x557bd010a300_5922 .array/port v0x557bd010a300, 5922;
E_0x557bd010b960/1480 .event anyedge, v0x557bd010a300_5919, v0x557bd010a300_5920, v0x557bd010a300_5921, v0x557bd010a300_5922;
v0x557bd010a300_5923 .array/port v0x557bd010a300, 5923;
v0x557bd010a300_5924 .array/port v0x557bd010a300, 5924;
v0x557bd010a300_5925 .array/port v0x557bd010a300, 5925;
v0x557bd010a300_5926 .array/port v0x557bd010a300, 5926;
E_0x557bd010b960/1481 .event anyedge, v0x557bd010a300_5923, v0x557bd010a300_5924, v0x557bd010a300_5925, v0x557bd010a300_5926;
v0x557bd010a300_5927 .array/port v0x557bd010a300, 5927;
v0x557bd010a300_5928 .array/port v0x557bd010a300, 5928;
v0x557bd010a300_5929 .array/port v0x557bd010a300, 5929;
v0x557bd010a300_5930 .array/port v0x557bd010a300, 5930;
E_0x557bd010b960/1482 .event anyedge, v0x557bd010a300_5927, v0x557bd010a300_5928, v0x557bd010a300_5929, v0x557bd010a300_5930;
v0x557bd010a300_5931 .array/port v0x557bd010a300, 5931;
v0x557bd010a300_5932 .array/port v0x557bd010a300, 5932;
v0x557bd010a300_5933 .array/port v0x557bd010a300, 5933;
v0x557bd010a300_5934 .array/port v0x557bd010a300, 5934;
E_0x557bd010b960/1483 .event anyedge, v0x557bd010a300_5931, v0x557bd010a300_5932, v0x557bd010a300_5933, v0x557bd010a300_5934;
v0x557bd010a300_5935 .array/port v0x557bd010a300, 5935;
v0x557bd010a300_5936 .array/port v0x557bd010a300, 5936;
v0x557bd010a300_5937 .array/port v0x557bd010a300, 5937;
v0x557bd010a300_5938 .array/port v0x557bd010a300, 5938;
E_0x557bd010b960/1484 .event anyedge, v0x557bd010a300_5935, v0x557bd010a300_5936, v0x557bd010a300_5937, v0x557bd010a300_5938;
v0x557bd010a300_5939 .array/port v0x557bd010a300, 5939;
v0x557bd010a300_5940 .array/port v0x557bd010a300, 5940;
v0x557bd010a300_5941 .array/port v0x557bd010a300, 5941;
v0x557bd010a300_5942 .array/port v0x557bd010a300, 5942;
E_0x557bd010b960/1485 .event anyedge, v0x557bd010a300_5939, v0x557bd010a300_5940, v0x557bd010a300_5941, v0x557bd010a300_5942;
v0x557bd010a300_5943 .array/port v0x557bd010a300, 5943;
v0x557bd010a300_5944 .array/port v0x557bd010a300, 5944;
v0x557bd010a300_5945 .array/port v0x557bd010a300, 5945;
v0x557bd010a300_5946 .array/port v0x557bd010a300, 5946;
E_0x557bd010b960/1486 .event anyedge, v0x557bd010a300_5943, v0x557bd010a300_5944, v0x557bd010a300_5945, v0x557bd010a300_5946;
v0x557bd010a300_5947 .array/port v0x557bd010a300, 5947;
v0x557bd010a300_5948 .array/port v0x557bd010a300, 5948;
v0x557bd010a300_5949 .array/port v0x557bd010a300, 5949;
v0x557bd010a300_5950 .array/port v0x557bd010a300, 5950;
E_0x557bd010b960/1487 .event anyedge, v0x557bd010a300_5947, v0x557bd010a300_5948, v0x557bd010a300_5949, v0x557bd010a300_5950;
v0x557bd010a300_5951 .array/port v0x557bd010a300, 5951;
v0x557bd010a300_5952 .array/port v0x557bd010a300, 5952;
v0x557bd010a300_5953 .array/port v0x557bd010a300, 5953;
v0x557bd010a300_5954 .array/port v0x557bd010a300, 5954;
E_0x557bd010b960/1488 .event anyedge, v0x557bd010a300_5951, v0x557bd010a300_5952, v0x557bd010a300_5953, v0x557bd010a300_5954;
v0x557bd010a300_5955 .array/port v0x557bd010a300, 5955;
v0x557bd010a300_5956 .array/port v0x557bd010a300, 5956;
v0x557bd010a300_5957 .array/port v0x557bd010a300, 5957;
v0x557bd010a300_5958 .array/port v0x557bd010a300, 5958;
E_0x557bd010b960/1489 .event anyedge, v0x557bd010a300_5955, v0x557bd010a300_5956, v0x557bd010a300_5957, v0x557bd010a300_5958;
v0x557bd010a300_5959 .array/port v0x557bd010a300, 5959;
v0x557bd010a300_5960 .array/port v0x557bd010a300, 5960;
v0x557bd010a300_5961 .array/port v0x557bd010a300, 5961;
v0x557bd010a300_5962 .array/port v0x557bd010a300, 5962;
E_0x557bd010b960/1490 .event anyedge, v0x557bd010a300_5959, v0x557bd010a300_5960, v0x557bd010a300_5961, v0x557bd010a300_5962;
v0x557bd010a300_5963 .array/port v0x557bd010a300, 5963;
v0x557bd010a300_5964 .array/port v0x557bd010a300, 5964;
v0x557bd010a300_5965 .array/port v0x557bd010a300, 5965;
v0x557bd010a300_5966 .array/port v0x557bd010a300, 5966;
E_0x557bd010b960/1491 .event anyedge, v0x557bd010a300_5963, v0x557bd010a300_5964, v0x557bd010a300_5965, v0x557bd010a300_5966;
v0x557bd010a300_5967 .array/port v0x557bd010a300, 5967;
v0x557bd010a300_5968 .array/port v0x557bd010a300, 5968;
v0x557bd010a300_5969 .array/port v0x557bd010a300, 5969;
v0x557bd010a300_5970 .array/port v0x557bd010a300, 5970;
E_0x557bd010b960/1492 .event anyedge, v0x557bd010a300_5967, v0x557bd010a300_5968, v0x557bd010a300_5969, v0x557bd010a300_5970;
v0x557bd010a300_5971 .array/port v0x557bd010a300, 5971;
v0x557bd010a300_5972 .array/port v0x557bd010a300, 5972;
v0x557bd010a300_5973 .array/port v0x557bd010a300, 5973;
v0x557bd010a300_5974 .array/port v0x557bd010a300, 5974;
E_0x557bd010b960/1493 .event anyedge, v0x557bd010a300_5971, v0x557bd010a300_5972, v0x557bd010a300_5973, v0x557bd010a300_5974;
v0x557bd010a300_5975 .array/port v0x557bd010a300, 5975;
v0x557bd010a300_5976 .array/port v0x557bd010a300, 5976;
v0x557bd010a300_5977 .array/port v0x557bd010a300, 5977;
v0x557bd010a300_5978 .array/port v0x557bd010a300, 5978;
E_0x557bd010b960/1494 .event anyedge, v0x557bd010a300_5975, v0x557bd010a300_5976, v0x557bd010a300_5977, v0x557bd010a300_5978;
v0x557bd010a300_5979 .array/port v0x557bd010a300, 5979;
v0x557bd010a300_5980 .array/port v0x557bd010a300, 5980;
v0x557bd010a300_5981 .array/port v0x557bd010a300, 5981;
v0x557bd010a300_5982 .array/port v0x557bd010a300, 5982;
E_0x557bd010b960/1495 .event anyedge, v0x557bd010a300_5979, v0x557bd010a300_5980, v0x557bd010a300_5981, v0x557bd010a300_5982;
v0x557bd010a300_5983 .array/port v0x557bd010a300, 5983;
v0x557bd010a300_5984 .array/port v0x557bd010a300, 5984;
v0x557bd010a300_5985 .array/port v0x557bd010a300, 5985;
v0x557bd010a300_5986 .array/port v0x557bd010a300, 5986;
E_0x557bd010b960/1496 .event anyedge, v0x557bd010a300_5983, v0x557bd010a300_5984, v0x557bd010a300_5985, v0x557bd010a300_5986;
v0x557bd010a300_5987 .array/port v0x557bd010a300, 5987;
v0x557bd010a300_5988 .array/port v0x557bd010a300, 5988;
v0x557bd010a300_5989 .array/port v0x557bd010a300, 5989;
v0x557bd010a300_5990 .array/port v0x557bd010a300, 5990;
E_0x557bd010b960/1497 .event anyedge, v0x557bd010a300_5987, v0x557bd010a300_5988, v0x557bd010a300_5989, v0x557bd010a300_5990;
v0x557bd010a300_5991 .array/port v0x557bd010a300, 5991;
v0x557bd010a300_5992 .array/port v0x557bd010a300, 5992;
v0x557bd010a300_5993 .array/port v0x557bd010a300, 5993;
v0x557bd010a300_5994 .array/port v0x557bd010a300, 5994;
E_0x557bd010b960/1498 .event anyedge, v0x557bd010a300_5991, v0x557bd010a300_5992, v0x557bd010a300_5993, v0x557bd010a300_5994;
v0x557bd010a300_5995 .array/port v0x557bd010a300, 5995;
v0x557bd010a300_5996 .array/port v0x557bd010a300, 5996;
v0x557bd010a300_5997 .array/port v0x557bd010a300, 5997;
v0x557bd010a300_5998 .array/port v0x557bd010a300, 5998;
E_0x557bd010b960/1499 .event anyedge, v0x557bd010a300_5995, v0x557bd010a300_5996, v0x557bd010a300_5997, v0x557bd010a300_5998;
v0x557bd010a300_5999 .array/port v0x557bd010a300, 5999;
v0x557bd010a300_6000 .array/port v0x557bd010a300, 6000;
v0x557bd010a300_6001 .array/port v0x557bd010a300, 6001;
v0x557bd010a300_6002 .array/port v0x557bd010a300, 6002;
E_0x557bd010b960/1500 .event anyedge, v0x557bd010a300_5999, v0x557bd010a300_6000, v0x557bd010a300_6001, v0x557bd010a300_6002;
v0x557bd010a300_6003 .array/port v0x557bd010a300, 6003;
v0x557bd010a300_6004 .array/port v0x557bd010a300, 6004;
v0x557bd010a300_6005 .array/port v0x557bd010a300, 6005;
v0x557bd010a300_6006 .array/port v0x557bd010a300, 6006;
E_0x557bd010b960/1501 .event anyedge, v0x557bd010a300_6003, v0x557bd010a300_6004, v0x557bd010a300_6005, v0x557bd010a300_6006;
v0x557bd010a300_6007 .array/port v0x557bd010a300, 6007;
v0x557bd010a300_6008 .array/port v0x557bd010a300, 6008;
v0x557bd010a300_6009 .array/port v0x557bd010a300, 6009;
v0x557bd010a300_6010 .array/port v0x557bd010a300, 6010;
E_0x557bd010b960/1502 .event anyedge, v0x557bd010a300_6007, v0x557bd010a300_6008, v0x557bd010a300_6009, v0x557bd010a300_6010;
v0x557bd010a300_6011 .array/port v0x557bd010a300, 6011;
v0x557bd010a300_6012 .array/port v0x557bd010a300, 6012;
v0x557bd010a300_6013 .array/port v0x557bd010a300, 6013;
v0x557bd010a300_6014 .array/port v0x557bd010a300, 6014;
E_0x557bd010b960/1503 .event anyedge, v0x557bd010a300_6011, v0x557bd010a300_6012, v0x557bd010a300_6013, v0x557bd010a300_6014;
v0x557bd010a300_6015 .array/port v0x557bd010a300, 6015;
v0x557bd010a300_6016 .array/port v0x557bd010a300, 6016;
v0x557bd010a300_6017 .array/port v0x557bd010a300, 6017;
v0x557bd010a300_6018 .array/port v0x557bd010a300, 6018;
E_0x557bd010b960/1504 .event anyedge, v0x557bd010a300_6015, v0x557bd010a300_6016, v0x557bd010a300_6017, v0x557bd010a300_6018;
v0x557bd010a300_6019 .array/port v0x557bd010a300, 6019;
v0x557bd010a300_6020 .array/port v0x557bd010a300, 6020;
v0x557bd010a300_6021 .array/port v0x557bd010a300, 6021;
v0x557bd010a300_6022 .array/port v0x557bd010a300, 6022;
E_0x557bd010b960/1505 .event anyedge, v0x557bd010a300_6019, v0x557bd010a300_6020, v0x557bd010a300_6021, v0x557bd010a300_6022;
v0x557bd010a300_6023 .array/port v0x557bd010a300, 6023;
v0x557bd010a300_6024 .array/port v0x557bd010a300, 6024;
v0x557bd010a300_6025 .array/port v0x557bd010a300, 6025;
v0x557bd010a300_6026 .array/port v0x557bd010a300, 6026;
E_0x557bd010b960/1506 .event anyedge, v0x557bd010a300_6023, v0x557bd010a300_6024, v0x557bd010a300_6025, v0x557bd010a300_6026;
v0x557bd010a300_6027 .array/port v0x557bd010a300, 6027;
v0x557bd010a300_6028 .array/port v0x557bd010a300, 6028;
v0x557bd010a300_6029 .array/port v0x557bd010a300, 6029;
v0x557bd010a300_6030 .array/port v0x557bd010a300, 6030;
E_0x557bd010b960/1507 .event anyedge, v0x557bd010a300_6027, v0x557bd010a300_6028, v0x557bd010a300_6029, v0x557bd010a300_6030;
v0x557bd010a300_6031 .array/port v0x557bd010a300, 6031;
v0x557bd010a300_6032 .array/port v0x557bd010a300, 6032;
v0x557bd010a300_6033 .array/port v0x557bd010a300, 6033;
v0x557bd010a300_6034 .array/port v0x557bd010a300, 6034;
E_0x557bd010b960/1508 .event anyedge, v0x557bd010a300_6031, v0x557bd010a300_6032, v0x557bd010a300_6033, v0x557bd010a300_6034;
v0x557bd010a300_6035 .array/port v0x557bd010a300, 6035;
v0x557bd010a300_6036 .array/port v0x557bd010a300, 6036;
v0x557bd010a300_6037 .array/port v0x557bd010a300, 6037;
v0x557bd010a300_6038 .array/port v0x557bd010a300, 6038;
E_0x557bd010b960/1509 .event anyedge, v0x557bd010a300_6035, v0x557bd010a300_6036, v0x557bd010a300_6037, v0x557bd010a300_6038;
v0x557bd010a300_6039 .array/port v0x557bd010a300, 6039;
v0x557bd010a300_6040 .array/port v0x557bd010a300, 6040;
v0x557bd010a300_6041 .array/port v0x557bd010a300, 6041;
v0x557bd010a300_6042 .array/port v0x557bd010a300, 6042;
E_0x557bd010b960/1510 .event anyedge, v0x557bd010a300_6039, v0x557bd010a300_6040, v0x557bd010a300_6041, v0x557bd010a300_6042;
v0x557bd010a300_6043 .array/port v0x557bd010a300, 6043;
v0x557bd010a300_6044 .array/port v0x557bd010a300, 6044;
v0x557bd010a300_6045 .array/port v0x557bd010a300, 6045;
v0x557bd010a300_6046 .array/port v0x557bd010a300, 6046;
E_0x557bd010b960/1511 .event anyedge, v0x557bd010a300_6043, v0x557bd010a300_6044, v0x557bd010a300_6045, v0x557bd010a300_6046;
v0x557bd010a300_6047 .array/port v0x557bd010a300, 6047;
v0x557bd010a300_6048 .array/port v0x557bd010a300, 6048;
v0x557bd010a300_6049 .array/port v0x557bd010a300, 6049;
v0x557bd010a300_6050 .array/port v0x557bd010a300, 6050;
E_0x557bd010b960/1512 .event anyedge, v0x557bd010a300_6047, v0x557bd010a300_6048, v0x557bd010a300_6049, v0x557bd010a300_6050;
v0x557bd010a300_6051 .array/port v0x557bd010a300, 6051;
v0x557bd010a300_6052 .array/port v0x557bd010a300, 6052;
v0x557bd010a300_6053 .array/port v0x557bd010a300, 6053;
v0x557bd010a300_6054 .array/port v0x557bd010a300, 6054;
E_0x557bd010b960/1513 .event anyedge, v0x557bd010a300_6051, v0x557bd010a300_6052, v0x557bd010a300_6053, v0x557bd010a300_6054;
v0x557bd010a300_6055 .array/port v0x557bd010a300, 6055;
v0x557bd010a300_6056 .array/port v0x557bd010a300, 6056;
v0x557bd010a300_6057 .array/port v0x557bd010a300, 6057;
v0x557bd010a300_6058 .array/port v0x557bd010a300, 6058;
E_0x557bd010b960/1514 .event anyedge, v0x557bd010a300_6055, v0x557bd010a300_6056, v0x557bd010a300_6057, v0x557bd010a300_6058;
v0x557bd010a300_6059 .array/port v0x557bd010a300, 6059;
v0x557bd010a300_6060 .array/port v0x557bd010a300, 6060;
v0x557bd010a300_6061 .array/port v0x557bd010a300, 6061;
v0x557bd010a300_6062 .array/port v0x557bd010a300, 6062;
E_0x557bd010b960/1515 .event anyedge, v0x557bd010a300_6059, v0x557bd010a300_6060, v0x557bd010a300_6061, v0x557bd010a300_6062;
v0x557bd010a300_6063 .array/port v0x557bd010a300, 6063;
v0x557bd010a300_6064 .array/port v0x557bd010a300, 6064;
v0x557bd010a300_6065 .array/port v0x557bd010a300, 6065;
v0x557bd010a300_6066 .array/port v0x557bd010a300, 6066;
E_0x557bd010b960/1516 .event anyedge, v0x557bd010a300_6063, v0x557bd010a300_6064, v0x557bd010a300_6065, v0x557bd010a300_6066;
v0x557bd010a300_6067 .array/port v0x557bd010a300, 6067;
v0x557bd010a300_6068 .array/port v0x557bd010a300, 6068;
v0x557bd010a300_6069 .array/port v0x557bd010a300, 6069;
v0x557bd010a300_6070 .array/port v0x557bd010a300, 6070;
E_0x557bd010b960/1517 .event anyedge, v0x557bd010a300_6067, v0x557bd010a300_6068, v0x557bd010a300_6069, v0x557bd010a300_6070;
v0x557bd010a300_6071 .array/port v0x557bd010a300, 6071;
v0x557bd010a300_6072 .array/port v0x557bd010a300, 6072;
v0x557bd010a300_6073 .array/port v0x557bd010a300, 6073;
v0x557bd010a300_6074 .array/port v0x557bd010a300, 6074;
E_0x557bd010b960/1518 .event anyedge, v0x557bd010a300_6071, v0x557bd010a300_6072, v0x557bd010a300_6073, v0x557bd010a300_6074;
v0x557bd010a300_6075 .array/port v0x557bd010a300, 6075;
v0x557bd010a300_6076 .array/port v0x557bd010a300, 6076;
v0x557bd010a300_6077 .array/port v0x557bd010a300, 6077;
v0x557bd010a300_6078 .array/port v0x557bd010a300, 6078;
E_0x557bd010b960/1519 .event anyedge, v0x557bd010a300_6075, v0x557bd010a300_6076, v0x557bd010a300_6077, v0x557bd010a300_6078;
v0x557bd010a300_6079 .array/port v0x557bd010a300, 6079;
v0x557bd010a300_6080 .array/port v0x557bd010a300, 6080;
v0x557bd010a300_6081 .array/port v0x557bd010a300, 6081;
v0x557bd010a300_6082 .array/port v0x557bd010a300, 6082;
E_0x557bd010b960/1520 .event anyedge, v0x557bd010a300_6079, v0x557bd010a300_6080, v0x557bd010a300_6081, v0x557bd010a300_6082;
v0x557bd010a300_6083 .array/port v0x557bd010a300, 6083;
v0x557bd010a300_6084 .array/port v0x557bd010a300, 6084;
v0x557bd010a300_6085 .array/port v0x557bd010a300, 6085;
v0x557bd010a300_6086 .array/port v0x557bd010a300, 6086;
E_0x557bd010b960/1521 .event anyedge, v0x557bd010a300_6083, v0x557bd010a300_6084, v0x557bd010a300_6085, v0x557bd010a300_6086;
v0x557bd010a300_6087 .array/port v0x557bd010a300, 6087;
v0x557bd010a300_6088 .array/port v0x557bd010a300, 6088;
v0x557bd010a300_6089 .array/port v0x557bd010a300, 6089;
v0x557bd010a300_6090 .array/port v0x557bd010a300, 6090;
E_0x557bd010b960/1522 .event anyedge, v0x557bd010a300_6087, v0x557bd010a300_6088, v0x557bd010a300_6089, v0x557bd010a300_6090;
v0x557bd010a300_6091 .array/port v0x557bd010a300, 6091;
v0x557bd010a300_6092 .array/port v0x557bd010a300, 6092;
v0x557bd010a300_6093 .array/port v0x557bd010a300, 6093;
v0x557bd010a300_6094 .array/port v0x557bd010a300, 6094;
E_0x557bd010b960/1523 .event anyedge, v0x557bd010a300_6091, v0x557bd010a300_6092, v0x557bd010a300_6093, v0x557bd010a300_6094;
v0x557bd010a300_6095 .array/port v0x557bd010a300, 6095;
v0x557bd010a300_6096 .array/port v0x557bd010a300, 6096;
v0x557bd010a300_6097 .array/port v0x557bd010a300, 6097;
v0x557bd010a300_6098 .array/port v0x557bd010a300, 6098;
E_0x557bd010b960/1524 .event anyedge, v0x557bd010a300_6095, v0x557bd010a300_6096, v0x557bd010a300_6097, v0x557bd010a300_6098;
v0x557bd010a300_6099 .array/port v0x557bd010a300, 6099;
v0x557bd010a300_6100 .array/port v0x557bd010a300, 6100;
v0x557bd010a300_6101 .array/port v0x557bd010a300, 6101;
v0x557bd010a300_6102 .array/port v0x557bd010a300, 6102;
E_0x557bd010b960/1525 .event anyedge, v0x557bd010a300_6099, v0x557bd010a300_6100, v0x557bd010a300_6101, v0x557bd010a300_6102;
v0x557bd010a300_6103 .array/port v0x557bd010a300, 6103;
v0x557bd010a300_6104 .array/port v0x557bd010a300, 6104;
v0x557bd010a300_6105 .array/port v0x557bd010a300, 6105;
v0x557bd010a300_6106 .array/port v0x557bd010a300, 6106;
E_0x557bd010b960/1526 .event anyedge, v0x557bd010a300_6103, v0x557bd010a300_6104, v0x557bd010a300_6105, v0x557bd010a300_6106;
v0x557bd010a300_6107 .array/port v0x557bd010a300, 6107;
v0x557bd010a300_6108 .array/port v0x557bd010a300, 6108;
v0x557bd010a300_6109 .array/port v0x557bd010a300, 6109;
v0x557bd010a300_6110 .array/port v0x557bd010a300, 6110;
E_0x557bd010b960/1527 .event anyedge, v0x557bd010a300_6107, v0x557bd010a300_6108, v0x557bd010a300_6109, v0x557bd010a300_6110;
v0x557bd010a300_6111 .array/port v0x557bd010a300, 6111;
v0x557bd010a300_6112 .array/port v0x557bd010a300, 6112;
v0x557bd010a300_6113 .array/port v0x557bd010a300, 6113;
v0x557bd010a300_6114 .array/port v0x557bd010a300, 6114;
E_0x557bd010b960/1528 .event anyedge, v0x557bd010a300_6111, v0x557bd010a300_6112, v0x557bd010a300_6113, v0x557bd010a300_6114;
v0x557bd010a300_6115 .array/port v0x557bd010a300, 6115;
v0x557bd010a300_6116 .array/port v0x557bd010a300, 6116;
v0x557bd010a300_6117 .array/port v0x557bd010a300, 6117;
v0x557bd010a300_6118 .array/port v0x557bd010a300, 6118;
E_0x557bd010b960/1529 .event anyedge, v0x557bd010a300_6115, v0x557bd010a300_6116, v0x557bd010a300_6117, v0x557bd010a300_6118;
v0x557bd010a300_6119 .array/port v0x557bd010a300, 6119;
v0x557bd010a300_6120 .array/port v0x557bd010a300, 6120;
v0x557bd010a300_6121 .array/port v0x557bd010a300, 6121;
v0x557bd010a300_6122 .array/port v0x557bd010a300, 6122;
E_0x557bd010b960/1530 .event anyedge, v0x557bd010a300_6119, v0x557bd010a300_6120, v0x557bd010a300_6121, v0x557bd010a300_6122;
v0x557bd010a300_6123 .array/port v0x557bd010a300, 6123;
v0x557bd010a300_6124 .array/port v0x557bd010a300, 6124;
v0x557bd010a300_6125 .array/port v0x557bd010a300, 6125;
v0x557bd010a300_6126 .array/port v0x557bd010a300, 6126;
E_0x557bd010b960/1531 .event anyedge, v0x557bd010a300_6123, v0x557bd010a300_6124, v0x557bd010a300_6125, v0x557bd010a300_6126;
v0x557bd010a300_6127 .array/port v0x557bd010a300, 6127;
v0x557bd010a300_6128 .array/port v0x557bd010a300, 6128;
v0x557bd010a300_6129 .array/port v0x557bd010a300, 6129;
v0x557bd010a300_6130 .array/port v0x557bd010a300, 6130;
E_0x557bd010b960/1532 .event anyedge, v0x557bd010a300_6127, v0x557bd010a300_6128, v0x557bd010a300_6129, v0x557bd010a300_6130;
v0x557bd010a300_6131 .array/port v0x557bd010a300, 6131;
v0x557bd010a300_6132 .array/port v0x557bd010a300, 6132;
v0x557bd010a300_6133 .array/port v0x557bd010a300, 6133;
v0x557bd010a300_6134 .array/port v0x557bd010a300, 6134;
E_0x557bd010b960/1533 .event anyedge, v0x557bd010a300_6131, v0x557bd010a300_6132, v0x557bd010a300_6133, v0x557bd010a300_6134;
v0x557bd010a300_6135 .array/port v0x557bd010a300, 6135;
v0x557bd010a300_6136 .array/port v0x557bd010a300, 6136;
v0x557bd010a300_6137 .array/port v0x557bd010a300, 6137;
v0x557bd010a300_6138 .array/port v0x557bd010a300, 6138;
E_0x557bd010b960/1534 .event anyedge, v0x557bd010a300_6135, v0x557bd010a300_6136, v0x557bd010a300_6137, v0x557bd010a300_6138;
v0x557bd010a300_6139 .array/port v0x557bd010a300, 6139;
v0x557bd010a300_6140 .array/port v0x557bd010a300, 6140;
v0x557bd010a300_6141 .array/port v0x557bd010a300, 6141;
v0x557bd010a300_6142 .array/port v0x557bd010a300, 6142;
E_0x557bd010b960/1535 .event anyedge, v0x557bd010a300_6139, v0x557bd010a300_6140, v0x557bd010a300_6141, v0x557bd010a300_6142;
v0x557bd010a300_6143 .array/port v0x557bd010a300, 6143;
v0x557bd010a300_6144 .array/port v0x557bd010a300, 6144;
v0x557bd010a300_6145 .array/port v0x557bd010a300, 6145;
v0x557bd010a300_6146 .array/port v0x557bd010a300, 6146;
E_0x557bd010b960/1536 .event anyedge, v0x557bd010a300_6143, v0x557bd010a300_6144, v0x557bd010a300_6145, v0x557bd010a300_6146;
v0x557bd010a300_6147 .array/port v0x557bd010a300, 6147;
v0x557bd010a300_6148 .array/port v0x557bd010a300, 6148;
v0x557bd010a300_6149 .array/port v0x557bd010a300, 6149;
v0x557bd010a300_6150 .array/port v0x557bd010a300, 6150;
E_0x557bd010b960/1537 .event anyedge, v0x557bd010a300_6147, v0x557bd010a300_6148, v0x557bd010a300_6149, v0x557bd010a300_6150;
v0x557bd010a300_6151 .array/port v0x557bd010a300, 6151;
v0x557bd010a300_6152 .array/port v0x557bd010a300, 6152;
v0x557bd010a300_6153 .array/port v0x557bd010a300, 6153;
v0x557bd010a300_6154 .array/port v0x557bd010a300, 6154;
E_0x557bd010b960/1538 .event anyedge, v0x557bd010a300_6151, v0x557bd010a300_6152, v0x557bd010a300_6153, v0x557bd010a300_6154;
v0x557bd010a300_6155 .array/port v0x557bd010a300, 6155;
v0x557bd010a300_6156 .array/port v0x557bd010a300, 6156;
v0x557bd010a300_6157 .array/port v0x557bd010a300, 6157;
v0x557bd010a300_6158 .array/port v0x557bd010a300, 6158;
E_0x557bd010b960/1539 .event anyedge, v0x557bd010a300_6155, v0x557bd010a300_6156, v0x557bd010a300_6157, v0x557bd010a300_6158;
v0x557bd010a300_6159 .array/port v0x557bd010a300, 6159;
v0x557bd010a300_6160 .array/port v0x557bd010a300, 6160;
v0x557bd010a300_6161 .array/port v0x557bd010a300, 6161;
v0x557bd010a300_6162 .array/port v0x557bd010a300, 6162;
E_0x557bd010b960/1540 .event anyedge, v0x557bd010a300_6159, v0x557bd010a300_6160, v0x557bd010a300_6161, v0x557bd010a300_6162;
v0x557bd010a300_6163 .array/port v0x557bd010a300, 6163;
v0x557bd010a300_6164 .array/port v0x557bd010a300, 6164;
v0x557bd010a300_6165 .array/port v0x557bd010a300, 6165;
v0x557bd010a300_6166 .array/port v0x557bd010a300, 6166;
E_0x557bd010b960/1541 .event anyedge, v0x557bd010a300_6163, v0x557bd010a300_6164, v0x557bd010a300_6165, v0x557bd010a300_6166;
v0x557bd010a300_6167 .array/port v0x557bd010a300, 6167;
v0x557bd010a300_6168 .array/port v0x557bd010a300, 6168;
v0x557bd010a300_6169 .array/port v0x557bd010a300, 6169;
v0x557bd010a300_6170 .array/port v0x557bd010a300, 6170;
E_0x557bd010b960/1542 .event anyedge, v0x557bd010a300_6167, v0x557bd010a300_6168, v0x557bd010a300_6169, v0x557bd010a300_6170;
v0x557bd010a300_6171 .array/port v0x557bd010a300, 6171;
v0x557bd010a300_6172 .array/port v0x557bd010a300, 6172;
v0x557bd010a300_6173 .array/port v0x557bd010a300, 6173;
v0x557bd010a300_6174 .array/port v0x557bd010a300, 6174;
E_0x557bd010b960/1543 .event anyedge, v0x557bd010a300_6171, v0x557bd010a300_6172, v0x557bd010a300_6173, v0x557bd010a300_6174;
v0x557bd010a300_6175 .array/port v0x557bd010a300, 6175;
v0x557bd010a300_6176 .array/port v0x557bd010a300, 6176;
v0x557bd010a300_6177 .array/port v0x557bd010a300, 6177;
v0x557bd010a300_6178 .array/port v0x557bd010a300, 6178;
E_0x557bd010b960/1544 .event anyedge, v0x557bd010a300_6175, v0x557bd010a300_6176, v0x557bd010a300_6177, v0x557bd010a300_6178;
v0x557bd010a300_6179 .array/port v0x557bd010a300, 6179;
v0x557bd010a300_6180 .array/port v0x557bd010a300, 6180;
v0x557bd010a300_6181 .array/port v0x557bd010a300, 6181;
v0x557bd010a300_6182 .array/port v0x557bd010a300, 6182;
E_0x557bd010b960/1545 .event anyedge, v0x557bd010a300_6179, v0x557bd010a300_6180, v0x557bd010a300_6181, v0x557bd010a300_6182;
v0x557bd010a300_6183 .array/port v0x557bd010a300, 6183;
v0x557bd010a300_6184 .array/port v0x557bd010a300, 6184;
v0x557bd010a300_6185 .array/port v0x557bd010a300, 6185;
v0x557bd010a300_6186 .array/port v0x557bd010a300, 6186;
E_0x557bd010b960/1546 .event anyedge, v0x557bd010a300_6183, v0x557bd010a300_6184, v0x557bd010a300_6185, v0x557bd010a300_6186;
v0x557bd010a300_6187 .array/port v0x557bd010a300, 6187;
v0x557bd010a300_6188 .array/port v0x557bd010a300, 6188;
v0x557bd010a300_6189 .array/port v0x557bd010a300, 6189;
v0x557bd010a300_6190 .array/port v0x557bd010a300, 6190;
E_0x557bd010b960/1547 .event anyedge, v0x557bd010a300_6187, v0x557bd010a300_6188, v0x557bd010a300_6189, v0x557bd010a300_6190;
v0x557bd010a300_6191 .array/port v0x557bd010a300, 6191;
v0x557bd010a300_6192 .array/port v0x557bd010a300, 6192;
v0x557bd010a300_6193 .array/port v0x557bd010a300, 6193;
v0x557bd010a300_6194 .array/port v0x557bd010a300, 6194;
E_0x557bd010b960/1548 .event anyedge, v0x557bd010a300_6191, v0x557bd010a300_6192, v0x557bd010a300_6193, v0x557bd010a300_6194;
v0x557bd010a300_6195 .array/port v0x557bd010a300, 6195;
v0x557bd010a300_6196 .array/port v0x557bd010a300, 6196;
v0x557bd010a300_6197 .array/port v0x557bd010a300, 6197;
v0x557bd010a300_6198 .array/port v0x557bd010a300, 6198;
E_0x557bd010b960/1549 .event anyedge, v0x557bd010a300_6195, v0x557bd010a300_6196, v0x557bd010a300_6197, v0x557bd010a300_6198;
v0x557bd010a300_6199 .array/port v0x557bd010a300, 6199;
v0x557bd010a300_6200 .array/port v0x557bd010a300, 6200;
v0x557bd010a300_6201 .array/port v0x557bd010a300, 6201;
v0x557bd010a300_6202 .array/port v0x557bd010a300, 6202;
E_0x557bd010b960/1550 .event anyedge, v0x557bd010a300_6199, v0x557bd010a300_6200, v0x557bd010a300_6201, v0x557bd010a300_6202;
v0x557bd010a300_6203 .array/port v0x557bd010a300, 6203;
v0x557bd010a300_6204 .array/port v0x557bd010a300, 6204;
v0x557bd010a300_6205 .array/port v0x557bd010a300, 6205;
v0x557bd010a300_6206 .array/port v0x557bd010a300, 6206;
E_0x557bd010b960/1551 .event anyedge, v0x557bd010a300_6203, v0x557bd010a300_6204, v0x557bd010a300_6205, v0x557bd010a300_6206;
v0x557bd010a300_6207 .array/port v0x557bd010a300, 6207;
v0x557bd010a300_6208 .array/port v0x557bd010a300, 6208;
v0x557bd010a300_6209 .array/port v0x557bd010a300, 6209;
v0x557bd010a300_6210 .array/port v0x557bd010a300, 6210;
E_0x557bd010b960/1552 .event anyedge, v0x557bd010a300_6207, v0x557bd010a300_6208, v0x557bd010a300_6209, v0x557bd010a300_6210;
v0x557bd010a300_6211 .array/port v0x557bd010a300, 6211;
v0x557bd010a300_6212 .array/port v0x557bd010a300, 6212;
v0x557bd010a300_6213 .array/port v0x557bd010a300, 6213;
v0x557bd010a300_6214 .array/port v0x557bd010a300, 6214;
E_0x557bd010b960/1553 .event anyedge, v0x557bd010a300_6211, v0x557bd010a300_6212, v0x557bd010a300_6213, v0x557bd010a300_6214;
v0x557bd010a300_6215 .array/port v0x557bd010a300, 6215;
v0x557bd010a300_6216 .array/port v0x557bd010a300, 6216;
v0x557bd010a300_6217 .array/port v0x557bd010a300, 6217;
v0x557bd010a300_6218 .array/port v0x557bd010a300, 6218;
E_0x557bd010b960/1554 .event anyedge, v0x557bd010a300_6215, v0x557bd010a300_6216, v0x557bd010a300_6217, v0x557bd010a300_6218;
v0x557bd010a300_6219 .array/port v0x557bd010a300, 6219;
v0x557bd010a300_6220 .array/port v0x557bd010a300, 6220;
v0x557bd010a300_6221 .array/port v0x557bd010a300, 6221;
v0x557bd010a300_6222 .array/port v0x557bd010a300, 6222;
E_0x557bd010b960/1555 .event anyedge, v0x557bd010a300_6219, v0x557bd010a300_6220, v0x557bd010a300_6221, v0x557bd010a300_6222;
v0x557bd010a300_6223 .array/port v0x557bd010a300, 6223;
v0x557bd010a300_6224 .array/port v0x557bd010a300, 6224;
v0x557bd010a300_6225 .array/port v0x557bd010a300, 6225;
v0x557bd010a300_6226 .array/port v0x557bd010a300, 6226;
E_0x557bd010b960/1556 .event anyedge, v0x557bd010a300_6223, v0x557bd010a300_6224, v0x557bd010a300_6225, v0x557bd010a300_6226;
v0x557bd010a300_6227 .array/port v0x557bd010a300, 6227;
v0x557bd010a300_6228 .array/port v0x557bd010a300, 6228;
v0x557bd010a300_6229 .array/port v0x557bd010a300, 6229;
v0x557bd010a300_6230 .array/port v0x557bd010a300, 6230;
E_0x557bd010b960/1557 .event anyedge, v0x557bd010a300_6227, v0x557bd010a300_6228, v0x557bd010a300_6229, v0x557bd010a300_6230;
v0x557bd010a300_6231 .array/port v0x557bd010a300, 6231;
v0x557bd010a300_6232 .array/port v0x557bd010a300, 6232;
v0x557bd010a300_6233 .array/port v0x557bd010a300, 6233;
v0x557bd010a300_6234 .array/port v0x557bd010a300, 6234;
E_0x557bd010b960/1558 .event anyedge, v0x557bd010a300_6231, v0x557bd010a300_6232, v0x557bd010a300_6233, v0x557bd010a300_6234;
v0x557bd010a300_6235 .array/port v0x557bd010a300, 6235;
v0x557bd010a300_6236 .array/port v0x557bd010a300, 6236;
v0x557bd010a300_6237 .array/port v0x557bd010a300, 6237;
v0x557bd010a300_6238 .array/port v0x557bd010a300, 6238;
E_0x557bd010b960/1559 .event anyedge, v0x557bd010a300_6235, v0x557bd010a300_6236, v0x557bd010a300_6237, v0x557bd010a300_6238;
v0x557bd010a300_6239 .array/port v0x557bd010a300, 6239;
v0x557bd010a300_6240 .array/port v0x557bd010a300, 6240;
v0x557bd010a300_6241 .array/port v0x557bd010a300, 6241;
v0x557bd010a300_6242 .array/port v0x557bd010a300, 6242;
E_0x557bd010b960/1560 .event anyedge, v0x557bd010a300_6239, v0x557bd010a300_6240, v0x557bd010a300_6241, v0x557bd010a300_6242;
v0x557bd010a300_6243 .array/port v0x557bd010a300, 6243;
v0x557bd010a300_6244 .array/port v0x557bd010a300, 6244;
v0x557bd010a300_6245 .array/port v0x557bd010a300, 6245;
v0x557bd010a300_6246 .array/port v0x557bd010a300, 6246;
E_0x557bd010b960/1561 .event anyedge, v0x557bd010a300_6243, v0x557bd010a300_6244, v0x557bd010a300_6245, v0x557bd010a300_6246;
v0x557bd010a300_6247 .array/port v0x557bd010a300, 6247;
v0x557bd010a300_6248 .array/port v0x557bd010a300, 6248;
v0x557bd010a300_6249 .array/port v0x557bd010a300, 6249;
v0x557bd010a300_6250 .array/port v0x557bd010a300, 6250;
E_0x557bd010b960/1562 .event anyedge, v0x557bd010a300_6247, v0x557bd010a300_6248, v0x557bd010a300_6249, v0x557bd010a300_6250;
v0x557bd010a300_6251 .array/port v0x557bd010a300, 6251;
v0x557bd010a300_6252 .array/port v0x557bd010a300, 6252;
v0x557bd010a300_6253 .array/port v0x557bd010a300, 6253;
v0x557bd010a300_6254 .array/port v0x557bd010a300, 6254;
E_0x557bd010b960/1563 .event anyedge, v0x557bd010a300_6251, v0x557bd010a300_6252, v0x557bd010a300_6253, v0x557bd010a300_6254;
v0x557bd010a300_6255 .array/port v0x557bd010a300, 6255;
v0x557bd010a300_6256 .array/port v0x557bd010a300, 6256;
v0x557bd010a300_6257 .array/port v0x557bd010a300, 6257;
v0x557bd010a300_6258 .array/port v0x557bd010a300, 6258;
E_0x557bd010b960/1564 .event anyedge, v0x557bd010a300_6255, v0x557bd010a300_6256, v0x557bd010a300_6257, v0x557bd010a300_6258;
v0x557bd010a300_6259 .array/port v0x557bd010a300, 6259;
v0x557bd010a300_6260 .array/port v0x557bd010a300, 6260;
v0x557bd010a300_6261 .array/port v0x557bd010a300, 6261;
v0x557bd010a300_6262 .array/port v0x557bd010a300, 6262;
E_0x557bd010b960/1565 .event anyedge, v0x557bd010a300_6259, v0x557bd010a300_6260, v0x557bd010a300_6261, v0x557bd010a300_6262;
v0x557bd010a300_6263 .array/port v0x557bd010a300, 6263;
v0x557bd010a300_6264 .array/port v0x557bd010a300, 6264;
v0x557bd010a300_6265 .array/port v0x557bd010a300, 6265;
v0x557bd010a300_6266 .array/port v0x557bd010a300, 6266;
E_0x557bd010b960/1566 .event anyedge, v0x557bd010a300_6263, v0x557bd010a300_6264, v0x557bd010a300_6265, v0x557bd010a300_6266;
v0x557bd010a300_6267 .array/port v0x557bd010a300, 6267;
v0x557bd010a300_6268 .array/port v0x557bd010a300, 6268;
v0x557bd010a300_6269 .array/port v0x557bd010a300, 6269;
v0x557bd010a300_6270 .array/port v0x557bd010a300, 6270;
E_0x557bd010b960/1567 .event anyedge, v0x557bd010a300_6267, v0x557bd010a300_6268, v0x557bd010a300_6269, v0x557bd010a300_6270;
v0x557bd010a300_6271 .array/port v0x557bd010a300, 6271;
v0x557bd010a300_6272 .array/port v0x557bd010a300, 6272;
v0x557bd010a300_6273 .array/port v0x557bd010a300, 6273;
v0x557bd010a300_6274 .array/port v0x557bd010a300, 6274;
E_0x557bd010b960/1568 .event anyedge, v0x557bd010a300_6271, v0x557bd010a300_6272, v0x557bd010a300_6273, v0x557bd010a300_6274;
v0x557bd010a300_6275 .array/port v0x557bd010a300, 6275;
v0x557bd010a300_6276 .array/port v0x557bd010a300, 6276;
v0x557bd010a300_6277 .array/port v0x557bd010a300, 6277;
v0x557bd010a300_6278 .array/port v0x557bd010a300, 6278;
E_0x557bd010b960/1569 .event anyedge, v0x557bd010a300_6275, v0x557bd010a300_6276, v0x557bd010a300_6277, v0x557bd010a300_6278;
v0x557bd010a300_6279 .array/port v0x557bd010a300, 6279;
v0x557bd010a300_6280 .array/port v0x557bd010a300, 6280;
v0x557bd010a300_6281 .array/port v0x557bd010a300, 6281;
v0x557bd010a300_6282 .array/port v0x557bd010a300, 6282;
E_0x557bd010b960/1570 .event anyedge, v0x557bd010a300_6279, v0x557bd010a300_6280, v0x557bd010a300_6281, v0x557bd010a300_6282;
v0x557bd010a300_6283 .array/port v0x557bd010a300, 6283;
v0x557bd010a300_6284 .array/port v0x557bd010a300, 6284;
v0x557bd010a300_6285 .array/port v0x557bd010a300, 6285;
v0x557bd010a300_6286 .array/port v0x557bd010a300, 6286;
E_0x557bd010b960/1571 .event anyedge, v0x557bd010a300_6283, v0x557bd010a300_6284, v0x557bd010a300_6285, v0x557bd010a300_6286;
v0x557bd010a300_6287 .array/port v0x557bd010a300, 6287;
v0x557bd010a300_6288 .array/port v0x557bd010a300, 6288;
v0x557bd010a300_6289 .array/port v0x557bd010a300, 6289;
v0x557bd010a300_6290 .array/port v0x557bd010a300, 6290;
E_0x557bd010b960/1572 .event anyedge, v0x557bd010a300_6287, v0x557bd010a300_6288, v0x557bd010a300_6289, v0x557bd010a300_6290;
v0x557bd010a300_6291 .array/port v0x557bd010a300, 6291;
v0x557bd010a300_6292 .array/port v0x557bd010a300, 6292;
v0x557bd010a300_6293 .array/port v0x557bd010a300, 6293;
v0x557bd010a300_6294 .array/port v0x557bd010a300, 6294;
E_0x557bd010b960/1573 .event anyedge, v0x557bd010a300_6291, v0x557bd010a300_6292, v0x557bd010a300_6293, v0x557bd010a300_6294;
v0x557bd010a300_6295 .array/port v0x557bd010a300, 6295;
v0x557bd010a300_6296 .array/port v0x557bd010a300, 6296;
v0x557bd010a300_6297 .array/port v0x557bd010a300, 6297;
v0x557bd010a300_6298 .array/port v0x557bd010a300, 6298;
E_0x557bd010b960/1574 .event anyedge, v0x557bd010a300_6295, v0x557bd010a300_6296, v0x557bd010a300_6297, v0x557bd010a300_6298;
v0x557bd010a300_6299 .array/port v0x557bd010a300, 6299;
v0x557bd010a300_6300 .array/port v0x557bd010a300, 6300;
v0x557bd010a300_6301 .array/port v0x557bd010a300, 6301;
v0x557bd010a300_6302 .array/port v0x557bd010a300, 6302;
E_0x557bd010b960/1575 .event anyedge, v0x557bd010a300_6299, v0x557bd010a300_6300, v0x557bd010a300_6301, v0x557bd010a300_6302;
v0x557bd010a300_6303 .array/port v0x557bd010a300, 6303;
v0x557bd010a300_6304 .array/port v0x557bd010a300, 6304;
v0x557bd010a300_6305 .array/port v0x557bd010a300, 6305;
v0x557bd010a300_6306 .array/port v0x557bd010a300, 6306;
E_0x557bd010b960/1576 .event anyedge, v0x557bd010a300_6303, v0x557bd010a300_6304, v0x557bd010a300_6305, v0x557bd010a300_6306;
v0x557bd010a300_6307 .array/port v0x557bd010a300, 6307;
v0x557bd010a300_6308 .array/port v0x557bd010a300, 6308;
v0x557bd010a300_6309 .array/port v0x557bd010a300, 6309;
v0x557bd010a300_6310 .array/port v0x557bd010a300, 6310;
E_0x557bd010b960/1577 .event anyedge, v0x557bd010a300_6307, v0x557bd010a300_6308, v0x557bd010a300_6309, v0x557bd010a300_6310;
v0x557bd010a300_6311 .array/port v0x557bd010a300, 6311;
v0x557bd010a300_6312 .array/port v0x557bd010a300, 6312;
v0x557bd010a300_6313 .array/port v0x557bd010a300, 6313;
v0x557bd010a300_6314 .array/port v0x557bd010a300, 6314;
E_0x557bd010b960/1578 .event anyedge, v0x557bd010a300_6311, v0x557bd010a300_6312, v0x557bd010a300_6313, v0x557bd010a300_6314;
v0x557bd010a300_6315 .array/port v0x557bd010a300, 6315;
v0x557bd010a300_6316 .array/port v0x557bd010a300, 6316;
v0x557bd010a300_6317 .array/port v0x557bd010a300, 6317;
v0x557bd010a300_6318 .array/port v0x557bd010a300, 6318;
E_0x557bd010b960/1579 .event anyedge, v0x557bd010a300_6315, v0x557bd010a300_6316, v0x557bd010a300_6317, v0x557bd010a300_6318;
v0x557bd010a300_6319 .array/port v0x557bd010a300, 6319;
v0x557bd010a300_6320 .array/port v0x557bd010a300, 6320;
v0x557bd010a300_6321 .array/port v0x557bd010a300, 6321;
v0x557bd010a300_6322 .array/port v0x557bd010a300, 6322;
E_0x557bd010b960/1580 .event anyedge, v0x557bd010a300_6319, v0x557bd010a300_6320, v0x557bd010a300_6321, v0x557bd010a300_6322;
v0x557bd010a300_6323 .array/port v0x557bd010a300, 6323;
v0x557bd010a300_6324 .array/port v0x557bd010a300, 6324;
v0x557bd010a300_6325 .array/port v0x557bd010a300, 6325;
v0x557bd010a300_6326 .array/port v0x557bd010a300, 6326;
E_0x557bd010b960/1581 .event anyedge, v0x557bd010a300_6323, v0x557bd010a300_6324, v0x557bd010a300_6325, v0x557bd010a300_6326;
v0x557bd010a300_6327 .array/port v0x557bd010a300, 6327;
v0x557bd010a300_6328 .array/port v0x557bd010a300, 6328;
v0x557bd010a300_6329 .array/port v0x557bd010a300, 6329;
v0x557bd010a300_6330 .array/port v0x557bd010a300, 6330;
E_0x557bd010b960/1582 .event anyedge, v0x557bd010a300_6327, v0x557bd010a300_6328, v0x557bd010a300_6329, v0x557bd010a300_6330;
v0x557bd010a300_6331 .array/port v0x557bd010a300, 6331;
v0x557bd010a300_6332 .array/port v0x557bd010a300, 6332;
v0x557bd010a300_6333 .array/port v0x557bd010a300, 6333;
v0x557bd010a300_6334 .array/port v0x557bd010a300, 6334;
E_0x557bd010b960/1583 .event anyedge, v0x557bd010a300_6331, v0x557bd010a300_6332, v0x557bd010a300_6333, v0x557bd010a300_6334;
v0x557bd010a300_6335 .array/port v0x557bd010a300, 6335;
v0x557bd010a300_6336 .array/port v0x557bd010a300, 6336;
v0x557bd010a300_6337 .array/port v0x557bd010a300, 6337;
v0x557bd010a300_6338 .array/port v0x557bd010a300, 6338;
E_0x557bd010b960/1584 .event anyedge, v0x557bd010a300_6335, v0x557bd010a300_6336, v0x557bd010a300_6337, v0x557bd010a300_6338;
v0x557bd010a300_6339 .array/port v0x557bd010a300, 6339;
v0x557bd010a300_6340 .array/port v0x557bd010a300, 6340;
v0x557bd010a300_6341 .array/port v0x557bd010a300, 6341;
v0x557bd010a300_6342 .array/port v0x557bd010a300, 6342;
E_0x557bd010b960/1585 .event anyedge, v0x557bd010a300_6339, v0x557bd010a300_6340, v0x557bd010a300_6341, v0x557bd010a300_6342;
v0x557bd010a300_6343 .array/port v0x557bd010a300, 6343;
v0x557bd010a300_6344 .array/port v0x557bd010a300, 6344;
v0x557bd010a300_6345 .array/port v0x557bd010a300, 6345;
v0x557bd010a300_6346 .array/port v0x557bd010a300, 6346;
E_0x557bd010b960/1586 .event anyedge, v0x557bd010a300_6343, v0x557bd010a300_6344, v0x557bd010a300_6345, v0x557bd010a300_6346;
v0x557bd010a300_6347 .array/port v0x557bd010a300, 6347;
v0x557bd010a300_6348 .array/port v0x557bd010a300, 6348;
v0x557bd010a300_6349 .array/port v0x557bd010a300, 6349;
v0x557bd010a300_6350 .array/port v0x557bd010a300, 6350;
E_0x557bd010b960/1587 .event anyedge, v0x557bd010a300_6347, v0x557bd010a300_6348, v0x557bd010a300_6349, v0x557bd010a300_6350;
v0x557bd010a300_6351 .array/port v0x557bd010a300, 6351;
v0x557bd010a300_6352 .array/port v0x557bd010a300, 6352;
v0x557bd010a300_6353 .array/port v0x557bd010a300, 6353;
v0x557bd010a300_6354 .array/port v0x557bd010a300, 6354;
E_0x557bd010b960/1588 .event anyedge, v0x557bd010a300_6351, v0x557bd010a300_6352, v0x557bd010a300_6353, v0x557bd010a300_6354;
v0x557bd010a300_6355 .array/port v0x557bd010a300, 6355;
v0x557bd010a300_6356 .array/port v0x557bd010a300, 6356;
v0x557bd010a300_6357 .array/port v0x557bd010a300, 6357;
v0x557bd010a300_6358 .array/port v0x557bd010a300, 6358;
E_0x557bd010b960/1589 .event anyedge, v0x557bd010a300_6355, v0x557bd010a300_6356, v0x557bd010a300_6357, v0x557bd010a300_6358;
v0x557bd010a300_6359 .array/port v0x557bd010a300, 6359;
v0x557bd010a300_6360 .array/port v0x557bd010a300, 6360;
v0x557bd010a300_6361 .array/port v0x557bd010a300, 6361;
v0x557bd010a300_6362 .array/port v0x557bd010a300, 6362;
E_0x557bd010b960/1590 .event anyedge, v0x557bd010a300_6359, v0x557bd010a300_6360, v0x557bd010a300_6361, v0x557bd010a300_6362;
v0x557bd010a300_6363 .array/port v0x557bd010a300, 6363;
v0x557bd010a300_6364 .array/port v0x557bd010a300, 6364;
v0x557bd010a300_6365 .array/port v0x557bd010a300, 6365;
v0x557bd010a300_6366 .array/port v0x557bd010a300, 6366;
E_0x557bd010b960/1591 .event anyedge, v0x557bd010a300_6363, v0x557bd010a300_6364, v0x557bd010a300_6365, v0x557bd010a300_6366;
v0x557bd010a300_6367 .array/port v0x557bd010a300, 6367;
v0x557bd010a300_6368 .array/port v0x557bd010a300, 6368;
v0x557bd010a300_6369 .array/port v0x557bd010a300, 6369;
v0x557bd010a300_6370 .array/port v0x557bd010a300, 6370;
E_0x557bd010b960/1592 .event anyedge, v0x557bd010a300_6367, v0x557bd010a300_6368, v0x557bd010a300_6369, v0x557bd010a300_6370;
v0x557bd010a300_6371 .array/port v0x557bd010a300, 6371;
v0x557bd010a300_6372 .array/port v0x557bd010a300, 6372;
v0x557bd010a300_6373 .array/port v0x557bd010a300, 6373;
v0x557bd010a300_6374 .array/port v0x557bd010a300, 6374;
E_0x557bd010b960/1593 .event anyedge, v0x557bd010a300_6371, v0x557bd010a300_6372, v0x557bd010a300_6373, v0x557bd010a300_6374;
v0x557bd010a300_6375 .array/port v0x557bd010a300, 6375;
v0x557bd010a300_6376 .array/port v0x557bd010a300, 6376;
v0x557bd010a300_6377 .array/port v0x557bd010a300, 6377;
v0x557bd010a300_6378 .array/port v0x557bd010a300, 6378;
E_0x557bd010b960/1594 .event anyedge, v0x557bd010a300_6375, v0x557bd010a300_6376, v0x557bd010a300_6377, v0x557bd010a300_6378;
v0x557bd010a300_6379 .array/port v0x557bd010a300, 6379;
v0x557bd010a300_6380 .array/port v0x557bd010a300, 6380;
v0x557bd010a300_6381 .array/port v0x557bd010a300, 6381;
v0x557bd010a300_6382 .array/port v0x557bd010a300, 6382;
E_0x557bd010b960/1595 .event anyedge, v0x557bd010a300_6379, v0x557bd010a300_6380, v0x557bd010a300_6381, v0x557bd010a300_6382;
v0x557bd010a300_6383 .array/port v0x557bd010a300, 6383;
v0x557bd010a300_6384 .array/port v0x557bd010a300, 6384;
v0x557bd010a300_6385 .array/port v0x557bd010a300, 6385;
v0x557bd010a300_6386 .array/port v0x557bd010a300, 6386;
E_0x557bd010b960/1596 .event anyedge, v0x557bd010a300_6383, v0x557bd010a300_6384, v0x557bd010a300_6385, v0x557bd010a300_6386;
v0x557bd010a300_6387 .array/port v0x557bd010a300, 6387;
v0x557bd010a300_6388 .array/port v0x557bd010a300, 6388;
v0x557bd010a300_6389 .array/port v0x557bd010a300, 6389;
v0x557bd010a300_6390 .array/port v0x557bd010a300, 6390;
E_0x557bd010b960/1597 .event anyedge, v0x557bd010a300_6387, v0x557bd010a300_6388, v0x557bd010a300_6389, v0x557bd010a300_6390;
v0x557bd010a300_6391 .array/port v0x557bd010a300, 6391;
v0x557bd010a300_6392 .array/port v0x557bd010a300, 6392;
v0x557bd010a300_6393 .array/port v0x557bd010a300, 6393;
v0x557bd010a300_6394 .array/port v0x557bd010a300, 6394;
E_0x557bd010b960/1598 .event anyedge, v0x557bd010a300_6391, v0x557bd010a300_6392, v0x557bd010a300_6393, v0x557bd010a300_6394;
v0x557bd010a300_6395 .array/port v0x557bd010a300, 6395;
v0x557bd010a300_6396 .array/port v0x557bd010a300, 6396;
v0x557bd010a300_6397 .array/port v0x557bd010a300, 6397;
v0x557bd010a300_6398 .array/port v0x557bd010a300, 6398;
E_0x557bd010b960/1599 .event anyedge, v0x557bd010a300_6395, v0x557bd010a300_6396, v0x557bd010a300_6397, v0x557bd010a300_6398;
v0x557bd010a300_6399 .array/port v0x557bd010a300, 6399;
v0x557bd010a300_6400 .array/port v0x557bd010a300, 6400;
v0x557bd010a300_6401 .array/port v0x557bd010a300, 6401;
v0x557bd010a300_6402 .array/port v0x557bd010a300, 6402;
E_0x557bd010b960/1600 .event anyedge, v0x557bd010a300_6399, v0x557bd010a300_6400, v0x557bd010a300_6401, v0x557bd010a300_6402;
v0x557bd010a300_6403 .array/port v0x557bd010a300, 6403;
v0x557bd010a300_6404 .array/port v0x557bd010a300, 6404;
v0x557bd010a300_6405 .array/port v0x557bd010a300, 6405;
v0x557bd010a300_6406 .array/port v0x557bd010a300, 6406;
E_0x557bd010b960/1601 .event anyedge, v0x557bd010a300_6403, v0x557bd010a300_6404, v0x557bd010a300_6405, v0x557bd010a300_6406;
v0x557bd010a300_6407 .array/port v0x557bd010a300, 6407;
v0x557bd010a300_6408 .array/port v0x557bd010a300, 6408;
v0x557bd010a300_6409 .array/port v0x557bd010a300, 6409;
v0x557bd010a300_6410 .array/port v0x557bd010a300, 6410;
E_0x557bd010b960/1602 .event anyedge, v0x557bd010a300_6407, v0x557bd010a300_6408, v0x557bd010a300_6409, v0x557bd010a300_6410;
v0x557bd010a300_6411 .array/port v0x557bd010a300, 6411;
v0x557bd010a300_6412 .array/port v0x557bd010a300, 6412;
v0x557bd010a300_6413 .array/port v0x557bd010a300, 6413;
v0x557bd010a300_6414 .array/port v0x557bd010a300, 6414;
E_0x557bd010b960/1603 .event anyedge, v0x557bd010a300_6411, v0x557bd010a300_6412, v0x557bd010a300_6413, v0x557bd010a300_6414;
v0x557bd010a300_6415 .array/port v0x557bd010a300, 6415;
v0x557bd010a300_6416 .array/port v0x557bd010a300, 6416;
v0x557bd010a300_6417 .array/port v0x557bd010a300, 6417;
v0x557bd010a300_6418 .array/port v0x557bd010a300, 6418;
E_0x557bd010b960/1604 .event anyedge, v0x557bd010a300_6415, v0x557bd010a300_6416, v0x557bd010a300_6417, v0x557bd010a300_6418;
v0x557bd010a300_6419 .array/port v0x557bd010a300, 6419;
v0x557bd010a300_6420 .array/port v0x557bd010a300, 6420;
v0x557bd010a300_6421 .array/port v0x557bd010a300, 6421;
v0x557bd010a300_6422 .array/port v0x557bd010a300, 6422;
E_0x557bd010b960/1605 .event anyedge, v0x557bd010a300_6419, v0x557bd010a300_6420, v0x557bd010a300_6421, v0x557bd010a300_6422;
v0x557bd010a300_6423 .array/port v0x557bd010a300, 6423;
v0x557bd010a300_6424 .array/port v0x557bd010a300, 6424;
v0x557bd010a300_6425 .array/port v0x557bd010a300, 6425;
v0x557bd010a300_6426 .array/port v0x557bd010a300, 6426;
E_0x557bd010b960/1606 .event anyedge, v0x557bd010a300_6423, v0x557bd010a300_6424, v0x557bd010a300_6425, v0x557bd010a300_6426;
v0x557bd010a300_6427 .array/port v0x557bd010a300, 6427;
v0x557bd010a300_6428 .array/port v0x557bd010a300, 6428;
v0x557bd010a300_6429 .array/port v0x557bd010a300, 6429;
v0x557bd010a300_6430 .array/port v0x557bd010a300, 6430;
E_0x557bd010b960/1607 .event anyedge, v0x557bd010a300_6427, v0x557bd010a300_6428, v0x557bd010a300_6429, v0x557bd010a300_6430;
v0x557bd010a300_6431 .array/port v0x557bd010a300, 6431;
v0x557bd010a300_6432 .array/port v0x557bd010a300, 6432;
v0x557bd010a300_6433 .array/port v0x557bd010a300, 6433;
v0x557bd010a300_6434 .array/port v0x557bd010a300, 6434;
E_0x557bd010b960/1608 .event anyedge, v0x557bd010a300_6431, v0x557bd010a300_6432, v0x557bd010a300_6433, v0x557bd010a300_6434;
v0x557bd010a300_6435 .array/port v0x557bd010a300, 6435;
v0x557bd010a300_6436 .array/port v0x557bd010a300, 6436;
v0x557bd010a300_6437 .array/port v0x557bd010a300, 6437;
v0x557bd010a300_6438 .array/port v0x557bd010a300, 6438;
E_0x557bd010b960/1609 .event anyedge, v0x557bd010a300_6435, v0x557bd010a300_6436, v0x557bd010a300_6437, v0x557bd010a300_6438;
v0x557bd010a300_6439 .array/port v0x557bd010a300, 6439;
v0x557bd010a300_6440 .array/port v0x557bd010a300, 6440;
v0x557bd010a300_6441 .array/port v0x557bd010a300, 6441;
v0x557bd010a300_6442 .array/port v0x557bd010a300, 6442;
E_0x557bd010b960/1610 .event anyedge, v0x557bd010a300_6439, v0x557bd010a300_6440, v0x557bd010a300_6441, v0x557bd010a300_6442;
v0x557bd010a300_6443 .array/port v0x557bd010a300, 6443;
v0x557bd010a300_6444 .array/port v0x557bd010a300, 6444;
v0x557bd010a300_6445 .array/port v0x557bd010a300, 6445;
v0x557bd010a300_6446 .array/port v0x557bd010a300, 6446;
E_0x557bd010b960/1611 .event anyedge, v0x557bd010a300_6443, v0x557bd010a300_6444, v0x557bd010a300_6445, v0x557bd010a300_6446;
v0x557bd010a300_6447 .array/port v0x557bd010a300, 6447;
v0x557bd010a300_6448 .array/port v0x557bd010a300, 6448;
v0x557bd010a300_6449 .array/port v0x557bd010a300, 6449;
v0x557bd010a300_6450 .array/port v0x557bd010a300, 6450;
E_0x557bd010b960/1612 .event anyedge, v0x557bd010a300_6447, v0x557bd010a300_6448, v0x557bd010a300_6449, v0x557bd010a300_6450;
v0x557bd010a300_6451 .array/port v0x557bd010a300, 6451;
v0x557bd010a300_6452 .array/port v0x557bd010a300, 6452;
v0x557bd010a300_6453 .array/port v0x557bd010a300, 6453;
v0x557bd010a300_6454 .array/port v0x557bd010a300, 6454;
E_0x557bd010b960/1613 .event anyedge, v0x557bd010a300_6451, v0x557bd010a300_6452, v0x557bd010a300_6453, v0x557bd010a300_6454;
v0x557bd010a300_6455 .array/port v0x557bd010a300, 6455;
v0x557bd010a300_6456 .array/port v0x557bd010a300, 6456;
v0x557bd010a300_6457 .array/port v0x557bd010a300, 6457;
v0x557bd010a300_6458 .array/port v0x557bd010a300, 6458;
E_0x557bd010b960/1614 .event anyedge, v0x557bd010a300_6455, v0x557bd010a300_6456, v0x557bd010a300_6457, v0x557bd010a300_6458;
v0x557bd010a300_6459 .array/port v0x557bd010a300, 6459;
v0x557bd010a300_6460 .array/port v0x557bd010a300, 6460;
v0x557bd010a300_6461 .array/port v0x557bd010a300, 6461;
v0x557bd010a300_6462 .array/port v0x557bd010a300, 6462;
E_0x557bd010b960/1615 .event anyedge, v0x557bd010a300_6459, v0x557bd010a300_6460, v0x557bd010a300_6461, v0x557bd010a300_6462;
v0x557bd010a300_6463 .array/port v0x557bd010a300, 6463;
v0x557bd010a300_6464 .array/port v0x557bd010a300, 6464;
v0x557bd010a300_6465 .array/port v0x557bd010a300, 6465;
v0x557bd010a300_6466 .array/port v0x557bd010a300, 6466;
E_0x557bd010b960/1616 .event anyedge, v0x557bd010a300_6463, v0x557bd010a300_6464, v0x557bd010a300_6465, v0x557bd010a300_6466;
v0x557bd010a300_6467 .array/port v0x557bd010a300, 6467;
v0x557bd010a300_6468 .array/port v0x557bd010a300, 6468;
v0x557bd010a300_6469 .array/port v0x557bd010a300, 6469;
v0x557bd010a300_6470 .array/port v0x557bd010a300, 6470;
E_0x557bd010b960/1617 .event anyedge, v0x557bd010a300_6467, v0x557bd010a300_6468, v0x557bd010a300_6469, v0x557bd010a300_6470;
v0x557bd010a300_6471 .array/port v0x557bd010a300, 6471;
v0x557bd010a300_6472 .array/port v0x557bd010a300, 6472;
v0x557bd010a300_6473 .array/port v0x557bd010a300, 6473;
v0x557bd010a300_6474 .array/port v0x557bd010a300, 6474;
E_0x557bd010b960/1618 .event anyedge, v0x557bd010a300_6471, v0x557bd010a300_6472, v0x557bd010a300_6473, v0x557bd010a300_6474;
v0x557bd010a300_6475 .array/port v0x557bd010a300, 6475;
v0x557bd010a300_6476 .array/port v0x557bd010a300, 6476;
v0x557bd010a300_6477 .array/port v0x557bd010a300, 6477;
v0x557bd010a300_6478 .array/port v0x557bd010a300, 6478;
E_0x557bd010b960/1619 .event anyedge, v0x557bd010a300_6475, v0x557bd010a300_6476, v0x557bd010a300_6477, v0x557bd010a300_6478;
v0x557bd010a300_6479 .array/port v0x557bd010a300, 6479;
v0x557bd010a300_6480 .array/port v0x557bd010a300, 6480;
v0x557bd010a300_6481 .array/port v0x557bd010a300, 6481;
v0x557bd010a300_6482 .array/port v0x557bd010a300, 6482;
E_0x557bd010b960/1620 .event anyedge, v0x557bd010a300_6479, v0x557bd010a300_6480, v0x557bd010a300_6481, v0x557bd010a300_6482;
v0x557bd010a300_6483 .array/port v0x557bd010a300, 6483;
v0x557bd010a300_6484 .array/port v0x557bd010a300, 6484;
v0x557bd010a300_6485 .array/port v0x557bd010a300, 6485;
v0x557bd010a300_6486 .array/port v0x557bd010a300, 6486;
E_0x557bd010b960/1621 .event anyedge, v0x557bd010a300_6483, v0x557bd010a300_6484, v0x557bd010a300_6485, v0x557bd010a300_6486;
v0x557bd010a300_6487 .array/port v0x557bd010a300, 6487;
v0x557bd010a300_6488 .array/port v0x557bd010a300, 6488;
v0x557bd010a300_6489 .array/port v0x557bd010a300, 6489;
v0x557bd010a300_6490 .array/port v0x557bd010a300, 6490;
E_0x557bd010b960/1622 .event anyedge, v0x557bd010a300_6487, v0x557bd010a300_6488, v0x557bd010a300_6489, v0x557bd010a300_6490;
v0x557bd010a300_6491 .array/port v0x557bd010a300, 6491;
v0x557bd010a300_6492 .array/port v0x557bd010a300, 6492;
v0x557bd010a300_6493 .array/port v0x557bd010a300, 6493;
v0x557bd010a300_6494 .array/port v0x557bd010a300, 6494;
E_0x557bd010b960/1623 .event anyedge, v0x557bd010a300_6491, v0x557bd010a300_6492, v0x557bd010a300_6493, v0x557bd010a300_6494;
v0x557bd010a300_6495 .array/port v0x557bd010a300, 6495;
v0x557bd010a300_6496 .array/port v0x557bd010a300, 6496;
v0x557bd010a300_6497 .array/port v0x557bd010a300, 6497;
v0x557bd010a300_6498 .array/port v0x557bd010a300, 6498;
E_0x557bd010b960/1624 .event anyedge, v0x557bd010a300_6495, v0x557bd010a300_6496, v0x557bd010a300_6497, v0x557bd010a300_6498;
v0x557bd010a300_6499 .array/port v0x557bd010a300, 6499;
v0x557bd010a300_6500 .array/port v0x557bd010a300, 6500;
v0x557bd010a300_6501 .array/port v0x557bd010a300, 6501;
v0x557bd010a300_6502 .array/port v0x557bd010a300, 6502;
E_0x557bd010b960/1625 .event anyedge, v0x557bd010a300_6499, v0x557bd010a300_6500, v0x557bd010a300_6501, v0x557bd010a300_6502;
v0x557bd010a300_6503 .array/port v0x557bd010a300, 6503;
v0x557bd010a300_6504 .array/port v0x557bd010a300, 6504;
v0x557bd010a300_6505 .array/port v0x557bd010a300, 6505;
v0x557bd010a300_6506 .array/port v0x557bd010a300, 6506;
E_0x557bd010b960/1626 .event anyedge, v0x557bd010a300_6503, v0x557bd010a300_6504, v0x557bd010a300_6505, v0x557bd010a300_6506;
v0x557bd010a300_6507 .array/port v0x557bd010a300, 6507;
v0x557bd010a300_6508 .array/port v0x557bd010a300, 6508;
v0x557bd010a300_6509 .array/port v0x557bd010a300, 6509;
v0x557bd010a300_6510 .array/port v0x557bd010a300, 6510;
E_0x557bd010b960/1627 .event anyedge, v0x557bd010a300_6507, v0x557bd010a300_6508, v0x557bd010a300_6509, v0x557bd010a300_6510;
v0x557bd010a300_6511 .array/port v0x557bd010a300, 6511;
v0x557bd010a300_6512 .array/port v0x557bd010a300, 6512;
v0x557bd010a300_6513 .array/port v0x557bd010a300, 6513;
v0x557bd010a300_6514 .array/port v0x557bd010a300, 6514;
E_0x557bd010b960/1628 .event anyedge, v0x557bd010a300_6511, v0x557bd010a300_6512, v0x557bd010a300_6513, v0x557bd010a300_6514;
v0x557bd010a300_6515 .array/port v0x557bd010a300, 6515;
v0x557bd010a300_6516 .array/port v0x557bd010a300, 6516;
v0x557bd010a300_6517 .array/port v0x557bd010a300, 6517;
v0x557bd010a300_6518 .array/port v0x557bd010a300, 6518;
E_0x557bd010b960/1629 .event anyedge, v0x557bd010a300_6515, v0x557bd010a300_6516, v0x557bd010a300_6517, v0x557bd010a300_6518;
v0x557bd010a300_6519 .array/port v0x557bd010a300, 6519;
v0x557bd010a300_6520 .array/port v0x557bd010a300, 6520;
v0x557bd010a300_6521 .array/port v0x557bd010a300, 6521;
v0x557bd010a300_6522 .array/port v0x557bd010a300, 6522;
E_0x557bd010b960/1630 .event anyedge, v0x557bd010a300_6519, v0x557bd010a300_6520, v0x557bd010a300_6521, v0x557bd010a300_6522;
v0x557bd010a300_6523 .array/port v0x557bd010a300, 6523;
v0x557bd010a300_6524 .array/port v0x557bd010a300, 6524;
v0x557bd010a300_6525 .array/port v0x557bd010a300, 6525;
v0x557bd010a300_6526 .array/port v0x557bd010a300, 6526;
E_0x557bd010b960/1631 .event anyedge, v0x557bd010a300_6523, v0x557bd010a300_6524, v0x557bd010a300_6525, v0x557bd010a300_6526;
v0x557bd010a300_6527 .array/port v0x557bd010a300, 6527;
v0x557bd010a300_6528 .array/port v0x557bd010a300, 6528;
v0x557bd010a300_6529 .array/port v0x557bd010a300, 6529;
v0x557bd010a300_6530 .array/port v0x557bd010a300, 6530;
E_0x557bd010b960/1632 .event anyedge, v0x557bd010a300_6527, v0x557bd010a300_6528, v0x557bd010a300_6529, v0x557bd010a300_6530;
v0x557bd010a300_6531 .array/port v0x557bd010a300, 6531;
v0x557bd010a300_6532 .array/port v0x557bd010a300, 6532;
v0x557bd010a300_6533 .array/port v0x557bd010a300, 6533;
v0x557bd010a300_6534 .array/port v0x557bd010a300, 6534;
E_0x557bd010b960/1633 .event anyedge, v0x557bd010a300_6531, v0x557bd010a300_6532, v0x557bd010a300_6533, v0x557bd010a300_6534;
v0x557bd010a300_6535 .array/port v0x557bd010a300, 6535;
v0x557bd010a300_6536 .array/port v0x557bd010a300, 6536;
v0x557bd010a300_6537 .array/port v0x557bd010a300, 6537;
v0x557bd010a300_6538 .array/port v0x557bd010a300, 6538;
E_0x557bd010b960/1634 .event anyedge, v0x557bd010a300_6535, v0x557bd010a300_6536, v0x557bd010a300_6537, v0x557bd010a300_6538;
v0x557bd010a300_6539 .array/port v0x557bd010a300, 6539;
v0x557bd010a300_6540 .array/port v0x557bd010a300, 6540;
v0x557bd010a300_6541 .array/port v0x557bd010a300, 6541;
v0x557bd010a300_6542 .array/port v0x557bd010a300, 6542;
E_0x557bd010b960/1635 .event anyedge, v0x557bd010a300_6539, v0x557bd010a300_6540, v0x557bd010a300_6541, v0x557bd010a300_6542;
v0x557bd010a300_6543 .array/port v0x557bd010a300, 6543;
v0x557bd010a300_6544 .array/port v0x557bd010a300, 6544;
v0x557bd010a300_6545 .array/port v0x557bd010a300, 6545;
v0x557bd010a300_6546 .array/port v0x557bd010a300, 6546;
E_0x557bd010b960/1636 .event anyedge, v0x557bd010a300_6543, v0x557bd010a300_6544, v0x557bd010a300_6545, v0x557bd010a300_6546;
v0x557bd010a300_6547 .array/port v0x557bd010a300, 6547;
v0x557bd010a300_6548 .array/port v0x557bd010a300, 6548;
v0x557bd010a300_6549 .array/port v0x557bd010a300, 6549;
v0x557bd010a300_6550 .array/port v0x557bd010a300, 6550;
E_0x557bd010b960/1637 .event anyedge, v0x557bd010a300_6547, v0x557bd010a300_6548, v0x557bd010a300_6549, v0x557bd010a300_6550;
v0x557bd010a300_6551 .array/port v0x557bd010a300, 6551;
v0x557bd010a300_6552 .array/port v0x557bd010a300, 6552;
v0x557bd010a300_6553 .array/port v0x557bd010a300, 6553;
v0x557bd010a300_6554 .array/port v0x557bd010a300, 6554;
E_0x557bd010b960/1638 .event anyedge, v0x557bd010a300_6551, v0x557bd010a300_6552, v0x557bd010a300_6553, v0x557bd010a300_6554;
v0x557bd010a300_6555 .array/port v0x557bd010a300, 6555;
v0x557bd010a300_6556 .array/port v0x557bd010a300, 6556;
v0x557bd010a300_6557 .array/port v0x557bd010a300, 6557;
v0x557bd010a300_6558 .array/port v0x557bd010a300, 6558;
E_0x557bd010b960/1639 .event anyedge, v0x557bd010a300_6555, v0x557bd010a300_6556, v0x557bd010a300_6557, v0x557bd010a300_6558;
v0x557bd010a300_6559 .array/port v0x557bd010a300, 6559;
v0x557bd010a300_6560 .array/port v0x557bd010a300, 6560;
v0x557bd010a300_6561 .array/port v0x557bd010a300, 6561;
v0x557bd010a300_6562 .array/port v0x557bd010a300, 6562;
E_0x557bd010b960/1640 .event anyedge, v0x557bd010a300_6559, v0x557bd010a300_6560, v0x557bd010a300_6561, v0x557bd010a300_6562;
v0x557bd010a300_6563 .array/port v0x557bd010a300, 6563;
v0x557bd010a300_6564 .array/port v0x557bd010a300, 6564;
v0x557bd010a300_6565 .array/port v0x557bd010a300, 6565;
v0x557bd010a300_6566 .array/port v0x557bd010a300, 6566;
E_0x557bd010b960/1641 .event anyedge, v0x557bd010a300_6563, v0x557bd010a300_6564, v0x557bd010a300_6565, v0x557bd010a300_6566;
v0x557bd010a300_6567 .array/port v0x557bd010a300, 6567;
v0x557bd010a300_6568 .array/port v0x557bd010a300, 6568;
v0x557bd010a300_6569 .array/port v0x557bd010a300, 6569;
v0x557bd010a300_6570 .array/port v0x557bd010a300, 6570;
E_0x557bd010b960/1642 .event anyedge, v0x557bd010a300_6567, v0x557bd010a300_6568, v0x557bd010a300_6569, v0x557bd010a300_6570;
v0x557bd010a300_6571 .array/port v0x557bd010a300, 6571;
v0x557bd010a300_6572 .array/port v0x557bd010a300, 6572;
v0x557bd010a300_6573 .array/port v0x557bd010a300, 6573;
v0x557bd010a300_6574 .array/port v0x557bd010a300, 6574;
E_0x557bd010b960/1643 .event anyedge, v0x557bd010a300_6571, v0x557bd010a300_6572, v0x557bd010a300_6573, v0x557bd010a300_6574;
v0x557bd010a300_6575 .array/port v0x557bd010a300, 6575;
v0x557bd010a300_6576 .array/port v0x557bd010a300, 6576;
v0x557bd010a300_6577 .array/port v0x557bd010a300, 6577;
v0x557bd010a300_6578 .array/port v0x557bd010a300, 6578;
E_0x557bd010b960/1644 .event anyedge, v0x557bd010a300_6575, v0x557bd010a300_6576, v0x557bd010a300_6577, v0x557bd010a300_6578;
v0x557bd010a300_6579 .array/port v0x557bd010a300, 6579;
v0x557bd010a300_6580 .array/port v0x557bd010a300, 6580;
v0x557bd010a300_6581 .array/port v0x557bd010a300, 6581;
v0x557bd010a300_6582 .array/port v0x557bd010a300, 6582;
E_0x557bd010b960/1645 .event anyedge, v0x557bd010a300_6579, v0x557bd010a300_6580, v0x557bd010a300_6581, v0x557bd010a300_6582;
v0x557bd010a300_6583 .array/port v0x557bd010a300, 6583;
v0x557bd010a300_6584 .array/port v0x557bd010a300, 6584;
v0x557bd010a300_6585 .array/port v0x557bd010a300, 6585;
v0x557bd010a300_6586 .array/port v0x557bd010a300, 6586;
E_0x557bd010b960/1646 .event anyedge, v0x557bd010a300_6583, v0x557bd010a300_6584, v0x557bd010a300_6585, v0x557bd010a300_6586;
v0x557bd010a300_6587 .array/port v0x557bd010a300, 6587;
v0x557bd010a300_6588 .array/port v0x557bd010a300, 6588;
v0x557bd010a300_6589 .array/port v0x557bd010a300, 6589;
v0x557bd010a300_6590 .array/port v0x557bd010a300, 6590;
E_0x557bd010b960/1647 .event anyedge, v0x557bd010a300_6587, v0x557bd010a300_6588, v0x557bd010a300_6589, v0x557bd010a300_6590;
v0x557bd010a300_6591 .array/port v0x557bd010a300, 6591;
v0x557bd010a300_6592 .array/port v0x557bd010a300, 6592;
v0x557bd010a300_6593 .array/port v0x557bd010a300, 6593;
v0x557bd010a300_6594 .array/port v0x557bd010a300, 6594;
E_0x557bd010b960/1648 .event anyedge, v0x557bd010a300_6591, v0x557bd010a300_6592, v0x557bd010a300_6593, v0x557bd010a300_6594;
v0x557bd010a300_6595 .array/port v0x557bd010a300, 6595;
v0x557bd010a300_6596 .array/port v0x557bd010a300, 6596;
v0x557bd010a300_6597 .array/port v0x557bd010a300, 6597;
v0x557bd010a300_6598 .array/port v0x557bd010a300, 6598;
E_0x557bd010b960/1649 .event anyedge, v0x557bd010a300_6595, v0x557bd010a300_6596, v0x557bd010a300_6597, v0x557bd010a300_6598;
v0x557bd010a300_6599 .array/port v0x557bd010a300, 6599;
v0x557bd010a300_6600 .array/port v0x557bd010a300, 6600;
v0x557bd010a300_6601 .array/port v0x557bd010a300, 6601;
v0x557bd010a300_6602 .array/port v0x557bd010a300, 6602;
E_0x557bd010b960/1650 .event anyedge, v0x557bd010a300_6599, v0x557bd010a300_6600, v0x557bd010a300_6601, v0x557bd010a300_6602;
v0x557bd010a300_6603 .array/port v0x557bd010a300, 6603;
v0x557bd010a300_6604 .array/port v0x557bd010a300, 6604;
v0x557bd010a300_6605 .array/port v0x557bd010a300, 6605;
v0x557bd010a300_6606 .array/port v0x557bd010a300, 6606;
E_0x557bd010b960/1651 .event anyedge, v0x557bd010a300_6603, v0x557bd010a300_6604, v0x557bd010a300_6605, v0x557bd010a300_6606;
v0x557bd010a300_6607 .array/port v0x557bd010a300, 6607;
v0x557bd010a300_6608 .array/port v0x557bd010a300, 6608;
v0x557bd010a300_6609 .array/port v0x557bd010a300, 6609;
v0x557bd010a300_6610 .array/port v0x557bd010a300, 6610;
E_0x557bd010b960/1652 .event anyedge, v0x557bd010a300_6607, v0x557bd010a300_6608, v0x557bd010a300_6609, v0x557bd010a300_6610;
v0x557bd010a300_6611 .array/port v0x557bd010a300, 6611;
v0x557bd010a300_6612 .array/port v0x557bd010a300, 6612;
v0x557bd010a300_6613 .array/port v0x557bd010a300, 6613;
v0x557bd010a300_6614 .array/port v0x557bd010a300, 6614;
E_0x557bd010b960/1653 .event anyedge, v0x557bd010a300_6611, v0x557bd010a300_6612, v0x557bd010a300_6613, v0x557bd010a300_6614;
v0x557bd010a300_6615 .array/port v0x557bd010a300, 6615;
v0x557bd010a300_6616 .array/port v0x557bd010a300, 6616;
v0x557bd010a300_6617 .array/port v0x557bd010a300, 6617;
v0x557bd010a300_6618 .array/port v0x557bd010a300, 6618;
E_0x557bd010b960/1654 .event anyedge, v0x557bd010a300_6615, v0x557bd010a300_6616, v0x557bd010a300_6617, v0x557bd010a300_6618;
v0x557bd010a300_6619 .array/port v0x557bd010a300, 6619;
v0x557bd010a300_6620 .array/port v0x557bd010a300, 6620;
v0x557bd010a300_6621 .array/port v0x557bd010a300, 6621;
v0x557bd010a300_6622 .array/port v0x557bd010a300, 6622;
E_0x557bd010b960/1655 .event anyedge, v0x557bd010a300_6619, v0x557bd010a300_6620, v0x557bd010a300_6621, v0x557bd010a300_6622;
v0x557bd010a300_6623 .array/port v0x557bd010a300, 6623;
v0x557bd010a300_6624 .array/port v0x557bd010a300, 6624;
v0x557bd010a300_6625 .array/port v0x557bd010a300, 6625;
v0x557bd010a300_6626 .array/port v0x557bd010a300, 6626;
E_0x557bd010b960/1656 .event anyedge, v0x557bd010a300_6623, v0x557bd010a300_6624, v0x557bd010a300_6625, v0x557bd010a300_6626;
v0x557bd010a300_6627 .array/port v0x557bd010a300, 6627;
v0x557bd010a300_6628 .array/port v0x557bd010a300, 6628;
v0x557bd010a300_6629 .array/port v0x557bd010a300, 6629;
v0x557bd010a300_6630 .array/port v0x557bd010a300, 6630;
E_0x557bd010b960/1657 .event anyedge, v0x557bd010a300_6627, v0x557bd010a300_6628, v0x557bd010a300_6629, v0x557bd010a300_6630;
v0x557bd010a300_6631 .array/port v0x557bd010a300, 6631;
v0x557bd010a300_6632 .array/port v0x557bd010a300, 6632;
v0x557bd010a300_6633 .array/port v0x557bd010a300, 6633;
v0x557bd010a300_6634 .array/port v0x557bd010a300, 6634;
E_0x557bd010b960/1658 .event anyedge, v0x557bd010a300_6631, v0x557bd010a300_6632, v0x557bd010a300_6633, v0x557bd010a300_6634;
v0x557bd010a300_6635 .array/port v0x557bd010a300, 6635;
v0x557bd010a300_6636 .array/port v0x557bd010a300, 6636;
v0x557bd010a300_6637 .array/port v0x557bd010a300, 6637;
v0x557bd010a300_6638 .array/port v0x557bd010a300, 6638;
E_0x557bd010b960/1659 .event anyedge, v0x557bd010a300_6635, v0x557bd010a300_6636, v0x557bd010a300_6637, v0x557bd010a300_6638;
v0x557bd010a300_6639 .array/port v0x557bd010a300, 6639;
v0x557bd010a300_6640 .array/port v0x557bd010a300, 6640;
v0x557bd010a300_6641 .array/port v0x557bd010a300, 6641;
v0x557bd010a300_6642 .array/port v0x557bd010a300, 6642;
E_0x557bd010b960/1660 .event anyedge, v0x557bd010a300_6639, v0x557bd010a300_6640, v0x557bd010a300_6641, v0x557bd010a300_6642;
v0x557bd010a300_6643 .array/port v0x557bd010a300, 6643;
v0x557bd010a300_6644 .array/port v0x557bd010a300, 6644;
v0x557bd010a300_6645 .array/port v0x557bd010a300, 6645;
v0x557bd010a300_6646 .array/port v0x557bd010a300, 6646;
E_0x557bd010b960/1661 .event anyedge, v0x557bd010a300_6643, v0x557bd010a300_6644, v0x557bd010a300_6645, v0x557bd010a300_6646;
v0x557bd010a300_6647 .array/port v0x557bd010a300, 6647;
v0x557bd010a300_6648 .array/port v0x557bd010a300, 6648;
v0x557bd010a300_6649 .array/port v0x557bd010a300, 6649;
v0x557bd010a300_6650 .array/port v0x557bd010a300, 6650;
E_0x557bd010b960/1662 .event anyedge, v0x557bd010a300_6647, v0x557bd010a300_6648, v0x557bd010a300_6649, v0x557bd010a300_6650;
v0x557bd010a300_6651 .array/port v0x557bd010a300, 6651;
v0x557bd010a300_6652 .array/port v0x557bd010a300, 6652;
v0x557bd010a300_6653 .array/port v0x557bd010a300, 6653;
v0x557bd010a300_6654 .array/port v0x557bd010a300, 6654;
E_0x557bd010b960/1663 .event anyedge, v0x557bd010a300_6651, v0x557bd010a300_6652, v0x557bd010a300_6653, v0x557bd010a300_6654;
v0x557bd010a300_6655 .array/port v0x557bd010a300, 6655;
v0x557bd010a300_6656 .array/port v0x557bd010a300, 6656;
v0x557bd010a300_6657 .array/port v0x557bd010a300, 6657;
v0x557bd010a300_6658 .array/port v0x557bd010a300, 6658;
E_0x557bd010b960/1664 .event anyedge, v0x557bd010a300_6655, v0x557bd010a300_6656, v0x557bd010a300_6657, v0x557bd010a300_6658;
v0x557bd010a300_6659 .array/port v0x557bd010a300, 6659;
v0x557bd010a300_6660 .array/port v0x557bd010a300, 6660;
v0x557bd010a300_6661 .array/port v0x557bd010a300, 6661;
v0x557bd010a300_6662 .array/port v0x557bd010a300, 6662;
E_0x557bd010b960/1665 .event anyedge, v0x557bd010a300_6659, v0x557bd010a300_6660, v0x557bd010a300_6661, v0x557bd010a300_6662;
v0x557bd010a300_6663 .array/port v0x557bd010a300, 6663;
v0x557bd010a300_6664 .array/port v0x557bd010a300, 6664;
v0x557bd010a300_6665 .array/port v0x557bd010a300, 6665;
v0x557bd010a300_6666 .array/port v0x557bd010a300, 6666;
E_0x557bd010b960/1666 .event anyedge, v0x557bd010a300_6663, v0x557bd010a300_6664, v0x557bd010a300_6665, v0x557bd010a300_6666;
v0x557bd010a300_6667 .array/port v0x557bd010a300, 6667;
v0x557bd010a300_6668 .array/port v0x557bd010a300, 6668;
v0x557bd010a300_6669 .array/port v0x557bd010a300, 6669;
v0x557bd010a300_6670 .array/port v0x557bd010a300, 6670;
E_0x557bd010b960/1667 .event anyedge, v0x557bd010a300_6667, v0x557bd010a300_6668, v0x557bd010a300_6669, v0x557bd010a300_6670;
v0x557bd010a300_6671 .array/port v0x557bd010a300, 6671;
v0x557bd010a300_6672 .array/port v0x557bd010a300, 6672;
v0x557bd010a300_6673 .array/port v0x557bd010a300, 6673;
v0x557bd010a300_6674 .array/port v0x557bd010a300, 6674;
E_0x557bd010b960/1668 .event anyedge, v0x557bd010a300_6671, v0x557bd010a300_6672, v0x557bd010a300_6673, v0x557bd010a300_6674;
v0x557bd010a300_6675 .array/port v0x557bd010a300, 6675;
v0x557bd010a300_6676 .array/port v0x557bd010a300, 6676;
v0x557bd010a300_6677 .array/port v0x557bd010a300, 6677;
v0x557bd010a300_6678 .array/port v0x557bd010a300, 6678;
E_0x557bd010b960/1669 .event anyedge, v0x557bd010a300_6675, v0x557bd010a300_6676, v0x557bd010a300_6677, v0x557bd010a300_6678;
v0x557bd010a300_6679 .array/port v0x557bd010a300, 6679;
v0x557bd010a300_6680 .array/port v0x557bd010a300, 6680;
v0x557bd010a300_6681 .array/port v0x557bd010a300, 6681;
v0x557bd010a300_6682 .array/port v0x557bd010a300, 6682;
E_0x557bd010b960/1670 .event anyedge, v0x557bd010a300_6679, v0x557bd010a300_6680, v0x557bd010a300_6681, v0x557bd010a300_6682;
v0x557bd010a300_6683 .array/port v0x557bd010a300, 6683;
v0x557bd010a300_6684 .array/port v0x557bd010a300, 6684;
v0x557bd010a300_6685 .array/port v0x557bd010a300, 6685;
v0x557bd010a300_6686 .array/port v0x557bd010a300, 6686;
E_0x557bd010b960/1671 .event anyedge, v0x557bd010a300_6683, v0x557bd010a300_6684, v0x557bd010a300_6685, v0x557bd010a300_6686;
v0x557bd010a300_6687 .array/port v0x557bd010a300, 6687;
v0x557bd010a300_6688 .array/port v0x557bd010a300, 6688;
v0x557bd010a300_6689 .array/port v0x557bd010a300, 6689;
v0x557bd010a300_6690 .array/port v0x557bd010a300, 6690;
E_0x557bd010b960/1672 .event anyedge, v0x557bd010a300_6687, v0x557bd010a300_6688, v0x557bd010a300_6689, v0x557bd010a300_6690;
v0x557bd010a300_6691 .array/port v0x557bd010a300, 6691;
v0x557bd010a300_6692 .array/port v0x557bd010a300, 6692;
v0x557bd010a300_6693 .array/port v0x557bd010a300, 6693;
v0x557bd010a300_6694 .array/port v0x557bd010a300, 6694;
E_0x557bd010b960/1673 .event anyedge, v0x557bd010a300_6691, v0x557bd010a300_6692, v0x557bd010a300_6693, v0x557bd010a300_6694;
v0x557bd010a300_6695 .array/port v0x557bd010a300, 6695;
v0x557bd010a300_6696 .array/port v0x557bd010a300, 6696;
v0x557bd010a300_6697 .array/port v0x557bd010a300, 6697;
v0x557bd010a300_6698 .array/port v0x557bd010a300, 6698;
E_0x557bd010b960/1674 .event anyedge, v0x557bd010a300_6695, v0x557bd010a300_6696, v0x557bd010a300_6697, v0x557bd010a300_6698;
v0x557bd010a300_6699 .array/port v0x557bd010a300, 6699;
v0x557bd010a300_6700 .array/port v0x557bd010a300, 6700;
v0x557bd010a300_6701 .array/port v0x557bd010a300, 6701;
v0x557bd010a300_6702 .array/port v0x557bd010a300, 6702;
E_0x557bd010b960/1675 .event anyedge, v0x557bd010a300_6699, v0x557bd010a300_6700, v0x557bd010a300_6701, v0x557bd010a300_6702;
v0x557bd010a300_6703 .array/port v0x557bd010a300, 6703;
v0x557bd010a300_6704 .array/port v0x557bd010a300, 6704;
v0x557bd010a300_6705 .array/port v0x557bd010a300, 6705;
v0x557bd010a300_6706 .array/port v0x557bd010a300, 6706;
E_0x557bd010b960/1676 .event anyedge, v0x557bd010a300_6703, v0x557bd010a300_6704, v0x557bd010a300_6705, v0x557bd010a300_6706;
v0x557bd010a300_6707 .array/port v0x557bd010a300, 6707;
v0x557bd010a300_6708 .array/port v0x557bd010a300, 6708;
v0x557bd010a300_6709 .array/port v0x557bd010a300, 6709;
v0x557bd010a300_6710 .array/port v0x557bd010a300, 6710;
E_0x557bd010b960/1677 .event anyedge, v0x557bd010a300_6707, v0x557bd010a300_6708, v0x557bd010a300_6709, v0x557bd010a300_6710;
v0x557bd010a300_6711 .array/port v0x557bd010a300, 6711;
v0x557bd010a300_6712 .array/port v0x557bd010a300, 6712;
v0x557bd010a300_6713 .array/port v0x557bd010a300, 6713;
v0x557bd010a300_6714 .array/port v0x557bd010a300, 6714;
E_0x557bd010b960/1678 .event anyedge, v0x557bd010a300_6711, v0x557bd010a300_6712, v0x557bd010a300_6713, v0x557bd010a300_6714;
v0x557bd010a300_6715 .array/port v0x557bd010a300, 6715;
v0x557bd010a300_6716 .array/port v0x557bd010a300, 6716;
v0x557bd010a300_6717 .array/port v0x557bd010a300, 6717;
v0x557bd010a300_6718 .array/port v0x557bd010a300, 6718;
E_0x557bd010b960/1679 .event anyedge, v0x557bd010a300_6715, v0x557bd010a300_6716, v0x557bd010a300_6717, v0x557bd010a300_6718;
v0x557bd010a300_6719 .array/port v0x557bd010a300, 6719;
v0x557bd010a300_6720 .array/port v0x557bd010a300, 6720;
v0x557bd010a300_6721 .array/port v0x557bd010a300, 6721;
v0x557bd010a300_6722 .array/port v0x557bd010a300, 6722;
E_0x557bd010b960/1680 .event anyedge, v0x557bd010a300_6719, v0x557bd010a300_6720, v0x557bd010a300_6721, v0x557bd010a300_6722;
v0x557bd010a300_6723 .array/port v0x557bd010a300, 6723;
v0x557bd010a300_6724 .array/port v0x557bd010a300, 6724;
v0x557bd010a300_6725 .array/port v0x557bd010a300, 6725;
v0x557bd010a300_6726 .array/port v0x557bd010a300, 6726;
E_0x557bd010b960/1681 .event anyedge, v0x557bd010a300_6723, v0x557bd010a300_6724, v0x557bd010a300_6725, v0x557bd010a300_6726;
v0x557bd010a300_6727 .array/port v0x557bd010a300, 6727;
v0x557bd010a300_6728 .array/port v0x557bd010a300, 6728;
v0x557bd010a300_6729 .array/port v0x557bd010a300, 6729;
v0x557bd010a300_6730 .array/port v0x557bd010a300, 6730;
E_0x557bd010b960/1682 .event anyedge, v0x557bd010a300_6727, v0x557bd010a300_6728, v0x557bd010a300_6729, v0x557bd010a300_6730;
v0x557bd010a300_6731 .array/port v0x557bd010a300, 6731;
v0x557bd010a300_6732 .array/port v0x557bd010a300, 6732;
v0x557bd010a300_6733 .array/port v0x557bd010a300, 6733;
v0x557bd010a300_6734 .array/port v0x557bd010a300, 6734;
E_0x557bd010b960/1683 .event anyedge, v0x557bd010a300_6731, v0x557bd010a300_6732, v0x557bd010a300_6733, v0x557bd010a300_6734;
v0x557bd010a300_6735 .array/port v0x557bd010a300, 6735;
v0x557bd010a300_6736 .array/port v0x557bd010a300, 6736;
v0x557bd010a300_6737 .array/port v0x557bd010a300, 6737;
v0x557bd010a300_6738 .array/port v0x557bd010a300, 6738;
E_0x557bd010b960/1684 .event anyedge, v0x557bd010a300_6735, v0x557bd010a300_6736, v0x557bd010a300_6737, v0x557bd010a300_6738;
v0x557bd010a300_6739 .array/port v0x557bd010a300, 6739;
v0x557bd010a300_6740 .array/port v0x557bd010a300, 6740;
v0x557bd010a300_6741 .array/port v0x557bd010a300, 6741;
v0x557bd010a300_6742 .array/port v0x557bd010a300, 6742;
E_0x557bd010b960/1685 .event anyedge, v0x557bd010a300_6739, v0x557bd010a300_6740, v0x557bd010a300_6741, v0x557bd010a300_6742;
v0x557bd010a300_6743 .array/port v0x557bd010a300, 6743;
v0x557bd010a300_6744 .array/port v0x557bd010a300, 6744;
v0x557bd010a300_6745 .array/port v0x557bd010a300, 6745;
v0x557bd010a300_6746 .array/port v0x557bd010a300, 6746;
E_0x557bd010b960/1686 .event anyedge, v0x557bd010a300_6743, v0x557bd010a300_6744, v0x557bd010a300_6745, v0x557bd010a300_6746;
v0x557bd010a300_6747 .array/port v0x557bd010a300, 6747;
v0x557bd010a300_6748 .array/port v0x557bd010a300, 6748;
v0x557bd010a300_6749 .array/port v0x557bd010a300, 6749;
v0x557bd010a300_6750 .array/port v0x557bd010a300, 6750;
E_0x557bd010b960/1687 .event anyedge, v0x557bd010a300_6747, v0x557bd010a300_6748, v0x557bd010a300_6749, v0x557bd010a300_6750;
v0x557bd010a300_6751 .array/port v0x557bd010a300, 6751;
v0x557bd010a300_6752 .array/port v0x557bd010a300, 6752;
v0x557bd010a300_6753 .array/port v0x557bd010a300, 6753;
v0x557bd010a300_6754 .array/port v0x557bd010a300, 6754;
E_0x557bd010b960/1688 .event anyedge, v0x557bd010a300_6751, v0x557bd010a300_6752, v0x557bd010a300_6753, v0x557bd010a300_6754;
v0x557bd010a300_6755 .array/port v0x557bd010a300, 6755;
v0x557bd010a300_6756 .array/port v0x557bd010a300, 6756;
v0x557bd010a300_6757 .array/port v0x557bd010a300, 6757;
v0x557bd010a300_6758 .array/port v0x557bd010a300, 6758;
E_0x557bd010b960/1689 .event anyedge, v0x557bd010a300_6755, v0x557bd010a300_6756, v0x557bd010a300_6757, v0x557bd010a300_6758;
v0x557bd010a300_6759 .array/port v0x557bd010a300, 6759;
v0x557bd010a300_6760 .array/port v0x557bd010a300, 6760;
v0x557bd010a300_6761 .array/port v0x557bd010a300, 6761;
v0x557bd010a300_6762 .array/port v0x557bd010a300, 6762;
E_0x557bd010b960/1690 .event anyedge, v0x557bd010a300_6759, v0x557bd010a300_6760, v0x557bd010a300_6761, v0x557bd010a300_6762;
v0x557bd010a300_6763 .array/port v0x557bd010a300, 6763;
v0x557bd010a300_6764 .array/port v0x557bd010a300, 6764;
v0x557bd010a300_6765 .array/port v0x557bd010a300, 6765;
v0x557bd010a300_6766 .array/port v0x557bd010a300, 6766;
E_0x557bd010b960/1691 .event anyedge, v0x557bd010a300_6763, v0x557bd010a300_6764, v0x557bd010a300_6765, v0x557bd010a300_6766;
v0x557bd010a300_6767 .array/port v0x557bd010a300, 6767;
v0x557bd010a300_6768 .array/port v0x557bd010a300, 6768;
v0x557bd010a300_6769 .array/port v0x557bd010a300, 6769;
v0x557bd010a300_6770 .array/port v0x557bd010a300, 6770;
E_0x557bd010b960/1692 .event anyedge, v0x557bd010a300_6767, v0x557bd010a300_6768, v0x557bd010a300_6769, v0x557bd010a300_6770;
v0x557bd010a300_6771 .array/port v0x557bd010a300, 6771;
v0x557bd010a300_6772 .array/port v0x557bd010a300, 6772;
v0x557bd010a300_6773 .array/port v0x557bd010a300, 6773;
v0x557bd010a300_6774 .array/port v0x557bd010a300, 6774;
E_0x557bd010b960/1693 .event anyedge, v0x557bd010a300_6771, v0x557bd010a300_6772, v0x557bd010a300_6773, v0x557bd010a300_6774;
v0x557bd010a300_6775 .array/port v0x557bd010a300, 6775;
v0x557bd010a300_6776 .array/port v0x557bd010a300, 6776;
v0x557bd010a300_6777 .array/port v0x557bd010a300, 6777;
v0x557bd010a300_6778 .array/port v0x557bd010a300, 6778;
E_0x557bd010b960/1694 .event anyedge, v0x557bd010a300_6775, v0x557bd010a300_6776, v0x557bd010a300_6777, v0x557bd010a300_6778;
v0x557bd010a300_6779 .array/port v0x557bd010a300, 6779;
v0x557bd010a300_6780 .array/port v0x557bd010a300, 6780;
v0x557bd010a300_6781 .array/port v0x557bd010a300, 6781;
v0x557bd010a300_6782 .array/port v0x557bd010a300, 6782;
E_0x557bd010b960/1695 .event anyedge, v0x557bd010a300_6779, v0x557bd010a300_6780, v0x557bd010a300_6781, v0x557bd010a300_6782;
v0x557bd010a300_6783 .array/port v0x557bd010a300, 6783;
v0x557bd010a300_6784 .array/port v0x557bd010a300, 6784;
v0x557bd010a300_6785 .array/port v0x557bd010a300, 6785;
v0x557bd010a300_6786 .array/port v0x557bd010a300, 6786;
E_0x557bd010b960/1696 .event anyedge, v0x557bd010a300_6783, v0x557bd010a300_6784, v0x557bd010a300_6785, v0x557bd010a300_6786;
v0x557bd010a300_6787 .array/port v0x557bd010a300, 6787;
v0x557bd010a300_6788 .array/port v0x557bd010a300, 6788;
v0x557bd010a300_6789 .array/port v0x557bd010a300, 6789;
v0x557bd010a300_6790 .array/port v0x557bd010a300, 6790;
E_0x557bd010b960/1697 .event anyedge, v0x557bd010a300_6787, v0x557bd010a300_6788, v0x557bd010a300_6789, v0x557bd010a300_6790;
v0x557bd010a300_6791 .array/port v0x557bd010a300, 6791;
v0x557bd010a300_6792 .array/port v0x557bd010a300, 6792;
v0x557bd010a300_6793 .array/port v0x557bd010a300, 6793;
v0x557bd010a300_6794 .array/port v0x557bd010a300, 6794;
E_0x557bd010b960/1698 .event anyedge, v0x557bd010a300_6791, v0x557bd010a300_6792, v0x557bd010a300_6793, v0x557bd010a300_6794;
v0x557bd010a300_6795 .array/port v0x557bd010a300, 6795;
v0x557bd010a300_6796 .array/port v0x557bd010a300, 6796;
v0x557bd010a300_6797 .array/port v0x557bd010a300, 6797;
v0x557bd010a300_6798 .array/port v0x557bd010a300, 6798;
E_0x557bd010b960/1699 .event anyedge, v0x557bd010a300_6795, v0x557bd010a300_6796, v0x557bd010a300_6797, v0x557bd010a300_6798;
v0x557bd010a300_6799 .array/port v0x557bd010a300, 6799;
v0x557bd010a300_6800 .array/port v0x557bd010a300, 6800;
v0x557bd010a300_6801 .array/port v0x557bd010a300, 6801;
v0x557bd010a300_6802 .array/port v0x557bd010a300, 6802;
E_0x557bd010b960/1700 .event anyedge, v0x557bd010a300_6799, v0x557bd010a300_6800, v0x557bd010a300_6801, v0x557bd010a300_6802;
v0x557bd010a300_6803 .array/port v0x557bd010a300, 6803;
v0x557bd010a300_6804 .array/port v0x557bd010a300, 6804;
v0x557bd010a300_6805 .array/port v0x557bd010a300, 6805;
v0x557bd010a300_6806 .array/port v0x557bd010a300, 6806;
E_0x557bd010b960/1701 .event anyedge, v0x557bd010a300_6803, v0x557bd010a300_6804, v0x557bd010a300_6805, v0x557bd010a300_6806;
v0x557bd010a300_6807 .array/port v0x557bd010a300, 6807;
v0x557bd010a300_6808 .array/port v0x557bd010a300, 6808;
v0x557bd010a300_6809 .array/port v0x557bd010a300, 6809;
v0x557bd010a300_6810 .array/port v0x557bd010a300, 6810;
E_0x557bd010b960/1702 .event anyedge, v0x557bd010a300_6807, v0x557bd010a300_6808, v0x557bd010a300_6809, v0x557bd010a300_6810;
v0x557bd010a300_6811 .array/port v0x557bd010a300, 6811;
v0x557bd010a300_6812 .array/port v0x557bd010a300, 6812;
v0x557bd010a300_6813 .array/port v0x557bd010a300, 6813;
v0x557bd010a300_6814 .array/port v0x557bd010a300, 6814;
E_0x557bd010b960/1703 .event anyedge, v0x557bd010a300_6811, v0x557bd010a300_6812, v0x557bd010a300_6813, v0x557bd010a300_6814;
v0x557bd010a300_6815 .array/port v0x557bd010a300, 6815;
v0x557bd010a300_6816 .array/port v0x557bd010a300, 6816;
v0x557bd010a300_6817 .array/port v0x557bd010a300, 6817;
v0x557bd010a300_6818 .array/port v0x557bd010a300, 6818;
E_0x557bd010b960/1704 .event anyedge, v0x557bd010a300_6815, v0x557bd010a300_6816, v0x557bd010a300_6817, v0x557bd010a300_6818;
v0x557bd010a300_6819 .array/port v0x557bd010a300, 6819;
v0x557bd010a300_6820 .array/port v0x557bd010a300, 6820;
v0x557bd010a300_6821 .array/port v0x557bd010a300, 6821;
v0x557bd010a300_6822 .array/port v0x557bd010a300, 6822;
E_0x557bd010b960/1705 .event anyedge, v0x557bd010a300_6819, v0x557bd010a300_6820, v0x557bd010a300_6821, v0x557bd010a300_6822;
v0x557bd010a300_6823 .array/port v0x557bd010a300, 6823;
v0x557bd010a300_6824 .array/port v0x557bd010a300, 6824;
v0x557bd010a300_6825 .array/port v0x557bd010a300, 6825;
v0x557bd010a300_6826 .array/port v0x557bd010a300, 6826;
E_0x557bd010b960/1706 .event anyedge, v0x557bd010a300_6823, v0x557bd010a300_6824, v0x557bd010a300_6825, v0x557bd010a300_6826;
v0x557bd010a300_6827 .array/port v0x557bd010a300, 6827;
v0x557bd010a300_6828 .array/port v0x557bd010a300, 6828;
v0x557bd010a300_6829 .array/port v0x557bd010a300, 6829;
v0x557bd010a300_6830 .array/port v0x557bd010a300, 6830;
E_0x557bd010b960/1707 .event anyedge, v0x557bd010a300_6827, v0x557bd010a300_6828, v0x557bd010a300_6829, v0x557bd010a300_6830;
v0x557bd010a300_6831 .array/port v0x557bd010a300, 6831;
v0x557bd010a300_6832 .array/port v0x557bd010a300, 6832;
v0x557bd010a300_6833 .array/port v0x557bd010a300, 6833;
v0x557bd010a300_6834 .array/port v0x557bd010a300, 6834;
E_0x557bd010b960/1708 .event anyedge, v0x557bd010a300_6831, v0x557bd010a300_6832, v0x557bd010a300_6833, v0x557bd010a300_6834;
v0x557bd010a300_6835 .array/port v0x557bd010a300, 6835;
v0x557bd010a300_6836 .array/port v0x557bd010a300, 6836;
v0x557bd010a300_6837 .array/port v0x557bd010a300, 6837;
v0x557bd010a300_6838 .array/port v0x557bd010a300, 6838;
E_0x557bd010b960/1709 .event anyedge, v0x557bd010a300_6835, v0x557bd010a300_6836, v0x557bd010a300_6837, v0x557bd010a300_6838;
v0x557bd010a300_6839 .array/port v0x557bd010a300, 6839;
v0x557bd010a300_6840 .array/port v0x557bd010a300, 6840;
v0x557bd010a300_6841 .array/port v0x557bd010a300, 6841;
v0x557bd010a300_6842 .array/port v0x557bd010a300, 6842;
E_0x557bd010b960/1710 .event anyedge, v0x557bd010a300_6839, v0x557bd010a300_6840, v0x557bd010a300_6841, v0x557bd010a300_6842;
v0x557bd010a300_6843 .array/port v0x557bd010a300, 6843;
v0x557bd010a300_6844 .array/port v0x557bd010a300, 6844;
v0x557bd010a300_6845 .array/port v0x557bd010a300, 6845;
v0x557bd010a300_6846 .array/port v0x557bd010a300, 6846;
E_0x557bd010b960/1711 .event anyedge, v0x557bd010a300_6843, v0x557bd010a300_6844, v0x557bd010a300_6845, v0x557bd010a300_6846;
v0x557bd010a300_6847 .array/port v0x557bd010a300, 6847;
v0x557bd010a300_6848 .array/port v0x557bd010a300, 6848;
v0x557bd010a300_6849 .array/port v0x557bd010a300, 6849;
v0x557bd010a300_6850 .array/port v0x557bd010a300, 6850;
E_0x557bd010b960/1712 .event anyedge, v0x557bd010a300_6847, v0x557bd010a300_6848, v0x557bd010a300_6849, v0x557bd010a300_6850;
v0x557bd010a300_6851 .array/port v0x557bd010a300, 6851;
v0x557bd010a300_6852 .array/port v0x557bd010a300, 6852;
v0x557bd010a300_6853 .array/port v0x557bd010a300, 6853;
v0x557bd010a300_6854 .array/port v0x557bd010a300, 6854;
E_0x557bd010b960/1713 .event anyedge, v0x557bd010a300_6851, v0x557bd010a300_6852, v0x557bd010a300_6853, v0x557bd010a300_6854;
v0x557bd010a300_6855 .array/port v0x557bd010a300, 6855;
v0x557bd010a300_6856 .array/port v0x557bd010a300, 6856;
v0x557bd010a300_6857 .array/port v0x557bd010a300, 6857;
v0x557bd010a300_6858 .array/port v0x557bd010a300, 6858;
E_0x557bd010b960/1714 .event anyedge, v0x557bd010a300_6855, v0x557bd010a300_6856, v0x557bd010a300_6857, v0x557bd010a300_6858;
v0x557bd010a300_6859 .array/port v0x557bd010a300, 6859;
v0x557bd010a300_6860 .array/port v0x557bd010a300, 6860;
v0x557bd010a300_6861 .array/port v0x557bd010a300, 6861;
v0x557bd010a300_6862 .array/port v0x557bd010a300, 6862;
E_0x557bd010b960/1715 .event anyedge, v0x557bd010a300_6859, v0x557bd010a300_6860, v0x557bd010a300_6861, v0x557bd010a300_6862;
v0x557bd010a300_6863 .array/port v0x557bd010a300, 6863;
v0x557bd010a300_6864 .array/port v0x557bd010a300, 6864;
v0x557bd010a300_6865 .array/port v0x557bd010a300, 6865;
v0x557bd010a300_6866 .array/port v0x557bd010a300, 6866;
E_0x557bd010b960/1716 .event anyedge, v0x557bd010a300_6863, v0x557bd010a300_6864, v0x557bd010a300_6865, v0x557bd010a300_6866;
v0x557bd010a300_6867 .array/port v0x557bd010a300, 6867;
v0x557bd010a300_6868 .array/port v0x557bd010a300, 6868;
v0x557bd010a300_6869 .array/port v0x557bd010a300, 6869;
v0x557bd010a300_6870 .array/port v0x557bd010a300, 6870;
E_0x557bd010b960/1717 .event anyedge, v0x557bd010a300_6867, v0x557bd010a300_6868, v0x557bd010a300_6869, v0x557bd010a300_6870;
v0x557bd010a300_6871 .array/port v0x557bd010a300, 6871;
v0x557bd010a300_6872 .array/port v0x557bd010a300, 6872;
v0x557bd010a300_6873 .array/port v0x557bd010a300, 6873;
v0x557bd010a300_6874 .array/port v0x557bd010a300, 6874;
E_0x557bd010b960/1718 .event anyedge, v0x557bd010a300_6871, v0x557bd010a300_6872, v0x557bd010a300_6873, v0x557bd010a300_6874;
v0x557bd010a300_6875 .array/port v0x557bd010a300, 6875;
v0x557bd010a300_6876 .array/port v0x557bd010a300, 6876;
v0x557bd010a300_6877 .array/port v0x557bd010a300, 6877;
v0x557bd010a300_6878 .array/port v0x557bd010a300, 6878;
E_0x557bd010b960/1719 .event anyedge, v0x557bd010a300_6875, v0x557bd010a300_6876, v0x557bd010a300_6877, v0x557bd010a300_6878;
v0x557bd010a300_6879 .array/port v0x557bd010a300, 6879;
v0x557bd010a300_6880 .array/port v0x557bd010a300, 6880;
v0x557bd010a300_6881 .array/port v0x557bd010a300, 6881;
v0x557bd010a300_6882 .array/port v0x557bd010a300, 6882;
E_0x557bd010b960/1720 .event anyedge, v0x557bd010a300_6879, v0x557bd010a300_6880, v0x557bd010a300_6881, v0x557bd010a300_6882;
v0x557bd010a300_6883 .array/port v0x557bd010a300, 6883;
v0x557bd010a300_6884 .array/port v0x557bd010a300, 6884;
v0x557bd010a300_6885 .array/port v0x557bd010a300, 6885;
v0x557bd010a300_6886 .array/port v0x557bd010a300, 6886;
E_0x557bd010b960/1721 .event anyedge, v0x557bd010a300_6883, v0x557bd010a300_6884, v0x557bd010a300_6885, v0x557bd010a300_6886;
v0x557bd010a300_6887 .array/port v0x557bd010a300, 6887;
v0x557bd010a300_6888 .array/port v0x557bd010a300, 6888;
v0x557bd010a300_6889 .array/port v0x557bd010a300, 6889;
v0x557bd010a300_6890 .array/port v0x557bd010a300, 6890;
E_0x557bd010b960/1722 .event anyedge, v0x557bd010a300_6887, v0x557bd010a300_6888, v0x557bd010a300_6889, v0x557bd010a300_6890;
v0x557bd010a300_6891 .array/port v0x557bd010a300, 6891;
v0x557bd010a300_6892 .array/port v0x557bd010a300, 6892;
v0x557bd010a300_6893 .array/port v0x557bd010a300, 6893;
v0x557bd010a300_6894 .array/port v0x557bd010a300, 6894;
E_0x557bd010b960/1723 .event anyedge, v0x557bd010a300_6891, v0x557bd010a300_6892, v0x557bd010a300_6893, v0x557bd010a300_6894;
v0x557bd010a300_6895 .array/port v0x557bd010a300, 6895;
v0x557bd010a300_6896 .array/port v0x557bd010a300, 6896;
v0x557bd010a300_6897 .array/port v0x557bd010a300, 6897;
v0x557bd010a300_6898 .array/port v0x557bd010a300, 6898;
E_0x557bd010b960/1724 .event anyedge, v0x557bd010a300_6895, v0x557bd010a300_6896, v0x557bd010a300_6897, v0x557bd010a300_6898;
v0x557bd010a300_6899 .array/port v0x557bd010a300, 6899;
v0x557bd010a300_6900 .array/port v0x557bd010a300, 6900;
v0x557bd010a300_6901 .array/port v0x557bd010a300, 6901;
v0x557bd010a300_6902 .array/port v0x557bd010a300, 6902;
E_0x557bd010b960/1725 .event anyedge, v0x557bd010a300_6899, v0x557bd010a300_6900, v0x557bd010a300_6901, v0x557bd010a300_6902;
v0x557bd010a300_6903 .array/port v0x557bd010a300, 6903;
v0x557bd010a300_6904 .array/port v0x557bd010a300, 6904;
v0x557bd010a300_6905 .array/port v0x557bd010a300, 6905;
v0x557bd010a300_6906 .array/port v0x557bd010a300, 6906;
E_0x557bd010b960/1726 .event anyedge, v0x557bd010a300_6903, v0x557bd010a300_6904, v0x557bd010a300_6905, v0x557bd010a300_6906;
v0x557bd010a300_6907 .array/port v0x557bd010a300, 6907;
v0x557bd010a300_6908 .array/port v0x557bd010a300, 6908;
v0x557bd010a300_6909 .array/port v0x557bd010a300, 6909;
v0x557bd010a300_6910 .array/port v0x557bd010a300, 6910;
E_0x557bd010b960/1727 .event anyedge, v0x557bd010a300_6907, v0x557bd010a300_6908, v0x557bd010a300_6909, v0x557bd010a300_6910;
v0x557bd010a300_6911 .array/port v0x557bd010a300, 6911;
v0x557bd010a300_6912 .array/port v0x557bd010a300, 6912;
v0x557bd010a300_6913 .array/port v0x557bd010a300, 6913;
v0x557bd010a300_6914 .array/port v0x557bd010a300, 6914;
E_0x557bd010b960/1728 .event anyedge, v0x557bd010a300_6911, v0x557bd010a300_6912, v0x557bd010a300_6913, v0x557bd010a300_6914;
v0x557bd010a300_6915 .array/port v0x557bd010a300, 6915;
v0x557bd010a300_6916 .array/port v0x557bd010a300, 6916;
v0x557bd010a300_6917 .array/port v0x557bd010a300, 6917;
v0x557bd010a300_6918 .array/port v0x557bd010a300, 6918;
E_0x557bd010b960/1729 .event anyedge, v0x557bd010a300_6915, v0x557bd010a300_6916, v0x557bd010a300_6917, v0x557bd010a300_6918;
v0x557bd010a300_6919 .array/port v0x557bd010a300, 6919;
v0x557bd010a300_6920 .array/port v0x557bd010a300, 6920;
v0x557bd010a300_6921 .array/port v0x557bd010a300, 6921;
v0x557bd010a300_6922 .array/port v0x557bd010a300, 6922;
E_0x557bd010b960/1730 .event anyedge, v0x557bd010a300_6919, v0x557bd010a300_6920, v0x557bd010a300_6921, v0x557bd010a300_6922;
v0x557bd010a300_6923 .array/port v0x557bd010a300, 6923;
v0x557bd010a300_6924 .array/port v0x557bd010a300, 6924;
v0x557bd010a300_6925 .array/port v0x557bd010a300, 6925;
v0x557bd010a300_6926 .array/port v0x557bd010a300, 6926;
E_0x557bd010b960/1731 .event anyedge, v0x557bd010a300_6923, v0x557bd010a300_6924, v0x557bd010a300_6925, v0x557bd010a300_6926;
v0x557bd010a300_6927 .array/port v0x557bd010a300, 6927;
v0x557bd010a300_6928 .array/port v0x557bd010a300, 6928;
v0x557bd010a300_6929 .array/port v0x557bd010a300, 6929;
v0x557bd010a300_6930 .array/port v0x557bd010a300, 6930;
E_0x557bd010b960/1732 .event anyedge, v0x557bd010a300_6927, v0x557bd010a300_6928, v0x557bd010a300_6929, v0x557bd010a300_6930;
v0x557bd010a300_6931 .array/port v0x557bd010a300, 6931;
v0x557bd010a300_6932 .array/port v0x557bd010a300, 6932;
v0x557bd010a300_6933 .array/port v0x557bd010a300, 6933;
v0x557bd010a300_6934 .array/port v0x557bd010a300, 6934;
E_0x557bd010b960/1733 .event anyedge, v0x557bd010a300_6931, v0x557bd010a300_6932, v0x557bd010a300_6933, v0x557bd010a300_6934;
v0x557bd010a300_6935 .array/port v0x557bd010a300, 6935;
v0x557bd010a300_6936 .array/port v0x557bd010a300, 6936;
v0x557bd010a300_6937 .array/port v0x557bd010a300, 6937;
v0x557bd010a300_6938 .array/port v0x557bd010a300, 6938;
E_0x557bd010b960/1734 .event anyedge, v0x557bd010a300_6935, v0x557bd010a300_6936, v0x557bd010a300_6937, v0x557bd010a300_6938;
v0x557bd010a300_6939 .array/port v0x557bd010a300, 6939;
v0x557bd010a300_6940 .array/port v0x557bd010a300, 6940;
v0x557bd010a300_6941 .array/port v0x557bd010a300, 6941;
v0x557bd010a300_6942 .array/port v0x557bd010a300, 6942;
E_0x557bd010b960/1735 .event anyedge, v0x557bd010a300_6939, v0x557bd010a300_6940, v0x557bd010a300_6941, v0x557bd010a300_6942;
v0x557bd010a300_6943 .array/port v0x557bd010a300, 6943;
v0x557bd010a300_6944 .array/port v0x557bd010a300, 6944;
v0x557bd010a300_6945 .array/port v0x557bd010a300, 6945;
v0x557bd010a300_6946 .array/port v0x557bd010a300, 6946;
E_0x557bd010b960/1736 .event anyedge, v0x557bd010a300_6943, v0x557bd010a300_6944, v0x557bd010a300_6945, v0x557bd010a300_6946;
v0x557bd010a300_6947 .array/port v0x557bd010a300, 6947;
v0x557bd010a300_6948 .array/port v0x557bd010a300, 6948;
v0x557bd010a300_6949 .array/port v0x557bd010a300, 6949;
v0x557bd010a300_6950 .array/port v0x557bd010a300, 6950;
E_0x557bd010b960/1737 .event anyedge, v0x557bd010a300_6947, v0x557bd010a300_6948, v0x557bd010a300_6949, v0x557bd010a300_6950;
v0x557bd010a300_6951 .array/port v0x557bd010a300, 6951;
v0x557bd010a300_6952 .array/port v0x557bd010a300, 6952;
v0x557bd010a300_6953 .array/port v0x557bd010a300, 6953;
v0x557bd010a300_6954 .array/port v0x557bd010a300, 6954;
E_0x557bd010b960/1738 .event anyedge, v0x557bd010a300_6951, v0x557bd010a300_6952, v0x557bd010a300_6953, v0x557bd010a300_6954;
v0x557bd010a300_6955 .array/port v0x557bd010a300, 6955;
v0x557bd010a300_6956 .array/port v0x557bd010a300, 6956;
v0x557bd010a300_6957 .array/port v0x557bd010a300, 6957;
v0x557bd010a300_6958 .array/port v0x557bd010a300, 6958;
E_0x557bd010b960/1739 .event anyedge, v0x557bd010a300_6955, v0x557bd010a300_6956, v0x557bd010a300_6957, v0x557bd010a300_6958;
v0x557bd010a300_6959 .array/port v0x557bd010a300, 6959;
v0x557bd010a300_6960 .array/port v0x557bd010a300, 6960;
v0x557bd010a300_6961 .array/port v0x557bd010a300, 6961;
v0x557bd010a300_6962 .array/port v0x557bd010a300, 6962;
E_0x557bd010b960/1740 .event anyedge, v0x557bd010a300_6959, v0x557bd010a300_6960, v0x557bd010a300_6961, v0x557bd010a300_6962;
v0x557bd010a300_6963 .array/port v0x557bd010a300, 6963;
v0x557bd010a300_6964 .array/port v0x557bd010a300, 6964;
v0x557bd010a300_6965 .array/port v0x557bd010a300, 6965;
v0x557bd010a300_6966 .array/port v0x557bd010a300, 6966;
E_0x557bd010b960/1741 .event anyedge, v0x557bd010a300_6963, v0x557bd010a300_6964, v0x557bd010a300_6965, v0x557bd010a300_6966;
v0x557bd010a300_6967 .array/port v0x557bd010a300, 6967;
v0x557bd010a300_6968 .array/port v0x557bd010a300, 6968;
v0x557bd010a300_6969 .array/port v0x557bd010a300, 6969;
v0x557bd010a300_6970 .array/port v0x557bd010a300, 6970;
E_0x557bd010b960/1742 .event anyedge, v0x557bd010a300_6967, v0x557bd010a300_6968, v0x557bd010a300_6969, v0x557bd010a300_6970;
v0x557bd010a300_6971 .array/port v0x557bd010a300, 6971;
v0x557bd010a300_6972 .array/port v0x557bd010a300, 6972;
v0x557bd010a300_6973 .array/port v0x557bd010a300, 6973;
v0x557bd010a300_6974 .array/port v0x557bd010a300, 6974;
E_0x557bd010b960/1743 .event anyedge, v0x557bd010a300_6971, v0x557bd010a300_6972, v0x557bd010a300_6973, v0x557bd010a300_6974;
v0x557bd010a300_6975 .array/port v0x557bd010a300, 6975;
v0x557bd010a300_6976 .array/port v0x557bd010a300, 6976;
v0x557bd010a300_6977 .array/port v0x557bd010a300, 6977;
v0x557bd010a300_6978 .array/port v0x557bd010a300, 6978;
E_0x557bd010b960/1744 .event anyedge, v0x557bd010a300_6975, v0x557bd010a300_6976, v0x557bd010a300_6977, v0x557bd010a300_6978;
v0x557bd010a300_6979 .array/port v0x557bd010a300, 6979;
v0x557bd010a300_6980 .array/port v0x557bd010a300, 6980;
v0x557bd010a300_6981 .array/port v0x557bd010a300, 6981;
v0x557bd010a300_6982 .array/port v0x557bd010a300, 6982;
E_0x557bd010b960/1745 .event anyedge, v0x557bd010a300_6979, v0x557bd010a300_6980, v0x557bd010a300_6981, v0x557bd010a300_6982;
v0x557bd010a300_6983 .array/port v0x557bd010a300, 6983;
v0x557bd010a300_6984 .array/port v0x557bd010a300, 6984;
v0x557bd010a300_6985 .array/port v0x557bd010a300, 6985;
v0x557bd010a300_6986 .array/port v0x557bd010a300, 6986;
E_0x557bd010b960/1746 .event anyedge, v0x557bd010a300_6983, v0x557bd010a300_6984, v0x557bd010a300_6985, v0x557bd010a300_6986;
v0x557bd010a300_6987 .array/port v0x557bd010a300, 6987;
v0x557bd010a300_6988 .array/port v0x557bd010a300, 6988;
v0x557bd010a300_6989 .array/port v0x557bd010a300, 6989;
v0x557bd010a300_6990 .array/port v0x557bd010a300, 6990;
E_0x557bd010b960/1747 .event anyedge, v0x557bd010a300_6987, v0x557bd010a300_6988, v0x557bd010a300_6989, v0x557bd010a300_6990;
v0x557bd010a300_6991 .array/port v0x557bd010a300, 6991;
v0x557bd010a300_6992 .array/port v0x557bd010a300, 6992;
v0x557bd010a300_6993 .array/port v0x557bd010a300, 6993;
v0x557bd010a300_6994 .array/port v0x557bd010a300, 6994;
E_0x557bd010b960/1748 .event anyedge, v0x557bd010a300_6991, v0x557bd010a300_6992, v0x557bd010a300_6993, v0x557bd010a300_6994;
v0x557bd010a300_6995 .array/port v0x557bd010a300, 6995;
v0x557bd010a300_6996 .array/port v0x557bd010a300, 6996;
v0x557bd010a300_6997 .array/port v0x557bd010a300, 6997;
v0x557bd010a300_6998 .array/port v0x557bd010a300, 6998;
E_0x557bd010b960/1749 .event anyedge, v0x557bd010a300_6995, v0x557bd010a300_6996, v0x557bd010a300_6997, v0x557bd010a300_6998;
v0x557bd010a300_6999 .array/port v0x557bd010a300, 6999;
v0x557bd010a300_7000 .array/port v0x557bd010a300, 7000;
v0x557bd010a300_7001 .array/port v0x557bd010a300, 7001;
v0x557bd010a300_7002 .array/port v0x557bd010a300, 7002;
E_0x557bd010b960/1750 .event anyedge, v0x557bd010a300_6999, v0x557bd010a300_7000, v0x557bd010a300_7001, v0x557bd010a300_7002;
v0x557bd010a300_7003 .array/port v0x557bd010a300, 7003;
v0x557bd010a300_7004 .array/port v0x557bd010a300, 7004;
v0x557bd010a300_7005 .array/port v0x557bd010a300, 7005;
v0x557bd010a300_7006 .array/port v0x557bd010a300, 7006;
E_0x557bd010b960/1751 .event anyedge, v0x557bd010a300_7003, v0x557bd010a300_7004, v0x557bd010a300_7005, v0x557bd010a300_7006;
v0x557bd010a300_7007 .array/port v0x557bd010a300, 7007;
v0x557bd010a300_7008 .array/port v0x557bd010a300, 7008;
v0x557bd010a300_7009 .array/port v0x557bd010a300, 7009;
v0x557bd010a300_7010 .array/port v0x557bd010a300, 7010;
E_0x557bd010b960/1752 .event anyedge, v0x557bd010a300_7007, v0x557bd010a300_7008, v0x557bd010a300_7009, v0x557bd010a300_7010;
v0x557bd010a300_7011 .array/port v0x557bd010a300, 7011;
v0x557bd010a300_7012 .array/port v0x557bd010a300, 7012;
v0x557bd010a300_7013 .array/port v0x557bd010a300, 7013;
v0x557bd010a300_7014 .array/port v0x557bd010a300, 7014;
E_0x557bd010b960/1753 .event anyedge, v0x557bd010a300_7011, v0x557bd010a300_7012, v0x557bd010a300_7013, v0x557bd010a300_7014;
v0x557bd010a300_7015 .array/port v0x557bd010a300, 7015;
v0x557bd010a300_7016 .array/port v0x557bd010a300, 7016;
v0x557bd010a300_7017 .array/port v0x557bd010a300, 7017;
v0x557bd010a300_7018 .array/port v0x557bd010a300, 7018;
E_0x557bd010b960/1754 .event anyedge, v0x557bd010a300_7015, v0x557bd010a300_7016, v0x557bd010a300_7017, v0x557bd010a300_7018;
v0x557bd010a300_7019 .array/port v0x557bd010a300, 7019;
v0x557bd010a300_7020 .array/port v0x557bd010a300, 7020;
v0x557bd010a300_7021 .array/port v0x557bd010a300, 7021;
v0x557bd010a300_7022 .array/port v0x557bd010a300, 7022;
E_0x557bd010b960/1755 .event anyedge, v0x557bd010a300_7019, v0x557bd010a300_7020, v0x557bd010a300_7021, v0x557bd010a300_7022;
v0x557bd010a300_7023 .array/port v0x557bd010a300, 7023;
v0x557bd010a300_7024 .array/port v0x557bd010a300, 7024;
v0x557bd010a300_7025 .array/port v0x557bd010a300, 7025;
v0x557bd010a300_7026 .array/port v0x557bd010a300, 7026;
E_0x557bd010b960/1756 .event anyedge, v0x557bd010a300_7023, v0x557bd010a300_7024, v0x557bd010a300_7025, v0x557bd010a300_7026;
v0x557bd010a300_7027 .array/port v0x557bd010a300, 7027;
v0x557bd010a300_7028 .array/port v0x557bd010a300, 7028;
v0x557bd010a300_7029 .array/port v0x557bd010a300, 7029;
v0x557bd010a300_7030 .array/port v0x557bd010a300, 7030;
E_0x557bd010b960/1757 .event anyedge, v0x557bd010a300_7027, v0x557bd010a300_7028, v0x557bd010a300_7029, v0x557bd010a300_7030;
v0x557bd010a300_7031 .array/port v0x557bd010a300, 7031;
v0x557bd010a300_7032 .array/port v0x557bd010a300, 7032;
v0x557bd010a300_7033 .array/port v0x557bd010a300, 7033;
v0x557bd010a300_7034 .array/port v0x557bd010a300, 7034;
E_0x557bd010b960/1758 .event anyedge, v0x557bd010a300_7031, v0x557bd010a300_7032, v0x557bd010a300_7033, v0x557bd010a300_7034;
v0x557bd010a300_7035 .array/port v0x557bd010a300, 7035;
v0x557bd010a300_7036 .array/port v0x557bd010a300, 7036;
v0x557bd010a300_7037 .array/port v0x557bd010a300, 7037;
v0x557bd010a300_7038 .array/port v0x557bd010a300, 7038;
E_0x557bd010b960/1759 .event anyedge, v0x557bd010a300_7035, v0x557bd010a300_7036, v0x557bd010a300_7037, v0x557bd010a300_7038;
v0x557bd010a300_7039 .array/port v0x557bd010a300, 7039;
v0x557bd010a300_7040 .array/port v0x557bd010a300, 7040;
v0x557bd010a300_7041 .array/port v0x557bd010a300, 7041;
v0x557bd010a300_7042 .array/port v0x557bd010a300, 7042;
E_0x557bd010b960/1760 .event anyedge, v0x557bd010a300_7039, v0x557bd010a300_7040, v0x557bd010a300_7041, v0x557bd010a300_7042;
v0x557bd010a300_7043 .array/port v0x557bd010a300, 7043;
v0x557bd010a300_7044 .array/port v0x557bd010a300, 7044;
v0x557bd010a300_7045 .array/port v0x557bd010a300, 7045;
v0x557bd010a300_7046 .array/port v0x557bd010a300, 7046;
E_0x557bd010b960/1761 .event anyedge, v0x557bd010a300_7043, v0x557bd010a300_7044, v0x557bd010a300_7045, v0x557bd010a300_7046;
v0x557bd010a300_7047 .array/port v0x557bd010a300, 7047;
v0x557bd010a300_7048 .array/port v0x557bd010a300, 7048;
v0x557bd010a300_7049 .array/port v0x557bd010a300, 7049;
v0x557bd010a300_7050 .array/port v0x557bd010a300, 7050;
E_0x557bd010b960/1762 .event anyedge, v0x557bd010a300_7047, v0x557bd010a300_7048, v0x557bd010a300_7049, v0x557bd010a300_7050;
v0x557bd010a300_7051 .array/port v0x557bd010a300, 7051;
v0x557bd010a300_7052 .array/port v0x557bd010a300, 7052;
v0x557bd010a300_7053 .array/port v0x557bd010a300, 7053;
v0x557bd010a300_7054 .array/port v0x557bd010a300, 7054;
E_0x557bd010b960/1763 .event anyedge, v0x557bd010a300_7051, v0x557bd010a300_7052, v0x557bd010a300_7053, v0x557bd010a300_7054;
v0x557bd010a300_7055 .array/port v0x557bd010a300, 7055;
v0x557bd010a300_7056 .array/port v0x557bd010a300, 7056;
v0x557bd010a300_7057 .array/port v0x557bd010a300, 7057;
v0x557bd010a300_7058 .array/port v0x557bd010a300, 7058;
E_0x557bd010b960/1764 .event anyedge, v0x557bd010a300_7055, v0x557bd010a300_7056, v0x557bd010a300_7057, v0x557bd010a300_7058;
v0x557bd010a300_7059 .array/port v0x557bd010a300, 7059;
v0x557bd010a300_7060 .array/port v0x557bd010a300, 7060;
v0x557bd010a300_7061 .array/port v0x557bd010a300, 7061;
v0x557bd010a300_7062 .array/port v0x557bd010a300, 7062;
E_0x557bd010b960/1765 .event anyedge, v0x557bd010a300_7059, v0x557bd010a300_7060, v0x557bd010a300_7061, v0x557bd010a300_7062;
v0x557bd010a300_7063 .array/port v0x557bd010a300, 7063;
v0x557bd010a300_7064 .array/port v0x557bd010a300, 7064;
v0x557bd010a300_7065 .array/port v0x557bd010a300, 7065;
v0x557bd010a300_7066 .array/port v0x557bd010a300, 7066;
E_0x557bd010b960/1766 .event anyedge, v0x557bd010a300_7063, v0x557bd010a300_7064, v0x557bd010a300_7065, v0x557bd010a300_7066;
v0x557bd010a300_7067 .array/port v0x557bd010a300, 7067;
v0x557bd010a300_7068 .array/port v0x557bd010a300, 7068;
v0x557bd010a300_7069 .array/port v0x557bd010a300, 7069;
v0x557bd010a300_7070 .array/port v0x557bd010a300, 7070;
E_0x557bd010b960/1767 .event anyedge, v0x557bd010a300_7067, v0x557bd010a300_7068, v0x557bd010a300_7069, v0x557bd010a300_7070;
v0x557bd010a300_7071 .array/port v0x557bd010a300, 7071;
v0x557bd010a300_7072 .array/port v0x557bd010a300, 7072;
v0x557bd010a300_7073 .array/port v0x557bd010a300, 7073;
v0x557bd010a300_7074 .array/port v0x557bd010a300, 7074;
E_0x557bd010b960/1768 .event anyedge, v0x557bd010a300_7071, v0x557bd010a300_7072, v0x557bd010a300_7073, v0x557bd010a300_7074;
v0x557bd010a300_7075 .array/port v0x557bd010a300, 7075;
v0x557bd010a300_7076 .array/port v0x557bd010a300, 7076;
v0x557bd010a300_7077 .array/port v0x557bd010a300, 7077;
v0x557bd010a300_7078 .array/port v0x557bd010a300, 7078;
E_0x557bd010b960/1769 .event anyedge, v0x557bd010a300_7075, v0x557bd010a300_7076, v0x557bd010a300_7077, v0x557bd010a300_7078;
v0x557bd010a300_7079 .array/port v0x557bd010a300, 7079;
v0x557bd010a300_7080 .array/port v0x557bd010a300, 7080;
v0x557bd010a300_7081 .array/port v0x557bd010a300, 7081;
v0x557bd010a300_7082 .array/port v0x557bd010a300, 7082;
E_0x557bd010b960/1770 .event anyedge, v0x557bd010a300_7079, v0x557bd010a300_7080, v0x557bd010a300_7081, v0x557bd010a300_7082;
v0x557bd010a300_7083 .array/port v0x557bd010a300, 7083;
v0x557bd010a300_7084 .array/port v0x557bd010a300, 7084;
v0x557bd010a300_7085 .array/port v0x557bd010a300, 7085;
v0x557bd010a300_7086 .array/port v0x557bd010a300, 7086;
E_0x557bd010b960/1771 .event anyedge, v0x557bd010a300_7083, v0x557bd010a300_7084, v0x557bd010a300_7085, v0x557bd010a300_7086;
v0x557bd010a300_7087 .array/port v0x557bd010a300, 7087;
v0x557bd010a300_7088 .array/port v0x557bd010a300, 7088;
v0x557bd010a300_7089 .array/port v0x557bd010a300, 7089;
v0x557bd010a300_7090 .array/port v0x557bd010a300, 7090;
E_0x557bd010b960/1772 .event anyedge, v0x557bd010a300_7087, v0x557bd010a300_7088, v0x557bd010a300_7089, v0x557bd010a300_7090;
v0x557bd010a300_7091 .array/port v0x557bd010a300, 7091;
v0x557bd010a300_7092 .array/port v0x557bd010a300, 7092;
v0x557bd010a300_7093 .array/port v0x557bd010a300, 7093;
v0x557bd010a300_7094 .array/port v0x557bd010a300, 7094;
E_0x557bd010b960/1773 .event anyedge, v0x557bd010a300_7091, v0x557bd010a300_7092, v0x557bd010a300_7093, v0x557bd010a300_7094;
v0x557bd010a300_7095 .array/port v0x557bd010a300, 7095;
v0x557bd010a300_7096 .array/port v0x557bd010a300, 7096;
v0x557bd010a300_7097 .array/port v0x557bd010a300, 7097;
v0x557bd010a300_7098 .array/port v0x557bd010a300, 7098;
E_0x557bd010b960/1774 .event anyedge, v0x557bd010a300_7095, v0x557bd010a300_7096, v0x557bd010a300_7097, v0x557bd010a300_7098;
v0x557bd010a300_7099 .array/port v0x557bd010a300, 7099;
v0x557bd010a300_7100 .array/port v0x557bd010a300, 7100;
v0x557bd010a300_7101 .array/port v0x557bd010a300, 7101;
v0x557bd010a300_7102 .array/port v0x557bd010a300, 7102;
E_0x557bd010b960/1775 .event anyedge, v0x557bd010a300_7099, v0x557bd010a300_7100, v0x557bd010a300_7101, v0x557bd010a300_7102;
v0x557bd010a300_7103 .array/port v0x557bd010a300, 7103;
v0x557bd010a300_7104 .array/port v0x557bd010a300, 7104;
v0x557bd010a300_7105 .array/port v0x557bd010a300, 7105;
v0x557bd010a300_7106 .array/port v0x557bd010a300, 7106;
E_0x557bd010b960/1776 .event anyedge, v0x557bd010a300_7103, v0x557bd010a300_7104, v0x557bd010a300_7105, v0x557bd010a300_7106;
v0x557bd010a300_7107 .array/port v0x557bd010a300, 7107;
v0x557bd010a300_7108 .array/port v0x557bd010a300, 7108;
v0x557bd010a300_7109 .array/port v0x557bd010a300, 7109;
v0x557bd010a300_7110 .array/port v0x557bd010a300, 7110;
E_0x557bd010b960/1777 .event anyedge, v0x557bd010a300_7107, v0x557bd010a300_7108, v0x557bd010a300_7109, v0x557bd010a300_7110;
v0x557bd010a300_7111 .array/port v0x557bd010a300, 7111;
v0x557bd010a300_7112 .array/port v0x557bd010a300, 7112;
v0x557bd010a300_7113 .array/port v0x557bd010a300, 7113;
v0x557bd010a300_7114 .array/port v0x557bd010a300, 7114;
E_0x557bd010b960/1778 .event anyedge, v0x557bd010a300_7111, v0x557bd010a300_7112, v0x557bd010a300_7113, v0x557bd010a300_7114;
v0x557bd010a300_7115 .array/port v0x557bd010a300, 7115;
v0x557bd010a300_7116 .array/port v0x557bd010a300, 7116;
v0x557bd010a300_7117 .array/port v0x557bd010a300, 7117;
v0x557bd010a300_7118 .array/port v0x557bd010a300, 7118;
E_0x557bd010b960/1779 .event anyedge, v0x557bd010a300_7115, v0x557bd010a300_7116, v0x557bd010a300_7117, v0x557bd010a300_7118;
v0x557bd010a300_7119 .array/port v0x557bd010a300, 7119;
v0x557bd010a300_7120 .array/port v0x557bd010a300, 7120;
v0x557bd010a300_7121 .array/port v0x557bd010a300, 7121;
v0x557bd010a300_7122 .array/port v0x557bd010a300, 7122;
E_0x557bd010b960/1780 .event anyedge, v0x557bd010a300_7119, v0x557bd010a300_7120, v0x557bd010a300_7121, v0x557bd010a300_7122;
v0x557bd010a300_7123 .array/port v0x557bd010a300, 7123;
v0x557bd010a300_7124 .array/port v0x557bd010a300, 7124;
v0x557bd010a300_7125 .array/port v0x557bd010a300, 7125;
v0x557bd010a300_7126 .array/port v0x557bd010a300, 7126;
E_0x557bd010b960/1781 .event anyedge, v0x557bd010a300_7123, v0x557bd010a300_7124, v0x557bd010a300_7125, v0x557bd010a300_7126;
v0x557bd010a300_7127 .array/port v0x557bd010a300, 7127;
v0x557bd010a300_7128 .array/port v0x557bd010a300, 7128;
v0x557bd010a300_7129 .array/port v0x557bd010a300, 7129;
v0x557bd010a300_7130 .array/port v0x557bd010a300, 7130;
E_0x557bd010b960/1782 .event anyedge, v0x557bd010a300_7127, v0x557bd010a300_7128, v0x557bd010a300_7129, v0x557bd010a300_7130;
v0x557bd010a300_7131 .array/port v0x557bd010a300, 7131;
v0x557bd010a300_7132 .array/port v0x557bd010a300, 7132;
v0x557bd010a300_7133 .array/port v0x557bd010a300, 7133;
v0x557bd010a300_7134 .array/port v0x557bd010a300, 7134;
E_0x557bd010b960/1783 .event anyedge, v0x557bd010a300_7131, v0x557bd010a300_7132, v0x557bd010a300_7133, v0x557bd010a300_7134;
v0x557bd010a300_7135 .array/port v0x557bd010a300, 7135;
v0x557bd010a300_7136 .array/port v0x557bd010a300, 7136;
v0x557bd010a300_7137 .array/port v0x557bd010a300, 7137;
v0x557bd010a300_7138 .array/port v0x557bd010a300, 7138;
E_0x557bd010b960/1784 .event anyedge, v0x557bd010a300_7135, v0x557bd010a300_7136, v0x557bd010a300_7137, v0x557bd010a300_7138;
v0x557bd010a300_7139 .array/port v0x557bd010a300, 7139;
v0x557bd010a300_7140 .array/port v0x557bd010a300, 7140;
v0x557bd010a300_7141 .array/port v0x557bd010a300, 7141;
v0x557bd010a300_7142 .array/port v0x557bd010a300, 7142;
E_0x557bd010b960/1785 .event anyedge, v0x557bd010a300_7139, v0x557bd010a300_7140, v0x557bd010a300_7141, v0x557bd010a300_7142;
v0x557bd010a300_7143 .array/port v0x557bd010a300, 7143;
v0x557bd010a300_7144 .array/port v0x557bd010a300, 7144;
v0x557bd010a300_7145 .array/port v0x557bd010a300, 7145;
v0x557bd010a300_7146 .array/port v0x557bd010a300, 7146;
E_0x557bd010b960/1786 .event anyedge, v0x557bd010a300_7143, v0x557bd010a300_7144, v0x557bd010a300_7145, v0x557bd010a300_7146;
v0x557bd010a300_7147 .array/port v0x557bd010a300, 7147;
v0x557bd010a300_7148 .array/port v0x557bd010a300, 7148;
v0x557bd010a300_7149 .array/port v0x557bd010a300, 7149;
v0x557bd010a300_7150 .array/port v0x557bd010a300, 7150;
E_0x557bd010b960/1787 .event anyedge, v0x557bd010a300_7147, v0x557bd010a300_7148, v0x557bd010a300_7149, v0x557bd010a300_7150;
v0x557bd010a300_7151 .array/port v0x557bd010a300, 7151;
v0x557bd010a300_7152 .array/port v0x557bd010a300, 7152;
v0x557bd010a300_7153 .array/port v0x557bd010a300, 7153;
v0x557bd010a300_7154 .array/port v0x557bd010a300, 7154;
E_0x557bd010b960/1788 .event anyedge, v0x557bd010a300_7151, v0x557bd010a300_7152, v0x557bd010a300_7153, v0x557bd010a300_7154;
v0x557bd010a300_7155 .array/port v0x557bd010a300, 7155;
v0x557bd010a300_7156 .array/port v0x557bd010a300, 7156;
v0x557bd010a300_7157 .array/port v0x557bd010a300, 7157;
v0x557bd010a300_7158 .array/port v0x557bd010a300, 7158;
E_0x557bd010b960/1789 .event anyedge, v0x557bd010a300_7155, v0x557bd010a300_7156, v0x557bd010a300_7157, v0x557bd010a300_7158;
v0x557bd010a300_7159 .array/port v0x557bd010a300, 7159;
v0x557bd010a300_7160 .array/port v0x557bd010a300, 7160;
v0x557bd010a300_7161 .array/port v0x557bd010a300, 7161;
v0x557bd010a300_7162 .array/port v0x557bd010a300, 7162;
E_0x557bd010b960/1790 .event anyedge, v0x557bd010a300_7159, v0x557bd010a300_7160, v0x557bd010a300_7161, v0x557bd010a300_7162;
v0x557bd010a300_7163 .array/port v0x557bd010a300, 7163;
v0x557bd010a300_7164 .array/port v0x557bd010a300, 7164;
v0x557bd010a300_7165 .array/port v0x557bd010a300, 7165;
v0x557bd010a300_7166 .array/port v0x557bd010a300, 7166;
E_0x557bd010b960/1791 .event anyedge, v0x557bd010a300_7163, v0x557bd010a300_7164, v0x557bd010a300_7165, v0x557bd010a300_7166;
v0x557bd010a300_7167 .array/port v0x557bd010a300, 7167;
v0x557bd010a300_7168 .array/port v0x557bd010a300, 7168;
v0x557bd010a300_7169 .array/port v0x557bd010a300, 7169;
v0x557bd010a300_7170 .array/port v0x557bd010a300, 7170;
E_0x557bd010b960/1792 .event anyedge, v0x557bd010a300_7167, v0x557bd010a300_7168, v0x557bd010a300_7169, v0x557bd010a300_7170;
v0x557bd010a300_7171 .array/port v0x557bd010a300, 7171;
v0x557bd010a300_7172 .array/port v0x557bd010a300, 7172;
v0x557bd010a300_7173 .array/port v0x557bd010a300, 7173;
v0x557bd010a300_7174 .array/port v0x557bd010a300, 7174;
E_0x557bd010b960/1793 .event anyedge, v0x557bd010a300_7171, v0x557bd010a300_7172, v0x557bd010a300_7173, v0x557bd010a300_7174;
v0x557bd010a300_7175 .array/port v0x557bd010a300, 7175;
v0x557bd010a300_7176 .array/port v0x557bd010a300, 7176;
v0x557bd010a300_7177 .array/port v0x557bd010a300, 7177;
v0x557bd010a300_7178 .array/port v0x557bd010a300, 7178;
E_0x557bd010b960/1794 .event anyedge, v0x557bd010a300_7175, v0x557bd010a300_7176, v0x557bd010a300_7177, v0x557bd010a300_7178;
v0x557bd010a300_7179 .array/port v0x557bd010a300, 7179;
v0x557bd010a300_7180 .array/port v0x557bd010a300, 7180;
v0x557bd010a300_7181 .array/port v0x557bd010a300, 7181;
v0x557bd010a300_7182 .array/port v0x557bd010a300, 7182;
E_0x557bd010b960/1795 .event anyedge, v0x557bd010a300_7179, v0x557bd010a300_7180, v0x557bd010a300_7181, v0x557bd010a300_7182;
v0x557bd010a300_7183 .array/port v0x557bd010a300, 7183;
v0x557bd010a300_7184 .array/port v0x557bd010a300, 7184;
v0x557bd010a300_7185 .array/port v0x557bd010a300, 7185;
v0x557bd010a300_7186 .array/port v0x557bd010a300, 7186;
E_0x557bd010b960/1796 .event anyedge, v0x557bd010a300_7183, v0x557bd010a300_7184, v0x557bd010a300_7185, v0x557bd010a300_7186;
v0x557bd010a300_7187 .array/port v0x557bd010a300, 7187;
v0x557bd010a300_7188 .array/port v0x557bd010a300, 7188;
v0x557bd010a300_7189 .array/port v0x557bd010a300, 7189;
v0x557bd010a300_7190 .array/port v0x557bd010a300, 7190;
E_0x557bd010b960/1797 .event anyedge, v0x557bd010a300_7187, v0x557bd010a300_7188, v0x557bd010a300_7189, v0x557bd010a300_7190;
v0x557bd010a300_7191 .array/port v0x557bd010a300, 7191;
v0x557bd010a300_7192 .array/port v0x557bd010a300, 7192;
v0x557bd010a300_7193 .array/port v0x557bd010a300, 7193;
v0x557bd010a300_7194 .array/port v0x557bd010a300, 7194;
E_0x557bd010b960/1798 .event anyedge, v0x557bd010a300_7191, v0x557bd010a300_7192, v0x557bd010a300_7193, v0x557bd010a300_7194;
v0x557bd010a300_7195 .array/port v0x557bd010a300, 7195;
v0x557bd010a300_7196 .array/port v0x557bd010a300, 7196;
v0x557bd010a300_7197 .array/port v0x557bd010a300, 7197;
v0x557bd010a300_7198 .array/port v0x557bd010a300, 7198;
E_0x557bd010b960/1799 .event anyedge, v0x557bd010a300_7195, v0x557bd010a300_7196, v0x557bd010a300_7197, v0x557bd010a300_7198;
v0x557bd010a300_7199 .array/port v0x557bd010a300, 7199;
v0x557bd010a300_7200 .array/port v0x557bd010a300, 7200;
v0x557bd010a300_7201 .array/port v0x557bd010a300, 7201;
v0x557bd010a300_7202 .array/port v0x557bd010a300, 7202;
E_0x557bd010b960/1800 .event anyedge, v0x557bd010a300_7199, v0x557bd010a300_7200, v0x557bd010a300_7201, v0x557bd010a300_7202;
v0x557bd010a300_7203 .array/port v0x557bd010a300, 7203;
v0x557bd010a300_7204 .array/port v0x557bd010a300, 7204;
v0x557bd010a300_7205 .array/port v0x557bd010a300, 7205;
v0x557bd010a300_7206 .array/port v0x557bd010a300, 7206;
E_0x557bd010b960/1801 .event anyedge, v0x557bd010a300_7203, v0x557bd010a300_7204, v0x557bd010a300_7205, v0x557bd010a300_7206;
v0x557bd010a300_7207 .array/port v0x557bd010a300, 7207;
v0x557bd010a300_7208 .array/port v0x557bd010a300, 7208;
v0x557bd010a300_7209 .array/port v0x557bd010a300, 7209;
v0x557bd010a300_7210 .array/port v0x557bd010a300, 7210;
E_0x557bd010b960/1802 .event anyedge, v0x557bd010a300_7207, v0x557bd010a300_7208, v0x557bd010a300_7209, v0x557bd010a300_7210;
v0x557bd010a300_7211 .array/port v0x557bd010a300, 7211;
v0x557bd010a300_7212 .array/port v0x557bd010a300, 7212;
v0x557bd010a300_7213 .array/port v0x557bd010a300, 7213;
v0x557bd010a300_7214 .array/port v0x557bd010a300, 7214;
E_0x557bd010b960/1803 .event anyedge, v0x557bd010a300_7211, v0x557bd010a300_7212, v0x557bd010a300_7213, v0x557bd010a300_7214;
v0x557bd010a300_7215 .array/port v0x557bd010a300, 7215;
v0x557bd010a300_7216 .array/port v0x557bd010a300, 7216;
v0x557bd010a300_7217 .array/port v0x557bd010a300, 7217;
v0x557bd010a300_7218 .array/port v0x557bd010a300, 7218;
E_0x557bd010b960/1804 .event anyedge, v0x557bd010a300_7215, v0x557bd010a300_7216, v0x557bd010a300_7217, v0x557bd010a300_7218;
v0x557bd010a300_7219 .array/port v0x557bd010a300, 7219;
v0x557bd010a300_7220 .array/port v0x557bd010a300, 7220;
v0x557bd010a300_7221 .array/port v0x557bd010a300, 7221;
v0x557bd010a300_7222 .array/port v0x557bd010a300, 7222;
E_0x557bd010b960/1805 .event anyedge, v0x557bd010a300_7219, v0x557bd010a300_7220, v0x557bd010a300_7221, v0x557bd010a300_7222;
v0x557bd010a300_7223 .array/port v0x557bd010a300, 7223;
v0x557bd010a300_7224 .array/port v0x557bd010a300, 7224;
v0x557bd010a300_7225 .array/port v0x557bd010a300, 7225;
v0x557bd010a300_7226 .array/port v0x557bd010a300, 7226;
E_0x557bd010b960/1806 .event anyedge, v0x557bd010a300_7223, v0x557bd010a300_7224, v0x557bd010a300_7225, v0x557bd010a300_7226;
v0x557bd010a300_7227 .array/port v0x557bd010a300, 7227;
v0x557bd010a300_7228 .array/port v0x557bd010a300, 7228;
v0x557bd010a300_7229 .array/port v0x557bd010a300, 7229;
v0x557bd010a300_7230 .array/port v0x557bd010a300, 7230;
E_0x557bd010b960/1807 .event anyedge, v0x557bd010a300_7227, v0x557bd010a300_7228, v0x557bd010a300_7229, v0x557bd010a300_7230;
v0x557bd010a300_7231 .array/port v0x557bd010a300, 7231;
v0x557bd010a300_7232 .array/port v0x557bd010a300, 7232;
v0x557bd010a300_7233 .array/port v0x557bd010a300, 7233;
v0x557bd010a300_7234 .array/port v0x557bd010a300, 7234;
E_0x557bd010b960/1808 .event anyedge, v0x557bd010a300_7231, v0x557bd010a300_7232, v0x557bd010a300_7233, v0x557bd010a300_7234;
v0x557bd010a300_7235 .array/port v0x557bd010a300, 7235;
v0x557bd010a300_7236 .array/port v0x557bd010a300, 7236;
v0x557bd010a300_7237 .array/port v0x557bd010a300, 7237;
v0x557bd010a300_7238 .array/port v0x557bd010a300, 7238;
E_0x557bd010b960/1809 .event anyedge, v0x557bd010a300_7235, v0x557bd010a300_7236, v0x557bd010a300_7237, v0x557bd010a300_7238;
v0x557bd010a300_7239 .array/port v0x557bd010a300, 7239;
v0x557bd010a300_7240 .array/port v0x557bd010a300, 7240;
v0x557bd010a300_7241 .array/port v0x557bd010a300, 7241;
v0x557bd010a300_7242 .array/port v0x557bd010a300, 7242;
E_0x557bd010b960/1810 .event anyedge, v0x557bd010a300_7239, v0x557bd010a300_7240, v0x557bd010a300_7241, v0x557bd010a300_7242;
v0x557bd010a300_7243 .array/port v0x557bd010a300, 7243;
v0x557bd010a300_7244 .array/port v0x557bd010a300, 7244;
v0x557bd010a300_7245 .array/port v0x557bd010a300, 7245;
v0x557bd010a300_7246 .array/port v0x557bd010a300, 7246;
E_0x557bd010b960/1811 .event anyedge, v0x557bd010a300_7243, v0x557bd010a300_7244, v0x557bd010a300_7245, v0x557bd010a300_7246;
v0x557bd010a300_7247 .array/port v0x557bd010a300, 7247;
v0x557bd010a300_7248 .array/port v0x557bd010a300, 7248;
v0x557bd010a300_7249 .array/port v0x557bd010a300, 7249;
v0x557bd010a300_7250 .array/port v0x557bd010a300, 7250;
E_0x557bd010b960/1812 .event anyedge, v0x557bd010a300_7247, v0x557bd010a300_7248, v0x557bd010a300_7249, v0x557bd010a300_7250;
v0x557bd010a300_7251 .array/port v0x557bd010a300, 7251;
v0x557bd010a300_7252 .array/port v0x557bd010a300, 7252;
v0x557bd010a300_7253 .array/port v0x557bd010a300, 7253;
v0x557bd010a300_7254 .array/port v0x557bd010a300, 7254;
E_0x557bd010b960/1813 .event anyedge, v0x557bd010a300_7251, v0x557bd010a300_7252, v0x557bd010a300_7253, v0x557bd010a300_7254;
v0x557bd010a300_7255 .array/port v0x557bd010a300, 7255;
v0x557bd010a300_7256 .array/port v0x557bd010a300, 7256;
v0x557bd010a300_7257 .array/port v0x557bd010a300, 7257;
v0x557bd010a300_7258 .array/port v0x557bd010a300, 7258;
E_0x557bd010b960/1814 .event anyedge, v0x557bd010a300_7255, v0x557bd010a300_7256, v0x557bd010a300_7257, v0x557bd010a300_7258;
v0x557bd010a300_7259 .array/port v0x557bd010a300, 7259;
v0x557bd010a300_7260 .array/port v0x557bd010a300, 7260;
v0x557bd010a300_7261 .array/port v0x557bd010a300, 7261;
v0x557bd010a300_7262 .array/port v0x557bd010a300, 7262;
E_0x557bd010b960/1815 .event anyedge, v0x557bd010a300_7259, v0x557bd010a300_7260, v0x557bd010a300_7261, v0x557bd010a300_7262;
v0x557bd010a300_7263 .array/port v0x557bd010a300, 7263;
v0x557bd010a300_7264 .array/port v0x557bd010a300, 7264;
v0x557bd010a300_7265 .array/port v0x557bd010a300, 7265;
v0x557bd010a300_7266 .array/port v0x557bd010a300, 7266;
E_0x557bd010b960/1816 .event anyedge, v0x557bd010a300_7263, v0x557bd010a300_7264, v0x557bd010a300_7265, v0x557bd010a300_7266;
v0x557bd010a300_7267 .array/port v0x557bd010a300, 7267;
v0x557bd010a300_7268 .array/port v0x557bd010a300, 7268;
v0x557bd010a300_7269 .array/port v0x557bd010a300, 7269;
v0x557bd010a300_7270 .array/port v0x557bd010a300, 7270;
E_0x557bd010b960/1817 .event anyedge, v0x557bd010a300_7267, v0x557bd010a300_7268, v0x557bd010a300_7269, v0x557bd010a300_7270;
v0x557bd010a300_7271 .array/port v0x557bd010a300, 7271;
v0x557bd010a300_7272 .array/port v0x557bd010a300, 7272;
v0x557bd010a300_7273 .array/port v0x557bd010a300, 7273;
v0x557bd010a300_7274 .array/port v0x557bd010a300, 7274;
E_0x557bd010b960/1818 .event anyedge, v0x557bd010a300_7271, v0x557bd010a300_7272, v0x557bd010a300_7273, v0x557bd010a300_7274;
v0x557bd010a300_7275 .array/port v0x557bd010a300, 7275;
v0x557bd010a300_7276 .array/port v0x557bd010a300, 7276;
v0x557bd010a300_7277 .array/port v0x557bd010a300, 7277;
v0x557bd010a300_7278 .array/port v0x557bd010a300, 7278;
E_0x557bd010b960/1819 .event anyedge, v0x557bd010a300_7275, v0x557bd010a300_7276, v0x557bd010a300_7277, v0x557bd010a300_7278;
v0x557bd010a300_7279 .array/port v0x557bd010a300, 7279;
v0x557bd010a300_7280 .array/port v0x557bd010a300, 7280;
v0x557bd010a300_7281 .array/port v0x557bd010a300, 7281;
v0x557bd010a300_7282 .array/port v0x557bd010a300, 7282;
E_0x557bd010b960/1820 .event anyedge, v0x557bd010a300_7279, v0x557bd010a300_7280, v0x557bd010a300_7281, v0x557bd010a300_7282;
v0x557bd010a300_7283 .array/port v0x557bd010a300, 7283;
v0x557bd010a300_7284 .array/port v0x557bd010a300, 7284;
v0x557bd010a300_7285 .array/port v0x557bd010a300, 7285;
v0x557bd010a300_7286 .array/port v0x557bd010a300, 7286;
E_0x557bd010b960/1821 .event anyedge, v0x557bd010a300_7283, v0x557bd010a300_7284, v0x557bd010a300_7285, v0x557bd010a300_7286;
v0x557bd010a300_7287 .array/port v0x557bd010a300, 7287;
v0x557bd010a300_7288 .array/port v0x557bd010a300, 7288;
v0x557bd010a300_7289 .array/port v0x557bd010a300, 7289;
v0x557bd010a300_7290 .array/port v0x557bd010a300, 7290;
E_0x557bd010b960/1822 .event anyedge, v0x557bd010a300_7287, v0x557bd010a300_7288, v0x557bd010a300_7289, v0x557bd010a300_7290;
v0x557bd010a300_7291 .array/port v0x557bd010a300, 7291;
v0x557bd010a300_7292 .array/port v0x557bd010a300, 7292;
v0x557bd010a300_7293 .array/port v0x557bd010a300, 7293;
v0x557bd010a300_7294 .array/port v0x557bd010a300, 7294;
E_0x557bd010b960/1823 .event anyedge, v0x557bd010a300_7291, v0x557bd010a300_7292, v0x557bd010a300_7293, v0x557bd010a300_7294;
v0x557bd010a300_7295 .array/port v0x557bd010a300, 7295;
v0x557bd010a300_7296 .array/port v0x557bd010a300, 7296;
v0x557bd010a300_7297 .array/port v0x557bd010a300, 7297;
v0x557bd010a300_7298 .array/port v0x557bd010a300, 7298;
E_0x557bd010b960/1824 .event anyedge, v0x557bd010a300_7295, v0x557bd010a300_7296, v0x557bd010a300_7297, v0x557bd010a300_7298;
v0x557bd010a300_7299 .array/port v0x557bd010a300, 7299;
v0x557bd010a300_7300 .array/port v0x557bd010a300, 7300;
v0x557bd010a300_7301 .array/port v0x557bd010a300, 7301;
v0x557bd010a300_7302 .array/port v0x557bd010a300, 7302;
E_0x557bd010b960/1825 .event anyedge, v0x557bd010a300_7299, v0x557bd010a300_7300, v0x557bd010a300_7301, v0x557bd010a300_7302;
v0x557bd010a300_7303 .array/port v0x557bd010a300, 7303;
v0x557bd010a300_7304 .array/port v0x557bd010a300, 7304;
v0x557bd010a300_7305 .array/port v0x557bd010a300, 7305;
v0x557bd010a300_7306 .array/port v0x557bd010a300, 7306;
E_0x557bd010b960/1826 .event anyedge, v0x557bd010a300_7303, v0x557bd010a300_7304, v0x557bd010a300_7305, v0x557bd010a300_7306;
v0x557bd010a300_7307 .array/port v0x557bd010a300, 7307;
v0x557bd010a300_7308 .array/port v0x557bd010a300, 7308;
v0x557bd010a300_7309 .array/port v0x557bd010a300, 7309;
v0x557bd010a300_7310 .array/port v0x557bd010a300, 7310;
E_0x557bd010b960/1827 .event anyedge, v0x557bd010a300_7307, v0x557bd010a300_7308, v0x557bd010a300_7309, v0x557bd010a300_7310;
v0x557bd010a300_7311 .array/port v0x557bd010a300, 7311;
v0x557bd010a300_7312 .array/port v0x557bd010a300, 7312;
v0x557bd010a300_7313 .array/port v0x557bd010a300, 7313;
v0x557bd010a300_7314 .array/port v0x557bd010a300, 7314;
E_0x557bd010b960/1828 .event anyedge, v0x557bd010a300_7311, v0x557bd010a300_7312, v0x557bd010a300_7313, v0x557bd010a300_7314;
v0x557bd010a300_7315 .array/port v0x557bd010a300, 7315;
v0x557bd010a300_7316 .array/port v0x557bd010a300, 7316;
v0x557bd010a300_7317 .array/port v0x557bd010a300, 7317;
v0x557bd010a300_7318 .array/port v0x557bd010a300, 7318;
E_0x557bd010b960/1829 .event anyedge, v0x557bd010a300_7315, v0x557bd010a300_7316, v0x557bd010a300_7317, v0x557bd010a300_7318;
v0x557bd010a300_7319 .array/port v0x557bd010a300, 7319;
v0x557bd010a300_7320 .array/port v0x557bd010a300, 7320;
v0x557bd010a300_7321 .array/port v0x557bd010a300, 7321;
v0x557bd010a300_7322 .array/port v0x557bd010a300, 7322;
E_0x557bd010b960/1830 .event anyedge, v0x557bd010a300_7319, v0x557bd010a300_7320, v0x557bd010a300_7321, v0x557bd010a300_7322;
v0x557bd010a300_7323 .array/port v0x557bd010a300, 7323;
v0x557bd010a300_7324 .array/port v0x557bd010a300, 7324;
v0x557bd010a300_7325 .array/port v0x557bd010a300, 7325;
v0x557bd010a300_7326 .array/port v0x557bd010a300, 7326;
E_0x557bd010b960/1831 .event anyedge, v0x557bd010a300_7323, v0x557bd010a300_7324, v0x557bd010a300_7325, v0x557bd010a300_7326;
v0x557bd010a300_7327 .array/port v0x557bd010a300, 7327;
v0x557bd010a300_7328 .array/port v0x557bd010a300, 7328;
v0x557bd010a300_7329 .array/port v0x557bd010a300, 7329;
v0x557bd010a300_7330 .array/port v0x557bd010a300, 7330;
E_0x557bd010b960/1832 .event anyedge, v0x557bd010a300_7327, v0x557bd010a300_7328, v0x557bd010a300_7329, v0x557bd010a300_7330;
v0x557bd010a300_7331 .array/port v0x557bd010a300, 7331;
v0x557bd010a300_7332 .array/port v0x557bd010a300, 7332;
v0x557bd010a300_7333 .array/port v0x557bd010a300, 7333;
v0x557bd010a300_7334 .array/port v0x557bd010a300, 7334;
E_0x557bd010b960/1833 .event anyedge, v0x557bd010a300_7331, v0x557bd010a300_7332, v0x557bd010a300_7333, v0x557bd010a300_7334;
v0x557bd010a300_7335 .array/port v0x557bd010a300, 7335;
v0x557bd010a300_7336 .array/port v0x557bd010a300, 7336;
v0x557bd010a300_7337 .array/port v0x557bd010a300, 7337;
v0x557bd010a300_7338 .array/port v0x557bd010a300, 7338;
E_0x557bd010b960/1834 .event anyedge, v0x557bd010a300_7335, v0x557bd010a300_7336, v0x557bd010a300_7337, v0x557bd010a300_7338;
v0x557bd010a300_7339 .array/port v0x557bd010a300, 7339;
v0x557bd010a300_7340 .array/port v0x557bd010a300, 7340;
v0x557bd010a300_7341 .array/port v0x557bd010a300, 7341;
v0x557bd010a300_7342 .array/port v0x557bd010a300, 7342;
E_0x557bd010b960/1835 .event anyedge, v0x557bd010a300_7339, v0x557bd010a300_7340, v0x557bd010a300_7341, v0x557bd010a300_7342;
v0x557bd010a300_7343 .array/port v0x557bd010a300, 7343;
v0x557bd010a300_7344 .array/port v0x557bd010a300, 7344;
v0x557bd010a300_7345 .array/port v0x557bd010a300, 7345;
v0x557bd010a300_7346 .array/port v0x557bd010a300, 7346;
E_0x557bd010b960/1836 .event anyedge, v0x557bd010a300_7343, v0x557bd010a300_7344, v0x557bd010a300_7345, v0x557bd010a300_7346;
v0x557bd010a300_7347 .array/port v0x557bd010a300, 7347;
v0x557bd010a300_7348 .array/port v0x557bd010a300, 7348;
v0x557bd010a300_7349 .array/port v0x557bd010a300, 7349;
v0x557bd010a300_7350 .array/port v0x557bd010a300, 7350;
E_0x557bd010b960/1837 .event anyedge, v0x557bd010a300_7347, v0x557bd010a300_7348, v0x557bd010a300_7349, v0x557bd010a300_7350;
v0x557bd010a300_7351 .array/port v0x557bd010a300, 7351;
v0x557bd010a300_7352 .array/port v0x557bd010a300, 7352;
v0x557bd010a300_7353 .array/port v0x557bd010a300, 7353;
v0x557bd010a300_7354 .array/port v0x557bd010a300, 7354;
E_0x557bd010b960/1838 .event anyedge, v0x557bd010a300_7351, v0x557bd010a300_7352, v0x557bd010a300_7353, v0x557bd010a300_7354;
v0x557bd010a300_7355 .array/port v0x557bd010a300, 7355;
v0x557bd010a300_7356 .array/port v0x557bd010a300, 7356;
v0x557bd010a300_7357 .array/port v0x557bd010a300, 7357;
v0x557bd010a300_7358 .array/port v0x557bd010a300, 7358;
E_0x557bd010b960/1839 .event anyedge, v0x557bd010a300_7355, v0x557bd010a300_7356, v0x557bd010a300_7357, v0x557bd010a300_7358;
v0x557bd010a300_7359 .array/port v0x557bd010a300, 7359;
v0x557bd010a300_7360 .array/port v0x557bd010a300, 7360;
v0x557bd010a300_7361 .array/port v0x557bd010a300, 7361;
v0x557bd010a300_7362 .array/port v0x557bd010a300, 7362;
E_0x557bd010b960/1840 .event anyedge, v0x557bd010a300_7359, v0x557bd010a300_7360, v0x557bd010a300_7361, v0x557bd010a300_7362;
v0x557bd010a300_7363 .array/port v0x557bd010a300, 7363;
v0x557bd010a300_7364 .array/port v0x557bd010a300, 7364;
v0x557bd010a300_7365 .array/port v0x557bd010a300, 7365;
v0x557bd010a300_7366 .array/port v0x557bd010a300, 7366;
E_0x557bd010b960/1841 .event anyedge, v0x557bd010a300_7363, v0x557bd010a300_7364, v0x557bd010a300_7365, v0x557bd010a300_7366;
v0x557bd010a300_7367 .array/port v0x557bd010a300, 7367;
v0x557bd010a300_7368 .array/port v0x557bd010a300, 7368;
v0x557bd010a300_7369 .array/port v0x557bd010a300, 7369;
v0x557bd010a300_7370 .array/port v0x557bd010a300, 7370;
E_0x557bd010b960/1842 .event anyedge, v0x557bd010a300_7367, v0x557bd010a300_7368, v0x557bd010a300_7369, v0x557bd010a300_7370;
v0x557bd010a300_7371 .array/port v0x557bd010a300, 7371;
v0x557bd010a300_7372 .array/port v0x557bd010a300, 7372;
v0x557bd010a300_7373 .array/port v0x557bd010a300, 7373;
v0x557bd010a300_7374 .array/port v0x557bd010a300, 7374;
E_0x557bd010b960/1843 .event anyedge, v0x557bd010a300_7371, v0x557bd010a300_7372, v0x557bd010a300_7373, v0x557bd010a300_7374;
v0x557bd010a300_7375 .array/port v0x557bd010a300, 7375;
v0x557bd010a300_7376 .array/port v0x557bd010a300, 7376;
v0x557bd010a300_7377 .array/port v0x557bd010a300, 7377;
v0x557bd010a300_7378 .array/port v0x557bd010a300, 7378;
E_0x557bd010b960/1844 .event anyedge, v0x557bd010a300_7375, v0x557bd010a300_7376, v0x557bd010a300_7377, v0x557bd010a300_7378;
v0x557bd010a300_7379 .array/port v0x557bd010a300, 7379;
v0x557bd010a300_7380 .array/port v0x557bd010a300, 7380;
v0x557bd010a300_7381 .array/port v0x557bd010a300, 7381;
v0x557bd010a300_7382 .array/port v0x557bd010a300, 7382;
E_0x557bd010b960/1845 .event anyedge, v0x557bd010a300_7379, v0x557bd010a300_7380, v0x557bd010a300_7381, v0x557bd010a300_7382;
v0x557bd010a300_7383 .array/port v0x557bd010a300, 7383;
v0x557bd010a300_7384 .array/port v0x557bd010a300, 7384;
v0x557bd010a300_7385 .array/port v0x557bd010a300, 7385;
v0x557bd010a300_7386 .array/port v0x557bd010a300, 7386;
E_0x557bd010b960/1846 .event anyedge, v0x557bd010a300_7383, v0x557bd010a300_7384, v0x557bd010a300_7385, v0x557bd010a300_7386;
v0x557bd010a300_7387 .array/port v0x557bd010a300, 7387;
v0x557bd010a300_7388 .array/port v0x557bd010a300, 7388;
v0x557bd010a300_7389 .array/port v0x557bd010a300, 7389;
v0x557bd010a300_7390 .array/port v0x557bd010a300, 7390;
E_0x557bd010b960/1847 .event anyedge, v0x557bd010a300_7387, v0x557bd010a300_7388, v0x557bd010a300_7389, v0x557bd010a300_7390;
v0x557bd010a300_7391 .array/port v0x557bd010a300, 7391;
v0x557bd010a300_7392 .array/port v0x557bd010a300, 7392;
v0x557bd010a300_7393 .array/port v0x557bd010a300, 7393;
v0x557bd010a300_7394 .array/port v0x557bd010a300, 7394;
E_0x557bd010b960/1848 .event anyedge, v0x557bd010a300_7391, v0x557bd010a300_7392, v0x557bd010a300_7393, v0x557bd010a300_7394;
v0x557bd010a300_7395 .array/port v0x557bd010a300, 7395;
v0x557bd010a300_7396 .array/port v0x557bd010a300, 7396;
v0x557bd010a300_7397 .array/port v0x557bd010a300, 7397;
v0x557bd010a300_7398 .array/port v0x557bd010a300, 7398;
E_0x557bd010b960/1849 .event anyedge, v0x557bd010a300_7395, v0x557bd010a300_7396, v0x557bd010a300_7397, v0x557bd010a300_7398;
v0x557bd010a300_7399 .array/port v0x557bd010a300, 7399;
v0x557bd010a300_7400 .array/port v0x557bd010a300, 7400;
v0x557bd010a300_7401 .array/port v0x557bd010a300, 7401;
v0x557bd010a300_7402 .array/port v0x557bd010a300, 7402;
E_0x557bd010b960/1850 .event anyedge, v0x557bd010a300_7399, v0x557bd010a300_7400, v0x557bd010a300_7401, v0x557bd010a300_7402;
v0x557bd010a300_7403 .array/port v0x557bd010a300, 7403;
v0x557bd010a300_7404 .array/port v0x557bd010a300, 7404;
v0x557bd010a300_7405 .array/port v0x557bd010a300, 7405;
v0x557bd010a300_7406 .array/port v0x557bd010a300, 7406;
E_0x557bd010b960/1851 .event anyedge, v0x557bd010a300_7403, v0x557bd010a300_7404, v0x557bd010a300_7405, v0x557bd010a300_7406;
v0x557bd010a300_7407 .array/port v0x557bd010a300, 7407;
v0x557bd010a300_7408 .array/port v0x557bd010a300, 7408;
v0x557bd010a300_7409 .array/port v0x557bd010a300, 7409;
v0x557bd010a300_7410 .array/port v0x557bd010a300, 7410;
E_0x557bd010b960/1852 .event anyedge, v0x557bd010a300_7407, v0x557bd010a300_7408, v0x557bd010a300_7409, v0x557bd010a300_7410;
v0x557bd010a300_7411 .array/port v0x557bd010a300, 7411;
v0x557bd010a300_7412 .array/port v0x557bd010a300, 7412;
v0x557bd010a300_7413 .array/port v0x557bd010a300, 7413;
v0x557bd010a300_7414 .array/port v0x557bd010a300, 7414;
E_0x557bd010b960/1853 .event anyedge, v0x557bd010a300_7411, v0x557bd010a300_7412, v0x557bd010a300_7413, v0x557bd010a300_7414;
v0x557bd010a300_7415 .array/port v0x557bd010a300, 7415;
v0x557bd010a300_7416 .array/port v0x557bd010a300, 7416;
v0x557bd010a300_7417 .array/port v0x557bd010a300, 7417;
v0x557bd010a300_7418 .array/port v0x557bd010a300, 7418;
E_0x557bd010b960/1854 .event anyedge, v0x557bd010a300_7415, v0x557bd010a300_7416, v0x557bd010a300_7417, v0x557bd010a300_7418;
v0x557bd010a300_7419 .array/port v0x557bd010a300, 7419;
v0x557bd010a300_7420 .array/port v0x557bd010a300, 7420;
v0x557bd010a300_7421 .array/port v0x557bd010a300, 7421;
v0x557bd010a300_7422 .array/port v0x557bd010a300, 7422;
E_0x557bd010b960/1855 .event anyedge, v0x557bd010a300_7419, v0x557bd010a300_7420, v0x557bd010a300_7421, v0x557bd010a300_7422;
v0x557bd010a300_7423 .array/port v0x557bd010a300, 7423;
v0x557bd010a300_7424 .array/port v0x557bd010a300, 7424;
v0x557bd010a300_7425 .array/port v0x557bd010a300, 7425;
v0x557bd010a300_7426 .array/port v0x557bd010a300, 7426;
E_0x557bd010b960/1856 .event anyedge, v0x557bd010a300_7423, v0x557bd010a300_7424, v0x557bd010a300_7425, v0x557bd010a300_7426;
v0x557bd010a300_7427 .array/port v0x557bd010a300, 7427;
v0x557bd010a300_7428 .array/port v0x557bd010a300, 7428;
v0x557bd010a300_7429 .array/port v0x557bd010a300, 7429;
v0x557bd010a300_7430 .array/port v0x557bd010a300, 7430;
E_0x557bd010b960/1857 .event anyedge, v0x557bd010a300_7427, v0x557bd010a300_7428, v0x557bd010a300_7429, v0x557bd010a300_7430;
v0x557bd010a300_7431 .array/port v0x557bd010a300, 7431;
v0x557bd010a300_7432 .array/port v0x557bd010a300, 7432;
v0x557bd010a300_7433 .array/port v0x557bd010a300, 7433;
v0x557bd010a300_7434 .array/port v0x557bd010a300, 7434;
E_0x557bd010b960/1858 .event anyedge, v0x557bd010a300_7431, v0x557bd010a300_7432, v0x557bd010a300_7433, v0x557bd010a300_7434;
v0x557bd010a300_7435 .array/port v0x557bd010a300, 7435;
v0x557bd010a300_7436 .array/port v0x557bd010a300, 7436;
v0x557bd010a300_7437 .array/port v0x557bd010a300, 7437;
v0x557bd010a300_7438 .array/port v0x557bd010a300, 7438;
E_0x557bd010b960/1859 .event anyedge, v0x557bd010a300_7435, v0x557bd010a300_7436, v0x557bd010a300_7437, v0x557bd010a300_7438;
v0x557bd010a300_7439 .array/port v0x557bd010a300, 7439;
v0x557bd010a300_7440 .array/port v0x557bd010a300, 7440;
v0x557bd010a300_7441 .array/port v0x557bd010a300, 7441;
v0x557bd010a300_7442 .array/port v0x557bd010a300, 7442;
E_0x557bd010b960/1860 .event anyedge, v0x557bd010a300_7439, v0x557bd010a300_7440, v0x557bd010a300_7441, v0x557bd010a300_7442;
v0x557bd010a300_7443 .array/port v0x557bd010a300, 7443;
v0x557bd010a300_7444 .array/port v0x557bd010a300, 7444;
v0x557bd010a300_7445 .array/port v0x557bd010a300, 7445;
v0x557bd010a300_7446 .array/port v0x557bd010a300, 7446;
E_0x557bd010b960/1861 .event anyedge, v0x557bd010a300_7443, v0x557bd010a300_7444, v0x557bd010a300_7445, v0x557bd010a300_7446;
v0x557bd010a300_7447 .array/port v0x557bd010a300, 7447;
v0x557bd010a300_7448 .array/port v0x557bd010a300, 7448;
v0x557bd010a300_7449 .array/port v0x557bd010a300, 7449;
v0x557bd010a300_7450 .array/port v0x557bd010a300, 7450;
E_0x557bd010b960/1862 .event anyedge, v0x557bd010a300_7447, v0x557bd010a300_7448, v0x557bd010a300_7449, v0x557bd010a300_7450;
v0x557bd010a300_7451 .array/port v0x557bd010a300, 7451;
v0x557bd010a300_7452 .array/port v0x557bd010a300, 7452;
v0x557bd010a300_7453 .array/port v0x557bd010a300, 7453;
v0x557bd010a300_7454 .array/port v0x557bd010a300, 7454;
E_0x557bd010b960/1863 .event anyedge, v0x557bd010a300_7451, v0x557bd010a300_7452, v0x557bd010a300_7453, v0x557bd010a300_7454;
v0x557bd010a300_7455 .array/port v0x557bd010a300, 7455;
v0x557bd010a300_7456 .array/port v0x557bd010a300, 7456;
v0x557bd010a300_7457 .array/port v0x557bd010a300, 7457;
v0x557bd010a300_7458 .array/port v0x557bd010a300, 7458;
E_0x557bd010b960/1864 .event anyedge, v0x557bd010a300_7455, v0x557bd010a300_7456, v0x557bd010a300_7457, v0x557bd010a300_7458;
v0x557bd010a300_7459 .array/port v0x557bd010a300, 7459;
v0x557bd010a300_7460 .array/port v0x557bd010a300, 7460;
v0x557bd010a300_7461 .array/port v0x557bd010a300, 7461;
v0x557bd010a300_7462 .array/port v0x557bd010a300, 7462;
E_0x557bd010b960/1865 .event anyedge, v0x557bd010a300_7459, v0x557bd010a300_7460, v0x557bd010a300_7461, v0x557bd010a300_7462;
v0x557bd010a300_7463 .array/port v0x557bd010a300, 7463;
v0x557bd010a300_7464 .array/port v0x557bd010a300, 7464;
v0x557bd010a300_7465 .array/port v0x557bd010a300, 7465;
v0x557bd010a300_7466 .array/port v0x557bd010a300, 7466;
E_0x557bd010b960/1866 .event anyedge, v0x557bd010a300_7463, v0x557bd010a300_7464, v0x557bd010a300_7465, v0x557bd010a300_7466;
v0x557bd010a300_7467 .array/port v0x557bd010a300, 7467;
v0x557bd010a300_7468 .array/port v0x557bd010a300, 7468;
v0x557bd010a300_7469 .array/port v0x557bd010a300, 7469;
v0x557bd010a300_7470 .array/port v0x557bd010a300, 7470;
E_0x557bd010b960/1867 .event anyedge, v0x557bd010a300_7467, v0x557bd010a300_7468, v0x557bd010a300_7469, v0x557bd010a300_7470;
v0x557bd010a300_7471 .array/port v0x557bd010a300, 7471;
v0x557bd010a300_7472 .array/port v0x557bd010a300, 7472;
v0x557bd010a300_7473 .array/port v0x557bd010a300, 7473;
v0x557bd010a300_7474 .array/port v0x557bd010a300, 7474;
E_0x557bd010b960/1868 .event anyedge, v0x557bd010a300_7471, v0x557bd010a300_7472, v0x557bd010a300_7473, v0x557bd010a300_7474;
v0x557bd010a300_7475 .array/port v0x557bd010a300, 7475;
v0x557bd010a300_7476 .array/port v0x557bd010a300, 7476;
v0x557bd010a300_7477 .array/port v0x557bd010a300, 7477;
v0x557bd010a300_7478 .array/port v0x557bd010a300, 7478;
E_0x557bd010b960/1869 .event anyedge, v0x557bd010a300_7475, v0x557bd010a300_7476, v0x557bd010a300_7477, v0x557bd010a300_7478;
v0x557bd010a300_7479 .array/port v0x557bd010a300, 7479;
v0x557bd010a300_7480 .array/port v0x557bd010a300, 7480;
v0x557bd010a300_7481 .array/port v0x557bd010a300, 7481;
v0x557bd010a300_7482 .array/port v0x557bd010a300, 7482;
E_0x557bd010b960/1870 .event anyedge, v0x557bd010a300_7479, v0x557bd010a300_7480, v0x557bd010a300_7481, v0x557bd010a300_7482;
v0x557bd010a300_7483 .array/port v0x557bd010a300, 7483;
v0x557bd010a300_7484 .array/port v0x557bd010a300, 7484;
v0x557bd010a300_7485 .array/port v0x557bd010a300, 7485;
v0x557bd010a300_7486 .array/port v0x557bd010a300, 7486;
E_0x557bd010b960/1871 .event anyedge, v0x557bd010a300_7483, v0x557bd010a300_7484, v0x557bd010a300_7485, v0x557bd010a300_7486;
v0x557bd010a300_7487 .array/port v0x557bd010a300, 7487;
v0x557bd010a300_7488 .array/port v0x557bd010a300, 7488;
v0x557bd010a300_7489 .array/port v0x557bd010a300, 7489;
v0x557bd010a300_7490 .array/port v0x557bd010a300, 7490;
E_0x557bd010b960/1872 .event anyedge, v0x557bd010a300_7487, v0x557bd010a300_7488, v0x557bd010a300_7489, v0x557bd010a300_7490;
v0x557bd010a300_7491 .array/port v0x557bd010a300, 7491;
v0x557bd010a300_7492 .array/port v0x557bd010a300, 7492;
v0x557bd010a300_7493 .array/port v0x557bd010a300, 7493;
v0x557bd010a300_7494 .array/port v0x557bd010a300, 7494;
E_0x557bd010b960/1873 .event anyedge, v0x557bd010a300_7491, v0x557bd010a300_7492, v0x557bd010a300_7493, v0x557bd010a300_7494;
v0x557bd010a300_7495 .array/port v0x557bd010a300, 7495;
v0x557bd010a300_7496 .array/port v0x557bd010a300, 7496;
v0x557bd010a300_7497 .array/port v0x557bd010a300, 7497;
v0x557bd010a300_7498 .array/port v0x557bd010a300, 7498;
E_0x557bd010b960/1874 .event anyedge, v0x557bd010a300_7495, v0x557bd010a300_7496, v0x557bd010a300_7497, v0x557bd010a300_7498;
v0x557bd010a300_7499 .array/port v0x557bd010a300, 7499;
v0x557bd010a300_7500 .array/port v0x557bd010a300, 7500;
v0x557bd010a300_7501 .array/port v0x557bd010a300, 7501;
v0x557bd010a300_7502 .array/port v0x557bd010a300, 7502;
E_0x557bd010b960/1875 .event anyedge, v0x557bd010a300_7499, v0x557bd010a300_7500, v0x557bd010a300_7501, v0x557bd010a300_7502;
v0x557bd010a300_7503 .array/port v0x557bd010a300, 7503;
v0x557bd010a300_7504 .array/port v0x557bd010a300, 7504;
v0x557bd010a300_7505 .array/port v0x557bd010a300, 7505;
v0x557bd010a300_7506 .array/port v0x557bd010a300, 7506;
E_0x557bd010b960/1876 .event anyedge, v0x557bd010a300_7503, v0x557bd010a300_7504, v0x557bd010a300_7505, v0x557bd010a300_7506;
v0x557bd010a300_7507 .array/port v0x557bd010a300, 7507;
v0x557bd010a300_7508 .array/port v0x557bd010a300, 7508;
v0x557bd010a300_7509 .array/port v0x557bd010a300, 7509;
v0x557bd010a300_7510 .array/port v0x557bd010a300, 7510;
E_0x557bd010b960/1877 .event anyedge, v0x557bd010a300_7507, v0x557bd010a300_7508, v0x557bd010a300_7509, v0x557bd010a300_7510;
v0x557bd010a300_7511 .array/port v0x557bd010a300, 7511;
v0x557bd010a300_7512 .array/port v0x557bd010a300, 7512;
v0x557bd010a300_7513 .array/port v0x557bd010a300, 7513;
v0x557bd010a300_7514 .array/port v0x557bd010a300, 7514;
E_0x557bd010b960/1878 .event anyedge, v0x557bd010a300_7511, v0x557bd010a300_7512, v0x557bd010a300_7513, v0x557bd010a300_7514;
v0x557bd010a300_7515 .array/port v0x557bd010a300, 7515;
v0x557bd010a300_7516 .array/port v0x557bd010a300, 7516;
v0x557bd010a300_7517 .array/port v0x557bd010a300, 7517;
v0x557bd010a300_7518 .array/port v0x557bd010a300, 7518;
E_0x557bd010b960/1879 .event anyedge, v0x557bd010a300_7515, v0x557bd010a300_7516, v0x557bd010a300_7517, v0x557bd010a300_7518;
v0x557bd010a300_7519 .array/port v0x557bd010a300, 7519;
v0x557bd010a300_7520 .array/port v0x557bd010a300, 7520;
v0x557bd010a300_7521 .array/port v0x557bd010a300, 7521;
v0x557bd010a300_7522 .array/port v0x557bd010a300, 7522;
E_0x557bd010b960/1880 .event anyedge, v0x557bd010a300_7519, v0x557bd010a300_7520, v0x557bd010a300_7521, v0x557bd010a300_7522;
v0x557bd010a300_7523 .array/port v0x557bd010a300, 7523;
v0x557bd010a300_7524 .array/port v0x557bd010a300, 7524;
v0x557bd010a300_7525 .array/port v0x557bd010a300, 7525;
v0x557bd010a300_7526 .array/port v0x557bd010a300, 7526;
E_0x557bd010b960/1881 .event anyedge, v0x557bd010a300_7523, v0x557bd010a300_7524, v0x557bd010a300_7525, v0x557bd010a300_7526;
v0x557bd010a300_7527 .array/port v0x557bd010a300, 7527;
v0x557bd010a300_7528 .array/port v0x557bd010a300, 7528;
v0x557bd010a300_7529 .array/port v0x557bd010a300, 7529;
v0x557bd010a300_7530 .array/port v0x557bd010a300, 7530;
E_0x557bd010b960/1882 .event anyedge, v0x557bd010a300_7527, v0x557bd010a300_7528, v0x557bd010a300_7529, v0x557bd010a300_7530;
v0x557bd010a300_7531 .array/port v0x557bd010a300, 7531;
v0x557bd010a300_7532 .array/port v0x557bd010a300, 7532;
v0x557bd010a300_7533 .array/port v0x557bd010a300, 7533;
v0x557bd010a300_7534 .array/port v0x557bd010a300, 7534;
E_0x557bd010b960/1883 .event anyedge, v0x557bd010a300_7531, v0x557bd010a300_7532, v0x557bd010a300_7533, v0x557bd010a300_7534;
v0x557bd010a300_7535 .array/port v0x557bd010a300, 7535;
v0x557bd010a300_7536 .array/port v0x557bd010a300, 7536;
v0x557bd010a300_7537 .array/port v0x557bd010a300, 7537;
v0x557bd010a300_7538 .array/port v0x557bd010a300, 7538;
E_0x557bd010b960/1884 .event anyedge, v0x557bd010a300_7535, v0x557bd010a300_7536, v0x557bd010a300_7537, v0x557bd010a300_7538;
v0x557bd010a300_7539 .array/port v0x557bd010a300, 7539;
v0x557bd010a300_7540 .array/port v0x557bd010a300, 7540;
v0x557bd010a300_7541 .array/port v0x557bd010a300, 7541;
v0x557bd010a300_7542 .array/port v0x557bd010a300, 7542;
E_0x557bd010b960/1885 .event anyedge, v0x557bd010a300_7539, v0x557bd010a300_7540, v0x557bd010a300_7541, v0x557bd010a300_7542;
v0x557bd010a300_7543 .array/port v0x557bd010a300, 7543;
v0x557bd010a300_7544 .array/port v0x557bd010a300, 7544;
v0x557bd010a300_7545 .array/port v0x557bd010a300, 7545;
v0x557bd010a300_7546 .array/port v0x557bd010a300, 7546;
E_0x557bd010b960/1886 .event anyedge, v0x557bd010a300_7543, v0x557bd010a300_7544, v0x557bd010a300_7545, v0x557bd010a300_7546;
v0x557bd010a300_7547 .array/port v0x557bd010a300, 7547;
v0x557bd010a300_7548 .array/port v0x557bd010a300, 7548;
v0x557bd010a300_7549 .array/port v0x557bd010a300, 7549;
v0x557bd010a300_7550 .array/port v0x557bd010a300, 7550;
E_0x557bd010b960/1887 .event anyedge, v0x557bd010a300_7547, v0x557bd010a300_7548, v0x557bd010a300_7549, v0x557bd010a300_7550;
v0x557bd010a300_7551 .array/port v0x557bd010a300, 7551;
v0x557bd010a300_7552 .array/port v0x557bd010a300, 7552;
v0x557bd010a300_7553 .array/port v0x557bd010a300, 7553;
v0x557bd010a300_7554 .array/port v0x557bd010a300, 7554;
E_0x557bd010b960/1888 .event anyedge, v0x557bd010a300_7551, v0x557bd010a300_7552, v0x557bd010a300_7553, v0x557bd010a300_7554;
v0x557bd010a300_7555 .array/port v0x557bd010a300, 7555;
v0x557bd010a300_7556 .array/port v0x557bd010a300, 7556;
v0x557bd010a300_7557 .array/port v0x557bd010a300, 7557;
v0x557bd010a300_7558 .array/port v0x557bd010a300, 7558;
E_0x557bd010b960/1889 .event anyedge, v0x557bd010a300_7555, v0x557bd010a300_7556, v0x557bd010a300_7557, v0x557bd010a300_7558;
v0x557bd010a300_7559 .array/port v0x557bd010a300, 7559;
v0x557bd010a300_7560 .array/port v0x557bd010a300, 7560;
v0x557bd010a300_7561 .array/port v0x557bd010a300, 7561;
v0x557bd010a300_7562 .array/port v0x557bd010a300, 7562;
E_0x557bd010b960/1890 .event anyedge, v0x557bd010a300_7559, v0x557bd010a300_7560, v0x557bd010a300_7561, v0x557bd010a300_7562;
v0x557bd010a300_7563 .array/port v0x557bd010a300, 7563;
v0x557bd010a300_7564 .array/port v0x557bd010a300, 7564;
v0x557bd010a300_7565 .array/port v0x557bd010a300, 7565;
v0x557bd010a300_7566 .array/port v0x557bd010a300, 7566;
E_0x557bd010b960/1891 .event anyedge, v0x557bd010a300_7563, v0x557bd010a300_7564, v0x557bd010a300_7565, v0x557bd010a300_7566;
v0x557bd010a300_7567 .array/port v0x557bd010a300, 7567;
v0x557bd010a300_7568 .array/port v0x557bd010a300, 7568;
v0x557bd010a300_7569 .array/port v0x557bd010a300, 7569;
v0x557bd010a300_7570 .array/port v0x557bd010a300, 7570;
E_0x557bd010b960/1892 .event anyedge, v0x557bd010a300_7567, v0x557bd010a300_7568, v0x557bd010a300_7569, v0x557bd010a300_7570;
v0x557bd010a300_7571 .array/port v0x557bd010a300, 7571;
v0x557bd010a300_7572 .array/port v0x557bd010a300, 7572;
v0x557bd010a300_7573 .array/port v0x557bd010a300, 7573;
v0x557bd010a300_7574 .array/port v0x557bd010a300, 7574;
E_0x557bd010b960/1893 .event anyedge, v0x557bd010a300_7571, v0x557bd010a300_7572, v0x557bd010a300_7573, v0x557bd010a300_7574;
v0x557bd010a300_7575 .array/port v0x557bd010a300, 7575;
v0x557bd010a300_7576 .array/port v0x557bd010a300, 7576;
v0x557bd010a300_7577 .array/port v0x557bd010a300, 7577;
v0x557bd010a300_7578 .array/port v0x557bd010a300, 7578;
E_0x557bd010b960/1894 .event anyedge, v0x557bd010a300_7575, v0x557bd010a300_7576, v0x557bd010a300_7577, v0x557bd010a300_7578;
v0x557bd010a300_7579 .array/port v0x557bd010a300, 7579;
v0x557bd010a300_7580 .array/port v0x557bd010a300, 7580;
v0x557bd010a300_7581 .array/port v0x557bd010a300, 7581;
v0x557bd010a300_7582 .array/port v0x557bd010a300, 7582;
E_0x557bd010b960/1895 .event anyedge, v0x557bd010a300_7579, v0x557bd010a300_7580, v0x557bd010a300_7581, v0x557bd010a300_7582;
v0x557bd010a300_7583 .array/port v0x557bd010a300, 7583;
v0x557bd010a300_7584 .array/port v0x557bd010a300, 7584;
v0x557bd010a300_7585 .array/port v0x557bd010a300, 7585;
v0x557bd010a300_7586 .array/port v0x557bd010a300, 7586;
E_0x557bd010b960/1896 .event anyedge, v0x557bd010a300_7583, v0x557bd010a300_7584, v0x557bd010a300_7585, v0x557bd010a300_7586;
v0x557bd010a300_7587 .array/port v0x557bd010a300, 7587;
v0x557bd010a300_7588 .array/port v0x557bd010a300, 7588;
v0x557bd010a300_7589 .array/port v0x557bd010a300, 7589;
v0x557bd010a300_7590 .array/port v0x557bd010a300, 7590;
E_0x557bd010b960/1897 .event anyedge, v0x557bd010a300_7587, v0x557bd010a300_7588, v0x557bd010a300_7589, v0x557bd010a300_7590;
v0x557bd010a300_7591 .array/port v0x557bd010a300, 7591;
v0x557bd010a300_7592 .array/port v0x557bd010a300, 7592;
v0x557bd010a300_7593 .array/port v0x557bd010a300, 7593;
v0x557bd010a300_7594 .array/port v0x557bd010a300, 7594;
E_0x557bd010b960/1898 .event anyedge, v0x557bd010a300_7591, v0x557bd010a300_7592, v0x557bd010a300_7593, v0x557bd010a300_7594;
v0x557bd010a300_7595 .array/port v0x557bd010a300, 7595;
v0x557bd010a300_7596 .array/port v0x557bd010a300, 7596;
v0x557bd010a300_7597 .array/port v0x557bd010a300, 7597;
v0x557bd010a300_7598 .array/port v0x557bd010a300, 7598;
E_0x557bd010b960/1899 .event anyedge, v0x557bd010a300_7595, v0x557bd010a300_7596, v0x557bd010a300_7597, v0x557bd010a300_7598;
v0x557bd010a300_7599 .array/port v0x557bd010a300, 7599;
v0x557bd010a300_7600 .array/port v0x557bd010a300, 7600;
v0x557bd010a300_7601 .array/port v0x557bd010a300, 7601;
v0x557bd010a300_7602 .array/port v0x557bd010a300, 7602;
E_0x557bd010b960/1900 .event anyedge, v0x557bd010a300_7599, v0x557bd010a300_7600, v0x557bd010a300_7601, v0x557bd010a300_7602;
v0x557bd010a300_7603 .array/port v0x557bd010a300, 7603;
v0x557bd010a300_7604 .array/port v0x557bd010a300, 7604;
v0x557bd010a300_7605 .array/port v0x557bd010a300, 7605;
v0x557bd010a300_7606 .array/port v0x557bd010a300, 7606;
E_0x557bd010b960/1901 .event anyedge, v0x557bd010a300_7603, v0x557bd010a300_7604, v0x557bd010a300_7605, v0x557bd010a300_7606;
v0x557bd010a300_7607 .array/port v0x557bd010a300, 7607;
v0x557bd010a300_7608 .array/port v0x557bd010a300, 7608;
v0x557bd010a300_7609 .array/port v0x557bd010a300, 7609;
v0x557bd010a300_7610 .array/port v0x557bd010a300, 7610;
E_0x557bd010b960/1902 .event anyedge, v0x557bd010a300_7607, v0x557bd010a300_7608, v0x557bd010a300_7609, v0x557bd010a300_7610;
v0x557bd010a300_7611 .array/port v0x557bd010a300, 7611;
v0x557bd010a300_7612 .array/port v0x557bd010a300, 7612;
v0x557bd010a300_7613 .array/port v0x557bd010a300, 7613;
v0x557bd010a300_7614 .array/port v0x557bd010a300, 7614;
E_0x557bd010b960/1903 .event anyedge, v0x557bd010a300_7611, v0x557bd010a300_7612, v0x557bd010a300_7613, v0x557bd010a300_7614;
v0x557bd010a300_7615 .array/port v0x557bd010a300, 7615;
v0x557bd010a300_7616 .array/port v0x557bd010a300, 7616;
v0x557bd010a300_7617 .array/port v0x557bd010a300, 7617;
v0x557bd010a300_7618 .array/port v0x557bd010a300, 7618;
E_0x557bd010b960/1904 .event anyedge, v0x557bd010a300_7615, v0x557bd010a300_7616, v0x557bd010a300_7617, v0x557bd010a300_7618;
v0x557bd010a300_7619 .array/port v0x557bd010a300, 7619;
v0x557bd010a300_7620 .array/port v0x557bd010a300, 7620;
v0x557bd010a300_7621 .array/port v0x557bd010a300, 7621;
v0x557bd010a300_7622 .array/port v0x557bd010a300, 7622;
E_0x557bd010b960/1905 .event anyedge, v0x557bd010a300_7619, v0x557bd010a300_7620, v0x557bd010a300_7621, v0x557bd010a300_7622;
v0x557bd010a300_7623 .array/port v0x557bd010a300, 7623;
v0x557bd010a300_7624 .array/port v0x557bd010a300, 7624;
v0x557bd010a300_7625 .array/port v0x557bd010a300, 7625;
v0x557bd010a300_7626 .array/port v0x557bd010a300, 7626;
E_0x557bd010b960/1906 .event anyedge, v0x557bd010a300_7623, v0x557bd010a300_7624, v0x557bd010a300_7625, v0x557bd010a300_7626;
v0x557bd010a300_7627 .array/port v0x557bd010a300, 7627;
v0x557bd010a300_7628 .array/port v0x557bd010a300, 7628;
v0x557bd010a300_7629 .array/port v0x557bd010a300, 7629;
v0x557bd010a300_7630 .array/port v0x557bd010a300, 7630;
E_0x557bd010b960/1907 .event anyedge, v0x557bd010a300_7627, v0x557bd010a300_7628, v0x557bd010a300_7629, v0x557bd010a300_7630;
v0x557bd010a300_7631 .array/port v0x557bd010a300, 7631;
v0x557bd010a300_7632 .array/port v0x557bd010a300, 7632;
v0x557bd010a300_7633 .array/port v0x557bd010a300, 7633;
v0x557bd010a300_7634 .array/port v0x557bd010a300, 7634;
E_0x557bd010b960/1908 .event anyedge, v0x557bd010a300_7631, v0x557bd010a300_7632, v0x557bd010a300_7633, v0x557bd010a300_7634;
v0x557bd010a300_7635 .array/port v0x557bd010a300, 7635;
v0x557bd010a300_7636 .array/port v0x557bd010a300, 7636;
v0x557bd010a300_7637 .array/port v0x557bd010a300, 7637;
v0x557bd010a300_7638 .array/port v0x557bd010a300, 7638;
E_0x557bd010b960/1909 .event anyedge, v0x557bd010a300_7635, v0x557bd010a300_7636, v0x557bd010a300_7637, v0x557bd010a300_7638;
v0x557bd010a300_7639 .array/port v0x557bd010a300, 7639;
v0x557bd010a300_7640 .array/port v0x557bd010a300, 7640;
v0x557bd010a300_7641 .array/port v0x557bd010a300, 7641;
v0x557bd010a300_7642 .array/port v0x557bd010a300, 7642;
E_0x557bd010b960/1910 .event anyedge, v0x557bd010a300_7639, v0x557bd010a300_7640, v0x557bd010a300_7641, v0x557bd010a300_7642;
v0x557bd010a300_7643 .array/port v0x557bd010a300, 7643;
v0x557bd010a300_7644 .array/port v0x557bd010a300, 7644;
v0x557bd010a300_7645 .array/port v0x557bd010a300, 7645;
v0x557bd010a300_7646 .array/port v0x557bd010a300, 7646;
E_0x557bd010b960/1911 .event anyedge, v0x557bd010a300_7643, v0x557bd010a300_7644, v0x557bd010a300_7645, v0x557bd010a300_7646;
v0x557bd010a300_7647 .array/port v0x557bd010a300, 7647;
v0x557bd010a300_7648 .array/port v0x557bd010a300, 7648;
v0x557bd010a300_7649 .array/port v0x557bd010a300, 7649;
v0x557bd010a300_7650 .array/port v0x557bd010a300, 7650;
E_0x557bd010b960/1912 .event anyedge, v0x557bd010a300_7647, v0x557bd010a300_7648, v0x557bd010a300_7649, v0x557bd010a300_7650;
v0x557bd010a300_7651 .array/port v0x557bd010a300, 7651;
v0x557bd010a300_7652 .array/port v0x557bd010a300, 7652;
v0x557bd010a300_7653 .array/port v0x557bd010a300, 7653;
v0x557bd010a300_7654 .array/port v0x557bd010a300, 7654;
E_0x557bd010b960/1913 .event anyedge, v0x557bd010a300_7651, v0x557bd010a300_7652, v0x557bd010a300_7653, v0x557bd010a300_7654;
v0x557bd010a300_7655 .array/port v0x557bd010a300, 7655;
v0x557bd010a300_7656 .array/port v0x557bd010a300, 7656;
v0x557bd010a300_7657 .array/port v0x557bd010a300, 7657;
v0x557bd010a300_7658 .array/port v0x557bd010a300, 7658;
E_0x557bd010b960/1914 .event anyedge, v0x557bd010a300_7655, v0x557bd010a300_7656, v0x557bd010a300_7657, v0x557bd010a300_7658;
v0x557bd010a300_7659 .array/port v0x557bd010a300, 7659;
v0x557bd010a300_7660 .array/port v0x557bd010a300, 7660;
v0x557bd010a300_7661 .array/port v0x557bd010a300, 7661;
v0x557bd010a300_7662 .array/port v0x557bd010a300, 7662;
E_0x557bd010b960/1915 .event anyedge, v0x557bd010a300_7659, v0x557bd010a300_7660, v0x557bd010a300_7661, v0x557bd010a300_7662;
v0x557bd010a300_7663 .array/port v0x557bd010a300, 7663;
v0x557bd010a300_7664 .array/port v0x557bd010a300, 7664;
v0x557bd010a300_7665 .array/port v0x557bd010a300, 7665;
v0x557bd010a300_7666 .array/port v0x557bd010a300, 7666;
E_0x557bd010b960/1916 .event anyedge, v0x557bd010a300_7663, v0x557bd010a300_7664, v0x557bd010a300_7665, v0x557bd010a300_7666;
v0x557bd010a300_7667 .array/port v0x557bd010a300, 7667;
v0x557bd010a300_7668 .array/port v0x557bd010a300, 7668;
v0x557bd010a300_7669 .array/port v0x557bd010a300, 7669;
v0x557bd010a300_7670 .array/port v0x557bd010a300, 7670;
E_0x557bd010b960/1917 .event anyedge, v0x557bd010a300_7667, v0x557bd010a300_7668, v0x557bd010a300_7669, v0x557bd010a300_7670;
v0x557bd010a300_7671 .array/port v0x557bd010a300, 7671;
v0x557bd010a300_7672 .array/port v0x557bd010a300, 7672;
v0x557bd010a300_7673 .array/port v0x557bd010a300, 7673;
v0x557bd010a300_7674 .array/port v0x557bd010a300, 7674;
E_0x557bd010b960/1918 .event anyedge, v0x557bd010a300_7671, v0x557bd010a300_7672, v0x557bd010a300_7673, v0x557bd010a300_7674;
v0x557bd010a300_7675 .array/port v0x557bd010a300, 7675;
v0x557bd010a300_7676 .array/port v0x557bd010a300, 7676;
v0x557bd010a300_7677 .array/port v0x557bd010a300, 7677;
v0x557bd010a300_7678 .array/port v0x557bd010a300, 7678;
E_0x557bd010b960/1919 .event anyedge, v0x557bd010a300_7675, v0x557bd010a300_7676, v0x557bd010a300_7677, v0x557bd010a300_7678;
v0x557bd010a300_7679 .array/port v0x557bd010a300, 7679;
v0x557bd010a300_7680 .array/port v0x557bd010a300, 7680;
v0x557bd010a300_7681 .array/port v0x557bd010a300, 7681;
v0x557bd010a300_7682 .array/port v0x557bd010a300, 7682;
E_0x557bd010b960/1920 .event anyedge, v0x557bd010a300_7679, v0x557bd010a300_7680, v0x557bd010a300_7681, v0x557bd010a300_7682;
v0x557bd010a300_7683 .array/port v0x557bd010a300, 7683;
v0x557bd010a300_7684 .array/port v0x557bd010a300, 7684;
v0x557bd010a300_7685 .array/port v0x557bd010a300, 7685;
v0x557bd010a300_7686 .array/port v0x557bd010a300, 7686;
E_0x557bd010b960/1921 .event anyedge, v0x557bd010a300_7683, v0x557bd010a300_7684, v0x557bd010a300_7685, v0x557bd010a300_7686;
v0x557bd010a300_7687 .array/port v0x557bd010a300, 7687;
v0x557bd010a300_7688 .array/port v0x557bd010a300, 7688;
v0x557bd010a300_7689 .array/port v0x557bd010a300, 7689;
v0x557bd010a300_7690 .array/port v0x557bd010a300, 7690;
E_0x557bd010b960/1922 .event anyedge, v0x557bd010a300_7687, v0x557bd010a300_7688, v0x557bd010a300_7689, v0x557bd010a300_7690;
v0x557bd010a300_7691 .array/port v0x557bd010a300, 7691;
v0x557bd010a300_7692 .array/port v0x557bd010a300, 7692;
v0x557bd010a300_7693 .array/port v0x557bd010a300, 7693;
v0x557bd010a300_7694 .array/port v0x557bd010a300, 7694;
E_0x557bd010b960/1923 .event anyedge, v0x557bd010a300_7691, v0x557bd010a300_7692, v0x557bd010a300_7693, v0x557bd010a300_7694;
v0x557bd010a300_7695 .array/port v0x557bd010a300, 7695;
v0x557bd010a300_7696 .array/port v0x557bd010a300, 7696;
v0x557bd010a300_7697 .array/port v0x557bd010a300, 7697;
v0x557bd010a300_7698 .array/port v0x557bd010a300, 7698;
E_0x557bd010b960/1924 .event anyedge, v0x557bd010a300_7695, v0x557bd010a300_7696, v0x557bd010a300_7697, v0x557bd010a300_7698;
v0x557bd010a300_7699 .array/port v0x557bd010a300, 7699;
v0x557bd010a300_7700 .array/port v0x557bd010a300, 7700;
v0x557bd010a300_7701 .array/port v0x557bd010a300, 7701;
v0x557bd010a300_7702 .array/port v0x557bd010a300, 7702;
E_0x557bd010b960/1925 .event anyedge, v0x557bd010a300_7699, v0x557bd010a300_7700, v0x557bd010a300_7701, v0x557bd010a300_7702;
v0x557bd010a300_7703 .array/port v0x557bd010a300, 7703;
v0x557bd010a300_7704 .array/port v0x557bd010a300, 7704;
v0x557bd010a300_7705 .array/port v0x557bd010a300, 7705;
v0x557bd010a300_7706 .array/port v0x557bd010a300, 7706;
E_0x557bd010b960/1926 .event anyedge, v0x557bd010a300_7703, v0x557bd010a300_7704, v0x557bd010a300_7705, v0x557bd010a300_7706;
v0x557bd010a300_7707 .array/port v0x557bd010a300, 7707;
v0x557bd010a300_7708 .array/port v0x557bd010a300, 7708;
v0x557bd010a300_7709 .array/port v0x557bd010a300, 7709;
v0x557bd010a300_7710 .array/port v0x557bd010a300, 7710;
E_0x557bd010b960/1927 .event anyedge, v0x557bd010a300_7707, v0x557bd010a300_7708, v0x557bd010a300_7709, v0x557bd010a300_7710;
v0x557bd010a300_7711 .array/port v0x557bd010a300, 7711;
v0x557bd010a300_7712 .array/port v0x557bd010a300, 7712;
v0x557bd010a300_7713 .array/port v0x557bd010a300, 7713;
v0x557bd010a300_7714 .array/port v0x557bd010a300, 7714;
E_0x557bd010b960/1928 .event anyedge, v0x557bd010a300_7711, v0x557bd010a300_7712, v0x557bd010a300_7713, v0x557bd010a300_7714;
v0x557bd010a300_7715 .array/port v0x557bd010a300, 7715;
v0x557bd010a300_7716 .array/port v0x557bd010a300, 7716;
v0x557bd010a300_7717 .array/port v0x557bd010a300, 7717;
v0x557bd010a300_7718 .array/port v0x557bd010a300, 7718;
E_0x557bd010b960/1929 .event anyedge, v0x557bd010a300_7715, v0x557bd010a300_7716, v0x557bd010a300_7717, v0x557bd010a300_7718;
v0x557bd010a300_7719 .array/port v0x557bd010a300, 7719;
v0x557bd010a300_7720 .array/port v0x557bd010a300, 7720;
v0x557bd010a300_7721 .array/port v0x557bd010a300, 7721;
v0x557bd010a300_7722 .array/port v0x557bd010a300, 7722;
E_0x557bd010b960/1930 .event anyedge, v0x557bd010a300_7719, v0x557bd010a300_7720, v0x557bd010a300_7721, v0x557bd010a300_7722;
v0x557bd010a300_7723 .array/port v0x557bd010a300, 7723;
v0x557bd010a300_7724 .array/port v0x557bd010a300, 7724;
v0x557bd010a300_7725 .array/port v0x557bd010a300, 7725;
v0x557bd010a300_7726 .array/port v0x557bd010a300, 7726;
E_0x557bd010b960/1931 .event anyedge, v0x557bd010a300_7723, v0x557bd010a300_7724, v0x557bd010a300_7725, v0x557bd010a300_7726;
v0x557bd010a300_7727 .array/port v0x557bd010a300, 7727;
v0x557bd010a300_7728 .array/port v0x557bd010a300, 7728;
v0x557bd010a300_7729 .array/port v0x557bd010a300, 7729;
v0x557bd010a300_7730 .array/port v0x557bd010a300, 7730;
E_0x557bd010b960/1932 .event anyedge, v0x557bd010a300_7727, v0x557bd010a300_7728, v0x557bd010a300_7729, v0x557bd010a300_7730;
v0x557bd010a300_7731 .array/port v0x557bd010a300, 7731;
v0x557bd010a300_7732 .array/port v0x557bd010a300, 7732;
v0x557bd010a300_7733 .array/port v0x557bd010a300, 7733;
v0x557bd010a300_7734 .array/port v0x557bd010a300, 7734;
E_0x557bd010b960/1933 .event anyedge, v0x557bd010a300_7731, v0x557bd010a300_7732, v0x557bd010a300_7733, v0x557bd010a300_7734;
v0x557bd010a300_7735 .array/port v0x557bd010a300, 7735;
v0x557bd010a300_7736 .array/port v0x557bd010a300, 7736;
v0x557bd010a300_7737 .array/port v0x557bd010a300, 7737;
v0x557bd010a300_7738 .array/port v0x557bd010a300, 7738;
E_0x557bd010b960/1934 .event anyedge, v0x557bd010a300_7735, v0x557bd010a300_7736, v0x557bd010a300_7737, v0x557bd010a300_7738;
v0x557bd010a300_7739 .array/port v0x557bd010a300, 7739;
v0x557bd010a300_7740 .array/port v0x557bd010a300, 7740;
v0x557bd010a300_7741 .array/port v0x557bd010a300, 7741;
v0x557bd010a300_7742 .array/port v0x557bd010a300, 7742;
E_0x557bd010b960/1935 .event anyedge, v0x557bd010a300_7739, v0x557bd010a300_7740, v0x557bd010a300_7741, v0x557bd010a300_7742;
v0x557bd010a300_7743 .array/port v0x557bd010a300, 7743;
v0x557bd010a300_7744 .array/port v0x557bd010a300, 7744;
v0x557bd010a300_7745 .array/port v0x557bd010a300, 7745;
v0x557bd010a300_7746 .array/port v0x557bd010a300, 7746;
E_0x557bd010b960/1936 .event anyedge, v0x557bd010a300_7743, v0x557bd010a300_7744, v0x557bd010a300_7745, v0x557bd010a300_7746;
v0x557bd010a300_7747 .array/port v0x557bd010a300, 7747;
v0x557bd010a300_7748 .array/port v0x557bd010a300, 7748;
v0x557bd010a300_7749 .array/port v0x557bd010a300, 7749;
v0x557bd010a300_7750 .array/port v0x557bd010a300, 7750;
E_0x557bd010b960/1937 .event anyedge, v0x557bd010a300_7747, v0x557bd010a300_7748, v0x557bd010a300_7749, v0x557bd010a300_7750;
v0x557bd010a300_7751 .array/port v0x557bd010a300, 7751;
v0x557bd010a300_7752 .array/port v0x557bd010a300, 7752;
v0x557bd010a300_7753 .array/port v0x557bd010a300, 7753;
v0x557bd010a300_7754 .array/port v0x557bd010a300, 7754;
E_0x557bd010b960/1938 .event anyedge, v0x557bd010a300_7751, v0x557bd010a300_7752, v0x557bd010a300_7753, v0x557bd010a300_7754;
v0x557bd010a300_7755 .array/port v0x557bd010a300, 7755;
v0x557bd010a300_7756 .array/port v0x557bd010a300, 7756;
v0x557bd010a300_7757 .array/port v0x557bd010a300, 7757;
v0x557bd010a300_7758 .array/port v0x557bd010a300, 7758;
E_0x557bd010b960/1939 .event anyedge, v0x557bd010a300_7755, v0x557bd010a300_7756, v0x557bd010a300_7757, v0x557bd010a300_7758;
v0x557bd010a300_7759 .array/port v0x557bd010a300, 7759;
v0x557bd010a300_7760 .array/port v0x557bd010a300, 7760;
v0x557bd010a300_7761 .array/port v0x557bd010a300, 7761;
v0x557bd010a300_7762 .array/port v0x557bd010a300, 7762;
E_0x557bd010b960/1940 .event anyedge, v0x557bd010a300_7759, v0x557bd010a300_7760, v0x557bd010a300_7761, v0x557bd010a300_7762;
v0x557bd010a300_7763 .array/port v0x557bd010a300, 7763;
v0x557bd010a300_7764 .array/port v0x557bd010a300, 7764;
v0x557bd010a300_7765 .array/port v0x557bd010a300, 7765;
v0x557bd010a300_7766 .array/port v0x557bd010a300, 7766;
E_0x557bd010b960/1941 .event anyedge, v0x557bd010a300_7763, v0x557bd010a300_7764, v0x557bd010a300_7765, v0x557bd010a300_7766;
v0x557bd010a300_7767 .array/port v0x557bd010a300, 7767;
v0x557bd010a300_7768 .array/port v0x557bd010a300, 7768;
v0x557bd010a300_7769 .array/port v0x557bd010a300, 7769;
v0x557bd010a300_7770 .array/port v0x557bd010a300, 7770;
E_0x557bd010b960/1942 .event anyedge, v0x557bd010a300_7767, v0x557bd010a300_7768, v0x557bd010a300_7769, v0x557bd010a300_7770;
v0x557bd010a300_7771 .array/port v0x557bd010a300, 7771;
v0x557bd010a300_7772 .array/port v0x557bd010a300, 7772;
v0x557bd010a300_7773 .array/port v0x557bd010a300, 7773;
v0x557bd010a300_7774 .array/port v0x557bd010a300, 7774;
E_0x557bd010b960/1943 .event anyedge, v0x557bd010a300_7771, v0x557bd010a300_7772, v0x557bd010a300_7773, v0x557bd010a300_7774;
v0x557bd010a300_7775 .array/port v0x557bd010a300, 7775;
v0x557bd010a300_7776 .array/port v0x557bd010a300, 7776;
v0x557bd010a300_7777 .array/port v0x557bd010a300, 7777;
v0x557bd010a300_7778 .array/port v0x557bd010a300, 7778;
E_0x557bd010b960/1944 .event anyedge, v0x557bd010a300_7775, v0x557bd010a300_7776, v0x557bd010a300_7777, v0x557bd010a300_7778;
v0x557bd010a300_7779 .array/port v0x557bd010a300, 7779;
v0x557bd010a300_7780 .array/port v0x557bd010a300, 7780;
v0x557bd010a300_7781 .array/port v0x557bd010a300, 7781;
v0x557bd010a300_7782 .array/port v0x557bd010a300, 7782;
E_0x557bd010b960/1945 .event anyedge, v0x557bd010a300_7779, v0x557bd010a300_7780, v0x557bd010a300_7781, v0x557bd010a300_7782;
v0x557bd010a300_7783 .array/port v0x557bd010a300, 7783;
v0x557bd010a300_7784 .array/port v0x557bd010a300, 7784;
v0x557bd010a300_7785 .array/port v0x557bd010a300, 7785;
v0x557bd010a300_7786 .array/port v0x557bd010a300, 7786;
E_0x557bd010b960/1946 .event anyedge, v0x557bd010a300_7783, v0x557bd010a300_7784, v0x557bd010a300_7785, v0x557bd010a300_7786;
v0x557bd010a300_7787 .array/port v0x557bd010a300, 7787;
v0x557bd010a300_7788 .array/port v0x557bd010a300, 7788;
v0x557bd010a300_7789 .array/port v0x557bd010a300, 7789;
v0x557bd010a300_7790 .array/port v0x557bd010a300, 7790;
E_0x557bd010b960/1947 .event anyedge, v0x557bd010a300_7787, v0x557bd010a300_7788, v0x557bd010a300_7789, v0x557bd010a300_7790;
v0x557bd010a300_7791 .array/port v0x557bd010a300, 7791;
v0x557bd010a300_7792 .array/port v0x557bd010a300, 7792;
v0x557bd010a300_7793 .array/port v0x557bd010a300, 7793;
v0x557bd010a300_7794 .array/port v0x557bd010a300, 7794;
E_0x557bd010b960/1948 .event anyedge, v0x557bd010a300_7791, v0x557bd010a300_7792, v0x557bd010a300_7793, v0x557bd010a300_7794;
v0x557bd010a300_7795 .array/port v0x557bd010a300, 7795;
v0x557bd010a300_7796 .array/port v0x557bd010a300, 7796;
v0x557bd010a300_7797 .array/port v0x557bd010a300, 7797;
v0x557bd010a300_7798 .array/port v0x557bd010a300, 7798;
E_0x557bd010b960/1949 .event anyedge, v0x557bd010a300_7795, v0x557bd010a300_7796, v0x557bd010a300_7797, v0x557bd010a300_7798;
v0x557bd010a300_7799 .array/port v0x557bd010a300, 7799;
v0x557bd010a300_7800 .array/port v0x557bd010a300, 7800;
v0x557bd010a300_7801 .array/port v0x557bd010a300, 7801;
v0x557bd010a300_7802 .array/port v0x557bd010a300, 7802;
E_0x557bd010b960/1950 .event anyedge, v0x557bd010a300_7799, v0x557bd010a300_7800, v0x557bd010a300_7801, v0x557bd010a300_7802;
v0x557bd010a300_7803 .array/port v0x557bd010a300, 7803;
v0x557bd010a300_7804 .array/port v0x557bd010a300, 7804;
v0x557bd010a300_7805 .array/port v0x557bd010a300, 7805;
v0x557bd010a300_7806 .array/port v0x557bd010a300, 7806;
E_0x557bd010b960/1951 .event anyedge, v0x557bd010a300_7803, v0x557bd010a300_7804, v0x557bd010a300_7805, v0x557bd010a300_7806;
v0x557bd010a300_7807 .array/port v0x557bd010a300, 7807;
v0x557bd010a300_7808 .array/port v0x557bd010a300, 7808;
v0x557bd010a300_7809 .array/port v0x557bd010a300, 7809;
v0x557bd010a300_7810 .array/port v0x557bd010a300, 7810;
E_0x557bd010b960/1952 .event anyedge, v0x557bd010a300_7807, v0x557bd010a300_7808, v0x557bd010a300_7809, v0x557bd010a300_7810;
v0x557bd010a300_7811 .array/port v0x557bd010a300, 7811;
v0x557bd010a300_7812 .array/port v0x557bd010a300, 7812;
v0x557bd010a300_7813 .array/port v0x557bd010a300, 7813;
v0x557bd010a300_7814 .array/port v0x557bd010a300, 7814;
E_0x557bd010b960/1953 .event anyedge, v0x557bd010a300_7811, v0x557bd010a300_7812, v0x557bd010a300_7813, v0x557bd010a300_7814;
v0x557bd010a300_7815 .array/port v0x557bd010a300, 7815;
v0x557bd010a300_7816 .array/port v0x557bd010a300, 7816;
v0x557bd010a300_7817 .array/port v0x557bd010a300, 7817;
v0x557bd010a300_7818 .array/port v0x557bd010a300, 7818;
E_0x557bd010b960/1954 .event anyedge, v0x557bd010a300_7815, v0x557bd010a300_7816, v0x557bd010a300_7817, v0x557bd010a300_7818;
v0x557bd010a300_7819 .array/port v0x557bd010a300, 7819;
v0x557bd010a300_7820 .array/port v0x557bd010a300, 7820;
v0x557bd010a300_7821 .array/port v0x557bd010a300, 7821;
v0x557bd010a300_7822 .array/port v0x557bd010a300, 7822;
E_0x557bd010b960/1955 .event anyedge, v0x557bd010a300_7819, v0x557bd010a300_7820, v0x557bd010a300_7821, v0x557bd010a300_7822;
v0x557bd010a300_7823 .array/port v0x557bd010a300, 7823;
v0x557bd010a300_7824 .array/port v0x557bd010a300, 7824;
v0x557bd010a300_7825 .array/port v0x557bd010a300, 7825;
v0x557bd010a300_7826 .array/port v0x557bd010a300, 7826;
E_0x557bd010b960/1956 .event anyedge, v0x557bd010a300_7823, v0x557bd010a300_7824, v0x557bd010a300_7825, v0x557bd010a300_7826;
v0x557bd010a300_7827 .array/port v0x557bd010a300, 7827;
v0x557bd010a300_7828 .array/port v0x557bd010a300, 7828;
v0x557bd010a300_7829 .array/port v0x557bd010a300, 7829;
v0x557bd010a300_7830 .array/port v0x557bd010a300, 7830;
E_0x557bd010b960/1957 .event anyedge, v0x557bd010a300_7827, v0x557bd010a300_7828, v0x557bd010a300_7829, v0x557bd010a300_7830;
v0x557bd010a300_7831 .array/port v0x557bd010a300, 7831;
v0x557bd010a300_7832 .array/port v0x557bd010a300, 7832;
v0x557bd010a300_7833 .array/port v0x557bd010a300, 7833;
v0x557bd010a300_7834 .array/port v0x557bd010a300, 7834;
E_0x557bd010b960/1958 .event anyedge, v0x557bd010a300_7831, v0x557bd010a300_7832, v0x557bd010a300_7833, v0x557bd010a300_7834;
v0x557bd010a300_7835 .array/port v0x557bd010a300, 7835;
v0x557bd010a300_7836 .array/port v0x557bd010a300, 7836;
v0x557bd010a300_7837 .array/port v0x557bd010a300, 7837;
v0x557bd010a300_7838 .array/port v0x557bd010a300, 7838;
E_0x557bd010b960/1959 .event anyedge, v0x557bd010a300_7835, v0x557bd010a300_7836, v0x557bd010a300_7837, v0x557bd010a300_7838;
v0x557bd010a300_7839 .array/port v0x557bd010a300, 7839;
v0x557bd010a300_7840 .array/port v0x557bd010a300, 7840;
v0x557bd010a300_7841 .array/port v0x557bd010a300, 7841;
v0x557bd010a300_7842 .array/port v0x557bd010a300, 7842;
E_0x557bd010b960/1960 .event anyedge, v0x557bd010a300_7839, v0x557bd010a300_7840, v0x557bd010a300_7841, v0x557bd010a300_7842;
v0x557bd010a300_7843 .array/port v0x557bd010a300, 7843;
v0x557bd010a300_7844 .array/port v0x557bd010a300, 7844;
v0x557bd010a300_7845 .array/port v0x557bd010a300, 7845;
v0x557bd010a300_7846 .array/port v0x557bd010a300, 7846;
E_0x557bd010b960/1961 .event anyedge, v0x557bd010a300_7843, v0x557bd010a300_7844, v0x557bd010a300_7845, v0x557bd010a300_7846;
v0x557bd010a300_7847 .array/port v0x557bd010a300, 7847;
v0x557bd010a300_7848 .array/port v0x557bd010a300, 7848;
v0x557bd010a300_7849 .array/port v0x557bd010a300, 7849;
v0x557bd010a300_7850 .array/port v0x557bd010a300, 7850;
E_0x557bd010b960/1962 .event anyedge, v0x557bd010a300_7847, v0x557bd010a300_7848, v0x557bd010a300_7849, v0x557bd010a300_7850;
v0x557bd010a300_7851 .array/port v0x557bd010a300, 7851;
v0x557bd010a300_7852 .array/port v0x557bd010a300, 7852;
v0x557bd010a300_7853 .array/port v0x557bd010a300, 7853;
v0x557bd010a300_7854 .array/port v0x557bd010a300, 7854;
E_0x557bd010b960/1963 .event anyedge, v0x557bd010a300_7851, v0x557bd010a300_7852, v0x557bd010a300_7853, v0x557bd010a300_7854;
v0x557bd010a300_7855 .array/port v0x557bd010a300, 7855;
v0x557bd010a300_7856 .array/port v0x557bd010a300, 7856;
v0x557bd010a300_7857 .array/port v0x557bd010a300, 7857;
v0x557bd010a300_7858 .array/port v0x557bd010a300, 7858;
E_0x557bd010b960/1964 .event anyedge, v0x557bd010a300_7855, v0x557bd010a300_7856, v0x557bd010a300_7857, v0x557bd010a300_7858;
v0x557bd010a300_7859 .array/port v0x557bd010a300, 7859;
v0x557bd010a300_7860 .array/port v0x557bd010a300, 7860;
v0x557bd010a300_7861 .array/port v0x557bd010a300, 7861;
v0x557bd010a300_7862 .array/port v0x557bd010a300, 7862;
E_0x557bd010b960/1965 .event anyedge, v0x557bd010a300_7859, v0x557bd010a300_7860, v0x557bd010a300_7861, v0x557bd010a300_7862;
v0x557bd010a300_7863 .array/port v0x557bd010a300, 7863;
v0x557bd010a300_7864 .array/port v0x557bd010a300, 7864;
v0x557bd010a300_7865 .array/port v0x557bd010a300, 7865;
v0x557bd010a300_7866 .array/port v0x557bd010a300, 7866;
E_0x557bd010b960/1966 .event anyedge, v0x557bd010a300_7863, v0x557bd010a300_7864, v0x557bd010a300_7865, v0x557bd010a300_7866;
v0x557bd010a300_7867 .array/port v0x557bd010a300, 7867;
v0x557bd010a300_7868 .array/port v0x557bd010a300, 7868;
v0x557bd010a300_7869 .array/port v0x557bd010a300, 7869;
v0x557bd010a300_7870 .array/port v0x557bd010a300, 7870;
E_0x557bd010b960/1967 .event anyedge, v0x557bd010a300_7867, v0x557bd010a300_7868, v0x557bd010a300_7869, v0x557bd010a300_7870;
v0x557bd010a300_7871 .array/port v0x557bd010a300, 7871;
v0x557bd010a300_7872 .array/port v0x557bd010a300, 7872;
v0x557bd010a300_7873 .array/port v0x557bd010a300, 7873;
v0x557bd010a300_7874 .array/port v0x557bd010a300, 7874;
E_0x557bd010b960/1968 .event anyedge, v0x557bd010a300_7871, v0x557bd010a300_7872, v0x557bd010a300_7873, v0x557bd010a300_7874;
v0x557bd010a300_7875 .array/port v0x557bd010a300, 7875;
v0x557bd010a300_7876 .array/port v0x557bd010a300, 7876;
v0x557bd010a300_7877 .array/port v0x557bd010a300, 7877;
v0x557bd010a300_7878 .array/port v0x557bd010a300, 7878;
E_0x557bd010b960/1969 .event anyedge, v0x557bd010a300_7875, v0x557bd010a300_7876, v0x557bd010a300_7877, v0x557bd010a300_7878;
v0x557bd010a300_7879 .array/port v0x557bd010a300, 7879;
v0x557bd010a300_7880 .array/port v0x557bd010a300, 7880;
v0x557bd010a300_7881 .array/port v0x557bd010a300, 7881;
v0x557bd010a300_7882 .array/port v0x557bd010a300, 7882;
E_0x557bd010b960/1970 .event anyedge, v0x557bd010a300_7879, v0x557bd010a300_7880, v0x557bd010a300_7881, v0x557bd010a300_7882;
v0x557bd010a300_7883 .array/port v0x557bd010a300, 7883;
v0x557bd010a300_7884 .array/port v0x557bd010a300, 7884;
v0x557bd010a300_7885 .array/port v0x557bd010a300, 7885;
v0x557bd010a300_7886 .array/port v0x557bd010a300, 7886;
E_0x557bd010b960/1971 .event anyedge, v0x557bd010a300_7883, v0x557bd010a300_7884, v0x557bd010a300_7885, v0x557bd010a300_7886;
v0x557bd010a300_7887 .array/port v0x557bd010a300, 7887;
v0x557bd010a300_7888 .array/port v0x557bd010a300, 7888;
v0x557bd010a300_7889 .array/port v0x557bd010a300, 7889;
v0x557bd010a300_7890 .array/port v0x557bd010a300, 7890;
E_0x557bd010b960/1972 .event anyedge, v0x557bd010a300_7887, v0x557bd010a300_7888, v0x557bd010a300_7889, v0x557bd010a300_7890;
v0x557bd010a300_7891 .array/port v0x557bd010a300, 7891;
v0x557bd010a300_7892 .array/port v0x557bd010a300, 7892;
v0x557bd010a300_7893 .array/port v0x557bd010a300, 7893;
v0x557bd010a300_7894 .array/port v0x557bd010a300, 7894;
E_0x557bd010b960/1973 .event anyedge, v0x557bd010a300_7891, v0x557bd010a300_7892, v0x557bd010a300_7893, v0x557bd010a300_7894;
v0x557bd010a300_7895 .array/port v0x557bd010a300, 7895;
v0x557bd010a300_7896 .array/port v0x557bd010a300, 7896;
v0x557bd010a300_7897 .array/port v0x557bd010a300, 7897;
v0x557bd010a300_7898 .array/port v0x557bd010a300, 7898;
E_0x557bd010b960/1974 .event anyedge, v0x557bd010a300_7895, v0x557bd010a300_7896, v0x557bd010a300_7897, v0x557bd010a300_7898;
v0x557bd010a300_7899 .array/port v0x557bd010a300, 7899;
v0x557bd010a300_7900 .array/port v0x557bd010a300, 7900;
v0x557bd010a300_7901 .array/port v0x557bd010a300, 7901;
v0x557bd010a300_7902 .array/port v0x557bd010a300, 7902;
E_0x557bd010b960/1975 .event anyedge, v0x557bd010a300_7899, v0x557bd010a300_7900, v0x557bd010a300_7901, v0x557bd010a300_7902;
v0x557bd010a300_7903 .array/port v0x557bd010a300, 7903;
v0x557bd010a300_7904 .array/port v0x557bd010a300, 7904;
v0x557bd010a300_7905 .array/port v0x557bd010a300, 7905;
v0x557bd010a300_7906 .array/port v0x557bd010a300, 7906;
E_0x557bd010b960/1976 .event anyedge, v0x557bd010a300_7903, v0x557bd010a300_7904, v0x557bd010a300_7905, v0x557bd010a300_7906;
v0x557bd010a300_7907 .array/port v0x557bd010a300, 7907;
v0x557bd010a300_7908 .array/port v0x557bd010a300, 7908;
v0x557bd010a300_7909 .array/port v0x557bd010a300, 7909;
v0x557bd010a300_7910 .array/port v0x557bd010a300, 7910;
E_0x557bd010b960/1977 .event anyedge, v0x557bd010a300_7907, v0x557bd010a300_7908, v0x557bd010a300_7909, v0x557bd010a300_7910;
v0x557bd010a300_7911 .array/port v0x557bd010a300, 7911;
v0x557bd010a300_7912 .array/port v0x557bd010a300, 7912;
v0x557bd010a300_7913 .array/port v0x557bd010a300, 7913;
v0x557bd010a300_7914 .array/port v0x557bd010a300, 7914;
E_0x557bd010b960/1978 .event anyedge, v0x557bd010a300_7911, v0x557bd010a300_7912, v0x557bd010a300_7913, v0x557bd010a300_7914;
v0x557bd010a300_7915 .array/port v0x557bd010a300, 7915;
v0x557bd010a300_7916 .array/port v0x557bd010a300, 7916;
v0x557bd010a300_7917 .array/port v0x557bd010a300, 7917;
v0x557bd010a300_7918 .array/port v0x557bd010a300, 7918;
E_0x557bd010b960/1979 .event anyedge, v0x557bd010a300_7915, v0x557bd010a300_7916, v0x557bd010a300_7917, v0x557bd010a300_7918;
v0x557bd010a300_7919 .array/port v0x557bd010a300, 7919;
v0x557bd010a300_7920 .array/port v0x557bd010a300, 7920;
v0x557bd010a300_7921 .array/port v0x557bd010a300, 7921;
v0x557bd010a300_7922 .array/port v0x557bd010a300, 7922;
E_0x557bd010b960/1980 .event anyedge, v0x557bd010a300_7919, v0x557bd010a300_7920, v0x557bd010a300_7921, v0x557bd010a300_7922;
v0x557bd010a300_7923 .array/port v0x557bd010a300, 7923;
v0x557bd010a300_7924 .array/port v0x557bd010a300, 7924;
v0x557bd010a300_7925 .array/port v0x557bd010a300, 7925;
v0x557bd010a300_7926 .array/port v0x557bd010a300, 7926;
E_0x557bd010b960/1981 .event anyedge, v0x557bd010a300_7923, v0x557bd010a300_7924, v0x557bd010a300_7925, v0x557bd010a300_7926;
v0x557bd010a300_7927 .array/port v0x557bd010a300, 7927;
v0x557bd010a300_7928 .array/port v0x557bd010a300, 7928;
v0x557bd010a300_7929 .array/port v0x557bd010a300, 7929;
v0x557bd010a300_7930 .array/port v0x557bd010a300, 7930;
E_0x557bd010b960/1982 .event anyedge, v0x557bd010a300_7927, v0x557bd010a300_7928, v0x557bd010a300_7929, v0x557bd010a300_7930;
v0x557bd010a300_7931 .array/port v0x557bd010a300, 7931;
v0x557bd010a300_7932 .array/port v0x557bd010a300, 7932;
v0x557bd010a300_7933 .array/port v0x557bd010a300, 7933;
v0x557bd010a300_7934 .array/port v0x557bd010a300, 7934;
E_0x557bd010b960/1983 .event anyedge, v0x557bd010a300_7931, v0x557bd010a300_7932, v0x557bd010a300_7933, v0x557bd010a300_7934;
v0x557bd010a300_7935 .array/port v0x557bd010a300, 7935;
v0x557bd010a300_7936 .array/port v0x557bd010a300, 7936;
v0x557bd010a300_7937 .array/port v0x557bd010a300, 7937;
v0x557bd010a300_7938 .array/port v0x557bd010a300, 7938;
E_0x557bd010b960/1984 .event anyedge, v0x557bd010a300_7935, v0x557bd010a300_7936, v0x557bd010a300_7937, v0x557bd010a300_7938;
v0x557bd010a300_7939 .array/port v0x557bd010a300, 7939;
v0x557bd010a300_7940 .array/port v0x557bd010a300, 7940;
v0x557bd010a300_7941 .array/port v0x557bd010a300, 7941;
v0x557bd010a300_7942 .array/port v0x557bd010a300, 7942;
E_0x557bd010b960/1985 .event anyedge, v0x557bd010a300_7939, v0x557bd010a300_7940, v0x557bd010a300_7941, v0x557bd010a300_7942;
v0x557bd010a300_7943 .array/port v0x557bd010a300, 7943;
v0x557bd010a300_7944 .array/port v0x557bd010a300, 7944;
v0x557bd010a300_7945 .array/port v0x557bd010a300, 7945;
v0x557bd010a300_7946 .array/port v0x557bd010a300, 7946;
E_0x557bd010b960/1986 .event anyedge, v0x557bd010a300_7943, v0x557bd010a300_7944, v0x557bd010a300_7945, v0x557bd010a300_7946;
v0x557bd010a300_7947 .array/port v0x557bd010a300, 7947;
v0x557bd010a300_7948 .array/port v0x557bd010a300, 7948;
v0x557bd010a300_7949 .array/port v0x557bd010a300, 7949;
v0x557bd010a300_7950 .array/port v0x557bd010a300, 7950;
E_0x557bd010b960/1987 .event anyedge, v0x557bd010a300_7947, v0x557bd010a300_7948, v0x557bd010a300_7949, v0x557bd010a300_7950;
v0x557bd010a300_7951 .array/port v0x557bd010a300, 7951;
v0x557bd010a300_7952 .array/port v0x557bd010a300, 7952;
v0x557bd010a300_7953 .array/port v0x557bd010a300, 7953;
v0x557bd010a300_7954 .array/port v0x557bd010a300, 7954;
E_0x557bd010b960/1988 .event anyedge, v0x557bd010a300_7951, v0x557bd010a300_7952, v0x557bd010a300_7953, v0x557bd010a300_7954;
v0x557bd010a300_7955 .array/port v0x557bd010a300, 7955;
v0x557bd010a300_7956 .array/port v0x557bd010a300, 7956;
v0x557bd010a300_7957 .array/port v0x557bd010a300, 7957;
v0x557bd010a300_7958 .array/port v0x557bd010a300, 7958;
E_0x557bd010b960/1989 .event anyedge, v0x557bd010a300_7955, v0x557bd010a300_7956, v0x557bd010a300_7957, v0x557bd010a300_7958;
v0x557bd010a300_7959 .array/port v0x557bd010a300, 7959;
v0x557bd010a300_7960 .array/port v0x557bd010a300, 7960;
v0x557bd010a300_7961 .array/port v0x557bd010a300, 7961;
v0x557bd010a300_7962 .array/port v0x557bd010a300, 7962;
E_0x557bd010b960/1990 .event anyedge, v0x557bd010a300_7959, v0x557bd010a300_7960, v0x557bd010a300_7961, v0x557bd010a300_7962;
v0x557bd010a300_7963 .array/port v0x557bd010a300, 7963;
v0x557bd010a300_7964 .array/port v0x557bd010a300, 7964;
v0x557bd010a300_7965 .array/port v0x557bd010a300, 7965;
v0x557bd010a300_7966 .array/port v0x557bd010a300, 7966;
E_0x557bd010b960/1991 .event anyedge, v0x557bd010a300_7963, v0x557bd010a300_7964, v0x557bd010a300_7965, v0x557bd010a300_7966;
v0x557bd010a300_7967 .array/port v0x557bd010a300, 7967;
v0x557bd010a300_7968 .array/port v0x557bd010a300, 7968;
v0x557bd010a300_7969 .array/port v0x557bd010a300, 7969;
v0x557bd010a300_7970 .array/port v0x557bd010a300, 7970;
E_0x557bd010b960/1992 .event anyedge, v0x557bd010a300_7967, v0x557bd010a300_7968, v0x557bd010a300_7969, v0x557bd010a300_7970;
v0x557bd010a300_7971 .array/port v0x557bd010a300, 7971;
v0x557bd010a300_7972 .array/port v0x557bd010a300, 7972;
v0x557bd010a300_7973 .array/port v0x557bd010a300, 7973;
v0x557bd010a300_7974 .array/port v0x557bd010a300, 7974;
E_0x557bd010b960/1993 .event anyedge, v0x557bd010a300_7971, v0x557bd010a300_7972, v0x557bd010a300_7973, v0x557bd010a300_7974;
v0x557bd010a300_7975 .array/port v0x557bd010a300, 7975;
v0x557bd010a300_7976 .array/port v0x557bd010a300, 7976;
v0x557bd010a300_7977 .array/port v0x557bd010a300, 7977;
v0x557bd010a300_7978 .array/port v0x557bd010a300, 7978;
E_0x557bd010b960/1994 .event anyedge, v0x557bd010a300_7975, v0x557bd010a300_7976, v0x557bd010a300_7977, v0x557bd010a300_7978;
v0x557bd010a300_7979 .array/port v0x557bd010a300, 7979;
v0x557bd010a300_7980 .array/port v0x557bd010a300, 7980;
v0x557bd010a300_7981 .array/port v0x557bd010a300, 7981;
v0x557bd010a300_7982 .array/port v0x557bd010a300, 7982;
E_0x557bd010b960/1995 .event anyedge, v0x557bd010a300_7979, v0x557bd010a300_7980, v0x557bd010a300_7981, v0x557bd010a300_7982;
v0x557bd010a300_7983 .array/port v0x557bd010a300, 7983;
v0x557bd010a300_7984 .array/port v0x557bd010a300, 7984;
v0x557bd010a300_7985 .array/port v0x557bd010a300, 7985;
v0x557bd010a300_7986 .array/port v0x557bd010a300, 7986;
E_0x557bd010b960/1996 .event anyedge, v0x557bd010a300_7983, v0x557bd010a300_7984, v0x557bd010a300_7985, v0x557bd010a300_7986;
v0x557bd010a300_7987 .array/port v0x557bd010a300, 7987;
v0x557bd010a300_7988 .array/port v0x557bd010a300, 7988;
v0x557bd010a300_7989 .array/port v0x557bd010a300, 7989;
v0x557bd010a300_7990 .array/port v0x557bd010a300, 7990;
E_0x557bd010b960/1997 .event anyedge, v0x557bd010a300_7987, v0x557bd010a300_7988, v0x557bd010a300_7989, v0x557bd010a300_7990;
v0x557bd010a300_7991 .array/port v0x557bd010a300, 7991;
v0x557bd010a300_7992 .array/port v0x557bd010a300, 7992;
v0x557bd010a300_7993 .array/port v0x557bd010a300, 7993;
v0x557bd010a300_7994 .array/port v0x557bd010a300, 7994;
E_0x557bd010b960/1998 .event anyedge, v0x557bd010a300_7991, v0x557bd010a300_7992, v0x557bd010a300_7993, v0x557bd010a300_7994;
v0x557bd010a300_7995 .array/port v0x557bd010a300, 7995;
v0x557bd010a300_7996 .array/port v0x557bd010a300, 7996;
v0x557bd010a300_7997 .array/port v0x557bd010a300, 7997;
v0x557bd010a300_7998 .array/port v0x557bd010a300, 7998;
E_0x557bd010b960/1999 .event anyedge, v0x557bd010a300_7995, v0x557bd010a300_7996, v0x557bd010a300_7997, v0x557bd010a300_7998;
v0x557bd010a300_7999 .array/port v0x557bd010a300, 7999;
v0x557bd010a300_8000 .array/port v0x557bd010a300, 8000;
v0x557bd010a300_8001 .array/port v0x557bd010a300, 8001;
v0x557bd010a300_8002 .array/port v0x557bd010a300, 8002;
E_0x557bd010b960/2000 .event anyedge, v0x557bd010a300_7999, v0x557bd010a300_8000, v0x557bd010a300_8001, v0x557bd010a300_8002;
v0x557bd010a300_8003 .array/port v0x557bd010a300, 8003;
v0x557bd010a300_8004 .array/port v0x557bd010a300, 8004;
v0x557bd010a300_8005 .array/port v0x557bd010a300, 8005;
v0x557bd010a300_8006 .array/port v0x557bd010a300, 8006;
E_0x557bd010b960/2001 .event anyedge, v0x557bd010a300_8003, v0x557bd010a300_8004, v0x557bd010a300_8005, v0x557bd010a300_8006;
v0x557bd010a300_8007 .array/port v0x557bd010a300, 8007;
v0x557bd010a300_8008 .array/port v0x557bd010a300, 8008;
v0x557bd010a300_8009 .array/port v0x557bd010a300, 8009;
v0x557bd010a300_8010 .array/port v0x557bd010a300, 8010;
E_0x557bd010b960/2002 .event anyedge, v0x557bd010a300_8007, v0x557bd010a300_8008, v0x557bd010a300_8009, v0x557bd010a300_8010;
v0x557bd010a300_8011 .array/port v0x557bd010a300, 8011;
v0x557bd010a300_8012 .array/port v0x557bd010a300, 8012;
v0x557bd010a300_8013 .array/port v0x557bd010a300, 8013;
v0x557bd010a300_8014 .array/port v0x557bd010a300, 8014;
E_0x557bd010b960/2003 .event anyedge, v0x557bd010a300_8011, v0x557bd010a300_8012, v0x557bd010a300_8013, v0x557bd010a300_8014;
v0x557bd010a300_8015 .array/port v0x557bd010a300, 8015;
v0x557bd010a300_8016 .array/port v0x557bd010a300, 8016;
v0x557bd010a300_8017 .array/port v0x557bd010a300, 8017;
v0x557bd010a300_8018 .array/port v0x557bd010a300, 8018;
E_0x557bd010b960/2004 .event anyedge, v0x557bd010a300_8015, v0x557bd010a300_8016, v0x557bd010a300_8017, v0x557bd010a300_8018;
v0x557bd010a300_8019 .array/port v0x557bd010a300, 8019;
v0x557bd010a300_8020 .array/port v0x557bd010a300, 8020;
v0x557bd010a300_8021 .array/port v0x557bd010a300, 8021;
v0x557bd010a300_8022 .array/port v0x557bd010a300, 8022;
E_0x557bd010b960/2005 .event anyedge, v0x557bd010a300_8019, v0x557bd010a300_8020, v0x557bd010a300_8021, v0x557bd010a300_8022;
v0x557bd010a300_8023 .array/port v0x557bd010a300, 8023;
v0x557bd010a300_8024 .array/port v0x557bd010a300, 8024;
v0x557bd010a300_8025 .array/port v0x557bd010a300, 8025;
v0x557bd010a300_8026 .array/port v0x557bd010a300, 8026;
E_0x557bd010b960/2006 .event anyedge, v0x557bd010a300_8023, v0x557bd010a300_8024, v0x557bd010a300_8025, v0x557bd010a300_8026;
v0x557bd010a300_8027 .array/port v0x557bd010a300, 8027;
v0x557bd010a300_8028 .array/port v0x557bd010a300, 8028;
v0x557bd010a300_8029 .array/port v0x557bd010a300, 8029;
v0x557bd010a300_8030 .array/port v0x557bd010a300, 8030;
E_0x557bd010b960/2007 .event anyedge, v0x557bd010a300_8027, v0x557bd010a300_8028, v0x557bd010a300_8029, v0x557bd010a300_8030;
v0x557bd010a300_8031 .array/port v0x557bd010a300, 8031;
v0x557bd010a300_8032 .array/port v0x557bd010a300, 8032;
v0x557bd010a300_8033 .array/port v0x557bd010a300, 8033;
v0x557bd010a300_8034 .array/port v0x557bd010a300, 8034;
E_0x557bd010b960/2008 .event anyedge, v0x557bd010a300_8031, v0x557bd010a300_8032, v0x557bd010a300_8033, v0x557bd010a300_8034;
v0x557bd010a300_8035 .array/port v0x557bd010a300, 8035;
v0x557bd010a300_8036 .array/port v0x557bd010a300, 8036;
v0x557bd010a300_8037 .array/port v0x557bd010a300, 8037;
v0x557bd010a300_8038 .array/port v0x557bd010a300, 8038;
E_0x557bd010b960/2009 .event anyedge, v0x557bd010a300_8035, v0x557bd010a300_8036, v0x557bd010a300_8037, v0x557bd010a300_8038;
v0x557bd010a300_8039 .array/port v0x557bd010a300, 8039;
v0x557bd010a300_8040 .array/port v0x557bd010a300, 8040;
v0x557bd010a300_8041 .array/port v0x557bd010a300, 8041;
v0x557bd010a300_8042 .array/port v0x557bd010a300, 8042;
E_0x557bd010b960/2010 .event anyedge, v0x557bd010a300_8039, v0x557bd010a300_8040, v0x557bd010a300_8041, v0x557bd010a300_8042;
v0x557bd010a300_8043 .array/port v0x557bd010a300, 8043;
v0x557bd010a300_8044 .array/port v0x557bd010a300, 8044;
v0x557bd010a300_8045 .array/port v0x557bd010a300, 8045;
v0x557bd010a300_8046 .array/port v0x557bd010a300, 8046;
E_0x557bd010b960/2011 .event anyedge, v0x557bd010a300_8043, v0x557bd010a300_8044, v0x557bd010a300_8045, v0x557bd010a300_8046;
v0x557bd010a300_8047 .array/port v0x557bd010a300, 8047;
v0x557bd010a300_8048 .array/port v0x557bd010a300, 8048;
v0x557bd010a300_8049 .array/port v0x557bd010a300, 8049;
v0x557bd010a300_8050 .array/port v0x557bd010a300, 8050;
E_0x557bd010b960/2012 .event anyedge, v0x557bd010a300_8047, v0x557bd010a300_8048, v0x557bd010a300_8049, v0x557bd010a300_8050;
v0x557bd010a300_8051 .array/port v0x557bd010a300, 8051;
v0x557bd010a300_8052 .array/port v0x557bd010a300, 8052;
v0x557bd010a300_8053 .array/port v0x557bd010a300, 8053;
v0x557bd010a300_8054 .array/port v0x557bd010a300, 8054;
E_0x557bd010b960/2013 .event anyedge, v0x557bd010a300_8051, v0x557bd010a300_8052, v0x557bd010a300_8053, v0x557bd010a300_8054;
v0x557bd010a300_8055 .array/port v0x557bd010a300, 8055;
v0x557bd010a300_8056 .array/port v0x557bd010a300, 8056;
v0x557bd010a300_8057 .array/port v0x557bd010a300, 8057;
v0x557bd010a300_8058 .array/port v0x557bd010a300, 8058;
E_0x557bd010b960/2014 .event anyedge, v0x557bd010a300_8055, v0x557bd010a300_8056, v0x557bd010a300_8057, v0x557bd010a300_8058;
v0x557bd010a300_8059 .array/port v0x557bd010a300, 8059;
v0x557bd010a300_8060 .array/port v0x557bd010a300, 8060;
v0x557bd010a300_8061 .array/port v0x557bd010a300, 8061;
v0x557bd010a300_8062 .array/port v0x557bd010a300, 8062;
E_0x557bd010b960/2015 .event anyedge, v0x557bd010a300_8059, v0x557bd010a300_8060, v0x557bd010a300_8061, v0x557bd010a300_8062;
v0x557bd010a300_8063 .array/port v0x557bd010a300, 8063;
v0x557bd010a300_8064 .array/port v0x557bd010a300, 8064;
v0x557bd010a300_8065 .array/port v0x557bd010a300, 8065;
v0x557bd010a300_8066 .array/port v0x557bd010a300, 8066;
E_0x557bd010b960/2016 .event anyedge, v0x557bd010a300_8063, v0x557bd010a300_8064, v0x557bd010a300_8065, v0x557bd010a300_8066;
v0x557bd010a300_8067 .array/port v0x557bd010a300, 8067;
v0x557bd010a300_8068 .array/port v0x557bd010a300, 8068;
v0x557bd010a300_8069 .array/port v0x557bd010a300, 8069;
v0x557bd010a300_8070 .array/port v0x557bd010a300, 8070;
E_0x557bd010b960/2017 .event anyedge, v0x557bd010a300_8067, v0x557bd010a300_8068, v0x557bd010a300_8069, v0x557bd010a300_8070;
v0x557bd010a300_8071 .array/port v0x557bd010a300, 8071;
v0x557bd010a300_8072 .array/port v0x557bd010a300, 8072;
v0x557bd010a300_8073 .array/port v0x557bd010a300, 8073;
v0x557bd010a300_8074 .array/port v0x557bd010a300, 8074;
E_0x557bd010b960/2018 .event anyedge, v0x557bd010a300_8071, v0x557bd010a300_8072, v0x557bd010a300_8073, v0x557bd010a300_8074;
v0x557bd010a300_8075 .array/port v0x557bd010a300, 8075;
v0x557bd010a300_8076 .array/port v0x557bd010a300, 8076;
v0x557bd010a300_8077 .array/port v0x557bd010a300, 8077;
v0x557bd010a300_8078 .array/port v0x557bd010a300, 8078;
E_0x557bd010b960/2019 .event anyedge, v0x557bd010a300_8075, v0x557bd010a300_8076, v0x557bd010a300_8077, v0x557bd010a300_8078;
v0x557bd010a300_8079 .array/port v0x557bd010a300, 8079;
v0x557bd010a300_8080 .array/port v0x557bd010a300, 8080;
v0x557bd010a300_8081 .array/port v0x557bd010a300, 8081;
v0x557bd010a300_8082 .array/port v0x557bd010a300, 8082;
E_0x557bd010b960/2020 .event anyedge, v0x557bd010a300_8079, v0x557bd010a300_8080, v0x557bd010a300_8081, v0x557bd010a300_8082;
v0x557bd010a300_8083 .array/port v0x557bd010a300, 8083;
v0x557bd010a300_8084 .array/port v0x557bd010a300, 8084;
v0x557bd010a300_8085 .array/port v0x557bd010a300, 8085;
v0x557bd010a300_8086 .array/port v0x557bd010a300, 8086;
E_0x557bd010b960/2021 .event anyedge, v0x557bd010a300_8083, v0x557bd010a300_8084, v0x557bd010a300_8085, v0x557bd010a300_8086;
v0x557bd010a300_8087 .array/port v0x557bd010a300, 8087;
v0x557bd010a300_8088 .array/port v0x557bd010a300, 8088;
v0x557bd010a300_8089 .array/port v0x557bd010a300, 8089;
v0x557bd010a300_8090 .array/port v0x557bd010a300, 8090;
E_0x557bd010b960/2022 .event anyedge, v0x557bd010a300_8087, v0x557bd010a300_8088, v0x557bd010a300_8089, v0x557bd010a300_8090;
v0x557bd010a300_8091 .array/port v0x557bd010a300, 8091;
v0x557bd010a300_8092 .array/port v0x557bd010a300, 8092;
v0x557bd010a300_8093 .array/port v0x557bd010a300, 8093;
v0x557bd010a300_8094 .array/port v0x557bd010a300, 8094;
E_0x557bd010b960/2023 .event anyedge, v0x557bd010a300_8091, v0x557bd010a300_8092, v0x557bd010a300_8093, v0x557bd010a300_8094;
v0x557bd010a300_8095 .array/port v0x557bd010a300, 8095;
v0x557bd010a300_8096 .array/port v0x557bd010a300, 8096;
v0x557bd010a300_8097 .array/port v0x557bd010a300, 8097;
v0x557bd010a300_8098 .array/port v0x557bd010a300, 8098;
E_0x557bd010b960/2024 .event anyedge, v0x557bd010a300_8095, v0x557bd010a300_8096, v0x557bd010a300_8097, v0x557bd010a300_8098;
v0x557bd010a300_8099 .array/port v0x557bd010a300, 8099;
v0x557bd010a300_8100 .array/port v0x557bd010a300, 8100;
v0x557bd010a300_8101 .array/port v0x557bd010a300, 8101;
v0x557bd010a300_8102 .array/port v0x557bd010a300, 8102;
E_0x557bd010b960/2025 .event anyedge, v0x557bd010a300_8099, v0x557bd010a300_8100, v0x557bd010a300_8101, v0x557bd010a300_8102;
v0x557bd010a300_8103 .array/port v0x557bd010a300, 8103;
v0x557bd010a300_8104 .array/port v0x557bd010a300, 8104;
v0x557bd010a300_8105 .array/port v0x557bd010a300, 8105;
v0x557bd010a300_8106 .array/port v0x557bd010a300, 8106;
E_0x557bd010b960/2026 .event anyedge, v0x557bd010a300_8103, v0x557bd010a300_8104, v0x557bd010a300_8105, v0x557bd010a300_8106;
v0x557bd010a300_8107 .array/port v0x557bd010a300, 8107;
v0x557bd010a300_8108 .array/port v0x557bd010a300, 8108;
v0x557bd010a300_8109 .array/port v0x557bd010a300, 8109;
v0x557bd010a300_8110 .array/port v0x557bd010a300, 8110;
E_0x557bd010b960/2027 .event anyedge, v0x557bd010a300_8107, v0x557bd010a300_8108, v0x557bd010a300_8109, v0x557bd010a300_8110;
v0x557bd010a300_8111 .array/port v0x557bd010a300, 8111;
v0x557bd010a300_8112 .array/port v0x557bd010a300, 8112;
v0x557bd010a300_8113 .array/port v0x557bd010a300, 8113;
v0x557bd010a300_8114 .array/port v0x557bd010a300, 8114;
E_0x557bd010b960/2028 .event anyedge, v0x557bd010a300_8111, v0x557bd010a300_8112, v0x557bd010a300_8113, v0x557bd010a300_8114;
v0x557bd010a300_8115 .array/port v0x557bd010a300, 8115;
v0x557bd010a300_8116 .array/port v0x557bd010a300, 8116;
v0x557bd010a300_8117 .array/port v0x557bd010a300, 8117;
v0x557bd010a300_8118 .array/port v0x557bd010a300, 8118;
E_0x557bd010b960/2029 .event anyedge, v0x557bd010a300_8115, v0x557bd010a300_8116, v0x557bd010a300_8117, v0x557bd010a300_8118;
v0x557bd010a300_8119 .array/port v0x557bd010a300, 8119;
v0x557bd010a300_8120 .array/port v0x557bd010a300, 8120;
v0x557bd010a300_8121 .array/port v0x557bd010a300, 8121;
v0x557bd010a300_8122 .array/port v0x557bd010a300, 8122;
E_0x557bd010b960/2030 .event anyedge, v0x557bd010a300_8119, v0x557bd010a300_8120, v0x557bd010a300_8121, v0x557bd010a300_8122;
v0x557bd010a300_8123 .array/port v0x557bd010a300, 8123;
v0x557bd010a300_8124 .array/port v0x557bd010a300, 8124;
v0x557bd010a300_8125 .array/port v0x557bd010a300, 8125;
v0x557bd010a300_8126 .array/port v0x557bd010a300, 8126;
E_0x557bd010b960/2031 .event anyedge, v0x557bd010a300_8123, v0x557bd010a300_8124, v0x557bd010a300_8125, v0x557bd010a300_8126;
v0x557bd010a300_8127 .array/port v0x557bd010a300, 8127;
v0x557bd010a300_8128 .array/port v0x557bd010a300, 8128;
v0x557bd010a300_8129 .array/port v0x557bd010a300, 8129;
v0x557bd010a300_8130 .array/port v0x557bd010a300, 8130;
E_0x557bd010b960/2032 .event anyedge, v0x557bd010a300_8127, v0x557bd010a300_8128, v0x557bd010a300_8129, v0x557bd010a300_8130;
v0x557bd010a300_8131 .array/port v0x557bd010a300, 8131;
v0x557bd010a300_8132 .array/port v0x557bd010a300, 8132;
v0x557bd010a300_8133 .array/port v0x557bd010a300, 8133;
v0x557bd010a300_8134 .array/port v0x557bd010a300, 8134;
E_0x557bd010b960/2033 .event anyedge, v0x557bd010a300_8131, v0x557bd010a300_8132, v0x557bd010a300_8133, v0x557bd010a300_8134;
v0x557bd010a300_8135 .array/port v0x557bd010a300, 8135;
v0x557bd010a300_8136 .array/port v0x557bd010a300, 8136;
v0x557bd010a300_8137 .array/port v0x557bd010a300, 8137;
v0x557bd010a300_8138 .array/port v0x557bd010a300, 8138;
E_0x557bd010b960/2034 .event anyedge, v0x557bd010a300_8135, v0x557bd010a300_8136, v0x557bd010a300_8137, v0x557bd010a300_8138;
v0x557bd010a300_8139 .array/port v0x557bd010a300, 8139;
v0x557bd010a300_8140 .array/port v0x557bd010a300, 8140;
v0x557bd010a300_8141 .array/port v0x557bd010a300, 8141;
v0x557bd010a300_8142 .array/port v0x557bd010a300, 8142;
E_0x557bd010b960/2035 .event anyedge, v0x557bd010a300_8139, v0x557bd010a300_8140, v0x557bd010a300_8141, v0x557bd010a300_8142;
v0x557bd010a300_8143 .array/port v0x557bd010a300, 8143;
v0x557bd010a300_8144 .array/port v0x557bd010a300, 8144;
v0x557bd010a300_8145 .array/port v0x557bd010a300, 8145;
v0x557bd010a300_8146 .array/port v0x557bd010a300, 8146;
E_0x557bd010b960/2036 .event anyedge, v0x557bd010a300_8143, v0x557bd010a300_8144, v0x557bd010a300_8145, v0x557bd010a300_8146;
v0x557bd010a300_8147 .array/port v0x557bd010a300, 8147;
v0x557bd010a300_8148 .array/port v0x557bd010a300, 8148;
v0x557bd010a300_8149 .array/port v0x557bd010a300, 8149;
v0x557bd010a300_8150 .array/port v0x557bd010a300, 8150;
E_0x557bd010b960/2037 .event anyedge, v0x557bd010a300_8147, v0x557bd010a300_8148, v0x557bd010a300_8149, v0x557bd010a300_8150;
v0x557bd010a300_8151 .array/port v0x557bd010a300, 8151;
v0x557bd010a300_8152 .array/port v0x557bd010a300, 8152;
v0x557bd010a300_8153 .array/port v0x557bd010a300, 8153;
v0x557bd010a300_8154 .array/port v0x557bd010a300, 8154;
E_0x557bd010b960/2038 .event anyedge, v0x557bd010a300_8151, v0x557bd010a300_8152, v0x557bd010a300_8153, v0x557bd010a300_8154;
v0x557bd010a300_8155 .array/port v0x557bd010a300, 8155;
v0x557bd010a300_8156 .array/port v0x557bd010a300, 8156;
v0x557bd010a300_8157 .array/port v0x557bd010a300, 8157;
v0x557bd010a300_8158 .array/port v0x557bd010a300, 8158;
E_0x557bd010b960/2039 .event anyedge, v0x557bd010a300_8155, v0x557bd010a300_8156, v0x557bd010a300_8157, v0x557bd010a300_8158;
v0x557bd010a300_8159 .array/port v0x557bd010a300, 8159;
v0x557bd010a300_8160 .array/port v0x557bd010a300, 8160;
v0x557bd010a300_8161 .array/port v0x557bd010a300, 8161;
v0x557bd010a300_8162 .array/port v0x557bd010a300, 8162;
E_0x557bd010b960/2040 .event anyedge, v0x557bd010a300_8159, v0x557bd010a300_8160, v0x557bd010a300_8161, v0x557bd010a300_8162;
v0x557bd010a300_8163 .array/port v0x557bd010a300, 8163;
v0x557bd010a300_8164 .array/port v0x557bd010a300, 8164;
v0x557bd010a300_8165 .array/port v0x557bd010a300, 8165;
v0x557bd010a300_8166 .array/port v0x557bd010a300, 8166;
E_0x557bd010b960/2041 .event anyedge, v0x557bd010a300_8163, v0x557bd010a300_8164, v0x557bd010a300_8165, v0x557bd010a300_8166;
v0x557bd010a300_8167 .array/port v0x557bd010a300, 8167;
v0x557bd010a300_8168 .array/port v0x557bd010a300, 8168;
v0x557bd010a300_8169 .array/port v0x557bd010a300, 8169;
v0x557bd010a300_8170 .array/port v0x557bd010a300, 8170;
E_0x557bd010b960/2042 .event anyedge, v0x557bd010a300_8167, v0x557bd010a300_8168, v0x557bd010a300_8169, v0x557bd010a300_8170;
v0x557bd010a300_8171 .array/port v0x557bd010a300, 8171;
v0x557bd010a300_8172 .array/port v0x557bd010a300, 8172;
v0x557bd010a300_8173 .array/port v0x557bd010a300, 8173;
v0x557bd010a300_8174 .array/port v0x557bd010a300, 8174;
E_0x557bd010b960/2043 .event anyedge, v0x557bd010a300_8171, v0x557bd010a300_8172, v0x557bd010a300_8173, v0x557bd010a300_8174;
v0x557bd010a300_8175 .array/port v0x557bd010a300, 8175;
v0x557bd010a300_8176 .array/port v0x557bd010a300, 8176;
v0x557bd010a300_8177 .array/port v0x557bd010a300, 8177;
v0x557bd010a300_8178 .array/port v0x557bd010a300, 8178;
E_0x557bd010b960/2044 .event anyedge, v0x557bd010a300_8175, v0x557bd010a300_8176, v0x557bd010a300_8177, v0x557bd010a300_8178;
v0x557bd010a300_8179 .array/port v0x557bd010a300, 8179;
v0x557bd010a300_8180 .array/port v0x557bd010a300, 8180;
v0x557bd010a300_8181 .array/port v0x557bd010a300, 8181;
v0x557bd010a300_8182 .array/port v0x557bd010a300, 8182;
E_0x557bd010b960/2045 .event anyedge, v0x557bd010a300_8179, v0x557bd010a300_8180, v0x557bd010a300_8181, v0x557bd010a300_8182;
v0x557bd010a300_8183 .array/port v0x557bd010a300, 8183;
v0x557bd010a300_8184 .array/port v0x557bd010a300, 8184;
v0x557bd010a300_8185 .array/port v0x557bd010a300, 8185;
v0x557bd010a300_8186 .array/port v0x557bd010a300, 8186;
E_0x557bd010b960/2046 .event anyedge, v0x557bd010a300_8183, v0x557bd010a300_8184, v0x557bd010a300_8185, v0x557bd010a300_8186;
v0x557bd010a300_8187 .array/port v0x557bd010a300, 8187;
v0x557bd010a300_8188 .array/port v0x557bd010a300, 8188;
v0x557bd010a300_8189 .array/port v0x557bd010a300, 8189;
v0x557bd010a300_8190 .array/port v0x557bd010a300, 8190;
E_0x557bd010b960/2047 .event anyedge, v0x557bd010a300_8187, v0x557bd010a300_8188, v0x557bd010a300_8189, v0x557bd010a300_8190;
v0x557bd010a300_8191 .array/port v0x557bd010a300, 8191;
E_0x557bd010b960/2048 .event anyedge, v0x557bd010a300_8191;
E_0x557bd010b960 .event/or E_0x557bd010b960/0, E_0x557bd010b960/1, E_0x557bd010b960/2, E_0x557bd010b960/3, E_0x557bd010b960/4, E_0x557bd010b960/5, E_0x557bd010b960/6, E_0x557bd010b960/7, E_0x557bd010b960/8, E_0x557bd010b960/9, E_0x557bd010b960/10, E_0x557bd010b960/11, E_0x557bd010b960/12, E_0x557bd010b960/13, E_0x557bd010b960/14, E_0x557bd010b960/15, E_0x557bd010b960/16, E_0x557bd010b960/17, E_0x557bd010b960/18, E_0x557bd010b960/19, E_0x557bd010b960/20, E_0x557bd010b960/21, E_0x557bd010b960/22, E_0x557bd010b960/23, E_0x557bd010b960/24, E_0x557bd010b960/25, E_0x557bd010b960/26, E_0x557bd010b960/27, E_0x557bd010b960/28, E_0x557bd010b960/29, E_0x557bd010b960/30, E_0x557bd010b960/31, E_0x557bd010b960/32, E_0x557bd010b960/33, E_0x557bd010b960/34, E_0x557bd010b960/35, E_0x557bd010b960/36, E_0x557bd010b960/37, E_0x557bd010b960/38, E_0x557bd010b960/39, E_0x557bd010b960/40, E_0x557bd010b960/41, E_0x557bd010b960/42, E_0x557bd010b960/43, E_0x557bd010b960/44, E_0x557bd010b960/45, E_0x557bd010b960/46, E_0x557bd010b960/47, E_0x557bd010b960/48, E_0x557bd010b960/49, E_0x557bd010b960/50, E_0x557bd010b960/51, E_0x557bd010b960/52, E_0x557bd010b960/53, E_0x557bd010b960/54, E_0x557bd010b960/55, E_0x557bd010b960/56, E_0x557bd010b960/57, E_0x557bd010b960/58, E_0x557bd010b960/59, E_0x557bd010b960/60, E_0x557bd010b960/61, E_0x557bd010b960/62, E_0x557bd010b960/63, E_0x557bd010b960/64, E_0x557bd010b960/65, E_0x557bd010b960/66, E_0x557bd010b960/67, E_0x557bd010b960/68, E_0x557bd010b960/69, E_0x557bd010b960/70, E_0x557bd010b960/71, E_0x557bd010b960/72, E_0x557bd010b960/73, E_0x557bd010b960/74, E_0x557bd010b960/75, E_0x557bd010b960/76, E_0x557bd010b960/77, E_0x557bd010b960/78, E_0x557bd010b960/79, E_0x557bd010b960/80, E_0x557bd010b960/81, E_0x557bd010b960/82, E_0x557bd010b960/83, E_0x557bd010b960/84, E_0x557bd010b960/85, E_0x557bd010b960/86, E_0x557bd010b960/87, E_0x557bd010b960/88, E_0x557bd010b960/89, E_0x557bd010b960/90, E_0x557bd010b960/91, E_0x557bd010b960/92, E_0x557bd010b960/93, E_0x557bd010b960/94, E_0x557bd010b960/95, E_0x557bd010b960/96, E_0x557bd010b960/97, E_0x557bd010b960/98, E_0x557bd010b960/99, E_0x557bd010b960/100, E_0x557bd010b960/101, E_0x557bd010b960/102, E_0x557bd010b960/103, E_0x557bd010b960/104, E_0x557bd010b960/105, E_0x557bd010b960/106, E_0x557bd010b960/107, E_0x557bd010b960/108, E_0x557bd010b960/109, E_0x557bd010b960/110, E_0x557bd010b960/111, E_0x557bd010b960/112, E_0x557bd010b960/113, E_0x557bd010b960/114, E_0x557bd010b960/115, E_0x557bd010b960/116, E_0x557bd010b960/117, E_0x557bd010b960/118, E_0x557bd010b960/119, E_0x557bd010b960/120, E_0x557bd010b960/121, E_0x557bd010b960/122, E_0x557bd010b960/123, E_0x557bd010b960/124, E_0x557bd010b960/125, E_0x557bd010b960/126, E_0x557bd010b960/127, E_0x557bd010b960/128, E_0x557bd010b960/129, E_0x557bd010b960/130, E_0x557bd010b960/131, E_0x557bd010b960/132, E_0x557bd010b960/133, E_0x557bd010b960/134, E_0x557bd010b960/135, E_0x557bd010b960/136, E_0x557bd010b960/137, E_0x557bd010b960/138, E_0x557bd010b960/139, E_0x557bd010b960/140, E_0x557bd010b960/141, E_0x557bd010b960/142, E_0x557bd010b960/143, E_0x557bd010b960/144, E_0x557bd010b960/145, E_0x557bd010b960/146, E_0x557bd010b960/147, E_0x557bd010b960/148, E_0x557bd010b960/149, E_0x557bd010b960/150, E_0x557bd010b960/151, E_0x557bd010b960/152, E_0x557bd010b960/153, E_0x557bd010b960/154, E_0x557bd010b960/155, E_0x557bd010b960/156, E_0x557bd010b960/157, E_0x557bd010b960/158, E_0x557bd010b960/159, E_0x557bd010b960/160, E_0x557bd010b960/161, E_0x557bd010b960/162, E_0x557bd010b960/163, E_0x557bd010b960/164, E_0x557bd010b960/165, E_0x557bd010b960/166, E_0x557bd010b960/167, E_0x557bd010b960/168, E_0x557bd010b960/169, E_0x557bd010b960/170, E_0x557bd010b960/171, E_0x557bd010b960/172, E_0x557bd010b960/173, E_0x557bd010b960/174, E_0x557bd010b960/175, E_0x557bd010b960/176, E_0x557bd010b960/177, E_0x557bd010b960/178, E_0x557bd010b960/179, E_0x557bd010b960/180, E_0x557bd010b960/181, E_0x557bd010b960/182, E_0x557bd010b960/183, E_0x557bd010b960/184, E_0x557bd010b960/185, E_0x557bd010b960/186, E_0x557bd010b960/187, E_0x557bd010b960/188, E_0x557bd010b960/189, E_0x557bd010b960/190, E_0x557bd010b960/191, E_0x557bd010b960/192, E_0x557bd010b960/193, E_0x557bd010b960/194, E_0x557bd010b960/195, E_0x557bd010b960/196, E_0x557bd010b960/197, E_0x557bd010b960/198, E_0x557bd010b960/199, E_0x557bd010b960/200, E_0x557bd010b960/201, E_0x557bd010b960/202, E_0x557bd010b960/203, E_0x557bd010b960/204, E_0x557bd010b960/205, E_0x557bd010b960/206, E_0x557bd010b960/207, E_0x557bd010b960/208, E_0x557bd010b960/209, E_0x557bd010b960/210, E_0x557bd010b960/211, E_0x557bd010b960/212, E_0x557bd010b960/213, E_0x557bd010b960/214, E_0x557bd010b960/215, E_0x557bd010b960/216, E_0x557bd010b960/217, E_0x557bd010b960/218, E_0x557bd010b960/219, E_0x557bd010b960/220, E_0x557bd010b960/221, E_0x557bd010b960/222, E_0x557bd010b960/223, E_0x557bd010b960/224, E_0x557bd010b960/225, E_0x557bd010b960/226, E_0x557bd010b960/227, E_0x557bd010b960/228, E_0x557bd010b960/229, E_0x557bd010b960/230, E_0x557bd010b960/231, E_0x557bd010b960/232, E_0x557bd010b960/233, E_0x557bd010b960/234, E_0x557bd010b960/235, E_0x557bd010b960/236, E_0x557bd010b960/237, E_0x557bd010b960/238, E_0x557bd010b960/239, E_0x557bd010b960/240, E_0x557bd010b960/241, E_0x557bd010b960/242, E_0x557bd010b960/243, E_0x557bd010b960/244, E_0x557bd010b960/245, E_0x557bd010b960/246, E_0x557bd010b960/247, E_0x557bd010b960/248, E_0x557bd010b960/249, E_0x557bd010b960/250, E_0x557bd010b960/251, E_0x557bd010b960/252, E_0x557bd010b960/253, E_0x557bd010b960/254, E_0x557bd010b960/255, E_0x557bd010b960/256, E_0x557bd010b960/257, E_0x557bd010b960/258, E_0x557bd010b960/259, E_0x557bd010b960/260, E_0x557bd010b960/261, E_0x557bd010b960/262, E_0x557bd010b960/263, E_0x557bd010b960/264, E_0x557bd010b960/265, E_0x557bd010b960/266, E_0x557bd010b960/267, E_0x557bd010b960/268, E_0x557bd010b960/269, E_0x557bd010b960/270, E_0x557bd010b960/271, E_0x557bd010b960/272, E_0x557bd010b960/273, E_0x557bd010b960/274, E_0x557bd010b960/275, E_0x557bd010b960/276, E_0x557bd010b960/277, E_0x557bd010b960/278, E_0x557bd010b960/279, E_0x557bd010b960/280, E_0x557bd010b960/281, E_0x557bd010b960/282, E_0x557bd010b960/283, E_0x557bd010b960/284, E_0x557bd010b960/285, E_0x557bd010b960/286, E_0x557bd010b960/287, E_0x557bd010b960/288, E_0x557bd010b960/289, E_0x557bd010b960/290, E_0x557bd010b960/291, E_0x557bd010b960/292, E_0x557bd010b960/293, E_0x557bd010b960/294, E_0x557bd010b960/295, E_0x557bd010b960/296, E_0x557bd010b960/297, E_0x557bd010b960/298, E_0x557bd010b960/299, E_0x557bd010b960/300, E_0x557bd010b960/301, E_0x557bd010b960/302, E_0x557bd010b960/303, E_0x557bd010b960/304, E_0x557bd010b960/305, E_0x557bd010b960/306, E_0x557bd010b960/307, E_0x557bd010b960/308, E_0x557bd010b960/309, E_0x557bd010b960/310, E_0x557bd010b960/311, E_0x557bd010b960/312, E_0x557bd010b960/313, E_0x557bd010b960/314, E_0x557bd010b960/315, E_0x557bd010b960/316, E_0x557bd010b960/317, E_0x557bd010b960/318, E_0x557bd010b960/319, E_0x557bd010b960/320, E_0x557bd010b960/321, E_0x557bd010b960/322, E_0x557bd010b960/323, E_0x557bd010b960/324, E_0x557bd010b960/325, E_0x557bd010b960/326, E_0x557bd010b960/327, E_0x557bd010b960/328, E_0x557bd010b960/329, E_0x557bd010b960/330, E_0x557bd010b960/331, E_0x557bd010b960/332, E_0x557bd010b960/333, E_0x557bd010b960/334, E_0x557bd010b960/335, E_0x557bd010b960/336, E_0x557bd010b960/337, E_0x557bd010b960/338, E_0x557bd010b960/339, E_0x557bd010b960/340, E_0x557bd010b960/341, E_0x557bd010b960/342, E_0x557bd010b960/343, E_0x557bd010b960/344, E_0x557bd010b960/345, E_0x557bd010b960/346, E_0x557bd010b960/347, E_0x557bd010b960/348, E_0x557bd010b960/349, E_0x557bd010b960/350, E_0x557bd010b960/351, E_0x557bd010b960/352, E_0x557bd010b960/353, E_0x557bd010b960/354, E_0x557bd010b960/355, E_0x557bd010b960/356, E_0x557bd010b960/357, E_0x557bd010b960/358, E_0x557bd010b960/359, E_0x557bd010b960/360, E_0x557bd010b960/361, E_0x557bd010b960/362, E_0x557bd010b960/363, E_0x557bd010b960/364, E_0x557bd010b960/365, E_0x557bd010b960/366, E_0x557bd010b960/367, E_0x557bd010b960/368, E_0x557bd010b960/369, E_0x557bd010b960/370, E_0x557bd010b960/371, E_0x557bd010b960/372, E_0x557bd010b960/373, E_0x557bd010b960/374, E_0x557bd010b960/375, E_0x557bd010b960/376, E_0x557bd010b960/377, E_0x557bd010b960/378, E_0x557bd010b960/379, E_0x557bd010b960/380, E_0x557bd010b960/381, E_0x557bd010b960/382, E_0x557bd010b960/383, E_0x557bd010b960/384, E_0x557bd010b960/385, E_0x557bd010b960/386, E_0x557bd010b960/387, E_0x557bd010b960/388, E_0x557bd010b960/389, E_0x557bd010b960/390, E_0x557bd010b960/391, E_0x557bd010b960/392, E_0x557bd010b960/393, E_0x557bd010b960/394, E_0x557bd010b960/395, E_0x557bd010b960/396, E_0x557bd010b960/397, E_0x557bd010b960/398, E_0x557bd010b960/399, E_0x557bd010b960/400, E_0x557bd010b960/401, E_0x557bd010b960/402, E_0x557bd010b960/403, E_0x557bd010b960/404, E_0x557bd010b960/405, E_0x557bd010b960/406, E_0x557bd010b960/407, E_0x557bd010b960/408, E_0x557bd010b960/409, E_0x557bd010b960/410, E_0x557bd010b960/411, E_0x557bd010b960/412, E_0x557bd010b960/413, E_0x557bd010b960/414, E_0x557bd010b960/415, E_0x557bd010b960/416, E_0x557bd010b960/417, E_0x557bd010b960/418, E_0x557bd010b960/419, E_0x557bd010b960/420, E_0x557bd010b960/421, E_0x557bd010b960/422, E_0x557bd010b960/423, E_0x557bd010b960/424, E_0x557bd010b960/425, E_0x557bd010b960/426, E_0x557bd010b960/427, E_0x557bd010b960/428, E_0x557bd010b960/429, E_0x557bd010b960/430, E_0x557bd010b960/431, E_0x557bd010b960/432, E_0x557bd010b960/433, E_0x557bd010b960/434, E_0x557bd010b960/435, E_0x557bd010b960/436, E_0x557bd010b960/437, E_0x557bd010b960/438, E_0x557bd010b960/439, E_0x557bd010b960/440, E_0x557bd010b960/441, E_0x557bd010b960/442, E_0x557bd010b960/443, E_0x557bd010b960/444, E_0x557bd010b960/445, E_0x557bd010b960/446, E_0x557bd010b960/447, E_0x557bd010b960/448, E_0x557bd010b960/449, E_0x557bd010b960/450, E_0x557bd010b960/451, E_0x557bd010b960/452, E_0x557bd010b960/453, E_0x557bd010b960/454, E_0x557bd010b960/455, E_0x557bd010b960/456, E_0x557bd010b960/457, E_0x557bd010b960/458, E_0x557bd010b960/459, E_0x557bd010b960/460, E_0x557bd010b960/461, E_0x557bd010b960/462, E_0x557bd010b960/463, E_0x557bd010b960/464, E_0x557bd010b960/465, E_0x557bd010b960/466, E_0x557bd010b960/467, E_0x557bd010b960/468, E_0x557bd010b960/469, E_0x557bd010b960/470, E_0x557bd010b960/471, E_0x557bd010b960/472, E_0x557bd010b960/473, E_0x557bd010b960/474, E_0x557bd010b960/475, E_0x557bd010b960/476, E_0x557bd010b960/477, E_0x557bd010b960/478, E_0x557bd010b960/479, E_0x557bd010b960/480, E_0x557bd010b960/481, E_0x557bd010b960/482, E_0x557bd010b960/483, E_0x557bd010b960/484, E_0x557bd010b960/485, E_0x557bd010b960/486, E_0x557bd010b960/487, E_0x557bd010b960/488, E_0x557bd010b960/489, E_0x557bd010b960/490, E_0x557bd010b960/491, E_0x557bd010b960/492, E_0x557bd010b960/493, E_0x557bd010b960/494, E_0x557bd010b960/495, E_0x557bd010b960/496, E_0x557bd010b960/497, E_0x557bd010b960/498, E_0x557bd010b960/499, E_0x557bd010b960/500, E_0x557bd010b960/501, E_0x557bd010b960/502, E_0x557bd010b960/503, E_0x557bd010b960/504, E_0x557bd010b960/505, E_0x557bd010b960/506, E_0x557bd010b960/507, E_0x557bd010b960/508, E_0x557bd010b960/509, E_0x557bd010b960/510, E_0x557bd010b960/511, E_0x557bd010b960/512, E_0x557bd010b960/513, E_0x557bd010b960/514, E_0x557bd010b960/515, E_0x557bd010b960/516, E_0x557bd010b960/517, E_0x557bd010b960/518, E_0x557bd010b960/519, E_0x557bd010b960/520, E_0x557bd010b960/521, E_0x557bd010b960/522, E_0x557bd010b960/523, E_0x557bd010b960/524, E_0x557bd010b960/525, E_0x557bd010b960/526, E_0x557bd010b960/527, E_0x557bd010b960/528, E_0x557bd010b960/529, E_0x557bd010b960/530, E_0x557bd010b960/531, E_0x557bd010b960/532, E_0x557bd010b960/533, E_0x557bd010b960/534, E_0x557bd010b960/535, E_0x557bd010b960/536, E_0x557bd010b960/537, E_0x557bd010b960/538, E_0x557bd010b960/539, E_0x557bd010b960/540, E_0x557bd010b960/541, E_0x557bd010b960/542, E_0x557bd010b960/543, E_0x557bd010b960/544, E_0x557bd010b960/545, E_0x557bd010b960/546, E_0x557bd010b960/547, E_0x557bd010b960/548, E_0x557bd010b960/549, E_0x557bd010b960/550, E_0x557bd010b960/551, E_0x557bd010b960/552, E_0x557bd010b960/553, E_0x557bd010b960/554, E_0x557bd010b960/555, E_0x557bd010b960/556, E_0x557bd010b960/557, E_0x557bd010b960/558, E_0x557bd010b960/559, E_0x557bd010b960/560, E_0x557bd010b960/561, E_0x557bd010b960/562, E_0x557bd010b960/563, E_0x557bd010b960/564, E_0x557bd010b960/565, E_0x557bd010b960/566, E_0x557bd010b960/567, E_0x557bd010b960/568, E_0x557bd010b960/569, E_0x557bd010b960/570, E_0x557bd010b960/571, E_0x557bd010b960/572, E_0x557bd010b960/573, E_0x557bd010b960/574, E_0x557bd010b960/575, E_0x557bd010b960/576, E_0x557bd010b960/577, E_0x557bd010b960/578, E_0x557bd010b960/579, E_0x557bd010b960/580, E_0x557bd010b960/581, E_0x557bd010b960/582, E_0x557bd010b960/583, E_0x557bd010b960/584, E_0x557bd010b960/585, E_0x557bd010b960/586, E_0x557bd010b960/587, E_0x557bd010b960/588, E_0x557bd010b960/589, E_0x557bd010b960/590, E_0x557bd010b960/591, E_0x557bd010b960/592, E_0x557bd010b960/593, E_0x557bd010b960/594, E_0x557bd010b960/595, E_0x557bd010b960/596, E_0x557bd010b960/597, E_0x557bd010b960/598, E_0x557bd010b960/599, E_0x557bd010b960/600, E_0x557bd010b960/601, E_0x557bd010b960/602, E_0x557bd010b960/603, E_0x557bd010b960/604, E_0x557bd010b960/605, E_0x557bd010b960/606, E_0x557bd010b960/607, E_0x557bd010b960/608, E_0x557bd010b960/609, E_0x557bd010b960/610, E_0x557bd010b960/611, E_0x557bd010b960/612, E_0x557bd010b960/613, E_0x557bd010b960/614, E_0x557bd010b960/615, E_0x557bd010b960/616, E_0x557bd010b960/617, E_0x557bd010b960/618, E_0x557bd010b960/619, E_0x557bd010b960/620, E_0x557bd010b960/621, E_0x557bd010b960/622, E_0x557bd010b960/623, E_0x557bd010b960/624, E_0x557bd010b960/625, E_0x557bd010b960/626, E_0x557bd010b960/627, E_0x557bd010b960/628, E_0x557bd010b960/629, E_0x557bd010b960/630, E_0x557bd010b960/631, E_0x557bd010b960/632, E_0x557bd010b960/633, E_0x557bd010b960/634, E_0x557bd010b960/635, E_0x557bd010b960/636, E_0x557bd010b960/637, E_0x557bd010b960/638, E_0x557bd010b960/639, E_0x557bd010b960/640, E_0x557bd010b960/641, E_0x557bd010b960/642, E_0x557bd010b960/643, E_0x557bd010b960/644, E_0x557bd010b960/645, E_0x557bd010b960/646, E_0x557bd010b960/647, E_0x557bd010b960/648, E_0x557bd010b960/649, E_0x557bd010b960/650, E_0x557bd010b960/651, E_0x557bd010b960/652, E_0x557bd010b960/653, E_0x557bd010b960/654, E_0x557bd010b960/655, E_0x557bd010b960/656, E_0x557bd010b960/657, E_0x557bd010b960/658, E_0x557bd010b960/659, E_0x557bd010b960/660, E_0x557bd010b960/661, E_0x557bd010b960/662, E_0x557bd010b960/663, E_0x557bd010b960/664, E_0x557bd010b960/665, E_0x557bd010b960/666, E_0x557bd010b960/667, E_0x557bd010b960/668, E_0x557bd010b960/669, E_0x557bd010b960/670, E_0x557bd010b960/671, E_0x557bd010b960/672, E_0x557bd010b960/673, E_0x557bd010b960/674, E_0x557bd010b960/675, E_0x557bd010b960/676, E_0x557bd010b960/677, E_0x557bd010b960/678, E_0x557bd010b960/679, E_0x557bd010b960/680, E_0x557bd010b960/681, E_0x557bd010b960/682, E_0x557bd010b960/683, E_0x557bd010b960/684, E_0x557bd010b960/685, E_0x557bd010b960/686, E_0x557bd010b960/687, E_0x557bd010b960/688, E_0x557bd010b960/689, E_0x557bd010b960/690, E_0x557bd010b960/691, E_0x557bd010b960/692, E_0x557bd010b960/693, E_0x557bd010b960/694, E_0x557bd010b960/695, E_0x557bd010b960/696, E_0x557bd010b960/697, E_0x557bd010b960/698, E_0x557bd010b960/699, E_0x557bd010b960/700, E_0x557bd010b960/701, E_0x557bd010b960/702, E_0x557bd010b960/703, E_0x557bd010b960/704, E_0x557bd010b960/705, E_0x557bd010b960/706, E_0x557bd010b960/707, E_0x557bd010b960/708, E_0x557bd010b960/709, E_0x557bd010b960/710, E_0x557bd010b960/711, E_0x557bd010b960/712, E_0x557bd010b960/713, E_0x557bd010b960/714, E_0x557bd010b960/715, E_0x557bd010b960/716, E_0x557bd010b960/717, E_0x557bd010b960/718, E_0x557bd010b960/719, E_0x557bd010b960/720, E_0x557bd010b960/721, E_0x557bd010b960/722, E_0x557bd010b960/723, E_0x557bd010b960/724, E_0x557bd010b960/725, E_0x557bd010b960/726, E_0x557bd010b960/727, E_0x557bd010b960/728, E_0x557bd010b960/729, E_0x557bd010b960/730, E_0x557bd010b960/731, E_0x557bd010b960/732, E_0x557bd010b960/733, E_0x557bd010b960/734, E_0x557bd010b960/735, E_0x557bd010b960/736, E_0x557bd010b960/737, E_0x557bd010b960/738, E_0x557bd010b960/739, E_0x557bd010b960/740, E_0x557bd010b960/741, E_0x557bd010b960/742, E_0x557bd010b960/743, E_0x557bd010b960/744, E_0x557bd010b960/745, E_0x557bd010b960/746, E_0x557bd010b960/747, E_0x557bd010b960/748, E_0x557bd010b960/749, E_0x557bd010b960/750, E_0x557bd010b960/751, E_0x557bd010b960/752, E_0x557bd010b960/753, E_0x557bd010b960/754, E_0x557bd010b960/755, E_0x557bd010b960/756, E_0x557bd010b960/757, E_0x557bd010b960/758, E_0x557bd010b960/759, E_0x557bd010b960/760, E_0x557bd010b960/761, E_0x557bd010b960/762, E_0x557bd010b960/763, E_0x557bd010b960/764, E_0x557bd010b960/765, E_0x557bd010b960/766, E_0x557bd010b960/767, E_0x557bd010b960/768, E_0x557bd010b960/769, E_0x557bd010b960/770, E_0x557bd010b960/771, E_0x557bd010b960/772, E_0x557bd010b960/773, E_0x557bd010b960/774, E_0x557bd010b960/775, E_0x557bd010b960/776, E_0x557bd010b960/777, E_0x557bd010b960/778, E_0x557bd010b960/779, E_0x557bd010b960/780, E_0x557bd010b960/781, E_0x557bd010b960/782, E_0x557bd010b960/783, E_0x557bd010b960/784, E_0x557bd010b960/785, E_0x557bd010b960/786, E_0x557bd010b960/787, E_0x557bd010b960/788, E_0x557bd010b960/789, E_0x557bd010b960/790, E_0x557bd010b960/791, E_0x557bd010b960/792, E_0x557bd010b960/793, E_0x557bd010b960/794, E_0x557bd010b960/795, E_0x557bd010b960/796, E_0x557bd010b960/797, E_0x557bd010b960/798, E_0x557bd010b960/799, E_0x557bd010b960/800, E_0x557bd010b960/801, E_0x557bd010b960/802, E_0x557bd010b960/803, E_0x557bd010b960/804, E_0x557bd010b960/805, E_0x557bd010b960/806, E_0x557bd010b960/807, E_0x557bd010b960/808, E_0x557bd010b960/809, E_0x557bd010b960/810, E_0x557bd010b960/811, E_0x557bd010b960/812, E_0x557bd010b960/813, E_0x557bd010b960/814, E_0x557bd010b960/815, E_0x557bd010b960/816, E_0x557bd010b960/817, E_0x557bd010b960/818, E_0x557bd010b960/819, E_0x557bd010b960/820, E_0x557bd010b960/821, E_0x557bd010b960/822, E_0x557bd010b960/823, E_0x557bd010b960/824, E_0x557bd010b960/825, E_0x557bd010b960/826, E_0x557bd010b960/827, E_0x557bd010b960/828, E_0x557bd010b960/829, E_0x557bd010b960/830, E_0x557bd010b960/831, E_0x557bd010b960/832, E_0x557bd010b960/833, E_0x557bd010b960/834, E_0x557bd010b960/835, E_0x557bd010b960/836, E_0x557bd010b960/837, E_0x557bd010b960/838, E_0x557bd010b960/839, E_0x557bd010b960/840, E_0x557bd010b960/841, E_0x557bd010b960/842, E_0x557bd010b960/843, E_0x557bd010b960/844, E_0x557bd010b960/845, E_0x557bd010b960/846, E_0x557bd010b960/847, E_0x557bd010b960/848, E_0x557bd010b960/849, E_0x557bd010b960/850, E_0x557bd010b960/851, E_0x557bd010b960/852, E_0x557bd010b960/853, E_0x557bd010b960/854, E_0x557bd010b960/855, E_0x557bd010b960/856, E_0x557bd010b960/857, E_0x557bd010b960/858, E_0x557bd010b960/859, E_0x557bd010b960/860, E_0x557bd010b960/861, E_0x557bd010b960/862, E_0x557bd010b960/863, E_0x557bd010b960/864, E_0x557bd010b960/865, E_0x557bd010b960/866, E_0x557bd010b960/867, E_0x557bd010b960/868, E_0x557bd010b960/869, E_0x557bd010b960/870, E_0x557bd010b960/871, E_0x557bd010b960/872, E_0x557bd010b960/873, E_0x557bd010b960/874, E_0x557bd010b960/875, E_0x557bd010b960/876, E_0x557bd010b960/877, E_0x557bd010b960/878, E_0x557bd010b960/879, E_0x557bd010b960/880, E_0x557bd010b960/881, E_0x557bd010b960/882, E_0x557bd010b960/883, E_0x557bd010b960/884, E_0x557bd010b960/885, E_0x557bd010b960/886, E_0x557bd010b960/887, E_0x557bd010b960/888, E_0x557bd010b960/889, E_0x557bd010b960/890, E_0x557bd010b960/891, E_0x557bd010b960/892, E_0x557bd010b960/893, E_0x557bd010b960/894, E_0x557bd010b960/895, E_0x557bd010b960/896, E_0x557bd010b960/897, E_0x557bd010b960/898, E_0x557bd010b960/899, E_0x557bd010b960/900, E_0x557bd010b960/901, E_0x557bd010b960/902, E_0x557bd010b960/903, E_0x557bd010b960/904, E_0x557bd010b960/905, E_0x557bd010b960/906, E_0x557bd010b960/907, E_0x557bd010b960/908, E_0x557bd010b960/909, E_0x557bd010b960/910, E_0x557bd010b960/911, E_0x557bd010b960/912, E_0x557bd010b960/913, E_0x557bd010b960/914, E_0x557bd010b960/915, E_0x557bd010b960/916, E_0x557bd010b960/917, E_0x557bd010b960/918, E_0x557bd010b960/919, E_0x557bd010b960/920, E_0x557bd010b960/921, E_0x557bd010b960/922, E_0x557bd010b960/923, E_0x557bd010b960/924, E_0x557bd010b960/925, E_0x557bd010b960/926, E_0x557bd010b960/927, E_0x557bd010b960/928, E_0x557bd010b960/929, E_0x557bd010b960/930, E_0x557bd010b960/931, E_0x557bd010b960/932, E_0x557bd010b960/933, E_0x557bd010b960/934, E_0x557bd010b960/935, E_0x557bd010b960/936, E_0x557bd010b960/937, E_0x557bd010b960/938, E_0x557bd010b960/939, E_0x557bd010b960/940, E_0x557bd010b960/941, E_0x557bd010b960/942, E_0x557bd010b960/943, E_0x557bd010b960/944, E_0x557bd010b960/945, E_0x557bd010b960/946, E_0x557bd010b960/947, E_0x557bd010b960/948, E_0x557bd010b960/949, E_0x557bd010b960/950, E_0x557bd010b960/951, E_0x557bd010b960/952, E_0x557bd010b960/953, E_0x557bd010b960/954, E_0x557bd010b960/955, E_0x557bd010b960/956, E_0x557bd010b960/957, E_0x557bd010b960/958, E_0x557bd010b960/959, E_0x557bd010b960/960, E_0x557bd010b960/961, E_0x557bd010b960/962, E_0x557bd010b960/963, E_0x557bd010b960/964, E_0x557bd010b960/965, E_0x557bd010b960/966, E_0x557bd010b960/967, E_0x557bd010b960/968, E_0x557bd010b960/969, E_0x557bd010b960/970, E_0x557bd010b960/971, E_0x557bd010b960/972, E_0x557bd010b960/973, E_0x557bd010b960/974, E_0x557bd010b960/975, E_0x557bd010b960/976, E_0x557bd010b960/977, E_0x557bd010b960/978, E_0x557bd010b960/979, E_0x557bd010b960/980, E_0x557bd010b960/981, E_0x557bd010b960/982, E_0x557bd010b960/983, E_0x557bd010b960/984, E_0x557bd010b960/985, E_0x557bd010b960/986, E_0x557bd010b960/987, E_0x557bd010b960/988, E_0x557bd010b960/989, E_0x557bd010b960/990, E_0x557bd010b960/991, E_0x557bd010b960/992, E_0x557bd010b960/993, E_0x557bd010b960/994, E_0x557bd010b960/995, E_0x557bd010b960/996, E_0x557bd010b960/997, E_0x557bd010b960/998, E_0x557bd010b960/999, E_0x557bd010b960/1000, E_0x557bd010b960/1001, E_0x557bd010b960/1002, E_0x557bd010b960/1003, E_0x557bd010b960/1004, E_0x557bd010b960/1005, E_0x557bd010b960/1006, E_0x557bd010b960/1007, E_0x557bd010b960/1008, E_0x557bd010b960/1009, E_0x557bd010b960/1010, E_0x557bd010b960/1011, E_0x557bd010b960/1012, E_0x557bd010b960/1013, E_0x557bd010b960/1014, E_0x557bd010b960/1015, E_0x557bd010b960/1016, E_0x557bd010b960/1017, E_0x557bd010b960/1018, E_0x557bd010b960/1019, E_0x557bd010b960/1020, E_0x557bd010b960/1021, E_0x557bd010b960/1022, E_0x557bd010b960/1023, E_0x557bd010b960/1024, E_0x557bd010b960/1025, E_0x557bd010b960/1026, E_0x557bd010b960/1027, E_0x557bd010b960/1028, E_0x557bd010b960/1029, E_0x557bd010b960/1030, E_0x557bd010b960/1031, E_0x557bd010b960/1032, E_0x557bd010b960/1033, E_0x557bd010b960/1034, E_0x557bd010b960/1035, E_0x557bd010b960/1036, E_0x557bd010b960/1037, E_0x557bd010b960/1038, E_0x557bd010b960/1039, E_0x557bd010b960/1040, E_0x557bd010b960/1041, E_0x557bd010b960/1042, E_0x557bd010b960/1043, E_0x557bd010b960/1044, E_0x557bd010b960/1045, E_0x557bd010b960/1046, E_0x557bd010b960/1047, E_0x557bd010b960/1048, E_0x557bd010b960/1049, E_0x557bd010b960/1050, E_0x557bd010b960/1051, E_0x557bd010b960/1052, E_0x557bd010b960/1053, E_0x557bd010b960/1054, E_0x557bd010b960/1055, E_0x557bd010b960/1056, E_0x557bd010b960/1057, E_0x557bd010b960/1058, E_0x557bd010b960/1059, E_0x557bd010b960/1060, E_0x557bd010b960/1061, E_0x557bd010b960/1062, E_0x557bd010b960/1063, E_0x557bd010b960/1064, E_0x557bd010b960/1065, E_0x557bd010b960/1066, E_0x557bd010b960/1067, E_0x557bd010b960/1068, E_0x557bd010b960/1069, E_0x557bd010b960/1070, E_0x557bd010b960/1071, E_0x557bd010b960/1072, E_0x557bd010b960/1073, E_0x557bd010b960/1074, E_0x557bd010b960/1075, E_0x557bd010b960/1076, E_0x557bd010b960/1077, E_0x557bd010b960/1078, E_0x557bd010b960/1079, E_0x557bd010b960/1080, E_0x557bd010b960/1081, E_0x557bd010b960/1082, E_0x557bd010b960/1083, E_0x557bd010b960/1084, E_0x557bd010b960/1085, E_0x557bd010b960/1086, E_0x557bd010b960/1087, E_0x557bd010b960/1088, E_0x557bd010b960/1089, E_0x557bd010b960/1090, E_0x557bd010b960/1091, E_0x557bd010b960/1092, E_0x557bd010b960/1093, E_0x557bd010b960/1094, E_0x557bd010b960/1095, E_0x557bd010b960/1096, E_0x557bd010b960/1097, E_0x557bd010b960/1098, E_0x557bd010b960/1099, E_0x557bd010b960/1100, E_0x557bd010b960/1101, E_0x557bd010b960/1102, E_0x557bd010b960/1103, E_0x557bd010b960/1104, E_0x557bd010b960/1105, E_0x557bd010b960/1106, E_0x557bd010b960/1107, E_0x557bd010b960/1108, E_0x557bd010b960/1109, E_0x557bd010b960/1110, E_0x557bd010b960/1111, E_0x557bd010b960/1112, E_0x557bd010b960/1113, E_0x557bd010b960/1114, E_0x557bd010b960/1115, E_0x557bd010b960/1116, E_0x557bd010b960/1117, E_0x557bd010b960/1118, E_0x557bd010b960/1119, E_0x557bd010b960/1120, E_0x557bd010b960/1121, E_0x557bd010b960/1122, E_0x557bd010b960/1123, E_0x557bd010b960/1124, E_0x557bd010b960/1125, E_0x557bd010b960/1126, E_0x557bd010b960/1127, E_0x557bd010b960/1128, E_0x557bd010b960/1129, E_0x557bd010b960/1130, E_0x557bd010b960/1131, E_0x557bd010b960/1132, E_0x557bd010b960/1133, E_0x557bd010b960/1134, E_0x557bd010b960/1135, E_0x557bd010b960/1136, E_0x557bd010b960/1137, E_0x557bd010b960/1138, E_0x557bd010b960/1139, E_0x557bd010b960/1140, E_0x557bd010b960/1141, E_0x557bd010b960/1142, E_0x557bd010b960/1143, E_0x557bd010b960/1144, E_0x557bd010b960/1145, E_0x557bd010b960/1146, E_0x557bd010b960/1147, E_0x557bd010b960/1148, E_0x557bd010b960/1149, E_0x557bd010b960/1150, E_0x557bd010b960/1151, E_0x557bd010b960/1152, E_0x557bd010b960/1153, E_0x557bd010b960/1154, E_0x557bd010b960/1155, E_0x557bd010b960/1156, E_0x557bd010b960/1157, E_0x557bd010b960/1158, E_0x557bd010b960/1159, E_0x557bd010b960/1160, E_0x557bd010b960/1161, E_0x557bd010b960/1162, E_0x557bd010b960/1163, E_0x557bd010b960/1164, E_0x557bd010b960/1165, E_0x557bd010b960/1166, E_0x557bd010b960/1167, E_0x557bd010b960/1168, E_0x557bd010b960/1169, E_0x557bd010b960/1170, E_0x557bd010b960/1171, E_0x557bd010b960/1172, E_0x557bd010b960/1173, E_0x557bd010b960/1174, E_0x557bd010b960/1175, E_0x557bd010b960/1176, E_0x557bd010b960/1177, E_0x557bd010b960/1178, E_0x557bd010b960/1179, E_0x557bd010b960/1180, E_0x557bd010b960/1181, E_0x557bd010b960/1182, E_0x557bd010b960/1183, E_0x557bd010b960/1184, E_0x557bd010b960/1185, E_0x557bd010b960/1186, E_0x557bd010b960/1187, E_0x557bd010b960/1188, E_0x557bd010b960/1189, E_0x557bd010b960/1190, E_0x557bd010b960/1191, E_0x557bd010b960/1192, E_0x557bd010b960/1193, E_0x557bd010b960/1194, E_0x557bd010b960/1195, E_0x557bd010b960/1196, E_0x557bd010b960/1197, E_0x557bd010b960/1198, E_0x557bd010b960/1199, E_0x557bd010b960/1200, E_0x557bd010b960/1201, E_0x557bd010b960/1202, E_0x557bd010b960/1203, E_0x557bd010b960/1204, E_0x557bd010b960/1205, E_0x557bd010b960/1206, E_0x557bd010b960/1207, E_0x557bd010b960/1208, E_0x557bd010b960/1209, E_0x557bd010b960/1210, E_0x557bd010b960/1211, E_0x557bd010b960/1212, E_0x557bd010b960/1213, E_0x557bd010b960/1214, E_0x557bd010b960/1215, E_0x557bd010b960/1216, E_0x557bd010b960/1217, E_0x557bd010b960/1218, E_0x557bd010b960/1219, E_0x557bd010b960/1220, E_0x557bd010b960/1221, E_0x557bd010b960/1222, E_0x557bd010b960/1223, E_0x557bd010b960/1224, E_0x557bd010b960/1225, E_0x557bd010b960/1226, E_0x557bd010b960/1227, E_0x557bd010b960/1228, E_0x557bd010b960/1229, E_0x557bd010b960/1230, E_0x557bd010b960/1231, E_0x557bd010b960/1232, E_0x557bd010b960/1233, E_0x557bd010b960/1234, E_0x557bd010b960/1235, E_0x557bd010b960/1236, E_0x557bd010b960/1237, E_0x557bd010b960/1238, E_0x557bd010b960/1239, E_0x557bd010b960/1240, E_0x557bd010b960/1241, E_0x557bd010b960/1242, E_0x557bd010b960/1243, E_0x557bd010b960/1244, E_0x557bd010b960/1245, E_0x557bd010b960/1246, E_0x557bd010b960/1247, E_0x557bd010b960/1248, E_0x557bd010b960/1249, E_0x557bd010b960/1250, E_0x557bd010b960/1251, E_0x557bd010b960/1252, E_0x557bd010b960/1253, E_0x557bd010b960/1254, E_0x557bd010b960/1255, E_0x557bd010b960/1256, E_0x557bd010b960/1257, E_0x557bd010b960/1258, E_0x557bd010b960/1259, E_0x557bd010b960/1260, E_0x557bd010b960/1261, E_0x557bd010b960/1262, E_0x557bd010b960/1263, E_0x557bd010b960/1264, E_0x557bd010b960/1265, E_0x557bd010b960/1266, E_0x557bd010b960/1267, E_0x557bd010b960/1268, E_0x557bd010b960/1269, E_0x557bd010b960/1270, E_0x557bd010b960/1271, E_0x557bd010b960/1272, E_0x557bd010b960/1273, E_0x557bd010b960/1274, E_0x557bd010b960/1275, E_0x557bd010b960/1276, E_0x557bd010b960/1277, E_0x557bd010b960/1278, E_0x557bd010b960/1279, E_0x557bd010b960/1280, E_0x557bd010b960/1281, E_0x557bd010b960/1282, E_0x557bd010b960/1283, E_0x557bd010b960/1284, E_0x557bd010b960/1285, E_0x557bd010b960/1286, E_0x557bd010b960/1287, E_0x557bd010b960/1288, E_0x557bd010b960/1289, E_0x557bd010b960/1290, E_0x557bd010b960/1291, E_0x557bd010b960/1292, E_0x557bd010b960/1293, E_0x557bd010b960/1294, E_0x557bd010b960/1295, E_0x557bd010b960/1296, E_0x557bd010b960/1297, E_0x557bd010b960/1298, E_0x557bd010b960/1299, E_0x557bd010b960/1300, E_0x557bd010b960/1301, E_0x557bd010b960/1302, E_0x557bd010b960/1303, E_0x557bd010b960/1304, E_0x557bd010b960/1305, E_0x557bd010b960/1306, E_0x557bd010b960/1307, E_0x557bd010b960/1308, E_0x557bd010b960/1309, E_0x557bd010b960/1310, E_0x557bd010b960/1311, E_0x557bd010b960/1312, E_0x557bd010b960/1313, E_0x557bd010b960/1314, E_0x557bd010b960/1315, E_0x557bd010b960/1316, E_0x557bd010b960/1317, E_0x557bd010b960/1318, E_0x557bd010b960/1319, E_0x557bd010b960/1320, E_0x557bd010b960/1321, E_0x557bd010b960/1322, E_0x557bd010b960/1323, E_0x557bd010b960/1324, E_0x557bd010b960/1325, E_0x557bd010b960/1326, E_0x557bd010b960/1327, E_0x557bd010b960/1328, E_0x557bd010b960/1329, E_0x557bd010b960/1330, E_0x557bd010b960/1331, E_0x557bd010b960/1332, E_0x557bd010b960/1333, E_0x557bd010b960/1334, E_0x557bd010b960/1335, E_0x557bd010b960/1336, E_0x557bd010b960/1337, E_0x557bd010b960/1338, E_0x557bd010b960/1339, E_0x557bd010b960/1340, E_0x557bd010b960/1341, E_0x557bd010b960/1342, E_0x557bd010b960/1343, E_0x557bd010b960/1344, E_0x557bd010b960/1345, E_0x557bd010b960/1346, E_0x557bd010b960/1347, E_0x557bd010b960/1348, E_0x557bd010b960/1349, E_0x557bd010b960/1350, E_0x557bd010b960/1351, E_0x557bd010b960/1352, E_0x557bd010b960/1353, E_0x557bd010b960/1354, E_0x557bd010b960/1355, E_0x557bd010b960/1356, E_0x557bd010b960/1357, E_0x557bd010b960/1358, E_0x557bd010b960/1359, E_0x557bd010b960/1360, E_0x557bd010b960/1361, E_0x557bd010b960/1362, E_0x557bd010b960/1363, E_0x557bd010b960/1364, E_0x557bd010b960/1365, E_0x557bd010b960/1366, E_0x557bd010b960/1367, E_0x557bd010b960/1368, E_0x557bd010b960/1369, E_0x557bd010b960/1370, E_0x557bd010b960/1371, E_0x557bd010b960/1372, E_0x557bd010b960/1373, E_0x557bd010b960/1374, E_0x557bd010b960/1375, E_0x557bd010b960/1376, E_0x557bd010b960/1377, E_0x557bd010b960/1378, E_0x557bd010b960/1379, E_0x557bd010b960/1380, E_0x557bd010b960/1381, E_0x557bd010b960/1382, E_0x557bd010b960/1383, E_0x557bd010b960/1384, E_0x557bd010b960/1385, E_0x557bd010b960/1386, E_0x557bd010b960/1387, E_0x557bd010b960/1388, E_0x557bd010b960/1389, E_0x557bd010b960/1390, E_0x557bd010b960/1391, E_0x557bd010b960/1392, E_0x557bd010b960/1393, E_0x557bd010b960/1394, E_0x557bd010b960/1395, E_0x557bd010b960/1396, E_0x557bd010b960/1397, E_0x557bd010b960/1398, E_0x557bd010b960/1399, E_0x557bd010b960/1400, E_0x557bd010b960/1401, E_0x557bd010b960/1402, E_0x557bd010b960/1403, E_0x557bd010b960/1404, E_0x557bd010b960/1405, E_0x557bd010b960/1406, E_0x557bd010b960/1407, E_0x557bd010b960/1408, E_0x557bd010b960/1409, E_0x557bd010b960/1410, E_0x557bd010b960/1411, E_0x557bd010b960/1412, E_0x557bd010b960/1413, E_0x557bd010b960/1414, E_0x557bd010b960/1415, E_0x557bd010b960/1416, E_0x557bd010b960/1417, E_0x557bd010b960/1418, E_0x557bd010b960/1419, E_0x557bd010b960/1420, E_0x557bd010b960/1421, E_0x557bd010b960/1422, E_0x557bd010b960/1423, E_0x557bd010b960/1424, E_0x557bd010b960/1425, E_0x557bd010b960/1426, E_0x557bd010b960/1427, E_0x557bd010b960/1428, E_0x557bd010b960/1429, E_0x557bd010b960/1430, E_0x557bd010b960/1431, E_0x557bd010b960/1432, E_0x557bd010b960/1433, E_0x557bd010b960/1434, E_0x557bd010b960/1435, E_0x557bd010b960/1436, E_0x557bd010b960/1437, E_0x557bd010b960/1438, E_0x557bd010b960/1439, E_0x557bd010b960/1440, E_0x557bd010b960/1441, E_0x557bd010b960/1442, E_0x557bd010b960/1443, E_0x557bd010b960/1444, E_0x557bd010b960/1445, E_0x557bd010b960/1446, E_0x557bd010b960/1447, E_0x557bd010b960/1448, E_0x557bd010b960/1449, E_0x557bd010b960/1450, E_0x557bd010b960/1451, E_0x557bd010b960/1452, E_0x557bd010b960/1453, E_0x557bd010b960/1454, E_0x557bd010b960/1455, E_0x557bd010b960/1456, E_0x557bd010b960/1457, E_0x557bd010b960/1458, E_0x557bd010b960/1459, E_0x557bd010b960/1460, E_0x557bd010b960/1461, E_0x557bd010b960/1462, E_0x557bd010b960/1463, E_0x557bd010b960/1464, E_0x557bd010b960/1465, E_0x557bd010b960/1466, E_0x557bd010b960/1467, E_0x557bd010b960/1468, E_0x557bd010b960/1469, E_0x557bd010b960/1470, E_0x557bd010b960/1471, E_0x557bd010b960/1472, E_0x557bd010b960/1473, E_0x557bd010b960/1474, E_0x557bd010b960/1475, E_0x557bd010b960/1476, E_0x557bd010b960/1477, E_0x557bd010b960/1478, E_0x557bd010b960/1479, E_0x557bd010b960/1480, E_0x557bd010b960/1481, E_0x557bd010b960/1482, E_0x557bd010b960/1483, E_0x557bd010b960/1484, E_0x557bd010b960/1485, E_0x557bd010b960/1486, E_0x557bd010b960/1487, E_0x557bd010b960/1488, E_0x557bd010b960/1489, E_0x557bd010b960/1490, E_0x557bd010b960/1491, E_0x557bd010b960/1492, E_0x557bd010b960/1493, E_0x557bd010b960/1494, E_0x557bd010b960/1495, E_0x557bd010b960/1496, E_0x557bd010b960/1497, E_0x557bd010b960/1498, E_0x557bd010b960/1499, E_0x557bd010b960/1500, E_0x557bd010b960/1501, E_0x557bd010b960/1502, E_0x557bd010b960/1503, E_0x557bd010b960/1504, E_0x557bd010b960/1505, E_0x557bd010b960/1506, E_0x557bd010b960/1507, E_0x557bd010b960/1508, E_0x557bd010b960/1509, E_0x557bd010b960/1510, E_0x557bd010b960/1511, E_0x557bd010b960/1512, E_0x557bd010b960/1513, E_0x557bd010b960/1514, E_0x557bd010b960/1515, E_0x557bd010b960/1516, E_0x557bd010b960/1517, E_0x557bd010b960/1518, E_0x557bd010b960/1519, E_0x557bd010b960/1520, E_0x557bd010b960/1521, E_0x557bd010b960/1522, E_0x557bd010b960/1523, E_0x557bd010b960/1524, E_0x557bd010b960/1525, E_0x557bd010b960/1526, E_0x557bd010b960/1527, E_0x557bd010b960/1528, E_0x557bd010b960/1529, E_0x557bd010b960/1530, E_0x557bd010b960/1531, E_0x557bd010b960/1532, E_0x557bd010b960/1533, E_0x557bd010b960/1534, E_0x557bd010b960/1535, E_0x557bd010b960/1536, E_0x557bd010b960/1537, E_0x557bd010b960/1538, E_0x557bd010b960/1539, E_0x557bd010b960/1540, E_0x557bd010b960/1541, E_0x557bd010b960/1542, E_0x557bd010b960/1543, E_0x557bd010b960/1544, E_0x557bd010b960/1545, E_0x557bd010b960/1546, E_0x557bd010b960/1547, E_0x557bd010b960/1548, E_0x557bd010b960/1549, E_0x557bd010b960/1550, E_0x557bd010b960/1551, E_0x557bd010b960/1552, E_0x557bd010b960/1553, E_0x557bd010b960/1554, E_0x557bd010b960/1555, E_0x557bd010b960/1556, E_0x557bd010b960/1557, E_0x557bd010b960/1558, E_0x557bd010b960/1559, E_0x557bd010b960/1560, E_0x557bd010b960/1561, E_0x557bd010b960/1562, E_0x557bd010b960/1563, E_0x557bd010b960/1564, E_0x557bd010b960/1565, E_0x557bd010b960/1566, E_0x557bd010b960/1567, E_0x557bd010b960/1568, E_0x557bd010b960/1569, E_0x557bd010b960/1570, E_0x557bd010b960/1571, E_0x557bd010b960/1572, E_0x557bd010b960/1573, E_0x557bd010b960/1574, E_0x557bd010b960/1575, E_0x557bd010b960/1576, E_0x557bd010b960/1577, E_0x557bd010b960/1578, E_0x557bd010b960/1579, E_0x557bd010b960/1580, E_0x557bd010b960/1581, E_0x557bd010b960/1582, E_0x557bd010b960/1583, E_0x557bd010b960/1584, E_0x557bd010b960/1585, E_0x557bd010b960/1586, E_0x557bd010b960/1587, E_0x557bd010b960/1588, E_0x557bd010b960/1589, E_0x557bd010b960/1590, E_0x557bd010b960/1591, E_0x557bd010b960/1592, E_0x557bd010b960/1593, E_0x557bd010b960/1594, E_0x557bd010b960/1595, E_0x557bd010b960/1596, E_0x557bd010b960/1597, E_0x557bd010b960/1598, E_0x557bd010b960/1599, E_0x557bd010b960/1600, E_0x557bd010b960/1601, E_0x557bd010b960/1602, E_0x557bd010b960/1603, E_0x557bd010b960/1604, E_0x557bd010b960/1605, E_0x557bd010b960/1606, E_0x557bd010b960/1607, E_0x557bd010b960/1608, E_0x557bd010b960/1609, E_0x557bd010b960/1610, E_0x557bd010b960/1611, E_0x557bd010b960/1612, E_0x557bd010b960/1613, E_0x557bd010b960/1614, E_0x557bd010b960/1615, E_0x557bd010b960/1616, E_0x557bd010b960/1617, E_0x557bd010b960/1618, E_0x557bd010b960/1619, E_0x557bd010b960/1620, E_0x557bd010b960/1621, E_0x557bd010b960/1622, E_0x557bd010b960/1623, E_0x557bd010b960/1624, E_0x557bd010b960/1625, E_0x557bd010b960/1626, E_0x557bd010b960/1627, E_0x557bd010b960/1628, E_0x557bd010b960/1629, E_0x557bd010b960/1630, E_0x557bd010b960/1631, E_0x557bd010b960/1632, E_0x557bd010b960/1633, E_0x557bd010b960/1634, E_0x557bd010b960/1635, E_0x557bd010b960/1636, E_0x557bd010b960/1637, E_0x557bd010b960/1638, E_0x557bd010b960/1639, E_0x557bd010b960/1640, E_0x557bd010b960/1641, E_0x557bd010b960/1642, E_0x557bd010b960/1643, E_0x557bd010b960/1644, E_0x557bd010b960/1645, E_0x557bd010b960/1646, E_0x557bd010b960/1647, E_0x557bd010b960/1648, E_0x557bd010b960/1649, E_0x557bd010b960/1650, E_0x557bd010b960/1651, E_0x557bd010b960/1652, E_0x557bd010b960/1653, E_0x557bd010b960/1654, E_0x557bd010b960/1655, E_0x557bd010b960/1656, E_0x557bd010b960/1657, E_0x557bd010b960/1658, E_0x557bd010b960/1659, E_0x557bd010b960/1660, E_0x557bd010b960/1661, E_0x557bd010b960/1662, E_0x557bd010b960/1663, E_0x557bd010b960/1664, E_0x557bd010b960/1665, E_0x557bd010b960/1666, E_0x557bd010b960/1667, E_0x557bd010b960/1668, E_0x557bd010b960/1669, E_0x557bd010b960/1670, E_0x557bd010b960/1671, E_0x557bd010b960/1672, E_0x557bd010b960/1673, E_0x557bd010b960/1674, E_0x557bd010b960/1675, E_0x557bd010b960/1676, E_0x557bd010b960/1677, E_0x557bd010b960/1678, E_0x557bd010b960/1679, E_0x557bd010b960/1680, E_0x557bd010b960/1681, E_0x557bd010b960/1682, E_0x557bd010b960/1683, E_0x557bd010b960/1684, E_0x557bd010b960/1685, E_0x557bd010b960/1686, E_0x557bd010b960/1687, E_0x557bd010b960/1688, E_0x557bd010b960/1689, E_0x557bd010b960/1690, E_0x557bd010b960/1691, E_0x557bd010b960/1692, E_0x557bd010b960/1693, E_0x557bd010b960/1694, E_0x557bd010b960/1695, E_0x557bd010b960/1696, E_0x557bd010b960/1697, E_0x557bd010b960/1698, E_0x557bd010b960/1699, E_0x557bd010b960/1700, E_0x557bd010b960/1701, E_0x557bd010b960/1702, E_0x557bd010b960/1703, E_0x557bd010b960/1704, E_0x557bd010b960/1705, E_0x557bd010b960/1706, E_0x557bd010b960/1707, E_0x557bd010b960/1708, E_0x557bd010b960/1709, E_0x557bd010b960/1710, E_0x557bd010b960/1711, E_0x557bd010b960/1712, E_0x557bd010b960/1713, E_0x557bd010b960/1714, E_0x557bd010b960/1715, E_0x557bd010b960/1716, E_0x557bd010b960/1717, E_0x557bd010b960/1718, E_0x557bd010b960/1719, E_0x557bd010b960/1720, E_0x557bd010b960/1721, E_0x557bd010b960/1722, E_0x557bd010b960/1723, E_0x557bd010b960/1724, E_0x557bd010b960/1725, E_0x557bd010b960/1726, E_0x557bd010b960/1727, E_0x557bd010b960/1728, E_0x557bd010b960/1729, E_0x557bd010b960/1730, E_0x557bd010b960/1731, E_0x557bd010b960/1732, E_0x557bd010b960/1733, E_0x557bd010b960/1734, E_0x557bd010b960/1735, E_0x557bd010b960/1736, E_0x557bd010b960/1737, E_0x557bd010b960/1738, E_0x557bd010b960/1739, E_0x557bd010b960/1740, E_0x557bd010b960/1741, E_0x557bd010b960/1742, E_0x557bd010b960/1743, E_0x557bd010b960/1744, E_0x557bd010b960/1745, E_0x557bd010b960/1746, E_0x557bd010b960/1747, E_0x557bd010b960/1748, E_0x557bd010b960/1749, E_0x557bd010b960/1750, E_0x557bd010b960/1751, E_0x557bd010b960/1752, E_0x557bd010b960/1753, E_0x557bd010b960/1754, E_0x557bd010b960/1755, E_0x557bd010b960/1756, E_0x557bd010b960/1757, E_0x557bd010b960/1758, E_0x557bd010b960/1759, E_0x557bd010b960/1760, E_0x557bd010b960/1761, E_0x557bd010b960/1762, E_0x557bd010b960/1763, E_0x557bd010b960/1764, E_0x557bd010b960/1765, E_0x557bd010b960/1766, E_0x557bd010b960/1767, E_0x557bd010b960/1768, E_0x557bd010b960/1769, E_0x557bd010b960/1770, E_0x557bd010b960/1771, E_0x557bd010b960/1772, E_0x557bd010b960/1773, E_0x557bd010b960/1774, E_0x557bd010b960/1775, E_0x557bd010b960/1776, E_0x557bd010b960/1777, E_0x557bd010b960/1778, E_0x557bd010b960/1779, E_0x557bd010b960/1780, E_0x557bd010b960/1781, E_0x557bd010b960/1782, E_0x557bd010b960/1783, E_0x557bd010b960/1784, E_0x557bd010b960/1785, E_0x557bd010b960/1786, E_0x557bd010b960/1787, E_0x557bd010b960/1788, E_0x557bd010b960/1789, E_0x557bd010b960/1790, E_0x557bd010b960/1791, E_0x557bd010b960/1792, E_0x557bd010b960/1793, E_0x557bd010b960/1794, E_0x557bd010b960/1795, E_0x557bd010b960/1796, E_0x557bd010b960/1797, E_0x557bd010b960/1798, E_0x557bd010b960/1799, E_0x557bd010b960/1800, E_0x557bd010b960/1801, E_0x557bd010b960/1802, E_0x557bd010b960/1803, E_0x557bd010b960/1804, E_0x557bd010b960/1805, E_0x557bd010b960/1806, E_0x557bd010b960/1807, E_0x557bd010b960/1808, E_0x557bd010b960/1809, E_0x557bd010b960/1810, E_0x557bd010b960/1811, E_0x557bd010b960/1812, E_0x557bd010b960/1813, E_0x557bd010b960/1814, E_0x557bd010b960/1815, E_0x557bd010b960/1816, E_0x557bd010b960/1817, E_0x557bd010b960/1818, E_0x557bd010b960/1819, E_0x557bd010b960/1820, E_0x557bd010b960/1821, E_0x557bd010b960/1822, E_0x557bd010b960/1823, E_0x557bd010b960/1824, E_0x557bd010b960/1825, E_0x557bd010b960/1826, E_0x557bd010b960/1827, E_0x557bd010b960/1828, E_0x557bd010b960/1829, E_0x557bd010b960/1830, E_0x557bd010b960/1831, E_0x557bd010b960/1832, E_0x557bd010b960/1833, E_0x557bd010b960/1834, E_0x557bd010b960/1835, E_0x557bd010b960/1836, E_0x557bd010b960/1837, E_0x557bd010b960/1838, E_0x557bd010b960/1839, E_0x557bd010b960/1840, E_0x557bd010b960/1841, E_0x557bd010b960/1842, E_0x557bd010b960/1843, E_0x557bd010b960/1844, E_0x557bd010b960/1845, E_0x557bd010b960/1846, E_0x557bd010b960/1847, E_0x557bd010b960/1848, E_0x557bd010b960/1849, E_0x557bd010b960/1850, E_0x557bd010b960/1851, E_0x557bd010b960/1852, E_0x557bd010b960/1853, E_0x557bd010b960/1854, E_0x557bd010b960/1855, E_0x557bd010b960/1856, E_0x557bd010b960/1857, E_0x557bd010b960/1858, E_0x557bd010b960/1859, E_0x557bd010b960/1860, E_0x557bd010b960/1861, E_0x557bd010b960/1862, E_0x557bd010b960/1863, E_0x557bd010b960/1864, E_0x557bd010b960/1865, E_0x557bd010b960/1866, E_0x557bd010b960/1867, E_0x557bd010b960/1868, E_0x557bd010b960/1869, E_0x557bd010b960/1870, E_0x557bd010b960/1871, E_0x557bd010b960/1872, E_0x557bd010b960/1873, E_0x557bd010b960/1874, E_0x557bd010b960/1875, E_0x557bd010b960/1876, E_0x557bd010b960/1877, E_0x557bd010b960/1878, E_0x557bd010b960/1879, E_0x557bd010b960/1880, E_0x557bd010b960/1881, E_0x557bd010b960/1882, E_0x557bd010b960/1883, E_0x557bd010b960/1884, E_0x557bd010b960/1885, E_0x557bd010b960/1886, E_0x557bd010b960/1887, E_0x557bd010b960/1888, E_0x557bd010b960/1889, E_0x557bd010b960/1890, E_0x557bd010b960/1891, E_0x557bd010b960/1892, E_0x557bd010b960/1893, E_0x557bd010b960/1894, E_0x557bd010b960/1895, E_0x557bd010b960/1896, E_0x557bd010b960/1897, E_0x557bd010b960/1898, E_0x557bd010b960/1899, E_0x557bd010b960/1900, E_0x557bd010b960/1901, E_0x557bd010b960/1902, E_0x557bd010b960/1903, E_0x557bd010b960/1904, E_0x557bd010b960/1905, E_0x557bd010b960/1906, E_0x557bd010b960/1907, E_0x557bd010b960/1908, E_0x557bd010b960/1909, E_0x557bd010b960/1910, E_0x557bd010b960/1911, E_0x557bd010b960/1912, E_0x557bd010b960/1913, E_0x557bd010b960/1914, E_0x557bd010b960/1915, E_0x557bd010b960/1916, E_0x557bd010b960/1917, E_0x557bd010b960/1918, E_0x557bd010b960/1919, E_0x557bd010b960/1920, E_0x557bd010b960/1921, E_0x557bd010b960/1922, E_0x557bd010b960/1923, E_0x557bd010b960/1924, E_0x557bd010b960/1925, E_0x557bd010b960/1926, E_0x557bd010b960/1927, E_0x557bd010b960/1928, E_0x557bd010b960/1929, E_0x557bd010b960/1930, E_0x557bd010b960/1931, E_0x557bd010b960/1932, E_0x557bd010b960/1933, E_0x557bd010b960/1934, E_0x557bd010b960/1935, E_0x557bd010b960/1936, E_0x557bd010b960/1937, E_0x557bd010b960/1938, E_0x557bd010b960/1939, E_0x557bd010b960/1940, E_0x557bd010b960/1941, E_0x557bd010b960/1942, E_0x557bd010b960/1943, E_0x557bd010b960/1944, E_0x557bd010b960/1945, E_0x557bd010b960/1946, E_0x557bd010b960/1947, E_0x557bd010b960/1948, E_0x557bd010b960/1949, E_0x557bd010b960/1950, E_0x557bd010b960/1951, E_0x557bd010b960/1952, E_0x557bd010b960/1953, E_0x557bd010b960/1954, E_0x557bd010b960/1955, E_0x557bd010b960/1956, E_0x557bd010b960/1957, E_0x557bd010b960/1958, E_0x557bd010b960/1959, E_0x557bd010b960/1960, E_0x557bd010b960/1961, E_0x557bd010b960/1962, E_0x557bd010b960/1963, E_0x557bd010b960/1964, E_0x557bd010b960/1965, E_0x557bd010b960/1966, E_0x557bd010b960/1967, E_0x557bd010b960/1968, E_0x557bd010b960/1969, E_0x557bd010b960/1970, E_0x557bd010b960/1971, E_0x557bd010b960/1972, E_0x557bd010b960/1973, E_0x557bd010b960/1974, E_0x557bd010b960/1975, E_0x557bd010b960/1976, E_0x557bd010b960/1977, E_0x557bd010b960/1978, E_0x557bd010b960/1979, E_0x557bd010b960/1980, E_0x557bd010b960/1981, E_0x557bd010b960/1982, E_0x557bd010b960/1983, E_0x557bd010b960/1984, E_0x557bd010b960/1985, E_0x557bd010b960/1986, E_0x557bd010b960/1987, E_0x557bd010b960/1988, E_0x557bd010b960/1989, E_0x557bd010b960/1990, E_0x557bd010b960/1991, E_0x557bd010b960/1992, E_0x557bd010b960/1993, E_0x557bd010b960/1994, E_0x557bd010b960/1995, E_0x557bd010b960/1996, E_0x557bd010b960/1997, E_0x557bd010b960/1998, E_0x557bd010b960/1999, E_0x557bd010b960/2000, E_0x557bd010b960/2001, E_0x557bd010b960/2002, E_0x557bd010b960/2003, E_0x557bd010b960/2004, E_0x557bd010b960/2005, E_0x557bd010b960/2006, E_0x557bd010b960/2007, E_0x557bd010b960/2008, E_0x557bd010b960/2009, E_0x557bd010b960/2010, E_0x557bd010b960/2011, E_0x557bd010b960/2012, E_0x557bd010b960/2013, E_0x557bd010b960/2014, E_0x557bd010b960/2015, E_0x557bd010b960/2016, E_0x557bd010b960/2017, E_0x557bd010b960/2018, E_0x557bd010b960/2019, E_0x557bd010b960/2020, E_0x557bd010b960/2021, E_0x557bd010b960/2022, E_0x557bd010b960/2023, E_0x557bd010b960/2024, E_0x557bd010b960/2025, E_0x557bd010b960/2026, E_0x557bd010b960/2027, E_0x557bd010b960/2028, E_0x557bd010b960/2029, E_0x557bd010b960/2030, E_0x557bd010b960/2031, E_0x557bd010b960/2032, E_0x557bd010b960/2033, E_0x557bd010b960/2034, E_0x557bd010b960/2035, E_0x557bd010b960/2036, E_0x557bd010b960/2037, E_0x557bd010b960/2038, E_0x557bd010b960/2039, E_0x557bd010b960/2040, E_0x557bd010b960/2041, E_0x557bd010b960/2042, E_0x557bd010b960/2043, E_0x557bd010b960/2044, E_0x557bd010b960/2045, E_0x557bd010b960/2046, E_0x557bd010b960/2047, E_0x557bd010b960/2048;
S_0x557bd02a7050 .scope module, "rf" "RF" 3 213, 7 3 0, S_0x557bd00fcd80;
 .timescale -9 -10;
    .port_info 0 /INPUT 1 "clk";
    .port_info 1 /INPUT 1 "rst";
    .port_info 2 /INPUT 5 "rd_addr1";
    .port_info 3 /INPUT 5 "rd_addr2";
    .port_info 4 /OUTPUT 32 "rd_data1";
    .port_info 5 /OUTPUT 32 "rd_data2";
    .port_info 6 /INPUT 1 "RegWrite";
    .port_info 7 /INPUT 5 "wr_addr";
    .port_info 8 /INPUT 32 "wr_data";
v0x557bd02a74a0_0 .net "RegWrite", 0 0, v0x557bd00fc1e0_0;  alias, 1 drivers
v0x557bd02a7560_0 .net "clk", 0 0, v0x557bd02ab950_0;  alias, 1 drivers
v0x557bd02a7600_0 .net "rd_addr1", 4 0, L_0x557bd02bcea0;  alias, 1 drivers
v0x557bd02a76a0_0 .net "rd_addr2", 4 0, L_0x557bd025e6c0;  alias, 1 drivers
v0x557bd02a7760_0 .var "rd_data1", 31 0;
v0x557bd02a7890_0 .var "rd_data2", 31 0;
v0x557bd02a7970 .array "register_file", 31 0, 31 0;
v0x557bd02a7e30_0 .net "rst", 0 0, v0x557bd02abe20_0;  alias, 1 drivers
v0x557bd02a7ed0_0 .net "wr_addr", 4 0, v0x557bd02ab670_0;  1 drivers
v0x557bd02a7f90_0 .net "wr_data", 31 0, v0x557bd02ab740_0;  1 drivers
v0x557bd02a7970_0 .array/port v0x557bd02a7970, 0;
v0x557bd02a7970_1 .array/port v0x557bd02a7970, 1;
v0x557bd02a7970_2 .array/port v0x557bd02a7970, 2;
E_0x557bd0141b70/0 .event anyedge, v0x557bd02a7600_0, v0x557bd02a7970_0, v0x557bd02a7970_1, v0x557bd02a7970_2;
v0x557bd02a7970_3 .array/port v0x557bd02a7970, 3;
v0x557bd02a7970_4 .array/port v0x557bd02a7970, 4;
v0x557bd02a7970_5 .array/port v0x557bd02a7970, 5;
v0x557bd02a7970_6 .array/port v0x557bd02a7970, 6;
E_0x557bd0141b70/1 .event anyedge, v0x557bd02a7970_3, v0x557bd02a7970_4, v0x557bd02a7970_5, v0x557bd02a7970_6;
v0x557bd02a7970_7 .array/port v0x557bd02a7970, 7;
v0x557bd02a7970_8 .array/port v0x557bd02a7970, 8;
v0x557bd02a7970_9 .array/port v0x557bd02a7970, 9;
v0x557bd02a7970_10 .array/port v0x557bd02a7970, 10;
E_0x557bd0141b70/2 .event anyedge, v0x557bd02a7970_7, v0x557bd02a7970_8, v0x557bd02a7970_9, v0x557bd02a7970_10;
v0x557bd02a7970_11 .array/port v0x557bd02a7970, 11;
v0x557bd02a7970_12 .array/port v0x557bd02a7970, 12;
v0x557bd02a7970_13 .array/port v0x557bd02a7970, 13;
v0x557bd02a7970_14 .array/port v0x557bd02a7970, 14;
E_0x557bd0141b70/3 .event anyedge, v0x557bd02a7970_11, v0x557bd02a7970_12, v0x557bd02a7970_13, v0x557bd02a7970_14;
v0x557bd02a7970_15 .array/port v0x557bd02a7970, 15;
v0x557bd02a7970_16 .array/port v0x557bd02a7970, 16;
v0x557bd02a7970_17 .array/port v0x557bd02a7970, 17;
v0x557bd02a7970_18 .array/port v0x557bd02a7970, 18;
E_0x557bd0141b70/4 .event anyedge, v0x557bd02a7970_15, v0x557bd02a7970_16, v0x557bd02a7970_17, v0x557bd02a7970_18;
v0x557bd02a7970_19 .array/port v0x557bd02a7970, 19;
v0x557bd02a7970_20 .array/port v0x557bd02a7970, 20;
v0x557bd02a7970_21 .array/port v0x557bd02a7970, 21;
v0x557bd02a7970_22 .array/port v0x557bd02a7970, 22;
E_0x557bd0141b70/5 .event anyedge, v0x557bd02a7970_19, v0x557bd02a7970_20, v0x557bd02a7970_21, v0x557bd02a7970_22;
v0x557bd02a7970_23 .array/port v0x557bd02a7970, 23;
v0x557bd02a7970_24 .array/port v0x557bd02a7970, 24;
v0x557bd02a7970_25 .array/port v0x557bd02a7970, 25;
v0x557bd02a7970_26 .array/port v0x557bd02a7970, 26;
E_0x557bd0141b70/6 .event anyedge, v0x557bd02a7970_23, v0x557bd02a7970_24, v0x557bd02a7970_25, v0x557bd02a7970_26;
v0x557bd02a7970_27 .array/port v0x557bd02a7970, 27;
v0x557bd02a7970_28 .array/port v0x557bd02a7970, 28;
v0x557bd02a7970_29 .array/port v0x557bd02a7970, 29;
v0x557bd02a7970_30 .array/port v0x557bd02a7970, 30;
E_0x557bd0141b70/7 .event anyedge, v0x557bd02a7970_27, v0x557bd02a7970_28, v0x557bd02a7970_29, v0x557bd02a7970_30;
v0x557bd02a7970_31 .array/port v0x557bd02a7970, 31;
E_0x557bd0141b70/8 .event anyedge, v0x557bd02a7970_31, v0x557bd02a76a0_0;
E_0x557bd0141b70 .event/or E_0x557bd0141b70/0, E_0x557bd0141b70/1, E_0x557bd0141b70/2, E_0x557bd0141b70/3, E_0x557bd0141b70/4, E_0x557bd0141b70/5, E_0x557bd0141b70/6, E_0x557bd0141b70/7, E_0x557bd0141b70/8;
    .scope S_0x557bd00fc9a0;
T_0 ;
    %wait E_0x557bd0141700;
    %pushi/vec4 0, 0, 1;
    %store/vec4 v0x557bd014f500_0, 0, 1;
    %pushi/vec4 0, 0, 1;
    %store/vec4 v0x557bd00fc870_0, 0, 1;
    %pushi/vec4 0, 0, 1;
    %store/vec4 v0x557bd00fc7b0_0, 0, 1;
    %pushi/vec4 0, 0, 1;
    %store/vec4 v0x557bd00fbff0_0, 0, 1;
    %pushi/vec4 0, 0, 1;
    %store/vec4 v0x557bd00fc1e0_0, 0, 1;
    %pushi/vec4 0, 0, 4;
    %store/vec4 v0x557bd00fd680_0, 0, 4;
    %pushi/vec4 0, 0, 1;
    %store/vec4 v0x557bd014f440_0, 0, 1;
    %pushi/vec4 0, 0, 1;
    %store/vec4 v0x557bd00fc2a0_0, 0, 1;
    %pushi/vec4 0, 0, 1;
    %store/vec4 v0x557bd00fc490_0, 0, 1;
    %pushi/vec4 0, 0, 1;
    %store/vec4 v0x557bd00fd160_0, 0, 1;
    %pushi/vec4 0, 0, 2;
    %store/vec4 v0x557bd00fd220_0, 0, 2;
    %pushi/vec4 0, 0, 2;
    %store/vec4 v0x557bd00fc5c0_0, 0, 2;
    %pushi/vec4 0, 0, 1;
    %store/vec4 v0x557bd014fdd0_0, 0, 1;
    %pushi/vec4 0, 0, 1;
    %store/vec4 v0x557bd014fe90_0, 0, 1;
    %pushi/vec4 0, 0, 1;
    %store/vec4 v0x557bd00fc6a0_0, 0, 1;
    %pushi/vec4 0, 0, 1;
    %store/vec4 v0x557bd00fc3d0_0, 0, 1;
    %load/vec4 v0x557bd00fbee0_0;
    %dup/vec4;
    %pushi/vec4 0, 0, 3;
    %cmp/u;
    %jmp/1 T_0.0, 6;
    %dup/vec4;
    %pushi/vec4 1, 0, 3;
    %cmp/u;
    %jmp/1 T_0.1, 6;
    %dup/vec4;
    %pushi/vec4 2, 0, 3;
    %cmp/u;
    %jmp/1 T_0.2, 6;
    %dup/vec4;
    %pushi/vec4 3, 0, 3;
    %cmp/u;
    %jmp/1 T_0.3, 6;
    %dup/vec4;
    %pushi/vec4 4, 0, 3;
    %cmp/u;
    %jmp/1 T_0.4, 6;
    %pushi/vec4 0, 0, 3;
    %store/vec4 v0x557bd00fbc10_0, 0, 3;
    %vpi_call 5 198 "$display", "[CTRL ERROR] Invalid state: %0d at time %0t", v0x557bd00fbee0_0, $time {0 0 0};
    %jmp T_0.6;
T_0.0 ;
    %pushi/vec4 1, 0, 3;
    %assign/vec4 v0x557bd00fbc10_0, 0;
    %pushi/vec4 0, 0, 1;
    %store/vec4 v0x557bd014fe90_0, 0, 1;
    %pushi/vec4 1, 0, 1;
    %store/vec4 v0x557bd014f500_0, 0, 1;
    %pushi/vec4 1, 0, 1;
    %store/vec4 v0x557bd014fdd0_0, 0, 1;
    %pushi/vec4 1, 0, 1;
    %store/vec4 v0x557bd00fc6a0_0, 0, 1;
    %pushi/vec4 0, 0, 4;
    %store/vec4 v0x557bd00fd680_0, 0, 4;
    %pushi/vec4 0, 0, 1;
    %store/vec4 v0x557bd00fd160_0, 0, 1;
    %pushi/vec4 1, 0, 2;
    %store/vec4 v0x557bd00fd220_0, 0, 2;
    %pushi/vec4 0, 0, 2;
    %store/vec4 v0x557bd00fc5c0_0, 0, 2;
    %jmp T_0.6;
T_0.1 ;
    %load/vec4 v0x557bd00fbe00_0;
    %cmpi/e 2, 0, 6;
    %jmp/1 T_0.9, 4;
    %flag_mov 8, 4;
    %load/vec4 v0x557bd00fbe00_0;
    %pad/u 32;
    %cmpi/e 0, 0, 32;
    %flag_get/vec4 4;
    %jmp/0 T_0.10, 4;
    %load/vec4 v0x557bd00fc0b0_0;
    %pushi/vec4 8, 0, 6;
    %cmp/e;
    %flag_get/vec4 4;
    %and;
T_0.10;
    %flag_set/vec4 9;
    %flag_or 9, 8;
    %flag_mov 4, 9;
T_0.9;
    %jmp/0xz  T_0.7, 4;
    %pushi/vec4 0, 0, 3;
    %assign/vec4 v0x557bd00fbc10_0, 0;
    %jmp T_0.8;
T_0.7 ;
    %load/vec4 v0x557bd00fbe00_0;
    %cmpi/e 3, 0, 6;
    %jmp/0xz  T_0.11, 4;
    %pushi/vec4 4, 0, 3;
    %assign/vec4 v0x557bd00fbc10_0, 0;
    %jmp T_0.12;
T_0.11 ;
    %pushi/vec4 2, 0, 3;
    %assign/vec4 v0x557bd00fbc10_0, 0;
T_0.12 ;
T_0.8 ;
    %load/vec4 v0x557bd00fbe00_0;
    %cmpi/e 3, 0, 6;
    %jmp/0xz  T_0.13, 4;
    %pushi/vec4 1, 0, 1;
    %store/vec4 v0x557bd00fc2a0_0, 0, 1;
    %pushi/vec4 1, 0, 1;
    %store/vec4 v0x557bd00fc1e0_0, 0, 1;
    %jmp T_0.14;
T_0.13 ;
    %load/vec4 v0x557bd00fbe00_0;
    %cmpi/e 2, 0, 6;
    %jmp/1 T_0.17, 4;
    %flag_mov 8, 4;
    %load/vec4 v0x557bd00fbe00_0;
    %pad/u 32;
    %cmpi/e 0, 0, 32;
    %flag_get/vec4 4;
    %jmp/0 T_0.18, 4;
    %load/vec4 v0x557bd00fc0b0_0;
    %pushi/vec4 8, 0, 6;
    %cmp/e;
    %flag_get/vec4 4;
    %and;
T_0.18;
    %flag_set/vec4 9;
    %flag_or 9, 8;
    %flag_mov 4, 9;
T_0.17;
    %jmp/0xz  T_0.15, 4;
    %pushi/vec4 1, 0, 1;
    %store/vec4 v0x557bd00fc6a0_0, 0, 1;
    %pushi/vec4 2, 0, 2;
    %store/vec4 v0x557bd00fc5c0_0, 0, 2;
    %load/vec4 v0x557bd00fbe00_0;
    %pad/u 32;
    %cmpi/e 0, 0, 32;
    %flag_get/vec4 4;
    %jmp/0 T_0.19, 4;
    %load/vec4 v0x557bd00fc0b0_0;
    %pushi/vec4 8, 0, 6;
    %cmp/e;
    %flag_get/vec4 4;
    %and;
T_0.19;
    %store/vec4 v0x557bd014f440_0, 0, 1;
    %jmp T_0.16;
T_0.15 ;
    %load/vec4 v0x557bd00fbe00_0;
    %cmpi/e 4, 0, 6;
    %jmp/1 T_0.22, 4;
    %flag_mov 8, 4;
    %load/vec4 v0x557bd00fbe00_0;
    %cmpi/e 5, 0, 6;
    %flag_or 4, 8;
T_0.22;
    %jmp/0xz  T_0.20, 4;
    %pushi/vec4 0, 0, 1;
    %store/vec4 v0x557bd00fd160_0, 0, 1;
    %pushi/vec4 3, 0, 2;
    %store/vec4 v0x557bd00fd220_0, 0, 2;
    %pushi/vec4 0, 0, 4;
    %store/vec4 v0x557bd00fd680_0, 0, 4;
    %pushi/vec4 1, 0, 1;
    %store/vec4 v0x557bd00fbff0_0, 0, 1;
T_0.20 ;
T_0.16 ;
T_0.14 ;
    %jmp T_0.6;
T_0.2 ;
    %load/vec4 v0x557bd00fbe00_0;
    %cmpi/e 35, 0, 6;
    %jmp/1 T_0.25, 4;
    %flag_mov 8, 4;
    %load/vec4 v0x557bd00fbe00_0;
    %cmpi/e 43, 0, 6;
    %flag_or 4, 8;
T_0.25;
    %jmp/0xz  T_0.23, 4;
    %pushi/vec4 3, 0, 3;
    %assign/vec4 v0x557bd00fbc10_0, 0;
    %jmp T_0.24;
T_0.23 ;
    %load/vec4 v0x557bd00fbe00_0;
    %cmpi/e 4, 0, 6;
    %jmp/1 T_0.28, 4;
    %flag_mov 8, 4;
    %load/vec4 v0x557bd00fbe00_0;
    %cmpi/e 5, 0, 6;
    %flag_or 4, 8;
T_0.28;
    %jmp/0xz  T_0.26, 4;
    %pushi/vec4 0, 0, 3;
    %assign/vec4 v0x557bd00fbc10_0, 0;
    %jmp T_0.27;
T_0.26 ;
    %pushi/vec4 4, 0, 3;
    %assign/vec4 v0x557bd00fbc10_0, 0;
T_0.27 ;
T_0.24 ;
    %load/vec4 v0x557bd00fbe00_0;
    %cmpi/e 4, 0, 6;
    %jmp/1 T_0.31, 4;
    %flag_mov 8, 4;
    %load/vec4 v0x557bd00fbe00_0;
    %cmpi/e 5, 0, 6;
    %flag_or 4, 8;
T_0.31;
    %jmp/0xz  T_0.29, 4;
    %pushi/vec4 1, 0, 1;
    %store/vec4 v0x557bd00fd160_0, 0, 1;
    %pushi/vec4 0, 0, 2;
    %store/vec4 v0x557bd00fd220_0, 0, 2;
    %load/vec4 v0x557bd00fbe00_0;
    %cmpi/e 4, 0, 6;
    %jmp/0xz  T_0.32, 4;
    %pushi/vec4 11, 0, 4;
    %store/vec4 v0x557bd00fd680_0, 0, 4;
    %jmp T_0.33;
T_0.32 ;
    %pushi/vec4 12, 0, 4;
    %store/vec4 v0x557bd00fd680_0, 0, 4;
T_0.33 ;
    %pushi/vec4 1, 0, 1;
    %store/vec4 v0x557bd00fc3d0_0, 0, 1;
    %pushi/vec4 1, 0, 2;
    %store/vec4 v0x557bd00fc5c0_0, 0, 2;
    %jmp T_0.30;
T_0.29 ;
    %pushi/vec4 1, 0, 1;
    %store/vec4 v0x557bd00fd160_0, 0, 1;
    %load/vec4 v0x557bd00fbe00_0;
    %pad/u 32;
    %cmpi/ne 0, 0, 32;
    %jmp/0xz  T_0.34, 4;
    %pushi/vec4 2, 0, 2;
    %store/vec4 v0x557bd00fd220_0, 0, 2;
T_0.34 ;
    %load/vec4 v0x557bd00fbe00_0;
    %pad/u 32;
    %cmpi/e 0, 0, 32;
    %jmp/0xz  T_0.36, 4;
    %load/vec4 v0x557bd00fc0b0_0;
    %dup/vec4;
    %pushi/vec4 0, 0, 6;
    %cmp/u;
    %jmp/1 T_0.38, 6;
    %dup/vec4;
    %pushi/vec4 2, 0, 6;
    %cmp/u;
    %jmp/1 T_0.39, 6;
    %dup/vec4;
    %pushi/vec4 3, 0, 6;
    %cmp/u;
    %jmp/1 T_0.40, 6;
    %dup/vec4;
    %pushi/vec4 33, 0, 6;
    %cmp/u;
    %jmp/1 T_0.41, 6;
    %dup/vec4;
    %pushi/vec4 35, 0, 6;
    %cmp/u;
    %jmp/1 T_0.42, 6;
    %dup/vec4;
    %pushi/vec4 36, 0, 6;
    %cmp/u;
    %jmp/1 T_0.43, 6;
    %dup/vec4;
    %pushi/vec4 37, 0, 6;
    %cmp/u;
    %jmp/1 T_0.44, 6;
    %dup/vec4;
    %pushi/vec4 38, 0, 6;
    %cmp/u;
    %jmp/1 T_0.45, 6;
    %dup/vec4;
    %pushi/vec4 39, 0, 6;
    %cmp/u;
    %jmp/1 T_0.46, 6;
    %dup/vec4;
    %pushi/vec4 42, 0, 6;
    %cmp/u;
    %jmp/1 T_0.47, 6;
    %dup/vec4;
    %pushi/vec4 43, 0, 6;
    %cmp/u;
    %jmp/1 T_0.48, 6;
    %jmp T_0.49;
T_0.38 ;
    %pushi/vec4 4, 0, 4;
    %store/vec4 v0x557bd00fd680_0, 0, 4;
    %jmp T_0.49;
T_0.39 ;
    %pushi/vec4 6, 0, 4;
    %store/vec4 v0x557bd00fd680_0, 0, 4;
    %jmp T_0.49;
T_0.40 ;
    %pushi/vec4 5, 0, 4;
    %store/vec4 v0x557bd00fd680_0, 0, 4;
    %jmp T_0.49;
T_0.41 ;
    %pushi/vec4 0, 0, 4;
    %store/vec4 v0x557bd00fd680_0, 0, 4;
    %jmp T_0.49;
T_0.42 ;
    %pushi/vec4 7, 0, 4;
    %store/vec4 v0x557bd00fd680_0, 0, 4;
    %jmp T_0.49;
T_0.43 ;
    %pushi/vec4 1, 0, 4;
    %store/vec4 v0x557bd00fd680_0, 0, 4;
    %jmp T_0.49;
T_0.44 ;
    %pushi/vec4 3, 0, 4;
    %store/vec4 v0x557bd00fd680_0, 0, 4;
    %jmp T_0.49;
T_0.45 ;
    %pushi/vec4 8, 0, 4;
    %store/vec4 v0x557bd00fd680_0, 0, 4;
    %jmp T_0.49;
T_0.46 ;
    %pushi/vec4 2, 0, 4;
    %store/vec4 v0x557bd00fd680_0, 0, 4;
    %jmp T_0.49;
T_0.47 ;
    %pushi/vec4 9, 0, 4;
    %store/vec4 v0x557bd00fd680_0, 0, 4;
    %jmp T_0.49;
T_0.48 ;
    %pushi/vec4 10, 0, 4;
    %store/vec4 v0x557bd00fd680_0, 0, 4;
    %jmp T_0.49;
T_0.49 ;
    %pop/vec4 1;
    %jmp T_0.37;
T_0.36 ;
    %load/vec4 v0x557bd00fbe00_0;
    %dup/vec4;
    %pushi/vec4 4, 0, 6;
    %cmp/u;
    %jmp/1 T_0.50, 6;
    %dup/vec4;
    %pushi/vec4 5, 0, 6;
    %cmp/u;
    %jmp/1 T_0.51, 6;
    %dup/vec4;
    %pushi/vec4 9, 0, 6;
    %cmp/u;
    %jmp/1 T_0.52, 6;
    %dup/vec4;
    %pushi/vec4 10, 0, 6;
    %cmp/u;
    %jmp/1 T_0.53, 6;
    %dup/vec4;
    %pushi/vec4 11, 0, 6;
    %cmp/u;
    %jmp/1 T_0.54, 6;
    %dup/vec4;
    %pushi/vec4 12, 0, 6;
    %cmp/u;
    %jmp/1 T_0.55, 6;
    %dup/vec4;
    %pushi/vec4 13, 0, 6;
    %cmp/u;
    %jmp/1 T_0.56, 6;
    %dup/vec4;
    %pushi/vec4 14, 0, 6;
    %cmp/u;
    %jmp/1 T_0.57, 6;
    %dup/vec4;
    %pushi/vec4 15, 0, 6;
    %cmp/u;
    %jmp/1 T_0.58, 6;
    %dup/vec4;
    %pushi/vec4 35, 0, 6;
    %cmp/u;
    %jmp/1 T_0.59, 6;
    %dup/vec4;
    %pushi/vec4 43, 0, 6;
    %cmp/u;
    %jmp/1 T_0.60, 6;
    %jmp T_0.61;
T_0.50 ;
    %pushi/vec4 11, 0, 4;
    %store/vec4 v0x557bd00fd680_0, 0, 4;
    %jmp T_0.61;
T_0.51 ;
    %pushi/vec4 12, 0, 4;
    %store/vec4 v0x557bd00fd680_0, 0, 4;
    %jmp T_0.61;
T_0.52 ;
    %pushi/vec4 0, 0, 4;
    %store/vec4 v0x557bd00fd680_0, 0, 4;
    %jmp T_0.61;
T_0.53 ;
    %pushi/vec4 9, 0, 4;
    %store/vec4 v0x557bd00fd680_0, 0, 4;
    %jmp T_0.61;
T_0.54 ;
    %pushi/vec4 10, 0, 4;
    %store/vec4 v0x557bd00fd680_0, 0, 4;
    %jmp T_0.61;
T_0.55 ;
    %pushi/vec4 1, 0, 4;
    %store/vec4 v0x557bd00fd680_0, 0, 4;
    %jmp T_0.61;
T_0.56 ;
    %pushi/vec4 3, 0, 4;
    %store/vec4 v0x557bd00fd680_0, 0, 4;
    %jmp T_0.61;
T_0.57 ;
    %pushi/vec4 8, 0, 4;
    %store/vec4 v0x557bd00fd680_0, 0, 4;
    %jmp T_0.61;
T_0.58 ;
    %pushi/vec4 13, 0, 4;
    %store/vec4 v0x557bd00fd680_0, 0, 4;
    %jmp T_0.61;
T_0.59 ;
    %pushi/vec4 0, 0, 4;
    %store/vec4 v0x557bd00fd680_0, 0, 4;
    %jmp T_0.61;
T_0.60 ;
    %pushi/vec4 0, 0, 4;
    %store/vec4 v0x557bd00fd680_0, 0, 4;
    %jmp T_0.61;
T_0.61 ;
    %pop/vec4 1;
T_0.37 ;
    %load/vec4 v0x557bd00fbe00_0;
    %cmpi/ne 12, 0, 6;
    %flag_get/vec4 4;
    %jmp/0 T_0.63, 4;
    %load/vec4 v0x557bd00fbe00_0;
    %pushi/vec4 13, 0, 6;
    %cmp/ne;
    %flag_get/vec4 4;
    %and;
T_0.63;
    %flag_set/vec4 8;
    %flag_get/vec4 8;
    %jmp/0 T_0.62, 8;
    %load/vec4 v0x557bd00fbe00_0;
    %pushi/vec4 14, 0, 6;
    %cmp/ne;
    %flag_get/vec4 4;
    %and;
T_0.62;
    %store/vec4 v0x557bd00fbff0_0, 0, 1;
T_0.30 ;
    %jmp T_0.6;
T_0.3 ;
    %load/vec4 v0x557bd00fbe00_0;
    %cmpi/e 35, 0, 6;
    %jmp/0xz  T_0.64, 4;
    %pushi/vec4 4, 0, 3;
    %assign/vec4 v0x557bd00fbc10_0, 0;
    %jmp T_0.65;
T_0.64 ;
    %pushi/vec4 0, 0, 3;
    %assign/vec4 v0x557bd00fbc10_0, 0;
T_0.65 ;
    %pushi/vec4 1, 0, 1;
    %store/vec4 v0x557bd014fe90_0, 0, 1;
    %load/vec4 v0x557bd00fbe00_0;
    %pushi/vec4 35, 0, 6;
    %cmp/e;
    %flag_get/vec4 4;
    %store/vec4 v0x557bd014f500_0, 0, 1;
    %load/vec4 v0x557bd00fbe00_0;
    %pushi/vec4 43, 0, 6;
    %cmp/e;
    %flag_get/vec4 4;
    %store/vec4 v0x557bd00fc7b0_0, 0, 1;
    %jmp T_0.6;
T_0.4 ;
    %pushi/vec4 0, 0, 3;
    %assign/vec4 v0x557bd00fbc10_0, 0;
    %load/vec4 v0x557bd00fbe00_0;
    %cmpi/e 3, 0, 6;
    %jmp/0xz  T_0.66, 4;
    %pushi/vec4 1, 0, 1;
    %store/vec4 v0x557bd00fc6a0_0, 0, 1;
    %pushi/vec4 2, 0, 2;
    %store/vec4 v0x557bd00fc5c0_0, 0, 2;
    %jmp T_0.67;
T_0.66 ;
    %load/vec4 v0x557bd00fbe00_0;
    %pushi/vec4 35, 0, 6;
    %cmp/e;
    %flag_get/vec4 4;
    %store/vec4 v0x557bd00fc870_0, 0, 1;
    %load/vec4 v0x557bd00fbe00_0;
    %cmpi/ne 43, 0, 6;
    %flag_get/vec4 4;
    %jmp/0 T_0.71, 4;
    %load/vec4 v0x557bd00fbe00_0;
    %pushi/vec4 4, 0, 6;
    %cmp/ne;
    %flag_get/vec4 4;
    %and;
T_0.71;
    %flag_set/vec4 10;
    %flag_get/vec4 10;
    %jmp/0 T_0.70, 10;
    %load/vec4 v0x557bd00fbe00_0;
    %pushi/vec4 5, 0, 6;
    %cmp/ne;
    %flag_get/vec4 4;
    %and;
T_0.70;
    %flag_set/vec4 9;
    %flag_get/vec4 9;
    %jmp/0 T_0.69, 9;
    %load/vec4 v0x557bd00fbe00_0;
    %pushi/vec4 2, 0, 6;
    %cmp/ne;
    %flag_get/vec4 4;
    %and;
T_0.69;
    %flag_set/vec4 8;
    %flag_get/vec4 8;
    %jmp/0 T_0.68, 8;
    %load/vec4 v0x557bd00fbe00_0;
    %pad/u 32;
    %cmpi/e 0, 0, 32;
    %flag_get/vec4 4;
    %jmp/0 T_0.72, 4;
    %load/vec4 v0x557bd00fc0b0_0;
    %pushi/vec4 8, 0, 6;
    %cmp/e;
    %flag_get/vec4 4;
    %and;
T_0.72;
    %nor/r;
    %and;
T_0.68;
    %store/vec4 v0x557bd00fc1e0_0, 0, 1;
    %load/vec4 v0x557bd00fbe00_0;
    %pad/u 32;
    %pushi/vec4 0, 0, 32;
    %cmp/e;
    %flag_get/vec4 4;
    %store/vec4 v0x557bd00fc490_0, 0, 1;
T_0.67 ;
    %jmp T_0.6;
T_0.6 ;
    %pop/vec4 1;
    %jmp T_0;
    .thread T_0, $push;
    .scope S_0x557bd02a7050;
T_1 ;
    %wait E_0x557bd0141b70;
    %load/vec4 v0x557bd02a7600_0;
    %pad/u 7;
    %ix/vec4 4;
    %load/vec4a v0x557bd02a7970, 4;
    %store/vec4 v0x557bd02a7760_0, 0, 32;
    %load/vec4 v0x557bd02a76a0_0;
    %pad/u 7;
    %ix/vec4 4;
    %load/vec4a v0x557bd02a7970, 4;
    %store/vec4 v0x557bd02a7890_0, 0, 32;
    %jmp T_1;
    .thread T_1, $push;
    .scope S_0x557bd02a7050;
T_2 ;
    %wait E_0x557bd00f8490;
    %load/vec4 v0x557bd02a7e30_0;
    %flag_set/vec4 8;
    %jmp/0xz  T_2.0, 8;
    %vpi_call 7 40 "$readmemh", "initial_reg.mem", v0x557bd02a7970 {0 0 0};
    %jmp T_2.1;
T_2.0 ;
    %load/vec4 v0x557bd02a74a0_0;
    %flag_set/vec4 8;
    %jmp/0xz  T_2.2, 8;
    %load/vec4 v0x557bd02a7f90_0;
    %load/vec4 v0x557bd02a7ed0_0;
    %pad/u 7;
    %ix/vec4 3;
    %ix/load 4, 0, 0; Constant delay
    %assign/vec4/a/d v0x557bd02a7970, 0, 4;
T_2.2 ;
T_2.1 ;
    %jmp T_2;
    .thread T_2;
    .scope S_0x557bd00fb320;
T_3 ;
    %vpi_call 6 16 "$readmemh", "initial_mem.mem", v0x557bd010a300 {0 0 0};
    %end;
    .thread T_3;
    .scope S_0x557bd00fb320;
T_4 ;
    %wait E_0x557bd010b960;
    %load/vec4 v0x557bd0109b20_0;
    %ix/load 5, 2, 0;
    %flag_set/imm 4, 0;
    %shiftr 5;
    %ix/vec4 4;
    %load/vec4a v0x557bd010a300, 4;
    %store/vec4 v0x557bd0153170_0, 0, 32;
    %jmp T_4;
    .thread T_4, $push;
    .scope S_0x557bd00fb320;
T_5 ;
    %wait E_0x557bd00f8490;
    %load/vec4 v0x557bd02a6ed0_0;
    %nor/r;
    %flag_set/vec4 8;
    %jmp/0xz  T_5.0, 8;
    %load/vec4 v0x557bd0109fa0_0;
    %flag_set/vec4 8;
    %jmp/0xz  T_5.2, 8;
    %load/vec4 v0x557bd0153250_0;
    %load/vec4 v0x557bd0109b20_0;
    %ix/load 4, 2, 0;
    %flag_set/imm 4, 0;
    %shiftr 4;
    %ix/vec4 3;
    %ix/load 4, 0, 0; Constant delay
    %assign/vec4/a/d v0x557bd010a300, 0, 4;
T_5.2 ;
T_5.0 ;
    %jmp T_5;
    .thread T_5;
    .scope S_0x557bd00fcb90;
T_6 ;
    %wait E_0x557bd0141250;
    %pushi/vec4 0, 0, 32;
    %store/vec4 v0x557bd025e7e0_0, 0, 32;
    %load/vec4 v0x557bd01611a0_0;
    %dup/vec4;
    %pushi/vec4 0, 0, 4;
    %cmp/u;
    %jmp/1 T_6.0, 6;
    %dup/vec4;
    %pushi/vec4 1, 0, 4;
    %cmp/u;
    %jmp/1 T_6.1, 6;
    %dup/vec4;
    %pushi/vec4 2, 0, 4;
    %cmp/u;
    %jmp/1 T_6.2, 6;
    %dup/vec4;
    %pushi/vec4 3, 0, 4;
    %cmp/u;
    %jmp/1 T_6.3, 6;
    %dup/vec4;
    %pushi/vec4 4, 0, 4;
    %cmp/u;
    %jmp/1 T_6.4, 6;
    %dup/vec4;
    %pushi/vec4 5, 0, 4;
    %cmp/u;
    %jmp/1 T_6.5, 6;
    %dup/vec4;
    %pushi/vec4 6, 0, 4;
    %cmp/u;
    %jmp/1 T_6.6, 6;
    %dup/vec4;
    %pushi/vec4 7, 0, 4;
    %cmp/u;
    %jmp/1 T_6.7, 6;
    %dup/vec4;
    %pushi/vec4 8, 0, 4;
    %cmp/u;
    %jmp/1 T_6.8, 6;
    %dup/vec4;
    %pushi/vec4 9, 0, 4;
    %cmp/u;
    %jmp/1 T_6.9, 6;
    %dup/vec4;
    %pushi/vec4 10, 0, 4;
    %cmp/u;
    %jmp/1 T_6.10, 6;
    %dup/vec4;
    %pushi/vec4 11, 0, 4;
    %cmp/u;
    %jmp/1 T_6.11, 6;
    %dup/vec4;
    %pushi/vec4 12, 0, 4;
    %cmp/u;
    %jmp/1 T_6.12, 6;
    %dup/vec4;
    %pushi/vec4 13, 0, 4;
    %cmp/u;
    %jmp/1 T_6.13, 6;
    %jmp T_6.14;
T_6.0 ;
    %load/vec4 v0x557bd014c240_0;
    %load/vec4 v0x557bd00fb6c0_0;
    %add;
    %store/vec4 v0x557bd025e7e0_0, 0, 32;
    %jmp T_6.14;
T_6.1 ;
    %load/vec4 v0x557bd014c240_0;
    %load/vec4 v0x557bd00fb6c0_0;
    %and;
    %store/vec4 v0x557bd025e7e0_0, 0, 32;
    %jmp T_6.14;
T_6.2 ;
    %load/vec4 v0x557bd014c240_0;
    %load/vec4 v0x557bd00fb6c0_0;
    %or;
    %inv;
    %store/vec4 v0x557bd025e7e0_0, 0, 32;
    %jmp T_6.14;
T_6.3 ;
    %load/vec4 v0x557bd014c240_0;
    %load/vec4 v0x557bd00fb6c0_0;
    %or;
    %store/vec4 v0x557bd025e7e0_0, 0, 32;
    %jmp T_6.14;
T_6.4 ;
    %load/vec4 v0x557bd00fb6c0_0;
    %ix/getv 4, v0x557bd0291610_0;
    %shiftl 4;
    %store/vec4 v0x557bd025e7e0_0, 0, 32;
    %jmp T_6.14;
T_6.5 ;
    %load/vec4 v0x557bd00fb6c0_0;
    %ix/getv 4, v0x557bd0291610_0;
    %shiftr/s 4;
    %store/vec4 v0x557bd025e7e0_0, 0, 32;
    %jmp T_6.14;
T_6.6 ;
    %load/vec4 v0x557bd00fb6c0_0;
    %ix/getv 4, v0x557bd0291610_0;
    %shiftr 4;
    %store/vec4 v0x557bd025e7e0_0, 0, 32;
    %jmp T_6.14;
T_6.7 ;
    %load/vec4 v0x557bd014c240_0;
    %load/vec4 v0x557bd00fb6c0_0;
    %sub;
    %store/vec4 v0x557bd025e7e0_0, 0, 32;
    %jmp T_6.14;
T_6.8 ;
    %load/vec4 v0x557bd014c240_0;
    %load/vec4 v0x557bd00fb6c0_0;
    %xor;
    %store/vec4 v0x557bd025e7e0_0, 0, 32;
    %jmp T_6.14;
T_6.9 ;
    %load/vec4 v0x557bd014c240_0;
    %load/vec4 v0x557bd00fb6c0_0;
    %cmp/s;
    %flag_get/vec4 5;
    %pad/u 32;
    %store/vec4 v0x557bd025e7e0_0, 0, 32;
    %jmp T_6.14;
T_6.10 ;
    %load/vec4 v0x557bd014c240_0;
    %load/vec4 v0x557bd00fb6c0_0;
    %cmp/u;
    %flag_get/vec4 5;
    %pad/u 32;
    %store/vec4 v0x557bd025e7e0_0, 0, 32;
    %jmp T_6.14;
T_6.11 ;
    %load/vec4 v0x557bd014c240_0;
    %load/vec4 v0x557bd00fb6c0_0;
    %cmp/e;
    %flag_get/vec4 4;
    %pad/u 32;
    %store/vec4 v0x557bd025e7e0_0, 0, 32;
    %jmp T_6.14;
T_6.12 ;
    %load/vec4 v0x557bd014c240_0;
    %load/vec4 v0x557bd00fb6c0_0;
    %cmp/ne;
    %flag_get/vec4 4;
    %pad/u 32;
    %store/vec4 v0x557bd025e7e0_0, 0, 32;
    %jmp T_6.14;
T_6.13 ;
    %load/vec4 v0x557bd00fb6c0_0;
    %ix/load 4, 16, 0;
    %flag_set/imm 4, 0;
    %shiftl 4;
    %store/vec4 v0x557bd025e7e0_0, 0, 32;
    %jmp T_6.14;
T_6.14 ;
    %pop/vec4 1;
    %jmp T_6;
    .thread T_6, $push;
    .scope S_0x557bd00fcd80;
T_7 ;
    %wait E_0x557bd0141ff0;
    %load/vec4 v0x557bd02a9110_0;
    %flag_set/vec4 8;
    %jmp/0 T_7.0, 8;
    %pushi/vec4 31, 0, 5;
    %jmp/1 T_7.1, 8;
T_7.0 ; End of true expr.
    %load/vec4 v0x557bd02a8f50_0;
    %flag_set/vec4 9;
    %jmp/0 T_7.2, 9;
    %load/vec4 v0x557bd02aad80_0;
    %jmp/1 T_7.3, 9;
T_7.2 ; End of true expr.
    %load/vec4 v0x557bd02ab350_0;
    %jmp/0 T_7.3, 9;
 ; End of false expr.
    %blend;
T_7.3;
    %jmp/0 T_7.1, 8;
 ; End of false expr.
    %blend;
T_7.1;
    %store/vec4 v0x557bd02ab670_0, 0, 5;
    %load/vec4 v0x557bd02a9110_0;
    %flag_set/vec4 8;
    %jmp/0 T_7.4, 8;
    %load/vec4 v0x557bd02a8ad0_0;
    %jmp/1 T_7.5, 8;
T_7.4 ; End of true expr.
    %load/vec4 v0x557bd02a8a30_0;
    %flag_set/vec4 9;
    %jmp/0 T_7.6, 9;
    %load/vec4 v0x557bd02aa8e0_0;
    %jmp/1 T_7.7, 9;
T_7.6 ; End of true expr.
    %load/vec4 v0x557bd02a8350_0;
    %jmp/0 T_7.7, 9;
 ; End of false expr.
    %blend;
T_7.7;
    %jmp/0 T_7.5, 8;
 ; End of false expr.
    %blend;
T_7.5;
    %store/vec4 v0x557bd02ab740_0, 0, 32;
    %load/vec4 v0x557bd02a8ad0_0;
    %store/vec4 v0x557bd02a8da0_0, 0, 32;
    %load/vec4 v0x557bd02a8c30_0;
    %flag_set/vec4 8;
    %jmp/1 T_7.10, 8;
    %load/vec4 v0x557bd02a8cd0_0;
    %flag_set/vec4 10;
    %flag_get/vec4 10;
    %jmp/0 T_7.11, 10;
    %load/vec4 v0x557bd02aa170_0;
    %pushi/vec4 0, 0, 32;
    %cmp/ne;
    %flag_get/vec4 4;
    %and;
T_7.11;
    %flag_set/vec4 9;
    %flag_or 8, 9;
T_7.10;
    %jmp/0xz  T_7.8, 8;
    %load/vec4 v0x557bd02a8b70_0;
    %dup/vec4;
    %pushi/vec4 0, 0, 2;
    %cmp/u;
    %jmp/1 T_7.12, 6;
    %dup/vec4;
    %pushi/vec4 1, 0, 2;
    %cmp/u;
    %jmp/1 T_7.13, 6;
    %dup/vec4;
    %pushi/vec4 2, 0, 2;
    %cmp/u;
    %jmp/1 T_7.14, 6;
    %jmp T_7.15;
T_7.12 ;
    %load/vec4 v0x557bd02aa170_0;
    %store/vec4 v0x557bd02a8da0_0, 0, 32;
    %jmp T_7.15;
T_7.13 ;
    %load/vec4 v0x557bd02a8350_0;
    %store/vec4 v0x557bd02a8da0_0, 0, 32;
    %jmp T_7.15;
T_7.14 ;
    %load/vec4 v0x557bd02a87c0_0;
    %flag_set/vec4 8;
    %jmp/0 T_7.16, 8;
    %load/vec4 v0x557bd02ab000_0;
    %jmp/1 T_7.17, 8;
T_7.16 ; End of true expr.
    %load/vec4 v0x557bd02a8ad0_0;
    %parti/s 4, 28, 6;
    %load/vec4 v0x557bd02aa660_0;
    %concat/vec4; draw_concat_vec4
    %concati/vec4 0, 0, 2;
    %jmp/0 T_7.17, 8;
 ; End of false expr.
    %blend;
T_7.17;
    %store/vec4 v0x557bd02a8da0_0, 0, 32;
    %jmp T_7.15;
T_7.15 ;
    %pop/vec4 1;
T_7.8 ;
    %jmp T_7;
    .thread T_7, $push;
    .scope S_0x557bd00fcd80;
T_8 ;
    %wait E_0x557bd00f8490;
    %load/vec4 v0x557bd02ab260_0;
    %flag_set/vec4 8;
    %jmp/0xz  T_8.0, 8;
    %pushi/vec4 0, 0, 32;
    %assign/vec4 v0x557bd02a8ad0_0, 0;
    %pushi/vec4 0, 0, 3;
    %assign/vec4 v0x557bd02ab4f0_0, 0;
    %jmp T_8.1;
T_8.0 ;
    %load/vec4 v0x557bd02ab5b0_0;
    %assign/vec4 v0x557bd02ab4f0_0, 0;
    %load/vec4 v0x557bd02a8da0_0;
    %assign/vec4 v0x557bd02a8ad0_0, 0;
    %load/vec4 v0x557bd02a8680_0;
    %flag_set/vec4 8;
    %jmp/0xz  T_8.2, 8;
    %load/vec4 v0x557bd02aa9a0_0;
    %assign/vec4 v0x557bd02aa740_0, 0;
T_8.2 ;
    %load/vec4 v0x557bd02aa9a0_0;
    %assign/vec4 v0x557bd02aa8e0_0, 0;
    %load/vec4 v0x557bd02ab000_0;
    %assign/vec4 v0x557bd02a8190_0, 0;
    %load/vec4 v0x557bd02ab0d0_0;
    %assign/vec4 v0x557bd02a85a0_0, 0;
    %load/vec4 v0x557bd02aa170_0;
    %assign/vec4 v0x557bd02a8350_0, 0;
T_8.1 ;
    %jmp T_8;
    .thread T_8;
    .scope S_0x557bd014fa40;
T_9 ;
    %fork t_1, S_0x557bd014f0b0;
    %jmp t_0;
    .scope S_0x557bd014f0b0;
t_1 ;
    %vpi_call 2 40 "$readmemh", "reference_mem.mem", v0x557bd02abca0 {0 0 0};
    %vpi_call 2 41 "$readmemh", "reference_reg.mem", v0x557bd02abd60 {0 0 0};
    %vpi_call 2 42 "$readmemh", "initial_mem.mem", v0x557bd02ac080 {0 0 0};
    %vpi_call 2 43 "$readmemh", "initial_reg.mem", v0x557bd02ac140 {0 0 0};
    %pushi/vec4 1, 0, 1;
    %store/vec4 v0x557bd02aba10_0, 0, 1;
    %pushi/vec4 0, 0, 32;
    %store/vec4 v0x557bd02abec0_0, 0, 32;
    %pushi/vec4 0, 0, 32;
    %store/vec4 v0x557bd02abfa0_0, 0, 32;
    %end;
    .scope S_0x557bd014fa40;
t_0 %join;
    %end;
    .thread T_9;
    .scope S_0x557bd014fa40;
T_10 ;
    %fork t_3, S_0x557bd014ed30;
    %jmp t_2;
    .scope S_0x557bd014ed30;
t_3 ;
    %pushi/vec4 0, 0, 1;
    %store/vec4 v0x557bd02ab950_0, 0, 1;
T_10.0 ;
    %delay 5000, 0;
    %load/vec4 v0x557bd02ab950_0;
    %inv;
    %store/vec4 v0x557bd02ab950_0, 0, 1;
    %jmp T_10.0;
    %end;
    .scope S_0x557bd014fa40;
t_2 %join;
    %end;
    .thread T_10;
    .scope S_0x557bd014fa40;
T_11 ;
    %fork t_5, S_0x557bd00fcf70;
    %jmp t_4;
    .scope S_0x557bd00fcf70;
t_5 ;
    %pushi/vec4 0, 0, 32;
    %store/vec4 v0x557bd02ab870_0, 0, 32;
    %pushi/vec4 1, 0, 1;
    %store/vec4 v0x557bd02abe20_0, 0, 1;
    %delay 15000, 0;
    %pushi/vec4 0, 0, 1;
    %store/vec4 v0x557bd02abe20_0, 0, 1;
    %wait E_0x557bd0142460;
    %vpi_call 2 60 "$display", "Program Terminate\012" {0 0 0};
    %pushi/vec4 0, 0, 32;
    %store/vec4 v0x557bd02abbb0_0, 0, 32;
T_11.0 ;
    %load/vec4 v0x557bd02abbb0_0;
    %cmpi/s 32, 0, 32;
    %jmp/0xz T_11.1, 5;
    %ix/getv/s 4, v0x557bd02abbb0_0;
    %load/vec4a v0x557bd02a7970, 4;
    %ix/getv/s 4, v0x557bd02abbb0_0;
    %load/vec4a v0x557bd02abd60, 4;
    %cmp/ne;
    %jmp/0xz  T_11.2, 4;
    %pushi/vec4 1, 0, 32;
    %store/vec4 v0x557bd02ab870_0, 0, 32;
T_11.2 ;
    %load/vec4 v0x557bd02abbb0_0;
    %addi 1, 0, 32;
    %store/vec4 v0x557bd02abbb0_0, 0, 32;
    %jmp T_11.0;
T_11.1 ;
    %pushi/vec4 0, 0, 32;
    %store/vec4 v0x557bd02abbb0_0, 0, 32;
T_11.4 ;
    %load/vec4 v0x557bd02abbb0_0;
    %cmpi/s 8192, 0, 32;
    %jmp/0xz T_11.5, 5;
    %ix/getv/s 4, v0x557bd02abbb0_0;
    %load/vec4a v0x557bd010a300, 4;
    %ix/getv/s 4, v0x557bd02abbb0_0;
    %load/vec4a v0x557bd02abca0, 4;
    %cmp/ne;
    %jmp/0xz  T_11.6, 4;
    %pushi/vec4 1, 0, 32;
    %store/vec4 v0x557bd02ab870_0, 0, 32;
T_11.6 ;
    %load/vec4 v0x557bd02abbb0_0;
    %addi 1, 0, 32;
    %store/vec4 v0x557bd02abbb0_0, 0, 32;
    %jmp T_11.4;
T_11.5 ;
    %load/vec4 v0x557bd02ab870_0;
    %cmpi/ne 0, 0, 32;
    %jmp/0xz  T_11.8, 4;
    %vpi_call 2 72 "$display", "Simulation failed." {0 0 0};
    %pushi/vec4 0, 0, 32;
    %store/vec4 v0x557bd02abbb0_0, 0, 32;
T_11.10 ;
    %load/vec4 v0x557bd02abbb0_0;
    %cmpi/s 32, 0, 32;
    %jmp/0xz T_11.11, 5;
    %vpi_call 2 74 "$display", "index: %d, dat: %h, %h", v0x557bd02abbb0_0, &A<v0x557bd02a7970, v0x557bd02abbb0_0 >, &A<v0x557bd02abd60, v0x557bd02abbb0_0 > {0 0 0};
    %load/vec4 v0x557bd02abbb0_0;
    %addi 1, 0, 32;
    %store/vec4 v0x557bd02abbb0_0, 0, 32;
    %jmp T_11.10;
T_11.11 ;
    %jmp T_11.9;
T_11.8 ;
    %vpi_call 2 76 "$display", "Simulation success!!!" {0 0 0};
T_11.9 ;
    %vpi_call 2 77 "$finish" {0 0 0};
    %end;
    .scope S_0x557bd014fa40;
t_4 %join;
    %end;
    .thread T_11;
# The file index is used to find the file name in the following table.
:file_names 8;
    "N/A";
    "<interactive>";
    "CPU_tb.v";
    "CPU.v";
    "ALU.v";
    "CTRL.v";
    "Lab04.MEM.v";
    "RF.v";
