#! /usr/bin/vvp
:ivl_version "12.0 (stable)";
:ivl_delay_selection "TYPICAL";
:vpi_time_precision - 12;
:vpi_module "/usr/lib/x86_64-linux-gnu/ivl/system.vpi";
:vpi_module "/usr/lib/x86_64-linux-gnu/ivl/vhdl_sys.vpi";
:vpi_module "/usr/lib/x86_64-linux-gnu/ivl/vhdl_textio.vpi";
:vpi_module "/usr/lib/x86_64-linux-gnu/ivl/v2005_math.vpi";
:vpi_module "/usr/lib/x86_64-linux-gnu/ivl/va_math.vpi";
S_0x55afaeb9cbc0 .scope module, "CPU_tb" "CPU_tb" 2 4;
 .timescale -9 -12;
v0x55afaed3b860_0 .var/i "FAILED", 31 0;
v0x55afaed3b940_0 .var "clk", 0 0;
v0x55afaed3ba00_0 .var "first_inst", 0 0;
v0x55afaed3bad0_0 .net "halt", 0 0, L_0x55afaed3c1f0;  1 drivers
v0x55afaed3bba0_0 .var/i "i", 31 0;
v0x55afaed3bc90 .array "memory", 8191 0, 31 0;
v0x55afaed3bd50 .array "register_file", 31 0, 31 0;
v0x55afaed3be10_0 .var "rst", 0 0;
v0x55afaed3beb0_0 .var "saved_inst", 31 0;
v0x55afaed3bf90_0 .var "saved_pc", 31 0;
v0x55afaed3c070 .array "shadow_mem", 8191 0, 31 0;
v0x55afaed3c130 .array "shadow_rf", 31 0, 31 0;
S_0x55afaeb95f00 .scope begin, "CLOCK_GENERATOR" "CLOCK_GENERATOR" 2 49, 2 49 0, S_0x55afaeb9cbc0;
 .timescale -9 -12;
S_0x55afaeb96280 .scope begin, "REF_INIT" "REF_INIT" 2 39, 2 39 0, S_0x55afaeb9cbc0;
 .timescale -9 -12;
S_0x55afaeb975f0 .scope begin, "Settings" "Settings" 2 54, 2 54 0, S_0x55afaeb9cbc0;
 .timescale -9 -12;
E_0x55afaeb77b70 .event posedge, v0x55afaed38a00_0;
S_0x55afaeb99310 .scope module, "cpu" "CPU" 2 37, 3 5 0, S_0x55afaeb9cbc0;
 .timescale -9 -12;
    .port_info 0 /INPUT 1 "clk";
    .port_info 1 /INPUT 1 "rst";
    .port_info 2 /OUTPUT 1 "halt";
L_0x55afaec10900 .functor BUFZ 32, v0x55afaed36770_0, C4<00000000000000000000000000000000>, C4<00000000000000000000000000000000>, C4<00000000000000000000000000000000>;
L_0x55afaed4d030 .functor BUFZ 5, L_0x55afaed4c600, C4<00000>, C4<00000>, C4<00000>;
L_0x55afaeba5980 .functor BUFZ 5, L_0x55afaed4c770, C4<00000>, C4<00000>, C4<00000>;
L_0x55afaeb6eac0 .functor BUFZ 1, v0x55afaeb28640_0, C4<0>, C4<0>, C4<0>;
L_0x55afaed4d810 .functor OR 1, L_0x55afaed4d490, L_0x55afaed4d660, C4<0>, C4<0>;
L_0x55afaed4d920 .functor OR 1, L_0x55afaed4d810, L_0x55afaeb6eac0, C4<0>, C4<0>;
L_0x55afaed4df80 .functor BUFZ 32, v0x55afaed39970_0, C4<00000000000000000000000000000000>, C4<00000000000000000000000000000000>, C4<00000000000000000000000000000000>;
L_0x55afaed4e420 .functor BUFZ 32, v0x55afaed38420_0, C4<00000000000000000000000000000000>, C4<00000000000000000000000000000000>, C4<00000000000000000000000000000000>;
L_0x55afaed4e9b0 .functor BUFZ 32, v0x55afaed386c0_0, C4<00000000000000000000000000000000>, C4<00000000000000000000000000000000>, C4<00000000000000000000000000000000>;
L_0x55afaed4eb60 .functor AND 1, v0x55afaed37ff0_0, L_0x55afaed4ea70, C4<1>, C4<1>;
L_0x55afaed4ecd0 .functor BUFZ 1, L_0x55afaed4eb60, C4<0>, C4<0>, C4<0>;
L_0x55afaed4ed40 .functor AND 1, L_0x55afaed4d920, v0x55afaeb912a0_0, C4<1>, C4<1>;
v0x55afaed35f80_0 .net "ALUOp", 3 0, v0x55afaeb82fd0_0;  1 drivers
v0x55afaed36060_0 .net "ALUSrc", 0 0, v0x55afaeb26bc0_0;  1 drivers
v0x55afaed36120_0 .net "Branch", 0 0, v0x55afaeb285a0_0;  1 drivers
v0x55afaed361c0_0 .net "IDEX_bubble", 0 0, v0x55afaeb96860_0;  1 drivers
v0x55afaed36260_0 .net "IFIDWrite", 0 0, v0x55afaeb96940_0;  1 drivers
v0x55afaed36300_0 .net "IFID_flush", 0 0, v0x55afaeb911e0_0;  1 drivers
v0x55afaed363a0_0 .net "JR", 0 0, v0x55afaeb28640_0;  1 drivers
v0x55afaed36470_0 .net "MemRead", 0 0, v0x55afaeb9ceb0_0;  1 drivers
v0x55afaed36540_0 .net "MemWrite", 0 0, v0x55afaeb996a0_0;  1 drivers
v0x55afaed366a0_0 .net "MemtoReg", 0 0, v0x55afaeb99760_0;  1 drivers
v0x55afaed36770_0 .var "PC", 31 0;
v0x55afaed36810_0 .net "PCWrite", 0 0, v0x55afaeb912a0_0;  1 drivers
v0x55afaed368b0_0 .var "PC_next", 31 0;
v0x55afaed36950_0 .net "RegDst", 0 0, v0x55afaeb94250_0;  1 drivers
v0x55afaed36a20_0 .net "RegWrite", 0 0, v0x55afaeb94310_0;  1 drivers
v0x55afaed36af0_0 .net "SavePC", 0 0, v0x55afaeb26910_0;  1 drivers
v0x55afaed36b90_0 .net "SignExtend", 0 0, v0x55afaeb269d0_0;  1 drivers
L_0x7ff65f41d018 .functor BUFT 1, C4<100>, C4<0>, C4<0>, C4<0>;
v0x55afaed36d70_0 .net/2u *"_ivl_0", 2 0, L_0x7ff65f41d018;  1 drivers
v0x55afaed36e10_0 .net *"_ivl_27", 0 0, L_0x55afaed4cd00;  1 drivers
v0x55afaed36eb0_0 .net *"_ivl_28", 15 0, L_0x55afaed4cda0;  1 drivers
v0x55afaed36f50_0 .net *"_ivl_30", 31 0, L_0x55afaed4d0a0;  1 drivers
L_0x7ff65f41d0a8 .functor BUFT 1, C4<0000000000000000>, C4<0>, C4<0>, C4<0>;
v0x55afaed36ff0_0 .net/2u *"_ivl_32", 15 0, L_0x7ff65f41d0a8;  1 drivers
v0x55afaed370b0_0 .net *"_ivl_34", 31 0, L_0x55afaed4d140;  1 drivers
L_0x7ff65f41d060 .functor BUFT 1, C4<00000000000000000000000000000100>, C4<0>, C4<0>, C4<0>;
v0x55afaed37190_0 .net/2u *"_ivl_4", 31 0, L_0x7ff65f41d060;  1 drivers
L_0x7ff65f41d0f0 .functor BUFT 1, C4<000010>, C4<0>, C4<0>, C4<0>;
v0x55afaed37270_0 .net/2u *"_ivl_42", 5 0, L_0x7ff65f41d0f0;  1 drivers
L_0x7ff65f41d138 .functor BUFT 1, C4<000011>, C4<0>, C4<0>, C4<0>;
v0x55afaed37350_0 .net/2u *"_ivl_46", 5 0, L_0x7ff65f41d138;  1 drivers
v0x55afaed37430_0 .net *"_ivl_52", 0 0, L_0x55afaed4d810;  1 drivers
v0x55afaed37510_0 .net *"_ivl_57", 3 0, L_0x55afaed4dac0;  1 drivers
L_0x7ff65f41d180 .functor BUFT 1, C4<00>, C4<0>, C4<0>, C4<0>;
v0x55afaed375f0_0 .net/2u *"_ivl_58", 1 0, L_0x7ff65f41d180;  1 drivers
v0x55afaed376d0_0 .net *"_ivl_60", 31 0, L_0x55afaed4dc00;  1 drivers
v0x55afaed377b0_0 .net *"_ivl_68", 31 0, L_0x55afaed4e240;  1 drivers
v0x55afaed37890_0 .net *"_ivl_70", 29 0, L_0x55afaed4e090;  1 drivers
L_0x7ff65f41d1c8 .functor BUFT 1, C4<00>, C4<0>, C4<0>, C4<0>;
v0x55afaed37970_0 .net *"_ivl_72", 1 0, L_0x7ff65f41d1c8;  1 drivers
L_0x7ff65f41d210 .functor BUFT 1, C4<11111>, C4<0>, C4<0>, C4<0>;
v0x55afaed37a50_0 .net/2u *"_ivl_76", 4 0, L_0x7ff65f41d210;  1 drivers
v0x55afaed37b30_0 .net *"_ivl_78", 4 0, L_0x55afaed4e5b0;  1 drivers
v0x55afaed37c10_0 .net *"_ivl_87", 0 0, L_0x55afaed4ea70;  1 drivers
v0x55afaed37cf0_0 .net "alu_result", 31 0, v0x55afaec10a60_0;  1 drivers
v0x55afaed37db0_0 .net "clk", 0 0, v0x55afaed3b940_0;  1 drivers
v0x55afaed37e50_0 .net "ex_branch_target", 31 0, L_0x55afaed4e380;  1 drivers
v0x55afaed37f30_0 .net "ex_wr_addr", 4 0, L_0x55afaed4e6a0;  1 drivers
v0x55afaed37ff0_0 .var "exmem_Branch", 0 0;
v0x55afaed38090_0 .var "exmem_MemRead", 0 0;
v0x55afaed38150_0 .var "exmem_MemWrite", 0 0;
v0x55afaed381f0_0 .var "exmem_MemtoReg", 0 0;
v0x55afaed38290_0 .var "exmem_RegWrite", 0 0;
v0x55afaed38360_0 .var "exmem_SavePC", 0 0;
v0x55afaed38420_0 .var "exmem_alu_result", 31 0;
v0x55afaed38500_0 .var "exmem_branch_target", 31 0;
v0x55afaed385e0_0 .var "exmem_pc_plus4", 31 0;
v0x55afaed386c0_0 .var "exmem_rd_data2", 31 0;
v0x55afaed387a0_0 .var "exmem_wr_addr", 4 0;
v0x55afaed38860_0 .net "ext_imm", 31 0, L_0x55afaed4d260;  1 drivers
v0x55afaed38940_0 .net "funct", 5 0, L_0x55afaed4ca70;  1 drivers
v0x55afaed38a00_0 .net "halt", 0 0, L_0x55afaed3c1f0;  alias, 1 drivers
v0x55afaed38aa0_0 .var "halt_drain", 2 0;
v0x55afaed38b80_0 .net "id_flush_if", 0 0, L_0x55afaed4ed40;  1 drivers
v0x55afaed38c40_0 .net "id_is_j", 0 0, L_0x55afaed4d490;  1 drivers
v0x55afaed38d00_0 .net "id_is_jal", 0 0, L_0x55afaed4d660;  1 drivers
v0x55afaed38dc0_0 .net "id_is_jr", 0 0, L_0x55afaeb6eac0;  1 drivers
v0x55afaed38e80_0 .net "id_jump_addr", 31 0, L_0x55afaed4dd90;  1 drivers
v0x55afaed38f60_0 .net "id_jump_taken", 0 0, L_0x55afaed4d920;  1 drivers
v0x55afaed39030_0 .var "idex_ALUOp", 3 0;
v0x55afaed39100_0 .var "idex_ALUSrc", 0 0;
v0x55afaed391c0_0 .var "idex_Branch", 0 0;
v0x55afaed39280_0 .var "idex_MemRead", 0 0;
v0x55afaed39320_0 .var "idex_MemWrite", 0 0;
v0x55afaed393c0_0 .var "idex_MemtoReg", 0 0;
v0x55afaed39480_0 .var "idex_RegDst", 0 0;
v0x55afaed39540_0 .var "idex_RegWrite", 0 0;
v0x55afaed39610_0 .var "idex_SavePC", 0 0;
v0x55afaed396d0_0 .var "idex_ext_imm", 31 0;
v0x55afaed397b0_0 .var "idex_pc_plus4", 31 0;
v0x55afaed39890_0 .var "idex_rd", 4 0;
v0x55afaed39970_0 .var "idex_rd_data1", 31 0;
v0x55afaed39a50_0 .var "idex_rd_data2", 31 0;
v0x55afaed39b30_0 .var "idex_rs", 4 0;
v0x55afaed39c10_0 .var "idex_rt", 4 0;
v0x55afaed39cd0_0 .var "idex_shamt", 4 0;
v0x55afaed39d90_0 .net "if_inst", 31 0, v0x55afaeb959a0_0;  1 drivers
v0x55afaed39e50_0 .net "if_inst_addr", 31 0, L_0x55afaec10900;  1 drivers
v0x55afaed39f20_0 .net "if_pc_plus4", 31 0, L_0x55afaed4c320;  1 drivers
v0x55afaed3a000_0 .var "ifid_inst", 31 0;
v0x55afaed3a0e0_0 .var "ifid_pc_plus4", 31 0;
v0x55afaed3a1c0_0 .net "immi", 15 0, L_0x55afaed4cb60;  1 drivers
v0x55afaed3a2a0_0 .net "immj", 25 0, L_0x55afaed4cc00;  1 drivers
v0x55afaed3a380_0 .net "mem_addr", 31 0, L_0x55afaed4e420;  1 drivers
v0x55afaed3a440_0 .net "mem_branch_taken", 0 0, L_0x55afaed4eb60;  1 drivers
v0x55afaed3a510_0 .net "mem_flush_all", 0 0, L_0x55afaed4ecd0;  1 drivers
v0x55afaed3a5b0_0 .net "mem_read_data", 31 0, v0x55afaeb939d0_0;  1 drivers
v0x55afaed3a670_0 .net "mem_write_data", 31 0, L_0x55afaed4e9b0;  1 drivers
v0x55afaed3a740_0 .var "memwb_MemtoReg", 0 0;
v0x55afaed3a800_0 .var "memwb_RegWrite", 0 0;
v0x55afaed3a8f0_0 .var "memwb_SavePC", 0 0;
v0x55afaed3a9b0_0 .var "memwb_alu_result", 31 0;
v0x55afaed3aa90_0 .var "memwb_mem_read_data", 31 0;
v0x55afaed3ab70_0 .var "memwb_pc_plus4", 31 0;
v0x55afaed3ac50_0 .var "memwb_wr_addr", 4 0;
v0x55afaed3ad10_0 .net "opcode", 5 0, L_0x55afaed4c510;  1 drivers
v0x55afaed3add0_0 .net "operand1", 31 0, L_0x55afaed4df80;  1 drivers
v0x55afaed3ae90_0 .net "operand2", 31 0, L_0x55afaed4db60;  1 drivers
v0x55afaed3af50_0 .net "rd", 4 0, L_0x55afaed4c860;  1 drivers
v0x55afaed3b030_0 .net "rd_addr1", 4 0, L_0x55afaed4d030;  1 drivers
v0x55afaed3b0f0_0 .net "rd_addr2", 4 0, L_0x55afaeba5980;  1 drivers
v0x55afaed3b190_0 .net "rd_data1", 31 0, v0x55afaed354c0_0;  1 drivers
v0x55afaed3b260_0 .net "rd_data2", 31 0, v0x55afaed355f0_0;  1 drivers
v0x55afaed3b330_0 .net "rs", 4 0, L_0x55afaed4c600;  1 drivers
v0x55afaed3b400_0 .net "rst", 0 0, v0x55afaed3be10_0;  1 drivers
v0x55afaed3b4f0_0 .net "rt", 4 0, L_0x55afaed4c770;  1 drivers
v0x55afaed3b5b0_0 .net "shamt", 4 0, L_0x55afaed4c9d0;  1 drivers
v0x55afaed3b670_0 .var "wr_addr", 4 0;
v0x55afaed3b730_0 .var "wr_data", 31 0;
E_0x55afaeb77700/0 .event anyedge, v0x55afaeb27cb0_0, v0x55afaed38500_0, v0x55afaeb9b660_0, v0x55afaed38e80_0;
E_0x55afaeb77700/1 .event anyedge, v0x55afaed39f20_0;
E_0x55afaeb77700 .event/or E_0x55afaeb77700/0, E_0x55afaeb77700/1;
E_0x55afaeb76960/0 .event anyedge, v0x55afaeb9a860_0, v0x55afaed3a8f0_0, v0x55afaed3ab70_0, v0x55afaed3a740_0;
E_0x55afaeb76960/1 .event anyedge, v0x55afaed3aa90_0, v0x55afaed3a9b0_0;
E_0x55afaeb76960 .event/or E_0x55afaeb76960/0, E_0x55afaeb76960/1;
L_0x55afaed3c1f0 .cmp/ge 3, v0x55afaed38aa0_0, L_0x7ff65f41d018;
L_0x55afaed4c320 .arith/sum 32, v0x55afaed36770_0, L_0x7ff65f41d060;
L_0x55afaed4c510 .part v0x55afaed3a000_0, 26, 6;
L_0x55afaed4c600 .part v0x55afaed3a000_0, 21, 5;
L_0x55afaed4c770 .part v0x55afaed3a000_0, 16, 5;
L_0x55afaed4c860 .part v0x55afaed3a000_0, 11, 5;
L_0x55afaed4c9d0 .part v0x55afaed3a000_0, 6, 5;
L_0x55afaed4ca70 .part v0x55afaed3a000_0, 0, 6;
L_0x55afaed4cb60 .part v0x55afaed3a000_0, 0, 16;
L_0x55afaed4cc00 .part v0x55afaed3a000_0, 0, 26;
L_0x55afaed4cd00 .part L_0x55afaed4cb60, 15, 1;
LS_0x55afaed4cda0_0_0 .concat [ 1 1 1 1], L_0x55afaed4cd00, L_0x55afaed4cd00, L_0x55afaed4cd00, L_0x55afaed4cd00;
LS_0x55afaed4cda0_0_4 .concat [ 1 1 1 1], L_0x55afaed4cd00, L_0x55afaed4cd00, L_0x55afaed4cd00, L_0x55afaed4cd00;
LS_0x55afaed4cda0_0_8 .concat [ 1 1 1 1], L_0x55afaed4cd00, L_0x55afaed4cd00, L_0x55afaed4cd00, L_0x55afaed4cd00;
LS_0x55afaed4cda0_0_12 .concat [ 1 1 1 1], L_0x55afaed4cd00, L_0x55afaed4cd00, L_0x55afaed4cd00, L_0x55afaed4cd00;
L_0x55afaed4cda0 .concat [ 4 4 4 4], LS_0x55afaed4cda0_0_0, LS_0x55afaed4cda0_0_4, LS_0x55afaed4cda0_0_8, LS_0x55afaed4cda0_0_12;
L_0x55afaed4d0a0 .concat [ 16 16 0 0], L_0x55afaed4cb60, L_0x55afaed4cda0;
L_0x55afaed4d140 .concat [ 16 16 0 0], L_0x55afaed4cb60, L_0x7ff65f41d0a8;
L_0x55afaed4d260 .functor MUXZ 32, L_0x55afaed4d140, L_0x55afaed4d0a0, v0x55afaeb269d0_0, C4<>;
L_0x55afaed4d490 .cmp/eq 6, L_0x55afaed4c510, L_0x7ff65f41d0f0;
L_0x55afaed4d660 .cmp/eq 6, L_0x55afaed4c510, L_0x7ff65f41d138;
L_0x55afaed4dac0 .part v0x55afaed3a0e0_0, 28, 4;
L_0x55afaed4dc00 .concat [ 2 26 4 0], L_0x7ff65f41d180, L_0x55afaed4cc00, L_0x55afaed4dac0;
L_0x55afaed4dd90 .functor MUXZ 32, L_0x55afaed4dc00, v0x55afaed354c0_0, L_0x55afaeb6eac0, C4<>;
L_0x55afaed4db60 .functor MUXZ 32, v0x55afaed39a50_0, v0x55afaed396d0_0, v0x55afaed39100_0, C4<>;
L_0x55afaed4e090 .part v0x55afaed396d0_0, 0, 30;
L_0x55afaed4e240 .concat [ 2 30 0 0], L_0x7ff65f41d1c8, L_0x55afaed4e090;
L_0x55afaed4e380 .arith/sum 32, v0x55afaed397b0_0, L_0x55afaed4e240;
L_0x55afaed4e5b0 .functor MUXZ 5, v0x55afaed39c10_0, v0x55afaed39890_0, v0x55afaed39480_0, C4<>;
L_0x55afaed4e6a0 .functor MUXZ 5, L_0x55afaed4e5b0, L_0x7ff65f41d210, v0x55afaed39610_0, C4<>;
L_0x55afaed4ea70 .part v0x55afaed38420_0, 0, 1;
S_0x55afaeb9bb70 .scope module, "alu" "ALU" 3 462, 4 5 0, S_0x55afaeb99310;
 .timescale -9 -12;
    .port_info 0 /INPUT 32 "operand1";
    .port_info 1 /INPUT 32 "operand2";
    .port_info 2 /INPUT 5 "shamt";
    .port_info 3 /INPUT 4 "funct";
    .port_info 4 /OUTPUT 32 "alu_result";
v0x55afaec10a60_0 .var "alu_result", 31 0;
v0x55afaecc05e0_0 .net "funct", 3 0, v0x55afaed39030_0;  1 drivers
v0x55afaeba5aa0_0 .net "operand1", 31 0, L_0x55afaed4df80;  alias, 1 drivers
v0x55afaec78620_0 .net "operand2", 31 0, L_0x55afaed4db60;  alias, 1 drivers
v0x55afaeb57500_0 .net "shamt", 4 0, v0x55afaed39cd0_0;  1 drivers
E_0x55afaeb3c7e0 .event anyedge, v0x55afaecc05e0_0, v0x55afaeba5aa0_0, v0x55afaec78620_0, v0x55afaeb57500_0;
S_0x55afaeb9bf50 .scope module, "ctrl" "CTRL" 3 407, 5 6 0, S_0x55afaeb99310;
 .timescale -9 -12;
    .port_info 0 /INPUT 6 "opcode";
    .port_info 1 /INPUT 6 "funct";
    .port_info 2 /OUTPUT 1 "RegDst";
    .port_info 3 /OUTPUT 1 "Branch";
    .port_info 4 /OUTPUT 1 "JR";
    .port_info 5 /OUTPUT 1 "MemRead";
    .port_info 6 /OUTPUT 1 "MemtoReg";
    .port_info 7 /OUTPUT 1 "MemWrite";
    .port_info 8 /OUTPUT 1 "ALUSrc";
    .port_info 9 /OUTPUT 1 "SignExtend";
    .port_info 10 /OUTPUT 1 "RegWrite";
    .port_info 11 /OUTPUT 4 "ALUOp";
    .port_info 12 /OUTPUT 1 "SavePC";
v0x55afaeb82fd0_0 .var "ALUOp", 3 0;
v0x55afaeb26bc0_0 .var "ALUSrc", 0 0;
v0x55afaeb285a0_0 .var "Branch", 0 0;
v0x55afaeb28640_0 .var "JR", 0 0;
v0x55afaeb9ceb0_0 .var "MemRead", 0 0;
v0x55afaeb996a0_0 .var "MemWrite", 0 0;
v0x55afaeb99760_0 .var "MemtoReg", 0 0;
v0x55afaeb94250_0 .var "RegDst", 0 0;
v0x55afaeb94310_0 .var "RegWrite", 0 0;
v0x55afaeb26910_0 .var "SavePC", 0 0;
v0x55afaeb269d0_0 .var "SignExtend", 0 0;
v0x55afaeb97040_0 .net "funct", 5 0, L_0x55afaed4ca70;  alias, 1 drivers
v0x55afaeb97120_0 .net "opcode", 5 0, L_0x55afaed4c510;  alias, 1 drivers
E_0x55afaeb89090 .event anyedge, v0x55afaeb97120_0, v0x55afaeb97040_0;
S_0x55afaeb91e50 .scope module, "hazard" "HAZARD" 3 474, 6 8 0, S_0x55afaeb99310;
 .timescale -9 -12;
    .port_info 0 /INPUT 5 "ifid_rs";
    .port_info 1 /INPUT 5 "ifid_rt";
    .port_info 2 /INPUT 5 "idex_rt";
    .port_info 3 /INPUT 1 "idex_MemRead";
    .port_info 4 /INPUT 1 "idex_RegWrite";
    .port_info 5 /INPUT 5 "idex_wr_addr";
    .port_info 6 /INPUT 1 "exmem_RegWrite";
    .port_info 7 /INPUT 5 "exmem_wr_addr";
    .port_info 8 /INPUT 1 "memwb_RegWrite";
    .port_info 9 /INPUT 5 "memwb_wr_addr";
    .port_info 10 /INPUT 1 "branch_taken";
    .port_info 11 /INPUT 1 "jump_taken";
    .port_info 12 /OUTPUT 1 "PCWrite";
    .port_info 13 /OUTPUT 1 "IFIDWrite";
    .port_info 14 /OUTPUT 1 "IDEX_bubble";
    .port_info 15 /OUTPUT 1 "IFID_flush";
L_0x55afaed4f1b0 .functor AND 1, v0x55afaed39540_0, L_0x55afaed4f110, C4<1>, C4<1>;
L_0x55afaed4f220 .functor OR 1, L_0x55afaed4ee20, L_0x55afaed4eec0, C4<0>, C4<0>;
L_0x55afaed4f2e0 .functor AND 1, L_0x55afaed4f1b0, L_0x55afaed4f220, C4<1>, C4<1>;
L_0x55afaed4f720 .functor AND 1, v0x55afaed38290_0, L_0x55afaed4f5b0, C4<1>, C4<1>;
L_0x55afaed4f830 .functor OR 1, L_0x55afaed4f3f0, L_0x55afaed4f510, C4<0>, C4<0>;
L_0x55afaed4f940 .functor AND 1, L_0x55afaed4f720, L_0x55afaed4f830, C4<1>, C4<1>;
L_0x55afaed4fa90 .functor OR 1, L_0x55afaed4f2e0, L_0x55afaed4f940, C4<0>, C4<0>;
v0x55afaeb96860_0 .var "IDEX_bubble", 0 0;
v0x55afaeb96940_0 .var "IFIDWrite", 0 0;
v0x55afaeb911e0_0 .var "IFID_flush", 0 0;
v0x55afaeb912a0_0 .var "PCWrite", 0 0;
v0x55afaeb283b0_0 .net *"_ivl_11", 0 0, L_0x55afaed4f220;  1 drivers
L_0x7ff65f41d2a0 .functor BUFT 1, C4<00000>, C4<0>, C4<0>, C4<0>;
v0x55afaeb28470_0 .net/2u *"_ivl_18", 4 0, L_0x7ff65f41d2a0;  1 drivers
v0x55afaeb281c0_0 .net *"_ivl_20", 0 0, L_0x55afaed4f5b0;  1 drivers
v0x55afaeb28280_0 .net *"_ivl_23", 0 0, L_0x55afaed4f720;  1 drivers
v0x55afaeb27fd0_0 .net *"_ivl_25", 0 0, L_0x55afaed4f830;  1 drivers
L_0x7ff65f41d258 .functor BUFT 1, C4<00000>, C4<0>, C4<0>, C4<0>;
v0x55afaeb27de0_0 .net/2u *"_ivl_4", 4 0, L_0x7ff65f41d258;  1 drivers
v0x55afaeb27ec0_0 .net *"_ivl_6", 0 0, L_0x55afaed4f110;  1 drivers
v0x55afaeb27bf0_0 .net *"_ivl_9", 0 0, L_0x55afaed4f1b0;  1 drivers
v0x55afaeb27cb0_0 .net "branch_taken", 0 0, L_0x55afaed4eb60;  alias, 1 drivers
v0x55afaeb27a00_0 .net "data_hazard", 0 0, L_0x55afaed4fa90;  1 drivers
v0x55afaeb27ac0_0 .net "exmem_RegWrite", 0 0, v0x55afaed38290_0;  1 drivers
v0x55afaeb27810_0 .net "exmem_hazard", 0 0, L_0x55afaed4f940;  1 drivers
v0x55afaeb278d0_0 .net "exmem_use_rs", 0 0, L_0x55afaed4f3f0;  1 drivers
v0x55afaeb27620_0 .net "exmem_use_rt", 0 0, L_0x55afaed4f510;  1 drivers
v0x55afaeb276e0_0 .net "exmem_wr_addr", 4 0, v0x55afaed387a0_0;  1 drivers
v0x55afaeb27430_0 .net "idex_MemRead", 0 0, v0x55afaed39280_0;  1 drivers
v0x55afaeb274f0_0 .net "idex_RegWrite", 0 0, v0x55afaed39540_0;  1 drivers
v0x55afaeb27240_0 .net "idex_hazard", 0 0, L_0x55afaed4f2e0;  1 drivers
v0x55afaeb27300_0 .net "idex_rt", 4 0, v0x55afaed39c10_0;  1 drivers
v0x55afaeb27050_0 .net "idex_use_rs", 0 0, L_0x55afaed4ee20;  1 drivers
v0x55afaeb27110_0 .net "idex_use_rt", 0 0, L_0x55afaed4eec0;  1 drivers
v0x55afaeb9c750_0 .net "idex_wr_addr", 4 0, L_0x55afaed4e6a0;  alias, 1 drivers
v0x55afaeb9c830_0 .net "ifid_rs", 4 0, L_0x55afaed4c600;  alias, 1 drivers
v0x55afaeb9b580_0 .net "ifid_rt", 4 0, L_0x55afaed4c770;  alias, 1 drivers
v0x55afaeb9b660_0 .net "jump_taken", 0 0, L_0x55afaed4d920;  alias, 1 drivers
v0x55afaeb9a7a0_0 .net "memwb_RegWrite", 0 0, v0x55afaed3a800_0;  1 drivers
v0x55afaeb9a860_0 .net "memwb_wr_addr", 4 0, v0x55afaed3ac50_0;  1 drivers
E_0x55afaeb8a240 .event anyedge, v0x55afaeb27cb0_0, v0x55afaeb9b660_0;
E_0x55afaec76ec0 .event anyedge, v0x55afaeb27a00_0;
L_0x55afaed4ee20 .cmp/eq 5, L_0x55afaed4e6a0, L_0x55afaed4c600;
L_0x55afaed4eec0 .cmp/eq 5, L_0x55afaed4e6a0, L_0x55afaed4c770;
L_0x55afaed4f110 .cmp/ne 5, L_0x55afaed4e6a0, L_0x7ff65f41d258;
L_0x55afaed4f3f0 .cmp/eq 5, v0x55afaed387a0_0, L_0x55afaed4c600;
L_0x55afaed4f510 .cmp/eq 5, v0x55afaed387a0_0, L_0x55afaed4c770;
L_0x55afaed4f5b0 .cmp/ne 5, v0x55afaed387a0_0, L_0x7ff65f41d2a0;
S_0x55afaeb98de0 .scope module, "mem" "MEM" 3 448, 7 3 0, S_0x55afaeb99310;
 .timescale -9 -12;
    .port_info 0 /INPUT 1 "clk";
    .port_info 1 /INPUT 1 "rst";
    .port_info 2 /INPUT 32 "inst_addr";
    .port_info 3 /OUTPUT 32 "inst";
    .port_info 4 /INPUT 32 "mem_addr";
    .port_info 5 /INPUT 1 "MemWrite";
    .port_info 6 /INPUT 32 "mem_write_data";
    .port_info 7 /OUTPUT 32 "mem_read_data";
v0x55afaeb97c90_0 .net "MemWrite", 0 0, v0x55afaed38150_0;  1 drivers
v0x55afaeb97d70_0 .net "clk", 0 0, v0x55afaed3b940_0;  alias, 1 drivers
v0x55afaeb959a0_0 .var "inst", 31 0;
v0x55afaeb95a60_0 .net "inst_addr", 31 0, L_0x55afaec10900;  alias, 1 drivers
v0x55afaeb93e10_0 .net "mem_addr", 31 0, L_0x55afaed4e420;  alias, 1 drivers
v0x55afaeb939d0_0 .var "mem_read_data", 31 0;
v0x55afaeb93ab0_0 .net "mem_write_data", 31 0, L_0x55afaed4e9b0;  alias, 1 drivers
v0x55afaeb93590 .array "memory", 8191 0, 31 0;
v0x55afaed34be0_0 .net "rst", 0 0, v0x55afaed3be10_0;  alias, 1 drivers
E_0x55afaeb76e10 .event posedge, v0x55afaeb97d70_0;
v0x55afaeb93590_0 .array/port v0x55afaeb93590, 0;
v0x55afaeb93590_1 .array/port v0x55afaeb93590, 1;
v0x55afaeb93590_2 .array/port v0x55afaeb93590, 2;
E_0x55afaeb77280/0 .event anyedge, v0x55afaeb95a60_0, v0x55afaeb93590_0, v0x55afaeb93590_1, v0x55afaeb93590_2;
v0x55afaeb93590_3 .array/port v0x55afaeb93590, 3;
v0x55afaeb93590_4 .array/port v0x55afaeb93590, 4;
v0x55afaeb93590_5 .array/port v0x55afaeb93590, 5;
v0x55afaeb93590_6 .array/port v0x55afaeb93590, 6;
E_0x55afaeb77280/1 .event anyedge, v0x55afaeb93590_3, v0x55afaeb93590_4, v0x55afaeb93590_5, v0x55afaeb93590_6;
v0x55afaeb93590_7 .array/port v0x55afaeb93590, 7;
v0x55afaeb93590_8 .array/port v0x55afaeb93590, 8;
v0x55afaeb93590_9 .array/port v0x55afaeb93590, 9;
v0x55afaeb93590_10 .array/port v0x55afaeb93590, 10;
E_0x55afaeb77280/2 .event anyedge, v0x55afaeb93590_7, v0x55afaeb93590_8, v0x55afaeb93590_9, v0x55afaeb93590_10;
v0x55afaeb93590_11 .array/port v0x55afaeb93590, 11;
v0x55afaeb93590_12 .array/port v0x55afaeb93590, 12;
v0x55afaeb93590_13 .array/port v0x55afaeb93590, 13;
v0x55afaeb93590_14 .array/port v0x55afaeb93590, 14;
E_0x55afaeb77280/3 .event anyedge, v0x55afaeb93590_11, v0x55afaeb93590_12, v0x55afaeb93590_13, v0x55afaeb93590_14;
v0x55afaeb93590_15 .array/port v0x55afaeb93590, 15;
v0x55afaeb93590_16 .array/port v0x55afaeb93590, 16;
v0x55afaeb93590_17 .array/port v0x55afaeb93590, 17;
v0x55afaeb93590_18 .array/port v0x55afaeb93590, 18;
E_0x55afaeb77280/4 .event anyedge, v0x55afaeb93590_15, v0x55afaeb93590_16, v0x55afaeb93590_17, v0x55afaeb93590_18;
v0x55afaeb93590_19 .array/port v0x55afaeb93590, 19;
v0x55afaeb93590_20 .array/port v0x55afaeb93590, 20;
v0x55afaeb93590_21 .array/port v0x55afaeb93590, 21;
v0x55afaeb93590_22 .array/port v0x55afaeb93590, 22;
E_0x55afaeb77280/5 .event anyedge, v0x55afaeb93590_19, v0x55afaeb93590_20, v0x55afaeb93590_21, v0x55afaeb93590_22;
v0x55afaeb93590_23 .array/port v0x55afaeb93590, 23;
v0x55afaeb93590_24 .array/port v0x55afaeb93590, 24;
v0x55afaeb93590_25 .array/port v0x55afaeb93590, 25;
v0x55afaeb93590_26 .array/port v0x55afaeb93590, 26;
E_0x55afaeb77280/6 .event anyedge, v0x55afaeb93590_23, v0x55afaeb93590_24, v0x55afaeb93590_25, v0x55afaeb93590_26;
v0x55afaeb93590_27 .array/port v0x55afaeb93590, 27;
v0x55afaeb93590_28 .array/port v0x55afaeb93590, 28;
v0x55afaeb93590_29 .array/port v0x55afaeb93590, 29;
v0x55afaeb93590_30 .array/port v0x55afaeb93590, 30;
E_0x55afaeb77280/7 .event anyedge, v0x55afaeb93590_27, v0x55afaeb93590_28, v0x55afaeb93590_29, v0x55afaeb93590_30;
v0x55afaeb93590_31 .array/port v0x55afaeb93590, 31;
v0x55afaeb93590_32 .array/port v0x55afaeb93590, 32;
v0x55afaeb93590_33 .array/port v0x55afaeb93590, 33;
v0x55afaeb93590_34 .array/port v0x55afaeb93590, 34;
E_0x55afaeb77280/8 .event anyedge, v0x55afaeb93590_31, v0x55afaeb93590_32, v0x55afaeb93590_33, v0x55afaeb93590_34;
v0x55afaeb93590_35 .array/port v0x55afaeb93590, 35;
v0x55afaeb93590_36 .array/port v0x55afaeb93590, 36;
v0x55afaeb93590_37 .array/port v0x55afaeb93590, 37;
v0x55afaeb93590_38 .array/port v0x55afaeb93590, 38;
E_0x55afaeb77280/9 .event anyedge, v0x55afaeb93590_35, v0x55afaeb93590_36, v0x55afaeb93590_37, v0x55afaeb93590_38;
v0x55afaeb93590_39 .array/port v0x55afaeb93590, 39;
v0x55afaeb93590_40 .array/port v0x55afaeb93590, 40;
v0x55afaeb93590_41 .array/port v0x55afaeb93590, 41;
v0x55afaeb93590_42 .array/port v0x55afaeb93590, 42;
E_0x55afaeb77280/10 .event anyedge, v0x55afaeb93590_39, v0x55afaeb93590_40, v0x55afaeb93590_41, v0x55afaeb93590_42;
v0x55afaeb93590_43 .array/port v0x55afaeb93590, 43;
v0x55afaeb93590_44 .array/port v0x55afaeb93590, 44;
v0x55afaeb93590_45 .array/port v0x55afaeb93590, 45;
v0x55afaeb93590_46 .array/port v0x55afaeb93590, 46;
E_0x55afaeb77280/11 .event anyedge, v0x55afaeb93590_43, v0x55afaeb93590_44, v0x55afaeb93590_45, v0x55afaeb93590_46;
v0x55afaeb93590_47 .array/port v0x55afaeb93590, 47;
v0x55afaeb93590_48 .array/port v0x55afaeb93590, 48;
v0x55afaeb93590_49 .array/port v0x55afaeb93590, 49;
v0x55afaeb93590_50 .array/port v0x55afaeb93590, 50;
E_0x55afaeb77280/12 .event anyedge, v0x55afaeb93590_47, v0x55afaeb93590_48, v0x55afaeb93590_49, v0x55afaeb93590_50;
v0x55afaeb93590_51 .array/port v0x55afaeb93590, 51;
v0x55afaeb93590_52 .array/port v0x55afaeb93590, 52;
v0x55afaeb93590_53 .array/port v0x55afaeb93590, 53;
v0x55afaeb93590_54 .array/port v0x55afaeb93590, 54;
E_0x55afaeb77280/13 .event anyedge, v0x55afaeb93590_51, v0x55afaeb93590_52, v0x55afaeb93590_53, v0x55afaeb93590_54;
v0x55afaeb93590_55 .array/port v0x55afaeb93590, 55;
v0x55afaeb93590_56 .array/port v0x55afaeb93590, 56;
v0x55afaeb93590_57 .array/port v0x55afaeb93590, 57;
v0x55afaeb93590_58 .array/port v0x55afaeb93590, 58;
E_0x55afaeb77280/14 .event anyedge, v0x55afaeb93590_55, v0x55afaeb93590_56, v0x55afaeb93590_57, v0x55afaeb93590_58;
v0x55afaeb93590_59 .array/port v0x55afaeb93590, 59;
v0x55afaeb93590_60 .array/port v0x55afaeb93590, 60;
v0x55afaeb93590_61 .array/port v0x55afaeb93590, 61;
v0x55afaeb93590_62 .array/port v0x55afaeb93590, 62;
E_0x55afaeb77280/15 .event anyedge, v0x55afaeb93590_59, v0x55afaeb93590_60, v0x55afaeb93590_61, v0x55afaeb93590_62;
v0x55afaeb93590_63 .array/port v0x55afaeb93590, 63;
v0x55afaeb93590_64 .array/port v0x55afaeb93590, 64;
v0x55afaeb93590_65 .array/port v0x55afaeb93590, 65;
v0x55afaeb93590_66 .array/port v0x55afaeb93590, 66;
E_0x55afaeb77280/16 .event anyedge, v0x55afaeb93590_63, v0x55afaeb93590_64, v0x55afaeb93590_65, v0x55afaeb93590_66;
v0x55afaeb93590_67 .array/port v0x55afaeb93590, 67;
v0x55afaeb93590_68 .array/port v0x55afaeb93590, 68;
v0x55afaeb93590_69 .array/port v0x55afaeb93590, 69;
v0x55afaeb93590_70 .array/port v0x55afaeb93590, 70;
E_0x55afaeb77280/17 .event anyedge, v0x55afaeb93590_67, v0x55afaeb93590_68, v0x55afaeb93590_69, v0x55afaeb93590_70;
v0x55afaeb93590_71 .array/port v0x55afaeb93590, 71;
v0x55afaeb93590_72 .array/port v0x55afaeb93590, 72;
v0x55afaeb93590_73 .array/port v0x55afaeb93590, 73;
v0x55afaeb93590_74 .array/port v0x55afaeb93590, 74;
E_0x55afaeb77280/18 .event anyedge, v0x55afaeb93590_71, v0x55afaeb93590_72, v0x55afaeb93590_73, v0x55afaeb93590_74;
v0x55afaeb93590_75 .array/port v0x55afaeb93590, 75;
v0x55afaeb93590_76 .array/port v0x55afaeb93590, 76;
v0x55afaeb93590_77 .array/port v0x55afaeb93590, 77;
v0x55afaeb93590_78 .array/port v0x55afaeb93590, 78;
E_0x55afaeb77280/19 .event anyedge, v0x55afaeb93590_75, v0x55afaeb93590_76, v0x55afaeb93590_77, v0x55afaeb93590_78;
v0x55afaeb93590_79 .array/port v0x55afaeb93590, 79;
v0x55afaeb93590_80 .array/port v0x55afaeb93590, 80;
v0x55afaeb93590_81 .array/port v0x55afaeb93590, 81;
v0x55afaeb93590_82 .array/port v0x55afaeb93590, 82;
E_0x55afaeb77280/20 .event anyedge, v0x55afaeb93590_79, v0x55afaeb93590_80, v0x55afaeb93590_81, v0x55afaeb93590_82;
v0x55afaeb93590_83 .array/port v0x55afaeb93590, 83;
v0x55afaeb93590_84 .array/port v0x55afaeb93590, 84;
v0x55afaeb93590_85 .array/port v0x55afaeb93590, 85;
v0x55afaeb93590_86 .array/port v0x55afaeb93590, 86;
E_0x55afaeb77280/21 .event anyedge, v0x55afaeb93590_83, v0x55afaeb93590_84, v0x55afaeb93590_85, v0x55afaeb93590_86;
v0x55afaeb93590_87 .array/port v0x55afaeb93590, 87;
v0x55afaeb93590_88 .array/port v0x55afaeb93590, 88;
v0x55afaeb93590_89 .array/port v0x55afaeb93590, 89;
v0x55afaeb93590_90 .array/port v0x55afaeb93590, 90;
E_0x55afaeb77280/22 .event anyedge, v0x55afaeb93590_87, v0x55afaeb93590_88, v0x55afaeb93590_89, v0x55afaeb93590_90;
v0x55afaeb93590_91 .array/port v0x55afaeb93590, 91;
v0x55afaeb93590_92 .array/port v0x55afaeb93590, 92;
v0x55afaeb93590_93 .array/port v0x55afaeb93590, 93;
v0x55afaeb93590_94 .array/port v0x55afaeb93590, 94;
E_0x55afaeb77280/23 .event anyedge, v0x55afaeb93590_91, v0x55afaeb93590_92, v0x55afaeb93590_93, v0x55afaeb93590_94;
v0x55afaeb93590_95 .array/port v0x55afaeb93590, 95;
v0x55afaeb93590_96 .array/port v0x55afaeb93590, 96;
v0x55afaeb93590_97 .array/port v0x55afaeb93590, 97;
v0x55afaeb93590_98 .array/port v0x55afaeb93590, 98;
E_0x55afaeb77280/24 .event anyedge, v0x55afaeb93590_95, v0x55afaeb93590_96, v0x55afaeb93590_97, v0x55afaeb93590_98;
v0x55afaeb93590_99 .array/port v0x55afaeb93590, 99;
v0x55afaeb93590_100 .array/port v0x55afaeb93590, 100;
v0x55afaeb93590_101 .array/port v0x55afaeb93590, 101;
v0x55afaeb93590_102 .array/port v0x55afaeb93590, 102;
E_0x55afaeb77280/25 .event anyedge, v0x55afaeb93590_99, v0x55afaeb93590_100, v0x55afaeb93590_101, v0x55afaeb93590_102;
v0x55afaeb93590_103 .array/port v0x55afaeb93590, 103;
v0x55afaeb93590_104 .array/port v0x55afaeb93590, 104;
v0x55afaeb93590_105 .array/port v0x55afaeb93590, 105;
v0x55afaeb93590_106 .array/port v0x55afaeb93590, 106;
E_0x55afaeb77280/26 .event anyedge, v0x55afaeb93590_103, v0x55afaeb93590_104, v0x55afaeb93590_105, v0x55afaeb93590_106;
v0x55afaeb93590_107 .array/port v0x55afaeb93590, 107;
v0x55afaeb93590_108 .array/port v0x55afaeb93590, 108;
v0x55afaeb93590_109 .array/port v0x55afaeb93590, 109;
v0x55afaeb93590_110 .array/port v0x55afaeb93590, 110;
E_0x55afaeb77280/27 .event anyedge, v0x55afaeb93590_107, v0x55afaeb93590_108, v0x55afaeb93590_109, v0x55afaeb93590_110;
v0x55afaeb93590_111 .array/port v0x55afaeb93590, 111;
v0x55afaeb93590_112 .array/port v0x55afaeb93590, 112;
v0x55afaeb93590_113 .array/port v0x55afaeb93590, 113;
v0x55afaeb93590_114 .array/port v0x55afaeb93590, 114;
E_0x55afaeb77280/28 .event anyedge, v0x55afaeb93590_111, v0x55afaeb93590_112, v0x55afaeb93590_113, v0x55afaeb93590_114;
v0x55afaeb93590_115 .array/port v0x55afaeb93590, 115;
v0x55afaeb93590_116 .array/port v0x55afaeb93590, 116;
v0x55afaeb93590_117 .array/port v0x55afaeb93590, 117;
v0x55afaeb93590_118 .array/port v0x55afaeb93590, 118;
E_0x55afaeb77280/29 .event anyedge, v0x55afaeb93590_115, v0x55afaeb93590_116, v0x55afaeb93590_117, v0x55afaeb93590_118;
v0x55afaeb93590_119 .array/port v0x55afaeb93590, 119;
v0x55afaeb93590_120 .array/port v0x55afaeb93590, 120;
v0x55afaeb93590_121 .array/port v0x55afaeb93590, 121;
v0x55afaeb93590_122 .array/port v0x55afaeb93590, 122;
E_0x55afaeb77280/30 .event anyedge, v0x55afaeb93590_119, v0x55afaeb93590_120, v0x55afaeb93590_121, v0x55afaeb93590_122;
v0x55afaeb93590_123 .array/port v0x55afaeb93590, 123;
v0x55afaeb93590_124 .array/port v0x55afaeb93590, 124;
v0x55afaeb93590_125 .array/port v0x55afaeb93590, 125;
v0x55afaeb93590_126 .array/port v0x55afaeb93590, 126;
E_0x55afaeb77280/31 .event anyedge, v0x55afaeb93590_123, v0x55afaeb93590_124, v0x55afaeb93590_125, v0x55afaeb93590_126;
v0x55afaeb93590_127 .array/port v0x55afaeb93590, 127;
v0x55afaeb93590_128 .array/port v0x55afaeb93590, 128;
v0x55afaeb93590_129 .array/port v0x55afaeb93590, 129;
v0x55afaeb93590_130 .array/port v0x55afaeb93590, 130;
E_0x55afaeb77280/32 .event anyedge, v0x55afaeb93590_127, v0x55afaeb93590_128, v0x55afaeb93590_129, v0x55afaeb93590_130;
v0x55afaeb93590_131 .array/port v0x55afaeb93590, 131;
v0x55afaeb93590_132 .array/port v0x55afaeb93590, 132;
v0x55afaeb93590_133 .array/port v0x55afaeb93590, 133;
v0x55afaeb93590_134 .array/port v0x55afaeb93590, 134;
E_0x55afaeb77280/33 .event anyedge, v0x55afaeb93590_131, v0x55afaeb93590_132, v0x55afaeb93590_133, v0x55afaeb93590_134;
v0x55afaeb93590_135 .array/port v0x55afaeb93590, 135;
v0x55afaeb93590_136 .array/port v0x55afaeb93590, 136;
v0x55afaeb93590_137 .array/port v0x55afaeb93590, 137;
v0x55afaeb93590_138 .array/port v0x55afaeb93590, 138;
E_0x55afaeb77280/34 .event anyedge, v0x55afaeb93590_135, v0x55afaeb93590_136, v0x55afaeb93590_137, v0x55afaeb93590_138;
v0x55afaeb93590_139 .array/port v0x55afaeb93590, 139;
v0x55afaeb93590_140 .array/port v0x55afaeb93590, 140;
v0x55afaeb93590_141 .array/port v0x55afaeb93590, 141;
v0x55afaeb93590_142 .array/port v0x55afaeb93590, 142;
E_0x55afaeb77280/35 .event anyedge, v0x55afaeb93590_139, v0x55afaeb93590_140, v0x55afaeb93590_141, v0x55afaeb93590_142;
v0x55afaeb93590_143 .array/port v0x55afaeb93590, 143;
v0x55afaeb93590_144 .array/port v0x55afaeb93590, 144;
v0x55afaeb93590_145 .array/port v0x55afaeb93590, 145;
v0x55afaeb93590_146 .array/port v0x55afaeb93590, 146;
E_0x55afaeb77280/36 .event anyedge, v0x55afaeb93590_143, v0x55afaeb93590_144, v0x55afaeb93590_145, v0x55afaeb93590_146;
v0x55afaeb93590_147 .array/port v0x55afaeb93590, 147;
v0x55afaeb93590_148 .array/port v0x55afaeb93590, 148;
v0x55afaeb93590_149 .array/port v0x55afaeb93590, 149;
v0x55afaeb93590_150 .array/port v0x55afaeb93590, 150;
E_0x55afaeb77280/37 .event anyedge, v0x55afaeb93590_147, v0x55afaeb93590_148, v0x55afaeb93590_149, v0x55afaeb93590_150;
v0x55afaeb93590_151 .array/port v0x55afaeb93590, 151;
v0x55afaeb93590_152 .array/port v0x55afaeb93590, 152;
v0x55afaeb93590_153 .array/port v0x55afaeb93590, 153;
v0x55afaeb93590_154 .array/port v0x55afaeb93590, 154;
E_0x55afaeb77280/38 .event anyedge, v0x55afaeb93590_151, v0x55afaeb93590_152, v0x55afaeb93590_153, v0x55afaeb93590_154;
v0x55afaeb93590_155 .array/port v0x55afaeb93590, 155;
v0x55afaeb93590_156 .array/port v0x55afaeb93590, 156;
v0x55afaeb93590_157 .array/port v0x55afaeb93590, 157;
v0x55afaeb93590_158 .array/port v0x55afaeb93590, 158;
E_0x55afaeb77280/39 .event anyedge, v0x55afaeb93590_155, v0x55afaeb93590_156, v0x55afaeb93590_157, v0x55afaeb93590_158;
v0x55afaeb93590_159 .array/port v0x55afaeb93590, 159;
v0x55afaeb93590_160 .array/port v0x55afaeb93590, 160;
v0x55afaeb93590_161 .array/port v0x55afaeb93590, 161;
v0x55afaeb93590_162 .array/port v0x55afaeb93590, 162;
E_0x55afaeb77280/40 .event anyedge, v0x55afaeb93590_159, v0x55afaeb93590_160, v0x55afaeb93590_161, v0x55afaeb93590_162;
v0x55afaeb93590_163 .array/port v0x55afaeb93590, 163;
v0x55afaeb93590_164 .array/port v0x55afaeb93590, 164;
v0x55afaeb93590_165 .array/port v0x55afaeb93590, 165;
v0x55afaeb93590_166 .array/port v0x55afaeb93590, 166;
E_0x55afaeb77280/41 .event anyedge, v0x55afaeb93590_163, v0x55afaeb93590_164, v0x55afaeb93590_165, v0x55afaeb93590_166;
v0x55afaeb93590_167 .array/port v0x55afaeb93590, 167;
v0x55afaeb93590_168 .array/port v0x55afaeb93590, 168;
v0x55afaeb93590_169 .array/port v0x55afaeb93590, 169;
v0x55afaeb93590_170 .array/port v0x55afaeb93590, 170;
E_0x55afaeb77280/42 .event anyedge, v0x55afaeb93590_167, v0x55afaeb93590_168, v0x55afaeb93590_169, v0x55afaeb93590_170;
v0x55afaeb93590_171 .array/port v0x55afaeb93590, 171;
v0x55afaeb93590_172 .array/port v0x55afaeb93590, 172;
v0x55afaeb93590_173 .array/port v0x55afaeb93590, 173;
v0x55afaeb93590_174 .array/port v0x55afaeb93590, 174;
E_0x55afaeb77280/43 .event anyedge, v0x55afaeb93590_171, v0x55afaeb93590_172, v0x55afaeb93590_173, v0x55afaeb93590_174;
v0x55afaeb93590_175 .array/port v0x55afaeb93590, 175;
v0x55afaeb93590_176 .array/port v0x55afaeb93590, 176;
v0x55afaeb93590_177 .array/port v0x55afaeb93590, 177;
v0x55afaeb93590_178 .array/port v0x55afaeb93590, 178;
E_0x55afaeb77280/44 .event anyedge, v0x55afaeb93590_175, v0x55afaeb93590_176, v0x55afaeb93590_177, v0x55afaeb93590_178;
v0x55afaeb93590_179 .array/port v0x55afaeb93590, 179;
v0x55afaeb93590_180 .array/port v0x55afaeb93590, 180;
v0x55afaeb93590_181 .array/port v0x55afaeb93590, 181;
v0x55afaeb93590_182 .array/port v0x55afaeb93590, 182;
E_0x55afaeb77280/45 .event anyedge, v0x55afaeb93590_179, v0x55afaeb93590_180, v0x55afaeb93590_181, v0x55afaeb93590_182;
v0x55afaeb93590_183 .array/port v0x55afaeb93590, 183;
v0x55afaeb93590_184 .array/port v0x55afaeb93590, 184;
v0x55afaeb93590_185 .array/port v0x55afaeb93590, 185;
v0x55afaeb93590_186 .array/port v0x55afaeb93590, 186;
E_0x55afaeb77280/46 .event anyedge, v0x55afaeb93590_183, v0x55afaeb93590_184, v0x55afaeb93590_185, v0x55afaeb93590_186;
v0x55afaeb93590_187 .array/port v0x55afaeb93590, 187;
v0x55afaeb93590_188 .array/port v0x55afaeb93590, 188;
v0x55afaeb93590_189 .array/port v0x55afaeb93590, 189;
v0x55afaeb93590_190 .array/port v0x55afaeb93590, 190;
E_0x55afaeb77280/47 .event anyedge, v0x55afaeb93590_187, v0x55afaeb93590_188, v0x55afaeb93590_189, v0x55afaeb93590_190;
v0x55afaeb93590_191 .array/port v0x55afaeb93590, 191;
v0x55afaeb93590_192 .array/port v0x55afaeb93590, 192;
v0x55afaeb93590_193 .array/port v0x55afaeb93590, 193;
v0x55afaeb93590_194 .array/port v0x55afaeb93590, 194;
E_0x55afaeb77280/48 .event anyedge, v0x55afaeb93590_191, v0x55afaeb93590_192, v0x55afaeb93590_193, v0x55afaeb93590_194;
v0x55afaeb93590_195 .array/port v0x55afaeb93590, 195;
v0x55afaeb93590_196 .array/port v0x55afaeb93590, 196;
v0x55afaeb93590_197 .array/port v0x55afaeb93590, 197;
v0x55afaeb93590_198 .array/port v0x55afaeb93590, 198;
E_0x55afaeb77280/49 .event anyedge, v0x55afaeb93590_195, v0x55afaeb93590_196, v0x55afaeb93590_197, v0x55afaeb93590_198;
v0x55afaeb93590_199 .array/port v0x55afaeb93590, 199;
v0x55afaeb93590_200 .array/port v0x55afaeb93590, 200;
v0x55afaeb93590_201 .array/port v0x55afaeb93590, 201;
v0x55afaeb93590_202 .array/port v0x55afaeb93590, 202;
E_0x55afaeb77280/50 .event anyedge, v0x55afaeb93590_199, v0x55afaeb93590_200, v0x55afaeb93590_201, v0x55afaeb93590_202;
v0x55afaeb93590_203 .array/port v0x55afaeb93590, 203;
v0x55afaeb93590_204 .array/port v0x55afaeb93590, 204;
v0x55afaeb93590_205 .array/port v0x55afaeb93590, 205;
v0x55afaeb93590_206 .array/port v0x55afaeb93590, 206;
E_0x55afaeb77280/51 .event anyedge, v0x55afaeb93590_203, v0x55afaeb93590_204, v0x55afaeb93590_205, v0x55afaeb93590_206;
v0x55afaeb93590_207 .array/port v0x55afaeb93590, 207;
v0x55afaeb93590_208 .array/port v0x55afaeb93590, 208;
v0x55afaeb93590_209 .array/port v0x55afaeb93590, 209;
v0x55afaeb93590_210 .array/port v0x55afaeb93590, 210;
E_0x55afaeb77280/52 .event anyedge, v0x55afaeb93590_207, v0x55afaeb93590_208, v0x55afaeb93590_209, v0x55afaeb93590_210;
v0x55afaeb93590_211 .array/port v0x55afaeb93590, 211;
v0x55afaeb93590_212 .array/port v0x55afaeb93590, 212;
v0x55afaeb93590_213 .array/port v0x55afaeb93590, 213;
v0x55afaeb93590_214 .array/port v0x55afaeb93590, 214;
E_0x55afaeb77280/53 .event anyedge, v0x55afaeb93590_211, v0x55afaeb93590_212, v0x55afaeb93590_213, v0x55afaeb93590_214;
v0x55afaeb93590_215 .array/port v0x55afaeb93590, 215;
v0x55afaeb93590_216 .array/port v0x55afaeb93590, 216;
v0x55afaeb93590_217 .array/port v0x55afaeb93590, 217;
v0x55afaeb93590_218 .array/port v0x55afaeb93590, 218;
E_0x55afaeb77280/54 .event anyedge, v0x55afaeb93590_215, v0x55afaeb93590_216, v0x55afaeb93590_217, v0x55afaeb93590_218;
v0x55afaeb93590_219 .array/port v0x55afaeb93590, 219;
v0x55afaeb93590_220 .array/port v0x55afaeb93590, 220;
v0x55afaeb93590_221 .array/port v0x55afaeb93590, 221;
v0x55afaeb93590_222 .array/port v0x55afaeb93590, 222;
E_0x55afaeb77280/55 .event anyedge, v0x55afaeb93590_219, v0x55afaeb93590_220, v0x55afaeb93590_221, v0x55afaeb93590_222;
v0x55afaeb93590_223 .array/port v0x55afaeb93590, 223;
v0x55afaeb93590_224 .array/port v0x55afaeb93590, 224;
v0x55afaeb93590_225 .array/port v0x55afaeb93590, 225;
v0x55afaeb93590_226 .array/port v0x55afaeb93590, 226;
E_0x55afaeb77280/56 .event anyedge, v0x55afaeb93590_223, v0x55afaeb93590_224, v0x55afaeb93590_225, v0x55afaeb93590_226;
v0x55afaeb93590_227 .array/port v0x55afaeb93590, 227;
v0x55afaeb93590_228 .array/port v0x55afaeb93590, 228;
v0x55afaeb93590_229 .array/port v0x55afaeb93590, 229;
v0x55afaeb93590_230 .array/port v0x55afaeb93590, 230;
E_0x55afaeb77280/57 .event anyedge, v0x55afaeb93590_227, v0x55afaeb93590_228, v0x55afaeb93590_229, v0x55afaeb93590_230;
v0x55afaeb93590_231 .array/port v0x55afaeb93590, 231;
v0x55afaeb93590_232 .array/port v0x55afaeb93590, 232;
v0x55afaeb93590_233 .array/port v0x55afaeb93590, 233;
v0x55afaeb93590_234 .array/port v0x55afaeb93590, 234;
E_0x55afaeb77280/58 .event anyedge, v0x55afaeb93590_231, v0x55afaeb93590_232, v0x55afaeb93590_233, v0x55afaeb93590_234;
v0x55afaeb93590_235 .array/port v0x55afaeb93590, 235;
v0x55afaeb93590_236 .array/port v0x55afaeb93590, 236;
v0x55afaeb93590_237 .array/port v0x55afaeb93590, 237;
v0x55afaeb93590_238 .array/port v0x55afaeb93590, 238;
E_0x55afaeb77280/59 .event anyedge, v0x55afaeb93590_235, v0x55afaeb93590_236, v0x55afaeb93590_237, v0x55afaeb93590_238;
v0x55afaeb93590_239 .array/port v0x55afaeb93590, 239;
v0x55afaeb93590_240 .array/port v0x55afaeb93590, 240;
v0x55afaeb93590_241 .array/port v0x55afaeb93590, 241;
v0x55afaeb93590_242 .array/port v0x55afaeb93590, 242;
E_0x55afaeb77280/60 .event anyedge, v0x55afaeb93590_239, v0x55afaeb93590_240, v0x55afaeb93590_241, v0x55afaeb93590_242;
v0x55afaeb93590_243 .array/port v0x55afaeb93590, 243;
v0x55afaeb93590_244 .array/port v0x55afaeb93590, 244;
v0x55afaeb93590_245 .array/port v0x55afaeb93590, 245;
v0x55afaeb93590_246 .array/port v0x55afaeb93590, 246;
E_0x55afaeb77280/61 .event anyedge, v0x55afaeb93590_243, v0x55afaeb93590_244, v0x55afaeb93590_245, v0x55afaeb93590_246;
v0x55afaeb93590_247 .array/port v0x55afaeb93590, 247;
v0x55afaeb93590_248 .array/port v0x55afaeb93590, 248;
v0x55afaeb93590_249 .array/port v0x55afaeb93590, 249;
v0x55afaeb93590_250 .array/port v0x55afaeb93590, 250;
E_0x55afaeb77280/62 .event anyedge, v0x55afaeb93590_247, v0x55afaeb93590_248, v0x55afaeb93590_249, v0x55afaeb93590_250;
v0x55afaeb93590_251 .array/port v0x55afaeb93590, 251;
v0x55afaeb93590_252 .array/port v0x55afaeb93590, 252;
v0x55afaeb93590_253 .array/port v0x55afaeb93590, 253;
v0x55afaeb93590_254 .array/port v0x55afaeb93590, 254;
E_0x55afaeb77280/63 .event anyedge, v0x55afaeb93590_251, v0x55afaeb93590_252, v0x55afaeb93590_253, v0x55afaeb93590_254;
v0x55afaeb93590_255 .array/port v0x55afaeb93590, 255;
v0x55afaeb93590_256 .array/port v0x55afaeb93590, 256;
v0x55afaeb93590_257 .array/port v0x55afaeb93590, 257;
v0x55afaeb93590_258 .array/port v0x55afaeb93590, 258;
E_0x55afaeb77280/64 .event anyedge, v0x55afaeb93590_255, v0x55afaeb93590_256, v0x55afaeb93590_257, v0x55afaeb93590_258;
v0x55afaeb93590_259 .array/port v0x55afaeb93590, 259;
v0x55afaeb93590_260 .array/port v0x55afaeb93590, 260;
v0x55afaeb93590_261 .array/port v0x55afaeb93590, 261;
v0x55afaeb93590_262 .array/port v0x55afaeb93590, 262;
E_0x55afaeb77280/65 .event anyedge, v0x55afaeb93590_259, v0x55afaeb93590_260, v0x55afaeb93590_261, v0x55afaeb93590_262;
v0x55afaeb93590_263 .array/port v0x55afaeb93590, 263;
v0x55afaeb93590_264 .array/port v0x55afaeb93590, 264;
v0x55afaeb93590_265 .array/port v0x55afaeb93590, 265;
v0x55afaeb93590_266 .array/port v0x55afaeb93590, 266;
E_0x55afaeb77280/66 .event anyedge, v0x55afaeb93590_263, v0x55afaeb93590_264, v0x55afaeb93590_265, v0x55afaeb93590_266;
v0x55afaeb93590_267 .array/port v0x55afaeb93590, 267;
v0x55afaeb93590_268 .array/port v0x55afaeb93590, 268;
v0x55afaeb93590_269 .array/port v0x55afaeb93590, 269;
v0x55afaeb93590_270 .array/port v0x55afaeb93590, 270;
E_0x55afaeb77280/67 .event anyedge, v0x55afaeb93590_267, v0x55afaeb93590_268, v0x55afaeb93590_269, v0x55afaeb93590_270;
v0x55afaeb93590_271 .array/port v0x55afaeb93590, 271;
v0x55afaeb93590_272 .array/port v0x55afaeb93590, 272;
v0x55afaeb93590_273 .array/port v0x55afaeb93590, 273;
v0x55afaeb93590_274 .array/port v0x55afaeb93590, 274;
E_0x55afaeb77280/68 .event anyedge, v0x55afaeb93590_271, v0x55afaeb93590_272, v0x55afaeb93590_273, v0x55afaeb93590_274;
v0x55afaeb93590_275 .array/port v0x55afaeb93590, 275;
v0x55afaeb93590_276 .array/port v0x55afaeb93590, 276;
v0x55afaeb93590_277 .array/port v0x55afaeb93590, 277;
v0x55afaeb93590_278 .array/port v0x55afaeb93590, 278;
E_0x55afaeb77280/69 .event anyedge, v0x55afaeb93590_275, v0x55afaeb93590_276, v0x55afaeb93590_277, v0x55afaeb93590_278;
v0x55afaeb93590_279 .array/port v0x55afaeb93590, 279;
v0x55afaeb93590_280 .array/port v0x55afaeb93590, 280;
v0x55afaeb93590_281 .array/port v0x55afaeb93590, 281;
v0x55afaeb93590_282 .array/port v0x55afaeb93590, 282;
E_0x55afaeb77280/70 .event anyedge, v0x55afaeb93590_279, v0x55afaeb93590_280, v0x55afaeb93590_281, v0x55afaeb93590_282;
v0x55afaeb93590_283 .array/port v0x55afaeb93590, 283;
v0x55afaeb93590_284 .array/port v0x55afaeb93590, 284;
v0x55afaeb93590_285 .array/port v0x55afaeb93590, 285;
v0x55afaeb93590_286 .array/port v0x55afaeb93590, 286;
E_0x55afaeb77280/71 .event anyedge, v0x55afaeb93590_283, v0x55afaeb93590_284, v0x55afaeb93590_285, v0x55afaeb93590_286;
v0x55afaeb93590_287 .array/port v0x55afaeb93590, 287;
v0x55afaeb93590_288 .array/port v0x55afaeb93590, 288;
v0x55afaeb93590_289 .array/port v0x55afaeb93590, 289;
v0x55afaeb93590_290 .array/port v0x55afaeb93590, 290;
E_0x55afaeb77280/72 .event anyedge, v0x55afaeb93590_287, v0x55afaeb93590_288, v0x55afaeb93590_289, v0x55afaeb93590_290;
v0x55afaeb93590_291 .array/port v0x55afaeb93590, 291;
v0x55afaeb93590_292 .array/port v0x55afaeb93590, 292;
v0x55afaeb93590_293 .array/port v0x55afaeb93590, 293;
v0x55afaeb93590_294 .array/port v0x55afaeb93590, 294;
E_0x55afaeb77280/73 .event anyedge, v0x55afaeb93590_291, v0x55afaeb93590_292, v0x55afaeb93590_293, v0x55afaeb93590_294;
v0x55afaeb93590_295 .array/port v0x55afaeb93590, 295;
v0x55afaeb93590_296 .array/port v0x55afaeb93590, 296;
v0x55afaeb93590_297 .array/port v0x55afaeb93590, 297;
v0x55afaeb93590_298 .array/port v0x55afaeb93590, 298;
E_0x55afaeb77280/74 .event anyedge, v0x55afaeb93590_295, v0x55afaeb93590_296, v0x55afaeb93590_297, v0x55afaeb93590_298;
v0x55afaeb93590_299 .array/port v0x55afaeb93590, 299;
v0x55afaeb93590_300 .array/port v0x55afaeb93590, 300;
v0x55afaeb93590_301 .array/port v0x55afaeb93590, 301;
v0x55afaeb93590_302 .array/port v0x55afaeb93590, 302;
E_0x55afaeb77280/75 .event anyedge, v0x55afaeb93590_299, v0x55afaeb93590_300, v0x55afaeb93590_301, v0x55afaeb93590_302;
v0x55afaeb93590_303 .array/port v0x55afaeb93590, 303;
v0x55afaeb93590_304 .array/port v0x55afaeb93590, 304;
v0x55afaeb93590_305 .array/port v0x55afaeb93590, 305;
v0x55afaeb93590_306 .array/port v0x55afaeb93590, 306;
E_0x55afaeb77280/76 .event anyedge, v0x55afaeb93590_303, v0x55afaeb93590_304, v0x55afaeb93590_305, v0x55afaeb93590_306;
v0x55afaeb93590_307 .array/port v0x55afaeb93590, 307;
v0x55afaeb93590_308 .array/port v0x55afaeb93590, 308;
v0x55afaeb93590_309 .array/port v0x55afaeb93590, 309;
v0x55afaeb93590_310 .array/port v0x55afaeb93590, 310;
E_0x55afaeb77280/77 .event anyedge, v0x55afaeb93590_307, v0x55afaeb93590_308, v0x55afaeb93590_309, v0x55afaeb93590_310;
v0x55afaeb93590_311 .array/port v0x55afaeb93590, 311;
v0x55afaeb93590_312 .array/port v0x55afaeb93590, 312;
v0x55afaeb93590_313 .array/port v0x55afaeb93590, 313;
v0x55afaeb93590_314 .array/port v0x55afaeb93590, 314;
E_0x55afaeb77280/78 .event anyedge, v0x55afaeb93590_311, v0x55afaeb93590_312, v0x55afaeb93590_313, v0x55afaeb93590_314;
v0x55afaeb93590_315 .array/port v0x55afaeb93590, 315;
v0x55afaeb93590_316 .array/port v0x55afaeb93590, 316;
v0x55afaeb93590_317 .array/port v0x55afaeb93590, 317;
v0x55afaeb93590_318 .array/port v0x55afaeb93590, 318;
E_0x55afaeb77280/79 .event anyedge, v0x55afaeb93590_315, v0x55afaeb93590_316, v0x55afaeb93590_317, v0x55afaeb93590_318;
v0x55afaeb93590_319 .array/port v0x55afaeb93590, 319;
v0x55afaeb93590_320 .array/port v0x55afaeb93590, 320;
v0x55afaeb93590_321 .array/port v0x55afaeb93590, 321;
v0x55afaeb93590_322 .array/port v0x55afaeb93590, 322;
E_0x55afaeb77280/80 .event anyedge, v0x55afaeb93590_319, v0x55afaeb93590_320, v0x55afaeb93590_321, v0x55afaeb93590_322;
v0x55afaeb93590_323 .array/port v0x55afaeb93590, 323;
v0x55afaeb93590_324 .array/port v0x55afaeb93590, 324;
v0x55afaeb93590_325 .array/port v0x55afaeb93590, 325;
v0x55afaeb93590_326 .array/port v0x55afaeb93590, 326;
E_0x55afaeb77280/81 .event anyedge, v0x55afaeb93590_323, v0x55afaeb93590_324, v0x55afaeb93590_325, v0x55afaeb93590_326;
v0x55afaeb93590_327 .array/port v0x55afaeb93590, 327;
v0x55afaeb93590_328 .array/port v0x55afaeb93590, 328;
v0x55afaeb93590_329 .array/port v0x55afaeb93590, 329;
v0x55afaeb93590_330 .array/port v0x55afaeb93590, 330;
E_0x55afaeb77280/82 .event anyedge, v0x55afaeb93590_327, v0x55afaeb93590_328, v0x55afaeb93590_329, v0x55afaeb93590_330;
v0x55afaeb93590_331 .array/port v0x55afaeb93590, 331;
v0x55afaeb93590_332 .array/port v0x55afaeb93590, 332;
v0x55afaeb93590_333 .array/port v0x55afaeb93590, 333;
v0x55afaeb93590_334 .array/port v0x55afaeb93590, 334;
E_0x55afaeb77280/83 .event anyedge, v0x55afaeb93590_331, v0x55afaeb93590_332, v0x55afaeb93590_333, v0x55afaeb93590_334;
v0x55afaeb93590_335 .array/port v0x55afaeb93590, 335;
v0x55afaeb93590_336 .array/port v0x55afaeb93590, 336;
v0x55afaeb93590_337 .array/port v0x55afaeb93590, 337;
v0x55afaeb93590_338 .array/port v0x55afaeb93590, 338;
E_0x55afaeb77280/84 .event anyedge, v0x55afaeb93590_335, v0x55afaeb93590_336, v0x55afaeb93590_337, v0x55afaeb93590_338;
v0x55afaeb93590_339 .array/port v0x55afaeb93590, 339;
v0x55afaeb93590_340 .array/port v0x55afaeb93590, 340;
v0x55afaeb93590_341 .array/port v0x55afaeb93590, 341;
v0x55afaeb93590_342 .array/port v0x55afaeb93590, 342;
E_0x55afaeb77280/85 .event anyedge, v0x55afaeb93590_339, v0x55afaeb93590_340, v0x55afaeb93590_341, v0x55afaeb93590_342;
v0x55afaeb93590_343 .array/port v0x55afaeb93590, 343;
v0x55afaeb93590_344 .array/port v0x55afaeb93590, 344;
v0x55afaeb93590_345 .array/port v0x55afaeb93590, 345;
v0x55afaeb93590_346 .array/port v0x55afaeb93590, 346;
E_0x55afaeb77280/86 .event anyedge, v0x55afaeb93590_343, v0x55afaeb93590_344, v0x55afaeb93590_345, v0x55afaeb93590_346;
v0x55afaeb93590_347 .array/port v0x55afaeb93590, 347;
v0x55afaeb93590_348 .array/port v0x55afaeb93590, 348;
v0x55afaeb93590_349 .array/port v0x55afaeb93590, 349;
v0x55afaeb93590_350 .array/port v0x55afaeb93590, 350;
E_0x55afaeb77280/87 .event anyedge, v0x55afaeb93590_347, v0x55afaeb93590_348, v0x55afaeb93590_349, v0x55afaeb93590_350;
v0x55afaeb93590_351 .array/port v0x55afaeb93590, 351;
v0x55afaeb93590_352 .array/port v0x55afaeb93590, 352;
v0x55afaeb93590_353 .array/port v0x55afaeb93590, 353;
v0x55afaeb93590_354 .array/port v0x55afaeb93590, 354;
E_0x55afaeb77280/88 .event anyedge, v0x55afaeb93590_351, v0x55afaeb93590_352, v0x55afaeb93590_353, v0x55afaeb93590_354;
v0x55afaeb93590_355 .array/port v0x55afaeb93590, 355;
v0x55afaeb93590_356 .array/port v0x55afaeb93590, 356;
v0x55afaeb93590_357 .array/port v0x55afaeb93590, 357;
v0x55afaeb93590_358 .array/port v0x55afaeb93590, 358;
E_0x55afaeb77280/89 .event anyedge, v0x55afaeb93590_355, v0x55afaeb93590_356, v0x55afaeb93590_357, v0x55afaeb93590_358;
v0x55afaeb93590_359 .array/port v0x55afaeb93590, 359;
v0x55afaeb93590_360 .array/port v0x55afaeb93590, 360;
v0x55afaeb93590_361 .array/port v0x55afaeb93590, 361;
v0x55afaeb93590_362 .array/port v0x55afaeb93590, 362;
E_0x55afaeb77280/90 .event anyedge, v0x55afaeb93590_359, v0x55afaeb93590_360, v0x55afaeb93590_361, v0x55afaeb93590_362;
v0x55afaeb93590_363 .array/port v0x55afaeb93590, 363;
v0x55afaeb93590_364 .array/port v0x55afaeb93590, 364;
v0x55afaeb93590_365 .array/port v0x55afaeb93590, 365;
v0x55afaeb93590_366 .array/port v0x55afaeb93590, 366;
E_0x55afaeb77280/91 .event anyedge, v0x55afaeb93590_363, v0x55afaeb93590_364, v0x55afaeb93590_365, v0x55afaeb93590_366;
v0x55afaeb93590_367 .array/port v0x55afaeb93590, 367;
v0x55afaeb93590_368 .array/port v0x55afaeb93590, 368;
v0x55afaeb93590_369 .array/port v0x55afaeb93590, 369;
v0x55afaeb93590_370 .array/port v0x55afaeb93590, 370;
E_0x55afaeb77280/92 .event anyedge, v0x55afaeb93590_367, v0x55afaeb93590_368, v0x55afaeb93590_369, v0x55afaeb93590_370;
v0x55afaeb93590_371 .array/port v0x55afaeb93590, 371;
v0x55afaeb93590_372 .array/port v0x55afaeb93590, 372;
v0x55afaeb93590_373 .array/port v0x55afaeb93590, 373;
v0x55afaeb93590_374 .array/port v0x55afaeb93590, 374;
E_0x55afaeb77280/93 .event anyedge, v0x55afaeb93590_371, v0x55afaeb93590_372, v0x55afaeb93590_373, v0x55afaeb93590_374;
v0x55afaeb93590_375 .array/port v0x55afaeb93590, 375;
v0x55afaeb93590_376 .array/port v0x55afaeb93590, 376;
v0x55afaeb93590_377 .array/port v0x55afaeb93590, 377;
v0x55afaeb93590_378 .array/port v0x55afaeb93590, 378;
E_0x55afaeb77280/94 .event anyedge, v0x55afaeb93590_375, v0x55afaeb93590_376, v0x55afaeb93590_377, v0x55afaeb93590_378;
v0x55afaeb93590_379 .array/port v0x55afaeb93590, 379;
v0x55afaeb93590_380 .array/port v0x55afaeb93590, 380;
v0x55afaeb93590_381 .array/port v0x55afaeb93590, 381;
v0x55afaeb93590_382 .array/port v0x55afaeb93590, 382;
E_0x55afaeb77280/95 .event anyedge, v0x55afaeb93590_379, v0x55afaeb93590_380, v0x55afaeb93590_381, v0x55afaeb93590_382;
v0x55afaeb93590_383 .array/port v0x55afaeb93590, 383;
v0x55afaeb93590_384 .array/port v0x55afaeb93590, 384;
v0x55afaeb93590_385 .array/port v0x55afaeb93590, 385;
v0x55afaeb93590_386 .array/port v0x55afaeb93590, 386;
E_0x55afaeb77280/96 .event anyedge, v0x55afaeb93590_383, v0x55afaeb93590_384, v0x55afaeb93590_385, v0x55afaeb93590_386;
v0x55afaeb93590_387 .array/port v0x55afaeb93590, 387;
v0x55afaeb93590_388 .array/port v0x55afaeb93590, 388;
v0x55afaeb93590_389 .array/port v0x55afaeb93590, 389;
v0x55afaeb93590_390 .array/port v0x55afaeb93590, 390;
E_0x55afaeb77280/97 .event anyedge, v0x55afaeb93590_387, v0x55afaeb93590_388, v0x55afaeb93590_389, v0x55afaeb93590_390;
v0x55afaeb93590_391 .array/port v0x55afaeb93590, 391;
v0x55afaeb93590_392 .array/port v0x55afaeb93590, 392;
v0x55afaeb93590_393 .array/port v0x55afaeb93590, 393;
v0x55afaeb93590_394 .array/port v0x55afaeb93590, 394;
E_0x55afaeb77280/98 .event anyedge, v0x55afaeb93590_391, v0x55afaeb93590_392, v0x55afaeb93590_393, v0x55afaeb93590_394;
v0x55afaeb93590_395 .array/port v0x55afaeb93590, 395;
v0x55afaeb93590_396 .array/port v0x55afaeb93590, 396;
v0x55afaeb93590_397 .array/port v0x55afaeb93590, 397;
v0x55afaeb93590_398 .array/port v0x55afaeb93590, 398;
E_0x55afaeb77280/99 .event anyedge, v0x55afaeb93590_395, v0x55afaeb93590_396, v0x55afaeb93590_397, v0x55afaeb93590_398;
v0x55afaeb93590_399 .array/port v0x55afaeb93590, 399;
v0x55afaeb93590_400 .array/port v0x55afaeb93590, 400;
v0x55afaeb93590_401 .array/port v0x55afaeb93590, 401;
v0x55afaeb93590_402 .array/port v0x55afaeb93590, 402;
E_0x55afaeb77280/100 .event anyedge, v0x55afaeb93590_399, v0x55afaeb93590_400, v0x55afaeb93590_401, v0x55afaeb93590_402;
v0x55afaeb93590_403 .array/port v0x55afaeb93590, 403;
v0x55afaeb93590_404 .array/port v0x55afaeb93590, 404;
v0x55afaeb93590_405 .array/port v0x55afaeb93590, 405;
v0x55afaeb93590_406 .array/port v0x55afaeb93590, 406;
E_0x55afaeb77280/101 .event anyedge, v0x55afaeb93590_403, v0x55afaeb93590_404, v0x55afaeb93590_405, v0x55afaeb93590_406;
v0x55afaeb93590_407 .array/port v0x55afaeb93590, 407;
v0x55afaeb93590_408 .array/port v0x55afaeb93590, 408;
v0x55afaeb93590_409 .array/port v0x55afaeb93590, 409;
v0x55afaeb93590_410 .array/port v0x55afaeb93590, 410;
E_0x55afaeb77280/102 .event anyedge, v0x55afaeb93590_407, v0x55afaeb93590_408, v0x55afaeb93590_409, v0x55afaeb93590_410;
v0x55afaeb93590_411 .array/port v0x55afaeb93590, 411;
v0x55afaeb93590_412 .array/port v0x55afaeb93590, 412;
v0x55afaeb93590_413 .array/port v0x55afaeb93590, 413;
v0x55afaeb93590_414 .array/port v0x55afaeb93590, 414;
E_0x55afaeb77280/103 .event anyedge, v0x55afaeb93590_411, v0x55afaeb93590_412, v0x55afaeb93590_413, v0x55afaeb93590_414;
v0x55afaeb93590_415 .array/port v0x55afaeb93590, 415;
v0x55afaeb93590_416 .array/port v0x55afaeb93590, 416;
v0x55afaeb93590_417 .array/port v0x55afaeb93590, 417;
v0x55afaeb93590_418 .array/port v0x55afaeb93590, 418;
E_0x55afaeb77280/104 .event anyedge, v0x55afaeb93590_415, v0x55afaeb93590_416, v0x55afaeb93590_417, v0x55afaeb93590_418;
v0x55afaeb93590_419 .array/port v0x55afaeb93590, 419;
v0x55afaeb93590_420 .array/port v0x55afaeb93590, 420;
v0x55afaeb93590_421 .array/port v0x55afaeb93590, 421;
v0x55afaeb93590_422 .array/port v0x55afaeb93590, 422;
E_0x55afaeb77280/105 .event anyedge, v0x55afaeb93590_419, v0x55afaeb93590_420, v0x55afaeb93590_421, v0x55afaeb93590_422;
v0x55afaeb93590_423 .array/port v0x55afaeb93590, 423;
v0x55afaeb93590_424 .array/port v0x55afaeb93590, 424;
v0x55afaeb93590_425 .array/port v0x55afaeb93590, 425;
v0x55afaeb93590_426 .array/port v0x55afaeb93590, 426;
E_0x55afaeb77280/106 .event anyedge, v0x55afaeb93590_423, v0x55afaeb93590_424, v0x55afaeb93590_425, v0x55afaeb93590_426;
v0x55afaeb93590_427 .array/port v0x55afaeb93590, 427;
v0x55afaeb93590_428 .array/port v0x55afaeb93590, 428;
v0x55afaeb93590_429 .array/port v0x55afaeb93590, 429;
v0x55afaeb93590_430 .array/port v0x55afaeb93590, 430;
E_0x55afaeb77280/107 .event anyedge, v0x55afaeb93590_427, v0x55afaeb93590_428, v0x55afaeb93590_429, v0x55afaeb93590_430;
v0x55afaeb93590_431 .array/port v0x55afaeb93590, 431;
v0x55afaeb93590_432 .array/port v0x55afaeb93590, 432;
v0x55afaeb93590_433 .array/port v0x55afaeb93590, 433;
v0x55afaeb93590_434 .array/port v0x55afaeb93590, 434;
E_0x55afaeb77280/108 .event anyedge, v0x55afaeb93590_431, v0x55afaeb93590_432, v0x55afaeb93590_433, v0x55afaeb93590_434;
v0x55afaeb93590_435 .array/port v0x55afaeb93590, 435;
v0x55afaeb93590_436 .array/port v0x55afaeb93590, 436;
v0x55afaeb93590_437 .array/port v0x55afaeb93590, 437;
v0x55afaeb93590_438 .array/port v0x55afaeb93590, 438;
E_0x55afaeb77280/109 .event anyedge, v0x55afaeb93590_435, v0x55afaeb93590_436, v0x55afaeb93590_437, v0x55afaeb93590_438;
v0x55afaeb93590_439 .array/port v0x55afaeb93590, 439;
v0x55afaeb93590_440 .array/port v0x55afaeb93590, 440;
v0x55afaeb93590_441 .array/port v0x55afaeb93590, 441;
v0x55afaeb93590_442 .array/port v0x55afaeb93590, 442;
E_0x55afaeb77280/110 .event anyedge, v0x55afaeb93590_439, v0x55afaeb93590_440, v0x55afaeb93590_441, v0x55afaeb93590_442;
v0x55afaeb93590_443 .array/port v0x55afaeb93590, 443;
v0x55afaeb93590_444 .array/port v0x55afaeb93590, 444;
v0x55afaeb93590_445 .array/port v0x55afaeb93590, 445;
v0x55afaeb93590_446 .array/port v0x55afaeb93590, 446;
E_0x55afaeb77280/111 .event anyedge, v0x55afaeb93590_443, v0x55afaeb93590_444, v0x55afaeb93590_445, v0x55afaeb93590_446;
v0x55afaeb93590_447 .array/port v0x55afaeb93590, 447;
v0x55afaeb93590_448 .array/port v0x55afaeb93590, 448;
v0x55afaeb93590_449 .array/port v0x55afaeb93590, 449;
v0x55afaeb93590_450 .array/port v0x55afaeb93590, 450;
E_0x55afaeb77280/112 .event anyedge, v0x55afaeb93590_447, v0x55afaeb93590_448, v0x55afaeb93590_449, v0x55afaeb93590_450;
v0x55afaeb93590_451 .array/port v0x55afaeb93590, 451;
v0x55afaeb93590_452 .array/port v0x55afaeb93590, 452;
v0x55afaeb93590_453 .array/port v0x55afaeb93590, 453;
v0x55afaeb93590_454 .array/port v0x55afaeb93590, 454;
E_0x55afaeb77280/113 .event anyedge, v0x55afaeb93590_451, v0x55afaeb93590_452, v0x55afaeb93590_453, v0x55afaeb93590_454;
v0x55afaeb93590_455 .array/port v0x55afaeb93590, 455;
v0x55afaeb93590_456 .array/port v0x55afaeb93590, 456;
v0x55afaeb93590_457 .array/port v0x55afaeb93590, 457;
v0x55afaeb93590_458 .array/port v0x55afaeb93590, 458;
E_0x55afaeb77280/114 .event anyedge, v0x55afaeb93590_455, v0x55afaeb93590_456, v0x55afaeb93590_457, v0x55afaeb93590_458;
v0x55afaeb93590_459 .array/port v0x55afaeb93590, 459;
v0x55afaeb93590_460 .array/port v0x55afaeb93590, 460;
v0x55afaeb93590_461 .array/port v0x55afaeb93590, 461;
v0x55afaeb93590_462 .array/port v0x55afaeb93590, 462;
E_0x55afaeb77280/115 .event anyedge, v0x55afaeb93590_459, v0x55afaeb93590_460, v0x55afaeb93590_461, v0x55afaeb93590_462;
v0x55afaeb93590_463 .array/port v0x55afaeb93590, 463;
v0x55afaeb93590_464 .array/port v0x55afaeb93590, 464;
v0x55afaeb93590_465 .array/port v0x55afaeb93590, 465;
v0x55afaeb93590_466 .array/port v0x55afaeb93590, 466;
E_0x55afaeb77280/116 .event anyedge, v0x55afaeb93590_463, v0x55afaeb93590_464, v0x55afaeb93590_465, v0x55afaeb93590_466;
v0x55afaeb93590_467 .array/port v0x55afaeb93590, 467;
v0x55afaeb93590_468 .array/port v0x55afaeb93590, 468;
v0x55afaeb93590_469 .array/port v0x55afaeb93590, 469;
v0x55afaeb93590_470 .array/port v0x55afaeb93590, 470;
E_0x55afaeb77280/117 .event anyedge, v0x55afaeb93590_467, v0x55afaeb93590_468, v0x55afaeb93590_469, v0x55afaeb93590_470;
v0x55afaeb93590_471 .array/port v0x55afaeb93590, 471;
v0x55afaeb93590_472 .array/port v0x55afaeb93590, 472;
v0x55afaeb93590_473 .array/port v0x55afaeb93590, 473;
v0x55afaeb93590_474 .array/port v0x55afaeb93590, 474;
E_0x55afaeb77280/118 .event anyedge, v0x55afaeb93590_471, v0x55afaeb93590_472, v0x55afaeb93590_473, v0x55afaeb93590_474;
v0x55afaeb93590_475 .array/port v0x55afaeb93590, 475;
v0x55afaeb93590_476 .array/port v0x55afaeb93590, 476;
v0x55afaeb93590_477 .array/port v0x55afaeb93590, 477;
v0x55afaeb93590_478 .array/port v0x55afaeb93590, 478;
E_0x55afaeb77280/119 .event anyedge, v0x55afaeb93590_475, v0x55afaeb93590_476, v0x55afaeb93590_477, v0x55afaeb93590_478;
v0x55afaeb93590_479 .array/port v0x55afaeb93590, 479;
v0x55afaeb93590_480 .array/port v0x55afaeb93590, 480;
v0x55afaeb93590_481 .array/port v0x55afaeb93590, 481;
v0x55afaeb93590_482 .array/port v0x55afaeb93590, 482;
E_0x55afaeb77280/120 .event anyedge, v0x55afaeb93590_479, v0x55afaeb93590_480, v0x55afaeb93590_481, v0x55afaeb93590_482;
v0x55afaeb93590_483 .array/port v0x55afaeb93590, 483;
v0x55afaeb93590_484 .array/port v0x55afaeb93590, 484;
v0x55afaeb93590_485 .array/port v0x55afaeb93590, 485;
v0x55afaeb93590_486 .array/port v0x55afaeb93590, 486;
E_0x55afaeb77280/121 .event anyedge, v0x55afaeb93590_483, v0x55afaeb93590_484, v0x55afaeb93590_485, v0x55afaeb93590_486;
v0x55afaeb93590_487 .array/port v0x55afaeb93590, 487;
v0x55afaeb93590_488 .array/port v0x55afaeb93590, 488;
v0x55afaeb93590_489 .array/port v0x55afaeb93590, 489;
v0x55afaeb93590_490 .array/port v0x55afaeb93590, 490;
E_0x55afaeb77280/122 .event anyedge, v0x55afaeb93590_487, v0x55afaeb93590_488, v0x55afaeb93590_489, v0x55afaeb93590_490;
v0x55afaeb93590_491 .array/port v0x55afaeb93590, 491;
v0x55afaeb93590_492 .array/port v0x55afaeb93590, 492;
v0x55afaeb93590_493 .array/port v0x55afaeb93590, 493;
v0x55afaeb93590_494 .array/port v0x55afaeb93590, 494;
E_0x55afaeb77280/123 .event anyedge, v0x55afaeb93590_491, v0x55afaeb93590_492, v0x55afaeb93590_493, v0x55afaeb93590_494;
v0x55afaeb93590_495 .array/port v0x55afaeb93590, 495;
v0x55afaeb93590_496 .array/port v0x55afaeb93590, 496;
v0x55afaeb93590_497 .array/port v0x55afaeb93590, 497;
v0x55afaeb93590_498 .array/port v0x55afaeb93590, 498;
E_0x55afaeb77280/124 .event anyedge, v0x55afaeb93590_495, v0x55afaeb93590_496, v0x55afaeb93590_497, v0x55afaeb93590_498;
v0x55afaeb93590_499 .array/port v0x55afaeb93590, 499;
v0x55afaeb93590_500 .array/port v0x55afaeb93590, 500;
v0x55afaeb93590_501 .array/port v0x55afaeb93590, 501;
v0x55afaeb93590_502 .array/port v0x55afaeb93590, 502;
E_0x55afaeb77280/125 .event anyedge, v0x55afaeb93590_499, v0x55afaeb93590_500, v0x55afaeb93590_501, v0x55afaeb93590_502;
v0x55afaeb93590_503 .array/port v0x55afaeb93590, 503;
v0x55afaeb93590_504 .array/port v0x55afaeb93590, 504;
v0x55afaeb93590_505 .array/port v0x55afaeb93590, 505;
v0x55afaeb93590_506 .array/port v0x55afaeb93590, 506;
E_0x55afaeb77280/126 .event anyedge, v0x55afaeb93590_503, v0x55afaeb93590_504, v0x55afaeb93590_505, v0x55afaeb93590_506;
v0x55afaeb93590_507 .array/port v0x55afaeb93590, 507;
v0x55afaeb93590_508 .array/port v0x55afaeb93590, 508;
v0x55afaeb93590_509 .array/port v0x55afaeb93590, 509;
v0x55afaeb93590_510 .array/port v0x55afaeb93590, 510;
E_0x55afaeb77280/127 .event anyedge, v0x55afaeb93590_507, v0x55afaeb93590_508, v0x55afaeb93590_509, v0x55afaeb93590_510;
v0x55afaeb93590_511 .array/port v0x55afaeb93590, 511;
v0x55afaeb93590_512 .array/port v0x55afaeb93590, 512;
v0x55afaeb93590_513 .array/port v0x55afaeb93590, 513;
v0x55afaeb93590_514 .array/port v0x55afaeb93590, 514;
E_0x55afaeb77280/128 .event anyedge, v0x55afaeb93590_511, v0x55afaeb93590_512, v0x55afaeb93590_513, v0x55afaeb93590_514;
v0x55afaeb93590_515 .array/port v0x55afaeb93590, 515;
v0x55afaeb93590_516 .array/port v0x55afaeb93590, 516;
v0x55afaeb93590_517 .array/port v0x55afaeb93590, 517;
v0x55afaeb93590_518 .array/port v0x55afaeb93590, 518;
E_0x55afaeb77280/129 .event anyedge, v0x55afaeb93590_515, v0x55afaeb93590_516, v0x55afaeb93590_517, v0x55afaeb93590_518;
v0x55afaeb93590_519 .array/port v0x55afaeb93590, 519;
v0x55afaeb93590_520 .array/port v0x55afaeb93590, 520;
v0x55afaeb93590_521 .array/port v0x55afaeb93590, 521;
v0x55afaeb93590_522 .array/port v0x55afaeb93590, 522;
E_0x55afaeb77280/130 .event anyedge, v0x55afaeb93590_519, v0x55afaeb93590_520, v0x55afaeb93590_521, v0x55afaeb93590_522;
v0x55afaeb93590_523 .array/port v0x55afaeb93590, 523;
v0x55afaeb93590_524 .array/port v0x55afaeb93590, 524;
v0x55afaeb93590_525 .array/port v0x55afaeb93590, 525;
v0x55afaeb93590_526 .array/port v0x55afaeb93590, 526;
E_0x55afaeb77280/131 .event anyedge, v0x55afaeb93590_523, v0x55afaeb93590_524, v0x55afaeb93590_525, v0x55afaeb93590_526;
v0x55afaeb93590_527 .array/port v0x55afaeb93590, 527;
v0x55afaeb93590_528 .array/port v0x55afaeb93590, 528;
v0x55afaeb93590_529 .array/port v0x55afaeb93590, 529;
v0x55afaeb93590_530 .array/port v0x55afaeb93590, 530;
E_0x55afaeb77280/132 .event anyedge, v0x55afaeb93590_527, v0x55afaeb93590_528, v0x55afaeb93590_529, v0x55afaeb93590_530;
v0x55afaeb93590_531 .array/port v0x55afaeb93590, 531;
v0x55afaeb93590_532 .array/port v0x55afaeb93590, 532;
v0x55afaeb93590_533 .array/port v0x55afaeb93590, 533;
v0x55afaeb93590_534 .array/port v0x55afaeb93590, 534;
E_0x55afaeb77280/133 .event anyedge, v0x55afaeb93590_531, v0x55afaeb93590_532, v0x55afaeb93590_533, v0x55afaeb93590_534;
v0x55afaeb93590_535 .array/port v0x55afaeb93590, 535;
v0x55afaeb93590_536 .array/port v0x55afaeb93590, 536;
v0x55afaeb93590_537 .array/port v0x55afaeb93590, 537;
v0x55afaeb93590_538 .array/port v0x55afaeb93590, 538;
E_0x55afaeb77280/134 .event anyedge, v0x55afaeb93590_535, v0x55afaeb93590_536, v0x55afaeb93590_537, v0x55afaeb93590_538;
v0x55afaeb93590_539 .array/port v0x55afaeb93590, 539;
v0x55afaeb93590_540 .array/port v0x55afaeb93590, 540;
v0x55afaeb93590_541 .array/port v0x55afaeb93590, 541;
v0x55afaeb93590_542 .array/port v0x55afaeb93590, 542;
E_0x55afaeb77280/135 .event anyedge, v0x55afaeb93590_539, v0x55afaeb93590_540, v0x55afaeb93590_541, v0x55afaeb93590_542;
v0x55afaeb93590_543 .array/port v0x55afaeb93590, 543;
v0x55afaeb93590_544 .array/port v0x55afaeb93590, 544;
v0x55afaeb93590_545 .array/port v0x55afaeb93590, 545;
v0x55afaeb93590_546 .array/port v0x55afaeb93590, 546;
E_0x55afaeb77280/136 .event anyedge, v0x55afaeb93590_543, v0x55afaeb93590_544, v0x55afaeb93590_545, v0x55afaeb93590_546;
v0x55afaeb93590_547 .array/port v0x55afaeb93590, 547;
v0x55afaeb93590_548 .array/port v0x55afaeb93590, 548;
v0x55afaeb93590_549 .array/port v0x55afaeb93590, 549;
v0x55afaeb93590_550 .array/port v0x55afaeb93590, 550;
E_0x55afaeb77280/137 .event anyedge, v0x55afaeb93590_547, v0x55afaeb93590_548, v0x55afaeb93590_549, v0x55afaeb93590_550;
v0x55afaeb93590_551 .array/port v0x55afaeb93590, 551;
v0x55afaeb93590_552 .array/port v0x55afaeb93590, 552;
v0x55afaeb93590_553 .array/port v0x55afaeb93590, 553;
v0x55afaeb93590_554 .array/port v0x55afaeb93590, 554;
E_0x55afaeb77280/138 .event anyedge, v0x55afaeb93590_551, v0x55afaeb93590_552, v0x55afaeb93590_553, v0x55afaeb93590_554;
v0x55afaeb93590_555 .array/port v0x55afaeb93590, 555;
v0x55afaeb93590_556 .array/port v0x55afaeb93590, 556;
v0x55afaeb93590_557 .array/port v0x55afaeb93590, 557;
v0x55afaeb93590_558 .array/port v0x55afaeb93590, 558;
E_0x55afaeb77280/139 .event anyedge, v0x55afaeb93590_555, v0x55afaeb93590_556, v0x55afaeb93590_557, v0x55afaeb93590_558;
v0x55afaeb93590_559 .array/port v0x55afaeb93590, 559;
v0x55afaeb93590_560 .array/port v0x55afaeb93590, 560;
v0x55afaeb93590_561 .array/port v0x55afaeb93590, 561;
v0x55afaeb93590_562 .array/port v0x55afaeb93590, 562;
E_0x55afaeb77280/140 .event anyedge, v0x55afaeb93590_559, v0x55afaeb93590_560, v0x55afaeb93590_561, v0x55afaeb93590_562;
v0x55afaeb93590_563 .array/port v0x55afaeb93590, 563;
v0x55afaeb93590_564 .array/port v0x55afaeb93590, 564;
v0x55afaeb93590_565 .array/port v0x55afaeb93590, 565;
v0x55afaeb93590_566 .array/port v0x55afaeb93590, 566;
E_0x55afaeb77280/141 .event anyedge, v0x55afaeb93590_563, v0x55afaeb93590_564, v0x55afaeb93590_565, v0x55afaeb93590_566;
v0x55afaeb93590_567 .array/port v0x55afaeb93590, 567;
v0x55afaeb93590_568 .array/port v0x55afaeb93590, 568;
v0x55afaeb93590_569 .array/port v0x55afaeb93590, 569;
v0x55afaeb93590_570 .array/port v0x55afaeb93590, 570;
E_0x55afaeb77280/142 .event anyedge, v0x55afaeb93590_567, v0x55afaeb93590_568, v0x55afaeb93590_569, v0x55afaeb93590_570;
v0x55afaeb93590_571 .array/port v0x55afaeb93590, 571;
v0x55afaeb93590_572 .array/port v0x55afaeb93590, 572;
v0x55afaeb93590_573 .array/port v0x55afaeb93590, 573;
v0x55afaeb93590_574 .array/port v0x55afaeb93590, 574;
E_0x55afaeb77280/143 .event anyedge, v0x55afaeb93590_571, v0x55afaeb93590_572, v0x55afaeb93590_573, v0x55afaeb93590_574;
v0x55afaeb93590_575 .array/port v0x55afaeb93590, 575;
v0x55afaeb93590_576 .array/port v0x55afaeb93590, 576;
v0x55afaeb93590_577 .array/port v0x55afaeb93590, 577;
v0x55afaeb93590_578 .array/port v0x55afaeb93590, 578;
E_0x55afaeb77280/144 .event anyedge, v0x55afaeb93590_575, v0x55afaeb93590_576, v0x55afaeb93590_577, v0x55afaeb93590_578;
v0x55afaeb93590_579 .array/port v0x55afaeb93590, 579;
v0x55afaeb93590_580 .array/port v0x55afaeb93590, 580;
v0x55afaeb93590_581 .array/port v0x55afaeb93590, 581;
v0x55afaeb93590_582 .array/port v0x55afaeb93590, 582;
E_0x55afaeb77280/145 .event anyedge, v0x55afaeb93590_579, v0x55afaeb93590_580, v0x55afaeb93590_581, v0x55afaeb93590_582;
v0x55afaeb93590_583 .array/port v0x55afaeb93590, 583;
v0x55afaeb93590_584 .array/port v0x55afaeb93590, 584;
v0x55afaeb93590_585 .array/port v0x55afaeb93590, 585;
v0x55afaeb93590_586 .array/port v0x55afaeb93590, 586;
E_0x55afaeb77280/146 .event anyedge, v0x55afaeb93590_583, v0x55afaeb93590_584, v0x55afaeb93590_585, v0x55afaeb93590_586;
v0x55afaeb93590_587 .array/port v0x55afaeb93590, 587;
v0x55afaeb93590_588 .array/port v0x55afaeb93590, 588;
v0x55afaeb93590_589 .array/port v0x55afaeb93590, 589;
v0x55afaeb93590_590 .array/port v0x55afaeb93590, 590;
E_0x55afaeb77280/147 .event anyedge, v0x55afaeb93590_587, v0x55afaeb93590_588, v0x55afaeb93590_589, v0x55afaeb93590_590;
v0x55afaeb93590_591 .array/port v0x55afaeb93590, 591;
v0x55afaeb93590_592 .array/port v0x55afaeb93590, 592;
v0x55afaeb93590_593 .array/port v0x55afaeb93590, 593;
v0x55afaeb93590_594 .array/port v0x55afaeb93590, 594;
E_0x55afaeb77280/148 .event anyedge, v0x55afaeb93590_591, v0x55afaeb93590_592, v0x55afaeb93590_593, v0x55afaeb93590_594;
v0x55afaeb93590_595 .array/port v0x55afaeb93590, 595;
v0x55afaeb93590_596 .array/port v0x55afaeb93590, 596;
v0x55afaeb93590_597 .array/port v0x55afaeb93590, 597;
v0x55afaeb93590_598 .array/port v0x55afaeb93590, 598;
E_0x55afaeb77280/149 .event anyedge, v0x55afaeb93590_595, v0x55afaeb93590_596, v0x55afaeb93590_597, v0x55afaeb93590_598;
v0x55afaeb93590_599 .array/port v0x55afaeb93590, 599;
v0x55afaeb93590_600 .array/port v0x55afaeb93590, 600;
v0x55afaeb93590_601 .array/port v0x55afaeb93590, 601;
v0x55afaeb93590_602 .array/port v0x55afaeb93590, 602;
E_0x55afaeb77280/150 .event anyedge, v0x55afaeb93590_599, v0x55afaeb93590_600, v0x55afaeb93590_601, v0x55afaeb93590_602;
v0x55afaeb93590_603 .array/port v0x55afaeb93590, 603;
v0x55afaeb93590_604 .array/port v0x55afaeb93590, 604;
v0x55afaeb93590_605 .array/port v0x55afaeb93590, 605;
v0x55afaeb93590_606 .array/port v0x55afaeb93590, 606;
E_0x55afaeb77280/151 .event anyedge, v0x55afaeb93590_603, v0x55afaeb93590_604, v0x55afaeb93590_605, v0x55afaeb93590_606;
v0x55afaeb93590_607 .array/port v0x55afaeb93590, 607;
v0x55afaeb93590_608 .array/port v0x55afaeb93590, 608;
v0x55afaeb93590_609 .array/port v0x55afaeb93590, 609;
v0x55afaeb93590_610 .array/port v0x55afaeb93590, 610;
E_0x55afaeb77280/152 .event anyedge, v0x55afaeb93590_607, v0x55afaeb93590_608, v0x55afaeb93590_609, v0x55afaeb93590_610;
v0x55afaeb93590_611 .array/port v0x55afaeb93590, 611;
v0x55afaeb93590_612 .array/port v0x55afaeb93590, 612;
v0x55afaeb93590_613 .array/port v0x55afaeb93590, 613;
v0x55afaeb93590_614 .array/port v0x55afaeb93590, 614;
E_0x55afaeb77280/153 .event anyedge, v0x55afaeb93590_611, v0x55afaeb93590_612, v0x55afaeb93590_613, v0x55afaeb93590_614;
v0x55afaeb93590_615 .array/port v0x55afaeb93590, 615;
v0x55afaeb93590_616 .array/port v0x55afaeb93590, 616;
v0x55afaeb93590_617 .array/port v0x55afaeb93590, 617;
v0x55afaeb93590_618 .array/port v0x55afaeb93590, 618;
E_0x55afaeb77280/154 .event anyedge, v0x55afaeb93590_615, v0x55afaeb93590_616, v0x55afaeb93590_617, v0x55afaeb93590_618;
v0x55afaeb93590_619 .array/port v0x55afaeb93590, 619;
v0x55afaeb93590_620 .array/port v0x55afaeb93590, 620;
v0x55afaeb93590_621 .array/port v0x55afaeb93590, 621;
v0x55afaeb93590_622 .array/port v0x55afaeb93590, 622;
E_0x55afaeb77280/155 .event anyedge, v0x55afaeb93590_619, v0x55afaeb93590_620, v0x55afaeb93590_621, v0x55afaeb93590_622;
v0x55afaeb93590_623 .array/port v0x55afaeb93590, 623;
v0x55afaeb93590_624 .array/port v0x55afaeb93590, 624;
v0x55afaeb93590_625 .array/port v0x55afaeb93590, 625;
v0x55afaeb93590_626 .array/port v0x55afaeb93590, 626;
E_0x55afaeb77280/156 .event anyedge, v0x55afaeb93590_623, v0x55afaeb93590_624, v0x55afaeb93590_625, v0x55afaeb93590_626;
v0x55afaeb93590_627 .array/port v0x55afaeb93590, 627;
v0x55afaeb93590_628 .array/port v0x55afaeb93590, 628;
v0x55afaeb93590_629 .array/port v0x55afaeb93590, 629;
v0x55afaeb93590_630 .array/port v0x55afaeb93590, 630;
E_0x55afaeb77280/157 .event anyedge, v0x55afaeb93590_627, v0x55afaeb93590_628, v0x55afaeb93590_629, v0x55afaeb93590_630;
v0x55afaeb93590_631 .array/port v0x55afaeb93590, 631;
v0x55afaeb93590_632 .array/port v0x55afaeb93590, 632;
v0x55afaeb93590_633 .array/port v0x55afaeb93590, 633;
v0x55afaeb93590_634 .array/port v0x55afaeb93590, 634;
E_0x55afaeb77280/158 .event anyedge, v0x55afaeb93590_631, v0x55afaeb93590_632, v0x55afaeb93590_633, v0x55afaeb93590_634;
v0x55afaeb93590_635 .array/port v0x55afaeb93590, 635;
v0x55afaeb93590_636 .array/port v0x55afaeb93590, 636;
v0x55afaeb93590_637 .array/port v0x55afaeb93590, 637;
v0x55afaeb93590_638 .array/port v0x55afaeb93590, 638;
E_0x55afaeb77280/159 .event anyedge, v0x55afaeb93590_635, v0x55afaeb93590_636, v0x55afaeb93590_637, v0x55afaeb93590_638;
v0x55afaeb93590_639 .array/port v0x55afaeb93590, 639;
v0x55afaeb93590_640 .array/port v0x55afaeb93590, 640;
v0x55afaeb93590_641 .array/port v0x55afaeb93590, 641;
v0x55afaeb93590_642 .array/port v0x55afaeb93590, 642;
E_0x55afaeb77280/160 .event anyedge, v0x55afaeb93590_639, v0x55afaeb93590_640, v0x55afaeb93590_641, v0x55afaeb93590_642;
v0x55afaeb93590_643 .array/port v0x55afaeb93590, 643;
v0x55afaeb93590_644 .array/port v0x55afaeb93590, 644;
v0x55afaeb93590_645 .array/port v0x55afaeb93590, 645;
v0x55afaeb93590_646 .array/port v0x55afaeb93590, 646;
E_0x55afaeb77280/161 .event anyedge, v0x55afaeb93590_643, v0x55afaeb93590_644, v0x55afaeb93590_645, v0x55afaeb93590_646;
v0x55afaeb93590_647 .array/port v0x55afaeb93590, 647;
v0x55afaeb93590_648 .array/port v0x55afaeb93590, 648;
v0x55afaeb93590_649 .array/port v0x55afaeb93590, 649;
v0x55afaeb93590_650 .array/port v0x55afaeb93590, 650;
E_0x55afaeb77280/162 .event anyedge, v0x55afaeb93590_647, v0x55afaeb93590_648, v0x55afaeb93590_649, v0x55afaeb93590_650;
v0x55afaeb93590_651 .array/port v0x55afaeb93590, 651;
v0x55afaeb93590_652 .array/port v0x55afaeb93590, 652;
v0x55afaeb93590_653 .array/port v0x55afaeb93590, 653;
v0x55afaeb93590_654 .array/port v0x55afaeb93590, 654;
E_0x55afaeb77280/163 .event anyedge, v0x55afaeb93590_651, v0x55afaeb93590_652, v0x55afaeb93590_653, v0x55afaeb93590_654;
v0x55afaeb93590_655 .array/port v0x55afaeb93590, 655;
v0x55afaeb93590_656 .array/port v0x55afaeb93590, 656;
v0x55afaeb93590_657 .array/port v0x55afaeb93590, 657;
v0x55afaeb93590_658 .array/port v0x55afaeb93590, 658;
E_0x55afaeb77280/164 .event anyedge, v0x55afaeb93590_655, v0x55afaeb93590_656, v0x55afaeb93590_657, v0x55afaeb93590_658;
v0x55afaeb93590_659 .array/port v0x55afaeb93590, 659;
v0x55afaeb93590_660 .array/port v0x55afaeb93590, 660;
v0x55afaeb93590_661 .array/port v0x55afaeb93590, 661;
v0x55afaeb93590_662 .array/port v0x55afaeb93590, 662;
E_0x55afaeb77280/165 .event anyedge, v0x55afaeb93590_659, v0x55afaeb93590_660, v0x55afaeb93590_661, v0x55afaeb93590_662;
v0x55afaeb93590_663 .array/port v0x55afaeb93590, 663;
v0x55afaeb93590_664 .array/port v0x55afaeb93590, 664;
v0x55afaeb93590_665 .array/port v0x55afaeb93590, 665;
v0x55afaeb93590_666 .array/port v0x55afaeb93590, 666;
E_0x55afaeb77280/166 .event anyedge, v0x55afaeb93590_663, v0x55afaeb93590_664, v0x55afaeb93590_665, v0x55afaeb93590_666;
v0x55afaeb93590_667 .array/port v0x55afaeb93590, 667;
v0x55afaeb93590_668 .array/port v0x55afaeb93590, 668;
v0x55afaeb93590_669 .array/port v0x55afaeb93590, 669;
v0x55afaeb93590_670 .array/port v0x55afaeb93590, 670;
E_0x55afaeb77280/167 .event anyedge, v0x55afaeb93590_667, v0x55afaeb93590_668, v0x55afaeb93590_669, v0x55afaeb93590_670;
v0x55afaeb93590_671 .array/port v0x55afaeb93590, 671;
v0x55afaeb93590_672 .array/port v0x55afaeb93590, 672;
v0x55afaeb93590_673 .array/port v0x55afaeb93590, 673;
v0x55afaeb93590_674 .array/port v0x55afaeb93590, 674;
E_0x55afaeb77280/168 .event anyedge, v0x55afaeb93590_671, v0x55afaeb93590_672, v0x55afaeb93590_673, v0x55afaeb93590_674;
v0x55afaeb93590_675 .array/port v0x55afaeb93590, 675;
v0x55afaeb93590_676 .array/port v0x55afaeb93590, 676;
v0x55afaeb93590_677 .array/port v0x55afaeb93590, 677;
v0x55afaeb93590_678 .array/port v0x55afaeb93590, 678;
E_0x55afaeb77280/169 .event anyedge, v0x55afaeb93590_675, v0x55afaeb93590_676, v0x55afaeb93590_677, v0x55afaeb93590_678;
v0x55afaeb93590_679 .array/port v0x55afaeb93590, 679;
v0x55afaeb93590_680 .array/port v0x55afaeb93590, 680;
v0x55afaeb93590_681 .array/port v0x55afaeb93590, 681;
v0x55afaeb93590_682 .array/port v0x55afaeb93590, 682;
E_0x55afaeb77280/170 .event anyedge, v0x55afaeb93590_679, v0x55afaeb93590_680, v0x55afaeb93590_681, v0x55afaeb93590_682;
v0x55afaeb93590_683 .array/port v0x55afaeb93590, 683;
v0x55afaeb93590_684 .array/port v0x55afaeb93590, 684;
v0x55afaeb93590_685 .array/port v0x55afaeb93590, 685;
v0x55afaeb93590_686 .array/port v0x55afaeb93590, 686;
E_0x55afaeb77280/171 .event anyedge, v0x55afaeb93590_683, v0x55afaeb93590_684, v0x55afaeb93590_685, v0x55afaeb93590_686;
v0x55afaeb93590_687 .array/port v0x55afaeb93590, 687;
v0x55afaeb93590_688 .array/port v0x55afaeb93590, 688;
v0x55afaeb93590_689 .array/port v0x55afaeb93590, 689;
v0x55afaeb93590_690 .array/port v0x55afaeb93590, 690;
E_0x55afaeb77280/172 .event anyedge, v0x55afaeb93590_687, v0x55afaeb93590_688, v0x55afaeb93590_689, v0x55afaeb93590_690;
v0x55afaeb93590_691 .array/port v0x55afaeb93590, 691;
v0x55afaeb93590_692 .array/port v0x55afaeb93590, 692;
v0x55afaeb93590_693 .array/port v0x55afaeb93590, 693;
v0x55afaeb93590_694 .array/port v0x55afaeb93590, 694;
E_0x55afaeb77280/173 .event anyedge, v0x55afaeb93590_691, v0x55afaeb93590_692, v0x55afaeb93590_693, v0x55afaeb93590_694;
v0x55afaeb93590_695 .array/port v0x55afaeb93590, 695;
v0x55afaeb93590_696 .array/port v0x55afaeb93590, 696;
v0x55afaeb93590_697 .array/port v0x55afaeb93590, 697;
v0x55afaeb93590_698 .array/port v0x55afaeb93590, 698;
E_0x55afaeb77280/174 .event anyedge, v0x55afaeb93590_695, v0x55afaeb93590_696, v0x55afaeb93590_697, v0x55afaeb93590_698;
v0x55afaeb93590_699 .array/port v0x55afaeb93590, 699;
v0x55afaeb93590_700 .array/port v0x55afaeb93590, 700;
v0x55afaeb93590_701 .array/port v0x55afaeb93590, 701;
v0x55afaeb93590_702 .array/port v0x55afaeb93590, 702;
E_0x55afaeb77280/175 .event anyedge, v0x55afaeb93590_699, v0x55afaeb93590_700, v0x55afaeb93590_701, v0x55afaeb93590_702;
v0x55afaeb93590_703 .array/port v0x55afaeb93590, 703;
v0x55afaeb93590_704 .array/port v0x55afaeb93590, 704;
v0x55afaeb93590_705 .array/port v0x55afaeb93590, 705;
v0x55afaeb93590_706 .array/port v0x55afaeb93590, 706;
E_0x55afaeb77280/176 .event anyedge, v0x55afaeb93590_703, v0x55afaeb93590_704, v0x55afaeb93590_705, v0x55afaeb93590_706;
v0x55afaeb93590_707 .array/port v0x55afaeb93590, 707;
v0x55afaeb93590_708 .array/port v0x55afaeb93590, 708;
v0x55afaeb93590_709 .array/port v0x55afaeb93590, 709;
v0x55afaeb93590_710 .array/port v0x55afaeb93590, 710;
E_0x55afaeb77280/177 .event anyedge, v0x55afaeb93590_707, v0x55afaeb93590_708, v0x55afaeb93590_709, v0x55afaeb93590_710;
v0x55afaeb93590_711 .array/port v0x55afaeb93590, 711;
v0x55afaeb93590_712 .array/port v0x55afaeb93590, 712;
v0x55afaeb93590_713 .array/port v0x55afaeb93590, 713;
v0x55afaeb93590_714 .array/port v0x55afaeb93590, 714;
E_0x55afaeb77280/178 .event anyedge, v0x55afaeb93590_711, v0x55afaeb93590_712, v0x55afaeb93590_713, v0x55afaeb93590_714;
v0x55afaeb93590_715 .array/port v0x55afaeb93590, 715;
v0x55afaeb93590_716 .array/port v0x55afaeb93590, 716;
v0x55afaeb93590_717 .array/port v0x55afaeb93590, 717;
v0x55afaeb93590_718 .array/port v0x55afaeb93590, 718;
E_0x55afaeb77280/179 .event anyedge, v0x55afaeb93590_715, v0x55afaeb93590_716, v0x55afaeb93590_717, v0x55afaeb93590_718;
v0x55afaeb93590_719 .array/port v0x55afaeb93590, 719;
v0x55afaeb93590_720 .array/port v0x55afaeb93590, 720;
v0x55afaeb93590_721 .array/port v0x55afaeb93590, 721;
v0x55afaeb93590_722 .array/port v0x55afaeb93590, 722;
E_0x55afaeb77280/180 .event anyedge, v0x55afaeb93590_719, v0x55afaeb93590_720, v0x55afaeb93590_721, v0x55afaeb93590_722;
v0x55afaeb93590_723 .array/port v0x55afaeb93590, 723;
v0x55afaeb93590_724 .array/port v0x55afaeb93590, 724;
v0x55afaeb93590_725 .array/port v0x55afaeb93590, 725;
v0x55afaeb93590_726 .array/port v0x55afaeb93590, 726;
E_0x55afaeb77280/181 .event anyedge, v0x55afaeb93590_723, v0x55afaeb93590_724, v0x55afaeb93590_725, v0x55afaeb93590_726;
v0x55afaeb93590_727 .array/port v0x55afaeb93590, 727;
v0x55afaeb93590_728 .array/port v0x55afaeb93590, 728;
v0x55afaeb93590_729 .array/port v0x55afaeb93590, 729;
v0x55afaeb93590_730 .array/port v0x55afaeb93590, 730;
E_0x55afaeb77280/182 .event anyedge, v0x55afaeb93590_727, v0x55afaeb93590_728, v0x55afaeb93590_729, v0x55afaeb93590_730;
v0x55afaeb93590_731 .array/port v0x55afaeb93590, 731;
v0x55afaeb93590_732 .array/port v0x55afaeb93590, 732;
v0x55afaeb93590_733 .array/port v0x55afaeb93590, 733;
v0x55afaeb93590_734 .array/port v0x55afaeb93590, 734;
E_0x55afaeb77280/183 .event anyedge, v0x55afaeb93590_731, v0x55afaeb93590_732, v0x55afaeb93590_733, v0x55afaeb93590_734;
v0x55afaeb93590_735 .array/port v0x55afaeb93590, 735;
v0x55afaeb93590_736 .array/port v0x55afaeb93590, 736;
v0x55afaeb93590_737 .array/port v0x55afaeb93590, 737;
v0x55afaeb93590_738 .array/port v0x55afaeb93590, 738;
E_0x55afaeb77280/184 .event anyedge, v0x55afaeb93590_735, v0x55afaeb93590_736, v0x55afaeb93590_737, v0x55afaeb93590_738;
v0x55afaeb93590_739 .array/port v0x55afaeb93590, 739;
v0x55afaeb93590_740 .array/port v0x55afaeb93590, 740;
v0x55afaeb93590_741 .array/port v0x55afaeb93590, 741;
v0x55afaeb93590_742 .array/port v0x55afaeb93590, 742;
E_0x55afaeb77280/185 .event anyedge, v0x55afaeb93590_739, v0x55afaeb93590_740, v0x55afaeb93590_741, v0x55afaeb93590_742;
v0x55afaeb93590_743 .array/port v0x55afaeb93590, 743;
v0x55afaeb93590_744 .array/port v0x55afaeb93590, 744;
v0x55afaeb93590_745 .array/port v0x55afaeb93590, 745;
v0x55afaeb93590_746 .array/port v0x55afaeb93590, 746;
E_0x55afaeb77280/186 .event anyedge, v0x55afaeb93590_743, v0x55afaeb93590_744, v0x55afaeb93590_745, v0x55afaeb93590_746;
v0x55afaeb93590_747 .array/port v0x55afaeb93590, 747;
v0x55afaeb93590_748 .array/port v0x55afaeb93590, 748;
v0x55afaeb93590_749 .array/port v0x55afaeb93590, 749;
v0x55afaeb93590_750 .array/port v0x55afaeb93590, 750;
E_0x55afaeb77280/187 .event anyedge, v0x55afaeb93590_747, v0x55afaeb93590_748, v0x55afaeb93590_749, v0x55afaeb93590_750;
v0x55afaeb93590_751 .array/port v0x55afaeb93590, 751;
v0x55afaeb93590_752 .array/port v0x55afaeb93590, 752;
v0x55afaeb93590_753 .array/port v0x55afaeb93590, 753;
v0x55afaeb93590_754 .array/port v0x55afaeb93590, 754;
E_0x55afaeb77280/188 .event anyedge, v0x55afaeb93590_751, v0x55afaeb93590_752, v0x55afaeb93590_753, v0x55afaeb93590_754;
v0x55afaeb93590_755 .array/port v0x55afaeb93590, 755;
v0x55afaeb93590_756 .array/port v0x55afaeb93590, 756;
v0x55afaeb93590_757 .array/port v0x55afaeb93590, 757;
v0x55afaeb93590_758 .array/port v0x55afaeb93590, 758;
E_0x55afaeb77280/189 .event anyedge, v0x55afaeb93590_755, v0x55afaeb93590_756, v0x55afaeb93590_757, v0x55afaeb93590_758;
v0x55afaeb93590_759 .array/port v0x55afaeb93590, 759;
v0x55afaeb93590_760 .array/port v0x55afaeb93590, 760;
v0x55afaeb93590_761 .array/port v0x55afaeb93590, 761;
v0x55afaeb93590_762 .array/port v0x55afaeb93590, 762;
E_0x55afaeb77280/190 .event anyedge, v0x55afaeb93590_759, v0x55afaeb93590_760, v0x55afaeb93590_761, v0x55afaeb93590_762;
v0x55afaeb93590_763 .array/port v0x55afaeb93590, 763;
v0x55afaeb93590_764 .array/port v0x55afaeb93590, 764;
v0x55afaeb93590_765 .array/port v0x55afaeb93590, 765;
v0x55afaeb93590_766 .array/port v0x55afaeb93590, 766;
E_0x55afaeb77280/191 .event anyedge, v0x55afaeb93590_763, v0x55afaeb93590_764, v0x55afaeb93590_765, v0x55afaeb93590_766;
v0x55afaeb93590_767 .array/port v0x55afaeb93590, 767;
v0x55afaeb93590_768 .array/port v0x55afaeb93590, 768;
v0x55afaeb93590_769 .array/port v0x55afaeb93590, 769;
v0x55afaeb93590_770 .array/port v0x55afaeb93590, 770;
E_0x55afaeb77280/192 .event anyedge, v0x55afaeb93590_767, v0x55afaeb93590_768, v0x55afaeb93590_769, v0x55afaeb93590_770;
v0x55afaeb93590_771 .array/port v0x55afaeb93590, 771;
v0x55afaeb93590_772 .array/port v0x55afaeb93590, 772;
v0x55afaeb93590_773 .array/port v0x55afaeb93590, 773;
v0x55afaeb93590_774 .array/port v0x55afaeb93590, 774;
E_0x55afaeb77280/193 .event anyedge, v0x55afaeb93590_771, v0x55afaeb93590_772, v0x55afaeb93590_773, v0x55afaeb93590_774;
v0x55afaeb93590_775 .array/port v0x55afaeb93590, 775;
v0x55afaeb93590_776 .array/port v0x55afaeb93590, 776;
v0x55afaeb93590_777 .array/port v0x55afaeb93590, 777;
v0x55afaeb93590_778 .array/port v0x55afaeb93590, 778;
E_0x55afaeb77280/194 .event anyedge, v0x55afaeb93590_775, v0x55afaeb93590_776, v0x55afaeb93590_777, v0x55afaeb93590_778;
v0x55afaeb93590_779 .array/port v0x55afaeb93590, 779;
v0x55afaeb93590_780 .array/port v0x55afaeb93590, 780;
v0x55afaeb93590_781 .array/port v0x55afaeb93590, 781;
v0x55afaeb93590_782 .array/port v0x55afaeb93590, 782;
E_0x55afaeb77280/195 .event anyedge, v0x55afaeb93590_779, v0x55afaeb93590_780, v0x55afaeb93590_781, v0x55afaeb93590_782;
v0x55afaeb93590_783 .array/port v0x55afaeb93590, 783;
v0x55afaeb93590_784 .array/port v0x55afaeb93590, 784;
v0x55afaeb93590_785 .array/port v0x55afaeb93590, 785;
v0x55afaeb93590_786 .array/port v0x55afaeb93590, 786;
E_0x55afaeb77280/196 .event anyedge, v0x55afaeb93590_783, v0x55afaeb93590_784, v0x55afaeb93590_785, v0x55afaeb93590_786;
v0x55afaeb93590_787 .array/port v0x55afaeb93590, 787;
v0x55afaeb93590_788 .array/port v0x55afaeb93590, 788;
v0x55afaeb93590_789 .array/port v0x55afaeb93590, 789;
v0x55afaeb93590_790 .array/port v0x55afaeb93590, 790;
E_0x55afaeb77280/197 .event anyedge, v0x55afaeb93590_787, v0x55afaeb93590_788, v0x55afaeb93590_789, v0x55afaeb93590_790;
v0x55afaeb93590_791 .array/port v0x55afaeb93590, 791;
v0x55afaeb93590_792 .array/port v0x55afaeb93590, 792;
v0x55afaeb93590_793 .array/port v0x55afaeb93590, 793;
v0x55afaeb93590_794 .array/port v0x55afaeb93590, 794;
E_0x55afaeb77280/198 .event anyedge, v0x55afaeb93590_791, v0x55afaeb93590_792, v0x55afaeb93590_793, v0x55afaeb93590_794;
v0x55afaeb93590_795 .array/port v0x55afaeb93590, 795;
v0x55afaeb93590_796 .array/port v0x55afaeb93590, 796;
v0x55afaeb93590_797 .array/port v0x55afaeb93590, 797;
v0x55afaeb93590_798 .array/port v0x55afaeb93590, 798;
E_0x55afaeb77280/199 .event anyedge, v0x55afaeb93590_795, v0x55afaeb93590_796, v0x55afaeb93590_797, v0x55afaeb93590_798;
v0x55afaeb93590_799 .array/port v0x55afaeb93590, 799;
v0x55afaeb93590_800 .array/port v0x55afaeb93590, 800;
v0x55afaeb93590_801 .array/port v0x55afaeb93590, 801;
v0x55afaeb93590_802 .array/port v0x55afaeb93590, 802;
E_0x55afaeb77280/200 .event anyedge, v0x55afaeb93590_799, v0x55afaeb93590_800, v0x55afaeb93590_801, v0x55afaeb93590_802;
v0x55afaeb93590_803 .array/port v0x55afaeb93590, 803;
v0x55afaeb93590_804 .array/port v0x55afaeb93590, 804;
v0x55afaeb93590_805 .array/port v0x55afaeb93590, 805;
v0x55afaeb93590_806 .array/port v0x55afaeb93590, 806;
E_0x55afaeb77280/201 .event anyedge, v0x55afaeb93590_803, v0x55afaeb93590_804, v0x55afaeb93590_805, v0x55afaeb93590_806;
v0x55afaeb93590_807 .array/port v0x55afaeb93590, 807;
v0x55afaeb93590_808 .array/port v0x55afaeb93590, 808;
v0x55afaeb93590_809 .array/port v0x55afaeb93590, 809;
v0x55afaeb93590_810 .array/port v0x55afaeb93590, 810;
E_0x55afaeb77280/202 .event anyedge, v0x55afaeb93590_807, v0x55afaeb93590_808, v0x55afaeb93590_809, v0x55afaeb93590_810;
v0x55afaeb93590_811 .array/port v0x55afaeb93590, 811;
v0x55afaeb93590_812 .array/port v0x55afaeb93590, 812;
v0x55afaeb93590_813 .array/port v0x55afaeb93590, 813;
v0x55afaeb93590_814 .array/port v0x55afaeb93590, 814;
E_0x55afaeb77280/203 .event anyedge, v0x55afaeb93590_811, v0x55afaeb93590_812, v0x55afaeb93590_813, v0x55afaeb93590_814;
v0x55afaeb93590_815 .array/port v0x55afaeb93590, 815;
v0x55afaeb93590_816 .array/port v0x55afaeb93590, 816;
v0x55afaeb93590_817 .array/port v0x55afaeb93590, 817;
v0x55afaeb93590_818 .array/port v0x55afaeb93590, 818;
E_0x55afaeb77280/204 .event anyedge, v0x55afaeb93590_815, v0x55afaeb93590_816, v0x55afaeb93590_817, v0x55afaeb93590_818;
v0x55afaeb93590_819 .array/port v0x55afaeb93590, 819;
v0x55afaeb93590_820 .array/port v0x55afaeb93590, 820;
v0x55afaeb93590_821 .array/port v0x55afaeb93590, 821;
v0x55afaeb93590_822 .array/port v0x55afaeb93590, 822;
E_0x55afaeb77280/205 .event anyedge, v0x55afaeb93590_819, v0x55afaeb93590_820, v0x55afaeb93590_821, v0x55afaeb93590_822;
v0x55afaeb93590_823 .array/port v0x55afaeb93590, 823;
v0x55afaeb93590_824 .array/port v0x55afaeb93590, 824;
v0x55afaeb93590_825 .array/port v0x55afaeb93590, 825;
v0x55afaeb93590_826 .array/port v0x55afaeb93590, 826;
E_0x55afaeb77280/206 .event anyedge, v0x55afaeb93590_823, v0x55afaeb93590_824, v0x55afaeb93590_825, v0x55afaeb93590_826;
v0x55afaeb93590_827 .array/port v0x55afaeb93590, 827;
v0x55afaeb93590_828 .array/port v0x55afaeb93590, 828;
v0x55afaeb93590_829 .array/port v0x55afaeb93590, 829;
v0x55afaeb93590_830 .array/port v0x55afaeb93590, 830;
E_0x55afaeb77280/207 .event anyedge, v0x55afaeb93590_827, v0x55afaeb93590_828, v0x55afaeb93590_829, v0x55afaeb93590_830;
v0x55afaeb93590_831 .array/port v0x55afaeb93590, 831;
v0x55afaeb93590_832 .array/port v0x55afaeb93590, 832;
v0x55afaeb93590_833 .array/port v0x55afaeb93590, 833;
v0x55afaeb93590_834 .array/port v0x55afaeb93590, 834;
E_0x55afaeb77280/208 .event anyedge, v0x55afaeb93590_831, v0x55afaeb93590_832, v0x55afaeb93590_833, v0x55afaeb93590_834;
v0x55afaeb93590_835 .array/port v0x55afaeb93590, 835;
v0x55afaeb93590_836 .array/port v0x55afaeb93590, 836;
v0x55afaeb93590_837 .array/port v0x55afaeb93590, 837;
v0x55afaeb93590_838 .array/port v0x55afaeb93590, 838;
E_0x55afaeb77280/209 .event anyedge, v0x55afaeb93590_835, v0x55afaeb93590_836, v0x55afaeb93590_837, v0x55afaeb93590_838;
v0x55afaeb93590_839 .array/port v0x55afaeb93590, 839;
v0x55afaeb93590_840 .array/port v0x55afaeb93590, 840;
v0x55afaeb93590_841 .array/port v0x55afaeb93590, 841;
v0x55afaeb93590_842 .array/port v0x55afaeb93590, 842;
E_0x55afaeb77280/210 .event anyedge, v0x55afaeb93590_839, v0x55afaeb93590_840, v0x55afaeb93590_841, v0x55afaeb93590_842;
v0x55afaeb93590_843 .array/port v0x55afaeb93590, 843;
v0x55afaeb93590_844 .array/port v0x55afaeb93590, 844;
v0x55afaeb93590_845 .array/port v0x55afaeb93590, 845;
v0x55afaeb93590_846 .array/port v0x55afaeb93590, 846;
E_0x55afaeb77280/211 .event anyedge, v0x55afaeb93590_843, v0x55afaeb93590_844, v0x55afaeb93590_845, v0x55afaeb93590_846;
v0x55afaeb93590_847 .array/port v0x55afaeb93590, 847;
v0x55afaeb93590_848 .array/port v0x55afaeb93590, 848;
v0x55afaeb93590_849 .array/port v0x55afaeb93590, 849;
v0x55afaeb93590_850 .array/port v0x55afaeb93590, 850;
E_0x55afaeb77280/212 .event anyedge, v0x55afaeb93590_847, v0x55afaeb93590_848, v0x55afaeb93590_849, v0x55afaeb93590_850;
v0x55afaeb93590_851 .array/port v0x55afaeb93590, 851;
v0x55afaeb93590_852 .array/port v0x55afaeb93590, 852;
v0x55afaeb93590_853 .array/port v0x55afaeb93590, 853;
v0x55afaeb93590_854 .array/port v0x55afaeb93590, 854;
E_0x55afaeb77280/213 .event anyedge, v0x55afaeb93590_851, v0x55afaeb93590_852, v0x55afaeb93590_853, v0x55afaeb93590_854;
v0x55afaeb93590_855 .array/port v0x55afaeb93590, 855;
v0x55afaeb93590_856 .array/port v0x55afaeb93590, 856;
v0x55afaeb93590_857 .array/port v0x55afaeb93590, 857;
v0x55afaeb93590_858 .array/port v0x55afaeb93590, 858;
E_0x55afaeb77280/214 .event anyedge, v0x55afaeb93590_855, v0x55afaeb93590_856, v0x55afaeb93590_857, v0x55afaeb93590_858;
v0x55afaeb93590_859 .array/port v0x55afaeb93590, 859;
v0x55afaeb93590_860 .array/port v0x55afaeb93590, 860;
v0x55afaeb93590_861 .array/port v0x55afaeb93590, 861;
v0x55afaeb93590_862 .array/port v0x55afaeb93590, 862;
E_0x55afaeb77280/215 .event anyedge, v0x55afaeb93590_859, v0x55afaeb93590_860, v0x55afaeb93590_861, v0x55afaeb93590_862;
v0x55afaeb93590_863 .array/port v0x55afaeb93590, 863;
v0x55afaeb93590_864 .array/port v0x55afaeb93590, 864;
v0x55afaeb93590_865 .array/port v0x55afaeb93590, 865;
v0x55afaeb93590_866 .array/port v0x55afaeb93590, 866;
E_0x55afaeb77280/216 .event anyedge, v0x55afaeb93590_863, v0x55afaeb93590_864, v0x55afaeb93590_865, v0x55afaeb93590_866;
v0x55afaeb93590_867 .array/port v0x55afaeb93590, 867;
v0x55afaeb93590_868 .array/port v0x55afaeb93590, 868;
v0x55afaeb93590_869 .array/port v0x55afaeb93590, 869;
v0x55afaeb93590_870 .array/port v0x55afaeb93590, 870;
E_0x55afaeb77280/217 .event anyedge, v0x55afaeb93590_867, v0x55afaeb93590_868, v0x55afaeb93590_869, v0x55afaeb93590_870;
v0x55afaeb93590_871 .array/port v0x55afaeb93590, 871;
v0x55afaeb93590_872 .array/port v0x55afaeb93590, 872;
v0x55afaeb93590_873 .array/port v0x55afaeb93590, 873;
v0x55afaeb93590_874 .array/port v0x55afaeb93590, 874;
E_0x55afaeb77280/218 .event anyedge, v0x55afaeb93590_871, v0x55afaeb93590_872, v0x55afaeb93590_873, v0x55afaeb93590_874;
v0x55afaeb93590_875 .array/port v0x55afaeb93590, 875;
v0x55afaeb93590_876 .array/port v0x55afaeb93590, 876;
v0x55afaeb93590_877 .array/port v0x55afaeb93590, 877;
v0x55afaeb93590_878 .array/port v0x55afaeb93590, 878;
E_0x55afaeb77280/219 .event anyedge, v0x55afaeb93590_875, v0x55afaeb93590_876, v0x55afaeb93590_877, v0x55afaeb93590_878;
v0x55afaeb93590_879 .array/port v0x55afaeb93590, 879;
v0x55afaeb93590_880 .array/port v0x55afaeb93590, 880;
v0x55afaeb93590_881 .array/port v0x55afaeb93590, 881;
v0x55afaeb93590_882 .array/port v0x55afaeb93590, 882;
E_0x55afaeb77280/220 .event anyedge, v0x55afaeb93590_879, v0x55afaeb93590_880, v0x55afaeb93590_881, v0x55afaeb93590_882;
v0x55afaeb93590_883 .array/port v0x55afaeb93590, 883;
v0x55afaeb93590_884 .array/port v0x55afaeb93590, 884;
v0x55afaeb93590_885 .array/port v0x55afaeb93590, 885;
v0x55afaeb93590_886 .array/port v0x55afaeb93590, 886;
E_0x55afaeb77280/221 .event anyedge, v0x55afaeb93590_883, v0x55afaeb93590_884, v0x55afaeb93590_885, v0x55afaeb93590_886;
v0x55afaeb93590_887 .array/port v0x55afaeb93590, 887;
v0x55afaeb93590_888 .array/port v0x55afaeb93590, 888;
v0x55afaeb93590_889 .array/port v0x55afaeb93590, 889;
v0x55afaeb93590_890 .array/port v0x55afaeb93590, 890;
E_0x55afaeb77280/222 .event anyedge, v0x55afaeb93590_887, v0x55afaeb93590_888, v0x55afaeb93590_889, v0x55afaeb93590_890;
v0x55afaeb93590_891 .array/port v0x55afaeb93590, 891;
v0x55afaeb93590_892 .array/port v0x55afaeb93590, 892;
v0x55afaeb93590_893 .array/port v0x55afaeb93590, 893;
v0x55afaeb93590_894 .array/port v0x55afaeb93590, 894;
E_0x55afaeb77280/223 .event anyedge, v0x55afaeb93590_891, v0x55afaeb93590_892, v0x55afaeb93590_893, v0x55afaeb93590_894;
v0x55afaeb93590_895 .array/port v0x55afaeb93590, 895;
v0x55afaeb93590_896 .array/port v0x55afaeb93590, 896;
v0x55afaeb93590_897 .array/port v0x55afaeb93590, 897;
v0x55afaeb93590_898 .array/port v0x55afaeb93590, 898;
E_0x55afaeb77280/224 .event anyedge, v0x55afaeb93590_895, v0x55afaeb93590_896, v0x55afaeb93590_897, v0x55afaeb93590_898;
v0x55afaeb93590_899 .array/port v0x55afaeb93590, 899;
v0x55afaeb93590_900 .array/port v0x55afaeb93590, 900;
v0x55afaeb93590_901 .array/port v0x55afaeb93590, 901;
v0x55afaeb93590_902 .array/port v0x55afaeb93590, 902;
E_0x55afaeb77280/225 .event anyedge, v0x55afaeb93590_899, v0x55afaeb93590_900, v0x55afaeb93590_901, v0x55afaeb93590_902;
v0x55afaeb93590_903 .array/port v0x55afaeb93590, 903;
v0x55afaeb93590_904 .array/port v0x55afaeb93590, 904;
v0x55afaeb93590_905 .array/port v0x55afaeb93590, 905;
v0x55afaeb93590_906 .array/port v0x55afaeb93590, 906;
E_0x55afaeb77280/226 .event anyedge, v0x55afaeb93590_903, v0x55afaeb93590_904, v0x55afaeb93590_905, v0x55afaeb93590_906;
v0x55afaeb93590_907 .array/port v0x55afaeb93590, 907;
v0x55afaeb93590_908 .array/port v0x55afaeb93590, 908;
v0x55afaeb93590_909 .array/port v0x55afaeb93590, 909;
v0x55afaeb93590_910 .array/port v0x55afaeb93590, 910;
E_0x55afaeb77280/227 .event anyedge, v0x55afaeb93590_907, v0x55afaeb93590_908, v0x55afaeb93590_909, v0x55afaeb93590_910;
v0x55afaeb93590_911 .array/port v0x55afaeb93590, 911;
v0x55afaeb93590_912 .array/port v0x55afaeb93590, 912;
v0x55afaeb93590_913 .array/port v0x55afaeb93590, 913;
v0x55afaeb93590_914 .array/port v0x55afaeb93590, 914;
E_0x55afaeb77280/228 .event anyedge, v0x55afaeb93590_911, v0x55afaeb93590_912, v0x55afaeb93590_913, v0x55afaeb93590_914;
v0x55afaeb93590_915 .array/port v0x55afaeb93590, 915;
v0x55afaeb93590_916 .array/port v0x55afaeb93590, 916;
v0x55afaeb93590_917 .array/port v0x55afaeb93590, 917;
v0x55afaeb93590_918 .array/port v0x55afaeb93590, 918;
E_0x55afaeb77280/229 .event anyedge, v0x55afaeb93590_915, v0x55afaeb93590_916, v0x55afaeb93590_917, v0x55afaeb93590_918;
v0x55afaeb93590_919 .array/port v0x55afaeb93590, 919;
v0x55afaeb93590_920 .array/port v0x55afaeb93590, 920;
v0x55afaeb93590_921 .array/port v0x55afaeb93590, 921;
v0x55afaeb93590_922 .array/port v0x55afaeb93590, 922;
E_0x55afaeb77280/230 .event anyedge, v0x55afaeb93590_919, v0x55afaeb93590_920, v0x55afaeb93590_921, v0x55afaeb93590_922;
v0x55afaeb93590_923 .array/port v0x55afaeb93590, 923;
v0x55afaeb93590_924 .array/port v0x55afaeb93590, 924;
v0x55afaeb93590_925 .array/port v0x55afaeb93590, 925;
v0x55afaeb93590_926 .array/port v0x55afaeb93590, 926;
E_0x55afaeb77280/231 .event anyedge, v0x55afaeb93590_923, v0x55afaeb93590_924, v0x55afaeb93590_925, v0x55afaeb93590_926;
v0x55afaeb93590_927 .array/port v0x55afaeb93590, 927;
v0x55afaeb93590_928 .array/port v0x55afaeb93590, 928;
v0x55afaeb93590_929 .array/port v0x55afaeb93590, 929;
v0x55afaeb93590_930 .array/port v0x55afaeb93590, 930;
E_0x55afaeb77280/232 .event anyedge, v0x55afaeb93590_927, v0x55afaeb93590_928, v0x55afaeb93590_929, v0x55afaeb93590_930;
v0x55afaeb93590_931 .array/port v0x55afaeb93590, 931;
v0x55afaeb93590_932 .array/port v0x55afaeb93590, 932;
v0x55afaeb93590_933 .array/port v0x55afaeb93590, 933;
v0x55afaeb93590_934 .array/port v0x55afaeb93590, 934;
E_0x55afaeb77280/233 .event anyedge, v0x55afaeb93590_931, v0x55afaeb93590_932, v0x55afaeb93590_933, v0x55afaeb93590_934;
v0x55afaeb93590_935 .array/port v0x55afaeb93590, 935;
v0x55afaeb93590_936 .array/port v0x55afaeb93590, 936;
v0x55afaeb93590_937 .array/port v0x55afaeb93590, 937;
v0x55afaeb93590_938 .array/port v0x55afaeb93590, 938;
E_0x55afaeb77280/234 .event anyedge, v0x55afaeb93590_935, v0x55afaeb93590_936, v0x55afaeb93590_937, v0x55afaeb93590_938;
v0x55afaeb93590_939 .array/port v0x55afaeb93590, 939;
v0x55afaeb93590_940 .array/port v0x55afaeb93590, 940;
v0x55afaeb93590_941 .array/port v0x55afaeb93590, 941;
v0x55afaeb93590_942 .array/port v0x55afaeb93590, 942;
E_0x55afaeb77280/235 .event anyedge, v0x55afaeb93590_939, v0x55afaeb93590_940, v0x55afaeb93590_941, v0x55afaeb93590_942;
v0x55afaeb93590_943 .array/port v0x55afaeb93590, 943;
v0x55afaeb93590_944 .array/port v0x55afaeb93590, 944;
v0x55afaeb93590_945 .array/port v0x55afaeb93590, 945;
v0x55afaeb93590_946 .array/port v0x55afaeb93590, 946;
E_0x55afaeb77280/236 .event anyedge, v0x55afaeb93590_943, v0x55afaeb93590_944, v0x55afaeb93590_945, v0x55afaeb93590_946;
v0x55afaeb93590_947 .array/port v0x55afaeb93590, 947;
v0x55afaeb93590_948 .array/port v0x55afaeb93590, 948;
v0x55afaeb93590_949 .array/port v0x55afaeb93590, 949;
v0x55afaeb93590_950 .array/port v0x55afaeb93590, 950;
E_0x55afaeb77280/237 .event anyedge, v0x55afaeb93590_947, v0x55afaeb93590_948, v0x55afaeb93590_949, v0x55afaeb93590_950;
v0x55afaeb93590_951 .array/port v0x55afaeb93590, 951;
v0x55afaeb93590_952 .array/port v0x55afaeb93590, 952;
v0x55afaeb93590_953 .array/port v0x55afaeb93590, 953;
v0x55afaeb93590_954 .array/port v0x55afaeb93590, 954;
E_0x55afaeb77280/238 .event anyedge, v0x55afaeb93590_951, v0x55afaeb93590_952, v0x55afaeb93590_953, v0x55afaeb93590_954;
v0x55afaeb93590_955 .array/port v0x55afaeb93590, 955;
v0x55afaeb93590_956 .array/port v0x55afaeb93590, 956;
v0x55afaeb93590_957 .array/port v0x55afaeb93590, 957;
v0x55afaeb93590_958 .array/port v0x55afaeb93590, 958;
E_0x55afaeb77280/239 .event anyedge, v0x55afaeb93590_955, v0x55afaeb93590_956, v0x55afaeb93590_957, v0x55afaeb93590_958;
v0x55afaeb93590_959 .array/port v0x55afaeb93590, 959;
v0x55afaeb93590_960 .array/port v0x55afaeb93590, 960;
v0x55afaeb93590_961 .array/port v0x55afaeb93590, 961;
v0x55afaeb93590_962 .array/port v0x55afaeb93590, 962;
E_0x55afaeb77280/240 .event anyedge, v0x55afaeb93590_959, v0x55afaeb93590_960, v0x55afaeb93590_961, v0x55afaeb93590_962;
v0x55afaeb93590_963 .array/port v0x55afaeb93590, 963;
v0x55afaeb93590_964 .array/port v0x55afaeb93590, 964;
v0x55afaeb93590_965 .array/port v0x55afaeb93590, 965;
v0x55afaeb93590_966 .array/port v0x55afaeb93590, 966;
E_0x55afaeb77280/241 .event anyedge, v0x55afaeb93590_963, v0x55afaeb93590_964, v0x55afaeb93590_965, v0x55afaeb93590_966;
v0x55afaeb93590_967 .array/port v0x55afaeb93590, 967;
v0x55afaeb93590_968 .array/port v0x55afaeb93590, 968;
v0x55afaeb93590_969 .array/port v0x55afaeb93590, 969;
v0x55afaeb93590_970 .array/port v0x55afaeb93590, 970;
E_0x55afaeb77280/242 .event anyedge, v0x55afaeb93590_967, v0x55afaeb93590_968, v0x55afaeb93590_969, v0x55afaeb93590_970;
v0x55afaeb93590_971 .array/port v0x55afaeb93590, 971;
v0x55afaeb93590_972 .array/port v0x55afaeb93590, 972;
v0x55afaeb93590_973 .array/port v0x55afaeb93590, 973;
v0x55afaeb93590_974 .array/port v0x55afaeb93590, 974;
E_0x55afaeb77280/243 .event anyedge, v0x55afaeb93590_971, v0x55afaeb93590_972, v0x55afaeb93590_973, v0x55afaeb93590_974;
v0x55afaeb93590_975 .array/port v0x55afaeb93590, 975;
v0x55afaeb93590_976 .array/port v0x55afaeb93590, 976;
v0x55afaeb93590_977 .array/port v0x55afaeb93590, 977;
v0x55afaeb93590_978 .array/port v0x55afaeb93590, 978;
E_0x55afaeb77280/244 .event anyedge, v0x55afaeb93590_975, v0x55afaeb93590_976, v0x55afaeb93590_977, v0x55afaeb93590_978;
v0x55afaeb93590_979 .array/port v0x55afaeb93590, 979;
v0x55afaeb93590_980 .array/port v0x55afaeb93590, 980;
v0x55afaeb93590_981 .array/port v0x55afaeb93590, 981;
v0x55afaeb93590_982 .array/port v0x55afaeb93590, 982;
E_0x55afaeb77280/245 .event anyedge, v0x55afaeb93590_979, v0x55afaeb93590_980, v0x55afaeb93590_981, v0x55afaeb93590_982;
v0x55afaeb93590_983 .array/port v0x55afaeb93590, 983;
v0x55afaeb93590_984 .array/port v0x55afaeb93590, 984;
v0x55afaeb93590_985 .array/port v0x55afaeb93590, 985;
v0x55afaeb93590_986 .array/port v0x55afaeb93590, 986;
E_0x55afaeb77280/246 .event anyedge, v0x55afaeb93590_983, v0x55afaeb93590_984, v0x55afaeb93590_985, v0x55afaeb93590_986;
v0x55afaeb93590_987 .array/port v0x55afaeb93590, 987;
v0x55afaeb93590_988 .array/port v0x55afaeb93590, 988;
v0x55afaeb93590_989 .array/port v0x55afaeb93590, 989;
v0x55afaeb93590_990 .array/port v0x55afaeb93590, 990;
E_0x55afaeb77280/247 .event anyedge, v0x55afaeb93590_987, v0x55afaeb93590_988, v0x55afaeb93590_989, v0x55afaeb93590_990;
v0x55afaeb93590_991 .array/port v0x55afaeb93590, 991;
v0x55afaeb93590_992 .array/port v0x55afaeb93590, 992;
v0x55afaeb93590_993 .array/port v0x55afaeb93590, 993;
v0x55afaeb93590_994 .array/port v0x55afaeb93590, 994;
E_0x55afaeb77280/248 .event anyedge, v0x55afaeb93590_991, v0x55afaeb93590_992, v0x55afaeb93590_993, v0x55afaeb93590_994;
v0x55afaeb93590_995 .array/port v0x55afaeb93590, 995;
v0x55afaeb93590_996 .array/port v0x55afaeb93590, 996;
v0x55afaeb93590_997 .array/port v0x55afaeb93590, 997;
v0x55afaeb93590_998 .array/port v0x55afaeb93590, 998;
E_0x55afaeb77280/249 .event anyedge, v0x55afaeb93590_995, v0x55afaeb93590_996, v0x55afaeb93590_997, v0x55afaeb93590_998;
v0x55afaeb93590_999 .array/port v0x55afaeb93590, 999;
v0x55afaeb93590_1000 .array/port v0x55afaeb93590, 1000;
v0x55afaeb93590_1001 .array/port v0x55afaeb93590, 1001;
v0x55afaeb93590_1002 .array/port v0x55afaeb93590, 1002;
E_0x55afaeb77280/250 .event anyedge, v0x55afaeb93590_999, v0x55afaeb93590_1000, v0x55afaeb93590_1001, v0x55afaeb93590_1002;
v0x55afaeb93590_1003 .array/port v0x55afaeb93590, 1003;
v0x55afaeb93590_1004 .array/port v0x55afaeb93590, 1004;
v0x55afaeb93590_1005 .array/port v0x55afaeb93590, 1005;
v0x55afaeb93590_1006 .array/port v0x55afaeb93590, 1006;
E_0x55afaeb77280/251 .event anyedge, v0x55afaeb93590_1003, v0x55afaeb93590_1004, v0x55afaeb93590_1005, v0x55afaeb93590_1006;
v0x55afaeb93590_1007 .array/port v0x55afaeb93590, 1007;
v0x55afaeb93590_1008 .array/port v0x55afaeb93590, 1008;
v0x55afaeb93590_1009 .array/port v0x55afaeb93590, 1009;
v0x55afaeb93590_1010 .array/port v0x55afaeb93590, 1010;
E_0x55afaeb77280/252 .event anyedge, v0x55afaeb93590_1007, v0x55afaeb93590_1008, v0x55afaeb93590_1009, v0x55afaeb93590_1010;
v0x55afaeb93590_1011 .array/port v0x55afaeb93590, 1011;
v0x55afaeb93590_1012 .array/port v0x55afaeb93590, 1012;
v0x55afaeb93590_1013 .array/port v0x55afaeb93590, 1013;
v0x55afaeb93590_1014 .array/port v0x55afaeb93590, 1014;
E_0x55afaeb77280/253 .event anyedge, v0x55afaeb93590_1011, v0x55afaeb93590_1012, v0x55afaeb93590_1013, v0x55afaeb93590_1014;
v0x55afaeb93590_1015 .array/port v0x55afaeb93590, 1015;
v0x55afaeb93590_1016 .array/port v0x55afaeb93590, 1016;
v0x55afaeb93590_1017 .array/port v0x55afaeb93590, 1017;
v0x55afaeb93590_1018 .array/port v0x55afaeb93590, 1018;
E_0x55afaeb77280/254 .event anyedge, v0x55afaeb93590_1015, v0x55afaeb93590_1016, v0x55afaeb93590_1017, v0x55afaeb93590_1018;
v0x55afaeb93590_1019 .array/port v0x55afaeb93590, 1019;
v0x55afaeb93590_1020 .array/port v0x55afaeb93590, 1020;
v0x55afaeb93590_1021 .array/port v0x55afaeb93590, 1021;
v0x55afaeb93590_1022 .array/port v0x55afaeb93590, 1022;
E_0x55afaeb77280/255 .event anyedge, v0x55afaeb93590_1019, v0x55afaeb93590_1020, v0x55afaeb93590_1021, v0x55afaeb93590_1022;
v0x55afaeb93590_1023 .array/port v0x55afaeb93590, 1023;
v0x55afaeb93590_1024 .array/port v0x55afaeb93590, 1024;
v0x55afaeb93590_1025 .array/port v0x55afaeb93590, 1025;
v0x55afaeb93590_1026 .array/port v0x55afaeb93590, 1026;
E_0x55afaeb77280/256 .event anyedge, v0x55afaeb93590_1023, v0x55afaeb93590_1024, v0x55afaeb93590_1025, v0x55afaeb93590_1026;
v0x55afaeb93590_1027 .array/port v0x55afaeb93590, 1027;
v0x55afaeb93590_1028 .array/port v0x55afaeb93590, 1028;
v0x55afaeb93590_1029 .array/port v0x55afaeb93590, 1029;
v0x55afaeb93590_1030 .array/port v0x55afaeb93590, 1030;
E_0x55afaeb77280/257 .event anyedge, v0x55afaeb93590_1027, v0x55afaeb93590_1028, v0x55afaeb93590_1029, v0x55afaeb93590_1030;
v0x55afaeb93590_1031 .array/port v0x55afaeb93590, 1031;
v0x55afaeb93590_1032 .array/port v0x55afaeb93590, 1032;
v0x55afaeb93590_1033 .array/port v0x55afaeb93590, 1033;
v0x55afaeb93590_1034 .array/port v0x55afaeb93590, 1034;
E_0x55afaeb77280/258 .event anyedge, v0x55afaeb93590_1031, v0x55afaeb93590_1032, v0x55afaeb93590_1033, v0x55afaeb93590_1034;
v0x55afaeb93590_1035 .array/port v0x55afaeb93590, 1035;
v0x55afaeb93590_1036 .array/port v0x55afaeb93590, 1036;
v0x55afaeb93590_1037 .array/port v0x55afaeb93590, 1037;
v0x55afaeb93590_1038 .array/port v0x55afaeb93590, 1038;
E_0x55afaeb77280/259 .event anyedge, v0x55afaeb93590_1035, v0x55afaeb93590_1036, v0x55afaeb93590_1037, v0x55afaeb93590_1038;
v0x55afaeb93590_1039 .array/port v0x55afaeb93590, 1039;
v0x55afaeb93590_1040 .array/port v0x55afaeb93590, 1040;
v0x55afaeb93590_1041 .array/port v0x55afaeb93590, 1041;
v0x55afaeb93590_1042 .array/port v0x55afaeb93590, 1042;
E_0x55afaeb77280/260 .event anyedge, v0x55afaeb93590_1039, v0x55afaeb93590_1040, v0x55afaeb93590_1041, v0x55afaeb93590_1042;
v0x55afaeb93590_1043 .array/port v0x55afaeb93590, 1043;
v0x55afaeb93590_1044 .array/port v0x55afaeb93590, 1044;
v0x55afaeb93590_1045 .array/port v0x55afaeb93590, 1045;
v0x55afaeb93590_1046 .array/port v0x55afaeb93590, 1046;
E_0x55afaeb77280/261 .event anyedge, v0x55afaeb93590_1043, v0x55afaeb93590_1044, v0x55afaeb93590_1045, v0x55afaeb93590_1046;
v0x55afaeb93590_1047 .array/port v0x55afaeb93590, 1047;
v0x55afaeb93590_1048 .array/port v0x55afaeb93590, 1048;
v0x55afaeb93590_1049 .array/port v0x55afaeb93590, 1049;
v0x55afaeb93590_1050 .array/port v0x55afaeb93590, 1050;
E_0x55afaeb77280/262 .event anyedge, v0x55afaeb93590_1047, v0x55afaeb93590_1048, v0x55afaeb93590_1049, v0x55afaeb93590_1050;
v0x55afaeb93590_1051 .array/port v0x55afaeb93590, 1051;
v0x55afaeb93590_1052 .array/port v0x55afaeb93590, 1052;
v0x55afaeb93590_1053 .array/port v0x55afaeb93590, 1053;
v0x55afaeb93590_1054 .array/port v0x55afaeb93590, 1054;
E_0x55afaeb77280/263 .event anyedge, v0x55afaeb93590_1051, v0x55afaeb93590_1052, v0x55afaeb93590_1053, v0x55afaeb93590_1054;
v0x55afaeb93590_1055 .array/port v0x55afaeb93590, 1055;
v0x55afaeb93590_1056 .array/port v0x55afaeb93590, 1056;
v0x55afaeb93590_1057 .array/port v0x55afaeb93590, 1057;
v0x55afaeb93590_1058 .array/port v0x55afaeb93590, 1058;
E_0x55afaeb77280/264 .event anyedge, v0x55afaeb93590_1055, v0x55afaeb93590_1056, v0x55afaeb93590_1057, v0x55afaeb93590_1058;
v0x55afaeb93590_1059 .array/port v0x55afaeb93590, 1059;
v0x55afaeb93590_1060 .array/port v0x55afaeb93590, 1060;
v0x55afaeb93590_1061 .array/port v0x55afaeb93590, 1061;
v0x55afaeb93590_1062 .array/port v0x55afaeb93590, 1062;
E_0x55afaeb77280/265 .event anyedge, v0x55afaeb93590_1059, v0x55afaeb93590_1060, v0x55afaeb93590_1061, v0x55afaeb93590_1062;
v0x55afaeb93590_1063 .array/port v0x55afaeb93590, 1063;
v0x55afaeb93590_1064 .array/port v0x55afaeb93590, 1064;
v0x55afaeb93590_1065 .array/port v0x55afaeb93590, 1065;
v0x55afaeb93590_1066 .array/port v0x55afaeb93590, 1066;
E_0x55afaeb77280/266 .event anyedge, v0x55afaeb93590_1063, v0x55afaeb93590_1064, v0x55afaeb93590_1065, v0x55afaeb93590_1066;
v0x55afaeb93590_1067 .array/port v0x55afaeb93590, 1067;
v0x55afaeb93590_1068 .array/port v0x55afaeb93590, 1068;
v0x55afaeb93590_1069 .array/port v0x55afaeb93590, 1069;
v0x55afaeb93590_1070 .array/port v0x55afaeb93590, 1070;
E_0x55afaeb77280/267 .event anyedge, v0x55afaeb93590_1067, v0x55afaeb93590_1068, v0x55afaeb93590_1069, v0x55afaeb93590_1070;
v0x55afaeb93590_1071 .array/port v0x55afaeb93590, 1071;
v0x55afaeb93590_1072 .array/port v0x55afaeb93590, 1072;
v0x55afaeb93590_1073 .array/port v0x55afaeb93590, 1073;
v0x55afaeb93590_1074 .array/port v0x55afaeb93590, 1074;
E_0x55afaeb77280/268 .event anyedge, v0x55afaeb93590_1071, v0x55afaeb93590_1072, v0x55afaeb93590_1073, v0x55afaeb93590_1074;
v0x55afaeb93590_1075 .array/port v0x55afaeb93590, 1075;
v0x55afaeb93590_1076 .array/port v0x55afaeb93590, 1076;
v0x55afaeb93590_1077 .array/port v0x55afaeb93590, 1077;
v0x55afaeb93590_1078 .array/port v0x55afaeb93590, 1078;
E_0x55afaeb77280/269 .event anyedge, v0x55afaeb93590_1075, v0x55afaeb93590_1076, v0x55afaeb93590_1077, v0x55afaeb93590_1078;
v0x55afaeb93590_1079 .array/port v0x55afaeb93590, 1079;
v0x55afaeb93590_1080 .array/port v0x55afaeb93590, 1080;
v0x55afaeb93590_1081 .array/port v0x55afaeb93590, 1081;
v0x55afaeb93590_1082 .array/port v0x55afaeb93590, 1082;
E_0x55afaeb77280/270 .event anyedge, v0x55afaeb93590_1079, v0x55afaeb93590_1080, v0x55afaeb93590_1081, v0x55afaeb93590_1082;
v0x55afaeb93590_1083 .array/port v0x55afaeb93590, 1083;
v0x55afaeb93590_1084 .array/port v0x55afaeb93590, 1084;
v0x55afaeb93590_1085 .array/port v0x55afaeb93590, 1085;
v0x55afaeb93590_1086 .array/port v0x55afaeb93590, 1086;
E_0x55afaeb77280/271 .event anyedge, v0x55afaeb93590_1083, v0x55afaeb93590_1084, v0x55afaeb93590_1085, v0x55afaeb93590_1086;
v0x55afaeb93590_1087 .array/port v0x55afaeb93590, 1087;
v0x55afaeb93590_1088 .array/port v0x55afaeb93590, 1088;
v0x55afaeb93590_1089 .array/port v0x55afaeb93590, 1089;
v0x55afaeb93590_1090 .array/port v0x55afaeb93590, 1090;
E_0x55afaeb77280/272 .event anyedge, v0x55afaeb93590_1087, v0x55afaeb93590_1088, v0x55afaeb93590_1089, v0x55afaeb93590_1090;
v0x55afaeb93590_1091 .array/port v0x55afaeb93590, 1091;
v0x55afaeb93590_1092 .array/port v0x55afaeb93590, 1092;
v0x55afaeb93590_1093 .array/port v0x55afaeb93590, 1093;
v0x55afaeb93590_1094 .array/port v0x55afaeb93590, 1094;
E_0x55afaeb77280/273 .event anyedge, v0x55afaeb93590_1091, v0x55afaeb93590_1092, v0x55afaeb93590_1093, v0x55afaeb93590_1094;
v0x55afaeb93590_1095 .array/port v0x55afaeb93590, 1095;
v0x55afaeb93590_1096 .array/port v0x55afaeb93590, 1096;
v0x55afaeb93590_1097 .array/port v0x55afaeb93590, 1097;
v0x55afaeb93590_1098 .array/port v0x55afaeb93590, 1098;
E_0x55afaeb77280/274 .event anyedge, v0x55afaeb93590_1095, v0x55afaeb93590_1096, v0x55afaeb93590_1097, v0x55afaeb93590_1098;
v0x55afaeb93590_1099 .array/port v0x55afaeb93590, 1099;
v0x55afaeb93590_1100 .array/port v0x55afaeb93590, 1100;
v0x55afaeb93590_1101 .array/port v0x55afaeb93590, 1101;
v0x55afaeb93590_1102 .array/port v0x55afaeb93590, 1102;
E_0x55afaeb77280/275 .event anyedge, v0x55afaeb93590_1099, v0x55afaeb93590_1100, v0x55afaeb93590_1101, v0x55afaeb93590_1102;
v0x55afaeb93590_1103 .array/port v0x55afaeb93590, 1103;
v0x55afaeb93590_1104 .array/port v0x55afaeb93590, 1104;
v0x55afaeb93590_1105 .array/port v0x55afaeb93590, 1105;
v0x55afaeb93590_1106 .array/port v0x55afaeb93590, 1106;
E_0x55afaeb77280/276 .event anyedge, v0x55afaeb93590_1103, v0x55afaeb93590_1104, v0x55afaeb93590_1105, v0x55afaeb93590_1106;
v0x55afaeb93590_1107 .array/port v0x55afaeb93590, 1107;
v0x55afaeb93590_1108 .array/port v0x55afaeb93590, 1108;
v0x55afaeb93590_1109 .array/port v0x55afaeb93590, 1109;
v0x55afaeb93590_1110 .array/port v0x55afaeb93590, 1110;
E_0x55afaeb77280/277 .event anyedge, v0x55afaeb93590_1107, v0x55afaeb93590_1108, v0x55afaeb93590_1109, v0x55afaeb93590_1110;
v0x55afaeb93590_1111 .array/port v0x55afaeb93590, 1111;
v0x55afaeb93590_1112 .array/port v0x55afaeb93590, 1112;
v0x55afaeb93590_1113 .array/port v0x55afaeb93590, 1113;
v0x55afaeb93590_1114 .array/port v0x55afaeb93590, 1114;
E_0x55afaeb77280/278 .event anyedge, v0x55afaeb93590_1111, v0x55afaeb93590_1112, v0x55afaeb93590_1113, v0x55afaeb93590_1114;
v0x55afaeb93590_1115 .array/port v0x55afaeb93590, 1115;
v0x55afaeb93590_1116 .array/port v0x55afaeb93590, 1116;
v0x55afaeb93590_1117 .array/port v0x55afaeb93590, 1117;
v0x55afaeb93590_1118 .array/port v0x55afaeb93590, 1118;
E_0x55afaeb77280/279 .event anyedge, v0x55afaeb93590_1115, v0x55afaeb93590_1116, v0x55afaeb93590_1117, v0x55afaeb93590_1118;
v0x55afaeb93590_1119 .array/port v0x55afaeb93590, 1119;
v0x55afaeb93590_1120 .array/port v0x55afaeb93590, 1120;
v0x55afaeb93590_1121 .array/port v0x55afaeb93590, 1121;
v0x55afaeb93590_1122 .array/port v0x55afaeb93590, 1122;
E_0x55afaeb77280/280 .event anyedge, v0x55afaeb93590_1119, v0x55afaeb93590_1120, v0x55afaeb93590_1121, v0x55afaeb93590_1122;
v0x55afaeb93590_1123 .array/port v0x55afaeb93590, 1123;
v0x55afaeb93590_1124 .array/port v0x55afaeb93590, 1124;
v0x55afaeb93590_1125 .array/port v0x55afaeb93590, 1125;
v0x55afaeb93590_1126 .array/port v0x55afaeb93590, 1126;
E_0x55afaeb77280/281 .event anyedge, v0x55afaeb93590_1123, v0x55afaeb93590_1124, v0x55afaeb93590_1125, v0x55afaeb93590_1126;
v0x55afaeb93590_1127 .array/port v0x55afaeb93590, 1127;
v0x55afaeb93590_1128 .array/port v0x55afaeb93590, 1128;
v0x55afaeb93590_1129 .array/port v0x55afaeb93590, 1129;
v0x55afaeb93590_1130 .array/port v0x55afaeb93590, 1130;
E_0x55afaeb77280/282 .event anyedge, v0x55afaeb93590_1127, v0x55afaeb93590_1128, v0x55afaeb93590_1129, v0x55afaeb93590_1130;
v0x55afaeb93590_1131 .array/port v0x55afaeb93590, 1131;
v0x55afaeb93590_1132 .array/port v0x55afaeb93590, 1132;
v0x55afaeb93590_1133 .array/port v0x55afaeb93590, 1133;
v0x55afaeb93590_1134 .array/port v0x55afaeb93590, 1134;
E_0x55afaeb77280/283 .event anyedge, v0x55afaeb93590_1131, v0x55afaeb93590_1132, v0x55afaeb93590_1133, v0x55afaeb93590_1134;
v0x55afaeb93590_1135 .array/port v0x55afaeb93590, 1135;
v0x55afaeb93590_1136 .array/port v0x55afaeb93590, 1136;
v0x55afaeb93590_1137 .array/port v0x55afaeb93590, 1137;
v0x55afaeb93590_1138 .array/port v0x55afaeb93590, 1138;
E_0x55afaeb77280/284 .event anyedge, v0x55afaeb93590_1135, v0x55afaeb93590_1136, v0x55afaeb93590_1137, v0x55afaeb93590_1138;
v0x55afaeb93590_1139 .array/port v0x55afaeb93590, 1139;
v0x55afaeb93590_1140 .array/port v0x55afaeb93590, 1140;
v0x55afaeb93590_1141 .array/port v0x55afaeb93590, 1141;
v0x55afaeb93590_1142 .array/port v0x55afaeb93590, 1142;
E_0x55afaeb77280/285 .event anyedge, v0x55afaeb93590_1139, v0x55afaeb93590_1140, v0x55afaeb93590_1141, v0x55afaeb93590_1142;
v0x55afaeb93590_1143 .array/port v0x55afaeb93590, 1143;
v0x55afaeb93590_1144 .array/port v0x55afaeb93590, 1144;
v0x55afaeb93590_1145 .array/port v0x55afaeb93590, 1145;
v0x55afaeb93590_1146 .array/port v0x55afaeb93590, 1146;
E_0x55afaeb77280/286 .event anyedge, v0x55afaeb93590_1143, v0x55afaeb93590_1144, v0x55afaeb93590_1145, v0x55afaeb93590_1146;
v0x55afaeb93590_1147 .array/port v0x55afaeb93590, 1147;
v0x55afaeb93590_1148 .array/port v0x55afaeb93590, 1148;
v0x55afaeb93590_1149 .array/port v0x55afaeb93590, 1149;
v0x55afaeb93590_1150 .array/port v0x55afaeb93590, 1150;
E_0x55afaeb77280/287 .event anyedge, v0x55afaeb93590_1147, v0x55afaeb93590_1148, v0x55afaeb93590_1149, v0x55afaeb93590_1150;
v0x55afaeb93590_1151 .array/port v0x55afaeb93590, 1151;
v0x55afaeb93590_1152 .array/port v0x55afaeb93590, 1152;
v0x55afaeb93590_1153 .array/port v0x55afaeb93590, 1153;
v0x55afaeb93590_1154 .array/port v0x55afaeb93590, 1154;
E_0x55afaeb77280/288 .event anyedge, v0x55afaeb93590_1151, v0x55afaeb93590_1152, v0x55afaeb93590_1153, v0x55afaeb93590_1154;
v0x55afaeb93590_1155 .array/port v0x55afaeb93590, 1155;
v0x55afaeb93590_1156 .array/port v0x55afaeb93590, 1156;
v0x55afaeb93590_1157 .array/port v0x55afaeb93590, 1157;
v0x55afaeb93590_1158 .array/port v0x55afaeb93590, 1158;
E_0x55afaeb77280/289 .event anyedge, v0x55afaeb93590_1155, v0x55afaeb93590_1156, v0x55afaeb93590_1157, v0x55afaeb93590_1158;
v0x55afaeb93590_1159 .array/port v0x55afaeb93590, 1159;
v0x55afaeb93590_1160 .array/port v0x55afaeb93590, 1160;
v0x55afaeb93590_1161 .array/port v0x55afaeb93590, 1161;
v0x55afaeb93590_1162 .array/port v0x55afaeb93590, 1162;
E_0x55afaeb77280/290 .event anyedge, v0x55afaeb93590_1159, v0x55afaeb93590_1160, v0x55afaeb93590_1161, v0x55afaeb93590_1162;
v0x55afaeb93590_1163 .array/port v0x55afaeb93590, 1163;
v0x55afaeb93590_1164 .array/port v0x55afaeb93590, 1164;
v0x55afaeb93590_1165 .array/port v0x55afaeb93590, 1165;
v0x55afaeb93590_1166 .array/port v0x55afaeb93590, 1166;
E_0x55afaeb77280/291 .event anyedge, v0x55afaeb93590_1163, v0x55afaeb93590_1164, v0x55afaeb93590_1165, v0x55afaeb93590_1166;
v0x55afaeb93590_1167 .array/port v0x55afaeb93590, 1167;
v0x55afaeb93590_1168 .array/port v0x55afaeb93590, 1168;
v0x55afaeb93590_1169 .array/port v0x55afaeb93590, 1169;
v0x55afaeb93590_1170 .array/port v0x55afaeb93590, 1170;
E_0x55afaeb77280/292 .event anyedge, v0x55afaeb93590_1167, v0x55afaeb93590_1168, v0x55afaeb93590_1169, v0x55afaeb93590_1170;
v0x55afaeb93590_1171 .array/port v0x55afaeb93590, 1171;
v0x55afaeb93590_1172 .array/port v0x55afaeb93590, 1172;
v0x55afaeb93590_1173 .array/port v0x55afaeb93590, 1173;
v0x55afaeb93590_1174 .array/port v0x55afaeb93590, 1174;
E_0x55afaeb77280/293 .event anyedge, v0x55afaeb93590_1171, v0x55afaeb93590_1172, v0x55afaeb93590_1173, v0x55afaeb93590_1174;
v0x55afaeb93590_1175 .array/port v0x55afaeb93590, 1175;
v0x55afaeb93590_1176 .array/port v0x55afaeb93590, 1176;
v0x55afaeb93590_1177 .array/port v0x55afaeb93590, 1177;
v0x55afaeb93590_1178 .array/port v0x55afaeb93590, 1178;
E_0x55afaeb77280/294 .event anyedge, v0x55afaeb93590_1175, v0x55afaeb93590_1176, v0x55afaeb93590_1177, v0x55afaeb93590_1178;
v0x55afaeb93590_1179 .array/port v0x55afaeb93590, 1179;
v0x55afaeb93590_1180 .array/port v0x55afaeb93590, 1180;
v0x55afaeb93590_1181 .array/port v0x55afaeb93590, 1181;
v0x55afaeb93590_1182 .array/port v0x55afaeb93590, 1182;
E_0x55afaeb77280/295 .event anyedge, v0x55afaeb93590_1179, v0x55afaeb93590_1180, v0x55afaeb93590_1181, v0x55afaeb93590_1182;
v0x55afaeb93590_1183 .array/port v0x55afaeb93590, 1183;
v0x55afaeb93590_1184 .array/port v0x55afaeb93590, 1184;
v0x55afaeb93590_1185 .array/port v0x55afaeb93590, 1185;
v0x55afaeb93590_1186 .array/port v0x55afaeb93590, 1186;
E_0x55afaeb77280/296 .event anyedge, v0x55afaeb93590_1183, v0x55afaeb93590_1184, v0x55afaeb93590_1185, v0x55afaeb93590_1186;
v0x55afaeb93590_1187 .array/port v0x55afaeb93590, 1187;
v0x55afaeb93590_1188 .array/port v0x55afaeb93590, 1188;
v0x55afaeb93590_1189 .array/port v0x55afaeb93590, 1189;
v0x55afaeb93590_1190 .array/port v0x55afaeb93590, 1190;
E_0x55afaeb77280/297 .event anyedge, v0x55afaeb93590_1187, v0x55afaeb93590_1188, v0x55afaeb93590_1189, v0x55afaeb93590_1190;
v0x55afaeb93590_1191 .array/port v0x55afaeb93590, 1191;
v0x55afaeb93590_1192 .array/port v0x55afaeb93590, 1192;
v0x55afaeb93590_1193 .array/port v0x55afaeb93590, 1193;
v0x55afaeb93590_1194 .array/port v0x55afaeb93590, 1194;
E_0x55afaeb77280/298 .event anyedge, v0x55afaeb93590_1191, v0x55afaeb93590_1192, v0x55afaeb93590_1193, v0x55afaeb93590_1194;
v0x55afaeb93590_1195 .array/port v0x55afaeb93590, 1195;
v0x55afaeb93590_1196 .array/port v0x55afaeb93590, 1196;
v0x55afaeb93590_1197 .array/port v0x55afaeb93590, 1197;
v0x55afaeb93590_1198 .array/port v0x55afaeb93590, 1198;
E_0x55afaeb77280/299 .event anyedge, v0x55afaeb93590_1195, v0x55afaeb93590_1196, v0x55afaeb93590_1197, v0x55afaeb93590_1198;
v0x55afaeb93590_1199 .array/port v0x55afaeb93590, 1199;
v0x55afaeb93590_1200 .array/port v0x55afaeb93590, 1200;
v0x55afaeb93590_1201 .array/port v0x55afaeb93590, 1201;
v0x55afaeb93590_1202 .array/port v0x55afaeb93590, 1202;
E_0x55afaeb77280/300 .event anyedge, v0x55afaeb93590_1199, v0x55afaeb93590_1200, v0x55afaeb93590_1201, v0x55afaeb93590_1202;
v0x55afaeb93590_1203 .array/port v0x55afaeb93590, 1203;
v0x55afaeb93590_1204 .array/port v0x55afaeb93590, 1204;
v0x55afaeb93590_1205 .array/port v0x55afaeb93590, 1205;
v0x55afaeb93590_1206 .array/port v0x55afaeb93590, 1206;
E_0x55afaeb77280/301 .event anyedge, v0x55afaeb93590_1203, v0x55afaeb93590_1204, v0x55afaeb93590_1205, v0x55afaeb93590_1206;
v0x55afaeb93590_1207 .array/port v0x55afaeb93590, 1207;
v0x55afaeb93590_1208 .array/port v0x55afaeb93590, 1208;
v0x55afaeb93590_1209 .array/port v0x55afaeb93590, 1209;
v0x55afaeb93590_1210 .array/port v0x55afaeb93590, 1210;
E_0x55afaeb77280/302 .event anyedge, v0x55afaeb93590_1207, v0x55afaeb93590_1208, v0x55afaeb93590_1209, v0x55afaeb93590_1210;
v0x55afaeb93590_1211 .array/port v0x55afaeb93590, 1211;
v0x55afaeb93590_1212 .array/port v0x55afaeb93590, 1212;
v0x55afaeb93590_1213 .array/port v0x55afaeb93590, 1213;
v0x55afaeb93590_1214 .array/port v0x55afaeb93590, 1214;
E_0x55afaeb77280/303 .event anyedge, v0x55afaeb93590_1211, v0x55afaeb93590_1212, v0x55afaeb93590_1213, v0x55afaeb93590_1214;
v0x55afaeb93590_1215 .array/port v0x55afaeb93590, 1215;
v0x55afaeb93590_1216 .array/port v0x55afaeb93590, 1216;
v0x55afaeb93590_1217 .array/port v0x55afaeb93590, 1217;
v0x55afaeb93590_1218 .array/port v0x55afaeb93590, 1218;
E_0x55afaeb77280/304 .event anyedge, v0x55afaeb93590_1215, v0x55afaeb93590_1216, v0x55afaeb93590_1217, v0x55afaeb93590_1218;
v0x55afaeb93590_1219 .array/port v0x55afaeb93590, 1219;
v0x55afaeb93590_1220 .array/port v0x55afaeb93590, 1220;
v0x55afaeb93590_1221 .array/port v0x55afaeb93590, 1221;
v0x55afaeb93590_1222 .array/port v0x55afaeb93590, 1222;
E_0x55afaeb77280/305 .event anyedge, v0x55afaeb93590_1219, v0x55afaeb93590_1220, v0x55afaeb93590_1221, v0x55afaeb93590_1222;
v0x55afaeb93590_1223 .array/port v0x55afaeb93590, 1223;
v0x55afaeb93590_1224 .array/port v0x55afaeb93590, 1224;
v0x55afaeb93590_1225 .array/port v0x55afaeb93590, 1225;
v0x55afaeb93590_1226 .array/port v0x55afaeb93590, 1226;
E_0x55afaeb77280/306 .event anyedge, v0x55afaeb93590_1223, v0x55afaeb93590_1224, v0x55afaeb93590_1225, v0x55afaeb93590_1226;
v0x55afaeb93590_1227 .array/port v0x55afaeb93590, 1227;
v0x55afaeb93590_1228 .array/port v0x55afaeb93590, 1228;
v0x55afaeb93590_1229 .array/port v0x55afaeb93590, 1229;
v0x55afaeb93590_1230 .array/port v0x55afaeb93590, 1230;
E_0x55afaeb77280/307 .event anyedge, v0x55afaeb93590_1227, v0x55afaeb93590_1228, v0x55afaeb93590_1229, v0x55afaeb93590_1230;
v0x55afaeb93590_1231 .array/port v0x55afaeb93590, 1231;
v0x55afaeb93590_1232 .array/port v0x55afaeb93590, 1232;
v0x55afaeb93590_1233 .array/port v0x55afaeb93590, 1233;
v0x55afaeb93590_1234 .array/port v0x55afaeb93590, 1234;
E_0x55afaeb77280/308 .event anyedge, v0x55afaeb93590_1231, v0x55afaeb93590_1232, v0x55afaeb93590_1233, v0x55afaeb93590_1234;
v0x55afaeb93590_1235 .array/port v0x55afaeb93590, 1235;
v0x55afaeb93590_1236 .array/port v0x55afaeb93590, 1236;
v0x55afaeb93590_1237 .array/port v0x55afaeb93590, 1237;
v0x55afaeb93590_1238 .array/port v0x55afaeb93590, 1238;
E_0x55afaeb77280/309 .event anyedge, v0x55afaeb93590_1235, v0x55afaeb93590_1236, v0x55afaeb93590_1237, v0x55afaeb93590_1238;
v0x55afaeb93590_1239 .array/port v0x55afaeb93590, 1239;
v0x55afaeb93590_1240 .array/port v0x55afaeb93590, 1240;
v0x55afaeb93590_1241 .array/port v0x55afaeb93590, 1241;
v0x55afaeb93590_1242 .array/port v0x55afaeb93590, 1242;
E_0x55afaeb77280/310 .event anyedge, v0x55afaeb93590_1239, v0x55afaeb93590_1240, v0x55afaeb93590_1241, v0x55afaeb93590_1242;
v0x55afaeb93590_1243 .array/port v0x55afaeb93590, 1243;
v0x55afaeb93590_1244 .array/port v0x55afaeb93590, 1244;
v0x55afaeb93590_1245 .array/port v0x55afaeb93590, 1245;
v0x55afaeb93590_1246 .array/port v0x55afaeb93590, 1246;
E_0x55afaeb77280/311 .event anyedge, v0x55afaeb93590_1243, v0x55afaeb93590_1244, v0x55afaeb93590_1245, v0x55afaeb93590_1246;
v0x55afaeb93590_1247 .array/port v0x55afaeb93590, 1247;
v0x55afaeb93590_1248 .array/port v0x55afaeb93590, 1248;
v0x55afaeb93590_1249 .array/port v0x55afaeb93590, 1249;
v0x55afaeb93590_1250 .array/port v0x55afaeb93590, 1250;
E_0x55afaeb77280/312 .event anyedge, v0x55afaeb93590_1247, v0x55afaeb93590_1248, v0x55afaeb93590_1249, v0x55afaeb93590_1250;
v0x55afaeb93590_1251 .array/port v0x55afaeb93590, 1251;
v0x55afaeb93590_1252 .array/port v0x55afaeb93590, 1252;
v0x55afaeb93590_1253 .array/port v0x55afaeb93590, 1253;
v0x55afaeb93590_1254 .array/port v0x55afaeb93590, 1254;
E_0x55afaeb77280/313 .event anyedge, v0x55afaeb93590_1251, v0x55afaeb93590_1252, v0x55afaeb93590_1253, v0x55afaeb93590_1254;
v0x55afaeb93590_1255 .array/port v0x55afaeb93590, 1255;
v0x55afaeb93590_1256 .array/port v0x55afaeb93590, 1256;
v0x55afaeb93590_1257 .array/port v0x55afaeb93590, 1257;
v0x55afaeb93590_1258 .array/port v0x55afaeb93590, 1258;
E_0x55afaeb77280/314 .event anyedge, v0x55afaeb93590_1255, v0x55afaeb93590_1256, v0x55afaeb93590_1257, v0x55afaeb93590_1258;
v0x55afaeb93590_1259 .array/port v0x55afaeb93590, 1259;
v0x55afaeb93590_1260 .array/port v0x55afaeb93590, 1260;
v0x55afaeb93590_1261 .array/port v0x55afaeb93590, 1261;
v0x55afaeb93590_1262 .array/port v0x55afaeb93590, 1262;
E_0x55afaeb77280/315 .event anyedge, v0x55afaeb93590_1259, v0x55afaeb93590_1260, v0x55afaeb93590_1261, v0x55afaeb93590_1262;
v0x55afaeb93590_1263 .array/port v0x55afaeb93590, 1263;
v0x55afaeb93590_1264 .array/port v0x55afaeb93590, 1264;
v0x55afaeb93590_1265 .array/port v0x55afaeb93590, 1265;
v0x55afaeb93590_1266 .array/port v0x55afaeb93590, 1266;
E_0x55afaeb77280/316 .event anyedge, v0x55afaeb93590_1263, v0x55afaeb93590_1264, v0x55afaeb93590_1265, v0x55afaeb93590_1266;
v0x55afaeb93590_1267 .array/port v0x55afaeb93590, 1267;
v0x55afaeb93590_1268 .array/port v0x55afaeb93590, 1268;
v0x55afaeb93590_1269 .array/port v0x55afaeb93590, 1269;
v0x55afaeb93590_1270 .array/port v0x55afaeb93590, 1270;
E_0x55afaeb77280/317 .event anyedge, v0x55afaeb93590_1267, v0x55afaeb93590_1268, v0x55afaeb93590_1269, v0x55afaeb93590_1270;
v0x55afaeb93590_1271 .array/port v0x55afaeb93590, 1271;
v0x55afaeb93590_1272 .array/port v0x55afaeb93590, 1272;
v0x55afaeb93590_1273 .array/port v0x55afaeb93590, 1273;
v0x55afaeb93590_1274 .array/port v0x55afaeb93590, 1274;
E_0x55afaeb77280/318 .event anyedge, v0x55afaeb93590_1271, v0x55afaeb93590_1272, v0x55afaeb93590_1273, v0x55afaeb93590_1274;
v0x55afaeb93590_1275 .array/port v0x55afaeb93590, 1275;
v0x55afaeb93590_1276 .array/port v0x55afaeb93590, 1276;
v0x55afaeb93590_1277 .array/port v0x55afaeb93590, 1277;
v0x55afaeb93590_1278 .array/port v0x55afaeb93590, 1278;
E_0x55afaeb77280/319 .event anyedge, v0x55afaeb93590_1275, v0x55afaeb93590_1276, v0x55afaeb93590_1277, v0x55afaeb93590_1278;
v0x55afaeb93590_1279 .array/port v0x55afaeb93590, 1279;
v0x55afaeb93590_1280 .array/port v0x55afaeb93590, 1280;
v0x55afaeb93590_1281 .array/port v0x55afaeb93590, 1281;
v0x55afaeb93590_1282 .array/port v0x55afaeb93590, 1282;
E_0x55afaeb77280/320 .event anyedge, v0x55afaeb93590_1279, v0x55afaeb93590_1280, v0x55afaeb93590_1281, v0x55afaeb93590_1282;
v0x55afaeb93590_1283 .array/port v0x55afaeb93590, 1283;
v0x55afaeb93590_1284 .array/port v0x55afaeb93590, 1284;
v0x55afaeb93590_1285 .array/port v0x55afaeb93590, 1285;
v0x55afaeb93590_1286 .array/port v0x55afaeb93590, 1286;
E_0x55afaeb77280/321 .event anyedge, v0x55afaeb93590_1283, v0x55afaeb93590_1284, v0x55afaeb93590_1285, v0x55afaeb93590_1286;
v0x55afaeb93590_1287 .array/port v0x55afaeb93590, 1287;
v0x55afaeb93590_1288 .array/port v0x55afaeb93590, 1288;
v0x55afaeb93590_1289 .array/port v0x55afaeb93590, 1289;
v0x55afaeb93590_1290 .array/port v0x55afaeb93590, 1290;
E_0x55afaeb77280/322 .event anyedge, v0x55afaeb93590_1287, v0x55afaeb93590_1288, v0x55afaeb93590_1289, v0x55afaeb93590_1290;
v0x55afaeb93590_1291 .array/port v0x55afaeb93590, 1291;
v0x55afaeb93590_1292 .array/port v0x55afaeb93590, 1292;
v0x55afaeb93590_1293 .array/port v0x55afaeb93590, 1293;
v0x55afaeb93590_1294 .array/port v0x55afaeb93590, 1294;
E_0x55afaeb77280/323 .event anyedge, v0x55afaeb93590_1291, v0x55afaeb93590_1292, v0x55afaeb93590_1293, v0x55afaeb93590_1294;
v0x55afaeb93590_1295 .array/port v0x55afaeb93590, 1295;
v0x55afaeb93590_1296 .array/port v0x55afaeb93590, 1296;
v0x55afaeb93590_1297 .array/port v0x55afaeb93590, 1297;
v0x55afaeb93590_1298 .array/port v0x55afaeb93590, 1298;
E_0x55afaeb77280/324 .event anyedge, v0x55afaeb93590_1295, v0x55afaeb93590_1296, v0x55afaeb93590_1297, v0x55afaeb93590_1298;
v0x55afaeb93590_1299 .array/port v0x55afaeb93590, 1299;
v0x55afaeb93590_1300 .array/port v0x55afaeb93590, 1300;
v0x55afaeb93590_1301 .array/port v0x55afaeb93590, 1301;
v0x55afaeb93590_1302 .array/port v0x55afaeb93590, 1302;
E_0x55afaeb77280/325 .event anyedge, v0x55afaeb93590_1299, v0x55afaeb93590_1300, v0x55afaeb93590_1301, v0x55afaeb93590_1302;
v0x55afaeb93590_1303 .array/port v0x55afaeb93590, 1303;
v0x55afaeb93590_1304 .array/port v0x55afaeb93590, 1304;
v0x55afaeb93590_1305 .array/port v0x55afaeb93590, 1305;
v0x55afaeb93590_1306 .array/port v0x55afaeb93590, 1306;
E_0x55afaeb77280/326 .event anyedge, v0x55afaeb93590_1303, v0x55afaeb93590_1304, v0x55afaeb93590_1305, v0x55afaeb93590_1306;
v0x55afaeb93590_1307 .array/port v0x55afaeb93590, 1307;
v0x55afaeb93590_1308 .array/port v0x55afaeb93590, 1308;
v0x55afaeb93590_1309 .array/port v0x55afaeb93590, 1309;
v0x55afaeb93590_1310 .array/port v0x55afaeb93590, 1310;
E_0x55afaeb77280/327 .event anyedge, v0x55afaeb93590_1307, v0x55afaeb93590_1308, v0x55afaeb93590_1309, v0x55afaeb93590_1310;
v0x55afaeb93590_1311 .array/port v0x55afaeb93590, 1311;
v0x55afaeb93590_1312 .array/port v0x55afaeb93590, 1312;
v0x55afaeb93590_1313 .array/port v0x55afaeb93590, 1313;
v0x55afaeb93590_1314 .array/port v0x55afaeb93590, 1314;
E_0x55afaeb77280/328 .event anyedge, v0x55afaeb93590_1311, v0x55afaeb93590_1312, v0x55afaeb93590_1313, v0x55afaeb93590_1314;
v0x55afaeb93590_1315 .array/port v0x55afaeb93590, 1315;
v0x55afaeb93590_1316 .array/port v0x55afaeb93590, 1316;
v0x55afaeb93590_1317 .array/port v0x55afaeb93590, 1317;
v0x55afaeb93590_1318 .array/port v0x55afaeb93590, 1318;
E_0x55afaeb77280/329 .event anyedge, v0x55afaeb93590_1315, v0x55afaeb93590_1316, v0x55afaeb93590_1317, v0x55afaeb93590_1318;
v0x55afaeb93590_1319 .array/port v0x55afaeb93590, 1319;
v0x55afaeb93590_1320 .array/port v0x55afaeb93590, 1320;
v0x55afaeb93590_1321 .array/port v0x55afaeb93590, 1321;
v0x55afaeb93590_1322 .array/port v0x55afaeb93590, 1322;
E_0x55afaeb77280/330 .event anyedge, v0x55afaeb93590_1319, v0x55afaeb93590_1320, v0x55afaeb93590_1321, v0x55afaeb93590_1322;
v0x55afaeb93590_1323 .array/port v0x55afaeb93590, 1323;
v0x55afaeb93590_1324 .array/port v0x55afaeb93590, 1324;
v0x55afaeb93590_1325 .array/port v0x55afaeb93590, 1325;
v0x55afaeb93590_1326 .array/port v0x55afaeb93590, 1326;
E_0x55afaeb77280/331 .event anyedge, v0x55afaeb93590_1323, v0x55afaeb93590_1324, v0x55afaeb93590_1325, v0x55afaeb93590_1326;
v0x55afaeb93590_1327 .array/port v0x55afaeb93590, 1327;
v0x55afaeb93590_1328 .array/port v0x55afaeb93590, 1328;
v0x55afaeb93590_1329 .array/port v0x55afaeb93590, 1329;
v0x55afaeb93590_1330 .array/port v0x55afaeb93590, 1330;
E_0x55afaeb77280/332 .event anyedge, v0x55afaeb93590_1327, v0x55afaeb93590_1328, v0x55afaeb93590_1329, v0x55afaeb93590_1330;
v0x55afaeb93590_1331 .array/port v0x55afaeb93590, 1331;
v0x55afaeb93590_1332 .array/port v0x55afaeb93590, 1332;
v0x55afaeb93590_1333 .array/port v0x55afaeb93590, 1333;
v0x55afaeb93590_1334 .array/port v0x55afaeb93590, 1334;
E_0x55afaeb77280/333 .event anyedge, v0x55afaeb93590_1331, v0x55afaeb93590_1332, v0x55afaeb93590_1333, v0x55afaeb93590_1334;
v0x55afaeb93590_1335 .array/port v0x55afaeb93590, 1335;
v0x55afaeb93590_1336 .array/port v0x55afaeb93590, 1336;
v0x55afaeb93590_1337 .array/port v0x55afaeb93590, 1337;
v0x55afaeb93590_1338 .array/port v0x55afaeb93590, 1338;
E_0x55afaeb77280/334 .event anyedge, v0x55afaeb93590_1335, v0x55afaeb93590_1336, v0x55afaeb93590_1337, v0x55afaeb93590_1338;
v0x55afaeb93590_1339 .array/port v0x55afaeb93590, 1339;
v0x55afaeb93590_1340 .array/port v0x55afaeb93590, 1340;
v0x55afaeb93590_1341 .array/port v0x55afaeb93590, 1341;
v0x55afaeb93590_1342 .array/port v0x55afaeb93590, 1342;
E_0x55afaeb77280/335 .event anyedge, v0x55afaeb93590_1339, v0x55afaeb93590_1340, v0x55afaeb93590_1341, v0x55afaeb93590_1342;
v0x55afaeb93590_1343 .array/port v0x55afaeb93590, 1343;
v0x55afaeb93590_1344 .array/port v0x55afaeb93590, 1344;
v0x55afaeb93590_1345 .array/port v0x55afaeb93590, 1345;
v0x55afaeb93590_1346 .array/port v0x55afaeb93590, 1346;
E_0x55afaeb77280/336 .event anyedge, v0x55afaeb93590_1343, v0x55afaeb93590_1344, v0x55afaeb93590_1345, v0x55afaeb93590_1346;
v0x55afaeb93590_1347 .array/port v0x55afaeb93590, 1347;
v0x55afaeb93590_1348 .array/port v0x55afaeb93590, 1348;
v0x55afaeb93590_1349 .array/port v0x55afaeb93590, 1349;
v0x55afaeb93590_1350 .array/port v0x55afaeb93590, 1350;
E_0x55afaeb77280/337 .event anyedge, v0x55afaeb93590_1347, v0x55afaeb93590_1348, v0x55afaeb93590_1349, v0x55afaeb93590_1350;
v0x55afaeb93590_1351 .array/port v0x55afaeb93590, 1351;
v0x55afaeb93590_1352 .array/port v0x55afaeb93590, 1352;
v0x55afaeb93590_1353 .array/port v0x55afaeb93590, 1353;
v0x55afaeb93590_1354 .array/port v0x55afaeb93590, 1354;
E_0x55afaeb77280/338 .event anyedge, v0x55afaeb93590_1351, v0x55afaeb93590_1352, v0x55afaeb93590_1353, v0x55afaeb93590_1354;
v0x55afaeb93590_1355 .array/port v0x55afaeb93590, 1355;
v0x55afaeb93590_1356 .array/port v0x55afaeb93590, 1356;
v0x55afaeb93590_1357 .array/port v0x55afaeb93590, 1357;
v0x55afaeb93590_1358 .array/port v0x55afaeb93590, 1358;
E_0x55afaeb77280/339 .event anyedge, v0x55afaeb93590_1355, v0x55afaeb93590_1356, v0x55afaeb93590_1357, v0x55afaeb93590_1358;
v0x55afaeb93590_1359 .array/port v0x55afaeb93590, 1359;
v0x55afaeb93590_1360 .array/port v0x55afaeb93590, 1360;
v0x55afaeb93590_1361 .array/port v0x55afaeb93590, 1361;
v0x55afaeb93590_1362 .array/port v0x55afaeb93590, 1362;
E_0x55afaeb77280/340 .event anyedge, v0x55afaeb93590_1359, v0x55afaeb93590_1360, v0x55afaeb93590_1361, v0x55afaeb93590_1362;
v0x55afaeb93590_1363 .array/port v0x55afaeb93590, 1363;
v0x55afaeb93590_1364 .array/port v0x55afaeb93590, 1364;
v0x55afaeb93590_1365 .array/port v0x55afaeb93590, 1365;
v0x55afaeb93590_1366 .array/port v0x55afaeb93590, 1366;
E_0x55afaeb77280/341 .event anyedge, v0x55afaeb93590_1363, v0x55afaeb93590_1364, v0x55afaeb93590_1365, v0x55afaeb93590_1366;
v0x55afaeb93590_1367 .array/port v0x55afaeb93590, 1367;
v0x55afaeb93590_1368 .array/port v0x55afaeb93590, 1368;
v0x55afaeb93590_1369 .array/port v0x55afaeb93590, 1369;
v0x55afaeb93590_1370 .array/port v0x55afaeb93590, 1370;
E_0x55afaeb77280/342 .event anyedge, v0x55afaeb93590_1367, v0x55afaeb93590_1368, v0x55afaeb93590_1369, v0x55afaeb93590_1370;
v0x55afaeb93590_1371 .array/port v0x55afaeb93590, 1371;
v0x55afaeb93590_1372 .array/port v0x55afaeb93590, 1372;
v0x55afaeb93590_1373 .array/port v0x55afaeb93590, 1373;
v0x55afaeb93590_1374 .array/port v0x55afaeb93590, 1374;
E_0x55afaeb77280/343 .event anyedge, v0x55afaeb93590_1371, v0x55afaeb93590_1372, v0x55afaeb93590_1373, v0x55afaeb93590_1374;
v0x55afaeb93590_1375 .array/port v0x55afaeb93590, 1375;
v0x55afaeb93590_1376 .array/port v0x55afaeb93590, 1376;
v0x55afaeb93590_1377 .array/port v0x55afaeb93590, 1377;
v0x55afaeb93590_1378 .array/port v0x55afaeb93590, 1378;
E_0x55afaeb77280/344 .event anyedge, v0x55afaeb93590_1375, v0x55afaeb93590_1376, v0x55afaeb93590_1377, v0x55afaeb93590_1378;
v0x55afaeb93590_1379 .array/port v0x55afaeb93590, 1379;
v0x55afaeb93590_1380 .array/port v0x55afaeb93590, 1380;
v0x55afaeb93590_1381 .array/port v0x55afaeb93590, 1381;
v0x55afaeb93590_1382 .array/port v0x55afaeb93590, 1382;
E_0x55afaeb77280/345 .event anyedge, v0x55afaeb93590_1379, v0x55afaeb93590_1380, v0x55afaeb93590_1381, v0x55afaeb93590_1382;
v0x55afaeb93590_1383 .array/port v0x55afaeb93590, 1383;
v0x55afaeb93590_1384 .array/port v0x55afaeb93590, 1384;
v0x55afaeb93590_1385 .array/port v0x55afaeb93590, 1385;
v0x55afaeb93590_1386 .array/port v0x55afaeb93590, 1386;
E_0x55afaeb77280/346 .event anyedge, v0x55afaeb93590_1383, v0x55afaeb93590_1384, v0x55afaeb93590_1385, v0x55afaeb93590_1386;
v0x55afaeb93590_1387 .array/port v0x55afaeb93590, 1387;
v0x55afaeb93590_1388 .array/port v0x55afaeb93590, 1388;
v0x55afaeb93590_1389 .array/port v0x55afaeb93590, 1389;
v0x55afaeb93590_1390 .array/port v0x55afaeb93590, 1390;
E_0x55afaeb77280/347 .event anyedge, v0x55afaeb93590_1387, v0x55afaeb93590_1388, v0x55afaeb93590_1389, v0x55afaeb93590_1390;
v0x55afaeb93590_1391 .array/port v0x55afaeb93590, 1391;
v0x55afaeb93590_1392 .array/port v0x55afaeb93590, 1392;
v0x55afaeb93590_1393 .array/port v0x55afaeb93590, 1393;
v0x55afaeb93590_1394 .array/port v0x55afaeb93590, 1394;
E_0x55afaeb77280/348 .event anyedge, v0x55afaeb93590_1391, v0x55afaeb93590_1392, v0x55afaeb93590_1393, v0x55afaeb93590_1394;
v0x55afaeb93590_1395 .array/port v0x55afaeb93590, 1395;
v0x55afaeb93590_1396 .array/port v0x55afaeb93590, 1396;
v0x55afaeb93590_1397 .array/port v0x55afaeb93590, 1397;
v0x55afaeb93590_1398 .array/port v0x55afaeb93590, 1398;
E_0x55afaeb77280/349 .event anyedge, v0x55afaeb93590_1395, v0x55afaeb93590_1396, v0x55afaeb93590_1397, v0x55afaeb93590_1398;
v0x55afaeb93590_1399 .array/port v0x55afaeb93590, 1399;
v0x55afaeb93590_1400 .array/port v0x55afaeb93590, 1400;
v0x55afaeb93590_1401 .array/port v0x55afaeb93590, 1401;
v0x55afaeb93590_1402 .array/port v0x55afaeb93590, 1402;
E_0x55afaeb77280/350 .event anyedge, v0x55afaeb93590_1399, v0x55afaeb93590_1400, v0x55afaeb93590_1401, v0x55afaeb93590_1402;
v0x55afaeb93590_1403 .array/port v0x55afaeb93590, 1403;
v0x55afaeb93590_1404 .array/port v0x55afaeb93590, 1404;
v0x55afaeb93590_1405 .array/port v0x55afaeb93590, 1405;
v0x55afaeb93590_1406 .array/port v0x55afaeb93590, 1406;
E_0x55afaeb77280/351 .event anyedge, v0x55afaeb93590_1403, v0x55afaeb93590_1404, v0x55afaeb93590_1405, v0x55afaeb93590_1406;
v0x55afaeb93590_1407 .array/port v0x55afaeb93590, 1407;
v0x55afaeb93590_1408 .array/port v0x55afaeb93590, 1408;
v0x55afaeb93590_1409 .array/port v0x55afaeb93590, 1409;
v0x55afaeb93590_1410 .array/port v0x55afaeb93590, 1410;
E_0x55afaeb77280/352 .event anyedge, v0x55afaeb93590_1407, v0x55afaeb93590_1408, v0x55afaeb93590_1409, v0x55afaeb93590_1410;
v0x55afaeb93590_1411 .array/port v0x55afaeb93590, 1411;
v0x55afaeb93590_1412 .array/port v0x55afaeb93590, 1412;
v0x55afaeb93590_1413 .array/port v0x55afaeb93590, 1413;
v0x55afaeb93590_1414 .array/port v0x55afaeb93590, 1414;
E_0x55afaeb77280/353 .event anyedge, v0x55afaeb93590_1411, v0x55afaeb93590_1412, v0x55afaeb93590_1413, v0x55afaeb93590_1414;
v0x55afaeb93590_1415 .array/port v0x55afaeb93590, 1415;
v0x55afaeb93590_1416 .array/port v0x55afaeb93590, 1416;
v0x55afaeb93590_1417 .array/port v0x55afaeb93590, 1417;
v0x55afaeb93590_1418 .array/port v0x55afaeb93590, 1418;
E_0x55afaeb77280/354 .event anyedge, v0x55afaeb93590_1415, v0x55afaeb93590_1416, v0x55afaeb93590_1417, v0x55afaeb93590_1418;
v0x55afaeb93590_1419 .array/port v0x55afaeb93590, 1419;
v0x55afaeb93590_1420 .array/port v0x55afaeb93590, 1420;
v0x55afaeb93590_1421 .array/port v0x55afaeb93590, 1421;
v0x55afaeb93590_1422 .array/port v0x55afaeb93590, 1422;
E_0x55afaeb77280/355 .event anyedge, v0x55afaeb93590_1419, v0x55afaeb93590_1420, v0x55afaeb93590_1421, v0x55afaeb93590_1422;
v0x55afaeb93590_1423 .array/port v0x55afaeb93590, 1423;
v0x55afaeb93590_1424 .array/port v0x55afaeb93590, 1424;
v0x55afaeb93590_1425 .array/port v0x55afaeb93590, 1425;
v0x55afaeb93590_1426 .array/port v0x55afaeb93590, 1426;
E_0x55afaeb77280/356 .event anyedge, v0x55afaeb93590_1423, v0x55afaeb93590_1424, v0x55afaeb93590_1425, v0x55afaeb93590_1426;
v0x55afaeb93590_1427 .array/port v0x55afaeb93590, 1427;
v0x55afaeb93590_1428 .array/port v0x55afaeb93590, 1428;
v0x55afaeb93590_1429 .array/port v0x55afaeb93590, 1429;
v0x55afaeb93590_1430 .array/port v0x55afaeb93590, 1430;
E_0x55afaeb77280/357 .event anyedge, v0x55afaeb93590_1427, v0x55afaeb93590_1428, v0x55afaeb93590_1429, v0x55afaeb93590_1430;
v0x55afaeb93590_1431 .array/port v0x55afaeb93590, 1431;
v0x55afaeb93590_1432 .array/port v0x55afaeb93590, 1432;
v0x55afaeb93590_1433 .array/port v0x55afaeb93590, 1433;
v0x55afaeb93590_1434 .array/port v0x55afaeb93590, 1434;
E_0x55afaeb77280/358 .event anyedge, v0x55afaeb93590_1431, v0x55afaeb93590_1432, v0x55afaeb93590_1433, v0x55afaeb93590_1434;
v0x55afaeb93590_1435 .array/port v0x55afaeb93590, 1435;
v0x55afaeb93590_1436 .array/port v0x55afaeb93590, 1436;
v0x55afaeb93590_1437 .array/port v0x55afaeb93590, 1437;
v0x55afaeb93590_1438 .array/port v0x55afaeb93590, 1438;
E_0x55afaeb77280/359 .event anyedge, v0x55afaeb93590_1435, v0x55afaeb93590_1436, v0x55afaeb93590_1437, v0x55afaeb93590_1438;
v0x55afaeb93590_1439 .array/port v0x55afaeb93590, 1439;
v0x55afaeb93590_1440 .array/port v0x55afaeb93590, 1440;
v0x55afaeb93590_1441 .array/port v0x55afaeb93590, 1441;
v0x55afaeb93590_1442 .array/port v0x55afaeb93590, 1442;
E_0x55afaeb77280/360 .event anyedge, v0x55afaeb93590_1439, v0x55afaeb93590_1440, v0x55afaeb93590_1441, v0x55afaeb93590_1442;
v0x55afaeb93590_1443 .array/port v0x55afaeb93590, 1443;
v0x55afaeb93590_1444 .array/port v0x55afaeb93590, 1444;
v0x55afaeb93590_1445 .array/port v0x55afaeb93590, 1445;
v0x55afaeb93590_1446 .array/port v0x55afaeb93590, 1446;
E_0x55afaeb77280/361 .event anyedge, v0x55afaeb93590_1443, v0x55afaeb93590_1444, v0x55afaeb93590_1445, v0x55afaeb93590_1446;
v0x55afaeb93590_1447 .array/port v0x55afaeb93590, 1447;
v0x55afaeb93590_1448 .array/port v0x55afaeb93590, 1448;
v0x55afaeb93590_1449 .array/port v0x55afaeb93590, 1449;
v0x55afaeb93590_1450 .array/port v0x55afaeb93590, 1450;
E_0x55afaeb77280/362 .event anyedge, v0x55afaeb93590_1447, v0x55afaeb93590_1448, v0x55afaeb93590_1449, v0x55afaeb93590_1450;
v0x55afaeb93590_1451 .array/port v0x55afaeb93590, 1451;
v0x55afaeb93590_1452 .array/port v0x55afaeb93590, 1452;
v0x55afaeb93590_1453 .array/port v0x55afaeb93590, 1453;
v0x55afaeb93590_1454 .array/port v0x55afaeb93590, 1454;
E_0x55afaeb77280/363 .event anyedge, v0x55afaeb93590_1451, v0x55afaeb93590_1452, v0x55afaeb93590_1453, v0x55afaeb93590_1454;
v0x55afaeb93590_1455 .array/port v0x55afaeb93590, 1455;
v0x55afaeb93590_1456 .array/port v0x55afaeb93590, 1456;
v0x55afaeb93590_1457 .array/port v0x55afaeb93590, 1457;
v0x55afaeb93590_1458 .array/port v0x55afaeb93590, 1458;
E_0x55afaeb77280/364 .event anyedge, v0x55afaeb93590_1455, v0x55afaeb93590_1456, v0x55afaeb93590_1457, v0x55afaeb93590_1458;
v0x55afaeb93590_1459 .array/port v0x55afaeb93590, 1459;
v0x55afaeb93590_1460 .array/port v0x55afaeb93590, 1460;
v0x55afaeb93590_1461 .array/port v0x55afaeb93590, 1461;
v0x55afaeb93590_1462 .array/port v0x55afaeb93590, 1462;
E_0x55afaeb77280/365 .event anyedge, v0x55afaeb93590_1459, v0x55afaeb93590_1460, v0x55afaeb93590_1461, v0x55afaeb93590_1462;
v0x55afaeb93590_1463 .array/port v0x55afaeb93590, 1463;
v0x55afaeb93590_1464 .array/port v0x55afaeb93590, 1464;
v0x55afaeb93590_1465 .array/port v0x55afaeb93590, 1465;
v0x55afaeb93590_1466 .array/port v0x55afaeb93590, 1466;
E_0x55afaeb77280/366 .event anyedge, v0x55afaeb93590_1463, v0x55afaeb93590_1464, v0x55afaeb93590_1465, v0x55afaeb93590_1466;
v0x55afaeb93590_1467 .array/port v0x55afaeb93590, 1467;
v0x55afaeb93590_1468 .array/port v0x55afaeb93590, 1468;
v0x55afaeb93590_1469 .array/port v0x55afaeb93590, 1469;
v0x55afaeb93590_1470 .array/port v0x55afaeb93590, 1470;
E_0x55afaeb77280/367 .event anyedge, v0x55afaeb93590_1467, v0x55afaeb93590_1468, v0x55afaeb93590_1469, v0x55afaeb93590_1470;
v0x55afaeb93590_1471 .array/port v0x55afaeb93590, 1471;
v0x55afaeb93590_1472 .array/port v0x55afaeb93590, 1472;
v0x55afaeb93590_1473 .array/port v0x55afaeb93590, 1473;
v0x55afaeb93590_1474 .array/port v0x55afaeb93590, 1474;
E_0x55afaeb77280/368 .event anyedge, v0x55afaeb93590_1471, v0x55afaeb93590_1472, v0x55afaeb93590_1473, v0x55afaeb93590_1474;
v0x55afaeb93590_1475 .array/port v0x55afaeb93590, 1475;
v0x55afaeb93590_1476 .array/port v0x55afaeb93590, 1476;
v0x55afaeb93590_1477 .array/port v0x55afaeb93590, 1477;
v0x55afaeb93590_1478 .array/port v0x55afaeb93590, 1478;
E_0x55afaeb77280/369 .event anyedge, v0x55afaeb93590_1475, v0x55afaeb93590_1476, v0x55afaeb93590_1477, v0x55afaeb93590_1478;
v0x55afaeb93590_1479 .array/port v0x55afaeb93590, 1479;
v0x55afaeb93590_1480 .array/port v0x55afaeb93590, 1480;
v0x55afaeb93590_1481 .array/port v0x55afaeb93590, 1481;
v0x55afaeb93590_1482 .array/port v0x55afaeb93590, 1482;
E_0x55afaeb77280/370 .event anyedge, v0x55afaeb93590_1479, v0x55afaeb93590_1480, v0x55afaeb93590_1481, v0x55afaeb93590_1482;
v0x55afaeb93590_1483 .array/port v0x55afaeb93590, 1483;
v0x55afaeb93590_1484 .array/port v0x55afaeb93590, 1484;
v0x55afaeb93590_1485 .array/port v0x55afaeb93590, 1485;
v0x55afaeb93590_1486 .array/port v0x55afaeb93590, 1486;
E_0x55afaeb77280/371 .event anyedge, v0x55afaeb93590_1483, v0x55afaeb93590_1484, v0x55afaeb93590_1485, v0x55afaeb93590_1486;
v0x55afaeb93590_1487 .array/port v0x55afaeb93590, 1487;
v0x55afaeb93590_1488 .array/port v0x55afaeb93590, 1488;
v0x55afaeb93590_1489 .array/port v0x55afaeb93590, 1489;
v0x55afaeb93590_1490 .array/port v0x55afaeb93590, 1490;
E_0x55afaeb77280/372 .event anyedge, v0x55afaeb93590_1487, v0x55afaeb93590_1488, v0x55afaeb93590_1489, v0x55afaeb93590_1490;
v0x55afaeb93590_1491 .array/port v0x55afaeb93590, 1491;
v0x55afaeb93590_1492 .array/port v0x55afaeb93590, 1492;
v0x55afaeb93590_1493 .array/port v0x55afaeb93590, 1493;
v0x55afaeb93590_1494 .array/port v0x55afaeb93590, 1494;
E_0x55afaeb77280/373 .event anyedge, v0x55afaeb93590_1491, v0x55afaeb93590_1492, v0x55afaeb93590_1493, v0x55afaeb93590_1494;
v0x55afaeb93590_1495 .array/port v0x55afaeb93590, 1495;
v0x55afaeb93590_1496 .array/port v0x55afaeb93590, 1496;
v0x55afaeb93590_1497 .array/port v0x55afaeb93590, 1497;
v0x55afaeb93590_1498 .array/port v0x55afaeb93590, 1498;
E_0x55afaeb77280/374 .event anyedge, v0x55afaeb93590_1495, v0x55afaeb93590_1496, v0x55afaeb93590_1497, v0x55afaeb93590_1498;
v0x55afaeb93590_1499 .array/port v0x55afaeb93590, 1499;
v0x55afaeb93590_1500 .array/port v0x55afaeb93590, 1500;
v0x55afaeb93590_1501 .array/port v0x55afaeb93590, 1501;
v0x55afaeb93590_1502 .array/port v0x55afaeb93590, 1502;
E_0x55afaeb77280/375 .event anyedge, v0x55afaeb93590_1499, v0x55afaeb93590_1500, v0x55afaeb93590_1501, v0x55afaeb93590_1502;
v0x55afaeb93590_1503 .array/port v0x55afaeb93590, 1503;
v0x55afaeb93590_1504 .array/port v0x55afaeb93590, 1504;
v0x55afaeb93590_1505 .array/port v0x55afaeb93590, 1505;
v0x55afaeb93590_1506 .array/port v0x55afaeb93590, 1506;
E_0x55afaeb77280/376 .event anyedge, v0x55afaeb93590_1503, v0x55afaeb93590_1504, v0x55afaeb93590_1505, v0x55afaeb93590_1506;
v0x55afaeb93590_1507 .array/port v0x55afaeb93590, 1507;
v0x55afaeb93590_1508 .array/port v0x55afaeb93590, 1508;
v0x55afaeb93590_1509 .array/port v0x55afaeb93590, 1509;
v0x55afaeb93590_1510 .array/port v0x55afaeb93590, 1510;
E_0x55afaeb77280/377 .event anyedge, v0x55afaeb93590_1507, v0x55afaeb93590_1508, v0x55afaeb93590_1509, v0x55afaeb93590_1510;
v0x55afaeb93590_1511 .array/port v0x55afaeb93590, 1511;
v0x55afaeb93590_1512 .array/port v0x55afaeb93590, 1512;
v0x55afaeb93590_1513 .array/port v0x55afaeb93590, 1513;
v0x55afaeb93590_1514 .array/port v0x55afaeb93590, 1514;
E_0x55afaeb77280/378 .event anyedge, v0x55afaeb93590_1511, v0x55afaeb93590_1512, v0x55afaeb93590_1513, v0x55afaeb93590_1514;
v0x55afaeb93590_1515 .array/port v0x55afaeb93590, 1515;
v0x55afaeb93590_1516 .array/port v0x55afaeb93590, 1516;
v0x55afaeb93590_1517 .array/port v0x55afaeb93590, 1517;
v0x55afaeb93590_1518 .array/port v0x55afaeb93590, 1518;
E_0x55afaeb77280/379 .event anyedge, v0x55afaeb93590_1515, v0x55afaeb93590_1516, v0x55afaeb93590_1517, v0x55afaeb93590_1518;
v0x55afaeb93590_1519 .array/port v0x55afaeb93590, 1519;
v0x55afaeb93590_1520 .array/port v0x55afaeb93590, 1520;
v0x55afaeb93590_1521 .array/port v0x55afaeb93590, 1521;
v0x55afaeb93590_1522 .array/port v0x55afaeb93590, 1522;
E_0x55afaeb77280/380 .event anyedge, v0x55afaeb93590_1519, v0x55afaeb93590_1520, v0x55afaeb93590_1521, v0x55afaeb93590_1522;
v0x55afaeb93590_1523 .array/port v0x55afaeb93590, 1523;
v0x55afaeb93590_1524 .array/port v0x55afaeb93590, 1524;
v0x55afaeb93590_1525 .array/port v0x55afaeb93590, 1525;
v0x55afaeb93590_1526 .array/port v0x55afaeb93590, 1526;
E_0x55afaeb77280/381 .event anyedge, v0x55afaeb93590_1523, v0x55afaeb93590_1524, v0x55afaeb93590_1525, v0x55afaeb93590_1526;
v0x55afaeb93590_1527 .array/port v0x55afaeb93590, 1527;
v0x55afaeb93590_1528 .array/port v0x55afaeb93590, 1528;
v0x55afaeb93590_1529 .array/port v0x55afaeb93590, 1529;
v0x55afaeb93590_1530 .array/port v0x55afaeb93590, 1530;
E_0x55afaeb77280/382 .event anyedge, v0x55afaeb93590_1527, v0x55afaeb93590_1528, v0x55afaeb93590_1529, v0x55afaeb93590_1530;
v0x55afaeb93590_1531 .array/port v0x55afaeb93590, 1531;
v0x55afaeb93590_1532 .array/port v0x55afaeb93590, 1532;
v0x55afaeb93590_1533 .array/port v0x55afaeb93590, 1533;
v0x55afaeb93590_1534 .array/port v0x55afaeb93590, 1534;
E_0x55afaeb77280/383 .event anyedge, v0x55afaeb93590_1531, v0x55afaeb93590_1532, v0x55afaeb93590_1533, v0x55afaeb93590_1534;
v0x55afaeb93590_1535 .array/port v0x55afaeb93590, 1535;
v0x55afaeb93590_1536 .array/port v0x55afaeb93590, 1536;
v0x55afaeb93590_1537 .array/port v0x55afaeb93590, 1537;
v0x55afaeb93590_1538 .array/port v0x55afaeb93590, 1538;
E_0x55afaeb77280/384 .event anyedge, v0x55afaeb93590_1535, v0x55afaeb93590_1536, v0x55afaeb93590_1537, v0x55afaeb93590_1538;
v0x55afaeb93590_1539 .array/port v0x55afaeb93590, 1539;
v0x55afaeb93590_1540 .array/port v0x55afaeb93590, 1540;
v0x55afaeb93590_1541 .array/port v0x55afaeb93590, 1541;
v0x55afaeb93590_1542 .array/port v0x55afaeb93590, 1542;
E_0x55afaeb77280/385 .event anyedge, v0x55afaeb93590_1539, v0x55afaeb93590_1540, v0x55afaeb93590_1541, v0x55afaeb93590_1542;
v0x55afaeb93590_1543 .array/port v0x55afaeb93590, 1543;
v0x55afaeb93590_1544 .array/port v0x55afaeb93590, 1544;
v0x55afaeb93590_1545 .array/port v0x55afaeb93590, 1545;
v0x55afaeb93590_1546 .array/port v0x55afaeb93590, 1546;
E_0x55afaeb77280/386 .event anyedge, v0x55afaeb93590_1543, v0x55afaeb93590_1544, v0x55afaeb93590_1545, v0x55afaeb93590_1546;
v0x55afaeb93590_1547 .array/port v0x55afaeb93590, 1547;
v0x55afaeb93590_1548 .array/port v0x55afaeb93590, 1548;
v0x55afaeb93590_1549 .array/port v0x55afaeb93590, 1549;
v0x55afaeb93590_1550 .array/port v0x55afaeb93590, 1550;
E_0x55afaeb77280/387 .event anyedge, v0x55afaeb93590_1547, v0x55afaeb93590_1548, v0x55afaeb93590_1549, v0x55afaeb93590_1550;
v0x55afaeb93590_1551 .array/port v0x55afaeb93590, 1551;
v0x55afaeb93590_1552 .array/port v0x55afaeb93590, 1552;
v0x55afaeb93590_1553 .array/port v0x55afaeb93590, 1553;
v0x55afaeb93590_1554 .array/port v0x55afaeb93590, 1554;
E_0x55afaeb77280/388 .event anyedge, v0x55afaeb93590_1551, v0x55afaeb93590_1552, v0x55afaeb93590_1553, v0x55afaeb93590_1554;
v0x55afaeb93590_1555 .array/port v0x55afaeb93590, 1555;
v0x55afaeb93590_1556 .array/port v0x55afaeb93590, 1556;
v0x55afaeb93590_1557 .array/port v0x55afaeb93590, 1557;
v0x55afaeb93590_1558 .array/port v0x55afaeb93590, 1558;
E_0x55afaeb77280/389 .event anyedge, v0x55afaeb93590_1555, v0x55afaeb93590_1556, v0x55afaeb93590_1557, v0x55afaeb93590_1558;
v0x55afaeb93590_1559 .array/port v0x55afaeb93590, 1559;
v0x55afaeb93590_1560 .array/port v0x55afaeb93590, 1560;
v0x55afaeb93590_1561 .array/port v0x55afaeb93590, 1561;
v0x55afaeb93590_1562 .array/port v0x55afaeb93590, 1562;
E_0x55afaeb77280/390 .event anyedge, v0x55afaeb93590_1559, v0x55afaeb93590_1560, v0x55afaeb93590_1561, v0x55afaeb93590_1562;
v0x55afaeb93590_1563 .array/port v0x55afaeb93590, 1563;
v0x55afaeb93590_1564 .array/port v0x55afaeb93590, 1564;
v0x55afaeb93590_1565 .array/port v0x55afaeb93590, 1565;
v0x55afaeb93590_1566 .array/port v0x55afaeb93590, 1566;
E_0x55afaeb77280/391 .event anyedge, v0x55afaeb93590_1563, v0x55afaeb93590_1564, v0x55afaeb93590_1565, v0x55afaeb93590_1566;
v0x55afaeb93590_1567 .array/port v0x55afaeb93590, 1567;
v0x55afaeb93590_1568 .array/port v0x55afaeb93590, 1568;
v0x55afaeb93590_1569 .array/port v0x55afaeb93590, 1569;
v0x55afaeb93590_1570 .array/port v0x55afaeb93590, 1570;
E_0x55afaeb77280/392 .event anyedge, v0x55afaeb93590_1567, v0x55afaeb93590_1568, v0x55afaeb93590_1569, v0x55afaeb93590_1570;
v0x55afaeb93590_1571 .array/port v0x55afaeb93590, 1571;
v0x55afaeb93590_1572 .array/port v0x55afaeb93590, 1572;
v0x55afaeb93590_1573 .array/port v0x55afaeb93590, 1573;
v0x55afaeb93590_1574 .array/port v0x55afaeb93590, 1574;
E_0x55afaeb77280/393 .event anyedge, v0x55afaeb93590_1571, v0x55afaeb93590_1572, v0x55afaeb93590_1573, v0x55afaeb93590_1574;
v0x55afaeb93590_1575 .array/port v0x55afaeb93590, 1575;
v0x55afaeb93590_1576 .array/port v0x55afaeb93590, 1576;
v0x55afaeb93590_1577 .array/port v0x55afaeb93590, 1577;
v0x55afaeb93590_1578 .array/port v0x55afaeb93590, 1578;
E_0x55afaeb77280/394 .event anyedge, v0x55afaeb93590_1575, v0x55afaeb93590_1576, v0x55afaeb93590_1577, v0x55afaeb93590_1578;
v0x55afaeb93590_1579 .array/port v0x55afaeb93590, 1579;
v0x55afaeb93590_1580 .array/port v0x55afaeb93590, 1580;
v0x55afaeb93590_1581 .array/port v0x55afaeb93590, 1581;
v0x55afaeb93590_1582 .array/port v0x55afaeb93590, 1582;
E_0x55afaeb77280/395 .event anyedge, v0x55afaeb93590_1579, v0x55afaeb93590_1580, v0x55afaeb93590_1581, v0x55afaeb93590_1582;
v0x55afaeb93590_1583 .array/port v0x55afaeb93590, 1583;
v0x55afaeb93590_1584 .array/port v0x55afaeb93590, 1584;
v0x55afaeb93590_1585 .array/port v0x55afaeb93590, 1585;
v0x55afaeb93590_1586 .array/port v0x55afaeb93590, 1586;
E_0x55afaeb77280/396 .event anyedge, v0x55afaeb93590_1583, v0x55afaeb93590_1584, v0x55afaeb93590_1585, v0x55afaeb93590_1586;
v0x55afaeb93590_1587 .array/port v0x55afaeb93590, 1587;
v0x55afaeb93590_1588 .array/port v0x55afaeb93590, 1588;
v0x55afaeb93590_1589 .array/port v0x55afaeb93590, 1589;
v0x55afaeb93590_1590 .array/port v0x55afaeb93590, 1590;
E_0x55afaeb77280/397 .event anyedge, v0x55afaeb93590_1587, v0x55afaeb93590_1588, v0x55afaeb93590_1589, v0x55afaeb93590_1590;
v0x55afaeb93590_1591 .array/port v0x55afaeb93590, 1591;
v0x55afaeb93590_1592 .array/port v0x55afaeb93590, 1592;
v0x55afaeb93590_1593 .array/port v0x55afaeb93590, 1593;
v0x55afaeb93590_1594 .array/port v0x55afaeb93590, 1594;
E_0x55afaeb77280/398 .event anyedge, v0x55afaeb93590_1591, v0x55afaeb93590_1592, v0x55afaeb93590_1593, v0x55afaeb93590_1594;
v0x55afaeb93590_1595 .array/port v0x55afaeb93590, 1595;
v0x55afaeb93590_1596 .array/port v0x55afaeb93590, 1596;
v0x55afaeb93590_1597 .array/port v0x55afaeb93590, 1597;
v0x55afaeb93590_1598 .array/port v0x55afaeb93590, 1598;
E_0x55afaeb77280/399 .event anyedge, v0x55afaeb93590_1595, v0x55afaeb93590_1596, v0x55afaeb93590_1597, v0x55afaeb93590_1598;
v0x55afaeb93590_1599 .array/port v0x55afaeb93590, 1599;
v0x55afaeb93590_1600 .array/port v0x55afaeb93590, 1600;
v0x55afaeb93590_1601 .array/port v0x55afaeb93590, 1601;
v0x55afaeb93590_1602 .array/port v0x55afaeb93590, 1602;
E_0x55afaeb77280/400 .event anyedge, v0x55afaeb93590_1599, v0x55afaeb93590_1600, v0x55afaeb93590_1601, v0x55afaeb93590_1602;
v0x55afaeb93590_1603 .array/port v0x55afaeb93590, 1603;
v0x55afaeb93590_1604 .array/port v0x55afaeb93590, 1604;
v0x55afaeb93590_1605 .array/port v0x55afaeb93590, 1605;
v0x55afaeb93590_1606 .array/port v0x55afaeb93590, 1606;
E_0x55afaeb77280/401 .event anyedge, v0x55afaeb93590_1603, v0x55afaeb93590_1604, v0x55afaeb93590_1605, v0x55afaeb93590_1606;
v0x55afaeb93590_1607 .array/port v0x55afaeb93590, 1607;
v0x55afaeb93590_1608 .array/port v0x55afaeb93590, 1608;
v0x55afaeb93590_1609 .array/port v0x55afaeb93590, 1609;
v0x55afaeb93590_1610 .array/port v0x55afaeb93590, 1610;
E_0x55afaeb77280/402 .event anyedge, v0x55afaeb93590_1607, v0x55afaeb93590_1608, v0x55afaeb93590_1609, v0x55afaeb93590_1610;
v0x55afaeb93590_1611 .array/port v0x55afaeb93590, 1611;
v0x55afaeb93590_1612 .array/port v0x55afaeb93590, 1612;
v0x55afaeb93590_1613 .array/port v0x55afaeb93590, 1613;
v0x55afaeb93590_1614 .array/port v0x55afaeb93590, 1614;
E_0x55afaeb77280/403 .event anyedge, v0x55afaeb93590_1611, v0x55afaeb93590_1612, v0x55afaeb93590_1613, v0x55afaeb93590_1614;
v0x55afaeb93590_1615 .array/port v0x55afaeb93590, 1615;
v0x55afaeb93590_1616 .array/port v0x55afaeb93590, 1616;
v0x55afaeb93590_1617 .array/port v0x55afaeb93590, 1617;
v0x55afaeb93590_1618 .array/port v0x55afaeb93590, 1618;
E_0x55afaeb77280/404 .event anyedge, v0x55afaeb93590_1615, v0x55afaeb93590_1616, v0x55afaeb93590_1617, v0x55afaeb93590_1618;
v0x55afaeb93590_1619 .array/port v0x55afaeb93590, 1619;
v0x55afaeb93590_1620 .array/port v0x55afaeb93590, 1620;
v0x55afaeb93590_1621 .array/port v0x55afaeb93590, 1621;
v0x55afaeb93590_1622 .array/port v0x55afaeb93590, 1622;
E_0x55afaeb77280/405 .event anyedge, v0x55afaeb93590_1619, v0x55afaeb93590_1620, v0x55afaeb93590_1621, v0x55afaeb93590_1622;
v0x55afaeb93590_1623 .array/port v0x55afaeb93590, 1623;
v0x55afaeb93590_1624 .array/port v0x55afaeb93590, 1624;
v0x55afaeb93590_1625 .array/port v0x55afaeb93590, 1625;
v0x55afaeb93590_1626 .array/port v0x55afaeb93590, 1626;
E_0x55afaeb77280/406 .event anyedge, v0x55afaeb93590_1623, v0x55afaeb93590_1624, v0x55afaeb93590_1625, v0x55afaeb93590_1626;
v0x55afaeb93590_1627 .array/port v0x55afaeb93590, 1627;
v0x55afaeb93590_1628 .array/port v0x55afaeb93590, 1628;
v0x55afaeb93590_1629 .array/port v0x55afaeb93590, 1629;
v0x55afaeb93590_1630 .array/port v0x55afaeb93590, 1630;
E_0x55afaeb77280/407 .event anyedge, v0x55afaeb93590_1627, v0x55afaeb93590_1628, v0x55afaeb93590_1629, v0x55afaeb93590_1630;
v0x55afaeb93590_1631 .array/port v0x55afaeb93590, 1631;
v0x55afaeb93590_1632 .array/port v0x55afaeb93590, 1632;
v0x55afaeb93590_1633 .array/port v0x55afaeb93590, 1633;
v0x55afaeb93590_1634 .array/port v0x55afaeb93590, 1634;
E_0x55afaeb77280/408 .event anyedge, v0x55afaeb93590_1631, v0x55afaeb93590_1632, v0x55afaeb93590_1633, v0x55afaeb93590_1634;
v0x55afaeb93590_1635 .array/port v0x55afaeb93590, 1635;
v0x55afaeb93590_1636 .array/port v0x55afaeb93590, 1636;
v0x55afaeb93590_1637 .array/port v0x55afaeb93590, 1637;
v0x55afaeb93590_1638 .array/port v0x55afaeb93590, 1638;
E_0x55afaeb77280/409 .event anyedge, v0x55afaeb93590_1635, v0x55afaeb93590_1636, v0x55afaeb93590_1637, v0x55afaeb93590_1638;
v0x55afaeb93590_1639 .array/port v0x55afaeb93590, 1639;
v0x55afaeb93590_1640 .array/port v0x55afaeb93590, 1640;
v0x55afaeb93590_1641 .array/port v0x55afaeb93590, 1641;
v0x55afaeb93590_1642 .array/port v0x55afaeb93590, 1642;
E_0x55afaeb77280/410 .event anyedge, v0x55afaeb93590_1639, v0x55afaeb93590_1640, v0x55afaeb93590_1641, v0x55afaeb93590_1642;
v0x55afaeb93590_1643 .array/port v0x55afaeb93590, 1643;
v0x55afaeb93590_1644 .array/port v0x55afaeb93590, 1644;
v0x55afaeb93590_1645 .array/port v0x55afaeb93590, 1645;
v0x55afaeb93590_1646 .array/port v0x55afaeb93590, 1646;
E_0x55afaeb77280/411 .event anyedge, v0x55afaeb93590_1643, v0x55afaeb93590_1644, v0x55afaeb93590_1645, v0x55afaeb93590_1646;
v0x55afaeb93590_1647 .array/port v0x55afaeb93590, 1647;
v0x55afaeb93590_1648 .array/port v0x55afaeb93590, 1648;
v0x55afaeb93590_1649 .array/port v0x55afaeb93590, 1649;
v0x55afaeb93590_1650 .array/port v0x55afaeb93590, 1650;
E_0x55afaeb77280/412 .event anyedge, v0x55afaeb93590_1647, v0x55afaeb93590_1648, v0x55afaeb93590_1649, v0x55afaeb93590_1650;
v0x55afaeb93590_1651 .array/port v0x55afaeb93590, 1651;
v0x55afaeb93590_1652 .array/port v0x55afaeb93590, 1652;
v0x55afaeb93590_1653 .array/port v0x55afaeb93590, 1653;
v0x55afaeb93590_1654 .array/port v0x55afaeb93590, 1654;
E_0x55afaeb77280/413 .event anyedge, v0x55afaeb93590_1651, v0x55afaeb93590_1652, v0x55afaeb93590_1653, v0x55afaeb93590_1654;
v0x55afaeb93590_1655 .array/port v0x55afaeb93590, 1655;
v0x55afaeb93590_1656 .array/port v0x55afaeb93590, 1656;
v0x55afaeb93590_1657 .array/port v0x55afaeb93590, 1657;
v0x55afaeb93590_1658 .array/port v0x55afaeb93590, 1658;
E_0x55afaeb77280/414 .event anyedge, v0x55afaeb93590_1655, v0x55afaeb93590_1656, v0x55afaeb93590_1657, v0x55afaeb93590_1658;
v0x55afaeb93590_1659 .array/port v0x55afaeb93590, 1659;
v0x55afaeb93590_1660 .array/port v0x55afaeb93590, 1660;
v0x55afaeb93590_1661 .array/port v0x55afaeb93590, 1661;
v0x55afaeb93590_1662 .array/port v0x55afaeb93590, 1662;
E_0x55afaeb77280/415 .event anyedge, v0x55afaeb93590_1659, v0x55afaeb93590_1660, v0x55afaeb93590_1661, v0x55afaeb93590_1662;
v0x55afaeb93590_1663 .array/port v0x55afaeb93590, 1663;
v0x55afaeb93590_1664 .array/port v0x55afaeb93590, 1664;
v0x55afaeb93590_1665 .array/port v0x55afaeb93590, 1665;
v0x55afaeb93590_1666 .array/port v0x55afaeb93590, 1666;
E_0x55afaeb77280/416 .event anyedge, v0x55afaeb93590_1663, v0x55afaeb93590_1664, v0x55afaeb93590_1665, v0x55afaeb93590_1666;
v0x55afaeb93590_1667 .array/port v0x55afaeb93590, 1667;
v0x55afaeb93590_1668 .array/port v0x55afaeb93590, 1668;
v0x55afaeb93590_1669 .array/port v0x55afaeb93590, 1669;
v0x55afaeb93590_1670 .array/port v0x55afaeb93590, 1670;
E_0x55afaeb77280/417 .event anyedge, v0x55afaeb93590_1667, v0x55afaeb93590_1668, v0x55afaeb93590_1669, v0x55afaeb93590_1670;
v0x55afaeb93590_1671 .array/port v0x55afaeb93590, 1671;
v0x55afaeb93590_1672 .array/port v0x55afaeb93590, 1672;
v0x55afaeb93590_1673 .array/port v0x55afaeb93590, 1673;
v0x55afaeb93590_1674 .array/port v0x55afaeb93590, 1674;
E_0x55afaeb77280/418 .event anyedge, v0x55afaeb93590_1671, v0x55afaeb93590_1672, v0x55afaeb93590_1673, v0x55afaeb93590_1674;
v0x55afaeb93590_1675 .array/port v0x55afaeb93590, 1675;
v0x55afaeb93590_1676 .array/port v0x55afaeb93590, 1676;
v0x55afaeb93590_1677 .array/port v0x55afaeb93590, 1677;
v0x55afaeb93590_1678 .array/port v0x55afaeb93590, 1678;
E_0x55afaeb77280/419 .event anyedge, v0x55afaeb93590_1675, v0x55afaeb93590_1676, v0x55afaeb93590_1677, v0x55afaeb93590_1678;
v0x55afaeb93590_1679 .array/port v0x55afaeb93590, 1679;
v0x55afaeb93590_1680 .array/port v0x55afaeb93590, 1680;
v0x55afaeb93590_1681 .array/port v0x55afaeb93590, 1681;
v0x55afaeb93590_1682 .array/port v0x55afaeb93590, 1682;
E_0x55afaeb77280/420 .event anyedge, v0x55afaeb93590_1679, v0x55afaeb93590_1680, v0x55afaeb93590_1681, v0x55afaeb93590_1682;
v0x55afaeb93590_1683 .array/port v0x55afaeb93590, 1683;
v0x55afaeb93590_1684 .array/port v0x55afaeb93590, 1684;
v0x55afaeb93590_1685 .array/port v0x55afaeb93590, 1685;
v0x55afaeb93590_1686 .array/port v0x55afaeb93590, 1686;
E_0x55afaeb77280/421 .event anyedge, v0x55afaeb93590_1683, v0x55afaeb93590_1684, v0x55afaeb93590_1685, v0x55afaeb93590_1686;
v0x55afaeb93590_1687 .array/port v0x55afaeb93590, 1687;
v0x55afaeb93590_1688 .array/port v0x55afaeb93590, 1688;
v0x55afaeb93590_1689 .array/port v0x55afaeb93590, 1689;
v0x55afaeb93590_1690 .array/port v0x55afaeb93590, 1690;
E_0x55afaeb77280/422 .event anyedge, v0x55afaeb93590_1687, v0x55afaeb93590_1688, v0x55afaeb93590_1689, v0x55afaeb93590_1690;
v0x55afaeb93590_1691 .array/port v0x55afaeb93590, 1691;
v0x55afaeb93590_1692 .array/port v0x55afaeb93590, 1692;
v0x55afaeb93590_1693 .array/port v0x55afaeb93590, 1693;
v0x55afaeb93590_1694 .array/port v0x55afaeb93590, 1694;
E_0x55afaeb77280/423 .event anyedge, v0x55afaeb93590_1691, v0x55afaeb93590_1692, v0x55afaeb93590_1693, v0x55afaeb93590_1694;
v0x55afaeb93590_1695 .array/port v0x55afaeb93590, 1695;
v0x55afaeb93590_1696 .array/port v0x55afaeb93590, 1696;
v0x55afaeb93590_1697 .array/port v0x55afaeb93590, 1697;
v0x55afaeb93590_1698 .array/port v0x55afaeb93590, 1698;
E_0x55afaeb77280/424 .event anyedge, v0x55afaeb93590_1695, v0x55afaeb93590_1696, v0x55afaeb93590_1697, v0x55afaeb93590_1698;
v0x55afaeb93590_1699 .array/port v0x55afaeb93590, 1699;
v0x55afaeb93590_1700 .array/port v0x55afaeb93590, 1700;
v0x55afaeb93590_1701 .array/port v0x55afaeb93590, 1701;
v0x55afaeb93590_1702 .array/port v0x55afaeb93590, 1702;
E_0x55afaeb77280/425 .event anyedge, v0x55afaeb93590_1699, v0x55afaeb93590_1700, v0x55afaeb93590_1701, v0x55afaeb93590_1702;
v0x55afaeb93590_1703 .array/port v0x55afaeb93590, 1703;
v0x55afaeb93590_1704 .array/port v0x55afaeb93590, 1704;
v0x55afaeb93590_1705 .array/port v0x55afaeb93590, 1705;
v0x55afaeb93590_1706 .array/port v0x55afaeb93590, 1706;
E_0x55afaeb77280/426 .event anyedge, v0x55afaeb93590_1703, v0x55afaeb93590_1704, v0x55afaeb93590_1705, v0x55afaeb93590_1706;
v0x55afaeb93590_1707 .array/port v0x55afaeb93590, 1707;
v0x55afaeb93590_1708 .array/port v0x55afaeb93590, 1708;
v0x55afaeb93590_1709 .array/port v0x55afaeb93590, 1709;
v0x55afaeb93590_1710 .array/port v0x55afaeb93590, 1710;
E_0x55afaeb77280/427 .event anyedge, v0x55afaeb93590_1707, v0x55afaeb93590_1708, v0x55afaeb93590_1709, v0x55afaeb93590_1710;
v0x55afaeb93590_1711 .array/port v0x55afaeb93590, 1711;
v0x55afaeb93590_1712 .array/port v0x55afaeb93590, 1712;
v0x55afaeb93590_1713 .array/port v0x55afaeb93590, 1713;
v0x55afaeb93590_1714 .array/port v0x55afaeb93590, 1714;
E_0x55afaeb77280/428 .event anyedge, v0x55afaeb93590_1711, v0x55afaeb93590_1712, v0x55afaeb93590_1713, v0x55afaeb93590_1714;
v0x55afaeb93590_1715 .array/port v0x55afaeb93590, 1715;
v0x55afaeb93590_1716 .array/port v0x55afaeb93590, 1716;
v0x55afaeb93590_1717 .array/port v0x55afaeb93590, 1717;
v0x55afaeb93590_1718 .array/port v0x55afaeb93590, 1718;
E_0x55afaeb77280/429 .event anyedge, v0x55afaeb93590_1715, v0x55afaeb93590_1716, v0x55afaeb93590_1717, v0x55afaeb93590_1718;
v0x55afaeb93590_1719 .array/port v0x55afaeb93590, 1719;
v0x55afaeb93590_1720 .array/port v0x55afaeb93590, 1720;
v0x55afaeb93590_1721 .array/port v0x55afaeb93590, 1721;
v0x55afaeb93590_1722 .array/port v0x55afaeb93590, 1722;
E_0x55afaeb77280/430 .event anyedge, v0x55afaeb93590_1719, v0x55afaeb93590_1720, v0x55afaeb93590_1721, v0x55afaeb93590_1722;
v0x55afaeb93590_1723 .array/port v0x55afaeb93590, 1723;
v0x55afaeb93590_1724 .array/port v0x55afaeb93590, 1724;
v0x55afaeb93590_1725 .array/port v0x55afaeb93590, 1725;
v0x55afaeb93590_1726 .array/port v0x55afaeb93590, 1726;
E_0x55afaeb77280/431 .event anyedge, v0x55afaeb93590_1723, v0x55afaeb93590_1724, v0x55afaeb93590_1725, v0x55afaeb93590_1726;
v0x55afaeb93590_1727 .array/port v0x55afaeb93590, 1727;
v0x55afaeb93590_1728 .array/port v0x55afaeb93590, 1728;
v0x55afaeb93590_1729 .array/port v0x55afaeb93590, 1729;
v0x55afaeb93590_1730 .array/port v0x55afaeb93590, 1730;
E_0x55afaeb77280/432 .event anyedge, v0x55afaeb93590_1727, v0x55afaeb93590_1728, v0x55afaeb93590_1729, v0x55afaeb93590_1730;
v0x55afaeb93590_1731 .array/port v0x55afaeb93590, 1731;
v0x55afaeb93590_1732 .array/port v0x55afaeb93590, 1732;
v0x55afaeb93590_1733 .array/port v0x55afaeb93590, 1733;
v0x55afaeb93590_1734 .array/port v0x55afaeb93590, 1734;
E_0x55afaeb77280/433 .event anyedge, v0x55afaeb93590_1731, v0x55afaeb93590_1732, v0x55afaeb93590_1733, v0x55afaeb93590_1734;
v0x55afaeb93590_1735 .array/port v0x55afaeb93590, 1735;
v0x55afaeb93590_1736 .array/port v0x55afaeb93590, 1736;
v0x55afaeb93590_1737 .array/port v0x55afaeb93590, 1737;
v0x55afaeb93590_1738 .array/port v0x55afaeb93590, 1738;
E_0x55afaeb77280/434 .event anyedge, v0x55afaeb93590_1735, v0x55afaeb93590_1736, v0x55afaeb93590_1737, v0x55afaeb93590_1738;
v0x55afaeb93590_1739 .array/port v0x55afaeb93590, 1739;
v0x55afaeb93590_1740 .array/port v0x55afaeb93590, 1740;
v0x55afaeb93590_1741 .array/port v0x55afaeb93590, 1741;
v0x55afaeb93590_1742 .array/port v0x55afaeb93590, 1742;
E_0x55afaeb77280/435 .event anyedge, v0x55afaeb93590_1739, v0x55afaeb93590_1740, v0x55afaeb93590_1741, v0x55afaeb93590_1742;
v0x55afaeb93590_1743 .array/port v0x55afaeb93590, 1743;
v0x55afaeb93590_1744 .array/port v0x55afaeb93590, 1744;
v0x55afaeb93590_1745 .array/port v0x55afaeb93590, 1745;
v0x55afaeb93590_1746 .array/port v0x55afaeb93590, 1746;
E_0x55afaeb77280/436 .event anyedge, v0x55afaeb93590_1743, v0x55afaeb93590_1744, v0x55afaeb93590_1745, v0x55afaeb93590_1746;
v0x55afaeb93590_1747 .array/port v0x55afaeb93590, 1747;
v0x55afaeb93590_1748 .array/port v0x55afaeb93590, 1748;
v0x55afaeb93590_1749 .array/port v0x55afaeb93590, 1749;
v0x55afaeb93590_1750 .array/port v0x55afaeb93590, 1750;
E_0x55afaeb77280/437 .event anyedge, v0x55afaeb93590_1747, v0x55afaeb93590_1748, v0x55afaeb93590_1749, v0x55afaeb93590_1750;
v0x55afaeb93590_1751 .array/port v0x55afaeb93590, 1751;
v0x55afaeb93590_1752 .array/port v0x55afaeb93590, 1752;
v0x55afaeb93590_1753 .array/port v0x55afaeb93590, 1753;
v0x55afaeb93590_1754 .array/port v0x55afaeb93590, 1754;
E_0x55afaeb77280/438 .event anyedge, v0x55afaeb93590_1751, v0x55afaeb93590_1752, v0x55afaeb93590_1753, v0x55afaeb93590_1754;
v0x55afaeb93590_1755 .array/port v0x55afaeb93590, 1755;
v0x55afaeb93590_1756 .array/port v0x55afaeb93590, 1756;
v0x55afaeb93590_1757 .array/port v0x55afaeb93590, 1757;
v0x55afaeb93590_1758 .array/port v0x55afaeb93590, 1758;
E_0x55afaeb77280/439 .event anyedge, v0x55afaeb93590_1755, v0x55afaeb93590_1756, v0x55afaeb93590_1757, v0x55afaeb93590_1758;
v0x55afaeb93590_1759 .array/port v0x55afaeb93590, 1759;
v0x55afaeb93590_1760 .array/port v0x55afaeb93590, 1760;
v0x55afaeb93590_1761 .array/port v0x55afaeb93590, 1761;
v0x55afaeb93590_1762 .array/port v0x55afaeb93590, 1762;
E_0x55afaeb77280/440 .event anyedge, v0x55afaeb93590_1759, v0x55afaeb93590_1760, v0x55afaeb93590_1761, v0x55afaeb93590_1762;
v0x55afaeb93590_1763 .array/port v0x55afaeb93590, 1763;
v0x55afaeb93590_1764 .array/port v0x55afaeb93590, 1764;
v0x55afaeb93590_1765 .array/port v0x55afaeb93590, 1765;
v0x55afaeb93590_1766 .array/port v0x55afaeb93590, 1766;
E_0x55afaeb77280/441 .event anyedge, v0x55afaeb93590_1763, v0x55afaeb93590_1764, v0x55afaeb93590_1765, v0x55afaeb93590_1766;
v0x55afaeb93590_1767 .array/port v0x55afaeb93590, 1767;
v0x55afaeb93590_1768 .array/port v0x55afaeb93590, 1768;
v0x55afaeb93590_1769 .array/port v0x55afaeb93590, 1769;
v0x55afaeb93590_1770 .array/port v0x55afaeb93590, 1770;
E_0x55afaeb77280/442 .event anyedge, v0x55afaeb93590_1767, v0x55afaeb93590_1768, v0x55afaeb93590_1769, v0x55afaeb93590_1770;
v0x55afaeb93590_1771 .array/port v0x55afaeb93590, 1771;
v0x55afaeb93590_1772 .array/port v0x55afaeb93590, 1772;
v0x55afaeb93590_1773 .array/port v0x55afaeb93590, 1773;
v0x55afaeb93590_1774 .array/port v0x55afaeb93590, 1774;
E_0x55afaeb77280/443 .event anyedge, v0x55afaeb93590_1771, v0x55afaeb93590_1772, v0x55afaeb93590_1773, v0x55afaeb93590_1774;
v0x55afaeb93590_1775 .array/port v0x55afaeb93590, 1775;
v0x55afaeb93590_1776 .array/port v0x55afaeb93590, 1776;
v0x55afaeb93590_1777 .array/port v0x55afaeb93590, 1777;
v0x55afaeb93590_1778 .array/port v0x55afaeb93590, 1778;
E_0x55afaeb77280/444 .event anyedge, v0x55afaeb93590_1775, v0x55afaeb93590_1776, v0x55afaeb93590_1777, v0x55afaeb93590_1778;
v0x55afaeb93590_1779 .array/port v0x55afaeb93590, 1779;
v0x55afaeb93590_1780 .array/port v0x55afaeb93590, 1780;
v0x55afaeb93590_1781 .array/port v0x55afaeb93590, 1781;
v0x55afaeb93590_1782 .array/port v0x55afaeb93590, 1782;
E_0x55afaeb77280/445 .event anyedge, v0x55afaeb93590_1779, v0x55afaeb93590_1780, v0x55afaeb93590_1781, v0x55afaeb93590_1782;
v0x55afaeb93590_1783 .array/port v0x55afaeb93590, 1783;
v0x55afaeb93590_1784 .array/port v0x55afaeb93590, 1784;
v0x55afaeb93590_1785 .array/port v0x55afaeb93590, 1785;
v0x55afaeb93590_1786 .array/port v0x55afaeb93590, 1786;
E_0x55afaeb77280/446 .event anyedge, v0x55afaeb93590_1783, v0x55afaeb93590_1784, v0x55afaeb93590_1785, v0x55afaeb93590_1786;
v0x55afaeb93590_1787 .array/port v0x55afaeb93590, 1787;
v0x55afaeb93590_1788 .array/port v0x55afaeb93590, 1788;
v0x55afaeb93590_1789 .array/port v0x55afaeb93590, 1789;
v0x55afaeb93590_1790 .array/port v0x55afaeb93590, 1790;
E_0x55afaeb77280/447 .event anyedge, v0x55afaeb93590_1787, v0x55afaeb93590_1788, v0x55afaeb93590_1789, v0x55afaeb93590_1790;
v0x55afaeb93590_1791 .array/port v0x55afaeb93590, 1791;
v0x55afaeb93590_1792 .array/port v0x55afaeb93590, 1792;
v0x55afaeb93590_1793 .array/port v0x55afaeb93590, 1793;
v0x55afaeb93590_1794 .array/port v0x55afaeb93590, 1794;
E_0x55afaeb77280/448 .event anyedge, v0x55afaeb93590_1791, v0x55afaeb93590_1792, v0x55afaeb93590_1793, v0x55afaeb93590_1794;
v0x55afaeb93590_1795 .array/port v0x55afaeb93590, 1795;
v0x55afaeb93590_1796 .array/port v0x55afaeb93590, 1796;
v0x55afaeb93590_1797 .array/port v0x55afaeb93590, 1797;
v0x55afaeb93590_1798 .array/port v0x55afaeb93590, 1798;
E_0x55afaeb77280/449 .event anyedge, v0x55afaeb93590_1795, v0x55afaeb93590_1796, v0x55afaeb93590_1797, v0x55afaeb93590_1798;
v0x55afaeb93590_1799 .array/port v0x55afaeb93590, 1799;
v0x55afaeb93590_1800 .array/port v0x55afaeb93590, 1800;
v0x55afaeb93590_1801 .array/port v0x55afaeb93590, 1801;
v0x55afaeb93590_1802 .array/port v0x55afaeb93590, 1802;
E_0x55afaeb77280/450 .event anyedge, v0x55afaeb93590_1799, v0x55afaeb93590_1800, v0x55afaeb93590_1801, v0x55afaeb93590_1802;
v0x55afaeb93590_1803 .array/port v0x55afaeb93590, 1803;
v0x55afaeb93590_1804 .array/port v0x55afaeb93590, 1804;
v0x55afaeb93590_1805 .array/port v0x55afaeb93590, 1805;
v0x55afaeb93590_1806 .array/port v0x55afaeb93590, 1806;
E_0x55afaeb77280/451 .event anyedge, v0x55afaeb93590_1803, v0x55afaeb93590_1804, v0x55afaeb93590_1805, v0x55afaeb93590_1806;
v0x55afaeb93590_1807 .array/port v0x55afaeb93590, 1807;
v0x55afaeb93590_1808 .array/port v0x55afaeb93590, 1808;
v0x55afaeb93590_1809 .array/port v0x55afaeb93590, 1809;
v0x55afaeb93590_1810 .array/port v0x55afaeb93590, 1810;
E_0x55afaeb77280/452 .event anyedge, v0x55afaeb93590_1807, v0x55afaeb93590_1808, v0x55afaeb93590_1809, v0x55afaeb93590_1810;
v0x55afaeb93590_1811 .array/port v0x55afaeb93590, 1811;
v0x55afaeb93590_1812 .array/port v0x55afaeb93590, 1812;
v0x55afaeb93590_1813 .array/port v0x55afaeb93590, 1813;
v0x55afaeb93590_1814 .array/port v0x55afaeb93590, 1814;
E_0x55afaeb77280/453 .event anyedge, v0x55afaeb93590_1811, v0x55afaeb93590_1812, v0x55afaeb93590_1813, v0x55afaeb93590_1814;
v0x55afaeb93590_1815 .array/port v0x55afaeb93590, 1815;
v0x55afaeb93590_1816 .array/port v0x55afaeb93590, 1816;
v0x55afaeb93590_1817 .array/port v0x55afaeb93590, 1817;
v0x55afaeb93590_1818 .array/port v0x55afaeb93590, 1818;
E_0x55afaeb77280/454 .event anyedge, v0x55afaeb93590_1815, v0x55afaeb93590_1816, v0x55afaeb93590_1817, v0x55afaeb93590_1818;
v0x55afaeb93590_1819 .array/port v0x55afaeb93590, 1819;
v0x55afaeb93590_1820 .array/port v0x55afaeb93590, 1820;
v0x55afaeb93590_1821 .array/port v0x55afaeb93590, 1821;
v0x55afaeb93590_1822 .array/port v0x55afaeb93590, 1822;
E_0x55afaeb77280/455 .event anyedge, v0x55afaeb93590_1819, v0x55afaeb93590_1820, v0x55afaeb93590_1821, v0x55afaeb93590_1822;
v0x55afaeb93590_1823 .array/port v0x55afaeb93590, 1823;
v0x55afaeb93590_1824 .array/port v0x55afaeb93590, 1824;
v0x55afaeb93590_1825 .array/port v0x55afaeb93590, 1825;
v0x55afaeb93590_1826 .array/port v0x55afaeb93590, 1826;
E_0x55afaeb77280/456 .event anyedge, v0x55afaeb93590_1823, v0x55afaeb93590_1824, v0x55afaeb93590_1825, v0x55afaeb93590_1826;
v0x55afaeb93590_1827 .array/port v0x55afaeb93590, 1827;
v0x55afaeb93590_1828 .array/port v0x55afaeb93590, 1828;
v0x55afaeb93590_1829 .array/port v0x55afaeb93590, 1829;
v0x55afaeb93590_1830 .array/port v0x55afaeb93590, 1830;
E_0x55afaeb77280/457 .event anyedge, v0x55afaeb93590_1827, v0x55afaeb93590_1828, v0x55afaeb93590_1829, v0x55afaeb93590_1830;
v0x55afaeb93590_1831 .array/port v0x55afaeb93590, 1831;
v0x55afaeb93590_1832 .array/port v0x55afaeb93590, 1832;
v0x55afaeb93590_1833 .array/port v0x55afaeb93590, 1833;
v0x55afaeb93590_1834 .array/port v0x55afaeb93590, 1834;
E_0x55afaeb77280/458 .event anyedge, v0x55afaeb93590_1831, v0x55afaeb93590_1832, v0x55afaeb93590_1833, v0x55afaeb93590_1834;
v0x55afaeb93590_1835 .array/port v0x55afaeb93590, 1835;
v0x55afaeb93590_1836 .array/port v0x55afaeb93590, 1836;
v0x55afaeb93590_1837 .array/port v0x55afaeb93590, 1837;
v0x55afaeb93590_1838 .array/port v0x55afaeb93590, 1838;
E_0x55afaeb77280/459 .event anyedge, v0x55afaeb93590_1835, v0x55afaeb93590_1836, v0x55afaeb93590_1837, v0x55afaeb93590_1838;
v0x55afaeb93590_1839 .array/port v0x55afaeb93590, 1839;
v0x55afaeb93590_1840 .array/port v0x55afaeb93590, 1840;
v0x55afaeb93590_1841 .array/port v0x55afaeb93590, 1841;
v0x55afaeb93590_1842 .array/port v0x55afaeb93590, 1842;
E_0x55afaeb77280/460 .event anyedge, v0x55afaeb93590_1839, v0x55afaeb93590_1840, v0x55afaeb93590_1841, v0x55afaeb93590_1842;
v0x55afaeb93590_1843 .array/port v0x55afaeb93590, 1843;
v0x55afaeb93590_1844 .array/port v0x55afaeb93590, 1844;
v0x55afaeb93590_1845 .array/port v0x55afaeb93590, 1845;
v0x55afaeb93590_1846 .array/port v0x55afaeb93590, 1846;
E_0x55afaeb77280/461 .event anyedge, v0x55afaeb93590_1843, v0x55afaeb93590_1844, v0x55afaeb93590_1845, v0x55afaeb93590_1846;
v0x55afaeb93590_1847 .array/port v0x55afaeb93590, 1847;
v0x55afaeb93590_1848 .array/port v0x55afaeb93590, 1848;
v0x55afaeb93590_1849 .array/port v0x55afaeb93590, 1849;
v0x55afaeb93590_1850 .array/port v0x55afaeb93590, 1850;
E_0x55afaeb77280/462 .event anyedge, v0x55afaeb93590_1847, v0x55afaeb93590_1848, v0x55afaeb93590_1849, v0x55afaeb93590_1850;
v0x55afaeb93590_1851 .array/port v0x55afaeb93590, 1851;
v0x55afaeb93590_1852 .array/port v0x55afaeb93590, 1852;
v0x55afaeb93590_1853 .array/port v0x55afaeb93590, 1853;
v0x55afaeb93590_1854 .array/port v0x55afaeb93590, 1854;
E_0x55afaeb77280/463 .event anyedge, v0x55afaeb93590_1851, v0x55afaeb93590_1852, v0x55afaeb93590_1853, v0x55afaeb93590_1854;
v0x55afaeb93590_1855 .array/port v0x55afaeb93590, 1855;
v0x55afaeb93590_1856 .array/port v0x55afaeb93590, 1856;
v0x55afaeb93590_1857 .array/port v0x55afaeb93590, 1857;
v0x55afaeb93590_1858 .array/port v0x55afaeb93590, 1858;
E_0x55afaeb77280/464 .event anyedge, v0x55afaeb93590_1855, v0x55afaeb93590_1856, v0x55afaeb93590_1857, v0x55afaeb93590_1858;
v0x55afaeb93590_1859 .array/port v0x55afaeb93590, 1859;
v0x55afaeb93590_1860 .array/port v0x55afaeb93590, 1860;
v0x55afaeb93590_1861 .array/port v0x55afaeb93590, 1861;
v0x55afaeb93590_1862 .array/port v0x55afaeb93590, 1862;
E_0x55afaeb77280/465 .event anyedge, v0x55afaeb93590_1859, v0x55afaeb93590_1860, v0x55afaeb93590_1861, v0x55afaeb93590_1862;
v0x55afaeb93590_1863 .array/port v0x55afaeb93590, 1863;
v0x55afaeb93590_1864 .array/port v0x55afaeb93590, 1864;
v0x55afaeb93590_1865 .array/port v0x55afaeb93590, 1865;
v0x55afaeb93590_1866 .array/port v0x55afaeb93590, 1866;
E_0x55afaeb77280/466 .event anyedge, v0x55afaeb93590_1863, v0x55afaeb93590_1864, v0x55afaeb93590_1865, v0x55afaeb93590_1866;
v0x55afaeb93590_1867 .array/port v0x55afaeb93590, 1867;
v0x55afaeb93590_1868 .array/port v0x55afaeb93590, 1868;
v0x55afaeb93590_1869 .array/port v0x55afaeb93590, 1869;
v0x55afaeb93590_1870 .array/port v0x55afaeb93590, 1870;
E_0x55afaeb77280/467 .event anyedge, v0x55afaeb93590_1867, v0x55afaeb93590_1868, v0x55afaeb93590_1869, v0x55afaeb93590_1870;
v0x55afaeb93590_1871 .array/port v0x55afaeb93590, 1871;
v0x55afaeb93590_1872 .array/port v0x55afaeb93590, 1872;
v0x55afaeb93590_1873 .array/port v0x55afaeb93590, 1873;
v0x55afaeb93590_1874 .array/port v0x55afaeb93590, 1874;
E_0x55afaeb77280/468 .event anyedge, v0x55afaeb93590_1871, v0x55afaeb93590_1872, v0x55afaeb93590_1873, v0x55afaeb93590_1874;
v0x55afaeb93590_1875 .array/port v0x55afaeb93590, 1875;
v0x55afaeb93590_1876 .array/port v0x55afaeb93590, 1876;
v0x55afaeb93590_1877 .array/port v0x55afaeb93590, 1877;
v0x55afaeb93590_1878 .array/port v0x55afaeb93590, 1878;
E_0x55afaeb77280/469 .event anyedge, v0x55afaeb93590_1875, v0x55afaeb93590_1876, v0x55afaeb93590_1877, v0x55afaeb93590_1878;
v0x55afaeb93590_1879 .array/port v0x55afaeb93590, 1879;
v0x55afaeb93590_1880 .array/port v0x55afaeb93590, 1880;
v0x55afaeb93590_1881 .array/port v0x55afaeb93590, 1881;
v0x55afaeb93590_1882 .array/port v0x55afaeb93590, 1882;
E_0x55afaeb77280/470 .event anyedge, v0x55afaeb93590_1879, v0x55afaeb93590_1880, v0x55afaeb93590_1881, v0x55afaeb93590_1882;
v0x55afaeb93590_1883 .array/port v0x55afaeb93590, 1883;
v0x55afaeb93590_1884 .array/port v0x55afaeb93590, 1884;
v0x55afaeb93590_1885 .array/port v0x55afaeb93590, 1885;
v0x55afaeb93590_1886 .array/port v0x55afaeb93590, 1886;
E_0x55afaeb77280/471 .event anyedge, v0x55afaeb93590_1883, v0x55afaeb93590_1884, v0x55afaeb93590_1885, v0x55afaeb93590_1886;
v0x55afaeb93590_1887 .array/port v0x55afaeb93590, 1887;
v0x55afaeb93590_1888 .array/port v0x55afaeb93590, 1888;
v0x55afaeb93590_1889 .array/port v0x55afaeb93590, 1889;
v0x55afaeb93590_1890 .array/port v0x55afaeb93590, 1890;
E_0x55afaeb77280/472 .event anyedge, v0x55afaeb93590_1887, v0x55afaeb93590_1888, v0x55afaeb93590_1889, v0x55afaeb93590_1890;
v0x55afaeb93590_1891 .array/port v0x55afaeb93590, 1891;
v0x55afaeb93590_1892 .array/port v0x55afaeb93590, 1892;
v0x55afaeb93590_1893 .array/port v0x55afaeb93590, 1893;
v0x55afaeb93590_1894 .array/port v0x55afaeb93590, 1894;
E_0x55afaeb77280/473 .event anyedge, v0x55afaeb93590_1891, v0x55afaeb93590_1892, v0x55afaeb93590_1893, v0x55afaeb93590_1894;
v0x55afaeb93590_1895 .array/port v0x55afaeb93590, 1895;
v0x55afaeb93590_1896 .array/port v0x55afaeb93590, 1896;
v0x55afaeb93590_1897 .array/port v0x55afaeb93590, 1897;
v0x55afaeb93590_1898 .array/port v0x55afaeb93590, 1898;
E_0x55afaeb77280/474 .event anyedge, v0x55afaeb93590_1895, v0x55afaeb93590_1896, v0x55afaeb93590_1897, v0x55afaeb93590_1898;
v0x55afaeb93590_1899 .array/port v0x55afaeb93590, 1899;
v0x55afaeb93590_1900 .array/port v0x55afaeb93590, 1900;
v0x55afaeb93590_1901 .array/port v0x55afaeb93590, 1901;
v0x55afaeb93590_1902 .array/port v0x55afaeb93590, 1902;
E_0x55afaeb77280/475 .event anyedge, v0x55afaeb93590_1899, v0x55afaeb93590_1900, v0x55afaeb93590_1901, v0x55afaeb93590_1902;
v0x55afaeb93590_1903 .array/port v0x55afaeb93590, 1903;
v0x55afaeb93590_1904 .array/port v0x55afaeb93590, 1904;
v0x55afaeb93590_1905 .array/port v0x55afaeb93590, 1905;
v0x55afaeb93590_1906 .array/port v0x55afaeb93590, 1906;
E_0x55afaeb77280/476 .event anyedge, v0x55afaeb93590_1903, v0x55afaeb93590_1904, v0x55afaeb93590_1905, v0x55afaeb93590_1906;
v0x55afaeb93590_1907 .array/port v0x55afaeb93590, 1907;
v0x55afaeb93590_1908 .array/port v0x55afaeb93590, 1908;
v0x55afaeb93590_1909 .array/port v0x55afaeb93590, 1909;
v0x55afaeb93590_1910 .array/port v0x55afaeb93590, 1910;
E_0x55afaeb77280/477 .event anyedge, v0x55afaeb93590_1907, v0x55afaeb93590_1908, v0x55afaeb93590_1909, v0x55afaeb93590_1910;
v0x55afaeb93590_1911 .array/port v0x55afaeb93590, 1911;
v0x55afaeb93590_1912 .array/port v0x55afaeb93590, 1912;
v0x55afaeb93590_1913 .array/port v0x55afaeb93590, 1913;
v0x55afaeb93590_1914 .array/port v0x55afaeb93590, 1914;
E_0x55afaeb77280/478 .event anyedge, v0x55afaeb93590_1911, v0x55afaeb93590_1912, v0x55afaeb93590_1913, v0x55afaeb93590_1914;
v0x55afaeb93590_1915 .array/port v0x55afaeb93590, 1915;
v0x55afaeb93590_1916 .array/port v0x55afaeb93590, 1916;
v0x55afaeb93590_1917 .array/port v0x55afaeb93590, 1917;
v0x55afaeb93590_1918 .array/port v0x55afaeb93590, 1918;
E_0x55afaeb77280/479 .event anyedge, v0x55afaeb93590_1915, v0x55afaeb93590_1916, v0x55afaeb93590_1917, v0x55afaeb93590_1918;
v0x55afaeb93590_1919 .array/port v0x55afaeb93590, 1919;
v0x55afaeb93590_1920 .array/port v0x55afaeb93590, 1920;
v0x55afaeb93590_1921 .array/port v0x55afaeb93590, 1921;
v0x55afaeb93590_1922 .array/port v0x55afaeb93590, 1922;
E_0x55afaeb77280/480 .event anyedge, v0x55afaeb93590_1919, v0x55afaeb93590_1920, v0x55afaeb93590_1921, v0x55afaeb93590_1922;
v0x55afaeb93590_1923 .array/port v0x55afaeb93590, 1923;
v0x55afaeb93590_1924 .array/port v0x55afaeb93590, 1924;
v0x55afaeb93590_1925 .array/port v0x55afaeb93590, 1925;
v0x55afaeb93590_1926 .array/port v0x55afaeb93590, 1926;
E_0x55afaeb77280/481 .event anyedge, v0x55afaeb93590_1923, v0x55afaeb93590_1924, v0x55afaeb93590_1925, v0x55afaeb93590_1926;
v0x55afaeb93590_1927 .array/port v0x55afaeb93590, 1927;
v0x55afaeb93590_1928 .array/port v0x55afaeb93590, 1928;
v0x55afaeb93590_1929 .array/port v0x55afaeb93590, 1929;
v0x55afaeb93590_1930 .array/port v0x55afaeb93590, 1930;
E_0x55afaeb77280/482 .event anyedge, v0x55afaeb93590_1927, v0x55afaeb93590_1928, v0x55afaeb93590_1929, v0x55afaeb93590_1930;
v0x55afaeb93590_1931 .array/port v0x55afaeb93590, 1931;
v0x55afaeb93590_1932 .array/port v0x55afaeb93590, 1932;
v0x55afaeb93590_1933 .array/port v0x55afaeb93590, 1933;
v0x55afaeb93590_1934 .array/port v0x55afaeb93590, 1934;
E_0x55afaeb77280/483 .event anyedge, v0x55afaeb93590_1931, v0x55afaeb93590_1932, v0x55afaeb93590_1933, v0x55afaeb93590_1934;
v0x55afaeb93590_1935 .array/port v0x55afaeb93590, 1935;
v0x55afaeb93590_1936 .array/port v0x55afaeb93590, 1936;
v0x55afaeb93590_1937 .array/port v0x55afaeb93590, 1937;
v0x55afaeb93590_1938 .array/port v0x55afaeb93590, 1938;
E_0x55afaeb77280/484 .event anyedge, v0x55afaeb93590_1935, v0x55afaeb93590_1936, v0x55afaeb93590_1937, v0x55afaeb93590_1938;
v0x55afaeb93590_1939 .array/port v0x55afaeb93590, 1939;
v0x55afaeb93590_1940 .array/port v0x55afaeb93590, 1940;
v0x55afaeb93590_1941 .array/port v0x55afaeb93590, 1941;
v0x55afaeb93590_1942 .array/port v0x55afaeb93590, 1942;
E_0x55afaeb77280/485 .event anyedge, v0x55afaeb93590_1939, v0x55afaeb93590_1940, v0x55afaeb93590_1941, v0x55afaeb93590_1942;
v0x55afaeb93590_1943 .array/port v0x55afaeb93590, 1943;
v0x55afaeb93590_1944 .array/port v0x55afaeb93590, 1944;
v0x55afaeb93590_1945 .array/port v0x55afaeb93590, 1945;
v0x55afaeb93590_1946 .array/port v0x55afaeb93590, 1946;
E_0x55afaeb77280/486 .event anyedge, v0x55afaeb93590_1943, v0x55afaeb93590_1944, v0x55afaeb93590_1945, v0x55afaeb93590_1946;
v0x55afaeb93590_1947 .array/port v0x55afaeb93590, 1947;
v0x55afaeb93590_1948 .array/port v0x55afaeb93590, 1948;
v0x55afaeb93590_1949 .array/port v0x55afaeb93590, 1949;
v0x55afaeb93590_1950 .array/port v0x55afaeb93590, 1950;
E_0x55afaeb77280/487 .event anyedge, v0x55afaeb93590_1947, v0x55afaeb93590_1948, v0x55afaeb93590_1949, v0x55afaeb93590_1950;
v0x55afaeb93590_1951 .array/port v0x55afaeb93590, 1951;
v0x55afaeb93590_1952 .array/port v0x55afaeb93590, 1952;
v0x55afaeb93590_1953 .array/port v0x55afaeb93590, 1953;
v0x55afaeb93590_1954 .array/port v0x55afaeb93590, 1954;
E_0x55afaeb77280/488 .event anyedge, v0x55afaeb93590_1951, v0x55afaeb93590_1952, v0x55afaeb93590_1953, v0x55afaeb93590_1954;
v0x55afaeb93590_1955 .array/port v0x55afaeb93590, 1955;
v0x55afaeb93590_1956 .array/port v0x55afaeb93590, 1956;
v0x55afaeb93590_1957 .array/port v0x55afaeb93590, 1957;
v0x55afaeb93590_1958 .array/port v0x55afaeb93590, 1958;
E_0x55afaeb77280/489 .event anyedge, v0x55afaeb93590_1955, v0x55afaeb93590_1956, v0x55afaeb93590_1957, v0x55afaeb93590_1958;
v0x55afaeb93590_1959 .array/port v0x55afaeb93590, 1959;
v0x55afaeb93590_1960 .array/port v0x55afaeb93590, 1960;
v0x55afaeb93590_1961 .array/port v0x55afaeb93590, 1961;
v0x55afaeb93590_1962 .array/port v0x55afaeb93590, 1962;
E_0x55afaeb77280/490 .event anyedge, v0x55afaeb93590_1959, v0x55afaeb93590_1960, v0x55afaeb93590_1961, v0x55afaeb93590_1962;
v0x55afaeb93590_1963 .array/port v0x55afaeb93590, 1963;
v0x55afaeb93590_1964 .array/port v0x55afaeb93590, 1964;
v0x55afaeb93590_1965 .array/port v0x55afaeb93590, 1965;
v0x55afaeb93590_1966 .array/port v0x55afaeb93590, 1966;
E_0x55afaeb77280/491 .event anyedge, v0x55afaeb93590_1963, v0x55afaeb93590_1964, v0x55afaeb93590_1965, v0x55afaeb93590_1966;
v0x55afaeb93590_1967 .array/port v0x55afaeb93590, 1967;
v0x55afaeb93590_1968 .array/port v0x55afaeb93590, 1968;
v0x55afaeb93590_1969 .array/port v0x55afaeb93590, 1969;
v0x55afaeb93590_1970 .array/port v0x55afaeb93590, 1970;
E_0x55afaeb77280/492 .event anyedge, v0x55afaeb93590_1967, v0x55afaeb93590_1968, v0x55afaeb93590_1969, v0x55afaeb93590_1970;
v0x55afaeb93590_1971 .array/port v0x55afaeb93590, 1971;
v0x55afaeb93590_1972 .array/port v0x55afaeb93590, 1972;
v0x55afaeb93590_1973 .array/port v0x55afaeb93590, 1973;
v0x55afaeb93590_1974 .array/port v0x55afaeb93590, 1974;
E_0x55afaeb77280/493 .event anyedge, v0x55afaeb93590_1971, v0x55afaeb93590_1972, v0x55afaeb93590_1973, v0x55afaeb93590_1974;
v0x55afaeb93590_1975 .array/port v0x55afaeb93590, 1975;
v0x55afaeb93590_1976 .array/port v0x55afaeb93590, 1976;
v0x55afaeb93590_1977 .array/port v0x55afaeb93590, 1977;
v0x55afaeb93590_1978 .array/port v0x55afaeb93590, 1978;
E_0x55afaeb77280/494 .event anyedge, v0x55afaeb93590_1975, v0x55afaeb93590_1976, v0x55afaeb93590_1977, v0x55afaeb93590_1978;
v0x55afaeb93590_1979 .array/port v0x55afaeb93590, 1979;
v0x55afaeb93590_1980 .array/port v0x55afaeb93590, 1980;
v0x55afaeb93590_1981 .array/port v0x55afaeb93590, 1981;
v0x55afaeb93590_1982 .array/port v0x55afaeb93590, 1982;
E_0x55afaeb77280/495 .event anyedge, v0x55afaeb93590_1979, v0x55afaeb93590_1980, v0x55afaeb93590_1981, v0x55afaeb93590_1982;
v0x55afaeb93590_1983 .array/port v0x55afaeb93590, 1983;
v0x55afaeb93590_1984 .array/port v0x55afaeb93590, 1984;
v0x55afaeb93590_1985 .array/port v0x55afaeb93590, 1985;
v0x55afaeb93590_1986 .array/port v0x55afaeb93590, 1986;
E_0x55afaeb77280/496 .event anyedge, v0x55afaeb93590_1983, v0x55afaeb93590_1984, v0x55afaeb93590_1985, v0x55afaeb93590_1986;
v0x55afaeb93590_1987 .array/port v0x55afaeb93590, 1987;
v0x55afaeb93590_1988 .array/port v0x55afaeb93590, 1988;
v0x55afaeb93590_1989 .array/port v0x55afaeb93590, 1989;
v0x55afaeb93590_1990 .array/port v0x55afaeb93590, 1990;
E_0x55afaeb77280/497 .event anyedge, v0x55afaeb93590_1987, v0x55afaeb93590_1988, v0x55afaeb93590_1989, v0x55afaeb93590_1990;
v0x55afaeb93590_1991 .array/port v0x55afaeb93590, 1991;
v0x55afaeb93590_1992 .array/port v0x55afaeb93590, 1992;
v0x55afaeb93590_1993 .array/port v0x55afaeb93590, 1993;
v0x55afaeb93590_1994 .array/port v0x55afaeb93590, 1994;
E_0x55afaeb77280/498 .event anyedge, v0x55afaeb93590_1991, v0x55afaeb93590_1992, v0x55afaeb93590_1993, v0x55afaeb93590_1994;
v0x55afaeb93590_1995 .array/port v0x55afaeb93590, 1995;
v0x55afaeb93590_1996 .array/port v0x55afaeb93590, 1996;
v0x55afaeb93590_1997 .array/port v0x55afaeb93590, 1997;
v0x55afaeb93590_1998 .array/port v0x55afaeb93590, 1998;
E_0x55afaeb77280/499 .event anyedge, v0x55afaeb93590_1995, v0x55afaeb93590_1996, v0x55afaeb93590_1997, v0x55afaeb93590_1998;
v0x55afaeb93590_1999 .array/port v0x55afaeb93590, 1999;
v0x55afaeb93590_2000 .array/port v0x55afaeb93590, 2000;
v0x55afaeb93590_2001 .array/port v0x55afaeb93590, 2001;
v0x55afaeb93590_2002 .array/port v0x55afaeb93590, 2002;
E_0x55afaeb77280/500 .event anyedge, v0x55afaeb93590_1999, v0x55afaeb93590_2000, v0x55afaeb93590_2001, v0x55afaeb93590_2002;
v0x55afaeb93590_2003 .array/port v0x55afaeb93590, 2003;
v0x55afaeb93590_2004 .array/port v0x55afaeb93590, 2004;
v0x55afaeb93590_2005 .array/port v0x55afaeb93590, 2005;
v0x55afaeb93590_2006 .array/port v0x55afaeb93590, 2006;
E_0x55afaeb77280/501 .event anyedge, v0x55afaeb93590_2003, v0x55afaeb93590_2004, v0x55afaeb93590_2005, v0x55afaeb93590_2006;
v0x55afaeb93590_2007 .array/port v0x55afaeb93590, 2007;
v0x55afaeb93590_2008 .array/port v0x55afaeb93590, 2008;
v0x55afaeb93590_2009 .array/port v0x55afaeb93590, 2009;
v0x55afaeb93590_2010 .array/port v0x55afaeb93590, 2010;
E_0x55afaeb77280/502 .event anyedge, v0x55afaeb93590_2007, v0x55afaeb93590_2008, v0x55afaeb93590_2009, v0x55afaeb93590_2010;
v0x55afaeb93590_2011 .array/port v0x55afaeb93590, 2011;
v0x55afaeb93590_2012 .array/port v0x55afaeb93590, 2012;
v0x55afaeb93590_2013 .array/port v0x55afaeb93590, 2013;
v0x55afaeb93590_2014 .array/port v0x55afaeb93590, 2014;
E_0x55afaeb77280/503 .event anyedge, v0x55afaeb93590_2011, v0x55afaeb93590_2012, v0x55afaeb93590_2013, v0x55afaeb93590_2014;
v0x55afaeb93590_2015 .array/port v0x55afaeb93590, 2015;
v0x55afaeb93590_2016 .array/port v0x55afaeb93590, 2016;
v0x55afaeb93590_2017 .array/port v0x55afaeb93590, 2017;
v0x55afaeb93590_2018 .array/port v0x55afaeb93590, 2018;
E_0x55afaeb77280/504 .event anyedge, v0x55afaeb93590_2015, v0x55afaeb93590_2016, v0x55afaeb93590_2017, v0x55afaeb93590_2018;
v0x55afaeb93590_2019 .array/port v0x55afaeb93590, 2019;
v0x55afaeb93590_2020 .array/port v0x55afaeb93590, 2020;
v0x55afaeb93590_2021 .array/port v0x55afaeb93590, 2021;
v0x55afaeb93590_2022 .array/port v0x55afaeb93590, 2022;
E_0x55afaeb77280/505 .event anyedge, v0x55afaeb93590_2019, v0x55afaeb93590_2020, v0x55afaeb93590_2021, v0x55afaeb93590_2022;
v0x55afaeb93590_2023 .array/port v0x55afaeb93590, 2023;
v0x55afaeb93590_2024 .array/port v0x55afaeb93590, 2024;
v0x55afaeb93590_2025 .array/port v0x55afaeb93590, 2025;
v0x55afaeb93590_2026 .array/port v0x55afaeb93590, 2026;
E_0x55afaeb77280/506 .event anyedge, v0x55afaeb93590_2023, v0x55afaeb93590_2024, v0x55afaeb93590_2025, v0x55afaeb93590_2026;
v0x55afaeb93590_2027 .array/port v0x55afaeb93590, 2027;
v0x55afaeb93590_2028 .array/port v0x55afaeb93590, 2028;
v0x55afaeb93590_2029 .array/port v0x55afaeb93590, 2029;
v0x55afaeb93590_2030 .array/port v0x55afaeb93590, 2030;
E_0x55afaeb77280/507 .event anyedge, v0x55afaeb93590_2027, v0x55afaeb93590_2028, v0x55afaeb93590_2029, v0x55afaeb93590_2030;
v0x55afaeb93590_2031 .array/port v0x55afaeb93590, 2031;
v0x55afaeb93590_2032 .array/port v0x55afaeb93590, 2032;
v0x55afaeb93590_2033 .array/port v0x55afaeb93590, 2033;
v0x55afaeb93590_2034 .array/port v0x55afaeb93590, 2034;
E_0x55afaeb77280/508 .event anyedge, v0x55afaeb93590_2031, v0x55afaeb93590_2032, v0x55afaeb93590_2033, v0x55afaeb93590_2034;
v0x55afaeb93590_2035 .array/port v0x55afaeb93590, 2035;
v0x55afaeb93590_2036 .array/port v0x55afaeb93590, 2036;
v0x55afaeb93590_2037 .array/port v0x55afaeb93590, 2037;
v0x55afaeb93590_2038 .array/port v0x55afaeb93590, 2038;
E_0x55afaeb77280/509 .event anyedge, v0x55afaeb93590_2035, v0x55afaeb93590_2036, v0x55afaeb93590_2037, v0x55afaeb93590_2038;
v0x55afaeb93590_2039 .array/port v0x55afaeb93590, 2039;
v0x55afaeb93590_2040 .array/port v0x55afaeb93590, 2040;
v0x55afaeb93590_2041 .array/port v0x55afaeb93590, 2041;
v0x55afaeb93590_2042 .array/port v0x55afaeb93590, 2042;
E_0x55afaeb77280/510 .event anyedge, v0x55afaeb93590_2039, v0x55afaeb93590_2040, v0x55afaeb93590_2041, v0x55afaeb93590_2042;
v0x55afaeb93590_2043 .array/port v0x55afaeb93590, 2043;
v0x55afaeb93590_2044 .array/port v0x55afaeb93590, 2044;
v0x55afaeb93590_2045 .array/port v0x55afaeb93590, 2045;
v0x55afaeb93590_2046 .array/port v0x55afaeb93590, 2046;
E_0x55afaeb77280/511 .event anyedge, v0x55afaeb93590_2043, v0x55afaeb93590_2044, v0x55afaeb93590_2045, v0x55afaeb93590_2046;
v0x55afaeb93590_2047 .array/port v0x55afaeb93590, 2047;
v0x55afaeb93590_2048 .array/port v0x55afaeb93590, 2048;
v0x55afaeb93590_2049 .array/port v0x55afaeb93590, 2049;
v0x55afaeb93590_2050 .array/port v0x55afaeb93590, 2050;
E_0x55afaeb77280/512 .event anyedge, v0x55afaeb93590_2047, v0x55afaeb93590_2048, v0x55afaeb93590_2049, v0x55afaeb93590_2050;
v0x55afaeb93590_2051 .array/port v0x55afaeb93590, 2051;
v0x55afaeb93590_2052 .array/port v0x55afaeb93590, 2052;
v0x55afaeb93590_2053 .array/port v0x55afaeb93590, 2053;
v0x55afaeb93590_2054 .array/port v0x55afaeb93590, 2054;
E_0x55afaeb77280/513 .event anyedge, v0x55afaeb93590_2051, v0x55afaeb93590_2052, v0x55afaeb93590_2053, v0x55afaeb93590_2054;
v0x55afaeb93590_2055 .array/port v0x55afaeb93590, 2055;
v0x55afaeb93590_2056 .array/port v0x55afaeb93590, 2056;
v0x55afaeb93590_2057 .array/port v0x55afaeb93590, 2057;
v0x55afaeb93590_2058 .array/port v0x55afaeb93590, 2058;
E_0x55afaeb77280/514 .event anyedge, v0x55afaeb93590_2055, v0x55afaeb93590_2056, v0x55afaeb93590_2057, v0x55afaeb93590_2058;
v0x55afaeb93590_2059 .array/port v0x55afaeb93590, 2059;
v0x55afaeb93590_2060 .array/port v0x55afaeb93590, 2060;
v0x55afaeb93590_2061 .array/port v0x55afaeb93590, 2061;
v0x55afaeb93590_2062 .array/port v0x55afaeb93590, 2062;
E_0x55afaeb77280/515 .event anyedge, v0x55afaeb93590_2059, v0x55afaeb93590_2060, v0x55afaeb93590_2061, v0x55afaeb93590_2062;
v0x55afaeb93590_2063 .array/port v0x55afaeb93590, 2063;
v0x55afaeb93590_2064 .array/port v0x55afaeb93590, 2064;
v0x55afaeb93590_2065 .array/port v0x55afaeb93590, 2065;
v0x55afaeb93590_2066 .array/port v0x55afaeb93590, 2066;
E_0x55afaeb77280/516 .event anyedge, v0x55afaeb93590_2063, v0x55afaeb93590_2064, v0x55afaeb93590_2065, v0x55afaeb93590_2066;
v0x55afaeb93590_2067 .array/port v0x55afaeb93590, 2067;
v0x55afaeb93590_2068 .array/port v0x55afaeb93590, 2068;
v0x55afaeb93590_2069 .array/port v0x55afaeb93590, 2069;
v0x55afaeb93590_2070 .array/port v0x55afaeb93590, 2070;
E_0x55afaeb77280/517 .event anyedge, v0x55afaeb93590_2067, v0x55afaeb93590_2068, v0x55afaeb93590_2069, v0x55afaeb93590_2070;
v0x55afaeb93590_2071 .array/port v0x55afaeb93590, 2071;
v0x55afaeb93590_2072 .array/port v0x55afaeb93590, 2072;
v0x55afaeb93590_2073 .array/port v0x55afaeb93590, 2073;
v0x55afaeb93590_2074 .array/port v0x55afaeb93590, 2074;
E_0x55afaeb77280/518 .event anyedge, v0x55afaeb93590_2071, v0x55afaeb93590_2072, v0x55afaeb93590_2073, v0x55afaeb93590_2074;
v0x55afaeb93590_2075 .array/port v0x55afaeb93590, 2075;
v0x55afaeb93590_2076 .array/port v0x55afaeb93590, 2076;
v0x55afaeb93590_2077 .array/port v0x55afaeb93590, 2077;
v0x55afaeb93590_2078 .array/port v0x55afaeb93590, 2078;
E_0x55afaeb77280/519 .event anyedge, v0x55afaeb93590_2075, v0x55afaeb93590_2076, v0x55afaeb93590_2077, v0x55afaeb93590_2078;
v0x55afaeb93590_2079 .array/port v0x55afaeb93590, 2079;
v0x55afaeb93590_2080 .array/port v0x55afaeb93590, 2080;
v0x55afaeb93590_2081 .array/port v0x55afaeb93590, 2081;
v0x55afaeb93590_2082 .array/port v0x55afaeb93590, 2082;
E_0x55afaeb77280/520 .event anyedge, v0x55afaeb93590_2079, v0x55afaeb93590_2080, v0x55afaeb93590_2081, v0x55afaeb93590_2082;
v0x55afaeb93590_2083 .array/port v0x55afaeb93590, 2083;
v0x55afaeb93590_2084 .array/port v0x55afaeb93590, 2084;
v0x55afaeb93590_2085 .array/port v0x55afaeb93590, 2085;
v0x55afaeb93590_2086 .array/port v0x55afaeb93590, 2086;
E_0x55afaeb77280/521 .event anyedge, v0x55afaeb93590_2083, v0x55afaeb93590_2084, v0x55afaeb93590_2085, v0x55afaeb93590_2086;
v0x55afaeb93590_2087 .array/port v0x55afaeb93590, 2087;
v0x55afaeb93590_2088 .array/port v0x55afaeb93590, 2088;
v0x55afaeb93590_2089 .array/port v0x55afaeb93590, 2089;
v0x55afaeb93590_2090 .array/port v0x55afaeb93590, 2090;
E_0x55afaeb77280/522 .event anyedge, v0x55afaeb93590_2087, v0x55afaeb93590_2088, v0x55afaeb93590_2089, v0x55afaeb93590_2090;
v0x55afaeb93590_2091 .array/port v0x55afaeb93590, 2091;
v0x55afaeb93590_2092 .array/port v0x55afaeb93590, 2092;
v0x55afaeb93590_2093 .array/port v0x55afaeb93590, 2093;
v0x55afaeb93590_2094 .array/port v0x55afaeb93590, 2094;
E_0x55afaeb77280/523 .event anyedge, v0x55afaeb93590_2091, v0x55afaeb93590_2092, v0x55afaeb93590_2093, v0x55afaeb93590_2094;
v0x55afaeb93590_2095 .array/port v0x55afaeb93590, 2095;
v0x55afaeb93590_2096 .array/port v0x55afaeb93590, 2096;
v0x55afaeb93590_2097 .array/port v0x55afaeb93590, 2097;
v0x55afaeb93590_2098 .array/port v0x55afaeb93590, 2098;
E_0x55afaeb77280/524 .event anyedge, v0x55afaeb93590_2095, v0x55afaeb93590_2096, v0x55afaeb93590_2097, v0x55afaeb93590_2098;
v0x55afaeb93590_2099 .array/port v0x55afaeb93590, 2099;
v0x55afaeb93590_2100 .array/port v0x55afaeb93590, 2100;
v0x55afaeb93590_2101 .array/port v0x55afaeb93590, 2101;
v0x55afaeb93590_2102 .array/port v0x55afaeb93590, 2102;
E_0x55afaeb77280/525 .event anyedge, v0x55afaeb93590_2099, v0x55afaeb93590_2100, v0x55afaeb93590_2101, v0x55afaeb93590_2102;
v0x55afaeb93590_2103 .array/port v0x55afaeb93590, 2103;
v0x55afaeb93590_2104 .array/port v0x55afaeb93590, 2104;
v0x55afaeb93590_2105 .array/port v0x55afaeb93590, 2105;
v0x55afaeb93590_2106 .array/port v0x55afaeb93590, 2106;
E_0x55afaeb77280/526 .event anyedge, v0x55afaeb93590_2103, v0x55afaeb93590_2104, v0x55afaeb93590_2105, v0x55afaeb93590_2106;
v0x55afaeb93590_2107 .array/port v0x55afaeb93590, 2107;
v0x55afaeb93590_2108 .array/port v0x55afaeb93590, 2108;
v0x55afaeb93590_2109 .array/port v0x55afaeb93590, 2109;
v0x55afaeb93590_2110 .array/port v0x55afaeb93590, 2110;
E_0x55afaeb77280/527 .event anyedge, v0x55afaeb93590_2107, v0x55afaeb93590_2108, v0x55afaeb93590_2109, v0x55afaeb93590_2110;
v0x55afaeb93590_2111 .array/port v0x55afaeb93590, 2111;
v0x55afaeb93590_2112 .array/port v0x55afaeb93590, 2112;
v0x55afaeb93590_2113 .array/port v0x55afaeb93590, 2113;
v0x55afaeb93590_2114 .array/port v0x55afaeb93590, 2114;
E_0x55afaeb77280/528 .event anyedge, v0x55afaeb93590_2111, v0x55afaeb93590_2112, v0x55afaeb93590_2113, v0x55afaeb93590_2114;
v0x55afaeb93590_2115 .array/port v0x55afaeb93590, 2115;
v0x55afaeb93590_2116 .array/port v0x55afaeb93590, 2116;
v0x55afaeb93590_2117 .array/port v0x55afaeb93590, 2117;
v0x55afaeb93590_2118 .array/port v0x55afaeb93590, 2118;
E_0x55afaeb77280/529 .event anyedge, v0x55afaeb93590_2115, v0x55afaeb93590_2116, v0x55afaeb93590_2117, v0x55afaeb93590_2118;
v0x55afaeb93590_2119 .array/port v0x55afaeb93590, 2119;
v0x55afaeb93590_2120 .array/port v0x55afaeb93590, 2120;
v0x55afaeb93590_2121 .array/port v0x55afaeb93590, 2121;
v0x55afaeb93590_2122 .array/port v0x55afaeb93590, 2122;
E_0x55afaeb77280/530 .event anyedge, v0x55afaeb93590_2119, v0x55afaeb93590_2120, v0x55afaeb93590_2121, v0x55afaeb93590_2122;
v0x55afaeb93590_2123 .array/port v0x55afaeb93590, 2123;
v0x55afaeb93590_2124 .array/port v0x55afaeb93590, 2124;
v0x55afaeb93590_2125 .array/port v0x55afaeb93590, 2125;
v0x55afaeb93590_2126 .array/port v0x55afaeb93590, 2126;
E_0x55afaeb77280/531 .event anyedge, v0x55afaeb93590_2123, v0x55afaeb93590_2124, v0x55afaeb93590_2125, v0x55afaeb93590_2126;
v0x55afaeb93590_2127 .array/port v0x55afaeb93590, 2127;
v0x55afaeb93590_2128 .array/port v0x55afaeb93590, 2128;
v0x55afaeb93590_2129 .array/port v0x55afaeb93590, 2129;
v0x55afaeb93590_2130 .array/port v0x55afaeb93590, 2130;
E_0x55afaeb77280/532 .event anyedge, v0x55afaeb93590_2127, v0x55afaeb93590_2128, v0x55afaeb93590_2129, v0x55afaeb93590_2130;
v0x55afaeb93590_2131 .array/port v0x55afaeb93590, 2131;
v0x55afaeb93590_2132 .array/port v0x55afaeb93590, 2132;
v0x55afaeb93590_2133 .array/port v0x55afaeb93590, 2133;
v0x55afaeb93590_2134 .array/port v0x55afaeb93590, 2134;
E_0x55afaeb77280/533 .event anyedge, v0x55afaeb93590_2131, v0x55afaeb93590_2132, v0x55afaeb93590_2133, v0x55afaeb93590_2134;
v0x55afaeb93590_2135 .array/port v0x55afaeb93590, 2135;
v0x55afaeb93590_2136 .array/port v0x55afaeb93590, 2136;
v0x55afaeb93590_2137 .array/port v0x55afaeb93590, 2137;
v0x55afaeb93590_2138 .array/port v0x55afaeb93590, 2138;
E_0x55afaeb77280/534 .event anyedge, v0x55afaeb93590_2135, v0x55afaeb93590_2136, v0x55afaeb93590_2137, v0x55afaeb93590_2138;
v0x55afaeb93590_2139 .array/port v0x55afaeb93590, 2139;
v0x55afaeb93590_2140 .array/port v0x55afaeb93590, 2140;
v0x55afaeb93590_2141 .array/port v0x55afaeb93590, 2141;
v0x55afaeb93590_2142 .array/port v0x55afaeb93590, 2142;
E_0x55afaeb77280/535 .event anyedge, v0x55afaeb93590_2139, v0x55afaeb93590_2140, v0x55afaeb93590_2141, v0x55afaeb93590_2142;
v0x55afaeb93590_2143 .array/port v0x55afaeb93590, 2143;
v0x55afaeb93590_2144 .array/port v0x55afaeb93590, 2144;
v0x55afaeb93590_2145 .array/port v0x55afaeb93590, 2145;
v0x55afaeb93590_2146 .array/port v0x55afaeb93590, 2146;
E_0x55afaeb77280/536 .event anyedge, v0x55afaeb93590_2143, v0x55afaeb93590_2144, v0x55afaeb93590_2145, v0x55afaeb93590_2146;
v0x55afaeb93590_2147 .array/port v0x55afaeb93590, 2147;
v0x55afaeb93590_2148 .array/port v0x55afaeb93590, 2148;
v0x55afaeb93590_2149 .array/port v0x55afaeb93590, 2149;
v0x55afaeb93590_2150 .array/port v0x55afaeb93590, 2150;
E_0x55afaeb77280/537 .event anyedge, v0x55afaeb93590_2147, v0x55afaeb93590_2148, v0x55afaeb93590_2149, v0x55afaeb93590_2150;
v0x55afaeb93590_2151 .array/port v0x55afaeb93590, 2151;
v0x55afaeb93590_2152 .array/port v0x55afaeb93590, 2152;
v0x55afaeb93590_2153 .array/port v0x55afaeb93590, 2153;
v0x55afaeb93590_2154 .array/port v0x55afaeb93590, 2154;
E_0x55afaeb77280/538 .event anyedge, v0x55afaeb93590_2151, v0x55afaeb93590_2152, v0x55afaeb93590_2153, v0x55afaeb93590_2154;
v0x55afaeb93590_2155 .array/port v0x55afaeb93590, 2155;
v0x55afaeb93590_2156 .array/port v0x55afaeb93590, 2156;
v0x55afaeb93590_2157 .array/port v0x55afaeb93590, 2157;
v0x55afaeb93590_2158 .array/port v0x55afaeb93590, 2158;
E_0x55afaeb77280/539 .event anyedge, v0x55afaeb93590_2155, v0x55afaeb93590_2156, v0x55afaeb93590_2157, v0x55afaeb93590_2158;
v0x55afaeb93590_2159 .array/port v0x55afaeb93590, 2159;
v0x55afaeb93590_2160 .array/port v0x55afaeb93590, 2160;
v0x55afaeb93590_2161 .array/port v0x55afaeb93590, 2161;
v0x55afaeb93590_2162 .array/port v0x55afaeb93590, 2162;
E_0x55afaeb77280/540 .event anyedge, v0x55afaeb93590_2159, v0x55afaeb93590_2160, v0x55afaeb93590_2161, v0x55afaeb93590_2162;
v0x55afaeb93590_2163 .array/port v0x55afaeb93590, 2163;
v0x55afaeb93590_2164 .array/port v0x55afaeb93590, 2164;
v0x55afaeb93590_2165 .array/port v0x55afaeb93590, 2165;
v0x55afaeb93590_2166 .array/port v0x55afaeb93590, 2166;
E_0x55afaeb77280/541 .event anyedge, v0x55afaeb93590_2163, v0x55afaeb93590_2164, v0x55afaeb93590_2165, v0x55afaeb93590_2166;
v0x55afaeb93590_2167 .array/port v0x55afaeb93590, 2167;
v0x55afaeb93590_2168 .array/port v0x55afaeb93590, 2168;
v0x55afaeb93590_2169 .array/port v0x55afaeb93590, 2169;
v0x55afaeb93590_2170 .array/port v0x55afaeb93590, 2170;
E_0x55afaeb77280/542 .event anyedge, v0x55afaeb93590_2167, v0x55afaeb93590_2168, v0x55afaeb93590_2169, v0x55afaeb93590_2170;
v0x55afaeb93590_2171 .array/port v0x55afaeb93590, 2171;
v0x55afaeb93590_2172 .array/port v0x55afaeb93590, 2172;
v0x55afaeb93590_2173 .array/port v0x55afaeb93590, 2173;
v0x55afaeb93590_2174 .array/port v0x55afaeb93590, 2174;
E_0x55afaeb77280/543 .event anyedge, v0x55afaeb93590_2171, v0x55afaeb93590_2172, v0x55afaeb93590_2173, v0x55afaeb93590_2174;
v0x55afaeb93590_2175 .array/port v0x55afaeb93590, 2175;
v0x55afaeb93590_2176 .array/port v0x55afaeb93590, 2176;
v0x55afaeb93590_2177 .array/port v0x55afaeb93590, 2177;
v0x55afaeb93590_2178 .array/port v0x55afaeb93590, 2178;
E_0x55afaeb77280/544 .event anyedge, v0x55afaeb93590_2175, v0x55afaeb93590_2176, v0x55afaeb93590_2177, v0x55afaeb93590_2178;
v0x55afaeb93590_2179 .array/port v0x55afaeb93590, 2179;
v0x55afaeb93590_2180 .array/port v0x55afaeb93590, 2180;
v0x55afaeb93590_2181 .array/port v0x55afaeb93590, 2181;
v0x55afaeb93590_2182 .array/port v0x55afaeb93590, 2182;
E_0x55afaeb77280/545 .event anyedge, v0x55afaeb93590_2179, v0x55afaeb93590_2180, v0x55afaeb93590_2181, v0x55afaeb93590_2182;
v0x55afaeb93590_2183 .array/port v0x55afaeb93590, 2183;
v0x55afaeb93590_2184 .array/port v0x55afaeb93590, 2184;
v0x55afaeb93590_2185 .array/port v0x55afaeb93590, 2185;
v0x55afaeb93590_2186 .array/port v0x55afaeb93590, 2186;
E_0x55afaeb77280/546 .event anyedge, v0x55afaeb93590_2183, v0x55afaeb93590_2184, v0x55afaeb93590_2185, v0x55afaeb93590_2186;
v0x55afaeb93590_2187 .array/port v0x55afaeb93590, 2187;
v0x55afaeb93590_2188 .array/port v0x55afaeb93590, 2188;
v0x55afaeb93590_2189 .array/port v0x55afaeb93590, 2189;
v0x55afaeb93590_2190 .array/port v0x55afaeb93590, 2190;
E_0x55afaeb77280/547 .event anyedge, v0x55afaeb93590_2187, v0x55afaeb93590_2188, v0x55afaeb93590_2189, v0x55afaeb93590_2190;
v0x55afaeb93590_2191 .array/port v0x55afaeb93590, 2191;
v0x55afaeb93590_2192 .array/port v0x55afaeb93590, 2192;
v0x55afaeb93590_2193 .array/port v0x55afaeb93590, 2193;
v0x55afaeb93590_2194 .array/port v0x55afaeb93590, 2194;
E_0x55afaeb77280/548 .event anyedge, v0x55afaeb93590_2191, v0x55afaeb93590_2192, v0x55afaeb93590_2193, v0x55afaeb93590_2194;
v0x55afaeb93590_2195 .array/port v0x55afaeb93590, 2195;
v0x55afaeb93590_2196 .array/port v0x55afaeb93590, 2196;
v0x55afaeb93590_2197 .array/port v0x55afaeb93590, 2197;
v0x55afaeb93590_2198 .array/port v0x55afaeb93590, 2198;
E_0x55afaeb77280/549 .event anyedge, v0x55afaeb93590_2195, v0x55afaeb93590_2196, v0x55afaeb93590_2197, v0x55afaeb93590_2198;
v0x55afaeb93590_2199 .array/port v0x55afaeb93590, 2199;
v0x55afaeb93590_2200 .array/port v0x55afaeb93590, 2200;
v0x55afaeb93590_2201 .array/port v0x55afaeb93590, 2201;
v0x55afaeb93590_2202 .array/port v0x55afaeb93590, 2202;
E_0x55afaeb77280/550 .event anyedge, v0x55afaeb93590_2199, v0x55afaeb93590_2200, v0x55afaeb93590_2201, v0x55afaeb93590_2202;
v0x55afaeb93590_2203 .array/port v0x55afaeb93590, 2203;
v0x55afaeb93590_2204 .array/port v0x55afaeb93590, 2204;
v0x55afaeb93590_2205 .array/port v0x55afaeb93590, 2205;
v0x55afaeb93590_2206 .array/port v0x55afaeb93590, 2206;
E_0x55afaeb77280/551 .event anyedge, v0x55afaeb93590_2203, v0x55afaeb93590_2204, v0x55afaeb93590_2205, v0x55afaeb93590_2206;
v0x55afaeb93590_2207 .array/port v0x55afaeb93590, 2207;
v0x55afaeb93590_2208 .array/port v0x55afaeb93590, 2208;
v0x55afaeb93590_2209 .array/port v0x55afaeb93590, 2209;
v0x55afaeb93590_2210 .array/port v0x55afaeb93590, 2210;
E_0x55afaeb77280/552 .event anyedge, v0x55afaeb93590_2207, v0x55afaeb93590_2208, v0x55afaeb93590_2209, v0x55afaeb93590_2210;
v0x55afaeb93590_2211 .array/port v0x55afaeb93590, 2211;
v0x55afaeb93590_2212 .array/port v0x55afaeb93590, 2212;
v0x55afaeb93590_2213 .array/port v0x55afaeb93590, 2213;
v0x55afaeb93590_2214 .array/port v0x55afaeb93590, 2214;
E_0x55afaeb77280/553 .event anyedge, v0x55afaeb93590_2211, v0x55afaeb93590_2212, v0x55afaeb93590_2213, v0x55afaeb93590_2214;
v0x55afaeb93590_2215 .array/port v0x55afaeb93590, 2215;
v0x55afaeb93590_2216 .array/port v0x55afaeb93590, 2216;
v0x55afaeb93590_2217 .array/port v0x55afaeb93590, 2217;
v0x55afaeb93590_2218 .array/port v0x55afaeb93590, 2218;
E_0x55afaeb77280/554 .event anyedge, v0x55afaeb93590_2215, v0x55afaeb93590_2216, v0x55afaeb93590_2217, v0x55afaeb93590_2218;
v0x55afaeb93590_2219 .array/port v0x55afaeb93590, 2219;
v0x55afaeb93590_2220 .array/port v0x55afaeb93590, 2220;
v0x55afaeb93590_2221 .array/port v0x55afaeb93590, 2221;
v0x55afaeb93590_2222 .array/port v0x55afaeb93590, 2222;
E_0x55afaeb77280/555 .event anyedge, v0x55afaeb93590_2219, v0x55afaeb93590_2220, v0x55afaeb93590_2221, v0x55afaeb93590_2222;
v0x55afaeb93590_2223 .array/port v0x55afaeb93590, 2223;
v0x55afaeb93590_2224 .array/port v0x55afaeb93590, 2224;
v0x55afaeb93590_2225 .array/port v0x55afaeb93590, 2225;
v0x55afaeb93590_2226 .array/port v0x55afaeb93590, 2226;
E_0x55afaeb77280/556 .event anyedge, v0x55afaeb93590_2223, v0x55afaeb93590_2224, v0x55afaeb93590_2225, v0x55afaeb93590_2226;
v0x55afaeb93590_2227 .array/port v0x55afaeb93590, 2227;
v0x55afaeb93590_2228 .array/port v0x55afaeb93590, 2228;
v0x55afaeb93590_2229 .array/port v0x55afaeb93590, 2229;
v0x55afaeb93590_2230 .array/port v0x55afaeb93590, 2230;
E_0x55afaeb77280/557 .event anyedge, v0x55afaeb93590_2227, v0x55afaeb93590_2228, v0x55afaeb93590_2229, v0x55afaeb93590_2230;
v0x55afaeb93590_2231 .array/port v0x55afaeb93590, 2231;
v0x55afaeb93590_2232 .array/port v0x55afaeb93590, 2232;
v0x55afaeb93590_2233 .array/port v0x55afaeb93590, 2233;
v0x55afaeb93590_2234 .array/port v0x55afaeb93590, 2234;
E_0x55afaeb77280/558 .event anyedge, v0x55afaeb93590_2231, v0x55afaeb93590_2232, v0x55afaeb93590_2233, v0x55afaeb93590_2234;
v0x55afaeb93590_2235 .array/port v0x55afaeb93590, 2235;
v0x55afaeb93590_2236 .array/port v0x55afaeb93590, 2236;
v0x55afaeb93590_2237 .array/port v0x55afaeb93590, 2237;
v0x55afaeb93590_2238 .array/port v0x55afaeb93590, 2238;
E_0x55afaeb77280/559 .event anyedge, v0x55afaeb93590_2235, v0x55afaeb93590_2236, v0x55afaeb93590_2237, v0x55afaeb93590_2238;
v0x55afaeb93590_2239 .array/port v0x55afaeb93590, 2239;
v0x55afaeb93590_2240 .array/port v0x55afaeb93590, 2240;
v0x55afaeb93590_2241 .array/port v0x55afaeb93590, 2241;
v0x55afaeb93590_2242 .array/port v0x55afaeb93590, 2242;
E_0x55afaeb77280/560 .event anyedge, v0x55afaeb93590_2239, v0x55afaeb93590_2240, v0x55afaeb93590_2241, v0x55afaeb93590_2242;
v0x55afaeb93590_2243 .array/port v0x55afaeb93590, 2243;
v0x55afaeb93590_2244 .array/port v0x55afaeb93590, 2244;
v0x55afaeb93590_2245 .array/port v0x55afaeb93590, 2245;
v0x55afaeb93590_2246 .array/port v0x55afaeb93590, 2246;
E_0x55afaeb77280/561 .event anyedge, v0x55afaeb93590_2243, v0x55afaeb93590_2244, v0x55afaeb93590_2245, v0x55afaeb93590_2246;
v0x55afaeb93590_2247 .array/port v0x55afaeb93590, 2247;
v0x55afaeb93590_2248 .array/port v0x55afaeb93590, 2248;
v0x55afaeb93590_2249 .array/port v0x55afaeb93590, 2249;
v0x55afaeb93590_2250 .array/port v0x55afaeb93590, 2250;
E_0x55afaeb77280/562 .event anyedge, v0x55afaeb93590_2247, v0x55afaeb93590_2248, v0x55afaeb93590_2249, v0x55afaeb93590_2250;
v0x55afaeb93590_2251 .array/port v0x55afaeb93590, 2251;
v0x55afaeb93590_2252 .array/port v0x55afaeb93590, 2252;
v0x55afaeb93590_2253 .array/port v0x55afaeb93590, 2253;
v0x55afaeb93590_2254 .array/port v0x55afaeb93590, 2254;
E_0x55afaeb77280/563 .event anyedge, v0x55afaeb93590_2251, v0x55afaeb93590_2252, v0x55afaeb93590_2253, v0x55afaeb93590_2254;
v0x55afaeb93590_2255 .array/port v0x55afaeb93590, 2255;
v0x55afaeb93590_2256 .array/port v0x55afaeb93590, 2256;
v0x55afaeb93590_2257 .array/port v0x55afaeb93590, 2257;
v0x55afaeb93590_2258 .array/port v0x55afaeb93590, 2258;
E_0x55afaeb77280/564 .event anyedge, v0x55afaeb93590_2255, v0x55afaeb93590_2256, v0x55afaeb93590_2257, v0x55afaeb93590_2258;
v0x55afaeb93590_2259 .array/port v0x55afaeb93590, 2259;
v0x55afaeb93590_2260 .array/port v0x55afaeb93590, 2260;
v0x55afaeb93590_2261 .array/port v0x55afaeb93590, 2261;
v0x55afaeb93590_2262 .array/port v0x55afaeb93590, 2262;
E_0x55afaeb77280/565 .event anyedge, v0x55afaeb93590_2259, v0x55afaeb93590_2260, v0x55afaeb93590_2261, v0x55afaeb93590_2262;
v0x55afaeb93590_2263 .array/port v0x55afaeb93590, 2263;
v0x55afaeb93590_2264 .array/port v0x55afaeb93590, 2264;
v0x55afaeb93590_2265 .array/port v0x55afaeb93590, 2265;
v0x55afaeb93590_2266 .array/port v0x55afaeb93590, 2266;
E_0x55afaeb77280/566 .event anyedge, v0x55afaeb93590_2263, v0x55afaeb93590_2264, v0x55afaeb93590_2265, v0x55afaeb93590_2266;
v0x55afaeb93590_2267 .array/port v0x55afaeb93590, 2267;
v0x55afaeb93590_2268 .array/port v0x55afaeb93590, 2268;
v0x55afaeb93590_2269 .array/port v0x55afaeb93590, 2269;
v0x55afaeb93590_2270 .array/port v0x55afaeb93590, 2270;
E_0x55afaeb77280/567 .event anyedge, v0x55afaeb93590_2267, v0x55afaeb93590_2268, v0x55afaeb93590_2269, v0x55afaeb93590_2270;
v0x55afaeb93590_2271 .array/port v0x55afaeb93590, 2271;
v0x55afaeb93590_2272 .array/port v0x55afaeb93590, 2272;
v0x55afaeb93590_2273 .array/port v0x55afaeb93590, 2273;
v0x55afaeb93590_2274 .array/port v0x55afaeb93590, 2274;
E_0x55afaeb77280/568 .event anyedge, v0x55afaeb93590_2271, v0x55afaeb93590_2272, v0x55afaeb93590_2273, v0x55afaeb93590_2274;
v0x55afaeb93590_2275 .array/port v0x55afaeb93590, 2275;
v0x55afaeb93590_2276 .array/port v0x55afaeb93590, 2276;
v0x55afaeb93590_2277 .array/port v0x55afaeb93590, 2277;
v0x55afaeb93590_2278 .array/port v0x55afaeb93590, 2278;
E_0x55afaeb77280/569 .event anyedge, v0x55afaeb93590_2275, v0x55afaeb93590_2276, v0x55afaeb93590_2277, v0x55afaeb93590_2278;
v0x55afaeb93590_2279 .array/port v0x55afaeb93590, 2279;
v0x55afaeb93590_2280 .array/port v0x55afaeb93590, 2280;
v0x55afaeb93590_2281 .array/port v0x55afaeb93590, 2281;
v0x55afaeb93590_2282 .array/port v0x55afaeb93590, 2282;
E_0x55afaeb77280/570 .event anyedge, v0x55afaeb93590_2279, v0x55afaeb93590_2280, v0x55afaeb93590_2281, v0x55afaeb93590_2282;
v0x55afaeb93590_2283 .array/port v0x55afaeb93590, 2283;
v0x55afaeb93590_2284 .array/port v0x55afaeb93590, 2284;
v0x55afaeb93590_2285 .array/port v0x55afaeb93590, 2285;
v0x55afaeb93590_2286 .array/port v0x55afaeb93590, 2286;
E_0x55afaeb77280/571 .event anyedge, v0x55afaeb93590_2283, v0x55afaeb93590_2284, v0x55afaeb93590_2285, v0x55afaeb93590_2286;
v0x55afaeb93590_2287 .array/port v0x55afaeb93590, 2287;
v0x55afaeb93590_2288 .array/port v0x55afaeb93590, 2288;
v0x55afaeb93590_2289 .array/port v0x55afaeb93590, 2289;
v0x55afaeb93590_2290 .array/port v0x55afaeb93590, 2290;
E_0x55afaeb77280/572 .event anyedge, v0x55afaeb93590_2287, v0x55afaeb93590_2288, v0x55afaeb93590_2289, v0x55afaeb93590_2290;
v0x55afaeb93590_2291 .array/port v0x55afaeb93590, 2291;
v0x55afaeb93590_2292 .array/port v0x55afaeb93590, 2292;
v0x55afaeb93590_2293 .array/port v0x55afaeb93590, 2293;
v0x55afaeb93590_2294 .array/port v0x55afaeb93590, 2294;
E_0x55afaeb77280/573 .event anyedge, v0x55afaeb93590_2291, v0x55afaeb93590_2292, v0x55afaeb93590_2293, v0x55afaeb93590_2294;
v0x55afaeb93590_2295 .array/port v0x55afaeb93590, 2295;
v0x55afaeb93590_2296 .array/port v0x55afaeb93590, 2296;
v0x55afaeb93590_2297 .array/port v0x55afaeb93590, 2297;
v0x55afaeb93590_2298 .array/port v0x55afaeb93590, 2298;
E_0x55afaeb77280/574 .event anyedge, v0x55afaeb93590_2295, v0x55afaeb93590_2296, v0x55afaeb93590_2297, v0x55afaeb93590_2298;
v0x55afaeb93590_2299 .array/port v0x55afaeb93590, 2299;
v0x55afaeb93590_2300 .array/port v0x55afaeb93590, 2300;
v0x55afaeb93590_2301 .array/port v0x55afaeb93590, 2301;
v0x55afaeb93590_2302 .array/port v0x55afaeb93590, 2302;
E_0x55afaeb77280/575 .event anyedge, v0x55afaeb93590_2299, v0x55afaeb93590_2300, v0x55afaeb93590_2301, v0x55afaeb93590_2302;
v0x55afaeb93590_2303 .array/port v0x55afaeb93590, 2303;
v0x55afaeb93590_2304 .array/port v0x55afaeb93590, 2304;
v0x55afaeb93590_2305 .array/port v0x55afaeb93590, 2305;
v0x55afaeb93590_2306 .array/port v0x55afaeb93590, 2306;
E_0x55afaeb77280/576 .event anyedge, v0x55afaeb93590_2303, v0x55afaeb93590_2304, v0x55afaeb93590_2305, v0x55afaeb93590_2306;
v0x55afaeb93590_2307 .array/port v0x55afaeb93590, 2307;
v0x55afaeb93590_2308 .array/port v0x55afaeb93590, 2308;
v0x55afaeb93590_2309 .array/port v0x55afaeb93590, 2309;
v0x55afaeb93590_2310 .array/port v0x55afaeb93590, 2310;
E_0x55afaeb77280/577 .event anyedge, v0x55afaeb93590_2307, v0x55afaeb93590_2308, v0x55afaeb93590_2309, v0x55afaeb93590_2310;
v0x55afaeb93590_2311 .array/port v0x55afaeb93590, 2311;
v0x55afaeb93590_2312 .array/port v0x55afaeb93590, 2312;
v0x55afaeb93590_2313 .array/port v0x55afaeb93590, 2313;
v0x55afaeb93590_2314 .array/port v0x55afaeb93590, 2314;
E_0x55afaeb77280/578 .event anyedge, v0x55afaeb93590_2311, v0x55afaeb93590_2312, v0x55afaeb93590_2313, v0x55afaeb93590_2314;
v0x55afaeb93590_2315 .array/port v0x55afaeb93590, 2315;
v0x55afaeb93590_2316 .array/port v0x55afaeb93590, 2316;
v0x55afaeb93590_2317 .array/port v0x55afaeb93590, 2317;
v0x55afaeb93590_2318 .array/port v0x55afaeb93590, 2318;
E_0x55afaeb77280/579 .event anyedge, v0x55afaeb93590_2315, v0x55afaeb93590_2316, v0x55afaeb93590_2317, v0x55afaeb93590_2318;
v0x55afaeb93590_2319 .array/port v0x55afaeb93590, 2319;
v0x55afaeb93590_2320 .array/port v0x55afaeb93590, 2320;
v0x55afaeb93590_2321 .array/port v0x55afaeb93590, 2321;
v0x55afaeb93590_2322 .array/port v0x55afaeb93590, 2322;
E_0x55afaeb77280/580 .event anyedge, v0x55afaeb93590_2319, v0x55afaeb93590_2320, v0x55afaeb93590_2321, v0x55afaeb93590_2322;
v0x55afaeb93590_2323 .array/port v0x55afaeb93590, 2323;
v0x55afaeb93590_2324 .array/port v0x55afaeb93590, 2324;
v0x55afaeb93590_2325 .array/port v0x55afaeb93590, 2325;
v0x55afaeb93590_2326 .array/port v0x55afaeb93590, 2326;
E_0x55afaeb77280/581 .event anyedge, v0x55afaeb93590_2323, v0x55afaeb93590_2324, v0x55afaeb93590_2325, v0x55afaeb93590_2326;
v0x55afaeb93590_2327 .array/port v0x55afaeb93590, 2327;
v0x55afaeb93590_2328 .array/port v0x55afaeb93590, 2328;
v0x55afaeb93590_2329 .array/port v0x55afaeb93590, 2329;
v0x55afaeb93590_2330 .array/port v0x55afaeb93590, 2330;
E_0x55afaeb77280/582 .event anyedge, v0x55afaeb93590_2327, v0x55afaeb93590_2328, v0x55afaeb93590_2329, v0x55afaeb93590_2330;
v0x55afaeb93590_2331 .array/port v0x55afaeb93590, 2331;
v0x55afaeb93590_2332 .array/port v0x55afaeb93590, 2332;
v0x55afaeb93590_2333 .array/port v0x55afaeb93590, 2333;
v0x55afaeb93590_2334 .array/port v0x55afaeb93590, 2334;
E_0x55afaeb77280/583 .event anyedge, v0x55afaeb93590_2331, v0x55afaeb93590_2332, v0x55afaeb93590_2333, v0x55afaeb93590_2334;
v0x55afaeb93590_2335 .array/port v0x55afaeb93590, 2335;
v0x55afaeb93590_2336 .array/port v0x55afaeb93590, 2336;
v0x55afaeb93590_2337 .array/port v0x55afaeb93590, 2337;
v0x55afaeb93590_2338 .array/port v0x55afaeb93590, 2338;
E_0x55afaeb77280/584 .event anyedge, v0x55afaeb93590_2335, v0x55afaeb93590_2336, v0x55afaeb93590_2337, v0x55afaeb93590_2338;
v0x55afaeb93590_2339 .array/port v0x55afaeb93590, 2339;
v0x55afaeb93590_2340 .array/port v0x55afaeb93590, 2340;
v0x55afaeb93590_2341 .array/port v0x55afaeb93590, 2341;
v0x55afaeb93590_2342 .array/port v0x55afaeb93590, 2342;
E_0x55afaeb77280/585 .event anyedge, v0x55afaeb93590_2339, v0x55afaeb93590_2340, v0x55afaeb93590_2341, v0x55afaeb93590_2342;
v0x55afaeb93590_2343 .array/port v0x55afaeb93590, 2343;
v0x55afaeb93590_2344 .array/port v0x55afaeb93590, 2344;
v0x55afaeb93590_2345 .array/port v0x55afaeb93590, 2345;
v0x55afaeb93590_2346 .array/port v0x55afaeb93590, 2346;
E_0x55afaeb77280/586 .event anyedge, v0x55afaeb93590_2343, v0x55afaeb93590_2344, v0x55afaeb93590_2345, v0x55afaeb93590_2346;
v0x55afaeb93590_2347 .array/port v0x55afaeb93590, 2347;
v0x55afaeb93590_2348 .array/port v0x55afaeb93590, 2348;
v0x55afaeb93590_2349 .array/port v0x55afaeb93590, 2349;
v0x55afaeb93590_2350 .array/port v0x55afaeb93590, 2350;
E_0x55afaeb77280/587 .event anyedge, v0x55afaeb93590_2347, v0x55afaeb93590_2348, v0x55afaeb93590_2349, v0x55afaeb93590_2350;
v0x55afaeb93590_2351 .array/port v0x55afaeb93590, 2351;
v0x55afaeb93590_2352 .array/port v0x55afaeb93590, 2352;
v0x55afaeb93590_2353 .array/port v0x55afaeb93590, 2353;
v0x55afaeb93590_2354 .array/port v0x55afaeb93590, 2354;
E_0x55afaeb77280/588 .event anyedge, v0x55afaeb93590_2351, v0x55afaeb93590_2352, v0x55afaeb93590_2353, v0x55afaeb93590_2354;
v0x55afaeb93590_2355 .array/port v0x55afaeb93590, 2355;
v0x55afaeb93590_2356 .array/port v0x55afaeb93590, 2356;
v0x55afaeb93590_2357 .array/port v0x55afaeb93590, 2357;
v0x55afaeb93590_2358 .array/port v0x55afaeb93590, 2358;
E_0x55afaeb77280/589 .event anyedge, v0x55afaeb93590_2355, v0x55afaeb93590_2356, v0x55afaeb93590_2357, v0x55afaeb93590_2358;
v0x55afaeb93590_2359 .array/port v0x55afaeb93590, 2359;
v0x55afaeb93590_2360 .array/port v0x55afaeb93590, 2360;
v0x55afaeb93590_2361 .array/port v0x55afaeb93590, 2361;
v0x55afaeb93590_2362 .array/port v0x55afaeb93590, 2362;
E_0x55afaeb77280/590 .event anyedge, v0x55afaeb93590_2359, v0x55afaeb93590_2360, v0x55afaeb93590_2361, v0x55afaeb93590_2362;
v0x55afaeb93590_2363 .array/port v0x55afaeb93590, 2363;
v0x55afaeb93590_2364 .array/port v0x55afaeb93590, 2364;
v0x55afaeb93590_2365 .array/port v0x55afaeb93590, 2365;
v0x55afaeb93590_2366 .array/port v0x55afaeb93590, 2366;
E_0x55afaeb77280/591 .event anyedge, v0x55afaeb93590_2363, v0x55afaeb93590_2364, v0x55afaeb93590_2365, v0x55afaeb93590_2366;
v0x55afaeb93590_2367 .array/port v0x55afaeb93590, 2367;
v0x55afaeb93590_2368 .array/port v0x55afaeb93590, 2368;
v0x55afaeb93590_2369 .array/port v0x55afaeb93590, 2369;
v0x55afaeb93590_2370 .array/port v0x55afaeb93590, 2370;
E_0x55afaeb77280/592 .event anyedge, v0x55afaeb93590_2367, v0x55afaeb93590_2368, v0x55afaeb93590_2369, v0x55afaeb93590_2370;
v0x55afaeb93590_2371 .array/port v0x55afaeb93590, 2371;
v0x55afaeb93590_2372 .array/port v0x55afaeb93590, 2372;
v0x55afaeb93590_2373 .array/port v0x55afaeb93590, 2373;
v0x55afaeb93590_2374 .array/port v0x55afaeb93590, 2374;
E_0x55afaeb77280/593 .event anyedge, v0x55afaeb93590_2371, v0x55afaeb93590_2372, v0x55afaeb93590_2373, v0x55afaeb93590_2374;
v0x55afaeb93590_2375 .array/port v0x55afaeb93590, 2375;
v0x55afaeb93590_2376 .array/port v0x55afaeb93590, 2376;
v0x55afaeb93590_2377 .array/port v0x55afaeb93590, 2377;
v0x55afaeb93590_2378 .array/port v0x55afaeb93590, 2378;
E_0x55afaeb77280/594 .event anyedge, v0x55afaeb93590_2375, v0x55afaeb93590_2376, v0x55afaeb93590_2377, v0x55afaeb93590_2378;
v0x55afaeb93590_2379 .array/port v0x55afaeb93590, 2379;
v0x55afaeb93590_2380 .array/port v0x55afaeb93590, 2380;
v0x55afaeb93590_2381 .array/port v0x55afaeb93590, 2381;
v0x55afaeb93590_2382 .array/port v0x55afaeb93590, 2382;
E_0x55afaeb77280/595 .event anyedge, v0x55afaeb93590_2379, v0x55afaeb93590_2380, v0x55afaeb93590_2381, v0x55afaeb93590_2382;
v0x55afaeb93590_2383 .array/port v0x55afaeb93590, 2383;
v0x55afaeb93590_2384 .array/port v0x55afaeb93590, 2384;
v0x55afaeb93590_2385 .array/port v0x55afaeb93590, 2385;
v0x55afaeb93590_2386 .array/port v0x55afaeb93590, 2386;
E_0x55afaeb77280/596 .event anyedge, v0x55afaeb93590_2383, v0x55afaeb93590_2384, v0x55afaeb93590_2385, v0x55afaeb93590_2386;
v0x55afaeb93590_2387 .array/port v0x55afaeb93590, 2387;
v0x55afaeb93590_2388 .array/port v0x55afaeb93590, 2388;
v0x55afaeb93590_2389 .array/port v0x55afaeb93590, 2389;
v0x55afaeb93590_2390 .array/port v0x55afaeb93590, 2390;
E_0x55afaeb77280/597 .event anyedge, v0x55afaeb93590_2387, v0x55afaeb93590_2388, v0x55afaeb93590_2389, v0x55afaeb93590_2390;
v0x55afaeb93590_2391 .array/port v0x55afaeb93590, 2391;
v0x55afaeb93590_2392 .array/port v0x55afaeb93590, 2392;
v0x55afaeb93590_2393 .array/port v0x55afaeb93590, 2393;
v0x55afaeb93590_2394 .array/port v0x55afaeb93590, 2394;
E_0x55afaeb77280/598 .event anyedge, v0x55afaeb93590_2391, v0x55afaeb93590_2392, v0x55afaeb93590_2393, v0x55afaeb93590_2394;
v0x55afaeb93590_2395 .array/port v0x55afaeb93590, 2395;
v0x55afaeb93590_2396 .array/port v0x55afaeb93590, 2396;
v0x55afaeb93590_2397 .array/port v0x55afaeb93590, 2397;
v0x55afaeb93590_2398 .array/port v0x55afaeb93590, 2398;
E_0x55afaeb77280/599 .event anyedge, v0x55afaeb93590_2395, v0x55afaeb93590_2396, v0x55afaeb93590_2397, v0x55afaeb93590_2398;
v0x55afaeb93590_2399 .array/port v0x55afaeb93590, 2399;
v0x55afaeb93590_2400 .array/port v0x55afaeb93590, 2400;
v0x55afaeb93590_2401 .array/port v0x55afaeb93590, 2401;
v0x55afaeb93590_2402 .array/port v0x55afaeb93590, 2402;
E_0x55afaeb77280/600 .event anyedge, v0x55afaeb93590_2399, v0x55afaeb93590_2400, v0x55afaeb93590_2401, v0x55afaeb93590_2402;
v0x55afaeb93590_2403 .array/port v0x55afaeb93590, 2403;
v0x55afaeb93590_2404 .array/port v0x55afaeb93590, 2404;
v0x55afaeb93590_2405 .array/port v0x55afaeb93590, 2405;
v0x55afaeb93590_2406 .array/port v0x55afaeb93590, 2406;
E_0x55afaeb77280/601 .event anyedge, v0x55afaeb93590_2403, v0x55afaeb93590_2404, v0x55afaeb93590_2405, v0x55afaeb93590_2406;
v0x55afaeb93590_2407 .array/port v0x55afaeb93590, 2407;
v0x55afaeb93590_2408 .array/port v0x55afaeb93590, 2408;
v0x55afaeb93590_2409 .array/port v0x55afaeb93590, 2409;
v0x55afaeb93590_2410 .array/port v0x55afaeb93590, 2410;
E_0x55afaeb77280/602 .event anyedge, v0x55afaeb93590_2407, v0x55afaeb93590_2408, v0x55afaeb93590_2409, v0x55afaeb93590_2410;
v0x55afaeb93590_2411 .array/port v0x55afaeb93590, 2411;
v0x55afaeb93590_2412 .array/port v0x55afaeb93590, 2412;
v0x55afaeb93590_2413 .array/port v0x55afaeb93590, 2413;
v0x55afaeb93590_2414 .array/port v0x55afaeb93590, 2414;
E_0x55afaeb77280/603 .event anyedge, v0x55afaeb93590_2411, v0x55afaeb93590_2412, v0x55afaeb93590_2413, v0x55afaeb93590_2414;
v0x55afaeb93590_2415 .array/port v0x55afaeb93590, 2415;
v0x55afaeb93590_2416 .array/port v0x55afaeb93590, 2416;
v0x55afaeb93590_2417 .array/port v0x55afaeb93590, 2417;
v0x55afaeb93590_2418 .array/port v0x55afaeb93590, 2418;
E_0x55afaeb77280/604 .event anyedge, v0x55afaeb93590_2415, v0x55afaeb93590_2416, v0x55afaeb93590_2417, v0x55afaeb93590_2418;
v0x55afaeb93590_2419 .array/port v0x55afaeb93590, 2419;
v0x55afaeb93590_2420 .array/port v0x55afaeb93590, 2420;
v0x55afaeb93590_2421 .array/port v0x55afaeb93590, 2421;
v0x55afaeb93590_2422 .array/port v0x55afaeb93590, 2422;
E_0x55afaeb77280/605 .event anyedge, v0x55afaeb93590_2419, v0x55afaeb93590_2420, v0x55afaeb93590_2421, v0x55afaeb93590_2422;
v0x55afaeb93590_2423 .array/port v0x55afaeb93590, 2423;
v0x55afaeb93590_2424 .array/port v0x55afaeb93590, 2424;
v0x55afaeb93590_2425 .array/port v0x55afaeb93590, 2425;
v0x55afaeb93590_2426 .array/port v0x55afaeb93590, 2426;
E_0x55afaeb77280/606 .event anyedge, v0x55afaeb93590_2423, v0x55afaeb93590_2424, v0x55afaeb93590_2425, v0x55afaeb93590_2426;
v0x55afaeb93590_2427 .array/port v0x55afaeb93590, 2427;
v0x55afaeb93590_2428 .array/port v0x55afaeb93590, 2428;
v0x55afaeb93590_2429 .array/port v0x55afaeb93590, 2429;
v0x55afaeb93590_2430 .array/port v0x55afaeb93590, 2430;
E_0x55afaeb77280/607 .event anyedge, v0x55afaeb93590_2427, v0x55afaeb93590_2428, v0x55afaeb93590_2429, v0x55afaeb93590_2430;
v0x55afaeb93590_2431 .array/port v0x55afaeb93590, 2431;
v0x55afaeb93590_2432 .array/port v0x55afaeb93590, 2432;
v0x55afaeb93590_2433 .array/port v0x55afaeb93590, 2433;
v0x55afaeb93590_2434 .array/port v0x55afaeb93590, 2434;
E_0x55afaeb77280/608 .event anyedge, v0x55afaeb93590_2431, v0x55afaeb93590_2432, v0x55afaeb93590_2433, v0x55afaeb93590_2434;
v0x55afaeb93590_2435 .array/port v0x55afaeb93590, 2435;
v0x55afaeb93590_2436 .array/port v0x55afaeb93590, 2436;
v0x55afaeb93590_2437 .array/port v0x55afaeb93590, 2437;
v0x55afaeb93590_2438 .array/port v0x55afaeb93590, 2438;
E_0x55afaeb77280/609 .event anyedge, v0x55afaeb93590_2435, v0x55afaeb93590_2436, v0x55afaeb93590_2437, v0x55afaeb93590_2438;
v0x55afaeb93590_2439 .array/port v0x55afaeb93590, 2439;
v0x55afaeb93590_2440 .array/port v0x55afaeb93590, 2440;
v0x55afaeb93590_2441 .array/port v0x55afaeb93590, 2441;
v0x55afaeb93590_2442 .array/port v0x55afaeb93590, 2442;
E_0x55afaeb77280/610 .event anyedge, v0x55afaeb93590_2439, v0x55afaeb93590_2440, v0x55afaeb93590_2441, v0x55afaeb93590_2442;
v0x55afaeb93590_2443 .array/port v0x55afaeb93590, 2443;
v0x55afaeb93590_2444 .array/port v0x55afaeb93590, 2444;
v0x55afaeb93590_2445 .array/port v0x55afaeb93590, 2445;
v0x55afaeb93590_2446 .array/port v0x55afaeb93590, 2446;
E_0x55afaeb77280/611 .event anyedge, v0x55afaeb93590_2443, v0x55afaeb93590_2444, v0x55afaeb93590_2445, v0x55afaeb93590_2446;
v0x55afaeb93590_2447 .array/port v0x55afaeb93590, 2447;
v0x55afaeb93590_2448 .array/port v0x55afaeb93590, 2448;
v0x55afaeb93590_2449 .array/port v0x55afaeb93590, 2449;
v0x55afaeb93590_2450 .array/port v0x55afaeb93590, 2450;
E_0x55afaeb77280/612 .event anyedge, v0x55afaeb93590_2447, v0x55afaeb93590_2448, v0x55afaeb93590_2449, v0x55afaeb93590_2450;
v0x55afaeb93590_2451 .array/port v0x55afaeb93590, 2451;
v0x55afaeb93590_2452 .array/port v0x55afaeb93590, 2452;
v0x55afaeb93590_2453 .array/port v0x55afaeb93590, 2453;
v0x55afaeb93590_2454 .array/port v0x55afaeb93590, 2454;
E_0x55afaeb77280/613 .event anyedge, v0x55afaeb93590_2451, v0x55afaeb93590_2452, v0x55afaeb93590_2453, v0x55afaeb93590_2454;
v0x55afaeb93590_2455 .array/port v0x55afaeb93590, 2455;
v0x55afaeb93590_2456 .array/port v0x55afaeb93590, 2456;
v0x55afaeb93590_2457 .array/port v0x55afaeb93590, 2457;
v0x55afaeb93590_2458 .array/port v0x55afaeb93590, 2458;
E_0x55afaeb77280/614 .event anyedge, v0x55afaeb93590_2455, v0x55afaeb93590_2456, v0x55afaeb93590_2457, v0x55afaeb93590_2458;
v0x55afaeb93590_2459 .array/port v0x55afaeb93590, 2459;
v0x55afaeb93590_2460 .array/port v0x55afaeb93590, 2460;
v0x55afaeb93590_2461 .array/port v0x55afaeb93590, 2461;
v0x55afaeb93590_2462 .array/port v0x55afaeb93590, 2462;
E_0x55afaeb77280/615 .event anyedge, v0x55afaeb93590_2459, v0x55afaeb93590_2460, v0x55afaeb93590_2461, v0x55afaeb93590_2462;
v0x55afaeb93590_2463 .array/port v0x55afaeb93590, 2463;
v0x55afaeb93590_2464 .array/port v0x55afaeb93590, 2464;
v0x55afaeb93590_2465 .array/port v0x55afaeb93590, 2465;
v0x55afaeb93590_2466 .array/port v0x55afaeb93590, 2466;
E_0x55afaeb77280/616 .event anyedge, v0x55afaeb93590_2463, v0x55afaeb93590_2464, v0x55afaeb93590_2465, v0x55afaeb93590_2466;
v0x55afaeb93590_2467 .array/port v0x55afaeb93590, 2467;
v0x55afaeb93590_2468 .array/port v0x55afaeb93590, 2468;
v0x55afaeb93590_2469 .array/port v0x55afaeb93590, 2469;
v0x55afaeb93590_2470 .array/port v0x55afaeb93590, 2470;
E_0x55afaeb77280/617 .event anyedge, v0x55afaeb93590_2467, v0x55afaeb93590_2468, v0x55afaeb93590_2469, v0x55afaeb93590_2470;
v0x55afaeb93590_2471 .array/port v0x55afaeb93590, 2471;
v0x55afaeb93590_2472 .array/port v0x55afaeb93590, 2472;
v0x55afaeb93590_2473 .array/port v0x55afaeb93590, 2473;
v0x55afaeb93590_2474 .array/port v0x55afaeb93590, 2474;
E_0x55afaeb77280/618 .event anyedge, v0x55afaeb93590_2471, v0x55afaeb93590_2472, v0x55afaeb93590_2473, v0x55afaeb93590_2474;
v0x55afaeb93590_2475 .array/port v0x55afaeb93590, 2475;
v0x55afaeb93590_2476 .array/port v0x55afaeb93590, 2476;
v0x55afaeb93590_2477 .array/port v0x55afaeb93590, 2477;
v0x55afaeb93590_2478 .array/port v0x55afaeb93590, 2478;
E_0x55afaeb77280/619 .event anyedge, v0x55afaeb93590_2475, v0x55afaeb93590_2476, v0x55afaeb93590_2477, v0x55afaeb93590_2478;
v0x55afaeb93590_2479 .array/port v0x55afaeb93590, 2479;
v0x55afaeb93590_2480 .array/port v0x55afaeb93590, 2480;
v0x55afaeb93590_2481 .array/port v0x55afaeb93590, 2481;
v0x55afaeb93590_2482 .array/port v0x55afaeb93590, 2482;
E_0x55afaeb77280/620 .event anyedge, v0x55afaeb93590_2479, v0x55afaeb93590_2480, v0x55afaeb93590_2481, v0x55afaeb93590_2482;
v0x55afaeb93590_2483 .array/port v0x55afaeb93590, 2483;
v0x55afaeb93590_2484 .array/port v0x55afaeb93590, 2484;
v0x55afaeb93590_2485 .array/port v0x55afaeb93590, 2485;
v0x55afaeb93590_2486 .array/port v0x55afaeb93590, 2486;
E_0x55afaeb77280/621 .event anyedge, v0x55afaeb93590_2483, v0x55afaeb93590_2484, v0x55afaeb93590_2485, v0x55afaeb93590_2486;
v0x55afaeb93590_2487 .array/port v0x55afaeb93590, 2487;
v0x55afaeb93590_2488 .array/port v0x55afaeb93590, 2488;
v0x55afaeb93590_2489 .array/port v0x55afaeb93590, 2489;
v0x55afaeb93590_2490 .array/port v0x55afaeb93590, 2490;
E_0x55afaeb77280/622 .event anyedge, v0x55afaeb93590_2487, v0x55afaeb93590_2488, v0x55afaeb93590_2489, v0x55afaeb93590_2490;
v0x55afaeb93590_2491 .array/port v0x55afaeb93590, 2491;
v0x55afaeb93590_2492 .array/port v0x55afaeb93590, 2492;
v0x55afaeb93590_2493 .array/port v0x55afaeb93590, 2493;
v0x55afaeb93590_2494 .array/port v0x55afaeb93590, 2494;
E_0x55afaeb77280/623 .event anyedge, v0x55afaeb93590_2491, v0x55afaeb93590_2492, v0x55afaeb93590_2493, v0x55afaeb93590_2494;
v0x55afaeb93590_2495 .array/port v0x55afaeb93590, 2495;
v0x55afaeb93590_2496 .array/port v0x55afaeb93590, 2496;
v0x55afaeb93590_2497 .array/port v0x55afaeb93590, 2497;
v0x55afaeb93590_2498 .array/port v0x55afaeb93590, 2498;
E_0x55afaeb77280/624 .event anyedge, v0x55afaeb93590_2495, v0x55afaeb93590_2496, v0x55afaeb93590_2497, v0x55afaeb93590_2498;
v0x55afaeb93590_2499 .array/port v0x55afaeb93590, 2499;
v0x55afaeb93590_2500 .array/port v0x55afaeb93590, 2500;
v0x55afaeb93590_2501 .array/port v0x55afaeb93590, 2501;
v0x55afaeb93590_2502 .array/port v0x55afaeb93590, 2502;
E_0x55afaeb77280/625 .event anyedge, v0x55afaeb93590_2499, v0x55afaeb93590_2500, v0x55afaeb93590_2501, v0x55afaeb93590_2502;
v0x55afaeb93590_2503 .array/port v0x55afaeb93590, 2503;
v0x55afaeb93590_2504 .array/port v0x55afaeb93590, 2504;
v0x55afaeb93590_2505 .array/port v0x55afaeb93590, 2505;
v0x55afaeb93590_2506 .array/port v0x55afaeb93590, 2506;
E_0x55afaeb77280/626 .event anyedge, v0x55afaeb93590_2503, v0x55afaeb93590_2504, v0x55afaeb93590_2505, v0x55afaeb93590_2506;
v0x55afaeb93590_2507 .array/port v0x55afaeb93590, 2507;
v0x55afaeb93590_2508 .array/port v0x55afaeb93590, 2508;
v0x55afaeb93590_2509 .array/port v0x55afaeb93590, 2509;
v0x55afaeb93590_2510 .array/port v0x55afaeb93590, 2510;
E_0x55afaeb77280/627 .event anyedge, v0x55afaeb93590_2507, v0x55afaeb93590_2508, v0x55afaeb93590_2509, v0x55afaeb93590_2510;
v0x55afaeb93590_2511 .array/port v0x55afaeb93590, 2511;
v0x55afaeb93590_2512 .array/port v0x55afaeb93590, 2512;
v0x55afaeb93590_2513 .array/port v0x55afaeb93590, 2513;
v0x55afaeb93590_2514 .array/port v0x55afaeb93590, 2514;
E_0x55afaeb77280/628 .event anyedge, v0x55afaeb93590_2511, v0x55afaeb93590_2512, v0x55afaeb93590_2513, v0x55afaeb93590_2514;
v0x55afaeb93590_2515 .array/port v0x55afaeb93590, 2515;
v0x55afaeb93590_2516 .array/port v0x55afaeb93590, 2516;
v0x55afaeb93590_2517 .array/port v0x55afaeb93590, 2517;
v0x55afaeb93590_2518 .array/port v0x55afaeb93590, 2518;
E_0x55afaeb77280/629 .event anyedge, v0x55afaeb93590_2515, v0x55afaeb93590_2516, v0x55afaeb93590_2517, v0x55afaeb93590_2518;
v0x55afaeb93590_2519 .array/port v0x55afaeb93590, 2519;
v0x55afaeb93590_2520 .array/port v0x55afaeb93590, 2520;
v0x55afaeb93590_2521 .array/port v0x55afaeb93590, 2521;
v0x55afaeb93590_2522 .array/port v0x55afaeb93590, 2522;
E_0x55afaeb77280/630 .event anyedge, v0x55afaeb93590_2519, v0x55afaeb93590_2520, v0x55afaeb93590_2521, v0x55afaeb93590_2522;
v0x55afaeb93590_2523 .array/port v0x55afaeb93590, 2523;
v0x55afaeb93590_2524 .array/port v0x55afaeb93590, 2524;
v0x55afaeb93590_2525 .array/port v0x55afaeb93590, 2525;
v0x55afaeb93590_2526 .array/port v0x55afaeb93590, 2526;
E_0x55afaeb77280/631 .event anyedge, v0x55afaeb93590_2523, v0x55afaeb93590_2524, v0x55afaeb93590_2525, v0x55afaeb93590_2526;
v0x55afaeb93590_2527 .array/port v0x55afaeb93590, 2527;
v0x55afaeb93590_2528 .array/port v0x55afaeb93590, 2528;
v0x55afaeb93590_2529 .array/port v0x55afaeb93590, 2529;
v0x55afaeb93590_2530 .array/port v0x55afaeb93590, 2530;
E_0x55afaeb77280/632 .event anyedge, v0x55afaeb93590_2527, v0x55afaeb93590_2528, v0x55afaeb93590_2529, v0x55afaeb93590_2530;
v0x55afaeb93590_2531 .array/port v0x55afaeb93590, 2531;
v0x55afaeb93590_2532 .array/port v0x55afaeb93590, 2532;
v0x55afaeb93590_2533 .array/port v0x55afaeb93590, 2533;
v0x55afaeb93590_2534 .array/port v0x55afaeb93590, 2534;
E_0x55afaeb77280/633 .event anyedge, v0x55afaeb93590_2531, v0x55afaeb93590_2532, v0x55afaeb93590_2533, v0x55afaeb93590_2534;
v0x55afaeb93590_2535 .array/port v0x55afaeb93590, 2535;
v0x55afaeb93590_2536 .array/port v0x55afaeb93590, 2536;
v0x55afaeb93590_2537 .array/port v0x55afaeb93590, 2537;
v0x55afaeb93590_2538 .array/port v0x55afaeb93590, 2538;
E_0x55afaeb77280/634 .event anyedge, v0x55afaeb93590_2535, v0x55afaeb93590_2536, v0x55afaeb93590_2537, v0x55afaeb93590_2538;
v0x55afaeb93590_2539 .array/port v0x55afaeb93590, 2539;
v0x55afaeb93590_2540 .array/port v0x55afaeb93590, 2540;
v0x55afaeb93590_2541 .array/port v0x55afaeb93590, 2541;
v0x55afaeb93590_2542 .array/port v0x55afaeb93590, 2542;
E_0x55afaeb77280/635 .event anyedge, v0x55afaeb93590_2539, v0x55afaeb93590_2540, v0x55afaeb93590_2541, v0x55afaeb93590_2542;
v0x55afaeb93590_2543 .array/port v0x55afaeb93590, 2543;
v0x55afaeb93590_2544 .array/port v0x55afaeb93590, 2544;
v0x55afaeb93590_2545 .array/port v0x55afaeb93590, 2545;
v0x55afaeb93590_2546 .array/port v0x55afaeb93590, 2546;
E_0x55afaeb77280/636 .event anyedge, v0x55afaeb93590_2543, v0x55afaeb93590_2544, v0x55afaeb93590_2545, v0x55afaeb93590_2546;
v0x55afaeb93590_2547 .array/port v0x55afaeb93590, 2547;
v0x55afaeb93590_2548 .array/port v0x55afaeb93590, 2548;
v0x55afaeb93590_2549 .array/port v0x55afaeb93590, 2549;
v0x55afaeb93590_2550 .array/port v0x55afaeb93590, 2550;
E_0x55afaeb77280/637 .event anyedge, v0x55afaeb93590_2547, v0x55afaeb93590_2548, v0x55afaeb93590_2549, v0x55afaeb93590_2550;
v0x55afaeb93590_2551 .array/port v0x55afaeb93590, 2551;
v0x55afaeb93590_2552 .array/port v0x55afaeb93590, 2552;
v0x55afaeb93590_2553 .array/port v0x55afaeb93590, 2553;
v0x55afaeb93590_2554 .array/port v0x55afaeb93590, 2554;
E_0x55afaeb77280/638 .event anyedge, v0x55afaeb93590_2551, v0x55afaeb93590_2552, v0x55afaeb93590_2553, v0x55afaeb93590_2554;
v0x55afaeb93590_2555 .array/port v0x55afaeb93590, 2555;
v0x55afaeb93590_2556 .array/port v0x55afaeb93590, 2556;
v0x55afaeb93590_2557 .array/port v0x55afaeb93590, 2557;
v0x55afaeb93590_2558 .array/port v0x55afaeb93590, 2558;
E_0x55afaeb77280/639 .event anyedge, v0x55afaeb93590_2555, v0x55afaeb93590_2556, v0x55afaeb93590_2557, v0x55afaeb93590_2558;
v0x55afaeb93590_2559 .array/port v0x55afaeb93590, 2559;
v0x55afaeb93590_2560 .array/port v0x55afaeb93590, 2560;
v0x55afaeb93590_2561 .array/port v0x55afaeb93590, 2561;
v0x55afaeb93590_2562 .array/port v0x55afaeb93590, 2562;
E_0x55afaeb77280/640 .event anyedge, v0x55afaeb93590_2559, v0x55afaeb93590_2560, v0x55afaeb93590_2561, v0x55afaeb93590_2562;
v0x55afaeb93590_2563 .array/port v0x55afaeb93590, 2563;
v0x55afaeb93590_2564 .array/port v0x55afaeb93590, 2564;
v0x55afaeb93590_2565 .array/port v0x55afaeb93590, 2565;
v0x55afaeb93590_2566 .array/port v0x55afaeb93590, 2566;
E_0x55afaeb77280/641 .event anyedge, v0x55afaeb93590_2563, v0x55afaeb93590_2564, v0x55afaeb93590_2565, v0x55afaeb93590_2566;
v0x55afaeb93590_2567 .array/port v0x55afaeb93590, 2567;
v0x55afaeb93590_2568 .array/port v0x55afaeb93590, 2568;
v0x55afaeb93590_2569 .array/port v0x55afaeb93590, 2569;
v0x55afaeb93590_2570 .array/port v0x55afaeb93590, 2570;
E_0x55afaeb77280/642 .event anyedge, v0x55afaeb93590_2567, v0x55afaeb93590_2568, v0x55afaeb93590_2569, v0x55afaeb93590_2570;
v0x55afaeb93590_2571 .array/port v0x55afaeb93590, 2571;
v0x55afaeb93590_2572 .array/port v0x55afaeb93590, 2572;
v0x55afaeb93590_2573 .array/port v0x55afaeb93590, 2573;
v0x55afaeb93590_2574 .array/port v0x55afaeb93590, 2574;
E_0x55afaeb77280/643 .event anyedge, v0x55afaeb93590_2571, v0x55afaeb93590_2572, v0x55afaeb93590_2573, v0x55afaeb93590_2574;
v0x55afaeb93590_2575 .array/port v0x55afaeb93590, 2575;
v0x55afaeb93590_2576 .array/port v0x55afaeb93590, 2576;
v0x55afaeb93590_2577 .array/port v0x55afaeb93590, 2577;
v0x55afaeb93590_2578 .array/port v0x55afaeb93590, 2578;
E_0x55afaeb77280/644 .event anyedge, v0x55afaeb93590_2575, v0x55afaeb93590_2576, v0x55afaeb93590_2577, v0x55afaeb93590_2578;
v0x55afaeb93590_2579 .array/port v0x55afaeb93590, 2579;
v0x55afaeb93590_2580 .array/port v0x55afaeb93590, 2580;
v0x55afaeb93590_2581 .array/port v0x55afaeb93590, 2581;
v0x55afaeb93590_2582 .array/port v0x55afaeb93590, 2582;
E_0x55afaeb77280/645 .event anyedge, v0x55afaeb93590_2579, v0x55afaeb93590_2580, v0x55afaeb93590_2581, v0x55afaeb93590_2582;
v0x55afaeb93590_2583 .array/port v0x55afaeb93590, 2583;
v0x55afaeb93590_2584 .array/port v0x55afaeb93590, 2584;
v0x55afaeb93590_2585 .array/port v0x55afaeb93590, 2585;
v0x55afaeb93590_2586 .array/port v0x55afaeb93590, 2586;
E_0x55afaeb77280/646 .event anyedge, v0x55afaeb93590_2583, v0x55afaeb93590_2584, v0x55afaeb93590_2585, v0x55afaeb93590_2586;
v0x55afaeb93590_2587 .array/port v0x55afaeb93590, 2587;
v0x55afaeb93590_2588 .array/port v0x55afaeb93590, 2588;
v0x55afaeb93590_2589 .array/port v0x55afaeb93590, 2589;
v0x55afaeb93590_2590 .array/port v0x55afaeb93590, 2590;
E_0x55afaeb77280/647 .event anyedge, v0x55afaeb93590_2587, v0x55afaeb93590_2588, v0x55afaeb93590_2589, v0x55afaeb93590_2590;
v0x55afaeb93590_2591 .array/port v0x55afaeb93590, 2591;
v0x55afaeb93590_2592 .array/port v0x55afaeb93590, 2592;
v0x55afaeb93590_2593 .array/port v0x55afaeb93590, 2593;
v0x55afaeb93590_2594 .array/port v0x55afaeb93590, 2594;
E_0x55afaeb77280/648 .event anyedge, v0x55afaeb93590_2591, v0x55afaeb93590_2592, v0x55afaeb93590_2593, v0x55afaeb93590_2594;
v0x55afaeb93590_2595 .array/port v0x55afaeb93590, 2595;
v0x55afaeb93590_2596 .array/port v0x55afaeb93590, 2596;
v0x55afaeb93590_2597 .array/port v0x55afaeb93590, 2597;
v0x55afaeb93590_2598 .array/port v0x55afaeb93590, 2598;
E_0x55afaeb77280/649 .event anyedge, v0x55afaeb93590_2595, v0x55afaeb93590_2596, v0x55afaeb93590_2597, v0x55afaeb93590_2598;
v0x55afaeb93590_2599 .array/port v0x55afaeb93590, 2599;
v0x55afaeb93590_2600 .array/port v0x55afaeb93590, 2600;
v0x55afaeb93590_2601 .array/port v0x55afaeb93590, 2601;
v0x55afaeb93590_2602 .array/port v0x55afaeb93590, 2602;
E_0x55afaeb77280/650 .event anyedge, v0x55afaeb93590_2599, v0x55afaeb93590_2600, v0x55afaeb93590_2601, v0x55afaeb93590_2602;
v0x55afaeb93590_2603 .array/port v0x55afaeb93590, 2603;
v0x55afaeb93590_2604 .array/port v0x55afaeb93590, 2604;
v0x55afaeb93590_2605 .array/port v0x55afaeb93590, 2605;
v0x55afaeb93590_2606 .array/port v0x55afaeb93590, 2606;
E_0x55afaeb77280/651 .event anyedge, v0x55afaeb93590_2603, v0x55afaeb93590_2604, v0x55afaeb93590_2605, v0x55afaeb93590_2606;
v0x55afaeb93590_2607 .array/port v0x55afaeb93590, 2607;
v0x55afaeb93590_2608 .array/port v0x55afaeb93590, 2608;
v0x55afaeb93590_2609 .array/port v0x55afaeb93590, 2609;
v0x55afaeb93590_2610 .array/port v0x55afaeb93590, 2610;
E_0x55afaeb77280/652 .event anyedge, v0x55afaeb93590_2607, v0x55afaeb93590_2608, v0x55afaeb93590_2609, v0x55afaeb93590_2610;
v0x55afaeb93590_2611 .array/port v0x55afaeb93590, 2611;
v0x55afaeb93590_2612 .array/port v0x55afaeb93590, 2612;
v0x55afaeb93590_2613 .array/port v0x55afaeb93590, 2613;
v0x55afaeb93590_2614 .array/port v0x55afaeb93590, 2614;
E_0x55afaeb77280/653 .event anyedge, v0x55afaeb93590_2611, v0x55afaeb93590_2612, v0x55afaeb93590_2613, v0x55afaeb93590_2614;
v0x55afaeb93590_2615 .array/port v0x55afaeb93590, 2615;
v0x55afaeb93590_2616 .array/port v0x55afaeb93590, 2616;
v0x55afaeb93590_2617 .array/port v0x55afaeb93590, 2617;
v0x55afaeb93590_2618 .array/port v0x55afaeb93590, 2618;
E_0x55afaeb77280/654 .event anyedge, v0x55afaeb93590_2615, v0x55afaeb93590_2616, v0x55afaeb93590_2617, v0x55afaeb93590_2618;
v0x55afaeb93590_2619 .array/port v0x55afaeb93590, 2619;
v0x55afaeb93590_2620 .array/port v0x55afaeb93590, 2620;
v0x55afaeb93590_2621 .array/port v0x55afaeb93590, 2621;
v0x55afaeb93590_2622 .array/port v0x55afaeb93590, 2622;
E_0x55afaeb77280/655 .event anyedge, v0x55afaeb93590_2619, v0x55afaeb93590_2620, v0x55afaeb93590_2621, v0x55afaeb93590_2622;
v0x55afaeb93590_2623 .array/port v0x55afaeb93590, 2623;
v0x55afaeb93590_2624 .array/port v0x55afaeb93590, 2624;
v0x55afaeb93590_2625 .array/port v0x55afaeb93590, 2625;
v0x55afaeb93590_2626 .array/port v0x55afaeb93590, 2626;
E_0x55afaeb77280/656 .event anyedge, v0x55afaeb93590_2623, v0x55afaeb93590_2624, v0x55afaeb93590_2625, v0x55afaeb93590_2626;
v0x55afaeb93590_2627 .array/port v0x55afaeb93590, 2627;
v0x55afaeb93590_2628 .array/port v0x55afaeb93590, 2628;
v0x55afaeb93590_2629 .array/port v0x55afaeb93590, 2629;
v0x55afaeb93590_2630 .array/port v0x55afaeb93590, 2630;
E_0x55afaeb77280/657 .event anyedge, v0x55afaeb93590_2627, v0x55afaeb93590_2628, v0x55afaeb93590_2629, v0x55afaeb93590_2630;
v0x55afaeb93590_2631 .array/port v0x55afaeb93590, 2631;
v0x55afaeb93590_2632 .array/port v0x55afaeb93590, 2632;
v0x55afaeb93590_2633 .array/port v0x55afaeb93590, 2633;
v0x55afaeb93590_2634 .array/port v0x55afaeb93590, 2634;
E_0x55afaeb77280/658 .event anyedge, v0x55afaeb93590_2631, v0x55afaeb93590_2632, v0x55afaeb93590_2633, v0x55afaeb93590_2634;
v0x55afaeb93590_2635 .array/port v0x55afaeb93590, 2635;
v0x55afaeb93590_2636 .array/port v0x55afaeb93590, 2636;
v0x55afaeb93590_2637 .array/port v0x55afaeb93590, 2637;
v0x55afaeb93590_2638 .array/port v0x55afaeb93590, 2638;
E_0x55afaeb77280/659 .event anyedge, v0x55afaeb93590_2635, v0x55afaeb93590_2636, v0x55afaeb93590_2637, v0x55afaeb93590_2638;
v0x55afaeb93590_2639 .array/port v0x55afaeb93590, 2639;
v0x55afaeb93590_2640 .array/port v0x55afaeb93590, 2640;
v0x55afaeb93590_2641 .array/port v0x55afaeb93590, 2641;
v0x55afaeb93590_2642 .array/port v0x55afaeb93590, 2642;
E_0x55afaeb77280/660 .event anyedge, v0x55afaeb93590_2639, v0x55afaeb93590_2640, v0x55afaeb93590_2641, v0x55afaeb93590_2642;
v0x55afaeb93590_2643 .array/port v0x55afaeb93590, 2643;
v0x55afaeb93590_2644 .array/port v0x55afaeb93590, 2644;
v0x55afaeb93590_2645 .array/port v0x55afaeb93590, 2645;
v0x55afaeb93590_2646 .array/port v0x55afaeb93590, 2646;
E_0x55afaeb77280/661 .event anyedge, v0x55afaeb93590_2643, v0x55afaeb93590_2644, v0x55afaeb93590_2645, v0x55afaeb93590_2646;
v0x55afaeb93590_2647 .array/port v0x55afaeb93590, 2647;
v0x55afaeb93590_2648 .array/port v0x55afaeb93590, 2648;
v0x55afaeb93590_2649 .array/port v0x55afaeb93590, 2649;
v0x55afaeb93590_2650 .array/port v0x55afaeb93590, 2650;
E_0x55afaeb77280/662 .event anyedge, v0x55afaeb93590_2647, v0x55afaeb93590_2648, v0x55afaeb93590_2649, v0x55afaeb93590_2650;
v0x55afaeb93590_2651 .array/port v0x55afaeb93590, 2651;
v0x55afaeb93590_2652 .array/port v0x55afaeb93590, 2652;
v0x55afaeb93590_2653 .array/port v0x55afaeb93590, 2653;
v0x55afaeb93590_2654 .array/port v0x55afaeb93590, 2654;
E_0x55afaeb77280/663 .event anyedge, v0x55afaeb93590_2651, v0x55afaeb93590_2652, v0x55afaeb93590_2653, v0x55afaeb93590_2654;
v0x55afaeb93590_2655 .array/port v0x55afaeb93590, 2655;
v0x55afaeb93590_2656 .array/port v0x55afaeb93590, 2656;
v0x55afaeb93590_2657 .array/port v0x55afaeb93590, 2657;
v0x55afaeb93590_2658 .array/port v0x55afaeb93590, 2658;
E_0x55afaeb77280/664 .event anyedge, v0x55afaeb93590_2655, v0x55afaeb93590_2656, v0x55afaeb93590_2657, v0x55afaeb93590_2658;
v0x55afaeb93590_2659 .array/port v0x55afaeb93590, 2659;
v0x55afaeb93590_2660 .array/port v0x55afaeb93590, 2660;
v0x55afaeb93590_2661 .array/port v0x55afaeb93590, 2661;
v0x55afaeb93590_2662 .array/port v0x55afaeb93590, 2662;
E_0x55afaeb77280/665 .event anyedge, v0x55afaeb93590_2659, v0x55afaeb93590_2660, v0x55afaeb93590_2661, v0x55afaeb93590_2662;
v0x55afaeb93590_2663 .array/port v0x55afaeb93590, 2663;
v0x55afaeb93590_2664 .array/port v0x55afaeb93590, 2664;
v0x55afaeb93590_2665 .array/port v0x55afaeb93590, 2665;
v0x55afaeb93590_2666 .array/port v0x55afaeb93590, 2666;
E_0x55afaeb77280/666 .event anyedge, v0x55afaeb93590_2663, v0x55afaeb93590_2664, v0x55afaeb93590_2665, v0x55afaeb93590_2666;
v0x55afaeb93590_2667 .array/port v0x55afaeb93590, 2667;
v0x55afaeb93590_2668 .array/port v0x55afaeb93590, 2668;
v0x55afaeb93590_2669 .array/port v0x55afaeb93590, 2669;
v0x55afaeb93590_2670 .array/port v0x55afaeb93590, 2670;
E_0x55afaeb77280/667 .event anyedge, v0x55afaeb93590_2667, v0x55afaeb93590_2668, v0x55afaeb93590_2669, v0x55afaeb93590_2670;
v0x55afaeb93590_2671 .array/port v0x55afaeb93590, 2671;
v0x55afaeb93590_2672 .array/port v0x55afaeb93590, 2672;
v0x55afaeb93590_2673 .array/port v0x55afaeb93590, 2673;
v0x55afaeb93590_2674 .array/port v0x55afaeb93590, 2674;
E_0x55afaeb77280/668 .event anyedge, v0x55afaeb93590_2671, v0x55afaeb93590_2672, v0x55afaeb93590_2673, v0x55afaeb93590_2674;
v0x55afaeb93590_2675 .array/port v0x55afaeb93590, 2675;
v0x55afaeb93590_2676 .array/port v0x55afaeb93590, 2676;
v0x55afaeb93590_2677 .array/port v0x55afaeb93590, 2677;
v0x55afaeb93590_2678 .array/port v0x55afaeb93590, 2678;
E_0x55afaeb77280/669 .event anyedge, v0x55afaeb93590_2675, v0x55afaeb93590_2676, v0x55afaeb93590_2677, v0x55afaeb93590_2678;
v0x55afaeb93590_2679 .array/port v0x55afaeb93590, 2679;
v0x55afaeb93590_2680 .array/port v0x55afaeb93590, 2680;
v0x55afaeb93590_2681 .array/port v0x55afaeb93590, 2681;
v0x55afaeb93590_2682 .array/port v0x55afaeb93590, 2682;
E_0x55afaeb77280/670 .event anyedge, v0x55afaeb93590_2679, v0x55afaeb93590_2680, v0x55afaeb93590_2681, v0x55afaeb93590_2682;
v0x55afaeb93590_2683 .array/port v0x55afaeb93590, 2683;
v0x55afaeb93590_2684 .array/port v0x55afaeb93590, 2684;
v0x55afaeb93590_2685 .array/port v0x55afaeb93590, 2685;
v0x55afaeb93590_2686 .array/port v0x55afaeb93590, 2686;
E_0x55afaeb77280/671 .event anyedge, v0x55afaeb93590_2683, v0x55afaeb93590_2684, v0x55afaeb93590_2685, v0x55afaeb93590_2686;
v0x55afaeb93590_2687 .array/port v0x55afaeb93590, 2687;
v0x55afaeb93590_2688 .array/port v0x55afaeb93590, 2688;
v0x55afaeb93590_2689 .array/port v0x55afaeb93590, 2689;
v0x55afaeb93590_2690 .array/port v0x55afaeb93590, 2690;
E_0x55afaeb77280/672 .event anyedge, v0x55afaeb93590_2687, v0x55afaeb93590_2688, v0x55afaeb93590_2689, v0x55afaeb93590_2690;
v0x55afaeb93590_2691 .array/port v0x55afaeb93590, 2691;
v0x55afaeb93590_2692 .array/port v0x55afaeb93590, 2692;
v0x55afaeb93590_2693 .array/port v0x55afaeb93590, 2693;
v0x55afaeb93590_2694 .array/port v0x55afaeb93590, 2694;
E_0x55afaeb77280/673 .event anyedge, v0x55afaeb93590_2691, v0x55afaeb93590_2692, v0x55afaeb93590_2693, v0x55afaeb93590_2694;
v0x55afaeb93590_2695 .array/port v0x55afaeb93590, 2695;
v0x55afaeb93590_2696 .array/port v0x55afaeb93590, 2696;
v0x55afaeb93590_2697 .array/port v0x55afaeb93590, 2697;
v0x55afaeb93590_2698 .array/port v0x55afaeb93590, 2698;
E_0x55afaeb77280/674 .event anyedge, v0x55afaeb93590_2695, v0x55afaeb93590_2696, v0x55afaeb93590_2697, v0x55afaeb93590_2698;
v0x55afaeb93590_2699 .array/port v0x55afaeb93590, 2699;
v0x55afaeb93590_2700 .array/port v0x55afaeb93590, 2700;
v0x55afaeb93590_2701 .array/port v0x55afaeb93590, 2701;
v0x55afaeb93590_2702 .array/port v0x55afaeb93590, 2702;
E_0x55afaeb77280/675 .event anyedge, v0x55afaeb93590_2699, v0x55afaeb93590_2700, v0x55afaeb93590_2701, v0x55afaeb93590_2702;
v0x55afaeb93590_2703 .array/port v0x55afaeb93590, 2703;
v0x55afaeb93590_2704 .array/port v0x55afaeb93590, 2704;
v0x55afaeb93590_2705 .array/port v0x55afaeb93590, 2705;
v0x55afaeb93590_2706 .array/port v0x55afaeb93590, 2706;
E_0x55afaeb77280/676 .event anyedge, v0x55afaeb93590_2703, v0x55afaeb93590_2704, v0x55afaeb93590_2705, v0x55afaeb93590_2706;
v0x55afaeb93590_2707 .array/port v0x55afaeb93590, 2707;
v0x55afaeb93590_2708 .array/port v0x55afaeb93590, 2708;
v0x55afaeb93590_2709 .array/port v0x55afaeb93590, 2709;
v0x55afaeb93590_2710 .array/port v0x55afaeb93590, 2710;
E_0x55afaeb77280/677 .event anyedge, v0x55afaeb93590_2707, v0x55afaeb93590_2708, v0x55afaeb93590_2709, v0x55afaeb93590_2710;
v0x55afaeb93590_2711 .array/port v0x55afaeb93590, 2711;
v0x55afaeb93590_2712 .array/port v0x55afaeb93590, 2712;
v0x55afaeb93590_2713 .array/port v0x55afaeb93590, 2713;
v0x55afaeb93590_2714 .array/port v0x55afaeb93590, 2714;
E_0x55afaeb77280/678 .event anyedge, v0x55afaeb93590_2711, v0x55afaeb93590_2712, v0x55afaeb93590_2713, v0x55afaeb93590_2714;
v0x55afaeb93590_2715 .array/port v0x55afaeb93590, 2715;
v0x55afaeb93590_2716 .array/port v0x55afaeb93590, 2716;
v0x55afaeb93590_2717 .array/port v0x55afaeb93590, 2717;
v0x55afaeb93590_2718 .array/port v0x55afaeb93590, 2718;
E_0x55afaeb77280/679 .event anyedge, v0x55afaeb93590_2715, v0x55afaeb93590_2716, v0x55afaeb93590_2717, v0x55afaeb93590_2718;
v0x55afaeb93590_2719 .array/port v0x55afaeb93590, 2719;
v0x55afaeb93590_2720 .array/port v0x55afaeb93590, 2720;
v0x55afaeb93590_2721 .array/port v0x55afaeb93590, 2721;
v0x55afaeb93590_2722 .array/port v0x55afaeb93590, 2722;
E_0x55afaeb77280/680 .event anyedge, v0x55afaeb93590_2719, v0x55afaeb93590_2720, v0x55afaeb93590_2721, v0x55afaeb93590_2722;
v0x55afaeb93590_2723 .array/port v0x55afaeb93590, 2723;
v0x55afaeb93590_2724 .array/port v0x55afaeb93590, 2724;
v0x55afaeb93590_2725 .array/port v0x55afaeb93590, 2725;
v0x55afaeb93590_2726 .array/port v0x55afaeb93590, 2726;
E_0x55afaeb77280/681 .event anyedge, v0x55afaeb93590_2723, v0x55afaeb93590_2724, v0x55afaeb93590_2725, v0x55afaeb93590_2726;
v0x55afaeb93590_2727 .array/port v0x55afaeb93590, 2727;
v0x55afaeb93590_2728 .array/port v0x55afaeb93590, 2728;
v0x55afaeb93590_2729 .array/port v0x55afaeb93590, 2729;
v0x55afaeb93590_2730 .array/port v0x55afaeb93590, 2730;
E_0x55afaeb77280/682 .event anyedge, v0x55afaeb93590_2727, v0x55afaeb93590_2728, v0x55afaeb93590_2729, v0x55afaeb93590_2730;
v0x55afaeb93590_2731 .array/port v0x55afaeb93590, 2731;
v0x55afaeb93590_2732 .array/port v0x55afaeb93590, 2732;
v0x55afaeb93590_2733 .array/port v0x55afaeb93590, 2733;
v0x55afaeb93590_2734 .array/port v0x55afaeb93590, 2734;
E_0x55afaeb77280/683 .event anyedge, v0x55afaeb93590_2731, v0x55afaeb93590_2732, v0x55afaeb93590_2733, v0x55afaeb93590_2734;
v0x55afaeb93590_2735 .array/port v0x55afaeb93590, 2735;
v0x55afaeb93590_2736 .array/port v0x55afaeb93590, 2736;
v0x55afaeb93590_2737 .array/port v0x55afaeb93590, 2737;
v0x55afaeb93590_2738 .array/port v0x55afaeb93590, 2738;
E_0x55afaeb77280/684 .event anyedge, v0x55afaeb93590_2735, v0x55afaeb93590_2736, v0x55afaeb93590_2737, v0x55afaeb93590_2738;
v0x55afaeb93590_2739 .array/port v0x55afaeb93590, 2739;
v0x55afaeb93590_2740 .array/port v0x55afaeb93590, 2740;
v0x55afaeb93590_2741 .array/port v0x55afaeb93590, 2741;
v0x55afaeb93590_2742 .array/port v0x55afaeb93590, 2742;
E_0x55afaeb77280/685 .event anyedge, v0x55afaeb93590_2739, v0x55afaeb93590_2740, v0x55afaeb93590_2741, v0x55afaeb93590_2742;
v0x55afaeb93590_2743 .array/port v0x55afaeb93590, 2743;
v0x55afaeb93590_2744 .array/port v0x55afaeb93590, 2744;
v0x55afaeb93590_2745 .array/port v0x55afaeb93590, 2745;
v0x55afaeb93590_2746 .array/port v0x55afaeb93590, 2746;
E_0x55afaeb77280/686 .event anyedge, v0x55afaeb93590_2743, v0x55afaeb93590_2744, v0x55afaeb93590_2745, v0x55afaeb93590_2746;
v0x55afaeb93590_2747 .array/port v0x55afaeb93590, 2747;
v0x55afaeb93590_2748 .array/port v0x55afaeb93590, 2748;
v0x55afaeb93590_2749 .array/port v0x55afaeb93590, 2749;
v0x55afaeb93590_2750 .array/port v0x55afaeb93590, 2750;
E_0x55afaeb77280/687 .event anyedge, v0x55afaeb93590_2747, v0x55afaeb93590_2748, v0x55afaeb93590_2749, v0x55afaeb93590_2750;
v0x55afaeb93590_2751 .array/port v0x55afaeb93590, 2751;
v0x55afaeb93590_2752 .array/port v0x55afaeb93590, 2752;
v0x55afaeb93590_2753 .array/port v0x55afaeb93590, 2753;
v0x55afaeb93590_2754 .array/port v0x55afaeb93590, 2754;
E_0x55afaeb77280/688 .event anyedge, v0x55afaeb93590_2751, v0x55afaeb93590_2752, v0x55afaeb93590_2753, v0x55afaeb93590_2754;
v0x55afaeb93590_2755 .array/port v0x55afaeb93590, 2755;
v0x55afaeb93590_2756 .array/port v0x55afaeb93590, 2756;
v0x55afaeb93590_2757 .array/port v0x55afaeb93590, 2757;
v0x55afaeb93590_2758 .array/port v0x55afaeb93590, 2758;
E_0x55afaeb77280/689 .event anyedge, v0x55afaeb93590_2755, v0x55afaeb93590_2756, v0x55afaeb93590_2757, v0x55afaeb93590_2758;
v0x55afaeb93590_2759 .array/port v0x55afaeb93590, 2759;
v0x55afaeb93590_2760 .array/port v0x55afaeb93590, 2760;
v0x55afaeb93590_2761 .array/port v0x55afaeb93590, 2761;
v0x55afaeb93590_2762 .array/port v0x55afaeb93590, 2762;
E_0x55afaeb77280/690 .event anyedge, v0x55afaeb93590_2759, v0x55afaeb93590_2760, v0x55afaeb93590_2761, v0x55afaeb93590_2762;
v0x55afaeb93590_2763 .array/port v0x55afaeb93590, 2763;
v0x55afaeb93590_2764 .array/port v0x55afaeb93590, 2764;
v0x55afaeb93590_2765 .array/port v0x55afaeb93590, 2765;
v0x55afaeb93590_2766 .array/port v0x55afaeb93590, 2766;
E_0x55afaeb77280/691 .event anyedge, v0x55afaeb93590_2763, v0x55afaeb93590_2764, v0x55afaeb93590_2765, v0x55afaeb93590_2766;
v0x55afaeb93590_2767 .array/port v0x55afaeb93590, 2767;
v0x55afaeb93590_2768 .array/port v0x55afaeb93590, 2768;
v0x55afaeb93590_2769 .array/port v0x55afaeb93590, 2769;
v0x55afaeb93590_2770 .array/port v0x55afaeb93590, 2770;
E_0x55afaeb77280/692 .event anyedge, v0x55afaeb93590_2767, v0x55afaeb93590_2768, v0x55afaeb93590_2769, v0x55afaeb93590_2770;
v0x55afaeb93590_2771 .array/port v0x55afaeb93590, 2771;
v0x55afaeb93590_2772 .array/port v0x55afaeb93590, 2772;
v0x55afaeb93590_2773 .array/port v0x55afaeb93590, 2773;
v0x55afaeb93590_2774 .array/port v0x55afaeb93590, 2774;
E_0x55afaeb77280/693 .event anyedge, v0x55afaeb93590_2771, v0x55afaeb93590_2772, v0x55afaeb93590_2773, v0x55afaeb93590_2774;
v0x55afaeb93590_2775 .array/port v0x55afaeb93590, 2775;
v0x55afaeb93590_2776 .array/port v0x55afaeb93590, 2776;
v0x55afaeb93590_2777 .array/port v0x55afaeb93590, 2777;
v0x55afaeb93590_2778 .array/port v0x55afaeb93590, 2778;
E_0x55afaeb77280/694 .event anyedge, v0x55afaeb93590_2775, v0x55afaeb93590_2776, v0x55afaeb93590_2777, v0x55afaeb93590_2778;
v0x55afaeb93590_2779 .array/port v0x55afaeb93590, 2779;
v0x55afaeb93590_2780 .array/port v0x55afaeb93590, 2780;
v0x55afaeb93590_2781 .array/port v0x55afaeb93590, 2781;
v0x55afaeb93590_2782 .array/port v0x55afaeb93590, 2782;
E_0x55afaeb77280/695 .event anyedge, v0x55afaeb93590_2779, v0x55afaeb93590_2780, v0x55afaeb93590_2781, v0x55afaeb93590_2782;
v0x55afaeb93590_2783 .array/port v0x55afaeb93590, 2783;
v0x55afaeb93590_2784 .array/port v0x55afaeb93590, 2784;
v0x55afaeb93590_2785 .array/port v0x55afaeb93590, 2785;
v0x55afaeb93590_2786 .array/port v0x55afaeb93590, 2786;
E_0x55afaeb77280/696 .event anyedge, v0x55afaeb93590_2783, v0x55afaeb93590_2784, v0x55afaeb93590_2785, v0x55afaeb93590_2786;
v0x55afaeb93590_2787 .array/port v0x55afaeb93590, 2787;
v0x55afaeb93590_2788 .array/port v0x55afaeb93590, 2788;
v0x55afaeb93590_2789 .array/port v0x55afaeb93590, 2789;
v0x55afaeb93590_2790 .array/port v0x55afaeb93590, 2790;
E_0x55afaeb77280/697 .event anyedge, v0x55afaeb93590_2787, v0x55afaeb93590_2788, v0x55afaeb93590_2789, v0x55afaeb93590_2790;
v0x55afaeb93590_2791 .array/port v0x55afaeb93590, 2791;
v0x55afaeb93590_2792 .array/port v0x55afaeb93590, 2792;
v0x55afaeb93590_2793 .array/port v0x55afaeb93590, 2793;
v0x55afaeb93590_2794 .array/port v0x55afaeb93590, 2794;
E_0x55afaeb77280/698 .event anyedge, v0x55afaeb93590_2791, v0x55afaeb93590_2792, v0x55afaeb93590_2793, v0x55afaeb93590_2794;
v0x55afaeb93590_2795 .array/port v0x55afaeb93590, 2795;
v0x55afaeb93590_2796 .array/port v0x55afaeb93590, 2796;
v0x55afaeb93590_2797 .array/port v0x55afaeb93590, 2797;
v0x55afaeb93590_2798 .array/port v0x55afaeb93590, 2798;
E_0x55afaeb77280/699 .event anyedge, v0x55afaeb93590_2795, v0x55afaeb93590_2796, v0x55afaeb93590_2797, v0x55afaeb93590_2798;
v0x55afaeb93590_2799 .array/port v0x55afaeb93590, 2799;
v0x55afaeb93590_2800 .array/port v0x55afaeb93590, 2800;
v0x55afaeb93590_2801 .array/port v0x55afaeb93590, 2801;
v0x55afaeb93590_2802 .array/port v0x55afaeb93590, 2802;
E_0x55afaeb77280/700 .event anyedge, v0x55afaeb93590_2799, v0x55afaeb93590_2800, v0x55afaeb93590_2801, v0x55afaeb93590_2802;
v0x55afaeb93590_2803 .array/port v0x55afaeb93590, 2803;
v0x55afaeb93590_2804 .array/port v0x55afaeb93590, 2804;
v0x55afaeb93590_2805 .array/port v0x55afaeb93590, 2805;
v0x55afaeb93590_2806 .array/port v0x55afaeb93590, 2806;
E_0x55afaeb77280/701 .event anyedge, v0x55afaeb93590_2803, v0x55afaeb93590_2804, v0x55afaeb93590_2805, v0x55afaeb93590_2806;
v0x55afaeb93590_2807 .array/port v0x55afaeb93590, 2807;
v0x55afaeb93590_2808 .array/port v0x55afaeb93590, 2808;
v0x55afaeb93590_2809 .array/port v0x55afaeb93590, 2809;
v0x55afaeb93590_2810 .array/port v0x55afaeb93590, 2810;
E_0x55afaeb77280/702 .event anyedge, v0x55afaeb93590_2807, v0x55afaeb93590_2808, v0x55afaeb93590_2809, v0x55afaeb93590_2810;
v0x55afaeb93590_2811 .array/port v0x55afaeb93590, 2811;
v0x55afaeb93590_2812 .array/port v0x55afaeb93590, 2812;
v0x55afaeb93590_2813 .array/port v0x55afaeb93590, 2813;
v0x55afaeb93590_2814 .array/port v0x55afaeb93590, 2814;
E_0x55afaeb77280/703 .event anyedge, v0x55afaeb93590_2811, v0x55afaeb93590_2812, v0x55afaeb93590_2813, v0x55afaeb93590_2814;
v0x55afaeb93590_2815 .array/port v0x55afaeb93590, 2815;
v0x55afaeb93590_2816 .array/port v0x55afaeb93590, 2816;
v0x55afaeb93590_2817 .array/port v0x55afaeb93590, 2817;
v0x55afaeb93590_2818 .array/port v0x55afaeb93590, 2818;
E_0x55afaeb77280/704 .event anyedge, v0x55afaeb93590_2815, v0x55afaeb93590_2816, v0x55afaeb93590_2817, v0x55afaeb93590_2818;
v0x55afaeb93590_2819 .array/port v0x55afaeb93590, 2819;
v0x55afaeb93590_2820 .array/port v0x55afaeb93590, 2820;
v0x55afaeb93590_2821 .array/port v0x55afaeb93590, 2821;
v0x55afaeb93590_2822 .array/port v0x55afaeb93590, 2822;
E_0x55afaeb77280/705 .event anyedge, v0x55afaeb93590_2819, v0x55afaeb93590_2820, v0x55afaeb93590_2821, v0x55afaeb93590_2822;
v0x55afaeb93590_2823 .array/port v0x55afaeb93590, 2823;
v0x55afaeb93590_2824 .array/port v0x55afaeb93590, 2824;
v0x55afaeb93590_2825 .array/port v0x55afaeb93590, 2825;
v0x55afaeb93590_2826 .array/port v0x55afaeb93590, 2826;
E_0x55afaeb77280/706 .event anyedge, v0x55afaeb93590_2823, v0x55afaeb93590_2824, v0x55afaeb93590_2825, v0x55afaeb93590_2826;
v0x55afaeb93590_2827 .array/port v0x55afaeb93590, 2827;
v0x55afaeb93590_2828 .array/port v0x55afaeb93590, 2828;
v0x55afaeb93590_2829 .array/port v0x55afaeb93590, 2829;
v0x55afaeb93590_2830 .array/port v0x55afaeb93590, 2830;
E_0x55afaeb77280/707 .event anyedge, v0x55afaeb93590_2827, v0x55afaeb93590_2828, v0x55afaeb93590_2829, v0x55afaeb93590_2830;
v0x55afaeb93590_2831 .array/port v0x55afaeb93590, 2831;
v0x55afaeb93590_2832 .array/port v0x55afaeb93590, 2832;
v0x55afaeb93590_2833 .array/port v0x55afaeb93590, 2833;
v0x55afaeb93590_2834 .array/port v0x55afaeb93590, 2834;
E_0x55afaeb77280/708 .event anyedge, v0x55afaeb93590_2831, v0x55afaeb93590_2832, v0x55afaeb93590_2833, v0x55afaeb93590_2834;
v0x55afaeb93590_2835 .array/port v0x55afaeb93590, 2835;
v0x55afaeb93590_2836 .array/port v0x55afaeb93590, 2836;
v0x55afaeb93590_2837 .array/port v0x55afaeb93590, 2837;
v0x55afaeb93590_2838 .array/port v0x55afaeb93590, 2838;
E_0x55afaeb77280/709 .event anyedge, v0x55afaeb93590_2835, v0x55afaeb93590_2836, v0x55afaeb93590_2837, v0x55afaeb93590_2838;
v0x55afaeb93590_2839 .array/port v0x55afaeb93590, 2839;
v0x55afaeb93590_2840 .array/port v0x55afaeb93590, 2840;
v0x55afaeb93590_2841 .array/port v0x55afaeb93590, 2841;
v0x55afaeb93590_2842 .array/port v0x55afaeb93590, 2842;
E_0x55afaeb77280/710 .event anyedge, v0x55afaeb93590_2839, v0x55afaeb93590_2840, v0x55afaeb93590_2841, v0x55afaeb93590_2842;
v0x55afaeb93590_2843 .array/port v0x55afaeb93590, 2843;
v0x55afaeb93590_2844 .array/port v0x55afaeb93590, 2844;
v0x55afaeb93590_2845 .array/port v0x55afaeb93590, 2845;
v0x55afaeb93590_2846 .array/port v0x55afaeb93590, 2846;
E_0x55afaeb77280/711 .event anyedge, v0x55afaeb93590_2843, v0x55afaeb93590_2844, v0x55afaeb93590_2845, v0x55afaeb93590_2846;
v0x55afaeb93590_2847 .array/port v0x55afaeb93590, 2847;
v0x55afaeb93590_2848 .array/port v0x55afaeb93590, 2848;
v0x55afaeb93590_2849 .array/port v0x55afaeb93590, 2849;
v0x55afaeb93590_2850 .array/port v0x55afaeb93590, 2850;
E_0x55afaeb77280/712 .event anyedge, v0x55afaeb93590_2847, v0x55afaeb93590_2848, v0x55afaeb93590_2849, v0x55afaeb93590_2850;
v0x55afaeb93590_2851 .array/port v0x55afaeb93590, 2851;
v0x55afaeb93590_2852 .array/port v0x55afaeb93590, 2852;
v0x55afaeb93590_2853 .array/port v0x55afaeb93590, 2853;
v0x55afaeb93590_2854 .array/port v0x55afaeb93590, 2854;
E_0x55afaeb77280/713 .event anyedge, v0x55afaeb93590_2851, v0x55afaeb93590_2852, v0x55afaeb93590_2853, v0x55afaeb93590_2854;
v0x55afaeb93590_2855 .array/port v0x55afaeb93590, 2855;
v0x55afaeb93590_2856 .array/port v0x55afaeb93590, 2856;
v0x55afaeb93590_2857 .array/port v0x55afaeb93590, 2857;
v0x55afaeb93590_2858 .array/port v0x55afaeb93590, 2858;
E_0x55afaeb77280/714 .event anyedge, v0x55afaeb93590_2855, v0x55afaeb93590_2856, v0x55afaeb93590_2857, v0x55afaeb93590_2858;
v0x55afaeb93590_2859 .array/port v0x55afaeb93590, 2859;
v0x55afaeb93590_2860 .array/port v0x55afaeb93590, 2860;
v0x55afaeb93590_2861 .array/port v0x55afaeb93590, 2861;
v0x55afaeb93590_2862 .array/port v0x55afaeb93590, 2862;
E_0x55afaeb77280/715 .event anyedge, v0x55afaeb93590_2859, v0x55afaeb93590_2860, v0x55afaeb93590_2861, v0x55afaeb93590_2862;
v0x55afaeb93590_2863 .array/port v0x55afaeb93590, 2863;
v0x55afaeb93590_2864 .array/port v0x55afaeb93590, 2864;
v0x55afaeb93590_2865 .array/port v0x55afaeb93590, 2865;
v0x55afaeb93590_2866 .array/port v0x55afaeb93590, 2866;
E_0x55afaeb77280/716 .event anyedge, v0x55afaeb93590_2863, v0x55afaeb93590_2864, v0x55afaeb93590_2865, v0x55afaeb93590_2866;
v0x55afaeb93590_2867 .array/port v0x55afaeb93590, 2867;
v0x55afaeb93590_2868 .array/port v0x55afaeb93590, 2868;
v0x55afaeb93590_2869 .array/port v0x55afaeb93590, 2869;
v0x55afaeb93590_2870 .array/port v0x55afaeb93590, 2870;
E_0x55afaeb77280/717 .event anyedge, v0x55afaeb93590_2867, v0x55afaeb93590_2868, v0x55afaeb93590_2869, v0x55afaeb93590_2870;
v0x55afaeb93590_2871 .array/port v0x55afaeb93590, 2871;
v0x55afaeb93590_2872 .array/port v0x55afaeb93590, 2872;
v0x55afaeb93590_2873 .array/port v0x55afaeb93590, 2873;
v0x55afaeb93590_2874 .array/port v0x55afaeb93590, 2874;
E_0x55afaeb77280/718 .event anyedge, v0x55afaeb93590_2871, v0x55afaeb93590_2872, v0x55afaeb93590_2873, v0x55afaeb93590_2874;
v0x55afaeb93590_2875 .array/port v0x55afaeb93590, 2875;
v0x55afaeb93590_2876 .array/port v0x55afaeb93590, 2876;
v0x55afaeb93590_2877 .array/port v0x55afaeb93590, 2877;
v0x55afaeb93590_2878 .array/port v0x55afaeb93590, 2878;
E_0x55afaeb77280/719 .event anyedge, v0x55afaeb93590_2875, v0x55afaeb93590_2876, v0x55afaeb93590_2877, v0x55afaeb93590_2878;
v0x55afaeb93590_2879 .array/port v0x55afaeb93590, 2879;
v0x55afaeb93590_2880 .array/port v0x55afaeb93590, 2880;
v0x55afaeb93590_2881 .array/port v0x55afaeb93590, 2881;
v0x55afaeb93590_2882 .array/port v0x55afaeb93590, 2882;
E_0x55afaeb77280/720 .event anyedge, v0x55afaeb93590_2879, v0x55afaeb93590_2880, v0x55afaeb93590_2881, v0x55afaeb93590_2882;
v0x55afaeb93590_2883 .array/port v0x55afaeb93590, 2883;
v0x55afaeb93590_2884 .array/port v0x55afaeb93590, 2884;
v0x55afaeb93590_2885 .array/port v0x55afaeb93590, 2885;
v0x55afaeb93590_2886 .array/port v0x55afaeb93590, 2886;
E_0x55afaeb77280/721 .event anyedge, v0x55afaeb93590_2883, v0x55afaeb93590_2884, v0x55afaeb93590_2885, v0x55afaeb93590_2886;
v0x55afaeb93590_2887 .array/port v0x55afaeb93590, 2887;
v0x55afaeb93590_2888 .array/port v0x55afaeb93590, 2888;
v0x55afaeb93590_2889 .array/port v0x55afaeb93590, 2889;
v0x55afaeb93590_2890 .array/port v0x55afaeb93590, 2890;
E_0x55afaeb77280/722 .event anyedge, v0x55afaeb93590_2887, v0x55afaeb93590_2888, v0x55afaeb93590_2889, v0x55afaeb93590_2890;
v0x55afaeb93590_2891 .array/port v0x55afaeb93590, 2891;
v0x55afaeb93590_2892 .array/port v0x55afaeb93590, 2892;
v0x55afaeb93590_2893 .array/port v0x55afaeb93590, 2893;
v0x55afaeb93590_2894 .array/port v0x55afaeb93590, 2894;
E_0x55afaeb77280/723 .event anyedge, v0x55afaeb93590_2891, v0x55afaeb93590_2892, v0x55afaeb93590_2893, v0x55afaeb93590_2894;
v0x55afaeb93590_2895 .array/port v0x55afaeb93590, 2895;
v0x55afaeb93590_2896 .array/port v0x55afaeb93590, 2896;
v0x55afaeb93590_2897 .array/port v0x55afaeb93590, 2897;
v0x55afaeb93590_2898 .array/port v0x55afaeb93590, 2898;
E_0x55afaeb77280/724 .event anyedge, v0x55afaeb93590_2895, v0x55afaeb93590_2896, v0x55afaeb93590_2897, v0x55afaeb93590_2898;
v0x55afaeb93590_2899 .array/port v0x55afaeb93590, 2899;
v0x55afaeb93590_2900 .array/port v0x55afaeb93590, 2900;
v0x55afaeb93590_2901 .array/port v0x55afaeb93590, 2901;
v0x55afaeb93590_2902 .array/port v0x55afaeb93590, 2902;
E_0x55afaeb77280/725 .event anyedge, v0x55afaeb93590_2899, v0x55afaeb93590_2900, v0x55afaeb93590_2901, v0x55afaeb93590_2902;
v0x55afaeb93590_2903 .array/port v0x55afaeb93590, 2903;
v0x55afaeb93590_2904 .array/port v0x55afaeb93590, 2904;
v0x55afaeb93590_2905 .array/port v0x55afaeb93590, 2905;
v0x55afaeb93590_2906 .array/port v0x55afaeb93590, 2906;
E_0x55afaeb77280/726 .event anyedge, v0x55afaeb93590_2903, v0x55afaeb93590_2904, v0x55afaeb93590_2905, v0x55afaeb93590_2906;
v0x55afaeb93590_2907 .array/port v0x55afaeb93590, 2907;
v0x55afaeb93590_2908 .array/port v0x55afaeb93590, 2908;
v0x55afaeb93590_2909 .array/port v0x55afaeb93590, 2909;
v0x55afaeb93590_2910 .array/port v0x55afaeb93590, 2910;
E_0x55afaeb77280/727 .event anyedge, v0x55afaeb93590_2907, v0x55afaeb93590_2908, v0x55afaeb93590_2909, v0x55afaeb93590_2910;
v0x55afaeb93590_2911 .array/port v0x55afaeb93590, 2911;
v0x55afaeb93590_2912 .array/port v0x55afaeb93590, 2912;
v0x55afaeb93590_2913 .array/port v0x55afaeb93590, 2913;
v0x55afaeb93590_2914 .array/port v0x55afaeb93590, 2914;
E_0x55afaeb77280/728 .event anyedge, v0x55afaeb93590_2911, v0x55afaeb93590_2912, v0x55afaeb93590_2913, v0x55afaeb93590_2914;
v0x55afaeb93590_2915 .array/port v0x55afaeb93590, 2915;
v0x55afaeb93590_2916 .array/port v0x55afaeb93590, 2916;
v0x55afaeb93590_2917 .array/port v0x55afaeb93590, 2917;
v0x55afaeb93590_2918 .array/port v0x55afaeb93590, 2918;
E_0x55afaeb77280/729 .event anyedge, v0x55afaeb93590_2915, v0x55afaeb93590_2916, v0x55afaeb93590_2917, v0x55afaeb93590_2918;
v0x55afaeb93590_2919 .array/port v0x55afaeb93590, 2919;
v0x55afaeb93590_2920 .array/port v0x55afaeb93590, 2920;
v0x55afaeb93590_2921 .array/port v0x55afaeb93590, 2921;
v0x55afaeb93590_2922 .array/port v0x55afaeb93590, 2922;
E_0x55afaeb77280/730 .event anyedge, v0x55afaeb93590_2919, v0x55afaeb93590_2920, v0x55afaeb93590_2921, v0x55afaeb93590_2922;
v0x55afaeb93590_2923 .array/port v0x55afaeb93590, 2923;
v0x55afaeb93590_2924 .array/port v0x55afaeb93590, 2924;
v0x55afaeb93590_2925 .array/port v0x55afaeb93590, 2925;
v0x55afaeb93590_2926 .array/port v0x55afaeb93590, 2926;
E_0x55afaeb77280/731 .event anyedge, v0x55afaeb93590_2923, v0x55afaeb93590_2924, v0x55afaeb93590_2925, v0x55afaeb93590_2926;
v0x55afaeb93590_2927 .array/port v0x55afaeb93590, 2927;
v0x55afaeb93590_2928 .array/port v0x55afaeb93590, 2928;
v0x55afaeb93590_2929 .array/port v0x55afaeb93590, 2929;
v0x55afaeb93590_2930 .array/port v0x55afaeb93590, 2930;
E_0x55afaeb77280/732 .event anyedge, v0x55afaeb93590_2927, v0x55afaeb93590_2928, v0x55afaeb93590_2929, v0x55afaeb93590_2930;
v0x55afaeb93590_2931 .array/port v0x55afaeb93590, 2931;
v0x55afaeb93590_2932 .array/port v0x55afaeb93590, 2932;
v0x55afaeb93590_2933 .array/port v0x55afaeb93590, 2933;
v0x55afaeb93590_2934 .array/port v0x55afaeb93590, 2934;
E_0x55afaeb77280/733 .event anyedge, v0x55afaeb93590_2931, v0x55afaeb93590_2932, v0x55afaeb93590_2933, v0x55afaeb93590_2934;
v0x55afaeb93590_2935 .array/port v0x55afaeb93590, 2935;
v0x55afaeb93590_2936 .array/port v0x55afaeb93590, 2936;
v0x55afaeb93590_2937 .array/port v0x55afaeb93590, 2937;
v0x55afaeb93590_2938 .array/port v0x55afaeb93590, 2938;
E_0x55afaeb77280/734 .event anyedge, v0x55afaeb93590_2935, v0x55afaeb93590_2936, v0x55afaeb93590_2937, v0x55afaeb93590_2938;
v0x55afaeb93590_2939 .array/port v0x55afaeb93590, 2939;
v0x55afaeb93590_2940 .array/port v0x55afaeb93590, 2940;
v0x55afaeb93590_2941 .array/port v0x55afaeb93590, 2941;
v0x55afaeb93590_2942 .array/port v0x55afaeb93590, 2942;
E_0x55afaeb77280/735 .event anyedge, v0x55afaeb93590_2939, v0x55afaeb93590_2940, v0x55afaeb93590_2941, v0x55afaeb93590_2942;
v0x55afaeb93590_2943 .array/port v0x55afaeb93590, 2943;
v0x55afaeb93590_2944 .array/port v0x55afaeb93590, 2944;
v0x55afaeb93590_2945 .array/port v0x55afaeb93590, 2945;
v0x55afaeb93590_2946 .array/port v0x55afaeb93590, 2946;
E_0x55afaeb77280/736 .event anyedge, v0x55afaeb93590_2943, v0x55afaeb93590_2944, v0x55afaeb93590_2945, v0x55afaeb93590_2946;
v0x55afaeb93590_2947 .array/port v0x55afaeb93590, 2947;
v0x55afaeb93590_2948 .array/port v0x55afaeb93590, 2948;
v0x55afaeb93590_2949 .array/port v0x55afaeb93590, 2949;
v0x55afaeb93590_2950 .array/port v0x55afaeb93590, 2950;
E_0x55afaeb77280/737 .event anyedge, v0x55afaeb93590_2947, v0x55afaeb93590_2948, v0x55afaeb93590_2949, v0x55afaeb93590_2950;
v0x55afaeb93590_2951 .array/port v0x55afaeb93590, 2951;
v0x55afaeb93590_2952 .array/port v0x55afaeb93590, 2952;
v0x55afaeb93590_2953 .array/port v0x55afaeb93590, 2953;
v0x55afaeb93590_2954 .array/port v0x55afaeb93590, 2954;
E_0x55afaeb77280/738 .event anyedge, v0x55afaeb93590_2951, v0x55afaeb93590_2952, v0x55afaeb93590_2953, v0x55afaeb93590_2954;
v0x55afaeb93590_2955 .array/port v0x55afaeb93590, 2955;
v0x55afaeb93590_2956 .array/port v0x55afaeb93590, 2956;
v0x55afaeb93590_2957 .array/port v0x55afaeb93590, 2957;
v0x55afaeb93590_2958 .array/port v0x55afaeb93590, 2958;
E_0x55afaeb77280/739 .event anyedge, v0x55afaeb93590_2955, v0x55afaeb93590_2956, v0x55afaeb93590_2957, v0x55afaeb93590_2958;
v0x55afaeb93590_2959 .array/port v0x55afaeb93590, 2959;
v0x55afaeb93590_2960 .array/port v0x55afaeb93590, 2960;
v0x55afaeb93590_2961 .array/port v0x55afaeb93590, 2961;
v0x55afaeb93590_2962 .array/port v0x55afaeb93590, 2962;
E_0x55afaeb77280/740 .event anyedge, v0x55afaeb93590_2959, v0x55afaeb93590_2960, v0x55afaeb93590_2961, v0x55afaeb93590_2962;
v0x55afaeb93590_2963 .array/port v0x55afaeb93590, 2963;
v0x55afaeb93590_2964 .array/port v0x55afaeb93590, 2964;
v0x55afaeb93590_2965 .array/port v0x55afaeb93590, 2965;
v0x55afaeb93590_2966 .array/port v0x55afaeb93590, 2966;
E_0x55afaeb77280/741 .event anyedge, v0x55afaeb93590_2963, v0x55afaeb93590_2964, v0x55afaeb93590_2965, v0x55afaeb93590_2966;
v0x55afaeb93590_2967 .array/port v0x55afaeb93590, 2967;
v0x55afaeb93590_2968 .array/port v0x55afaeb93590, 2968;
v0x55afaeb93590_2969 .array/port v0x55afaeb93590, 2969;
v0x55afaeb93590_2970 .array/port v0x55afaeb93590, 2970;
E_0x55afaeb77280/742 .event anyedge, v0x55afaeb93590_2967, v0x55afaeb93590_2968, v0x55afaeb93590_2969, v0x55afaeb93590_2970;
v0x55afaeb93590_2971 .array/port v0x55afaeb93590, 2971;
v0x55afaeb93590_2972 .array/port v0x55afaeb93590, 2972;
v0x55afaeb93590_2973 .array/port v0x55afaeb93590, 2973;
v0x55afaeb93590_2974 .array/port v0x55afaeb93590, 2974;
E_0x55afaeb77280/743 .event anyedge, v0x55afaeb93590_2971, v0x55afaeb93590_2972, v0x55afaeb93590_2973, v0x55afaeb93590_2974;
v0x55afaeb93590_2975 .array/port v0x55afaeb93590, 2975;
v0x55afaeb93590_2976 .array/port v0x55afaeb93590, 2976;
v0x55afaeb93590_2977 .array/port v0x55afaeb93590, 2977;
v0x55afaeb93590_2978 .array/port v0x55afaeb93590, 2978;
E_0x55afaeb77280/744 .event anyedge, v0x55afaeb93590_2975, v0x55afaeb93590_2976, v0x55afaeb93590_2977, v0x55afaeb93590_2978;
v0x55afaeb93590_2979 .array/port v0x55afaeb93590, 2979;
v0x55afaeb93590_2980 .array/port v0x55afaeb93590, 2980;
v0x55afaeb93590_2981 .array/port v0x55afaeb93590, 2981;
v0x55afaeb93590_2982 .array/port v0x55afaeb93590, 2982;
E_0x55afaeb77280/745 .event anyedge, v0x55afaeb93590_2979, v0x55afaeb93590_2980, v0x55afaeb93590_2981, v0x55afaeb93590_2982;
v0x55afaeb93590_2983 .array/port v0x55afaeb93590, 2983;
v0x55afaeb93590_2984 .array/port v0x55afaeb93590, 2984;
v0x55afaeb93590_2985 .array/port v0x55afaeb93590, 2985;
v0x55afaeb93590_2986 .array/port v0x55afaeb93590, 2986;
E_0x55afaeb77280/746 .event anyedge, v0x55afaeb93590_2983, v0x55afaeb93590_2984, v0x55afaeb93590_2985, v0x55afaeb93590_2986;
v0x55afaeb93590_2987 .array/port v0x55afaeb93590, 2987;
v0x55afaeb93590_2988 .array/port v0x55afaeb93590, 2988;
v0x55afaeb93590_2989 .array/port v0x55afaeb93590, 2989;
v0x55afaeb93590_2990 .array/port v0x55afaeb93590, 2990;
E_0x55afaeb77280/747 .event anyedge, v0x55afaeb93590_2987, v0x55afaeb93590_2988, v0x55afaeb93590_2989, v0x55afaeb93590_2990;
v0x55afaeb93590_2991 .array/port v0x55afaeb93590, 2991;
v0x55afaeb93590_2992 .array/port v0x55afaeb93590, 2992;
v0x55afaeb93590_2993 .array/port v0x55afaeb93590, 2993;
v0x55afaeb93590_2994 .array/port v0x55afaeb93590, 2994;
E_0x55afaeb77280/748 .event anyedge, v0x55afaeb93590_2991, v0x55afaeb93590_2992, v0x55afaeb93590_2993, v0x55afaeb93590_2994;
v0x55afaeb93590_2995 .array/port v0x55afaeb93590, 2995;
v0x55afaeb93590_2996 .array/port v0x55afaeb93590, 2996;
v0x55afaeb93590_2997 .array/port v0x55afaeb93590, 2997;
v0x55afaeb93590_2998 .array/port v0x55afaeb93590, 2998;
E_0x55afaeb77280/749 .event anyedge, v0x55afaeb93590_2995, v0x55afaeb93590_2996, v0x55afaeb93590_2997, v0x55afaeb93590_2998;
v0x55afaeb93590_2999 .array/port v0x55afaeb93590, 2999;
v0x55afaeb93590_3000 .array/port v0x55afaeb93590, 3000;
v0x55afaeb93590_3001 .array/port v0x55afaeb93590, 3001;
v0x55afaeb93590_3002 .array/port v0x55afaeb93590, 3002;
E_0x55afaeb77280/750 .event anyedge, v0x55afaeb93590_2999, v0x55afaeb93590_3000, v0x55afaeb93590_3001, v0x55afaeb93590_3002;
v0x55afaeb93590_3003 .array/port v0x55afaeb93590, 3003;
v0x55afaeb93590_3004 .array/port v0x55afaeb93590, 3004;
v0x55afaeb93590_3005 .array/port v0x55afaeb93590, 3005;
v0x55afaeb93590_3006 .array/port v0x55afaeb93590, 3006;
E_0x55afaeb77280/751 .event anyedge, v0x55afaeb93590_3003, v0x55afaeb93590_3004, v0x55afaeb93590_3005, v0x55afaeb93590_3006;
v0x55afaeb93590_3007 .array/port v0x55afaeb93590, 3007;
v0x55afaeb93590_3008 .array/port v0x55afaeb93590, 3008;
v0x55afaeb93590_3009 .array/port v0x55afaeb93590, 3009;
v0x55afaeb93590_3010 .array/port v0x55afaeb93590, 3010;
E_0x55afaeb77280/752 .event anyedge, v0x55afaeb93590_3007, v0x55afaeb93590_3008, v0x55afaeb93590_3009, v0x55afaeb93590_3010;
v0x55afaeb93590_3011 .array/port v0x55afaeb93590, 3011;
v0x55afaeb93590_3012 .array/port v0x55afaeb93590, 3012;
v0x55afaeb93590_3013 .array/port v0x55afaeb93590, 3013;
v0x55afaeb93590_3014 .array/port v0x55afaeb93590, 3014;
E_0x55afaeb77280/753 .event anyedge, v0x55afaeb93590_3011, v0x55afaeb93590_3012, v0x55afaeb93590_3013, v0x55afaeb93590_3014;
v0x55afaeb93590_3015 .array/port v0x55afaeb93590, 3015;
v0x55afaeb93590_3016 .array/port v0x55afaeb93590, 3016;
v0x55afaeb93590_3017 .array/port v0x55afaeb93590, 3017;
v0x55afaeb93590_3018 .array/port v0x55afaeb93590, 3018;
E_0x55afaeb77280/754 .event anyedge, v0x55afaeb93590_3015, v0x55afaeb93590_3016, v0x55afaeb93590_3017, v0x55afaeb93590_3018;
v0x55afaeb93590_3019 .array/port v0x55afaeb93590, 3019;
v0x55afaeb93590_3020 .array/port v0x55afaeb93590, 3020;
v0x55afaeb93590_3021 .array/port v0x55afaeb93590, 3021;
v0x55afaeb93590_3022 .array/port v0x55afaeb93590, 3022;
E_0x55afaeb77280/755 .event anyedge, v0x55afaeb93590_3019, v0x55afaeb93590_3020, v0x55afaeb93590_3021, v0x55afaeb93590_3022;
v0x55afaeb93590_3023 .array/port v0x55afaeb93590, 3023;
v0x55afaeb93590_3024 .array/port v0x55afaeb93590, 3024;
v0x55afaeb93590_3025 .array/port v0x55afaeb93590, 3025;
v0x55afaeb93590_3026 .array/port v0x55afaeb93590, 3026;
E_0x55afaeb77280/756 .event anyedge, v0x55afaeb93590_3023, v0x55afaeb93590_3024, v0x55afaeb93590_3025, v0x55afaeb93590_3026;
v0x55afaeb93590_3027 .array/port v0x55afaeb93590, 3027;
v0x55afaeb93590_3028 .array/port v0x55afaeb93590, 3028;
v0x55afaeb93590_3029 .array/port v0x55afaeb93590, 3029;
v0x55afaeb93590_3030 .array/port v0x55afaeb93590, 3030;
E_0x55afaeb77280/757 .event anyedge, v0x55afaeb93590_3027, v0x55afaeb93590_3028, v0x55afaeb93590_3029, v0x55afaeb93590_3030;
v0x55afaeb93590_3031 .array/port v0x55afaeb93590, 3031;
v0x55afaeb93590_3032 .array/port v0x55afaeb93590, 3032;
v0x55afaeb93590_3033 .array/port v0x55afaeb93590, 3033;
v0x55afaeb93590_3034 .array/port v0x55afaeb93590, 3034;
E_0x55afaeb77280/758 .event anyedge, v0x55afaeb93590_3031, v0x55afaeb93590_3032, v0x55afaeb93590_3033, v0x55afaeb93590_3034;
v0x55afaeb93590_3035 .array/port v0x55afaeb93590, 3035;
v0x55afaeb93590_3036 .array/port v0x55afaeb93590, 3036;
v0x55afaeb93590_3037 .array/port v0x55afaeb93590, 3037;
v0x55afaeb93590_3038 .array/port v0x55afaeb93590, 3038;
E_0x55afaeb77280/759 .event anyedge, v0x55afaeb93590_3035, v0x55afaeb93590_3036, v0x55afaeb93590_3037, v0x55afaeb93590_3038;
v0x55afaeb93590_3039 .array/port v0x55afaeb93590, 3039;
v0x55afaeb93590_3040 .array/port v0x55afaeb93590, 3040;
v0x55afaeb93590_3041 .array/port v0x55afaeb93590, 3041;
v0x55afaeb93590_3042 .array/port v0x55afaeb93590, 3042;
E_0x55afaeb77280/760 .event anyedge, v0x55afaeb93590_3039, v0x55afaeb93590_3040, v0x55afaeb93590_3041, v0x55afaeb93590_3042;
v0x55afaeb93590_3043 .array/port v0x55afaeb93590, 3043;
v0x55afaeb93590_3044 .array/port v0x55afaeb93590, 3044;
v0x55afaeb93590_3045 .array/port v0x55afaeb93590, 3045;
v0x55afaeb93590_3046 .array/port v0x55afaeb93590, 3046;
E_0x55afaeb77280/761 .event anyedge, v0x55afaeb93590_3043, v0x55afaeb93590_3044, v0x55afaeb93590_3045, v0x55afaeb93590_3046;
v0x55afaeb93590_3047 .array/port v0x55afaeb93590, 3047;
v0x55afaeb93590_3048 .array/port v0x55afaeb93590, 3048;
v0x55afaeb93590_3049 .array/port v0x55afaeb93590, 3049;
v0x55afaeb93590_3050 .array/port v0x55afaeb93590, 3050;
E_0x55afaeb77280/762 .event anyedge, v0x55afaeb93590_3047, v0x55afaeb93590_3048, v0x55afaeb93590_3049, v0x55afaeb93590_3050;
v0x55afaeb93590_3051 .array/port v0x55afaeb93590, 3051;
v0x55afaeb93590_3052 .array/port v0x55afaeb93590, 3052;
v0x55afaeb93590_3053 .array/port v0x55afaeb93590, 3053;
v0x55afaeb93590_3054 .array/port v0x55afaeb93590, 3054;
E_0x55afaeb77280/763 .event anyedge, v0x55afaeb93590_3051, v0x55afaeb93590_3052, v0x55afaeb93590_3053, v0x55afaeb93590_3054;
v0x55afaeb93590_3055 .array/port v0x55afaeb93590, 3055;
v0x55afaeb93590_3056 .array/port v0x55afaeb93590, 3056;
v0x55afaeb93590_3057 .array/port v0x55afaeb93590, 3057;
v0x55afaeb93590_3058 .array/port v0x55afaeb93590, 3058;
E_0x55afaeb77280/764 .event anyedge, v0x55afaeb93590_3055, v0x55afaeb93590_3056, v0x55afaeb93590_3057, v0x55afaeb93590_3058;
v0x55afaeb93590_3059 .array/port v0x55afaeb93590, 3059;
v0x55afaeb93590_3060 .array/port v0x55afaeb93590, 3060;
v0x55afaeb93590_3061 .array/port v0x55afaeb93590, 3061;
v0x55afaeb93590_3062 .array/port v0x55afaeb93590, 3062;
E_0x55afaeb77280/765 .event anyedge, v0x55afaeb93590_3059, v0x55afaeb93590_3060, v0x55afaeb93590_3061, v0x55afaeb93590_3062;
v0x55afaeb93590_3063 .array/port v0x55afaeb93590, 3063;
v0x55afaeb93590_3064 .array/port v0x55afaeb93590, 3064;
v0x55afaeb93590_3065 .array/port v0x55afaeb93590, 3065;
v0x55afaeb93590_3066 .array/port v0x55afaeb93590, 3066;
E_0x55afaeb77280/766 .event anyedge, v0x55afaeb93590_3063, v0x55afaeb93590_3064, v0x55afaeb93590_3065, v0x55afaeb93590_3066;
v0x55afaeb93590_3067 .array/port v0x55afaeb93590, 3067;
v0x55afaeb93590_3068 .array/port v0x55afaeb93590, 3068;
v0x55afaeb93590_3069 .array/port v0x55afaeb93590, 3069;
v0x55afaeb93590_3070 .array/port v0x55afaeb93590, 3070;
E_0x55afaeb77280/767 .event anyedge, v0x55afaeb93590_3067, v0x55afaeb93590_3068, v0x55afaeb93590_3069, v0x55afaeb93590_3070;
v0x55afaeb93590_3071 .array/port v0x55afaeb93590, 3071;
v0x55afaeb93590_3072 .array/port v0x55afaeb93590, 3072;
v0x55afaeb93590_3073 .array/port v0x55afaeb93590, 3073;
v0x55afaeb93590_3074 .array/port v0x55afaeb93590, 3074;
E_0x55afaeb77280/768 .event anyedge, v0x55afaeb93590_3071, v0x55afaeb93590_3072, v0x55afaeb93590_3073, v0x55afaeb93590_3074;
v0x55afaeb93590_3075 .array/port v0x55afaeb93590, 3075;
v0x55afaeb93590_3076 .array/port v0x55afaeb93590, 3076;
v0x55afaeb93590_3077 .array/port v0x55afaeb93590, 3077;
v0x55afaeb93590_3078 .array/port v0x55afaeb93590, 3078;
E_0x55afaeb77280/769 .event anyedge, v0x55afaeb93590_3075, v0x55afaeb93590_3076, v0x55afaeb93590_3077, v0x55afaeb93590_3078;
v0x55afaeb93590_3079 .array/port v0x55afaeb93590, 3079;
v0x55afaeb93590_3080 .array/port v0x55afaeb93590, 3080;
v0x55afaeb93590_3081 .array/port v0x55afaeb93590, 3081;
v0x55afaeb93590_3082 .array/port v0x55afaeb93590, 3082;
E_0x55afaeb77280/770 .event anyedge, v0x55afaeb93590_3079, v0x55afaeb93590_3080, v0x55afaeb93590_3081, v0x55afaeb93590_3082;
v0x55afaeb93590_3083 .array/port v0x55afaeb93590, 3083;
v0x55afaeb93590_3084 .array/port v0x55afaeb93590, 3084;
v0x55afaeb93590_3085 .array/port v0x55afaeb93590, 3085;
v0x55afaeb93590_3086 .array/port v0x55afaeb93590, 3086;
E_0x55afaeb77280/771 .event anyedge, v0x55afaeb93590_3083, v0x55afaeb93590_3084, v0x55afaeb93590_3085, v0x55afaeb93590_3086;
v0x55afaeb93590_3087 .array/port v0x55afaeb93590, 3087;
v0x55afaeb93590_3088 .array/port v0x55afaeb93590, 3088;
v0x55afaeb93590_3089 .array/port v0x55afaeb93590, 3089;
v0x55afaeb93590_3090 .array/port v0x55afaeb93590, 3090;
E_0x55afaeb77280/772 .event anyedge, v0x55afaeb93590_3087, v0x55afaeb93590_3088, v0x55afaeb93590_3089, v0x55afaeb93590_3090;
v0x55afaeb93590_3091 .array/port v0x55afaeb93590, 3091;
v0x55afaeb93590_3092 .array/port v0x55afaeb93590, 3092;
v0x55afaeb93590_3093 .array/port v0x55afaeb93590, 3093;
v0x55afaeb93590_3094 .array/port v0x55afaeb93590, 3094;
E_0x55afaeb77280/773 .event anyedge, v0x55afaeb93590_3091, v0x55afaeb93590_3092, v0x55afaeb93590_3093, v0x55afaeb93590_3094;
v0x55afaeb93590_3095 .array/port v0x55afaeb93590, 3095;
v0x55afaeb93590_3096 .array/port v0x55afaeb93590, 3096;
v0x55afaeb93590_3097 .array/port v0x55afaeb93590, 3097;
v0x55afaeb93590_3098 .array/port v0x55afaeb93590, 3098;
E_0x55afaeb77280/774 .event anyedge, v0x55afaeb93590_3095, v0x55afaeb93590_3096, v0x55afaeb93590_3097, v0x55afaeb93590_3098;
v0x55afaeb93590_3099 .array/port v0x55afaeb93590, 3099;
v0x55afaeb93590_3100 .array/port v0x55afaeb93590, 3100;
v0x55afaeb93590_3101 .array/port v0x55afaeb93590, 3101;
v0x55afaeb93590_3102 .array/port v0x55afaeb93590, 3102;
E_0x55afaeb77280/775 .event anyedge, v0x55afaeb93590_3099, v0x55afaeb93590_3100, v0x55afaeb93590_3101, v0x55afaeb93590_3102;
v0x55afaeb93590_3103 .array/port v0x55afaeb93590, 3103;
v0x55afaeb93590_3104 .array/port v0x55afaeb93590, 3104;
v0x55afaeb93590_3105 .array/port v0x55afaeb93590, 3105;
v0x55afaeb93590_3106 .array/port v0x55afaeb93590, 3106;
E_0x55afaeb77280/776 .event anyedge, v0x55afaeb93590_3103, v0x55afaeb93590_3104, v0x55afaeb93590_3105, v0x55afaeb93590_3106;
v0x55afaeb93590_3107 .array/port v0x55afaeb93590, 3107;
v0x55afaeb93590_3108 .array/port v0x55afaeb93590, 3108;
v0x55afaeb93590_3109 .array/port v0x55afaeb93590, 3109;
v0x55afaeb93590_3110 .array/port v0x55afaeb93590, 3110;
E_0x55afaeb77280/777 .event anyedge, v0x55afaeb93590_3107, v0x55afaeb93590_3108, v0x55afaeb93590_3109, v0x55afaeb93590_3110;
v0x55afaeb93590_3111 .array/port v0x55afaeb93590, 3111;
v0x55afaeb93590_3112 .array/port v0x55afaeb93590, 3112;
v0x55afaeb93590_3113 .array/port v0x55afaeb93590, 3113;
v0x55afaeb93590_3114 .array/port v0x55afaeb93590, 3114;
E_0x55afaeb77280/778 .event anyedge, v0x55afaeb93590_3111, v0x55afaeb93590_3112, v0x55afaeb93590_3113, v0x55afaeb93590_3114;
v0x55afaeb93590_3115 .array/port v0x55afaeb93590, 3115;
v0x55afaeb93590_3116 .array/port v0x55afaeb93590, 3116;
v0x55afaeb93590_3117 .array/port v0x55afaeb93590, 3117;
v0x55afaeb93590_3118 .array/port v0x55afaeb93590, 3118;
E_0x55afaeb77280/779 .event anyedge, v0x55afaeb93590_3115, v0x55afaeb93590_3116, v0x55afaeb93590_3117, v0x55afaeb93590_3118;
v0x55afaeb93590_3119 .array/port v0x55afaeb93590, 3119;
v0x55afaeb93590_3120 .array/port v0x55afaeb93590, 3120;
v0x55afaeb93590_3121 .array/port v0x55afaeb93590, 3121;
v0x55afaeb93590_3122 .array/port v0x55afaeb93590, 3122;
E_0x55afaeb77280/780 .event anyedge, v0x55afaeb93590_3119, v0x55afaeb93590_3120, v0x55afaeb93590_3121, v0x55afaeb93590_3122;
v0x55afaeb93590_3123 .array/port v0x55afaeb93590, 3123;
v0x55afaeb93590_3124 .array/port v0x55afaeb93590, 3124;
v0x55afaeb93590_3125 .array/port v0x55afaeb93590, 3125;
v0x55afaeb93590_3126 .array/port v0x55afaeb93590, 3126;
E_0x55afaeb77280/781 .event anyedge, v0x55afaeb93590_3123, v0x55afaeb93590_3124, v0x55afaeb93590_3125, v0x55afaeb93590_3126;
v0x55afaeb93590_3127 .array/port v0x55afaeb93590, 3127;
v0x55afaeb93590_3128 .array/port v0x55afaeb93590, 3128;
v0x55afaeb93590_3129 .array/port v0x55afaeb93590, 3129;
v0x55afaeb93590_3130 .array/port v0x55afaeb93590, 3130;
E_0x55afaeb77280/782 .event anyedge, v0x55afaeb93590_3127, v0x55afaeb93590_3128, v0x55afaeb93590_3129, v0x55afaeb93590_3130;
v0x55afaeb93590_3131 .array/port v0x55afaeb93590, 3131;
v0x55afaeb93590_3132 .array/port v0x55afaeb93590, 3132;
v0x55afaeb93590_3133 .array/port v0x55afaeb93590, 3133;
v0x55afaeb93590_3134 .array/port v0x55afaeb93590, 3134;
E_0x55afaeb77280/783 .event anyedge, v0x55afaeb93590_3131, v0x55afaeb93590_3132, v0x55afaeb93590_3133, v0x55afaeb93590_3134;
v0x55afaeb93590_3135 .array/port v0x55afaeb93590, 3135;
v0x55afaeb93590_3136 .array/port v0x55afaeb93590, 3136;
v0x55afaeb93590_3137 .array/port v0x55afaeb93590, 3137;
v0x55afaeb93590_3138 .array/port v0x55afaeb93590, 3138;
E_0x55afaeb77280/784 .event anyedge, v0x55afaeb93590_3135, v0x55afaeb93590_3136, v0x55afaeb93590_3137, v0x55afaeb93590_3138;
v0x55afaeb93590_3139 .array/port v0x55afaeb93590, 3139;
v0x55afaeb93590_3140 .array/port v0x55afaeb93590, 3140;
v0x55afaeb93590_3141 .array/port v0x55afaeb93590, 3141;
v0x55afaeb93590_3142 .array/port v0x55afaeb93590, 3142;
E_0x55afaeb77280/785 .event anyedge, v0x55afaeb93590_3139, v0x55afaeb93590_3140, v0x55afaeb93590_3141, v0x55afaeb93590_3142;
v0x55afaeb93590_3143 .array/port v0x55afaeb93590, 3143;
v0x55afaeb93590_3144 .array/port v0x55afaeb93590, 3144;
v0x55afaeb93590_3145 .array/port v0x55afaeb93590, 3145;
v0x55afaeb93590_3146 .array/port v0x55afaeb93590, 3146;
E_0x55afaeb77280/786 .event anyedge, v0x55afaeb93590_3143, v0x55afaeb93590_3144, v0x55afaeb93590_3145, v0x55afaeb93590_3146;
v0x55afaeb93590_3147 .array/port v0x55afaeb93590, 3147;
v0x55afaeb93590_3148 .array/port v0x55afaeb93590, 3148;
v0x55afaeb93590_3149 .array/port v0x55afaeb93590, 3149;
v0x55afaeb93590_3150 .array/port v0x55afaeb93590, 3150;
E_0x55afaeb77280/787 .event anyedge, v0x55afaeb93590_3147, v0x55afaeb93590_3148, v0x55afaeb93590_3149, v0x55afaeb93590_3150;
v0x55afaeb93590_3151 .array/port v0x55afaeb93590, 3151;
v0x55afaeb93590_3152 .array/port v0x55afaeb93590, 3152;
v0x55afaeb93590_3153 .array/port v0x55afaeb93590, 3153;
v0x55afaeb93590_3154 .array/port v0x55afaeb93590, 3154;
E_0x55afaeb77280/788 .event anyedge, v0x55afaeb93590_3151, v0x55afaeb93590_3152, v0x55afaeb93590_3153, v0x55afaeb93590_3154;
v0x55afaeb93590_3155 .array/port v0x55afaeb93590, 3155;
v0x55afaeb93590_3156 .array/port v0x55afaeb93590, 3156;
v0x55afaeb93590_3157 .array/port v0x55afaeb93590, 3157;
v0x55afaeb93590_3158 .array/port v0x55afaeb93590, 3158;
E_0x55afaeb77280/789 .event anyedge, v0x55afaeb93590_3155, v0x55afaeb93590_3156, v0x55afaeb93590_3157, v0x55afaeb93590_3158;
v0x55afaeb93590_3159 .array/port v0x55afaeb93590, 3159;
v0x55afaeb93590_3160 .array/port v0x55afaeb93590, 3160;
v0x55afaeb93590_3161 .array/port v0x55afaeb93590, 3161;
v0x55afaeb93590_3162 .array/port v0x55afaeb93590, 3162;
E_0x55afaeb77280/790 .event anyedge, v0x55afaeb93590_3159, v0x55afaeb93590_3160, v0x55afaeb93590_3161, v0x55afaeb93590_3162;
v0x55afaeb93590_3163 .array/port v0x55afaeb93590, 3163;
v0x55afaeb93590_3164 .array/port v0x55afaeb93590, 3164;
v0x55afaeb93590_3165 .array/port v0x55afaeb93590, 3165;
v0x55afaeb93590_3166 .array/port v0x55afaeb93590, 3166;
E_0x55afaeb77280/791 .event anyedge, v0x55afaeb93590_3163, v0x55afaeb93590_3164, v0x55afaeb93590_3165, v0x55afaeb93590_3166;
v0x55afaeb93590_3167 .array/port v0x55afaeb93590, 3167;
v0x55afaeb93590_3168 .array/port v0x55afaeb93590, 3168;
v0x55afaeb93590_3169 .array/port v0x55afaeb93590, 3169;
v0x55afaeb93590_3170 .array/port v0x55afaeb93590, 3170;
E_0x55afaeb77280/792 .event anyedge, v0x55afaeb93590_3167, v0x55afaeb93590_3168, v0x55afaeb93590_3169, v0x55afaeb93590_3170;
v0x55afaeb93590_3171 .array/port v0x55afaeb93590, 3171;
v0x55afaeb93590_3172 .array/port v0x55afaeb93590, 3172;
v0x55afaeb93590_3173 .array/port v0x55afaeb93590, 3173;
v0x55afaeb93590_3174 .array/port v0x55afaeb93590, 3174;
E_0x55afaeb77280/793 .event anyedge, v0x55afaeb93590_3171, v0x55afaeb93590_3172, v0x55afaeb93590_3173, v0x55afaeb93590_3174;
v0x55afaeb93590_3175 .array/port v0x55afaeb93590, 3175;
v0x55afaeb93590_3176 .array/port v0x55afaeb93590, 3176;
v0x55afaeb93590_3177 .array/port v0x55afaeb93590, 3177;
v0x55afaeb93590_3178 .array/port v0x55afaeb93590, 3178;
E_0x55afaeb77280/794 .event anyedge, v0x55afaeb93590_3175, v0x55afaeb93590_3176, v0x55afaeb93590_3177, v0x55afaeb93590_3178;
v0x55afaeb93590_3179 .array/port v0x55afaeb93590, 3179;
v0x55afaeb93590_3180 .array/port v0x55afaeb93590, 3180;
v0x55afaeb93590_3181 .array/port v0x55afaeb93590, 3181;
v0x55afaeb93590_3182 .array/port v0x55afaeb93590, 3182;
E_0x55afaeb77280/795 .event anyedge, v0x55afaeb93590_3179, v0x55afaeb93590_3180, v0x55afaeb93590_3181, v0x55afaeb93590_3182;
v0x55afaeb93590_3183 .array/port v0x55afaeb93590, 3183;
v0x55afaeb93590_3184 .array/port v0x55afaeb93590, 3184;
v0x55afaeb93590_3185 .array/port v0x55afaeb93590, 3185;
v0x55afaeb93590_3186 .array/port v0x55afaeb93590, 3186;
E_0x55afaeb77280/796 .event anyedge, v0x55afaeb93590_3183, v0x55afaeb93590_3184, v0x55afaeb93590_3185, v0x55afaeb93590_3186;
v0x55afaeb93590_3187 .array/port v0x55afaeb93590, 3187;
v0x55afaeb93590_3188 .array/port v0x55afaeb93590, 3188;
v0x55afaeb93590_3189 .array/port v0x55afaeb93590, 3189;
v0x55afaeb93590_3190 .array/port v0x55afaeb93590, 3190;
E_0x55afaeb77280/797 .event anyedge, v0x55afaeb93590_3187, v0x55afaeb93590_3188, v0x55afaeb93590_3189, v0x55afaeb93590_3190;
v0x55afaeb93590_3191 .array/port v0x55afaeb93590, 3191;
v0x55afaeb93590_3192 .array/port v0x55afaeb93590, 3192;
v0x55afaeb93590_3193 .array/port v0x55afaeb93590, 3193;
v0x55afaeb93590_3194 .array/port v0x55afaeb93590, 3194;
E_0x55afaeb77280/798 .event anyedge, v0x55afaeb93590_3191, v0x55afaeb93590_3192, v0x55afaeb93590_3193, v0x55afaeb93590_3194;
v0x55afaeb93590_3195 .array/port v0x55afaeb93590, 3195;
v0x55afaeb93590_3196 .array/port v0x55afaeb93590, 3196;
v0x55afaeb93590_3197 .array/port v0x55afaeb93590, 3197;
v0x55afaeb93590_3198 .array/port v0x55afaeb93590, 3198;
E_0x55afaeb77280/799 .event anyedge, v0x55afaeb93590_3195, v0x55afaeb93590_3196, v0x55afaeb93590_3197, v0x55afaeb93590_3198;
v0x55afaeb93590_3199 .array/port v0x55afaeb93590, 3199;
v0x55afaeb93590_3200 .array/port v0x55afaeb93590, 3200;
v0x55afaeb93590_3201 .array/port v0x55afaeb93590, 3201;
v0x55afaeb93590_3202 .array/port v0x55afaeb93590, 3202;
E_0x55afaeb77280/800 .event anyedge, v0x55afaeb93590_3199, v0x55afaeb93590_3200, v0x55afaeb93590_3201, v0x55afaeb93590_3202;
v0x55afaeb93590_3203 .array/port v0x55afaeb93590, 3203;
v0x55afaeb93590_3204 .array/port v0x55afaeb93590, 3204;
v0x55afaeb93590_3205 .array/port v0x55afaeb93590, 3205;
v0x55afaeb93590_3206 .array/port v0x55afaeb93590, 3206;
E_0x55afaeb77280/801 .event anyedge, v0x55afaeb93590_3203, v0x55afaeb93590_3204, v0x55afaeb93590_3205, v0x55afaeb93590_3206;
v0x55afaeb93590_3207 .array/port v0x55afaeb93590, 3207;
v0x55afaeb93590_3208 .array/port v0x55afaeb93590, 3208;
v0x55afaeb93590_3209 .array/port v0x55afaeb93590, 3209;
v0x55afaeb93590_3210 .array/port v0x55afaeb93590, 3210;
E_0x55afaeb77280/802 .event anyedge, v0x55afaeb93590_3207, v0x55afaeb93590_3208, v0x55afaeb93590_3209, v0x55afaeb93590_3210;
v0x55afaeb93590_3211 .array/port v0x55afaeb93590, 3211;
v0x55afaeb93590_3212 .array/port v0x55afaeb93590, 3212;
v0x55afaeb93590_3213 .array/port v0x55afaeb93590, 3213;
v0x55afaeb93590_3214 .array/port v0x55afaeb93590, 3214;
E_0x55afaeb77280/803 .event anyedge, v0x55afaeb93590_3211, v0x55afaeb93590_3212, v0x55afaeb93590_3213, v0x55afaeb93590_3214;
v0x55afaeb93590_3215 .array/port v0x55afaeb93590, 3215;
v0x55afaeb93590_3216 .array/port v0x55afaeb93590, 3216;
v0x55afaeb93590_3217 .array/port v0x55afaeb93590, 3217;
v0x55afaeb93590_3218 .array/port v0x55afaeb93590, 3218;
E_0x55afaeb77280/804 .event anyedge, v0x55afaeb93590_3215, v0x55afaeb93590_3216, v0x55afaeb93590_3217, v0x55afaeb93590_3218;
v0x55afaeb93590_3219 .array/port v0x55afaeb93590, 3219;
v0x55afaeb93590_3220 .array/port v0x55afaeb93590, 3220;
v0x55afaeb93590_3221 .array/port v0x55afaeb93590, 3221;
v0x55afaeb93590_3222 .array/port v0x55afaeb93590, 3222;
E_0x55afaeb77280/805 .event anyedge, v0x55afaeb93590_3219, v0x55afaeb93590_3220, v0x55afaeb93590_3221, v0x55afaeb93590_3222;
v0x55afaeb93590_3223 .array/port v0x55afaeb93590, 3223;
v0x55afaeb93590_3224 .array/port v0x55afaeb93590, 3224;
v0x55afaeb93590_3225 .array/port v0x55afaeb93590, 3225;
v0x55afaeb93590_3226 .array/port v0x55afaeb93590, 3226;
E_0x55afaeb77280/806 .event anyedge, v0x55afaeb93590_3223, v0x55afaeb93590_3224, v0x55afaeb93590_3225, v0x55afaeb93590_3226;
v0x55afaeb93590_3227 .array/port v0x55afaeb93590, 3227;
v0x55afaeb93590_3228 .array/port v0x55afaeb93590, 3228;
v0x55afaeb93590_3229 .array/port v0x55afaeb93590, 3229;
v0x55afaeb93590_3230 .array/port v0x55afaeb93590, 3230;
E_0x55afaeb77280/807 .event anyedge, v0x55afaeb93590_3227, v0x55afaeb93590_3228, v0x55afaeb93590_3229, v0x55afaeb93590_3230;
v0x55afaeb93590_3231 .array/port v0x55afaeb93590, 3231;
v0x55afaeb93590_3232 .array/port v0x55afaeb93590, 3232;
v0x55afaeb93590_3233 .array/port v0x55afaeb93590, 3233;
v0x55afaeb93590_3234 .array/port v0x55afaeb93590, 3234;
E_0x55afaeb77280/808 .event anyedge, v0x55afaeb93590_3231, v0x55afaeb93590_3232, v0x55afaeb93590_3233, v0x55afaeb93590_3234;
v0x55afaeb93590_3235 .array/port v0x55afaeb93590, 3235;
v0x55afaeb93590_3236 .array/port v0x55afaeb93590, 3236;
v0x55afaeb93590_3237 .array/port v0x55afaeb93590, 3237;
v0x55afaeb93590_3238 .array/port v0x55afaeb93590, 3238;
E_0x55afaeb77280/809 .event anyedge, v0x55afaeb93590_3235, v0x55afaeb93590_3236, v0x55afaeb93590_3237, v0x55afaeb93590_3238;
v0x55afaeb93590_3239 .array/port v0x55afaeb93590, 3239;
v0x55afaeb93590_3240 .array/port v0x55afaeb93590, 3240;
v0x55afaeb93590_3241 .array/port v0x55afaeb93590, 3241;
v0x55afaeb93590_3242 .array/port v0x55afaeb93590, 3242;
E_0x55afaeb77280/810 .event anyedge, v0x55afaeb93590_3239, v0x55afaeb93590_3240, v0x55afaeb93590_3241, v0x55afaeb93590_3242;
v0x55afaeb93590_3243 .array/port v0x55afaeb93590, 3243;
v0x55afaeb93590_3244 .array/port v0x55afaeb93590, 3244;
v0x55afaeb93590_3245 .array/port v0x55afaeb93590, 3245;
v0x55afaeb93590_3246 .array/port v0x55afaeb93590, 3246;
E_0x55afaeb77280/811 .event anyedge, v0x55afaeb93590_3243, v0x55afaeb93590_3244, v0x55afaeb93590_3245, v0x55afaeb93590_3246;
v0x55afaeb93590_3247 .array/port v0x55afaeb93590, 3247;
v0x55afaeb93590_3248 .array/port v0x55afaeb93590, 3248;
v0x55afaeb93590_3249 .array/port v0x55afaeb93590, 3249;
v0x55afaeb93590_3250 .array/port v0x55afaeb93590, 3250;
E_0x55afaeb77280/812 .event anyedge, v0x55afaeb93590_3247, v0x55afaeb93590_3248, v0x55afaeb93590_3249, v0x55afaeb93590_3250;
v0x55afaeb93590_3251 .array/port v0x55afaeb93590, 3251;
v0x55afaeb93590_3252 .array/port v0x55afaeb93590, 3252;
v0x55afaeb93590_3253 .array/port v0x55afaeb93590, 3253;
v0x55afaeb93590_3254 .array/port v0x55afaeb93590, 3254;
E_0x55afaeb77280/813 .event anyedge, v0x55afaeb93590_3251, v0x55afaeb93590_3252, v0x55afaeb93590_3253, v0x55afaeb93590_3254;
v0x55afaeb93590_3255 .array/port v0x55afaeb93590, 3255;
v0x55afaeb93590_3256 .array/port v0x55afaeb93590, 3256;
v0x55afaeb93590_3257 .array/port v0x55afaeb93590, 3257;
v0x55afaeb93590_3258 .array/port v0x55afaeb93590, 3258;
E_0x55afaeb77280/814 .event anyedge, v0x55afaeb93590_3255, v0x55afaeb93590_3256, v0x55afaeb93590_3257, v0x55afaeb93590_3258;
v0x55afaeb93590_3259 .array/port v0x55afaeb93590, 3259;
v0x55afaeb93590_3260 .array/port v0x55afaeb93590, 3260;
v0x55afaeb93590_3261 .array/port v0x55afaeb93590, 3261;
v0x55afaeb93590_3262 .array/port v0x55afaeb93590, 3262;
E_0x55afaeb77280/815 .event anyedge, v0x55afaeb93590_3259, v0x55afaeb93590_3260, v0x55afaeb93590_3261, v0x55afaeb93590_3262;
v0x55afaeb93590_3263 .array/port v0x55afaeb93590, 3263;
v0x55afaeb93590_3264 .array/port v0x55afaeb93590, 3264;
v0x55afaeb93590_3265 .array/port v0x55afaeb93590, 3265;
v0x55afaeb93590_3266 .array/port v0x55afaeb93590, 3266;
E_0x55afaeb77280/816 .event anyedge, v0x55afaeb93590_3263, v0x55afaeb93590_3264, v0x55afaeb93590_3265, v0x55afaeb93590_3266;
v0x55afaeb93590_3267 .array/port v0x55afaeb93590, 3267;
v0x55afaeb93590_3268 .array/port v0x55afaeb93590, 3268;
v0x55afaeb93590_3269 .array/port v0x55afaeb93590, 3269;
v0x55afaeb93590_3270 .array/port v0x55afaeb93590, 3270;
E_0x55afaeb77280/817 .event anyedge, v0x55afaeb93590_3267, v0x55afaeb93590_3268, v0x55afaeb93590_3269, v0x55afaeb93590_3270;
v0x55afaeb93590_3271 .array/port v0x55afaeb93590, 3271;
v0x55afaeb93590_3272 .array/port v0x55afaeb93590, 3272;
v0x55afaeb93590_3273 .array/port v0x55afaeb93590, 3273;
v0x55afaeb93590_3274 .array/port v0x55afaeb93590, 3274;
E_0x55afaeb77280/818 .event anyedge, v0x55afaeb93590_3271, v0x55afaeb93590_3272, v0x55afaeb93590_3273, v0x55afaeb93590_3274;
v0x55afaeb93590_3275 .array/port v0x55afaeb93590, 3275;
v0x55afaeb93590_3276 .array/port v0x55afaeb93590, 3276;
v0x55afaeb93590_3277 .array/port v0x55afaeb93590, 3277;
v0x55afaeb93590_3278 .array/port v0x55afaeb93590, 3278;
E_0x55afaeb77280/819 .event anyedge, v0x55afaeb93590_3275, v0x55afaeb93590_3276, v0x55afaeb93590_3277, v0x55afaeb93590_3278;
v0x55afaeb93590_3279 .array/port v0x55afaeb93590, 3279;
v0x55afaeb93590_3280 .array/port v0x55afaeb93590, 3280;
v0x55afaeb93590_3281 .array/port v0x55afaeb93590, 3281;
v0x55afaeb93590_3282 .array/port v0x55afaeb93590, 3282;
E_0x55afaeb77280/820 .event anyedge, v0x55afaeb93590_3279, v0x55afaeb93590_3280, v0x55afaeb93590_3281, v0x55afaeb93590_3282;
v0x55afaeb93590_3283 .array/port v0x55afaeb93590, 3283;
v0x55afaeb93590_3284 .array/port v0x55afaeb93590, 3284;
v0x55afaeb93590_3285 .array/port v0x55afaeb93590, 3285;
v0x55afaeb93590_3286 .array/port v0x55afaeb93590, 3286;
E_0x55afaeb77280/821 .event anyedge, v0x55afaeb93590_3283, v0x55afaeb93590_3284, v0x55afaeb93590_3285, v0x55afaeb93590_3286;
v0x55afaeb93590_3287 .array/port v0x55afaeb93590, 3287;
v0x55afaeb93590_3288 .array/port v0x55afaeb93590, 3288;
v0x55afaeb93590_3289 .array/port v0x55afaeb93590, 3289;
v0x55afaeb93590_3290 .array/port v0x55afaeb93590, 3290;
E_0x55afaeb77280/822 .event anyedge, v0x55afaeb93590_3287, v0x55afaeb93590_3288, v0x55afaeb93590_3289, v0x55afaeb93590_3290;
v0x55afaeb93590_3291 .array/port v0x55afaeb93590, 3291;
v0x55afaeb93590_3292 .array/port v0x55afaeb93590, 3292;
v0x55afaeb93590_3293 .array/port v0x55afaeb93590, 3293;
v0x55afaeb93590_3294 .array/port v0x55afaeb93590, 3294;
E_0x55afaeb77280/823 .event anyedge, v0x55afaeb93590_3291, v0x55afaeb93590_3292, v0x55afaeb93590_3293, v0x55afaeb93590_3294;
v0x55afaeb93590_3295 .array/port v0x55afaeb93590, 3295;
v0x55afaeb93590_3296 .array/port v0x55afaeb93590, 3296;
v0x55afaeb93590_3297 .array/port v0x55afaeb93590, 3297;
v0x55afaeb93590_3298 .array/port v0x55afaeb93590, 3298;
E_0x55afaeb77280/824 .event anyedge, v0x55afaeb93590_3295, v0x55afaeb93590_3296, v0x55afaeb93590_3297, v0x55afaeb93590_3298;
v0x55afaeb93590_3299 .array/port v0x55afaeb93590, 3299;
v0x55afaeb93590_3300 .array/port v0x55afaeb93590, 3300;
v0x55afaeb93590_3301 .array/port v0x55afaeb93590, 3301;
v0x55afaeb93590_3302 .array/port v0x55afaeb93590, 3302;
E_0x55afaeb77280/825 .event anyedge, v0x55afaeb93590_3299, v0x55afaeb93590_3300, v0x55afaeb93590_3301, v0x55afaeb93590_3302;
v0x55afaeb93590_3303 .array/port v0x55afaeb93590, 3303;
v0x55afaeb93590_3304 .array/port v0x55afaeb93590, 3304;
v0x55afaeb93590_3305 .array/port v0x55afaeb93590, 3305;
v0x55afaeb93590_3306 .array/port v0x55afaeb93590, 3306;
E_0x55afaeb77280/826 .event anyedge, v0x55afaeb93590_3303, v0x55afaeb93590_3304, v0x55afaeb93590_3305, v0x55afaeb93590_3306;
v0x55afaeb93590_3307 .array/port v0x55afaeb93590, 3307;
v0x55afaeb93590_3308 .array/port v0x55afaeb93590, 3308;
v0x55afaeb93590_3309 .array/port v0x55afaeb93590, 3309;
v0x55afaeb93590_3310 .array/port v0x55afaeb93590, 3310;
E_0x55afaeb77280/827 .event anyedge, v0x55afaeb93590_3307, v0x55afaeb93590_3308, v0x55afaeb93590_3309, v0x55afaeb93590_3310;
v0x55afaeb93590_3311 .array/port v0x55afaeb93590, 3311;
v0x55afaeb93590_3312 .array/port v0x55afaeb93590, 3312;
v0x55afaeb93590_3313 .array/port v0x55afaeb93590, 3313;
v0x55afaeb93590_3314 .array/port v0x55afaeb93590, 3314;
E_0x55afaeb77280/828 .event anyedge, v0x55afaeb93590_3311, v0x55afaeb93590_3312, v0x55afaeb93590_3313, v0x55afaeb93590_3314;
v0x55afaeb93590_3315 .array/port v0x55afaeb93590, 3315;
v0x55afaeb93590_3316 .array/port v0x55afaeb93590, 3316;
v0x55afaeb93590_3317 .array/port v0x55afaeb93590, 3317;
v0x55afaeb93590_3318 .array/port v0x55afaeb93590, 3318;
E_0x55afaeb77280/829 .event anyedge, v0x55afaeb93590_3315, v0x55afaeb93590_3316, v0x55afaeb93590_3317, v0x55afaeb93590_3318;
v0x55afaeb93590_3319 .array/port v0x55afaeb93590, 3319;
v0x55afaeb93590_3320 .array/port v0x55afaeb93590, 3320;
v0x55afaeb93590_3321 .array/port v0x55afaeb93590, 3321;
v0x55afaeb93590_3322 .array/port v0x55afaeb93590, 3322;
E_0x55afaeb77280/830 .event anyedge, v0x55afaeb93590_3319, v0x55afaeb93590_3320, v0x55afaeb93590_3321, v0x55afaeb93590_3322;
v0x55afaeb93590_3323 .array/port v0x55afaeb93590, 3323;
v0x55afaeb93590_3324 .array/port v0x55afaeb93590, 3324;
v0x55afaeb93590_3325 .array/port v0x55afaeb93590, 3325;
v0x55afaeb93590_3326 .array/port v0x55afaeb93590, 3326;
E_0x55afaeb77280/831 .event anyedge, v0x55afaeb93590_3323, v0x55afaeb93590_3324, v0x55afaeb93590_3325, v0x55afaeb93590_3326;
v0x55afaeb93590_3327 .array/port v0x55afaeb93590, 3327;
v0x55afaeb93590_3328 .array/port v0x55afaeb93590, 3328;
v0x55afaeb93590_3329 .array/port v0x55afaeb93590, 3329;
v0x55afaeb93590_3330 .array/port v0x55afaeb93590, 3330;
E_0x55afaeb77280/832 .event anyedge, v0x55afaeb93590_3327, v0x55afaeb93590_3328, v0x55afaeb93590_3329, v0x55afaeb93590_3330;
v0x55afaeb93590_3331 .array/port v0x55afaeb93590, 3331;
v0x55afaeb93590_3332 .array/port v0x55afaeb93590, 3332;
v0x55afaeb93590_3333 .array/port v0x55afaeb93590, 3333;
v0x55afaeb93590_3334 .array/port v0x55afaeb93590, 3334;
E_0x55afaeb77280/833 .event anyedge, v0x55afaeb93590_3331, v0x55afaeb93590_3332, v0x55afaeb93590_3333, v0x55afaeb93590_3334;
v0x55afaeb93590_3335 .array/port v0x55afaeb93590, 3335;
v0x55afaeb93590_3336 .array/port v0x55afaeb93590, 3336;
v0x55afaeb93590_3337 .array/port v0x55afaeb93590, 3337;
v0x55afaeb93590_3338 .array/port v0x55afaeb93590, 3338;
E_0x55afaeb77280/834 .event anyedge, v0x55afaeb93590_3335, v0x55afaeb93590_3336, v0x55afaeb93590_3337, v0x55afaeb93590_3338;
v0x55afaeb93590_3339 .array/port v0x55afaeb93590, 3339;
v0x55afaeb93590_3340 .array/port v0x55afaeb93590, 3340;
v0x55afaeb93590_3341 .array/port v0x55afaeb93590, 3341;
v0x55afaeb93590_3342 .array/port v0x55afaeb93590, 3342;
E_0x55afaeb77280/835 .event anyedge, v0x55afaeb93590_3339, v0x55afaeb93590_3340, v0x55afaeb93590_3341, v0x55afaeb93590_3342;
v0x55afaeb93590_3343 .array/port v0x55afaeb93590, 3343;
v0x55afaeb93590_3344 .array/port v0x55afaeb93590, 3344;
v0x55afaeb93590_3345 .array/port v0x55afaeb93590, 3345;
v0x55afaeb93590_3346 .array/port v0x55afaeb93590, 3346;
E_0x55afaeb77280/836 .event anyedge, v0x55afaeb93590_3343, v0x55afaeb93590_3344, v0x55afaeb93590_3345, v0x55afaeb93590_3346;
v0x55afaeb93590_3347 .array/port v0x55afaeb93590, 3347;
v0x55afaeb93590_3348 .array/port v0x55afaeb93590, 3348;
v0x55afaeb93590_3349 .array/port v0x55afaeb93590, 3349;
v0x55afaeb93590_3350 .array/port v0x55afaeb93590, 3350;
E_0x55afaeb77280/837 .event anyedge, v0x55afaeb93590_3347, v0x55afaeb93590_3348, v0x55afaeb93590_3349, v0x55afaeb93590_3350;
v0x55afaeb93590_3351 .array/port v0x55afaeb93590, 3351;
v0x55afaeb93590_3352 .array/port v0x55afaeb93590, 3352;
v0x55afaeb93590_3353 .array/port v0x55afaeb93590, 3353;
v0x55afaeb93590_3354 .array/port v0x55afaeb93590, 3354;
E_0x55afaeb77280/838 .event anyedge, v0x55afaeb93590_3351, v0x55afaeb93590_3352, v0x55afaeb93590_3353, v0x55afaeb93590_3354;
v0x55afaeb93590_3355 .array/port v0x55afaeb93590, 3355;
v0x55afaeb93590_3356 .array/port v0x55afaeb93590, 3356;
v0x55afaeb93590_3357 .array/port v0x55afaeb93590, 3357;
v0x55afaeb93590_3358 .array/port v0x55afaeb93590, 3358;
E_0x55afaeb77280/839 .event anyedge, v0x55afaeb93590_3355, v0x55afaeb93590_3356, v0x55afaeb93590_3357, v0x55afaeb93590_3358;
v0x55afaeb93590_3359 .array/port v0x55afaeb93590, 3359;
v0x55afaeb93590_3360 .array/port v0x55afaeb93590, 3360;
v0x55afaeb93590_3361 .array/port v0x55afaeb93590, 3361;
v0x55afaeb93590_3362 .array/port v0x55afaeb93590, 3362;
E_0x55afaeb77280/840 .event anyedge, v0x55afaeb93590_3359, v0x55afaeb93590_3360, v0x55afaeb93590_3361, v0x55afaeb93590_3362;
v0x55afaeb93590_3363 .array/port v0x55afaeb93590, 3363;
v0x55afaeb93590_3364 .array/port v0x55afaeb93590, 3364;
v0x55afaeb93590_3365 .array/port v0x55afaeb93590, 3365;
v0x55afaeb93590_3366 .array/port v0x55afaeb93590, 3366;
E_0x55afaeb77280/841 .event anyedge, v0x55afaeb93590_3363, v0x55afaeb93590_3364, v0x55afaeb93590_3365, v0x55afaeb93590_3366;
v0x55afaeb93590_3367 .array/port v0x55afaeb93590, 3367;
v0x55afaeb93590_3368 .array/port v0x55afaeb93590, 3368;
v0x55afaeb93590_3369 .array/port v0x55afaeb93590, 3369;
v0x55afaeb93590_3370 .array/port v0x55afaeb93590, 3370;
E_0x55afaeb77280/842 .event anyedge, v0x55afaeb93590_3367, v0x55afaeb93590_3368, v0x55afaeb93590_3369, v0x55afaeb93590_3370;
v0x55afaeb93590_3371 .array/port v0x55afaeb93590, 3371;
v0x55afaeb93590_3372 .array/port v0x55afaeb93590, 3372;
v0x55afaeb93590_3373 .array/port v0x55afaeb93590, 3373;
v0x55afaeb93590_3374 .array/port v0x55afaeb93590, 3374;
E_0x55afaeb77280/843 .event anyedge, v0x55afaeb93590_3371, v0x55afaeb93590_3372, v0x55afaeb93590_3373, v0x55afaeb93590_3374;
v0x55afaeb93590_3375 .array/port v0x55afaeb93590, 3375;
v0x55afaeb93590_3376 .array/port v0x55afaeb93590, 3376;
v0x55afaeb93590_3377 .array/port v0x55afaeb93590, 3377;
v0x55afaeb93590_3378 .array/port v0x55afaeb93590, 3378;
E_0x55afaeb77280/844 .event anyedge, v0x55afaeb93590_3375, v0x55afaeb93590_3376, v0x55afaeb93590_3377, v0x55afaeb93590_3378;
v0x55afaeb93590_3379 .array/port v0x55afaeb93590, 3379;
v0x55afaeb93590_3380 .array/port v0x55afaeb93590, 3380;
v0x55afaeb93590_3381 .array/port v0x55afaeb93590, 3381;
v0x55afaeb93590_3382 .array/port v0x55afaeb93590, 3382;
E_0x55afaeb77280/845 .event anyedge, v0x55afaeb93590_3379, v0x55afaeb93590_3380, v0x55afaeb93590_3381, v0x55afaeb93590_3382;
v0x55afaeb93590_3383 .array/port v0x55afaeb93590, 3383;
v0x55afaeb93590_3384 .array/port v0x55afaeb93590, 3384;
v0x55afaeb93590_3385 .array/port v0x55afaeb93590, 3385;
v0x55afaeb93590_3386 .array/port v0x55afaeb93590, 3386;
E_0x55afaeb77280/846 .event anyedge, v0x55afaeb93590_3383, v0x55afaeb93590_3384, v0x55afaeb93590_3385, v0x55afaeb93590_3386;
v0x55afaeb93590_3387 .array/port v0x55afaeb93590, 3387;
v0x55afaeb93590_3388 .array/port v0x55afaeb93590, 3388;
v0x55afaeb93590_3389 .array/port v0x55afaeb93590, 3389;
v0x55afaeb93590_3390 .array/port v0x55afaeb93590, 3390;
E_0x55afaeb77280/847 .event anyedge, v0x55afaeb93590_3387, v0x55afaeb93590_3388, v0x55afaeb93590_3389, v0x55afaeb93590_3390;
v0x55afaeb93590_3391 .array/port v0x55afaeb93590, 3391;
v0x55afaeb93590_3392 .array/port v0x55afaeb93590, 3392;
v0x55afaeb93590_3393 .array/port v0x55afaeb93590, 3393;
v0x55afaeb93590_3394 .array/port v0x55afaeb93590, 3394;
E_0x55afaeb77280/848 .event anyedge, v0x55afaeb93590_3391, v0x55afaeb93590_3392, v0x55afaeb93590_3393, v0x55afaeb93590_3394;
v0x55afaeb93590_3395 .array/port v0x55afaeb93590, 3395;
v0x55afaeb93590_3396 .array/port v0x55afaeb93590, 3396;
v0x55afaeb93590_3397 .array/port v0x55afaeb93590, 3397;
v0x55afaeb93590_3398 .array/port v0x55afaeb93590, 3398;
E_0x55afaeb77280/849 .event anyedge, v0x55afaeb93590_3395, v0x55afaeb93590_3396, v0x55afaeb93590_3397, v0x55afaeb93590_3398;
v0x55afaeb93590_3399 .array/port v0x55afaeb93590, 3399;
v0x55afaeb93590_3400 .array/port v0x55afaeb93590, 3400;
v0x55afaeb93590_3401 .array/port v0x55afaeb93590, 3401;
v0x55afaeb93590_3402 .array/port v0x55afaeb93590, 3402;
E_0x55afaeb77280/850 .event anyedge, v0x55afaeb93590_3399, v0x55afaeb93590_3400, v0x55afaeb93590_3401, v0x55afaeb93590_3402;
v0x55afaeb93590_3403 .array/port v0x55afaeb93590, 3403;
v0x55afaeb93590_3404 .array/port v0x55afaeb93590, 3404;
v0x55afaeb93590_3405 .array/port v0x55afaeb93590, 3405;
v0x55afaeb93590_3406 .array/port v0x55afaeb93590, 3406;
E_0x55afaeb77280/851 .event anyedge, v0x55afaeb93590_3403, v0x55afaeb93590_3404, v0x55afaeb93590_3405, v0x55afaeb93590_3406;
v0x55afaeb93590_3407 .array/port v0x55afaeb93590, 3407;
v0x55afaeb93590_3408 .array/port v0x55afaeb93590, 3408;
v0x55afaeb93590_3409 .array/port v0x55afaeb93590, 3409;
v0x55afaeb93590_3410 .array/port v0x55afaeb93590, 3410;
E_0x55afaeb77280/852 .event anyedge, v0x55afaeb93590_3407, v0x55afaeb93590_3408, v0x55afaeb93590_3409, v0x55afaeb93590_3410;
v0x55afaeb93590_3411 .array/port v0x55afaeb93590, 3411;
v0x55afaeb93590_3412 .array/port v0x55afaeb93590, 3412;
v0x55afaeb93590_3413 .array/port v0x55afaeb93590, 3413;
v0x55afaeb93590_3414 .array/port v0x55afaeb93590, 3414;
E_0x55afaeb77280/853 .event anyedge, v0x55afaeb93590_3411, v0x55afaeb93590_3412, v0x55afaeb93590_3413, v0x55afaeb93590_3414;
v0x55afaeb93590_3415 .array/port v0x55afaeb93590, 3415;
v0x55afaeb93590_3416 .array/port v0x55afaeb93590, 3416;
v0x55afaeb93590_3417 .array/port v0x55afaeb93590, 3417;
v0x55afaeb93590_3418 .array/port v0x55afaeb93590, 3418;
E_0x55afaeb77280/854 .event anyedge, v0x55afaeb93590_3415, v0x55afaeb93590_3416, v0x55afaeb93590_3417, v0x55afaeb93590_3418;
v0x55afaeb93590_3419 .array/port v0x55afaeb93590, 3419;
v0x55afaeb93590_3420 .array/port v0x55afaeb93590, 3420;
v0x55afaeb93590_3421 .array/port v0x55afaeb93590, 3421;
v0x55afaeb93590_3422 .array/port v0x55afaeb93590, 3422;
E_0x55afaeb77280/855 .event anyedge, v0x55afaeb93590_3419, v0x55afaeb93590_3420, v0x55afaeb93590_3421, v0x55afaeb93590_3422;
v0x55afaeb93590_3423 .array/port v0x55afaeb93590, 3423;
v0x55afaeb93590_3424 .array/port v0x55afaeb93590, 3424;
v0x55afaeb93590_3425 .array/port v0x55afaeb93590, 3425;
v0x55afaeb93590_3426 .array/port v0x55afaeb93590, 3426;
E_0x55afaeb77280/856 .event anyedge, v0x55afaeb93590_3423, v0x55afaeb93590_3424, v0x55afaeb93590_3425, v0x55afaeb93590_3426;
v0x55afaeb93590_3427 .array/port v0x55afaeb93590, 3427;
v0x55afaeb93590_3428 .array/port v0x55afaeb93590, 3428;
v0x55afaeb93590_3429 .array/port v0x55afaeb93590, 3429;
v0x55afaeb93590_3430 .array/port v0x55afaeb93590, 3430;
E_0x55afaeb77280/857 .event anyedge, v0x55afaeb93590_3427, v0x55afaeb93590_3428, v0x55afaeb93590_3429, v0x55afaeb93590_3430;
v0x55afaeb93590_3431 .array/port v0x55afaeb93590, 3431;
v0x55afaeb93590_3432 .array/port v0x55afaeb93590, 3432;
v0x55afaeb93590_3433 .array/port v0x55afaeb93590, 3433;
v0x55afaeb93590_3434 .array/port v0x55afaeb93590, 3434;
E_0x55afaeb77280/858 .event anyedge, v0x55afaeb93590_3431, v0x55afaeb93590_3432, v0x55afaeb93590_3433, v0x55afaeb93590_3434;
v0x55afaeb93590_3435 .array/port v0x55afaeb93590, 3435;
v0x55afaeb93590_3436 .array/port v0x55afaeb93590, 3436;
v0x55afaeb93590_3437 .array/port v0x55afaeb93590, 3437;
v0x55afaeb93590_3438 .array/port v0x55afaeb93590, 3438;
E_0x55afaeb77280/859 .event anyedge, v0x55afaeb93590_3435, v0x55afaeb93590_3436, v0x55afaeb93590_3437, v0x55afaeb93590_3438;
v0x55afaeb93590_3439 .array/port v0x55afaeb93590, 3439;
v0x55afaeb93590_3440 .array/port v0x55afaeb93590, 3440;
v0x55afaeb93590_3441 .array/port v0x55afaeb93590, 3441;
v0x55afaeb93590_3442 .array/port v0x55afaeb93590, 3442;
E_0x55afaeb77280/860 .event anyedge, v0x55afaeb93590_3439, v0x55afaeb93590_3440, v0x55afaeb93590_3441, v0x55afaeb93590_3442;
v0x55afaeb93590_3443 .array/port v0x55afaeb93590, 3443;
v0x55afaeb93590_3444 .array/port v0x55afaeb93590, 3444;
v0x55afaeb93590_3445 .array/port v0x55afaeb93590, 3445;
v0x55afaeb93590_3446 .array/port v0x55afaeb93590, 3446;
E_0x55afaeb77280/861 .event anyedge, v0x55afaeb93590_3443, v0x55afaeb93590_3444, v0x55afaeb93590_3445, v0x55afaeb93590_3446;
v0x55afaeb93590_3447 .array/port v0x55afaeb93590, 3447;
v0x55afaeb93590_3448 .array/port v0x55afaeb93590, 3448;
v0x55afaeb93590_3449 .array/port v0x55afaeb93590, 3449;
v0x55afaeb93590_3450 .array/port v0x55afaeb93590, 3450;
E_0x55afaeb77280/862 .event anyedge, v0x55afaeb93590_3447, v0x55afaeb93590_3448, v0x55afaeb93590_3449, v0x55afaeb93590_3450;
v0x55afaeb93590_3451 .array/port v0x55afaeb93590, 3451;
v0x55afaeb93590_3452 .array/port v0x55afaeb93590, 3452;
v0x55afaeb93590_3453 .array/port v0x55afaeb93590, 3453;
v0x55afaeb93590_3454 .array/port v0x55afaeb93590, 3454;
E_0x55afaeb77280/863 .event anyedge, v0x55afaeb93590_3451, v0x55afaeb93590_3452, v0x55afaeb93590_3453, v0x55afaeb93590_3454;
v0x55afaeb93590_3455 .array/port v0x55afaeb93590, 3455;
v0x55afaeb93590_3456 .array/port v0x55afaeb93590, 3456;
v0x55afaeb93590_3457 .array/port v0x55afaeb93590, 3457;
v0x55afaeb93590_3458 .array/port v0x55afaeb93590, 3458;
E_0x55afaeb77280/864 .event anyedge, v0x55afaeb93590_3455, v0x55afaeb93590_3456, v0x55afaeb93590_3457, v0x55afaeb93590_3458;
v0x55afaeb93590_3459 .array/port v0x55afaeb93590, 3459;
v0x55afaeb93590_3460 .array/port v0x55afaeb93590, 3460;
v0x55afaeb93590_3461 .array/port v0x55afaeb93590, 3461;
v0x55afaeb93590_3462 .array/port v0x55afaeb93590, 3462;
E_0x55afaeb77280/865 .event anyedge, v0x55afaeb93590_3459, v0x55afaeb93590_3460, v0x55afaeb93590_3461, v0x55afaeb93590_3462;
v0x55afaeb93590_3463 .array/port v0x55afaeb93590, 3463;
v0x55afaeb93590_3464 .array/port v0x55afaeb93590, 3464;
v0x55afaeb93590_3465 .array/port v0x55afaeb93590, 3465;
v0x55afaeb93590_3466 .array/port v0x55afaeb93590, 3466;
E_0x55afaeb77280/866 .event anyedge, v0x55afaeb93590_3463, v0x55afaeb93590_3464, v0x55afaeb93590_3465, v0x55afaeb93590_3466;
v0x55afaeb93590_3467 .array/port v0x55afaeb93590, 3467;
v0x55afaeb93590_3468 .array/port v0x55afaeb93590, 3468;
v0x55afaeb93590_3469 .array/port v0x55afaeb93590, 3469;
v0x55afaeb93590_3470 .array/port v0x55afaeb93590, 3470;
E_0x55afaeb77280/867 .event anyedge, v0x55afaeb93590_3467, v0x55afaeb93590_3468, v0x55afaeb93590_3469, v0x55afaeb93590_3470;
v0x55afaeb93590_3471 .array/port v0x55afaeb93590, 3471;
v0x55afaeb93590_3472 .array/port v0x55afaeb93590, 3472;
v0x55afaeb93590_3473 .array/port v0x55afaeb93590, 3473;
v0x55afaeb93590_3474 .array/port v0x55afaeb93590, 3474;
E_0x55afaeb77280/868 .event anyedge, v0x55afaeb93590_3471, v0x55afaeb93590_3472, v0x55afaeb93590_3473, v0x55afaeb93590_3474;
v0x55afaeb93590_3475 .array/port v0x55afaeb93590, 3475;
v0x55afaeb93590_3476 .array/port v0x55afaeb93590, 3476;
v0x55afaeb93590_3477 .array/port v0x55afaeb93590, 3477;
v0x55afaeb93590_3478 .array/port v0x55afaeb93590, 3478;
E_0x55afaeb77280/869 .event anyedge, v0x55afaeb93590_3475, v0x55afaeb93590_3476, v0x55afaeb93590_3477, v0x55afaeb93590_3478;
v0x55afaeb93590_3479 .array/port v0x55afaeb93590, 3479;
v0x55afaeb93590_3480 .array/port v0x55afaeb93590, 3480;
v0x55afaeb93590_3481 .array/port v0x55afaeb93590, 3481;
v0x55afaeb93590_3482 .array/port v0x55afaeb93590, 3482;
E_0x55afaeb77280/870 .event anyedge, v0x55afaeb93590_3479, v0x55afaeb93590_3480, v0x55afaeb93590_3481, v0x55afaeb93590_3482;
v0x55afaeb93590_3483 .array/port v0x55afaeb93590, 3483;
v0x55afaeb93590_3484 .array/port v0x55afaeb93590, 3484;
v0x55afaeb93590_3485 .array/port v0x55afaeb93590, 3485;
v0x55afaeb93590_3486 .array/port v0x55afaeb93590, 3486;
E_0x55afaeb77280/871 .event anyedge, v0x55afaeb93590_3483, v0x55afaeb93590_3484, v0x55afaeb93590_3485, v0x55afaeb93590_3486;
v0x55afaeb93590_3487 .array/port v0x55afaeb93590, 3487;
v0x55afaeb93590_3488 .array/port v0x55afaeb93590, 3488;
v0x55afaeb93590_3489 .array/port v0x55afaeb93590, 3489;
v0x55afaeb93590_3490 .array/port v0x55afaeb93590, 3490;
E_0x55afaeb77280/872 .event anyedge, v0x55afaeb93590_3487, v0x55afaeb93590_3488, v0x55afaeb93590_3489, v0x55afaeb93590_3490;
v0x55afaeb93590_3491 .array/port v0x55afaeb93590, 3491;
v0x55afaeb93590_3492 .array/port v0x55afaeb93590, 3492;
v0x55afaeb93590_3493 .array/port v0x55afaeb93590, 3493;
v0x55afaeb93590_3494 .array/port v0x55afaeb93590, 3494;
E_0x55afaeb77280/873 .event anyedge, v0x55afaeb93590_3491, v0x55afaeb93590_3492, v0x55afaeb93590_3493, v0x55afaeb93590_3494;
v0x55afaeb93590_3495 .array/port v0x55afaeb93590, 3495;
v0x55afaeb93590_3496 .array/port v0x55afaeb93590, 3496;
v0x55afaeb93590_3497 .array/port v0x55afaeb93590, 3497;
v0x55afaeb93590_3498 .array/port v0x55afaeb93590, 3498;
E_0x55afaeb77280/874 .event anyedge, v0x55afaeb93590_3495, v0x55afaeb93590_3496, v0x55afaeb93590_3497, v0x55afaeb93590_3498;
v0x55afaeb93590_3499 .array/port v0x55afaeb93590, 3499;
v0x55afaeb93590_3500 .array/port v0x55afaeb93590, 3500;
v0x55afaeb93590_3501 .array/port v0x55afaeb93590, 3501;
v0x55afaeb93590_3502 .array/port v0x55afaeb93590, 3502;
E_0x55afaeb77280/875 .event anyedge, v0x55afaeb93590_3499, v0x55afaeb93590_3500, v0x55afaeb93590_3501, v0x55afaeb93590_3502;
v0x55afaeb93590_3503 .array/port v0x55afaeb93590, 3503;
v0x55afaeb93590_3504 .array/port v0x55afaeb93590, 3504;
v0x55afaeb93590_3505 .array/port v0x55afaeb93590, 3505;
v0x55afaeb93590_3506 .array/port v0x55afaeb93590, 3506;
E_0x55afaeb77280/876 .event anyedge, v0x55afaeb93590_3503, v0x55afaeb93590_3504, v0x55afaeb93590_3505, v0x55afaeb93590_3506;
v0x55afaeb93590_3507 .array/port v0x55afaeb93590, 3507;
v0x55afaeb93590_3508 .array/port v0x55afaeb93590, 3508;
v0x55afaeb93590_3509 .array/port v0x55afaeb93590, 3509;
v0x55afaeb93590_3510 .array/port v0x55afaeb93590, 3510;
E_0x55afaeb77280/877 .event anyedge, v0x55afaeb93590_3507, v0x55afaeb93590_3508, v0x55afaeb93590_3509, v0x55afaeb93590_3510;
v0x55afaeb93590_3511 .array/port v0x55afaeb93590, 3511;
v0x55afaeb93590_3512 .array/port v0x55afaeb93590, 3512;
v0x55afaeb93590_3513 .array/port v0x55afaeb93590, 3513;
v0x55afaeb93590_3514 .array/port v0x55afaeb93590, 3514;
E_0x55afaeb77280/878 .event anyedge, v0x55afaeb93590_3511, v0x55afaeb93590_3512, v0x55afaeb93590_3513, v0x55afaeb93590_3514;
v0x55afaeb93590_3515 .array/port v0x55afaeb93590, 3515;
v0x55afaeb93590_3516 .array/port v0x55afaeb93590, 3516;
v0x55afaeb93590_3517 .array/port v0x55afaeb93590, 3517;
v0x55afaeb93590_3518 .array/port v0x55afaeb93590, 3518;
E_0x55afaeb77280/879 .event anyedge, v0x55afaeb93590_3515, v0x55afaeb93590_3516, v0x55afaeb93590_3517, v0x55afaeb93590_3518;
v0x55afaeb93590_3519 .array/port v0x55afaeb93590, 3519;
v0x55afaeb93590_3520 .array/port v0x55afaeb93590, 3520;
v0x55afaeb93590_3521 .array/port v0x55afaeb93590, 3521;
v0x55afaeb93590_3522 .array/port v0x55afaeb93590, 3522;
E_0x55afaeb77280/880 .event anyedge, v0x55afaeb93590_3519, v0x55afaeb93590_3520, v0x55afaeb93590_3521, v0x55afaeb93590_3522;
v0x55afaeb93590_3523 .array/port v0x55afaeb93590, 3523;
v0x55afaeb93590_3524 .array/port v0x55afaeb93590, 3524;
v0x55afaeb93590_3525 .array/port v0x55afaeb93590, 3525;
v0x55afaeb93590_3526 .array/port v0x55afaeb93590, 3526;
E_0x55afaeb77280/881 .event anyedge, v0x55afaeb93590_3523, v0x55afaeb93590_3524, v0x55afaeb93590_3525, v0x55afaeb93590_3526;
v0x55afaeb93590_3527 .array/port v0x55afaeb93590, 3527;
v0x55afaeb93590_3528 .array/port v0x55afaeb93590, 3528;
v0x55afaeb93590_3529 .array/port v0x55afaeb93590, 3529;
v0x55afaeb93590_3530 .array/port v0x55afaeb93590, 3530;
E_0x55afaeb77280/882 .event anyedge, v0x55afaeb93590_3527, v0x55afaeb93590_3528, v0x55afaeb93590_3529, v0x55afaeb93590_3530;
v0x55afaeb93590_3531 .array/port v0x55afaeb93590, 3531;
v0x55afaeb93590_3532 .array/port v0x55afaeb93590, 3532;
v0x55afaeb93590_3533 .array/port v0x55afaeb93590, 3533;
v0x55afaeb93590_3534 .array/port v0x55afaeb93590, 3534;
E_0x55afaeb77280/883 .event anyedge, v0x55afaeb93590_3531, v0x55afaeb93590_3532, v0x55afaeb93590_3533, v0x55afaeb93590_3534;
v0x55afaeb93590_3535 .array/port v0x55afaeb93590, 3535;
v0x55afaeb93590_3536 .array/port v0x55afaeb93590, 3536;
v0x55afaeb93590_3537 .array/port v0x55afaeb93590, 3537;
v0x55afaeb93590_3538 .array/port v0x55afaeb93590, 3538;
E_0x55afaeb77280/884 .event anyedge, v0x55afaeb93590_3535, v0x55afaeb93590_3536, v0x55afaeb93590_3537, v0x55afaeb93590_3538;
v0x55afaeb93590_3539 .array/port v0x55afaeb93590, 3539;
v0x55afaeb93590_3540 .array/port v0x55afaeb93590, 3540;
v0x55afaeb93590_3541 .array/port v0x55afaeb93590, 3541;
v0x55afaeb93590_3542 .array/port v0x55afaeb93590, 3542;
E_0x55afaeb77280/885 .event anyedge, v0x55afaeb93590_3539, v0x55afaeb93590_3540, v0x55afaeb93590_3541, v0x55afaeb93590_3542;
v0x55afaeb93590_3543 .array/port v0x55afaeb93590, 3543;
v0x55afaeb93590_3544 .array/port v0x55afaeb93590, 3544;
v0x55afaeb93590_3545 .array/port v0x55afaeb93590, 3545;
v0x55afaeb93590_3546 .array/port v0x55afaeb93590, 3546;
E_0x55afaeb77280/886 .event anyedge, v0x55afaeb93590_3543, v0x55afaeb93590_3544, v0x55afaeb93590_3545, v0x55afaeb93590_3546;
v0x55afaeb93590_3547 .array/port v0x55afaeb93590, 3547;
v0x55afaeb93590_3548 .array/port v0x55afaeb93590, 3548;
v0x55afaeb93590_3549 .array/port v0x55afaeb93590, 3549;
v0x55afaeb93590_3550 .array/port v0x55afaeb93590, 3550;
E_0x55afaeb77280/887 .event anyedge, v0x55afaeb93590_3547, v0x55afaeb93590_3548, v0x55afaeb93590_3549, v0x55afaeb93590_3550;
v0x55afaeb93590_3551 .array/port v0x55afaeb93590, 3551;
v0x55afaeb93590_3552 .array/port v0x55afaeb93590, 3552;
v0x55afaeb93590_3553 .array/port v0x55afaeb93590, 3553;
v0x55afaeb93590_3554 .array/port v0x55afaeb93590, 3554;
E_0x55afaeb77280/888 .event anyedge, v0x55afaeb93590_3551, v0x55afaeb93590_3552, v0x55afaeb93590_3553, v0x55afaeb93590_3554;
v0x55afaeb93590_3555 .array/port v0x55afaeb93590, 3555;
v0x55afaeb93590_3556 .array/port v0x55afaeb93590, 3556;
v0x55afaeb93590_3557 .array/port v0x55afaeb93590, 3557;
v0x55afaeb93590_3558 .array/port v0x55afaeb93590, 3558;
E_0x55afaeb77280/889 .event anyedge, v0x55afaeb93590_3555, v0x55afaeb93590_3556, v0x55afaeb93590_3557, v0x55afaeb93590_3558;
v0x55afaeb93590_3559 .array/port v0x55afaeb93590, 3559;
v0x55afaeb93590_3560 .array/port v0x55afaeb93590, 3560;
v0x55afaeb93590_3561 .array/port v0x55afaeb93590, 3561;
v0x55afaeb93590_3562 .array/port v0x55afaeb93590, 3562;
E_0x55afaeb77280/890 .event anyedge, v0x55afaeb93590_3559, v0x55afaeb93590_3560, v0x55afaeb93590_3561, v0x55afaeb93590_3562;
v0x55afaeb93590_3563 .array/port v0x55afaeb93590, 3563;
v0x55afaeb93590_3564 .array/port v0x55afaeb93590, 3564;
v0x55afaeb93590_3565 .array/port v0x55afaeb93590, 3565;
v0x55afaeb93590_3566 .array/port v0x55afaeb93590, 3566;
E_0x55afaeb77280/891 .event anyedge, v0x55afaeb93590_3563, v0x55afaeb93590_3564, v0x55afaeb93590_3565, v0x55afaeb93590_3566;
v0x55afaeb93590_3567 .array/port v0x55afaeb93590, 3567;
v0x55afaeb93590_3568 .array/port v0x55afaeb93590, 3568;
v0x55afaeb93590_3569 .array/port v0x55afaeb93590, 3569;
v0x55afaeb93590_3570 .array/port v0x55afaeb93590, 3570;
E_0x55afaeb77280/892 .event anyedge, v0x55afaeb93590_3567, v0x55afaeb93590_3568, v0x55afaeb93590_3569, v0x55afaeb93590_3570;
v0x55afaeb93590_3571 .array/port v0x55afaeb93590, 3571;
v0x55afaeb93590_3572 .array/port v0x55afaeb93590, 3572;
v0x55afaeb93590_3573 .array/port v0x55afaeb93590, 3573;
v0x55afaeb93590_3574 .array/port v0x55afaeb93590, 3574;
E_0x55afaeb77280/893 .event anyedge, v0x55afaeb93590_3571, v0x55afaeb93590_3572, v0x55afaeb93590_3573, v0x55afaeb93590_3574;
v0x55afaeb93590_3575 .array/port v0x55afaeb93590, 3575;
v0x55afaeb93590_3576 .array/port v0x55afaeb93590, 3576;
v0x55afaeb93590_3577 .array/port v0x55afaeb93590, 3577;
v0x55afaeb93590_3578 .array/port v0x55afaeb93590, 3578;
E_0x55afaeb77280/894 .event anyedge, v0x55afaeb93590_3575, v0x55afaeb93590_3576, v0x55afaeb93590_3577, v0x55afaeb93590_3578;
v0x55afaeb93590_3579 .array/port v0x55afaeb93590, 3579;
v0x55afaeb93590_3580 .array/port v0x55afaeb93590, 3580;
v0x55afaeb93590_3581 .array/port v0x55afaeb93590, 3581;
v0x55afaeb93590_3582 .array/port v0x55afaeb93590, 3582;
E_0x55afaeb77280/895 .event anyedge, v0x55afaeb93590_3579, v0x55afaeb93590_3580, v0x55afaeb93590_3581, v0x55afaeb93590_3582;
v0x55afaeb93590_3583 .array/port v0x55afaeb93590, 3583;
v0x55afaeb93590_3584 .array/port v0x55afaeb93590, 3584;
v0x55afaeb93590_3585 .array/port v0x55afaeb93590, 3585;
v0x55afaeb93590_3586 .array/port v0x55afaeb93590, 3586;
E_0x55afaeb77280/896 .event anyedge, v0x55afaeb93590_3583, v0x55afaeb93590_3584, v0x55afaeb93590_3585, v0x55afaeb93590_3586;
v0x55afaeb93590_3587 .array/port v0x55afaeb93590, 3587;
v0x55afaeb93590_3588 .array/port v0x55afaeb93590, 3588;
v0x55afaeb93590_3589 .array/port v0x55afaeb93590, 3589;
v0x55afaeb93590_3590 .array/port v0x55afaeb93590, 3590;
E_0x55afaeb77280/897 .event anyedge, v0x55afaeb93590_3587, v0x55afaeb93590_3588, v0x55afaeb93590_3589, v0x55afaeb93590_3590;
v0x55afaeb93590_3591 .array/port v0x55afaeb93590, 3591;
v0x55afaeb93590_3592 .array/port v0x55afaeb93590, 3592;
v0x55afaeb93590_3593 .array/port v0x55afaeb93590, 3593;
v0x55afaeb93590_3594 .array/port v0x55afaeb93590, 3594;
E_0x55afaeb77280/898 .event anyedge, v0x55afaeb93590_3591, v0x55afaeb93590_3592, v0x55afaeb93590_3593, v0x55afaeb93590_3594;
v0x55afaeb93590_3595 .array/port v0x55afaeb93590, 3595;
v0x55afaeb93590_3596 .array/port v0x55afaeb93590, 3596;
v0x55afaeb93590_3597 .array/port v0x55afaeb93590, 3597;
v0x55afaeb93590_3598 .array/port v0x55afaeb93590, 3598;
E_0x55afaeb77280/899 .event anyedge, v0x55afaeb93590_3595, v0x55afaeb93590_3596, v0x55afaeb93590_3597, v0x55afaeb93590_3598;
v0x55afaeb93590_3599 .array/port v0x55afaeb93590, 3599;
v0x55afaeb93590_3600 .array/port v0x55afaeb93590, 3600;
v0x55afaeb93590_3601 .array/port v0x55afaeb93590, 3601;
v0x55afaeb93590_3602 .array/port v0x55afaeb93590, 3602;
E_0x55afaeb77280/900 .event anyedge, v0x55afaeb93590_3599, v0x55afaeb93590_3600, v0x55afaeb93590_3601, v0x55afaeb93590_3602;
v0x55afaeb93590_3603 .array/port v0x55afaeb93590, 3603;
v0x55afaeb93590_3604 .array/port v0x55afaeb93590, 3604;
v0x55afaeb93590_3605 .array/port v0x55afaeb93590, 3605;
v0x55afaeb93590_3606 .array/port v0x55afaeb93590, 3606;
E_0x55afaeb77280/901 .event anyedge, v0x55afaeb93590_3603, v0x55afaeb93590_3604, v0x55afaeb93590_3605, v0x55afaeb93590_3606;
v0x55afaeb93590_3607 .array/port v0x55afaeb93590, 3607;
v0x55afaeb93590_3608 .array/port v0x55afaeb93590, 3608;
v0x55afaeb93590_3609 .array/port v0x55afaeb93590, 3609;
v0x55afaeb93590_3610 .array/port v0x55afaeb93590, 3610;
E_0x55afaeb77280/902 .event anyedge, v0x55afaeb93590_3607, v0x55afaeb93590_3608, v0x55afaeb93590_3609, v0x55afaeb93590_3610;
v0x55afaeb93590_3611 .array/port v0x55afaeb93590, 3611;
v0x55afaeb93590_3612 .array/port v0x55afaeb93590, 3612;
v0x55afaeb93590_3613 .array/port v0x55afaeb93590, 3613;
v0x55afaeb93590_3614 .array/port v0x55afaeb93590, 3614;
E_0x55afaeb77280/903 .event anyedge, v0x55afaeb93590_3611, v0x55afaeb93590_3612, v0x55afaeb93590_3613, v0x55afaeb93590_3614;
v0x55afaeb93590_3615 .array/port v0x55afaeb93590, 3615;
v0x55afaeb93590_3616 .array/port v0x55afaeb93590, 3616;
v0x55afaeb93590_3617 .array/port v0x55afaeb93590, 3617;
v0x55afaeb93590_3618 .array/port v0x55afaeb93590, 3618;
E_0x55afaeb77280/904 .event anyedge, v0x55afaeb93590_3615, v0x55afaeb93590_3616, v0x55afaeb93590_3617, v0x55afaeb93590_3618;
v0x55afaeb93590_3619 .array/port v0x55afaeb93590, 3619;
v0x55afaeb93590_3620 .array/port v0x55afaeb93590, 3620;
v0x55afaeb93590_3621 .array/port v0x55afaeb93590, 3621;
v0x55afaeb93590_3622 .array/port v0x55afaeb93590, 3622;
E_0x55afaeb77280/905 .event anyedge, v0x55afaeb93590_3619, v0x55afaeb93590_3620, v0x55afaeb93590_3621, v0x55afaeb93590_3622;
v0x55afaeb93590_3623 .array/port v0x55afaeb93590, 3623;
v0x55afaeb93590_3624 .array/port v0x55afaeb93590, 3624;
v0x55afaeb93590_3625 .array/port v0x55afaeb93590, 3625;
v0x55afaeb93590_3626 .array/port v0x55afaeb93590, 3626;
E_0x55afaeb77280/906 .event anyedge, v0x55afaeb93590_3623, v0x55afaeb93590_3624, v0x55afaeb93590_3625, v0x55afaeb93590_3626;
v0x55afaeb93590_3627 .array/port v0x55afaeb93590, 3627;
v0x55afaeb93590_3628 .array/port v0x55afaeb93590, 3628;
v0x55afaeb93590_3629 .array/port v0x55afaeb93590, 3629;
v0x55afaeb93590_3630 .array/port v0x55afaeb93590, 3630;
E_0x55afaeb77280/907 .event anyedge, v0x55afaeb93590_3627, v0x55afaeb93590_3628, v0x55afaeb93590_3629, v0x55afaeb93590_3630;
v0x55afaeb93590_3631 .array/port v0x55afaeb93590, 3631;
v0x55afaeb93590_3632 .array/port v0x55afaeb93590, 3632;
v0x55afaeb93590_3633 .array/port v0x55afaeb93590, 3633;
v0x55afaeb93590_3634 .array/port v0x55afaeb93590, 3634;
E_0x55afaeb77280/908 .event anyedge, v0x55afaeb93590_3631, v0x55afaeb93590_3632, v0x55afaeb93590_3633, v0x55afaeb93590_3634;
v0x55afaeb93590_3635 .array/port v0x55afaeb93590, 3635;
v0x55afaeb93590_3636 .array/port v0x55afaeb93590, 3636;
v0x55afaeb93590_3637 .array/port v0x55afaeb93590, 3637;
v0x55afaeb93590_3638 .array/port v0x55afaeb93590, 3638;
E_0x55afaeb77280/909 .event anyedge, v0x55afaeb93590_3635, v0x55afaeb93590_3636, v0x55afaeb93590_3637, v0x55afaeb93590_3638;
v0x55afaeb93590_3639 .array/port v0x55afaeb93590, 3639;
v0x55afaeb93590_3640 .array/port v0x55afaeb93590, 3640;
v0x55afaeb93590_3641 .array/port v0x55afaeb93590, 3641;
v0x55afaeb93590_3642 .array/port v0x55afaeb93590, 3642;
E_0x55afaeb77280/910 .event anyedge, v0x55afaeb93590_3639, v0x55afaeb93590_3640, v0x55afaeb93590_3641, v0x55afaeb93590_3642;
v0x55afaeb93590_3643 .array/port v0x55afaeb93590, 3643;
v0x55afaeb93590_3644 .array/port v0x55afaeb93590, 3644;
v0x55afaeb93590_3645 .array/port v0x55afaeb93590, 3645;
v0x55afaeb93590_3646 .array/port v0x55afaeb93590, 3646;
E_0x55afaeb77280/911 .event anyedge, v0x55afaeb93590_3643, v0x55afaeb93590_3644, v0x55afaeb93590_3645, v0x55afaeb93590_3646;
v0x55afaeb93590_3647 .array/port v0x55afaeb93590, 3647;
v0x55afaeb93590_3648 .array/port v0x55afaeb93590, 3648;
v0x55afaeb93590_3649 .array/port v0x55afaeb93590, 3649;
v0x55afaeb93590_3650 .array/port v0x55afaeb93590, 3650;
E_0x55afaeb77280/912 .event anyedge, v0x55afaeb93590_3647, v0x55afaeb93590_3648, v0x55afaeb93590_3649, v0x55afaeb93590_3650;
v0x55afaeb93590_3651 .array/port v0x55afaeb93590, 3651;
v0x55afaeb93590_3652 .array/port v0x55afaeb93590, 3652;
v0x55afaeb93590_3653 .array/port v0x55afaeb93590, 3653;
v0x55afaeb93590_3654 .array/port v0x55afaeb93590, 3654;
E_0x55afaeb77280/913 .event anyedge, v0x55afaeb93590_3651, v0x55afaeb93590_3652, v0x55afaeb93590_3653, v0x55afaeb93590_3654;
v0x55afaeb93590_3655 .array/port v0x55afaeb93590, 3655;
v0x55afaeb93590_3656 .array/port v0x55afaeb93590, 3656;
v0x55afaeb93590_3657 .array/port v0x55afaeb93590, 3657;
v0x55afaeb93590_3658 .array/port v0x55afaeb93590, 3658;
E_0x55afaeb77280/914 .event anyedge, v0x55afaeb93590_3655, v0x55afaeb93590_3656, v0x55afaeb93590_3657, v0x55afaeb93590_3658;
v0x55afaeb93590_3659 .array/port v0x55afaeb93590, 3659;
v0x55afaeb93590_3660 .array/port v0x55afaeb93590, 3660;
v0x55afaeb93590_3661 .array/port v0x55afaeb93590, 3661;
v0x55afaeb93590_3662 .array/port v0x55afaeb93590, 3662;
E_0x55afaeb77280/915 .event anyedge, v0x55afaeb93590_3659, v0x55afaeb93590_3660, v0x55afaeb93590_3661, v0x55afaeb93590_3662;
v0x55afaeb93590_3663 .array/port v0x55afaeb93590, 3663;
v0x55afaeb93590_3664 .array/port v0x55afaeb93590, 3664;
v0x55afaeb93590_3665 .array/port v0x55afaeb93590, 3665;
v0x55afaeb93590_3666 .array/port v0x55afaeb93590, 3666;
E_0x55afaeb77280/916 .event anyedge, v0x55afaeb93590_3663, v0x55afaeb93590_3664, v0x55afaeb93590_3665, v0x55afaeb93590_3666;
v0x55afaeb93590_3667 .array/port v0x55afaeb93590, 3667;
v0x55afaeb93590_3668 .array/port v0x55afaeb93590, 3668;
v0x55afaeb93590_3669 .array/port v0x55afaeb93590, 3669;
v0x55afaeb93590_3670 .array/port v0x55afaeb93590, 3670;
E_0x55afaeb77280/917 .event anyedge, v0x55afaeb93590_3667, v0x55afaeb93590_3668, v0x55afaeb93590_3669, v0x55afaeb93590_3670;
v0x55afaeb93590_3671 .array/port v0x55afaeb93590, 3671;
v0x55afaeb93590_3672 .array/port v0x55afaeb93590, 3672;
v0x55afaeb93590_3673 .array/port v0x55afaeb93590, 3673;
v0x55afaeb93590_3674 .array/port v0x55afaeb93590, 3674;
E_0x55afaeb77280/918 .event anyedge, v0x55afaeb93590_3671, v0x55afaeb93590_3672, v0x55afaeb93590_3673, v0x55afaeb93590_3674;
v0x55afaeb93590_3675 .array/port v0x55afaeb93590, 3675;
v0x55afaeb93590_3676 .array/port v0x55afaeb93590, 3676;
v0x55afaeb93590_3677 .array/port v0x55afaeb93590, 3677;
v0x55afaeb93590_3678 .array/port v0x55afaeb93590, 3678;
E_0x55afaeb77280/919 .event anyedge, v0x55afaeb93590_3675, v0x55afaeb93590_3676, v0x55afaeb93590_3677, v0x55afaeb93590_3678;
v0x55afaeb93590_3679 .array/port v0x55afaeb93590, 3679;
v0x55afaeb93590_3680 .array/port v0x55afaeb93590, 3680;
v0x55afaeb93590_3681 .array/port v0x55afaeb93590, 3681;
v0x55afaeb93590_3682 .array/port v0x55afaeb93590, 3682;
E_0x55afaeb77280/920 .event anyedge, v0x55afaeb93590_3679, v0x55afaeb93590_3680, v0x55afaeb93590_3681, v0x55afaeb93590_3682;
v0x55afaeb93590_3683 .array/port v0x55afaeb93590, 3683;
v0x55afaeb93590_3684 .array/port v0x55afaeb93590, 3684;
v0x55afaeb93590_3685 .array/port v0x55afaeb93590, 3685;
v0x55afaeb93590_3686 .array/port v0x55afaeb93590, 3686;
E_0x55afaeb77280/921 .event anyedge, v0x55afaeb93590_3683, v0x55afaeb93590_3684, v0x55afaeb93590_3685, v0x55afaeb93590_3686;
v0x55afaeb93590_3687 .array/port v0x55afaeb93590, 3687;
v0x55afaeb93590_3688 .array/port v0x55afaeb93590, 3688;
v0x55afaeb93590_3689 .array/port v0x55afaeb93590, 3689;
v0x55afaeb93590_3690 .array/port v0x55afaeb93590, 3690;
E_0x55afaeb77280/922 .event anyedge, v0x55afaeb93590_3687, v0x55afaeb93590_3688, v0x55afaeb93590_3689, v0x55afaeb93590_3690;
v0x55afaeb93590_3691 .array/port v0x55afaeb93590, 3691;
v0x55afaeb93590_3692 .array/port v0x55afaeb93590, 3692;
v0x55afaeb93590_3693 .array/port v0x55afaeb93590, 3693;
v0x55afaeb93590_3694 .array/port v0x55afaeb93590, 3694;
E_0x55afaeb77280/923 .event anyedge, v0x55afaeb93590_3691, v0x55afaeb93590_3692, v0x55afaeb93590_3693, v0x55afaeb93590_3694;
v0x55afaeb93590_3695 .array/port v0x55afaeb93590, 3695;
v0x55afaeb93590_3696 .array/port v0x55afaeb93590, 3696;
v0x55afaeb93590_3697 .array/port v0x55afaeb93590, 3697;
v0x55afaeb93590_3698 .array/port v0x55afaeb93590, 3698;
E_0x55afaeb77280/924 .event anyedge, v0x55afaeb93590_3695, v0x55afaeb93590_3696, v0x55afaeb93590_3697, v0x55afaeb93590_3698;
v0x55afaeb93590_3699 .array/port v0x55afaeb93590, 3699;
v0x55afaeb93590_3700 .array/port v0x55afaeb93590, 3700;
v0x55afaeb93590_3701 .array/port v0x55afaeb93590, 3701;
v0x55afaeb93590_3702 .array/port v0x55afaeb93590, 3702;
E_0x55afaeb77280/925 .event anyedge, v0x55afaeb93590_3699, v0x55afaeb93590_3700, v0x55afaeb93590_3701, v0x55afaeb93590_3702;
v0x55afaeb93590_3703 .array/port v0x55afaeb93590, 3703;
v0x55afaeb93590_3704 .array/port v0x55afaeb93590, 3704;
v0x55afaeb93590_3705 .array/port v0x55afaeb93590, 3705;
v0x55afaeb93590_3706 .array/port v0x55afaeb93590, 3706;
E_0x55afaeb77280/926 .event anyedge, v0x55afaeb93590_3703, v0x55afaeb93590_3704, v0x55afaeb93590_3705, v0x55afaeb93590_3706;
v0x55afaeb93590_3707 .array/port v0x55afaeb93590, 3707;
v0x55afaeb93590_3708 .array/port v0x55afaeb93590, 3708;
v0x55afaeb93590_3709 .array/port v0x55afaeb93590, 3709;
v0x55afaeb93590_3710 .array/port v0x55afaeb93590, 3710;
E_0x55afaeb77280/927 .event anyedge, v0x55afaeb93590_3707, v0x55afaeb93590_3708, v0x55afaeb93590_3709, v0x55afaeb93590_3710;
v0x55afaeb93590_3711 .array/port v0x55afaeb93590, 3711;
v0x55afaeb93590_3712 .array/port v0x55afaeb93590, 3712;
v0x55afaeb93590_3713 .array/port v0x55afaeb93590, 3713;
v0x55afaeb93590_3714 .array/port v0x55afaeb93590, 3714;
E_0x55afaeb77280/928 .event anyedge, v0x55afaeb93590_3711, v0x55afaeb93590_3712, v0x55afaeb93590_3713, v0x55afaeb93590_3714;
v0x55afaeb93590_3715 .array/port v0x55afaeb93590, 3715;
v0x55afaeb93590_3716 .array/port v0x55afaeb93590, 3716;
v0x55afaeb93590_3717 .array/port v0x55afaeb93590, 3717;
v0x55afaeb93590_3718 .array/port v0x55afaeb93590, 3718;
E_0x55afaeb77280/929 .event anyedge, v0x55afaeb93590_3715, v0x55afaeb93590_3716, v0x55afaeb93590_3717, v0x55afaeb93590_3718;
v0x55afaeb93590_3719 .array/port v0x55afaeb93590, 3719;
v0x55afaeb93590_3720 .array/port v0x55afaeb93590, 3720;
v0x55afaeb93590_3721 .array/port v0x55afaeb93590, 3721;
v0x55afaeb93590_3722 .array/port v0x55afaeb93590, 3722;
E_0x55afaeb77280/930 .event anyedge, v0x55afaeb93590_3719, v0x55afaeb93590_3720, v0x55afaeb93590_3721, v0x55afaeb93590_3722;
v0x55afaeb93590_3723 .array/port v0x55afaeb93590, 3723;
v0x55afaeb93590_3724 .array/port v0x55afaeb93590, 3724;
v0x55afaeb93590_3725 .array/port v0x55afaeb93590, 3725;
v0x55afaeb93590_3726 .array/port v0x55afaeb93590, 3726;
E_0x55afaeb77280/931 .event anyedge, v0x55afaeb93590_3723, v0x55afaeb93590_3724, v0x55afaeb93590_3725, v0x55afaeb93590_3726;
v0x55afaeb93590_3727 .array/port v0x55afaeb93590, 3727;
v0x55afaeb93590_3728 .array/port v0x55afaeb93590, 3728;
v0x55afaeb93590_3729 .array/port v0x55afaeb93590, 3729;
v0x55afaeb93590_3730 .array/port v0x55afaeb93590, 3730;
E_0x55afaeb77280/932 .event anyedge, v0x55afaeb93590_3727, v0x55afaeb93590_3728, v0x55afaeb93590_3729, v0x55afaeb93590_3730;
v0x55afaeb93590_3731 .array/port v0x55afaeb93590, 3731;
v0x55afaeb93590_3732 .array/port v0x55afaeb93590, 3732;
v0x55afaeb93590_3733 .array/port v0x55afaeb93590, 3733;
v0x55afaeb93590_3734 .array/port v0x55afaeb93590, 3734;
E_0x55afaeb77280/933 .event anyedge, v0x55afaeb93590_3731, v0x55afaeb93590_3732, v0x55afaeb93590_3733, v0x55afaeb93590_3734;
v0x55afaeb93590_3735 .array/port v0x55afaeb93590, 3735;
v0x55afaeb93590_3736 .array/port v0x55afaeb93590, 3736;
v0x55afaeb93590_3737 .array/port v0x55afaeb93590, 3737;
v0x55afaeb93590_3738 .array/port v0x55afaeb93590, 3738;
E_0x55afaeb77280/934 .event anyedge, v0x55afaeb93590_3735, v0x55afaeb93590_3736, v0x55afaeb93590_3737, v0x55afaeb93590_3738;
v0x55afaeb93590_3739 .array/port v0x55afaeb93590, 3739;
v0x55afaeb93590_3740 .array/port v0x55afaeb93590, 3740;
v0x55afaeb93590_3741 .array/port v0x55afaeb93590, 3741;
v0x55afaeb93590_3742 .array/port v0x55afaeb93590, 3742;
E_0x55afaeb77280/935 .event anyedge, v0x55afaeb93590_3739, v0x55afaeb93590_3740, v0x55afaeb93590_3741, v0x55afaeb93590_3742;
v0x55afaeb93590_3743 .array/port v0x55afaeb93590, 3743;
v0x55afaeb93590_3744 .array/port v0x55afaeb93590, 3744;
v0x55afaeb93590_3745 .array/port v0x55afaeb93590, 3745;
v0x55afaeb93590_3746 .array/port v0x55afaeb93590, 3746;
E_0x55afaeb77280/936 .event anyedge, v0x55afaeb93590_3743, v0x55afaeb93590_3744, v0x55afaeb93590_3745, v0x55afaeb93590_3746;
v0x55afaeb93590_3747 .array/port v0x55afaeb93590, 3747;
v0x55afaeb93590_3748 .array/port v0x55afaeb93590, 3748;
v0x55afaeb93590_3749 .array/port v0x55afaeb93590, 3749;
v0x55afaeb93590_3750 .array/port v0x55afaeb93590, 3750;
E_0x55afaeb77280/937 .event anyedge, v0x55afaeb93590_3747, v0x55afaeb93590_3748, v0x55afaeb93590_3749, v0x55afaeb93590_3750;
v0x55afaeb93590_3751 .array/port v0x55afaeb93590, 3751;
v0x55afaeb93590_3752 .array/port v0x55afaeb93590, 3752;
v0x55afaeb93590_3753 .array/port v0x55afaeb93590, 3753;
v0x55afaeb93590_3754 .array/port v0x55afaeb93590, 3754;
E_0x55afaeb77280/938 .event anyedge, v0x55afaeb93590_3751, v0x55afaeb93590_3752, v0x55afaeb93590_3753, v0x55afaeb93590_3754;
v0x55afaeb93590_3755 .array/port v0x55afaeb93590, 3755;
v0x55afaeb93590_3756 .array/port v0x55afaeb93590, 3756;
v0x55afaeb93590_3757 .array/port v0x55afaeb93590, 3757;
v0x55afaeb93590_3758 .array/port v0x55afaeb93590, 3758;
E_0x55afaeb77280/939 .event anyedge, v0x55afaeb93590_3755, v0x55afaeb93590_3756, v0x55afaeb93590_3757, v0x55afaeb93590_3758;
v0x55afaeb93590_3759 .array/port v0x55afaeb93590, 3759;
v0x55afaeb93590_3760 .array/port v0x55afaeb93590, 3760;
v0x55afaeb93590_3761 .array/port v0x55afaeb93590, 3761;
v0x55afaeb93590_3762 .array/port v0x55afaeb93590, 3762;
E_0x55afaeb77280/940 .event anyedge, v0x55afaeb93590_3759, v0x55afaeb93590_3760, v0x55afaeb93590_3761, v0x55afaeb93590_3762;
v0x55afaeb93590_3763 .array/port v0x55afaeb93590, 3763;
v0x55afaeb93590_3764 .array/port v0x55afaeb93590, 3764;
v0x55afaeb93590_3765 .array/port v0x55afaeb93590, 3765;
v0x55afaeb93590_3766 .array/port v0x55afaeb93590, 3766;
E_0x55afaeb77280/941 .event anyedge, v0x55afaeb93590_3763, v0x55afaeb93590_3764, v0x55afaeb93590_3765, v0x55afaeb93590_3766;
v0x55afaeb93590_3767 .array/port v0x55afaeb93590, 3767;
v0x55afaeb93590_3768 .array/port v0x55afaeb93590, 3768;
v0x55afaeb93590_3769 .array/port v0x55afaeb93590, 3769;
v0x55afaeb93590_3770 .array/port v0x55afaeb93590, 3770;
E_0x55afaeb77280/942 .event anyedge, v0x55afaeb93590_3767, v0x55afaeb93590_3768, v0x55afaeb93590_3769, v0x55afaeb93590_3770;
v0x55afaeb93590_3771 .array/port v0x55afaeb93590, 3771;
v0x55afaeb93590_3772 .array/port v0x55afaeb93590, 3772;
v0x55afaeb93590_3773 .array/port v0x55afaeb93590, 3773;
v0x55afaeb93590_3774 .array/port v0x55afaeb93590, 3774;
E_0x55afaeb77280/943 .event anyedge, v0x55afaeb93590_3771, v0x55afaeb93590_3772, v0x55afaeb93590_3773, v0x55afaeb93590_3774;
v0x55afaeb93590_3775 .array/port v0x55afaeb93590, 3775;
v0x55afaeb93590_3776 .array/port v0x55afaeb93590, 3776;
v0x55afaeb93590_3777 .array/port v0x55afaeb93590, 3777;
v0x55afaeb93590_3778 .array/port v0x55afaeb93590, 3778;
E_0x55afaeb77280/944 .event anyedge, v0x55afaeb93590_3775, v0x55afaeb93590_3776, v0x55afaeb93590_3777, v0x55afaeb93590_3778;
v0x55afaeb93590_3779 .array/port v0x55afaeb93590, 3779;
v0x55afaeb93590_3780 .array/port v0x55afaeb93590, 3780;
v0x55afaeb93590_3781 .array/port v0x55afaeb93590, 3781;
v0x55afaeb93590_3782 .array/port v0x55afaeb93590, 3782;
E_0x55afaeb77280/945 .event anyedge, v0x55afaeb93590_3779, v0x55afaeb93590_3780, v0x55afaeb93590_3781, v0x55afaeb93590_3782;
v0x55afaeb93590_3783 .array/port v0x55afaeb93590, 3783;
v0x55afaeb93590_3784 .array/port v0x55afaeb93590, 3784;
v0x55afaeb93590_3785 .array/port v0x55afaeb93590, 3785;
v0x55afaeb93590_3786 .array/port v0x55afaeb93590, 3786;
E_0x55afaeb77280/946 .event anyedge, v0x55afaeb93590_3783, v0x55afaeb93590_3784, v0x55afaeb93590_3785, v0x55afaeb93590_3786;
v0x55afaeb93590_3787 .array/port v0x55afaeb93590, 3787;
v0x55afaeb93590_3788 .array/port v0x55afaeb93590, 3788;
v0x55afaeb93590_3789 .array/port v0x55afaeb93590, 3789;
v0x55afaeb93590_3790 .array/port v0x55afaeb93590, 3790;
E_0x55afaeb77280/947 .event anyedge, v0x55afaeb93590_3787, v0x55afaeb93590_3788, v0x55afaeb93590_3789, v0x55afaeb93590_3790;
v0x55afaeb93590_3791 .array/port v0x55afaeb93590, 3791;
v0x55afaeb93590_3792 .array/port v0x55afaeb93590, 3792;
v0x55afaeb93590_3793 .array/port v0x55afaeb93590, 3793;
v0x55afaeb93590_3794 .array/port v0x55afaeb93590, 3794;
E_0x55afaeb77280/948 .event anyedge, v0x55afaeb93590_3791, v0x55afaeb93590_3792, v0x55afaeb93590_3793, v0x55afaeb93590_3794;
v0x55afaeb93590_3795 .array/port v0x55afaeb93590, 3795;
v0x55afaeb93590_3796 .array/port v0x55afaeb93590, 3796;
v0x55afaeb93590_3797 .array/port v0x55afaeb93590, 3797;
v0x55afaeb93590_3798 .array/port v0x55afaeb93590, 3798;
E_0x55afaeb77280/949 .event anyedge, v0x55afaeb93590_3795, v0x55afaeb93590_3796, v0x55afaeb93590_3797, v0x55afaeb93590_3798;
v0x55afaeb93590_3799 .array/port v0x55afaeb93590, 3799;
v0x55afaeb93590_3800 .array/port v0x55afaeb93590, 3800;
v0x55afaeb93590_3801 .array/port v0x55afaeb93590, 3801;
v0x55afaeb93590_3802 .array/port v0x55afaeb93590, 3802;
E_0x55afaeb77280/950 .event anyedge, v0x55afaeb93590_3799, v0x55afaeb93590_3800, v0x55afaeb93590_3801, v0x55afaeb93590_3802;
v0x55afaeb93590_3803 .array/port v0x55afaeb93590, 3803;
v0x55afaeb93590_3804 .array/port v0x55afaeb93590, 3804;
v0x55afaeb93590_3805 .array/port v0x55afaeb93590, 3805;
v0x55afaeb93590_3806 .array/port v0x55afaeb93590, 3806;
E_0x55afaeb77280/951 .event anyedge, v0x55afaeb93590_3803, v0x55afaeb93590_3804, v0x55afaeb93590_3805, v0x55afaeb93590_3806;
v0x55afaeb93590_3807 .array/port v0x55afaeb93590, 3807;
v0x55afaeb93590_3808 .array/port v0x55afaeb93590, 3808;
v0x55afaeb93590_3809 .array/port v0x55afaeb93590, 3809;
v0x55afaeb93590_3810 .array/port v0x55afaeb93590, 3810;
E_0x55afaeb77280/952 .event anyedge, v0x55afaeb93590_3807, v0x55afaeb93590_3808, v0x55afaeb93590_3809, v0x55afaeb93590_3810;
v0x55afaeb93590_3811 .array/port v0x55afaeb93590, 3811;
v0x55afaeb93590_3812 .array/port v0x55afaeb93590, 3812;
v0x55afaeb93590_3813 .array/port v0x55afaeb93590, 3813;
v0x55afaeb93590_3814 .array/port v0x55afaeb93590, 3814;
E_0x55afaeb77280/953 .event anyedge, v0x55afaeb93590_3811, v0x55afaeb93590_3812, v0x55afaeb93590_3813, v0x55afaeb93590_3814;
v0x55afaeb93590_3815 .array/port v0x55afaeb93590, 3815;
v0x55afaeb93590_3816 .array/port v0x55afaeb93590, 3816;
v0x55afaeb93590_3817 .array/port v0x55afaeb93590, 3817;
v0x55afaeb93590_3818 .array/port v0x55afaeb93590, 3818;
E_0x55afaeb77280/954 .event anyedge, v0x55afaeb93590_3815, v0x55afaeb93590_3816, v0x55afaeb93590_3817, v0x55afaeb93590_3818;
v0x55afaeb93590_3819 .array/port v0x55afaeb93590, 3819;
v0x55afaeb93590_3820 .array/port v0x55afaeb93590, 3820;
v0x55afaeb93590_3821 .array/port v0x55afaeb93590, 3821;
v0x55afaeb93590_3822 .array/port v0x55afaeb93590, 3822;
E_0x55afaeb77280/955 .event anyedge, v0x55afaeb93590_3819, v0x55afaeb93590_3820, v0x55afaeb93590_3821, v0x55afaeb93590_3822;
v0x55afaeb93590_3823 .array/port v0x55afaeb93590, 3823;
v0x55afaeb93590_3824 .array/port v0x55afaeb93590, 3824;
v0x55afaeb93590_3825 .array/port v0x55afaeb93590, 3825;
v0x55afaeb93590_3826 .array/port v0x55afaeb93590, 3826;
E_0x55afaeb77280/956 .event anyedge, v0x55afaeb93590_3823, v0x55afaeb93590_3824, v0x55afaeb93590_3825, v0x55afaeb93590_3826;
v0x55afaeb93590_3827 .array/port v0x55afaeb93590, 3827;
v0x55afaeb93590_3828 .array/port v0x55afaeb93590, 3828;
v0x55afaeb93590_3829 .array/port v0x55afaeb93590, 3829;
v0x55afaeb93590_3830 .array/port v0x55afaeb93590, 3830;
E_0x55afaeb77280/957 .event anyedge, v0x55afaeb93590_3827, v0x55afaeb93590_3828, v0x55afaeb93590_3829, v0x55afaeb93590_3830;
v0x55afaeb93590_3831 .array/port v0x55afaeb93590, 3831;
v0x55afaeb93590_3832 .array/port v0x55afaeb93590, 3832;
v0x55afaeb93590_3833 .array/port v0x55afaeb93590, 3833;
v0x55afaeb93590_3834 .array/port v0x55afaeb93590, 3834;
E_0x55afaeb77280/958 .event anyedge, v0x55afaeb93590_3831, v0x55afaeb93590_3832, v0x55afaeb93590_3833, v0x55afaeb93590_3834;
v0x55afaeb93590_3835 .array/port v0x55afaeb93590, 3835;
v0x55afaeb93590_3836 .array/port v0x55afaeb93590, 3836;
v0x55afaeb93590_3837 .array/port v0x55afaeb93590, 3837;
v0x55afaeb93590_3838 .array/port v0x55afaeb93590, 3838;
E_0x55afaeb77280/959 .event anyedge, v0x55afaeb93590_3835, v0x55afaeb93590_3836, v0x55afaeb93590_3837, v0x55afaeb93590_3838;
v0x55afaeb93590_3839 .array/port v0x55afaeb93590, 3839;
v0x55afaeb93590_3840 .array/port v0x55afaeb93590, 3840;
v0x55afaeb93590_3841 .array/port v0x55afaeb93590, 3841;
v0x55afaeb93590_3842 .array/port v0x55afaeb93590, 3842;
E_0x55afaeb77280/960 .event anyedge, v0x55afaeb93590_3839, v0x55afaeb93590_3840, v0x55afaeb93590_3841, v0x55afaeb93590_3842;
v0x55afaeb93590_3843 .array/port v0x55afaeb93590, 3843;
v0x55afaeb93590_3844 .array/port v0x55afaeb93590, 3844;
v0x55afaeb93590_3845 .array/port v0x55afaeb93590, 3845;
v0x55afaeb93590_3846 .array/port v0x55afaeb93590, 3846;
E_0x55afaeb77280/961 .event anyedge, v0x55afaeb93590_3843, v0x55afaeb93590_3844, v0x55afaeb93590_3845, v0x55afaeb93590_3846;
v0x55afaeb93590_3847 .array/port v0x55afaeb93590, 3847;
v0x55afaeb93590_3848 .array/port v0x55afaeb93590, 3848;
v0x55afaeb93590_3849 .array/port v0x55afaeb93590, 3849;
v0x55afaeb93590_3850 .array/port v0x55afaeb93590, 3850;
E_0x55afaeb77280/962 .event anyedge, v0x55afaeb93590_3847, v0x55afaeb93590_3848, v0x55afaeb93590_3849, v0x55afaeb93590_3850;
v0x55afaeb93590_3851 .array/port v0x55afaeb93590, 3851;
v0x55afaeb93590_3852 .array/port v0x55afaeb93590, 3852;
v0x55afaeb93590_3853 .array/port v0x55afaeb93590, 3853;
v0x55afaeb93590_3854 .array/port v0x55afaeb93590, 3854;
E_0x55afaeb77280/963 .event anyedge, v0x55afaeb93590_3851, v0x55afaeb93590_3852, v0x55afaeb93590_3853, v0x55afaeb93590_3854;
v0x55afaeb93590_3855 .array/port v0x55afaeb93590, 3855;
v0x55afaeb93590_3856 .array/port v0x55afaeb93590, 3856;
v0x55afaeb93590_3857 .array/port v0x55afaeb93590, 3857;
v0x55afaeb93590_3858 .array/port v0x55afaeb93590, 3858;
E_0x55afaeb77280/964 .event anyedge, v0x55afaeb93590_3855, v0x55afaeb93590_3856, v0x55afaeb93590_3857, v0x55afaeb93590_3858;
v0x55afaeb93590_3859 .array/port v0x55afaeb93590, 3859;
v0x55afaeb93590_3860 .array/port v0x55afaeb93590, 3860;
v0x55afaeb93590_3861 .array/port v0x55afaeb93590, 3861;
v0x55afaeb93590_3862 .array/port v0x55afaeb93590, 3862;
E_0x55afaeb77280/965 .event anyedge, v0x55afaeb93590_3859, v0x55afaeb93590_3860, v0x55afaeb93590_3861, v0x55afaeb93590_3862;
v0x55afaeb93590_3863 .array/port v0x55afaeb93590, 3863;
v0x55afaeb93590_3864 .array/port v0x55afaeb93590, 3864;
v0x55afaeb93590_3865 .array/port v0x55afaeb93590, 3865;
v0x55afaeb93590_3866 .array/port v0x55afaeb93590, 3866;
E_0x55afaeb77280/966 .event anyedge, v0x55afaeb93590_3863, v0x55afaeb93590_3864, v0x55afaeb93590_3865, v0x55afaeb93590_3866;
v0x55afaeb93590_3867 .array/port v0x55afaeb93590, 3867;
v0x55afaeb93590_3868 .array/port v0x55afaeb93590, 3868;
v0x55afaeb93590_3869 .array/port v0x55afaeb93590, 3869;
v0x55afaeb93590_3870 .array/port v0x55afaeb93590, 3870;
E_0x55afaeb77280/967 .event anyedge, v0x55afaeb93590_3867, v0x55afaeb93590_3868, v0x55afaeb93590_3869, v0x55afaeb93590_3870;
v0x55afaeb93590_3871 .array/port v0x55afaeb93590, 3871;
v0x55afaeb93590_3872 .array/port v0x55afaeb93590, 3872;
v0x55afaeb93590_3873 .array/port v0x55afaeb93590, 3873;
v0x55afaeb93590_3874 .array/port v0x55afaeb93590, 3874;
E_0x55afaeb77280/968 .event anyedge, v0x55afaeb93590_3871, v0x55afaeb93590_3872, v0x55afaeb93590_3873, v0x55afaeb93590_3874;
v0x55afaeb93590_3875 .array/port v0x55afaeb93590, 3875;
v0x55afaeb93590_3876 .array/port v0x55afaeb93590, 3876;
v0x55afaeb93590_3877 .array/port v0x55afaeb93590, 3877;
v0x55afaeb93590_3878 .array/port v0x55afaeb93590, 3878;
E_0x55afaeb77280/969 .event anyedge, v0x55afaeb93590_3875, v0x55afaeb93590_3876, v0x55afaeb93590_3877, v0x55afaeb93590_3878;
v0x55afaeb93590_3879 .array/port v0x55afaeb93590, 3879;
v0x55afaeb93590_3880 .array/port v0x55afaeb93590, 3880;
v0x55afaeb93590_3881 .array/port v0x55afaeb93590, 3881;
v0x55afaeb93590_3882 .array/port v0x55afaeb93590, 3882;
E_0x55afaeb77280/970 .event anyedge, v0x55afaeb93590_3879, v0x55afaeb93590_3880, v0x55afaeb93590_3881, v0x55afaeb93590_3882;
v0x55afaeb93590_3883 .array/port v0x55afaeb93590, 3883;
v0x55afaeb93590_3884 .array/port v0x55afaeb93590, 3884;
v0x55afaeb93590_3885 .array/port v0x55afaeb93590, 3885;
v0x55afaeb93590_3886 .array/port v0x55afaeb93590, 3886;
E_0x55afaeb77280/971 .event anyedge, v0x55afaeb93590_3883, v0x55afaeb93590_3884, v0x55afaeb93590_3885, v0x55afaeb93590_3886;
v0x55afaeb93590_3887 .array/port v0x55afaeb93590, 3887;
v0x55afaeb93590_3888 .array/port v0x55afaeb93590, 3888;
v0x55afaeb93590_3889 .array/port v0x55afaeb93590, 3889;
v0x55afaeb93590_3890 .array/port v0x55afaeb93590, 3890;
E_0x55afaeb77280/972 .event anyedge, v0x55afaeb93590_3887, v0x55afaeb93590_3888, v0x55afaeb93590_3889, v0x55afaeb93590_3890;
v0x55afaeb93590_3891 .array/port v0x55afaeb93590, 3891;
v0x55afaeb93590_3892 .array/port v0x55afaeb93590, 3892;
v0x55afaeb93590_3893 .array/port v0x55afaeb93590, 3893;
v0x55afaeb93590_3894 .array/port v0x55afaeb93590, 3894;
E_0x55afaeb77280/973 .event anyedge, v0x55afaeb93590_3891, v0x55afaeb93590_3892, v0x55afaeb93590_3893, v0x55afaeb93590_3894;
v0x55afaeb93590_3895 .array/port v0x55afaeb93590, 3895;
v0x55afaeb93590_3896 .array/port v0x55afaeb93590, 3896;
v0x55afaeb93590_3897 .array/port v0x55afaeb93590, 3897;
v0x55afaeb93590_3898 .array/port v0x55afaeb93590, 3898;
E_0x55afaeb77280/974 .event anyedge, v0x55afaeb93590_3895, v0x55afaeb93590_3896, v0x55afaeb93590_3897, v0x55afaeb93590_3898;
v0x55afaeb93590_3899 .array/port v0x55afaeb93590, 3899;
v0x55afaeb93590_3900 .array/port v0x55afaeb93590, 3900;
v0x55afaeb93590_3901 .array/port v0x55afaeb93590, 3901;
v0x55afaeb93590_3902 .array/port v0x55afaeb93590, 3902;
E_0x55afaeb77280/975 .event anyedge, v0x55afaeb93590_3899, v0x55afaeb93590_3900, v0x55afaeb93590_3901, v0x55afaeb93590_3902;
v0x55afaeb93590_3903 .array/port v0x55afaeb93590, 3903;
v0x55afaeb93590_3904 .array/port v0x55afaeb93590, 3904;
v0x55afaeb93590_3905 .array/port v0x55afaeb93590, 3905;
v0x55afaeb93590_3906 .array/port v0x55afaeb93590, 3906;
E_0x55afaeb77280/976 .event anyedge, v0x55afaeb93590_3903, v0x55afaeb93590_3904, v0x55afaeb93590_3905, v0x55afaeb93590_3906;
v0x55afaeb93590_3907 .array/port v0x55afaeb93590, 3907;
v0x55afaeb93590_3908 .array/port v0x55afaeb93590, 3908;
v0x55afaeb93590_3909 .array/port v0x55afaeb93590, 3909;
v0x55afaeb93590_3910 .array/port v0x55afaeb93590, 3910;
E_0x55afaeb77280/977 .event anyedge, v0x55afaeb93590_3907, v0x55afaeb93590_3908, v0x55afaeb93590_3909, v0x55afaeb93590_3910;
v0x55afaeb93590_3911 .array/port v0x55afaeb93590, 3911;
v0x55afaeb93590_3912 .array/port v0x55afaeb93590, 3912;
v0x55afaeb93590_3913 .array/port v0x55afaeb93590, 3913;
v0x55afaeb93590_3914 .array/port v0x55afaeb93590, 3914;
E_0x55afaeb77280/978 .event anyedge, v0x55afaeb93590_3911, v0x55afaeb93590_3912, v0x55afaeb93590_3913, v0x55afaeb93590_3914;
v0x55afaeb93590_3915 .array/port v0x55afaeb93590, 3915;
v0x55afaeb93590_3916 .array/port v0x55afaeb93590, 3916;
v0x55afaeb93590_3917 .array/port v0x55afaeb93590, 3917;
v0x55afaeb93590_3918 .array/port v0x55afaeb93590, 3918;
E_0x55afaeb77280/979 .event anyedge, v0x55afaeb93590_3915, v0x55afaeb93590_3916, v0x55afaeb93590_3917, v0x55afaeb93590_3918;
v0x55afaeb93590_3919 .array/port v0x55afaeb93590, 3919;
v0x55afaeb93590_3920 .array/port v0x55afaeb93590, 3920;
v0x55afaeb93590_3921 .array/port v0x55afaeb93590, 3921;
v0x55afaeb93590_3922 .array/port v0x55afaeb93590, 3922;
E_0x55afaeb77280/980 .event anyedge, v0x55afaeb93590_3919, v0x55afaeb93590_3920, v0x55afaeb93590_3921, v0x55afaeb93590_3922;
v0x55afaeb93590_3923 .array/port v0x55afaeb93590, 3923;
v0x55afaeb93590_3924 .array/port v0x55afaeb93590, 3924;
v0x55afaeb93590_3925 .array/port v0x55afaeb93590, 3925;
v0x55afaeb93590_3926 .array/port v0x55afaeb93590, 3926;
E_0x55afaeb77280/981 .event anyedge, v0x55afaeb93590_3923, v0x55afaeb93590_3924, v0x55afaeb93590_3925, v0x55afaeb93590_3926;
v0x55afaeb93590_3927 .array/port v0x55afaeb93590, 3927;
v0x55afaeb93590_3928 .array/port v0x55afaeb93590, 3928;
v0x55afaeb93590_3929 .array/port v0x55afaeb93590, 3929;
v0x55afaeb93590_3930 .array/port v0x55afaeb93590, 3930;
E_0x55afaeb77280/982 .event anyedge, v0x55afaeb93590_3927, v0x55afaeb93590_3928, v0x55afaeb93590_3929, v0x55afaeb93590_3930;
v0x55afaeb93590_3931 .array/port v0x55afaeb93590, 3931;
v0x55afaeb93590_3932 .array/port v0x55afaeb93590, 3932;
v0x55afaeb93590_3933 .array/port v0x55afaeb93590, 3933;
v0x55afaeb93590_3934 .array/port v0x55afaeb93590, 3934;
E_0x55afaeb77280/983 .event anyedge, v0x55afaeb93590_3931, v0x55afaeb93590_3932, v0x55afaeb93590_3933, v0x55afaeb93590_3934;
v0x55afaeb93590_3935 .array/port v0x55afaeb93590, 3935;
v0x55afaeb93590_3936 .array/port v0x55afaeb93590, 3936;
v0x55afaeb93590_3937 .array/port v0x55afaeb93590, 3937;
v0x55afaeb93590_3938 .array/port v0x55afaeb93590, 3938;
E_0x55afaeb77280/984 .event anyedge, v0x55afaeb93590_3935, v0x55afaeb93590_3936, v0x55afaeb93590_3937, v0x55afaeb93590_3938;
v0x55afaeb93590_3939 .array/port v0x55afaeb93590, 3939;
v0x55afaeb93590_3940 .array/port v0x55afaeb93590, 3940;
v0x55afaeb93590_3941 .array/port v0x55afaeb93590, 3941;
v0x55afaeb93590_3942 .array/port v0x55afaeb93590, 3942;
E_0x55afaeb77280/985 .event anyedge, v0x55afaeb93590_3939, v0x55afaeb93590_3940, v0x55afaeb93590_3941, v0x55afaeb93590_3942;
v0x55afaeb93590_3943 .array/port v0x55afaeb93590, 3943;
v0x55afaeb93590_3944 .array/port v0x55afaeb93590, 3944;
v0x55afaeb93590_3945 .array/port v0x55afaeb93590, 3945;
v0x55afaeb93590_3946 .array/port v0x55afaeb93590, 3946;
E_0x55afaeb77280/986 .event anyedge, v0x55afaeb93590_3943, v0x55afaeb93590_3944, v0x55afaeb93590_3945, v0x55afaeb93590_3946;
v0x55afaeb93590_3947 .array/port v0x55afaeb93590, 3947;
v0x55afaeb93590_3948 .array/port v0x55afaeb93590, 3948;
v0x55afaeb93590_3949 .array/port v0x55afaeb93590, 3949;
v0x55afaeb93590_3950 .array/port v0x55afaeb93590, 3950;
E_0x55afaeb77280/987 .event anyedge, v0x55afaeb93590_3947, v0x55afaeb93590_3948, v0x55afaeb93590_3949, v0x55afaeb93590_3950;
v0x55afaeb93590_3951 .array/port v0x55afaeb93590, 3951;
v0x55afaeb93590_3952 .array/port v0x55afaeb93590, 3952;
v0x55afaeb93590_3953 .array/port v0x55afaeb93590, 3953;
v0x55afaeb93590_3954 .array/port v0x55afaeb93590, 3954;
E_0x55afaeb77280/988 .event anyedge, v0x55afaeb93590_3951, v0x55afaeb93590_3952, v0x55afaeb93590_3953, v0x55afaeb93590_3954;
v0x55afaeb93590_3955 .array/port v0x55afaeb93590, 3955;
v0x55afaeb93590_3956 .array/port v0x55afaeb93590, 3956;
v0x55afaeb93590_3957 .array/port v0x55afaeb93590, 3957;
v0x55afaeb93590_3958 .array/port v0x55afaeb93590, 3958;
E_0x55afaeb77280/989 .event anyedge, v0x55afaeb93590_3955, v0x55afaeb93590_3956, v0x55afaeb93590_3957, v0x55afaeb93590_3958;
v0x55afaeb93590_3959 .array/port v0x55afaeb93590, 3959;
v0x55afaeb93590_3960 .array/port v0x55afaeb93590, 3960;
v0x55afaeb93590_3961 .array/port v0x55afaeb93590, 3961;
v0x55afaeb93590_3962 .array/port v0x55afaeb93590, 3962;
E_0x55afaeb77280/990 .event anyedge, v0x55afaeb93590_3959, v0x55afaeb93590_3960, v0x55afaeb93590_3961, v0x55afaeb93590_3962;
v0x55afaeb93590_3963 .array/port v0x55afaeb93590, 3963;
v0x55afaeb93590_3964 .array/port v0x55afaeb93590, 3964;
v0x55afaeb93590_3965 .array/port v0x55afaeb93590, 3965;
v0x55afaeb93590_3966 .array/port v0x55afaeb93590, 3966;
E_0x55afaeb77280/991 .event anyedge, v0x55afaeb93590_3963, v0x55afaeb93590_3964, v0x55afaeb93590_3965, v0x55afaeb93590_3966;
v0x55afaeb93590_3967 .array/port v0x55afaeb93590, 3967;
v0x55afaeb93590_3968 .array/port v0x55afaeb93590, 3968;
v0x55afaeb93590_3969 .array/port v0x55afaeb93590, 3969;
v0x55afaeb93590_3970 .array/port v0x55afaeb93590, 3970;
E_0x55afaeb77280/992 .event anyedge, v0x55afaeb93590_3967, v0x55afaeb93590_3968, v0x55afaeb93590_3969, v0x55afaeb93590_3970;
v0x55afaeb93590_3971 .array/port v0x55afaeb93590, 3971;
v0x55afaeb93590_3972 .array/port v0x55afaeb93590, 3972;
v0x55afaeb93590_3973 .array/port v0x55afaeb93590, 3973;
v0x55afaeb93590_3974 .array/port v0x55afaeb93590, 3974;
E_0x55afaeb77280/993 .event anyedge, v0x55afaeb93590_3971, v0x55afaeb93590_3972, v0x55afaeb93590_3973, v0x55afaeb93590_3974;
v0x55afaeb93590_3975 .array/port v0x55afaeb93590, 3975;
v0x55afaeb93590_3976 .array/port v0x55afaeb93590, 3976;
v0x55afaeb93590_3977 .array/port v0x55afaeb93590, 3977;
v0x55afaeb93590_3978 .array/port v0x55afaeb93590, 3978;
E_0x55afaeb77280/994 .event anyedge, v0x55afaeb93590_3975, v0x55afaeb93590_3976, v0x55afaeb93590_3977, v0x55afaeb93590_3978;
v0x55afaeb93590_3979 .array/port v0x55afaeb93590, 3979;
v0x55afaeb93590_3980 .array/port v0x55afaeb93590, 3980;
v0x55afaeb93590_3981 .array/port v0x55afaeb93590, 3981;
v0x55afaeb93590_3982 .array/port v0x55afaeb93590, 3982;
E_0x55afaeb77280/995 .event anyedge, v0x55afaeb93590_3979, v0x55afaeb93590_3980, v0x55afaeb93590_3981, v0x55afaeb93590_3982;
v0x55afaeb93590_3983 .array/port v0x55afaeb93590, 3983;
v0x55afaeb93590_3984 .array/port v0x55afaeb93590, 3984;
v0x55afaeb93590_3985 .array/port v0x55afaeb93590, 3985;
v0x55afaeb93590_3986 .array/port v0x55afaeb93590, 3986;
E_0x55afaeb77280/996 .event anyedge, v0x55afaeb93590_3983, v0x55afaeb93590_3984, v0x55afaeb93590_3985, v0x55afaeb93590_3986;
v0x55afaeb93590_3987 .array/port v0x55afaeb93590, 3987;
v0x55afaeb93590_3988 .array/port v0x55afaeb93590, 3988;
v0x55afaeb93590_3989 .array/port v0x55afaeb93590, 3989;
v0x55afaeb93590_3990 .array/port v0x55afaeb93590, 3990;
E_0x55afaeb77280/997 .event anyedge, v0x55afaeb93590_3987, v0x55afaeb93590_3988, v0x55afaeb93590_3989, v0x55afaeb93590_3990;
v0x55afaeb93590_3991 .array/port v0x55afaeb93590, 3991;
v0x55afaeb93590_3992 .array/port v0x55afaeb93590, 3992;
v0x55afaeb93590_3993 .array/port v0x55afaeb93590, 3993;
v0x55afaeb93590_3994 .array/port v0x55afaeb93590, 3994;
E_0x55afaeb77280/998 .event anyedge, v0x55afaeb93590_3991, v0x55afaeb93590_3992, v0x55afaeb93590_3993, v0x55afaeb93590_3994;
v0x55afaeb93590_3995 .array/port v0x55afaeb93590, 3995;
v0x55afaeb93590_3996 .array/port v0x55afaeb93590, 3996;
v0x55afaeb93590_3997 .array/port v0x55afaeb93590, 3997;
v0x55afaeb93590_3998 .array/port v0x55afaeb93590, 3998;
E_0x55afaeb77280/999 .event anyedge, v0x55afaeb93590_3995, v0x55afaeb93590_3996, v0x55afaeb93590_3997, v0x55afaeb93590_3998;
v0x55afaeb93590_3999 .array/port v0x55afaeb93590, 3999;
v0x55afaeb93590_4000 .array/port v0x55afaeb93590, 4000;
v0x55afaeb93590_4001 .array/port v0x55afaeb93590, 4001;
v0x55afaeb93590_4002 .array/port v0x55afaeb93590, 4002;
E_0x55afaeb77280/1000 .event anyedge, v0x55afaeb93590_3999, v0x55afaeb93590_4000, v0x55afaeb93590_4001, v0x55afaeb93590_4002;
v0x55afaeb93590_4003 .array/port v0x55afaeb93590, 4003;
v0x55afaeb93590_4004 .array/port v0x55afaeb93590, 4004;
v0x55afaeb93590_4005 .array/port v0x55afaeb93590, 4005;
v0x55afaeb93590_4006 .array/port v0x55afaeb93590, 4006;
E_0x55afaeb77280/1001 .event anyedge, v0x55afaeb93590_4003, v0x55afaeb93590_4004, v0x55afaeb93590_4005, v0x55afaeb93590_4006;
v0x55afaeb93590_4007 .array/port v0x55afaeb93590, 4007;
v0x55afaeb93590_4008 .array/port v0x55afaeb93590, 4008;
v0x55afaeb93590_4009 .array/port v0x55afaeb93590, 4009;
v0x55afaeb93590_4010 .array/port v0x55afaeb93590, 4010;
E_0x55afaeb77280/1002 .event anyedge, v0x55afaeb93590_4007, v0x55afaeb93590_4008, v0x55afaeb93590_4009, v0x55afaeb93590_4010;
v0x55afaeb93590_4011 .array/port v0x55afaeb93590, 4011;
v0x55afaeb93590_4012 .array/port v0x55afaeb93590, 4012;
v0x55afaeb93590_4013 .array/port v0x55afaeb93590, 4013;
v0x55afaeb93590_4014 .array/port v0x55afaeb93590, 4014;
E_0x55afaeb77280/1003 .event anyedge, v0x55afaeb93590_4011, v0x55afaeb93590_4012, v0x55afaeb93590_4013, v0x55afaeb93590_4014;
v0x55afaeb93590_4015 .array/port v0x55afaeb93590, 4015;
v0x55afaeb93590_4016 .array/port v0x55afaeb93590, 4016;
v0x55afaeb93590_4017 .array/port v0x55afaeb93590, 4017;
v0x55afaeb93590_4018 .array/port v0x55afaeb93590, 4018;
E_0x55afaeb77280/1004 .event anyedge, v0x55afaeb93590_4015, v0x55afaeb93590_4016, v0x55afaeb93590_4017, v0x55afaeb93590_4018;
v0x55afaeb93590_4019 .array/port v0x55afaeb93590, 4019;
v0x55afaeb93590_4020 .array/port v0x55afaeb93590, 4020;
v0x55afaeb93590_4021 .array/port v0x55afaeb93590, 4021;
v0x55afaeb93590_4022 .array/port v0x55afaeb93590, 4022;
E_0x55afaeb77280/1005 .event anyedge, v0x55afaeb93590_4019, v0x55afaeb93590_4020, v0x55afaeb93590_4021, v0x55afaeb93590_4022;
v0x55afaeb93590_4023 .array/port v0x55afaeb93590, 4023;
v0x55afaeb93590_4024 .array/port v0x55afaeb93590, 4024;
v0x55afaeb93590_4025 .array/port v0x55afaeb93590, 4025;
v0x55afaeb93590_4026 .array/port v0x55afaeb93590, 4026;
E_0x55afaeb77280/1006 .event anyedge, v0x55afaeb93590_4023, v0x55afaeb93590_4024, v0x55afaeb93590_4025, v0x55afaeb93590_4026;
v0x55afaeb93590_4027 .array/port v0x55afaeb93590, 4027;
v0x55afaeb93590_4028 .array/port v0x55afaeb93590, 4028;
v0x55afaeb93590_4029 .array/port v0x55afaeb93590, 4029;
v0x55afaeb93590_4030 .array/port v0x55afaeb93590, 4030;
E_0x55afaeb77280/1007 .event anyedge, v0x55afaeb93590_4027, v0x55afaeb93590_4028, v0x55afaeb93590_4029, v0x55afaeb93590_4030;
v0x55afaeb93590_4031 .array/port v0x55afaeb93590, 4031;
v0x55afaeb93590_4032 .array/port v0x55afaeb93590, 4032;
v0x55afaeb93590_4033 .array/port v0x55afaeb93590, 4033;
v0x55afaeb93590_4034 .array/port v0x55afaeb93590, 4034;
E_0x55afaeb77280/1008 .event anyedge, v0x55afaeb93590_4031, v0x55afaeb93590_4032, v0x55afaeb93590_4033, v0x55afaeb93590_4034;
v0x55afaeb93590_4035 .array/port v0x55afaeb93590, 4035;
v0x55afaeb93590_4036 .array/port v0x55afaeb93590, 4036;
v0x55afaeb93590_4037 .array/port v0x55afaeb93590, 4037;
v0x55afaeb93590_4038 .array/port v0x55afaeb93590, 4038;
E_0x55afaeb77280/1009 .event anyedge, v0x55afaeb93590_4035, v0x55afaeb93590_4036, v0x55afaeb93590_4037, v0x55afaeb93590_4038;
v0x55afaeb93590_4039 .array/port v0x55afaeb93590, 4039;
v0x55afaeb93590_4040 .array/port v0x55afaeb93590, 4040;
v0x55afaeb93590_4041 .array/port v0x55afaeb93590, 4041;
v0x55afaeb93590_4042 .array/port v0x55afaeb93590, 4042;
E_0x55afaeb77280/1010 .event anyedge, v0x55afaeb93590_4039, v0x55afaeb93590_4040, v0x55afaeb93590_4041, v0x55afaeb93590_4042;
v0x55afaeb93590_4043 .array/port v0x55afaeb93590, 4043;
v0x55afaeb93590_4044 .array/port v0x55afaeb93590, 4044;
v0x55afaeb93590_4045 .array/port v0x55afaeb93590, 4045;
v0x55afaeb93590_4046 .array/port v0x55afaeb93590, 4046;
E_0x55afaeb77280/1011 .event anyedge, v0x55afaeb93590_4043, v0x55afaeb93590_4044, v0x55afaeb93590_4045, v0x55afaeb93590_4046;
v0x55afaeb93590_4047 .array/port v0x55afaeb93590, 4047;
v0x55afaeb93590_4048 .array/port v0x55afaeb93590, 4048;
v0x55afaeb93590_4049 .array/port v0x55afaeb93590, 4049;
v0x55afaeb93590_4050 .array/port v0x55afaeb93590, 4050;
E_0x55afaeb77280/1012 .event anyedge, v0x55afaeb93590_4047, v0x55afaeb93590_4048, v0x55afaeb93590_4049, v0x55afaeb93590_4050;
v0x55afaeb93590_4051 .array/port v0x55afaeb93590, 4051;
v0x55afaeb93590_4052 .array/port v0x55afaeb93590, 4052;
v0x55afaeb93590_4053 .array/port v0x55afaeb93590, 4053;
v0x55afaeb93590_4054 .array/port v0x55afaeb93590, 4054;
E_0x55afaeb77280/1013 .event anyedge, v0x55afaeb93590_4051, v0x55afaeb93590_4052, v0x55afaeb93590_4053, v0x55afaeb93590_4054;
v0x55afaeb93590_4055 .array/port v0x55afaeb93590, 4055;
v0x55afaeb93590_4056 .array/port v0x55afaeb93590, 4056;
v0x55afaeb93590_4057 .array/port v0x55afaeb93590, 4057;
v0x55afaeb93590_4058 .array/port v0x55afaeb93590, 4058;
E_0x55afaeb77280/1014 .event anyedge, v0x55afaeb93590_4055, v0x55afaeb93590_4056, v0x55afaeb93590_4057, v0x55afaeb93590_4058;
v0x55afaeb93590_4059 .array/port v0x55afaeb93590, 4059;
v0x55afaeb93590_4060 .array/port v0x55afaeb93590, 4060;
v0x55afaeb93590_4061 .array/port v0x55afaeb93590, 4061;
v0x55afaeb93590_4062 .array/port v0x55afaeb93590, 4062;
E_0x55afaeb77280/1015 .event anyedge, v0x55afaeb93590_4059, v0x55afaeb93590_4060, v0x55afaeb93590_4061, v0x55afaeb93590_4062;
v0x55afaeb93590_4063 .array/port v0x55afaeb93590, 4063;
v0x55afaeb93590_4064 .array/port v0x55afaeb93590, 4064;
v0x55afaeb93590_4065 .array/port v0x55afaeb93590, 4065;
v0x55afaeb93590_4066 .array/port v0x55afaeb93590, 4066;
E_0x55afaeb77280/1016 .event anyedge, v0x55afaeb93590_4063, v0x55afaeb93590_4064, v0x55afaeb93590_4065, v0x55afaeb93590_4066;
v0x55afaeb93590_4067 .array/port v0x55afaeb93590, 4067;
v0x55afaeb93590_4068 .array/port v0x55afaeb93590, 4068;
v0x55afaeb93590_4069 .array/port v0x55afaeb93590, 4069;
v0x55afaeb93590_4070 .array/port v0x55afaeb93590, 4070;
E_0x55afaeb77280/1017 .event anyedge, v0x55afaeb93590_4067, v0x55afaeb93590_4068, v0x55afaeb93590_4069, v0x55afaeb93590_4070;
v0x55afaeb93590_4071 .array/port v0x55afaeb93590, 4071;
v0x55afaeb93590_4072 .array/port v0x55afaeb93590, 4072;
v0x55afaeb93590_4073 .array/port v0x55afaeb93590, 4073;
v0x55afaeb93590_4074 .array/port v0x55afaeb93590, 4074;
E_0x55afaeb77280/1018 .event anyedge, v0x55afaeb93590_4071, v0x55afaeb93590_4072, v0x55afaeb93590_4073, v0x55afaeb93590_4074;
v0x55afaeb93590_4075 .array/port v0x55afaeb93590, 4075;
v0x55afaeb93590_4076 .array/port v0x55afaeb93590, 4076;
v0x55afaeb93590_4077 .array/port v0x55afaeb93590, 4077;
v0x55afaeb93590_4078 .array/port v0x55afaeb93590, 4078;
E_0x55afaeb77280/1019 .event anyedge, v0x55afaeb93590_4075, v0x55afaeb93590_4076, v0x55afaeb93590_4077, v0x55afaeb93590_4078;
v0x55afaeb93590_4079 .array/port v0x55afaeb93590, 4079;
v0x55afaeb93590_4080 .array/port v0x55afaeb93590, 4080;
v0x55afaeb93590_4081 .array/port v0x55afaeb93590, 4081;
v0x55afaeb93590_4082 .array/port v0x55afaeb93590, 4082;
E_0x55afaeb77280/1020 .event anyedge, v0x55afaeb93590_4079, v0x55afaeb93590_4080, v0x55afaeb93590_4081, v0x55afaeb93590_4082;
v0x55afaeb93590_4083 .array/port v0x55afaeb93590, 4083;
v0x55afaeb93590_4084 .array/port v0x55afaeb93590, 4084;
v0x55afaeb93590_4085 .array/port v0x55afaeb93590, 4085;
v0x55afaeb93590_4086 .array/port v0x55afaeb93590, 4086;
E_0x55afaeb77280/1021 .event anyedge, v0x55afaeb93590_4083, v0x55afaeb93590_4084, v0x55afaeb93590_4085, v0x55afaeb93590_4086;
v0x55afaeb93590_4087 .array/port v0x55afaeb93590, 4087;
v0x55afaeb93590_4088 .array/port v0x55afaeb93590, 4088;
v0x55afaeb93590_4089 .array/port v0x55afaeb93590, 4089;
v0x55afaeb93590_4090 .array/port v0x55afaeb93590, 4090;
E_0x55afaeb77280/1022 .event anyedge, v0x55afaeb93590_4087, v0x55afaeb93590_4088, v0x55afaeb93590_4089, v0x55afaeb93590_4090;
v0x55afaeb93590_4091 .array/port v0x55afaeb93590, 4091;
v0x55afaeb93590_4092 .array/port v0x55afaeb93590, 4092;
v0x55afaeb93590_4093 .array/port v0x55afaeb93590, 4093;
v0x55afaeb93590_4094 .array/port v0x55afaeb93590, 4094;
E_0x55afaeb77280/1023 .event anyedge, v0x55afaeb93590_4091, v0x55afaeb93590_4092, v0x55afaeb93590_4093, v0x55afaeb93590_4094;
v0x55afaeb93590_4095 .array/port v0x55afaeb93590, 4095;
v0x55afaeb93590_4096 .array/port v0x55afaeb93590, 4096;
v0x55afaeb93590_4097 .array/port v0x55afaeb93590, 4097;
v0x55afaeb93590_4098 .array/port v0x55afaeb93590, 4098;
E_0x55afaeb77280/1024 .event anyedge, v0x55afaeb93590_4095, v0x55afaeb93590_4096, v0x55afaeb93590_4097, v0x55afaeb93590_4098;
v0x55afaeb93590_4099 .array/port v0x55afaeb93590, 4099;
v0x55afaeb93590_4100 .array/port v0x55afaeb93590, 4100;
v0x55afaeb93590_4101 .array/port v0x55afaeb93590, 4101;
v0x55afaeb93590_4102 .array/port v0x55afaeb93590, 4102;
E_0x55afaeb77280/1025 .event anyedge, v0x55afaeb93590_4099, v0x55afaeb93590_4100, v0x55afaeb93590_4101, v0x55afaeb93590_4102;
v0x55afaeb93590_4103 .array/port v0x55afaeb93590, 4103;
v0x55afaeb93590_4104 .array/port v0x55afaeb93590, 4104;
v0x55afaeb93590_4105 .array/port v0x55afaeb93590, 4105;
v0x55afaeb93590_4106 .array/port v0x55afaeb93590, 4106;
E_0x55afaeb77280/1026 .event anyedge, v0x55afaeb93590_4103, v0x55afaeb93590_4104, v0x55afaeb93590_4105, v0x55afaeb93590_4106;
v0x55afaeb93590_4107 .array/port v0x55afaeb93590, 4107;
v0x55afaeb93590_4108 .array/port v0x55afaeb93590, 4108;
v0x55afaeb93590_4109 .array/port v0x55afaeb93590, 4109;
v0x55afaeb93590_4110 .array/port v0x55afaeb93590, 4110;
E_0x55afaeb77280/1027 .event anyedge, v0x55afaeb93590_4107, v0x55afaeb93590_4108, v0x55afaeb93590_4109, v0x55afaeb93590_4110;
v0x55afaeb93590_4111 .array/port v0x55afaeb93590, 4111;
v0x55afaeb93590_4112 .array/port v0x55afaeb93590, 4112;
v0x55afaeb93590_4113 .array/port v0x55afaeb93590, 4113;
v0x55afaeb93590_4114 .array/port v0x55afaeb93590, 4114;
E_0x55afaeb77280/1028 .event anyedge, v0x55afaeb93590_4111, v0x55afaeb93590_4112, v0x55afaeb93590_4113, v0x55afaeb93590_4114;
v0x55afaeb93590_4115 .array/port v0x55afaeb93590, 4115;
v0x55afaeb93590_4116 .array/port v0x55afaeb93590, 4116;
v0x55afaeb93590_4117 .array/port v0x55afaeb93590, 4117;
v0x55afaeb93590_4118 .array/port v0x55afaeb93590, 4118;
E_0x55afaeb77280/1029 .event anyedge, v0x55afaeb93590_4115, v0x55afaeb93590_4116, v0x55afaeb93590_4117, v0x55afaeb93590_4118;
v0x55afaeb93590_4119 .array/port v0x55afaeb93590, 4119;
v0x55afaeb93590_4120 .array/port v0x55afaeb93590, 4120;
v0x55afaeb93590_4121 .array/port v0x55afaeb93590, 4121;
v0x55afaeb93590_4122 .array/port v0x55afaeb93590, 4122;
E_0x55afaeb77280/1030 .event anyedge, v0x55afaeb93590_4119, v0x55afaeb93590_4120, v0x55afaeb93590_4121, v0x55afaeb93590_4122;
v0x55afaeb93590_4123 .array/port v0x55afaeb93590, 4123;
v0x55afaeb93590_4124 .array/port v0x55afaeb93590, 4124;
v0x55afaeb93590_4125 .array/port v0x55afaeb93590, 4125;
v0x55afaeb93590_4126 .array/port v0x55afaeb93590, 4126;
E_0x55afaeb77280/1031 .event anyedge, v0x55afaeb93590_4123, v0x55afaeb93590_4124, v0x55afaeb93590_4125, v0x55afaeb93590_4126;
v0x55afaeb93590_4127 .array/port v0x55afaeb93590, 4127;
v0x55afaeb93590_4128 .array/port v0x55afaeb93590, 4128;
v0x55afaeb93590_4129 .array/port v0x55afaeb93590, 4129;
v0x55afaeb93590_4130 .array/port v0x55afaeb93590, 4130;
E_0x55afaeb77280/1032 .event anyedge, v0x55afaeb93590_4127, v0x55afaeb93590_4128, v0x55afaeb93590_4129, v0x55afaeb93590_4130;
v0x55afaeb93590_4131 .array/port v0x55afaeb93590, 4131;
v0x55afaeb93590_4132 .array/port v0x55afaeb93590, 4132;
v0x55afaeb93590_4133 .array/port v0x55afaeb93590, 4133;
v0x55afaeb93590_4134 .array/port v0x55afaeb93590, 4134;
E_0x55afaeb77280/1033 .event anyedge, v0x55afaeb93590_4131, v0x55afaeb93590_4132, v0x55afaeb93590_4133, v0x55afaeb93590_4134;
v0x55afaeb93590_4135 .array/port v0x55afaeb93590, 4135;
v0x55afaeb93590_4136 .array/port v0x55afaeb93590, 4136;
v0x55afaeb93590_4137 .array/port v0x55afaeb93590, 4137;
v0x55afaeb93590_4138 .array/port v0x55afaeb93590, 4138;
E_0x55afaeb77280/1034 .event anyedge, v0x55afaeb93590_4135, v0x55afaeb93590_4136, v0x55afaeb93590_4137, v0x55afaeb93590_4138;
v0x55afaeb93590_4139 .array/port v0x55afaeb93590, 4139;
v0x55afaeb93590_4140 .array/port v0x55afaeb93590, 4140;
v0x55afaeb93590_4141 .array/port v0x55afaeb93590, 4141;
v0x55afaeb93590_4142 .array/port v0x55afaeb93590, 4142;
E_0x55afaeb77280/1035 .event anyedge, v0x55afaeb93590_4139, v0x55afaeb93590_4140, v0x55afaeb93590_4141, v0x55afaeb93590_4142;
v0x55afaeb93590_4143 .array/port v0x55afaeb93590, 4143;
v0x55afaeb93590_4144 .array/port v0x55afaeb93590, 4144;
v0x55afaeb93590_4145 .array/port v0x55afaeb93590, 4145;
v0x55afaeb93590_4146 .array/port v0x55afaeb93590, 4146;
E_0x55afaeb77280/1036 .event anyedge, v0x55afaeb93590_4143, v0x55afaeb93590_4144, v0x55afaeb93590_4145, v0x55afaeb93590_4146;
v0x55afaeb93590_4147 .array/port v0x55afaeb93590, 4147;
v0x55afaeb93590_4148 .array/port v0x55afaeb93590, 4148;
v0x55afaeb93590_4149 .array/port v0x55afaeb93590, 4149;
v0x55afaeb93590_4150 .array/port v0x55afaeb93590, 4150;
E_0x55afaeb77280/1037 .event anyedge, v0x55afaeb93590_4147, v0x55afaeb93590_4148, v0x55afaeb93590_4149, v0x55afaeb93590_4150;
v0x55afaeb93590_4151 .array/port v0x55afaeb93590, 4151;
v0x55afaeb93590_4152 .array/port v0x55afaeb93590, 4152;
v0x55afaeb93590_4153 .array/port v0x55afaeb93590, 4153;
v0x55afaeb93590_4154 .array/port v0x55afaeb93590, 4154;
E_0x55afaeb77280/1038 .event anyedge, v0x55afaeb93590_4151, v0x55afaeb93590_4152, v0x55afaeb93590_4153, v0x55afaeb93590_4154;
v0x55afaeb93590_4155 .array/port v0x55afaeb93590, 4155;
v0x55afaeb93590_4156 .array/port v0x55afaeb93590, 4156;
v0x55afaeb93590_4157 .array/port v0x55afaeb93590, 4157;
v0x55afaeb93590_4158 .array/port v0x55afaeb93590, 4158;
E_0x55afaeb77280/1039 .event anyedge, v0x55afaeb93590_4155, v0x55afaeb93590_4156, v0x55afaeb93590_4157, v0x55afaeb93590_4158;
v0x55afaeb93590_4159 .array/port v0x55afaeb93590, 4159;
v0x55afaeb93590_4160 .array/port v0x55afaeb93590, 4160;
v0x55afaeb93590_4161 .array/port v0x55afaeb93590, 4161;
v0x55afaeb93590_4162 .array/port v0x55afaeb93590, 4162;
E_0x55afaeb77280/1040 .event anyedge, v0x55afaeb93590_4159, v0x55afaeb93590_4160, v0x55afaeb93590_4161, v0x55afaeb93590_4162;
v0x55afaeb93590_4163 .array/port v0x55afaeb93590, 4163;
v0x55afaeb93590_4164 .array/port v0x55afaeb93590, 4164;
v0x55afaeb93590_4165 .array/port v0x55afaeb93590, 4165;
v0x55afaeb93590_4166 .array/port v0x55afaeb93590, 4166;
E_0x55afaeb77280/1041 .event anyedge, v0x55afaeb93590_4163, v0x55afaeb93590_4164, v0x55afaeb93590_4165, v0x55afaeb93590_4166;
v0x55afaeb93590_4167 .array/port v0x55afaeb93590, 4167;
v0x55afaeb93590_4168 .array/port v0x55afaeb93590, 4168;
v0x55afaeb93590_4169 .array/port v0x55afaeb93590, 4169;
v0x55afaeb93590_4170 .array/port v0x55afaeb93590, 4170;
E_0x55afaeb77280/1042 .event anyedge, v0x55afaeb93590_4167, v0x55afaeb93590_4168, v0x55afaeb93590_4169, v0x55afaeb93590_4170;
v0x55afaeb93590_4171 .array/port v0x55afaeb93590, 4171;
v0x55afaeb93590_4172 .array/port v0x55afaeb93590, 4172;
v0x55afaeb93590_4173 .array/port v0x55afaeb93590, 4173;
v0x55afaeb93590_4174 .array/port v0x55afaeb93590, 4174;
E_0x55afaeb77280/1043 .event anyedge, v0x55afaeb93590_4171, v0x55afaeb93590_4172, v0x55afaeb93590_4173, v0x55afaeb93590_4174;
v0x55afaeb93590_4175 .array/port v0x55afaeb93590, 4175;
v0x55afaeb93590_4176 .array/port v0x55afaeb93590, 4176;
v0x55afaeb93590_4177 .array/port v0x55afaeb93590, 4177;
v0x55afaeb93590_4178 .array/port v0x55afaeb93590, 4178;
E_0x55afaeb77280/1044 .event anyedge, v0x55afaeb93590_4175, v0x55afaeb93590_4176, v0x55afaeb93590_4177, v0x55afaeb93590_4178;
v0x55afaeb93590_4179 .array/port v0x55afaeb93590, 4179;
v0x55afaeb93590_4180 .array/port v0x55afaeb93590, 4180;
v0x55afaeb93590_4181 .array/port v0x55afaeb93590, 4181;
v0x55afaeb93590_4182 .array/port v0x55afaeb93590, 4182;
E_0x55afaeb77280/1045 .event anyedge, v0x55afaeb93590_4179, v0x55afaeb93590_4180, v0x55afaeb93590_4181, v0x55afaeb93590_4182;
v0x55afaeb93590_4183 .array/port v0x55afaeb93590, 4183;
v0x55afaeb93590_4184 .array/port v0x55afaeb93590, 4184;
v0x55afaeb93590_4185 .array/port v0x55afaeb93590, 4185;
v0x55afaeb93590_4186 .array/port v0x55afaeb93590, 4186;
E_0x55afaeb77280/1046 .event anyedge, v0x55afaeb93590_4183, v0x55afaeb93590_4184, v0x55afaeb93590_4185, v0x55afaeb93590_4186;
v0x55afaeb93590_4187 .array/port v0x55afaeb93590, 4187;
v0x55afaeb93590_4188 .array/port v0x55afaeb93590, 4188;
v0x55afaeb93590_4189 .array/port v0x55afaeb93590, 4189;
v0x55afaeb93590_4190 .array/port v0x55afaeb93590, 4190;
E_0x55afaeb77280/1047 .event anyedge, v0x55afaeb93590_4187, v0x55afaeb93590_4188, v0x55afaeb93590_4189, v0x55afaeb93590_4190;
v0x55afaeb93590_4191 .array/port v0x55afaeb93590, 4191;
v0x55afaeb93590_4192 .array/port v0x55afaeb93590, 4192;
v0x55afaeb93590_4193 .array/port v0x55afaeb93590, 4193;
v0x55afaeb93590_4194 .array/port v0x55afaeb93590, 4194;
E_0x55afaeb77280/1048 .event anyedge, v0x55afaeb93590_4191, v0x55afaeb93590_4192, v0x55afaeb93590_4193, v0x55afaeb93590_4194;
v0x55afaeb93590_4195 .array/port v0x55afaeb93590, 4195;
v0x55afaeb93590_4196 .array/port v0x55afaeb93590, 4196;
v0x55afaeb93590_4197 .array/port v0x55afaeb93590, 4197;
v0x55afaeb93590_4198 .array/port v0x55afaeb93590, 4198;
E_0x55afaeb77280/1049 .event anyedge, v0x55afaeb93590_4195, v0x55afaeb93590_4196, v0x55afaeb93590_4197, v0x55afaeb93590_4198;
v0x55afaeb93590_4199 .array/port v0x55afaeb93590, 4199;
v0x55afaeb93590_4200 .array/port v0x55afaeb93590, 4200;
v0x55afaeb93590_4201 .array/port v0x55afaeb93590, 4201;
v0x55afaeb93590_4202 .array/port v0x55afaeb93590, 4202;
E_0x55afaeb77280/1050 .event anyedge, v0x55afaeb93590_4199, v0x55afaeb93590_4200, v0x55afaeb93590_4201, v0x55afaeb93590_4202;
v0x55afaeb93590_4203 .array/port v0x55afaeb93590, 4203;
v0x55afaeb93590_4204 .array/port v0x55afaeb93590, 4204;
v0x55afaeb93590_4205 .array/port v0x55afaeb93590, 4205;
v0x55afaeb93590_4206 .array/port v0x55afaeb93590, 4206;
E_0x55afaeb77280/1051 .event anyedge, v0x55afaeb93590_4203, v0x55afaeb93590_4204, v0x55afaeb93590_4205, v0x55afaeb93590_4206;
v0x55afaeb93590_4207 .array/port v0x55afaeb93590, 4207;
v0x55afaeb93590_4208 .array/port v0x55afaeb93590, 4208;
v0x55afaeb93590_4209 .array/port v0x55afaeb93590, 4209;
v0x55afaeb93590_4210 .array/port v0x55afaeb93590, 4210;
E_0x55afaeb77280/1052 .event anyedge, v0x55afaeb93590_4207, v0x55afaeb93590_4208, v0x55afaeb93590_4209, v0x55afaeb93590_4210;
v0x55afaeb93590_4211 .array/port v0x55afaeb93590, 4211;
v0x55afaeb93590_4212 .array/port v0x55afaeb93590, 4212;
v0x55afaeb93590_4213 .array/port v0x55afaeb93590, 4213;
v0x55afaeb93590_4214 .array/port v0x55afaeb93590, 4214;
E_0x55afaeb77280/1053 .event anyedge, v0x55afaeb93590_4211, v0x55afaeb93590_4212, v0x55afaeb93590_4213, v0x55afaeb93590_4214;
v0x55afaeb93590_4215 .array/port v0x55afaeb93590, 4215;
v0x55afaeb93590_4216 .array/port v0x55afaeb93590, 4216;
v0x55afaeb93590_4217 .array/port v0x55afaeb93590, 4217;
v0x55afaeb93590_4218 .array/port v0x55afaeb93590, 4218;
E_0x55afaeb77280/1054 .event anyedge, v0x55afaeb93590_4215, v0x55afaeb93590_4216, v0x55afaeb93590_4217, v0x55afaeb93590_4218;
v0x55afaeb93590_4219 .array/port v0x55afaeb93590, 4219;
v0x55afaeb93590_4220 .array/port v0x55afaeb93590, 4220;
v0x55afaeb93590_4221 .array/port v0x55afaeb93590, 4221;
v0x55afaeb93590_4222 .array/port v0x55afaeb93590, 4222;
E_0x55afaeb77280/1055 .event anyedge, v0x55afaeb93590_4219, v0x55afaeb93590_4220, v0x55afaeb93590_4221, v0x55afaeb93590_4222;
v0x55afaeb93590_4223 .array/port v0x55afaeb93590, 4223;
v0x55afaeb93590_4224 .array/port v0x55afaeb93590, 4224;
v0x55afaeb93590_4225 .array/port v0x55afaeb93590, 4225;
v0x55afaeb93590_4226 .array/port v0x55afaeb93590, 4226;
E_0x55afaeb77280/1056 .event anyedge, v0x55afaeb93590_4223, v0x55afaeb93590_4224, v0x55afaeb93590_4225, v0x55afaeb93590_4226;
v0x55afaeb93590_4227 .array/port v0x55afaeb93590, 4227;
v0x55afaeb93590_4228 .array/port v0x55afaeb93590, 4228;
v0x55afaeb93590_4229 .array/port v0x55afaeb93590, 4229;
v0x55afaeb93590_4230 .array/port v0x55afaeb93590, 4230;
E_0x55afaeb77280/1057 .event anyedge, v0x55afaeb93590_4227, v0x55afaeb93590_4228, v0x55afaeb93590_4229, v0x55afaeb93590_4230;
v0x55afaeb93590_4231 .array/port v0x55afaeb93590, 4231;
v0x55afaeb93590_4232 .array/port v0x55afaeb93590, 4232;
v0x55afaeb93590_4233 .array/port v0x55afaeb93590, 4233;
v0x55afaeb93590_4234 .array/port v0x55afaeb93590, 4234;
E_0x55afaeb77280/1058 .event anyedge, v0x55afaeb93590_4231, v0x55afaeb93590_4232, v0x55afaeb93590_4233, v0x55afaeb93590_4234;
v0x55afaeb93590_4235 .array/port v0x55afaeb93590, 4235;
v0x55afaeb93590_4236 .array/port v0x55afaeb93590, 4236;
v0x55afaeb93590_4237 .array/port v0x55afaeb93590, 4237;
v0x55afaeb93590_4238 .array/port v0x55afaeb93590, 4238;
E_0x55afaeb77280/1059 .event anyedge, v0x55afaeb93590_4235, v0x55afaeb93590_4236, v0x55afaeb93590_4237, v0x55afaeb93590_4238;
v0x55afaeb93590_4239 .array/port v0x55afaeb93590, 4239;
v0x55afaeb93590_4240 .array/port v0x55afaeb93590, 4240;
v0x55afaeb93590_4241 .array/port v0x55afaeb93590, 4241;
v0x55afaeb93590_4242 .array/port v0x55afaeb93590, 4242;
E_0x55afaeb77280/1060 .event anyedge, v0x55afaeb93590_4239, v0x55afaeb93590_4240, v0x55afaeb93590_4241, v0x55afaeb93590_4242;
v0x55afaeb93590_4243 .array/port v0x55afaeb93590, 4243;
v0x55afaeb93590_4244 .array/port v0x55afaeb93590, 4244;
v0x55afaeb93590_4245 .array/port v0x55afaeb93590, 4245;
v0x55afaeb93590_4246 .array/port v0x55afaeb93590, 4246;
E_0x55afaeb77280/1061 .event anyedge, v0x55afaeb93590_4243, v0x55afaeb93590_4244, v0x55afaeb93590_4245, v0x55afaeb93590_4246;
v0x55afaeb93590_4247 .array/port v0x55afaeb93590, 4247;
v0x55afaeb93590_4248 .array/port v0x55afaeb93590, 4248;
v0x55afaeb93590_4249 .array/port v0x55afaeb93590, 4249;
v0x55afaeb93590_4250 .array/port v0x55afaeb93590, 4250;
E_0x55afaeb77280/1062 .event anyedge, v0x55afaeb93590_4247, v0x55afaeb93590_4248, v0x55afaeb93590_4249, v0x55afaeb93590_4250;
v0x55afaeb93590_4251 .array/port v0x55afaeb93590, 4251;
v0x55afaeb93590_4252 .array/port v0x55afaeb93590, 4252;
v0x55afaeb93590_4253 .array/port v0x55afaeb93590, 4253;
v0x55afaeb93590_4254 .array/port v0x55afaeb93590, 4254;
E_0x55afaeb77280/1063 .event anyedge, v0x55afaeb93590_4251, v0x55afaeb93590_4252, v0x55afaeb93590_4253, v0x55afaeb93590_4254;
v0x55afaeb93590_4255 .array/port v0x55afaeb93590, 4255;
v0x55afaeb93590_4256 .array/port v0x55afaeb93590, 4256;
v0x55afaeb93590_4257 .array/port v0x55afaeb93590, 4257;
v0x55afaeb93590_4258 .array/port v0x55afaeb93590, 4258;
E_0x55afaeb77280/1064 .event anyedge, v0x55afaeb93590_4255, v0x55afaeb93590_4256, v0x55afaeb93590_4257, v0x55afaeb93590_4258;
v0x55afaeb93590_4259 .array/port v0x55afaeb93590, 4259;
v0x55afaeb93590_4260 .array/port v0x55afaeb93590, 4260;
v0x55afaeb93590_4261 .array/port v0x55afaeb93590, 4261;
v0x55afaeb93590_4262 .array/port v0x55afaeb93590, 4262;
E_0x55afaeb77280/1065 .event anyedge, v0x55afaeb93590_4259, v0x55afaeb93590_4260, v0x55afaeb93590_4261, v0x55afaeb93590_4262;
v0x55afaeb93590_4263 .array/port v0x55afaeb93590, 4263;
v0x55afaeb93590_4264 .array/port v0x55afaeb93590, 4264;
v0x55afaeb93590_4265 .array/port v0x55afaeb93590, 4265;
v0x55afaeb93590_4266 .array/port v0x55afaeb93590, 4266;
E_0x55afaeb77280/1066 .event anyedge, v0x55afaeb93590_4263, v0x55afaeb93590_4264, v0x55afaeb93590_4265, v0x55afaeb93590_4266;
v0x55afaeb93590_4267 .array/port v0x55afaeb93590, 4267;
v0x55afaeb93590_4268 .array/port v0x55afaeb93590, 4268;
v0x55afaeb93590_4269 .array/port v0x55afaeb93590, 4269;
v0x55afaeb93590_4270 .array/port v0x55afaeb93590, 4270;
E_0x55afaeb77280/1067 .event anyedge, v0x55afaeb93590_4267, v0x55afaeb93590_4268, v0x55afaeb93590_4269, v0x55afaeb93590_4270;
v0x55afaeb93590_4271 .array/port v0x55afaeb93590, 4271;
v0x55afaeb93590_4272 .array/port v0x55afaeb93590, 4272;
v0x55afaeb93590_4273 .array/port v0x55afaeb93590, 4273;
v0x55afaeb93590_4274 .array/port v0x55afaeb93590, 4274;
E_0x55afaeb77280/1068 .event anyedge, v0x55afaeb93590_4271, v0x55afaeb93590_4272, v0x55afaeb93590_4273, v0x55afaeb93590_4274;
v0x55afaeb93590_4275 .array/port v0x55afaeb93590, 4275;
v0x55afaeb93590_4276 .array/port v0x55afaeb93590, 4276;
v0x55afaeb93590_4277 .array/port v0x55afaeb93590, 4277;
v0x55afaeb93590_4278 .array/port v0x55afaeb93590, 4278;
E_0x55afaeb77280/1069 .event anyedge, v0x55afaeb93590_4275, v0x55afaeb93590_4276, v0x55afaeb93590_4277, v0x55afaeb93590_4278;
v0x55afaeb93590_4279 .array/port v0x55afaeb93590, 4279;
v0x55afaeb93590_4280 .array/port v0x55afaeb93590, 4280;
v0x55afaeb93590_4281 .array/port v0x55afaeb93590, 4281;
v0x55afaeb93590_4282 .array/port v0x55afaeb93590, 4282;
E_0x55afaeb77280/1070 .event anyedge, v0x55afaeb93590_4279, v0x55afaeb93590_4280, v0x55afaeb93590_4281, v0x55afaeb93590_4282;
v0x55afaeb93590_4283 .array/port v0x55afaeb93590, 4283;
v0x55afaeb93590_4284 .array/port v0x55afaeb93590, 4284;
v0x55afaeb93590_4285 .array/port v0x55afaeb93590, 4285;
v0x55afaeb93590_4286 .array/port v0x55afaeb93590, 4286;
E_0x55afaeb77280/1071 .event anyedge, v0x55afaeb93590_4283, v0x55afaeb93590_4284, v0x55afaeb93590_4285, v0x55afaeb93590_4286;
v0x55afaeb93590_4287 .array/port v0x55afaeb93590, 4287;
v0x55afaeb93590_4288 .array/port v0x55afaeb93590, 4288;
v0x55afaeb93590_4289 .array/port v0x55afaeb93590, 4289;
v0x55afaeb93590_4290 .array/port v0x55afaeb93590, 4290;
E_0x55afaeb77280/1072 .event anyedge, v0x55afaeb93590_4287, v0x55afaeb93590_4288, v0x55afaeb93590_4289, v0x55afaeb93590_4290;
v0x55afaeb93590_4291 .array/port v0x55afaeb93590, 4291;
v0x55afaeb93590_4292 .array/port v0x55afaeb93590, 4292;
v0x55afaeb93590_4293 .array/port v0x55afaeb93590, 4293;
v0x55afaeb93590_4294 .array/port v0x55afaeb93590, 4294;
E_0x55afaeb77280/1073 .event anyedge, v0x55afaeb93590_4291, v0x55afaeb93590_4292, v0x55afaeb93590_4293, v0x55afaeb93590_4294;
v0x55afaeb93590_4295 .array/port v0x55afaeb93590, 4295;
v0x55afaeb93590_4296 .array/port v0x55afaeb93590, 4296;
v0x55afaeb93590_4297 .array/port v0x55afaeb93590, 4297;
v0x55afaeb93590_4298 .array/port v0x55afaeb93590, 4298;
E_0x55afaeb77280/1074 .event anyedge, v0x55afaeb93590_4295, v0x55afaeb93590_4296, v0x55afaeb93590_4297, v0x55afaeb93590_4298;
v0x55afaeb93590_4299 .array/port v0x55afaeb93590, 4299;
v0x55afaeb93590_4300 .array/port v0x55afaeb93590, 4300;
v0x55afaeb93590_4301 .array/port v0x55afaeb93590, 4301;
v0x55afaeb93590_4302 .array/port v0x55afaeb93590, 4302;
E_0x55afaeb77280/1075 .event anyedge, v0x55afaeb93590_4299, v0x55afaeb93590_4300, v0x55afaeb93590_4301, v0x55afaeb93590_4302;
v0x55afaeb93590_4303 .array/port v0x55afaeb93590, 4303;
v0x55afaeb93590_4304 .array/port v0x55afaeb93590, 4304;
v0x55afaeb93590_4305 .array/port v0x55afaeb93590, 4305;
v0x55afaeb93590_4306 .array/port v0x55afaeb93590, 4306;
E_0x55afaeb77280/1076 .event anyedge, v0x55afaeb93590_4303, v0x55afaeb93590_4304, v0x55afaeb93590_4305, v0x55afaeb93590_4306;
v0x55afaeb93590_4307 .array/port v0x55afaeb93590, 4307;
v0x55afaeb93590_4308 .array/port v0x55afaeb93590, 4308;
v0x55afaeb93590_4309 .array/port v0x55afaeb93590, 4309;
v0x55afaeb93590_4310 .array/port v0x55afaeb93590, 4310;
E_0x55afaeb77280/1077 .event anyedge, v0x55afaeb93590_4307, v0x55afaeb93590_4308, v0x55afaeb93590_4309, v0x55afaeb93590_4310;
v0x55afaeb93590_4311 .array/port v0x55afaeb93590, 4311;
v0x55afaeb93590_4312 .array/port v0x55afaeb93590, 4312;
v0x55afaeb93590_4313 .array/port v0x55afaeb93590, 4313;
v0x55afaeb93590_4314 .array/port v0x55afaeb93590, 4314;
E_0x55afaeb77280/1078 .event anyedge, v0x55afaeb93590_4311, v0x55afaeb93590_4312, v0x55afaeb93590_4313, v0x55afaeb93590_4314;
v0x55afaeb93590_4315 .array/port v0x55afaeb93590, 4315;
v0x55afaeb93590_4316 .array/port v0x55afaeb93590, 4316;
v0x55afaeb93590_4317 .array/port v0x55afaeb93590, 4317;
v0x55afaeb93590_4318 .array/port v0x55afaeb93590, 4318;
E_0x55afaeb77280/1079 .event anyedge, v0x55afaeb93590_4315, v0x55afaeb93590_4316, v0x55afaeb93590_4317, v0x55afaeb93590_4318;
v0x55afaeb93590_4319 .array/port v0x55afaeb93590, 4319;
v0x55afaeb93590_4320 .array/port v0x55afaeb93590, 4320;
v0x55afaeb93590_4321 .array/port v0x55afaeb93590, 4321;
v0x55afaeb93590_4322 .array/port v0x55afaeb93590, 4322;
E_0x55afaeb77280/1080 .event anyedge, v0x55afaeb93590_4319, v0x55afaeb93590_4320, v0x55afaeb93590_4321, v0x55afaeb93590_4322;
v0x55afaeb93590_4323 .array/port v0x55afaeb93590, 4323;
v0x55afaeb93590_4324 .array/port v0x55afaeb93590, 4324;
v0x55afaeb93590_4325 .array/port v0x55afaeb93590, 4325;
v0x55afaeb93590_4326 .array/port v0x55afaeb93590, 4326;
E_0x55afaeb77280/1081 .event anyedge, v0x55afaeb93590_4323, v0x55afaeb93590_4324, v0x55afaeb93590_4325, v0x55afaeb93590_4326;
v0x55afaeb93590_4327 .array/port v0x55afaeb93590, 4327;
v0x55afaeb93590_4328 .array/port v0x55afaeb93590, 4328;
v0x55afaeb93590_4329 .array/port v0x55afaeb93590, 4329;
v0x55afaeb93590_4330 .array/port v0x55afaeb93590, 4330;
E_0x55afaeb77280/1082 .event anyedge, v0x55afaeb93590_4327, v0x55afaeb93590_4328, v0x55afaeb93590_4329, v0x55afaeb93590_4330;
v0x55afaeb93590_4331 .array/port v0x55afaeb93590, 4331;
v0x55afaeb93590_4332 .array/port v0x55afaeb93590, 4332;
v0x55afaeb93590_4333 .array/port v0x55afaeb93590, 4333;
v0x55afaeb93590_4334 .array/port v0x55afaeb93590, 4334;
E_0x55afaeb77280/1083 .event anyedge, v0x55afaeb93590_4331, v0x55afaeb93590_4332, v0x55afaeb93590_4333, v0x55afaeb93590_4334;
v0x55afaeb93590_4335 .array/port v0x55afaeb93590, 4335;
v0x55afaeb93590_4336 .array/port v0x55afaeb93590, 4336;
v0x55afaeb93590_4337 .array/port v0x55afaeb93590, 4337;
v0x55afaeb93590_4338 .array/port v0x55afaeb93590, 4338;
E_0x55afaeb77280/1084 .event anyedge, v0x55afaeb93590_4335, v0x55afaeb93590_4336, v0x55afaeb93590_4337, v0x55afaeb93590_4338;
v0x55afaeb93590_4339 .array/port v0x55afaeb93590, 4339;
v0x55afaeb93590_4340 .array/port v0x55afaeb93590, 4340;
v0x55afaeb93590_4341 .array/port v0x55afaeb93590, 4341;
v0x55afaeb93590_4342 .array/port v0x55afaeb93590, 4342;
E_0x55afaeb77280/1085 .event anyedge, v0x55afaeb93590_4339, v0x55afaeb93590_4340, v0x55afaeb93590_4341, v0x55afaeb93590_4342;
v0x55afaeb93590_4343 .array/port v0x55afaeb93590, 4343;
v0x55afaeb93590_4344 .array/port v0x55afaeb93590, 4344;
v0x55afaeb93590_4345 .array/port v0x55afaeb93590, 4345;
v0x55afaeb93590_4346 .array/port v0x55afaeb93590, 4346;
E_0x55afaeb77280/1086 .event anyedge, v0x55afaeb93590_4343, v0x55afaeb93590_4344, v0x55afaeb93590_4345, v0x55afaeb93590_4346;
v0x55afaeb93590_4347 .array/port v0x55afaeb93590, 4347;
v0x55afaeb93590_4348 .array/port v0x55afaeb93590, 4348;
v0x55afaeb93590_4349 .array/port v0x55afaeb93590, 4349;
v0x55afaeb93590_4350 .array/port v0x55afaeb93590, 4350;
E_0x55afaeb77280/1087 .event anyedge, v0x55afaeb93590_4347, v0x55afaeb93590_4348, v0x55afaeb93590_4349, v0x55afaeb93590_4350;
v0x55afaeb93590_4351 .array/port v0x55afaeb93590, 4351;
v0x55afaeb93590_4352 .array/port v0x55afaeb93590, 4352;
v0x55afaeb93590_4353 .array/port v0x55afaeb93590, 4353;
v0x55afaeb93590_4354 .array/port v0x55afaeb93590, 4354;
E_0x55afaeb77280/1088 .event anyedge, v0x55afaeb93590_4351, v0x55afaeb93590_4352, v0x55afaeb93590_4353, v0x55afaeb93590_4354;
v0x55afaeb93590_4355 .array/port v0x55afaeb93590, 4355;
v0x55afaeb93590_4356 .array/port v0x55afaeb93590, 4356;
v0x55afaeb93590_4357 .array/port v0x55afaeb93590, 4357;
v0x55afaeb93590_4358 .array/port v0x55afaeb93590, 4358;
E_0x55afaeb77280/1089 .event anyedge, v0x55afaeb93590_4355, v0x55afaeb93590_4356, v0x55afaeb93590_4357, v0x55afaeb93590_4358;
v0x55afaeb93590_4359 .array/port v0x55afaeb93590, 4359;
v0x55afaeb93590_4360 .array/port v0x55afaeb93590, 4360;
v0x55afaeb93590_4361 .array/port v0x55afaeb93590, 4361;
v0x55afaeb93590_4362 .array/port v0x55afaeb93590, 4362;
E_0x55afaeb77280/1090 .event anyedge, v0x55afaeb93590_4359, v0x55afaeb93590_4360, v0x55afaeb93590_4361, v0x55afaeb93590_4362;
v0x55afaeb93590_4363 .array/port v0x55afaeb93590, 4363;
v0x55afaeb93590_4364 .array/port v0x55afaeb93590, 4364;
v0x55afaeb93590_4365 .array/port v0x55afaeb93590, 4365;
v0x55afaeb93590_4366 .array/port v0x55afaeb93590, 4366;
E_0x55afaeb77280/1091 .event anyedge, v0x55afaeb93590_4363, v0x55afaeb93590_4364, v0x55afaeb93590_4365, v0x55afaeb93590_4366;
v0x55afaeb93590_4367 .array/port v0x55afaeb93590, 4367;
v0x55afaeb93590_4368 .array/port v0x55afaeb93590, 4368;
v0x55afaeb93590_4369 .array/port v0x55afaeb93590, 4369;
v0x55afaeb93590_4370 .array/port v0x55afaeb93590, 4370;
E_0x55afaeb77280/1092 .event anyedge, v0x55afaeb93590_4367, v0x55afaeb93590_4368, v0x55afaeb93590_4369, v0x55afaeb93590_4370;
v0x55afaeb93590_4371 .array/port v0x55afaeb93590, 4371;
v0x55afaeb93590_4372 .array/port v0x55afaeb93590, 4372;
v0x55afaeb93590_4373 .array/port v0x55afaeb93590, 4373;
v0x55afaeb93590_4374 .array/port v0x55afaeb93590, 4374;
E_0x55afaeb77280/1093 .event anyedge, v0x55afaeb93590_4371, v0x55afaeb93590_4372, v0x55afaeb93590_4373, v0x55afaeb93590_4374;
v0x55afaeb93590_4375 .array/port v0x55afaeb93590, 4375;
v0x55afaeb93590_4376 .array/port v0x55afaeb93590, 4376;
v0x55afaeb93590_4377 .array/port v0x55afaeb93590, 4377;
v0x55afaeb93590_4378 .array/port v0x55afaeb93590, 4378;
E_0x55afaeb77280/1094 .event anyedge, v0x55afaeb93590_4375, v0x55afaeb93590_4376, v0x55afaeb93590_4377, v0x55afaeb93590_4378;
v0x55afaeb93590_4379 .array/port v0x55afaeb93590, 4379;
v0x55afaeb93590_4380 .array/port v0x55afaeb93590, 4380;
v0x55afaeb93590_4381 .array/port v0x55afaeb93590, 4381;
v0x55afaeb93590_4382 .array/port v0x55afaeb93590, 4382;
E_0x55afaeb77280/1095 .event anyedge, v0x55afaeb93590_4379, v0x55afaeb93590_4380, v0x55afaeb93590_4381, v0x55afaeb93590_4382;
v0x55afaeb93590_4383 .array/port v0x55afaeb93590, 4383;
v0x55afaeb93590_4384 .array/port v0x55afaeb93590, 4384;
v0x55afaeb93590_4385 .array/port v0x55afaeb93590, 4385;
v0x55afaeb93590_4386 .array/port v0x55afaeb93590, 4386;
E_0x55afaeb77280/1096 .event anyedge, v0x55afaeb93590_4383, v0x55afaeb93590_4384, v0x55afaeb93590_4385, v0x55afaeb93590_4386;
v0x55afaeb93590_4387 .array/port v0x55afaeb93590, 4387;
v0x55afaeb93590_4388 .array/port v0x55afaeb93590, 4388;
v0x55afaeb93590_4389 .array/port v0x55afaeb93590, 4389;
v0x55afaeb93590_4390 .array/port v0x55afaeb93590, 4390;
E_0x55afaeb77280/1097 .event anyedge, v0x55afaeb93590_4387, v0x55afaeb93590_4388, v0x55afaeb93590_4389, v0x55afaeb93590_4390;
v0x55afaeb93590_4391 .array/port v0x55afaeb93590, 4391;
v0x55afaeb93590_4392 .array/port v0x55afaeb93590, 4392;
v0x55afaeb93590_4393 .array/port v0x55afaeb93590, 4393;
v0x55afaeb93590_4394 .array/port v0x55afaeb93590, 4394;
E_0x55afaeb77280/1098 .event anyedge, v0x55afaeb93590_4391, v0x55afaeb93590_4392, v0x55afaeb93590_4393, v0x55afaeb93590_4394;
v0x55afaeb93590_4395 .array/port v0x55afaeb93590, 4395;
v0x55afaeb93590_4396 .array/port v0x55afaeb93590, 4396;
v0x55afaeb93590_4397 .array/port v0x55afaeb93590, 4397;
v0x55afaeb93590_4398 .array/port v0x55afaeb93590, 4398;
E_0x55afaeb77280/1099 .event anyedge, v0x55afaeb93590_4395, v0x55afaeb93590_4396, v0x55afaeb93590_4397, v0x55afaeb93590_4398;
v0x55afaeb93590_4399 .array/port v0x55afaeb93590, 4399;
v0x55afaeb93590_4400 .array/port v0x55afaeb93590, 4400;
v0x55afaeb93590_4401 .array/port v0x55afaeb93590, 4401;
v0x55afaeb93590_4402 .array/port v0x55afaeb93590, 4402;
E_0x55afaeb77280/1100 .event anyedge, v0x55afaeb93590_4399, v0x55afaeb93590_4400, v0x55afaeb93590_4401, v0x55afaeb93590_4402;
v0x55afaeb93590_4403 .array/port v0x55afaeb93590, 4403;
v0x55afaeb93590_4404 .array/port v0x55afaeb93590, 4404;
v0x55afaeb93590_4405 .array/port v0x55afaeb93590, 4405;
v0x55afaeb93590_4406 .array/port v0x55afaeb93590, 4406;
E_0x55afaeb77280/1101 .event anyedge, v0x55afaeb93590_4403, v0x55afaeb93590_4404, v0x55afaeb93590_4405, v0x55afaeb93590_4406;
v0x55afaeb93590_4407 .array/port v0x55afaeb93590, 4407;
v0x55afaeb93590_4408 .array/port v0x55afaeb93590, 4408;
v0x55afaeb93590_4409 .array/port v0x55afaeb93590, 4409;
v0x55afaeb93590_4410 .array/port v0x55afaeb93590, 4410;
E_0x55afaeb77280/1102 .event anyedge, v0x55afaeb93590_4407, v0x55afaeb93590_4408, v0x55afaeb93590_4409, v0x55afaeb93590_4410;
v0x55afaeb93590_4411 .array/port v0x55afaeb93590, 4411;
v0x55afaeb93590_4412 .array/port v0x55afaeb93590, 4412;
v0x55afaeb93590_4413 .array/port v0x55afaeb93590, 4413;
v0x55afaeb93590_4414 .array/port v0x55afaeb93590, 4414;
E_0x55afaeb77280/1103 .event anyedge, v0x55afaeb93590_4411, v0x55afaeb93590_4412, v0x55afaeb93590_4413, v0x55afaeb93590_4414;
v0x55afaeb93590_4415 .array/port v0x55afaeb93590, 4415;
v0x55afaeb93590_4416 .array/port v0x55afaeb93590, 4416;
v0x55afaeb93590_4417 .array/port v0x55afaeb93590, 4417;
v0x55afaeb93590_4418 .array/port v0x55afaeb93590, 4418;
E_0x55afaeb77280/1104 .event anyedge, v0x55afaeb93590_4415, v0x55afaeb93590_4416, v0x55afaeb93590_4417, v0x55afaeb93590_4418;
v0x55afaeb93590_4419 .array/port v0x55afaeb93590, 4419;
v0x55afaeb93590_4420 .array/port v0x55afaeb93590, 4420;
v0x55afaeb93590_4421 .array/port v0x55afaeb93590, 4421;
v0x55afaeb93590_4422 .array/port v0x55afaeb93590, 4422;
E_0x55afaeb77280/1105 .event anyedge, v0x55afaeb93590_4419, v0x55afaeb93590_4420, v0x55afaeb93590_4421, v0x55afaeb93590_4422;
v0x55afaeb93590_4423 .array/port v0x55afaeb93590, 4423;
v0x55afaeb93590_4424 .array/port v0x55afaeb93590, 4424;
v0x55afaeb93590_4425 .array/port v0x55afaeb93590, 4425;
v0x55afaeb93590_4426 .array/port v0x55afaeb93590, 4426;
E_0x55afaeb77280/1106 .event anyedge, v0x55afaeb93590_4423, v0x55afaeb93590_4424, v0x55afaeb93590_4425, v0x55afaeb93590_4426;
v0x55afaeb93590_4427 .array/port v0x55afaeb93590, 4427;
v0x55afaeb93590_4428 .array/port v0x55afaeb93590, 4428;
v0x55afaeb93590_4429 .array/port v0x55afaeb93590, 4429;
v0x55afaeb93590_4430 .array/port v0x55afaeb93590, 4430;
E_0x55afaeb77280/1107 .event anyedge, v0x55afaeb93590_4427, v0x55afaeb93590_4428, v0x55afaeb93590_4429, v0x55afaeb93590_4430;
v0x55afaeb93590_4431 .array/port v0x55afaeb93590, 4431;
v0x55afaeb93590_4432 .array/port v0x55afaeb93590, 4432;
v0x55afaeb93590_4433 .array/port v0x55afaeb93590, 4433;
v0x55afaeb93590_4434 .array/port v0x55afaeb93590, 4434;
E_0x55afaeb77280/1108 .event anyedge, v0x55afaeb93590_4431, v0x55afaeb93590_4432, v0x55afaeb93590_4433, v0x55afaeb93590_4434;
v0x55afaeb93590_4435 .array/port v0x55afaeb93590, 4435;
v0x55afaeb93590_4436 .array/port v0x55afaeb93590, 4436;
v0x55afaeb93590_4437 .array/port v0x55afaeb93590, 4437;
v0x55afaeb93590_4438 .array/port v0x55afaeb93590, 4438;
E_0x55afaeb77280/1109 .event anyedge, v0x55afaeb93590_4435, v0x55afaeb93590_4436, v0x55afaeb93590_4437, v0x55afaeb93590_4438;
v0x55afaeb93590_4439 .array/port v0x55afaeb93590, 4439;
v0x55afaeb93590_4440 .array/port v0x55afaeb93590, 4440;
v0x55afaeb93590_4441 .array/port v0x55afaeb93590, 4441;
v0x55afaeb93590_4442 .array/port v0x55afaeb93590, 4442;
E_0x55afaeb77280/1110 .event anyedge, v0x55afaeb93590_4439, v0x55afaeb93590_4440, v0x55afaeb93590_4441, v0x55afaeb93590_4442;
v0x55afaeb93590_4443 .array/port v0x55afaeb93590, 4443;
v0x55afaeb93590_4444 .array/port v0x55afaeb93590, 4444;
v0x55afaeb93590_4445 .array/port v0x55afaeb93590, 4445;
v0x55afaeb93590_4446 .array/port v0x55afaeb93590, 4446;
E_0x55afaeb77280/1111 .event anyedge, v0x55afaeb93590_4443, v0x55afaeb93590_4444, v0x55afaeb93590_4445, v0x55afaeb93590_4446;
v0x55afaeb93590_4447 .array/port v0x55afaeb93590, 4447;
v0x55afaeb93590_4448 .array/port v0x55afaeb93590, 4448;
v0x55afaeb93590_4449 .array/port v0x55afaeb93590, 4449;
v0x55afaeb93590_4450 .array/port v0x55afaeb93590, 4450;
E_0x55afaeb77280/1112 .event anyedge, v0x55afaeb93590_4447, v0x55afaeb93590_4448, v0x55afaeb93590_4449, v0x55afaeb93590_4450;
v0x55afaeb93590_4451 .array/port v0x55afaeb93590, 4451;
v0x55afaeb93590_4452 .array/port v0x55afaeb93590, 4452;
v0x55afaeb93590_4453 .array/port v0x55afaeb93590, 4453;
v0x55afaeb93590_4454 .array/port v0x55afaeb93590, 4454;
E_0x55afaeb77280/1113 .event anyedge, v0x55afaeb93590_4451, v0x55afaeb93590_4452, v0x55afaeb93590_4453, v0x55afaeb93590_4454;
v0x55afaeb93590_4455 .array/port v0x55afaeb93590, 4455;
v0x55afaeb93590_4456 .array/port v0x55afaeb93590, 4456;
v0x55afaeb93590_4457 .array/port v0x55afaeb93590, 4457;
v0x55afaeb93590_4458 .array/port v0x55afaeb93590, 4458;
E_0x55afaeb77280/1114 .event anyedge, v0x55afaeb93590_4455, v0x55afaeb93590_4456, v0x55afaeb93590_4457, v0x55afaeb93590_4458;
v0x55afaeb93590_4459 .array/port v0x55afaeb93590, 4459;
v0x55afaeb93590_4460 .array/port v0x55afaeb93590, 4460;
v0x55afaeb93590_4461 .array/port v0x55afaeb93590, 4461;
v0x55afaeb93590_4462 .array/port v0x55afaeb93590, 4462;
E_0x55afaeb77280/1115 .event anyedge, v0x55afaeb93590_4459, v0x55afaeb93590_4460, v0x55afaeb93590_4461, v0x55afaeb93590_4462;
v0x55afaeb93590_4463 .array/port v0x55afaeb93590, 4463;
v0x55afaeb93590_4464 .array/port v0x55afaeb93590, 4464;
v0x55afaeb93590_4465 .array/port v0x55afaeb93590, 4465;
v0x55afaeb93590_4466 .array/port v0x55afaeb93590, 4466;
E_0x55afaeb77280/1116 .event anyedge, v0x55afaeb93590_4463, v0x55afaeb93590_4464, v0x55afaeb93590_4465, v0x55afaeb93590_4466;
v0x55afaeb93590_4467 .array/port v0x55afaeb93590, 4467;
v0x55afaeb93590_4468 .array/port v0x55afaeb93590, 4468;
v0x55afaeb93590_4469 .array/port v0x55afaeb93590, 4469;
v0x55afaeb93590_4470 .array/port v0x55afaeb93590, 4470;
E_0x55afaeb77280/1117 .event anyedge, v0x55afaeb93590_4467, v0x55afaeb93590_4468, v0x55afaeb93590_4469, v0x55afaeb93590_4470;
v0x55afaeb93590_4471 .array/port v0x55afaeb93590, 4471;
v0x55afaeb93590_4472 .array/port v0x55afaeb93590, 4472;
v0x55afaeb93590_4473 .array/port v0x55afaeb93590, 4473;
v0x55afaeb93590_4474 .array/port v0x55afaeb93590, 4474;
E_0x55afaeb77280/1118 .event anyedge, v0x55afaeb93590_4471, v0x55afaeb93590_4472, v0x55afaeb93590_4473, v0x55afaeb93590_4474;
v0x55afaeb93590_4475 .array/port v0x55afaeb93590, 4475;
v0x55afaeb93590_4476 .array/port v0x55afaeb93590, 4476;
v0x55afaeb93590_4477 .array/port v0x55afaeb93590, 4477;
v0x55afaeb93590_4478 .array/port v0x55afaeb93590, 4478;
E_0x55afaeb77280/1119 .event anyedge, v0x55afaeb93590_4475, v0x55afaeb93590_4476, v0x55afaeb93590_4477, v0x55afaeb93590_4478;
v0x55afaeb93590_4479 .array/port v0x55afaeb93590, 4479;
v0x55afaeb93590_4480 .array/port v0x55afaeb93590, 4480;
v0x55afaeb93590_4481 .array/port v0x55afaeb93590, 4481;
v0x55afaeb93590_4482 .array/port v0x55afaeb93590, 4482;
E_0x55afaeb77280/1120 .event anyedge, v0x55afaeb93590_4479, v0x55afaeb93590_4480, v0x55afaeb93590_4481, v0x55afaeb93590_4482;
v0x55afaeb93590_4483 .array/port v0x55afaeb93590, 4483;
v0x55afaeb93590_4484 .array/port v0x55afaeb93590, 4484;
v0x55afaeb93590_4485 .array/port v0x55afaeb93590, 4485;
v0x55afaeb93590_4486 .array/port v0x55afaeb93590, 4486;
E_0x55afaeb77280/1121 .event anyedge, v0x55afaeb93590_4483, v0x55afaeb93590_4484, v0x55afaeb93590_4485, v0x55afaeb93590_4486;
v0x55afaeb93590_4487 .array/port v0x55afaeb93590, 4487;
v0x55afaeb93590_4488 .array/port v0x55afaeb93590, 4488;
v0x55afaeb93590_4489 .array/port v0x55afaeb93590, 4489;
v0x55afaeb93590_4490 .array/port v0x55afaeb93590, 4490;
E_0x55afaeb77280/1122 .event anyedge, v0x55afaeb93590_4487, v0x55afaeb93590_4488, v0x55afaeb93590_4489, v0x55afaeb93590_4490;
v0x55afaeb93590_4491 .array/port v0x55afaeb93590, 4491;
v0x55afaeb93590_4492 .array/port v0x55afaeb93590, 4492;
v0x55afaeb93590_4493 .array/port v0x55afaeb93590, 4493;
v0x55afaeb93590_4494 .array/port v0x55afaeb93590, 4494;
E_0x55afaeb77280/1123 .event anyedge, v0x55afaeb93590_4491, v0x55afaeb93590_4492, v0x55afaeb93590_4493, v0x55afaeb93590_4494;
v0x55afaeb93590_4495 .array/port v0x55afaeb93590, 4495;
v0x55afaeb93590_4496 .array/port v0x55afaeb93590, 4496;
v0x55afaeb93590_4497 .array/port v0x55afaeb93590, 4497;
v0x55afaeb93590_4498 .array/port v0x55afaeb93590, 4498;
E_0x55afaeb77280/1124 .event anyedge, v0x55afaeb93590_4495, v0x55afaeb93590_4496, v0x55afaeb93590_4497, v0x55afaeb93590_4498;
v0x55afaeb93590_4499 .array/port v0x55afaeb93590, 4499;
v0x55afaeb93590_4500 .array/port v0x55afaeb93590, 4500;
v0x55afaeb93590_4501 .array/port v0x55afaeb93590, 4501;
v0x55afaeb93590_4502 .array/port v0x55afaeb93590, 4502;
E_0x55afaeb77280/1125 .event anyedge, v0x55afaeb93590_4499, v0x55afaeb93590_4500, v0x55afaeb93590_4501, v0x55afaeb93590_4502;
v0x55afaeb93590_4503 .array/port v0x55afaeb93590, 4503;
v0x55afaeb93590_4504 .array/port v0x55afaeb93590, 4504;
v0x55afaeb93590_4505 .array/port v0x55afaeb93590, 4505;
v0x55afaeb93590_4506 .array/port v0x55afaeb93590, 4506;
E_0x55afaeb77280/1126 .event anyedge, v0x55afaeb93590_4503, v0x55afaeb93590_4504, v0x55afaeb93590_4505, v0x55afaeb93590_4506;
v0x55afaeb93590_4507 .array/port v0x55afaeb93590, 4507;
v0x55afaeb93590_4508 .array/port v0x55afaeb93590, 4508;
v0x55afaeb93590_4509 .array/port v0x55afaeb93590, 4509;
v0x55afaeb93590_4510 .array/port v0x55afaeb93590, 4510;
E_0x55afaeb77280/1127 .event anyedge, v0x55afaeb93590_4507, v0x55afaeb93590_4508, v0x55afaeb93590_4509, v0x55afaeb93590_4510;
v0x55afaeb93590_4511 .array/port v0x55afaeb93590, 4511;
v0x55afaeb93590_4512 .array/port v0x55afaeb93590, 4512;
v0x55afaeb93590_4513 .array/port v0x55afaeb93590, 4513;
v0x55afaeb93590_4514 .array/port v0x55afaeb93590, 4514;
E_0x55afaeb77280/1128 .event anyedge, v0x55afaeb93590_4511, v0x55afaeb93590_4512, v0x55afaeb93590_4513, v0x55afaeb93590_4514;
v0x55afaeb93590_4515 .array/port v0x55afaeb93590, 4515;
v0x55afaeb93590_4516 .array/port v0x55afaeb93590, 4516;
v0x55afaeb93590_4517 .array/port v0x55afaeb93590, 4517;
v0x55afaeb93590_4518 .array/port v0x55afaeb93590, 4518;
E_0x55afaeb77280/1129 .event anyedge, v0x55afaeb93590_4515, v0x55afaeb93590_4516, v0x55afaeb93590_4517, v0x55afaeb93590_4518;
v0x55afaeb93590_4519 .array/port v0x55afaeb93590, 4519;
v0x55afaeb93590_4520 .array/port v0x55afaeb93590, 4520;
v0x55afaeb93590_4521 .array/port v0x55afaeb93590, 4521;
v0x55afaeb93590_4522 .array/port v0x55afaeb93590, 4522;
E_0x55afaeb77280/1130 .event anyedge, v0x55afaeb93590_4519, v0x55afaeb93590_4520, v0x55afaeb93590_4521, v0x55afaeb93590_4522;
v0x55afaeb93590_4523 .array/port v0x55afaeb93590, 4523;
v0x55afaeb93590_4524 .array/port v0x55afaeb93590, 4524;
v0x55afaeb93590_4525 .array/port v0x55afaeb93590, 4525;
v0x55afaeb93590_4526 .array/port v0x55afaeb93590, 4526;
E_0x55afaeb77280/1131 .event anyedge, v0x55afaeb93590_4523, v0x55afaeb93590_4524, v0x55afaeb93590_4525, v0x55afaeb93590_4526;
v0x55afaeb93590_4527 .array/port v0x55afaeb93590, 4527;
v0x55afaeb93590_4528 .array/port v0x55afaeb93590, 4528;
v0x55afaeb93590_4529 .array/port v0x55afaeb93590, 4529;
v0x55afaeb93590_4530 .array/port v0x55afaeb93590, 4530;
E_0x55afaeb77280/1132 .event anyedge, v0x55afaeb93590_4527, v0x55afaeb93590_4528, v0x55afaeb93590_4529, v0x55afaeb93590_4530;
v0x55afaeb93590_4531 .array/port v0x55afaeb93590, 4531;
v0x55afaeb93590_4532 .array/port v0x55afaeb93590, 4532;
v0x55afaeb93590_4533 .array/port v0x55afaeb93590, 4533;
v0x55afaeb93590_4534 .array/port v0x55afaeb93590, 4534;
E_0x55afaeb77280/1133 .event anyedge, v0x55afaeb93590_4531, v0x55afaeb93590_4532, v0x55afaeb93590_4533, v0x55afaeb93590_4534;
v0x55afaeb93590_4535 .array/port v0x55afaeb93590, 4535;
v0x55afaeb93590_4536 .array/port v0x55afaeb93590, 4536;
v0x55afaeb93590_4537 .array/port v0x55afaeb93590, 4537;
v0x55afaeb93590_4538 .array/port v0x55afaeb93590, 4538;
E_0x55afaeb77280/1134 .event anyedge, v0x55afaeb93590_4535, v0x55afaeb93590_4536, v0x55afaeb93590_4537, v0x55afaeb93590_4538;
v0x55afaeb93590_4539 .array/port v0x55afaeb93590, 4539;
v0x55afaeb93590_4540 .array/port v0x55afaeb93590, 4540;
v0x55afaeb93590_4541 .array/port v0x55afaeb93590, 4541;
v0x55afaeb93590_4542 .array/port v0x55afaeb93590, 4542;
E_0x55afaeb77280/1135 .event anyedge, v0x55afaeb93590_4539, v0x55afaeb93590_4540, v0x55afaeb93590_4541, v0x55afaeb93590_4542;
v0x55afaeb93590_4543 .array/port v0x55afaeb93590, 4543;
v0x55afaeb93590_4544 .array/port v0x55afaeb93590, 4544;
v0x55afaeb93590_4545 .array/port v0x55afaeb93590, 4545;
v0x55afaeb93590_4546 .array/port v0x55afaeb93590, 4546;
E_0x55afaeb77280/1136 .event anyedge, v0x55afaeb93590_4543, v0x55afaeb93590_4544, v0x55afaeb93590_4545, v0x55afaeb93590_4546;
v0x55afaeb93590_4547 .array/port v0x55afaeb93590, 4547;
v0x55afaeb93590_4548 .array/port v0x55afaeb93590, 4548;
v0x55afaeb93590_4549 .array/port v0x55afaeb93590, 4549;
v0x55afaeb93590_4550 .array/port v0x55afaeb93590, 4550;
E_0x55afaeb77280/1137 .event anyedge, v0x55afaeb93590_4547, v0x55afaeb93590_4548, v0x55afaeb93590_4549, v0x55afaeb93590_4550;
v0x55afaeb93590_4551 .array/port v0x55afaeb93590, 4551;
v0x55afaeb93590_4552 .array/port v0x55afaeb93590, 4552;
v0x55afaeb93590_4553 .array/port v0x55afaeb93590, 4553;
v0x55afaeb93590_4554 .array/port v0x55afaeb93590, 4554;
E_0x55afaeb77280/1138 .event anyedge, v0x55afaeb93590_4551, v0x55afaeb93590_4552, v0x55afaeb93590_4553, v0x55afaeb93590_4554;
v0x55afaeb93590_4555 .array/port v0x55afaeb93590, 4555;
v0x55afaeb93590_4556 .array/port v0x55afaeb93590, 4556;
v0x55afaeb93590_4557 .array/port v0x55afaeb93590, 4557;
v0x55afaeb93590_4558 .array/port v0x55afaeb93590, 4558;
E_0x55afaeb77280/1139 .event anyedge, v0x55afaeb93590_4555, v0x55afaeb93590_4556, v0x55afaeb93590_4557, v0x55afaeb93590_4558;
v0x55afaeb93590_4559 .array/port v0x55afaeb93590, 4559;
v0x55afaeb93590_4560 .array/port v0x55afaeb93590, 4560;
v0x55afaeb93590_4561 .array/port v0x55afaeb93590, 4561;
v0x55afaeb93590_4562 .array/port v0x55afaeb93590, 4562;
E_0x55afaeb77280/1140 .event anyedge, v0x55afaeb93590_4559, v0x55afaeb93590_4560, v0x55afaeb93590_4561, v0x55afaeb93590_4562;
v0x55afaeb93590_4563 .array/port v0x55afaeb93590, 4563;
v0x55afaeb93590_4564 .array/port v0x55afaeb93590, 4564;
v0x55afaeb93590_4565 .array/port v0x55afaeb93590, 4565;
v0x55afaeb93590_4566 .array/port v0x55afaeb93590, 4566;
E_0x55afaeb77280/1141 .event anyedge, v0x55afaeb93590_4563, v0x55afaeb93590_4564, v0x55afaeb93590_4565, v0x55afaeb93590_4566;
v0x55afaeb93590_4567 .array/port v0x55afaeb93590, 4567;
v0x55afaeb93590_4568 .array/port v0x55afaeb93590, 4568;
v0x55afaeb93590_4569 .array/port v0x55afaeb93590, 4569;
v0x55afaeb93590_4570 .array/port v0x55afaeb93590, 4570;
E_0x55afaeb77280/1142 .event anyedge, v0x55afaeb93590_4567, v0x55afaeb93590_4568, v0x55afaeb93590_4569, v0x55afaeb93590_4570;
v0x55afaeb93590_4571 .array/port v0x55afaeb93590, 4571;
v0x55afaeb93590_4572 .array/port v0x55afaeb93590, 4572;
v0x55afaeb93590_4573 .array/port v0x55afaeb93590, 4573;
v0x55afaeb93590_4574 .array/port v0x55afaeb93590, 4574;
E_0x55afaeb77280/1143 .event anyedge, v0x55afaeb93590_4571, v0x55afaeb93590_4572, v0x55afaeb93590_4573, v0x55afaeb93590_4574;
v0x55afaeb93590_4575 .array/port v0x55afaeb93590, 4575;
v0x55afaeb93590_4576 .array/port v0x55afaeb93590, 4576;
v0x55afaeb93590_4577 .array/port v0x55afaeb93590, 4577;
v0x55afaeb93590_4578 .array/port v0x55afaeb93590, 4578;
E_0x55afaeb77280/1144 .event anyedge, v0x55afaeb93590_4575, v0x55afaeb93590_4576, v0x55afaeb93590_4577, v0x55afaeb93590_4578;
v0x55afaeb93590_4579 .array/port v0x55afaeb93590, 4579;
v0x55afaeb93590_4580 .array/port v0x55afaeb93590, 4580;
v0x55afaeb93590_4581 .array/port v0x55afaeb93590, 4581;
v0x55afaeb93590_4582 .array/port v0x55afaeb93590, 4582;
E_0x55afaeb77280/1145 .event anyedge, v0x55afaeb93590_4579, v0x55afaeb93590_4580, v0x55afaeb93590_4581, v0x55afaeb93590_4582;
v0x55afaeb93590_4583 .array/port v0x55afaeb93590, 4583;
v0x55afaeb93590_4584 .array/port v0x55afaeb93590, 4584;
v0x55afaeb93590_4585 .array/port v0x55afaeb93590, 4585;
v0x55afaeb93590_4586 .array/port v0x55afaeb93590, 4586;
E_0x55afaeb77280/1146 .event anyedge, v0x55afaeb93590_4583, v0x55afaeb93590_4584, v0x55afaeb93590_4585, v0x55afaeb93590_4586;
v0x55afaeb93590_4587 .array/port v0x55afaeb93590, 4587;
v0x55afaeb93590_4588 .array/port v0x55afaeb93590, 4588;
v0x55afaeb93590_4589 .array/port v0x55afaeb93590, 4589;
v0x55afaeb93590_4590 .array/port v0x55afaeb93590, 4590;
E_0x55afaeb77280/1147 .event anyedge, v0x55afaeb93590_4587, v0x55afaeb93590_4588, v0x55afaeb93590_4589, v0x55afaeb93590_4590;
v0x55afaeb93590_4591 .array/port v0x55afaeb93590, 4591;
v0x55afaeb93590_4592 .array/port v0x55afaeb93590, 4592;
v0x55afaeb93590_4593 .array/port v0x55afaeb93590, 4593;
v0x55afaeb93590_4594 .array/port v0x55afaeb93590, 4594;
E_0x55afaeb77280/1148 .event anyedge, v0x55afaeb93590_4591, v0x55afaeb93590_4592, v0x55afaeb93590_4593, v0x55afaeb93590_4594;
v0x55afaeb93590_4595 .array/port v0x55afaeb93590, 4595;
v0x55afaeb93590_4596 .array/port v0x55afaeb93590, 4596;
v0x55afaeb93590_4597 .array/port v0x55afaeb93590, 4597;
v0x55afaeb93590_4598 .array/port v0x55afaeb93590, 4598;
E_0x55afaeb77280/1149 .event anyedge, v0x55afaeb93590_4595, v0x55afaeb93590_4596, v0x55afaeb93590_4597, v0x55afaeb93590_4598;
v0x55afaeb93590_4599 .array/port v0x55afaeb93590, 4599;
v0x55afaeb93590_4600 .array/port v0x55afaeb93590, 4600;
v0x55afaeb93590_4601 .array/port v0x55afaeb93590, 4601;
v0x55afaeb93590_4602 .array/port v0x55afaeb93590, 4602;
E_0x55afaeb77280/1150 .event anyedge, v0x55afaeb93590_4599, v0x55afaeb93590_4600, v0x55afaeb93590_4601, v0x55afaeb93590_4602;
v0x55afaeb93590_4603 .array/port v0x55afaeb93590, 4603;
v0x55afaeb93590_4604 .array/port v0x55afaeb93590, 4604;
v0x55afaeb93590_4605 .array/port v0x55afaeb93590, 4605;
v0x55afaeb93590_4606 .array/port v0x55afaeb93590, 4606;
E_0x55afaeb77280/1151 .event anyedge, v0x55afaeb93590_4603, v0x55afaeb93590_4604, v0x55afaeb93590_4605, v0x55afaeb93590_4606;
v0x55afaeb93590_4607 .array/port v0x55afaeb93590, 4607;
v0x55afaeb93590_4608 .array/port v0x55afaeb93590, 4608;
v0x55afaeb93590_4609 .array/port v0x55afaeb93590, 4609;
v0x55afaeb93590_4610 .array/port v0x55afaeb93590, 4610;
E_0x55afaeb77280/1152 .event anyedge, v0x55afaeb93590_4607, v0x55afaeb93590_4608, v0x55afaeb93590_4609, v0x55afaeb93590_4610;
v0x55afaeb93590_4611 .array/port v0x55afaeb93590, 4611;
v0x55afaeb93590_4612 .array/port v0x55afaeb93590, 4612;
v0x55afaeb93590_4613 .array/port v0x55afaeb93590, 4613;
v0x55afaeb93590_4614 .array/port v0x55afaeb93590, 4614;
E_0x55afaeb77280/1153 .event anyedge, v0x55afaeb93590_4611, v0x55afaeb93590_4612, v0x55afaeb93590_4613, v0x55afaeb93590_4614;
v0x55afaeb93590_4615 .array/port v0x55afaeb93590, 4615;
v0x55afaeb93590_4616 .array/port v0x55afaeb93590, 4616;
v0x55afaeb93590_4617 .array/port v0x55afaeb93590, 4617;
v0x55afaeb93590_4618 .array/port v0x55afaeb93590, 4618;
E_0x55afaeb77280/1154 .event anyedge, v0x55afaeb93590_4615, v0x55afaeb93590_4616, v0x55afaeb93590_4617, v0x55afaeb93590_4618;
v0x55afaeb93590_4619 .array/port v0x55afaeb93590, 4619;
v0x55afaeb93590_4620 .array/port v0x55afaeb93590, 4620;
v0x55afaeb93590_4621 .array/port v0x55afaeb93590, 4621;
v0x55afaeb93590_4622 .array/port v0x55afaeb93590, 4622;
E_0x55afaeb77280/1155 .event anyedge, v0x55afaeb93590_4619, v0x55afaeb93590_4620, v0x55afaeb93590_4621, v0x55afaeb93590_4622;
v0x55afaeb93590_4623 .array/port v0x55afaeb93590, 4623;
v0x55afaeb93590_4624 .array/port v0x55afaeb93590, 4624;
v0x55afaeb93590_4625 .array/port v0x55afaeb93590, 4625;
v0x55afaeb93590_4626 .array/port v0x55afaeb93590, 4626;
E_0x55afaeb77280/1156 .event anyedge, v0x55afaeb93590_4623, v0x55afaeb93590_4624, v0x55afaeb93590_4625, v0x55afaeb93590_4626;
v0x55afaeb93590_4627 .array/port v0x55afaeb93590, 4627;
v0x55afaeb93590_4628 .array/port v0x55afaeb93590, 4628;
v0x55afaeb93590_4629 .array/port v0x55afaeb93590, 4629;
v0x55afaeb93590_4630 .array/port v0x55afaeb93590, 4630;
E_0x55afaeb77280/1157 .event anyedge, v0x55afaeb93590_4627, v0x55afaeb93590_4628, v0x55afaeb93590_4629, v0x55afaeb93590_4630;
v0x55afaeb93590_4631 .array/port v0x55afaeb93590, 4631;
v0x55afaeb93590_4632 .array/port v0x55afaeb93590, 4632;
v0x55afaeb93590_4633 .array/port v0x55afaeb93590, 4633;
v0x55afaeb93590_4634 .array/port v0x55afaeb93590, 4634;
E_0x55afaeb77280/1158 .event anyedge, v0x55afaeb93590_4631, v0x55afaeb93590_4632, v0x55afaeb93590_4633, v0x55afaeb93590_4634;
v0x55afaeb93590_4635 .array/port v0x55afaeb93590, 4635;
v0x55afaeb93590_4636 .array/port v0x55afaeb93590, 4636;
v0x55afaeb93590_4637 .array/port v0x55afaeb93590, 4637;
v0x55afaeb93590_4638 .array/port v0x55afaeb93590, 4638;
E_0x55afaeb77280/1159 .event anyedge, v0x55afaeb93590_4635, v0x55afaeb93590_4636, v0x55afaeb93590_4637, v0x55afaeb93590_4638;
v0x55afaeb93590_4639 .array/port v0x55afaeb93590, 4639;
v0x55afaeb93590_4640 .array/port v0x55afaeb93590, 4640;
v0x55afaeb93590_4641 .array/port v0x55afaeb93590, 4641;
v0x55afaeb93590_4642 .array/port v0x55afaeb93590, 4642;
E_0x55afaeb77280/1160 .event anyedge, v0x55afaeb93590_4639, v0x55afaeb93590_4640, v0x55afaeb93590_4641, v0x55afaeb93590_4642;
v0x55afaeb93590_4643 .array/port v0x55afaeb93590, 4643;
v0x55afaeb93590_4644 .array/port v0x55afaeb93590, 4644;
v0x55afaeb93590_4645 .array/port v0x55afaeb93590, 4645;
v0x55afaeb93590_4646 .array/port v0x55afaeb93590, 4646;
E_0x55afaeb77280/1161 .event anyedge, v0x55afaeb93590_4643, v0x55afaeb93590_4644, v0x55afaeb93590_4645, v0x55afaeb93590_4646;
v0x55afaeb93590_4647 .array/port v0x55afaeb93590, 4647;
v0x55afaeb93590_4648 .array/port v0x55afaeb93590, 4648;
v0x55afaeb93590_4649 .array/port v0x55afaeb93590, 4649;
v0x55afaeb93590_4650 .array/port v0x55afaeb93590, 4650;
E_0x55afaeb77280/1162 .event anyedge, v0x55afaeb93590_4647, v0x55afaeb93590_4648, v0x55afaeb93590_4649, v0x55afaeb93590_4650;
v0x55afaeb93590_4651 .array/port v0x55afaeb93590, 4651;
v0x55afaeb93590_4652 .array/port v0x55afaeb93590, 4652;
v0x55afaeb93590_4653 .array/port v0x55afaeb93590, 4653;
v0x55afaeb93590_4654 .array/port v0x55afaeb93590, 4654;
E_0x55afaeb77280/1163 .event anyedge, v0x55afaeb93590_4651, v0x55afaeb93590_4652, v0x55afaeb93590_4653, v0x55afaeb93590_4654;
v0x55afaeb93590_4655 .array/port v0x55afaeb93590, 4655;
v0x55afaeb93590_4656 .array/port v0x55afaeb93590, 4656;
v0x55afaeb93590_4657 .array/port v0x55afaeb93590, 4657;
v0x55afaeb93590_4658 .array/port v0x55afaeb93590, 4658;
E_0x55afaeb77280/1164 .event anyedge, v0x55afaeb93590_4655, v0x55afaeb93590_4656, v0x55afaeb93590_4657, v0x55afaeb93590_4658;
v0x55afaeb93590_4659 .array/port v0x55afaeb93590, 4659;
v0x55afaeb93590_4660 .array/port v0x55afaeb93590, 4660;
v0x55afaeb93590_4661 .array/port v0x55afaeb93590, 4661;
v0x55afaeb93590_4662 .array/port v0x55afaeb93590, 4662;
E_0x55afaeb77280/1165 .event anyedge, v0x55afaeb93590_4659, v0x55afaeb93590_4660, v0x55afaeb93590_4661, v0x55afaeb93590_4662;
v0x55afaeb93590_4663 .array/port v0x55afaeb93590, 4663;
v0x55afaeb93590_4664 .array/port v0x55afaeb93590, 4664;
v0x55afaeb93590_4665 .array/port v0x55afaeb93590, 4665;
v0x55afaeb93590_4666 .array/port v0x55afaeb93590, 4666;
E_0x55afaeb77280/1166 .event anyedge, v0x55afaeb93590_4663, v0x55afaeb93590_4664, v0x55afaeb93590_4665, v0x55afaeb93590_4666;
v0x55afaeb93590_4667 .array/port v0x55afaeb93590, 4667;
v0x55afaeb93590_4668 .array/port v0x55afaeb93590, 4668;
v0x55afaeb93590_4669 .array/port v0x55afaeb93590, 4669;
v0x55afaeb93590_4670 .array/port v0x55afaeb93590, 4670;
E_0x55afaeb77280/1167 .event anyedge, v0x55afaeb93590_4667, v0x55afaeb93590_4668, v0x55afaeb93590_4669, v0x55afaeb93590_4670;
v0x55afaeb93590_4671 .array/port v0x55afaeb93590, 4671;
v0x55afaeb93590_4672 .array/port v0x55afaeb93590, 4672;
v0x55afaeb93590_4673 .array/port v0x55afaeb93590, 4673;
v0x55afaeb93590_4674 .array/port v0x55afaeb93590, 4674;
E_0x55afaeb77280/1168 .event anyedge, v0x55afaeb93590_4671, v0x55afaeb93590_4672, v0x55afaeb93590_4673, v0x55afaeb93590_4674;
v0x55afaeb93590_4675 .array/port v0x55afaeb93590, 4675;
v0x55afaeb93590_4676 .array/port v0x55afaeb93590, 4676;
v0x55afaeb93590_4677 .array/port v0x55afaeb93590, 4677;
v0x55afaeb93590_4678 .array/port v0x55afaeb93590, 4678;
E_0x55afaeb77280/1169 .event anyedge, v0x55afaeb93590_4675, v0x55afaeb93590_4676, v0x55afaeb93590_4677, v0x55afaeb93590_4678;
v0x55afaeb93590_4679 .array/port v0x55afaeb93590, 4679;
v0x55afaeb93590_4680 .array/port v0x55afaeb93590, 4680;
v0x55afaeb93590_4681 .array/port v0x55afaeb93590, 4681;
v0x55afaeb93590_4682 .array/port v0x55afaeb93590, 4682;
E_0x55afaeb77280/1170 .event anyedge, v0x55afaeb93590_4679, v0x55afaeb93590_4680, v0x55afaeb93590_4681, v0x55afaeb93590_4682;
v0x55afaeb93590_4683 .array/port v0x55afaeb93590, 4683;
v0x55afaeb93590_4684 .array/port v0x55afaeb93590, 4684;
v0x55afaeb93590_4685 .array/port v0x55afaeb93590, 4685;
v0x55afaeb93590_4686 .array/port v0x55afaeb93590, 4686;
E_0x55afaeb77280/1171 .event anyedge, v0x55afaeb93590_4683, v0x55afaeb93590_4684, v0x55afaeb93590_4685, v0x55afaeb93590_4686;
v0x55afaeb93590_4687 .array/port v0x55afaeb93590, 4687;
v0x55afaeb93590_4688 .array/port v0x55afaeb93590, 4688;
v0x55afaeb93590_4689 .array/port v0x55afaeb93590, 4689;
v0x55afaeb93590_4690 .array/port v0x55afaeb93590, 4690;
E_0x55afaeb77280/1172 .event anyedge, v0x55afaeb93590_4687, v0x55afaeb93590_4688, v0x55afaeb93590_4689, v0x55afaeb93590_4690;
v0x55afaeb93590_4691 .array/port v0x55afaeb93590, 4691;
v0x55afaeb93590_4692 .array/port v0x55afaeb93590, 4692;
v0x55afaeb93590_4693 .array/port v0x55afaeb93590, 4693;
v0x55afaeb93590_4694 .array/port v0x55afaeb93590, 4694;
E_0x55afaeb77280/1173 .event anyedge, v0x55afaeb93590_4691, v0x55afaeb93590_4692, v0x55afaeb93590_4693, v0x55afaeb93590_4694;
v0x55afaeb93590_4695 .array/port v0x55afaeb93590, 4695;
v0x55afaeb93590_4696 .array/port v0x55afaeb93590, 4696;
v0x55afaeb93590_4697 .array/port v0x55afaeb93590, 4697;
v0x55afaeb93590_4698 .array/port v0x55afaeb93590, 4698;
E_0x55afaeb77280/1174 .event anyedge, v0x55afaeb93590_4695, v0x55afaeb93590_4696, v0x55afaeb93590_4697, v0x55afaeb93590_4698;
v0x55afaeb93590_4699 .array/port v0x55afaeb93590, 4699;
v0x55afaeb93590_4700 .array/port v0x55afaeb93590, 4700;
v0x55afaeb93590_4701 .array/port v0x55afaeb93590, 4701;
v0x55afaeb93590_4702 .array/port v0x55afaeb93590, 4702;
E_0x55afaeb77280/1175 .event anyedge, v0x55afaeb93590_4699, v0x55afaeb93590_4700, v0x55afaeb93590_4701, v0x55afaeb93590_4702;
v0x55afaeb93590_4703 .array/port v0x55afaeb93590, 4703;
v0x55afaeb93590_4704 .array/port v0x55afaeb93590, 4704;
v0x55afaeb93590_4705 .array/port v0x55afaeb93590, 4705;
v0x55afaeb93590_4706 .array/port v0x55afaeb93590, 4706;
E_0x55afaeb77280/1176 .event anyedge, v0x55afaeb93590_4703, v0x55afaeb93590_4704, v0x55afaeb93590_4705, v0x55afaeb93590_4706;
v0x55afaeb93590_4707 .array/port v0x55afaeb93590, 4707;
v0x55afaeb93590_4708 .array/port v0x55afaeb93590, 4708;
v0x55afaeb93590_4709 .array/port v0x55afaeb93590, 4709;
v0x55afaeb93590_4710 .array/port v0x55afaeb93590, 4710;
E_0x55afaeb77280/1177 .event anyedge, v0x55afaeb93590_4707, v0x55afaeb93590_4708, v0x55afaeb93590_4709, v0x55afaeb93590_4710;
v0x55afaeb93590_4711 .array/port v0x55afaeb93590, 4711;
v0x55afaeb93590_4712 .array/port v0x55afaeb93590, 4712;
v0x55afaeb93590_4713 .array/port v0x55afaeb93590, 4713;
v0x55afaeb93590_4714 .array/port v0x55afaeb93590, 4714;
E_0x55afaeb77280/1178 .event anyedge, v0x55afaeb93590_4711, v0x55afaeb93590_4712, v0x55afaeb93590_4713, v0x55afaeb93590_4714;
v0x55afaeb93590_4715 .array/port v0x55afaeb93590, 4715;
v0x55afaeb93590_4716 .array/port v0x55afaeb93590, 4716;
v0x55afaeb93590_4717 .array/port v0x55afaeb93590, 4717;
v0x55afaeb93590_4718 .array/port v0x55afaeb93590, 4718;
E_0x55afaeb77280/1179 .event anyedge, v0x55afaeb93590_4715, v0x55afaeb93590_4716, v0x55afaeb93590_4717, v0x55afaeb93590_4718;
v0x55afaeb93590_4719 .array/port v0x55afaeb93590, 4719;
v0x55afaeb93590_4720 .array/port v0x55afaeb93590, 4720;
v0x55afaeb93590_4721 .array/port v0x55afaeb93590, 4721;
v0x55afaeb93590_4722 .array/port v0x55afaeb93590, 4722;
E_0x55afaeb77280/1180 .event anyedge, v0x55afaeb93590_4719, v0x55afaeb93590_4720, v0x55afaeb93590_4721, v0x55afaeb93590_4722;
v0x55afaeb93590_4723 .array/port v0x55afaeb93590, 4723;
v0x55afaeb93590_4724 .array/port v0x55afaeb93590, 4724;
v0x55afaeb93590_4725 .array/port v0x55afaeb93590, 4725;
v0x55afaeb93590_4726 .array/port v0x55afaeb93590, 4726;
E_0x55afaeb77280/1181 .event anyedge, v0x55afaeb93590_4723, v0x55afaeb93590_4724, v0x55afaeb93590_4725, v0x55afaeb93590_4726;
v0x55afaeb93590_4727 .array/port v0x55afaeb93590, 4727;
v0x55afaeb93590_4728 .array/port v0x55afaeb93590, 4728;
v0x55afaeb93590_4729 .array/port v0x55afaeb93590, 4729;
v0x55afaeb93590_4730 .array/port v0x55afaeb93590, 4730;
E_0x55afaeb77280/1182 .event anyedge, v0x55afaeb93590_4727, v0x55afaeb93590_4728, v0x55afaeb93590_4729, v0x55afaeb93590_4730;
v0x55afaeb93590_4731 .array/port v0x55afaeb93590, 4731;
v0x55afaeb93590_4732 .array/port v0x55afaeb93590, 4732;
v0x55afaeb93590_4733 .array/port v0x55afaeb93590, 4733;
v0x55afaeb93590_4734 .array/port v0x55afaeb93590, 4734;
E_0x55afaeb77280/1183 .event anyedge, v0x55afaeb93590_4731, v0x55afaeb93590_4732, v0x55afaeb93590_4733, v0x55afaeb93590_4734;
v0x55afaeb93590_4735 .array/port v0x55afaeb93590, 4735;
v0x55afaeb93590_4736 .array/port v0x55afaeb93590, 4736;
v0x55afaeb93590_4737 .array/port v0x55afaeb93590, 4737;
v0x55afaeb93590_4738 .array/port v0x55afaeb93590, 4738;
E_0x55afaeb77280/1184 .event anyedge, v0x55afaeb93590_4735, v0x55afaeb93590_4736, v0x55afaeb93590_4737, v0x55afaeb93590_4738;
v0x55afaeb93590_4739 .array/port v0x55afaeb93590, 4739;
v0x55afaeb93590_4740 .array/port v0x55afaeb93590, 4740;
v0x55afaeb93590_4741 .array/port v0x55afaeb93590, 4741;
v0x55afaeb93590_4742 .array/port v0x55afaeb93590, 4742;
E_0x55afaeb77280/1185 .event anyedge, v0x55afaeb93590_4739, v0x55afaeb93590_4740, v0x55afaeb93590_4741, v0x55afaeb93590_4742;
v0x55afaeb93590_4743 .array/port v0x55afaeb93590, 4743;
v0x55afaeb93590_4744 .array/port v0x55afaeb93590, 4744;
v0x55afaeb93590_4745 .array/port v0x55afaeb93590, 4745;
v0x55afaeb93590_4746 .array/port v0x55afaeb93590, 4746;
E_0x55afaeb77280/1186 .event anyedge, v0x55afaeb93590_4743, v0x55afaeb93590_4744, v0x55afaeb93590_4745, v0x55afaeb93590_4746;
v0x55afaeb93590_4747 .array/port v0x55afaeb93590, 4747;
v0x55afaeb93590_4748 .array/port v0x55afaeb93590, 4748;
v0x55afaeb93590_4749 .array/port v0x55afaeb93590, 4749;
v0x55afaeb93590_4750 .array/port v0x55afaeb93590, 4750;
E_0x55afaeb77280/1187 .event anyedge, v0x55afaeb93590_4747, v0x55afaeb93590_4748, v0x55afaeb93590_4749, v0x55afaeb93590_4750;
v0x55afaeb93590_4751 .array/port v0x55afaeb93590, 4751;
v0x55afaeb93590_4752 .array/port v0x55afaeb93590, 4752;
v0x55afaeb93590_4753 .array/port v0x55afaeb93590, 4753;
v0x55afaeb93590_4754 .array/port v0x55afaeb93590, 4754;
E_0x55afaeb77280/1188 .event anyedge, v0x55afaeb93590_4751, v0x55afaeb93590_4752, v0x55afaeb93590_4753, v0x55afaeb93590_4754;
v0x55afaeb93590_4755 .array/port v0x55afaeb93590, 4755;
v0x55afaeb93590_4756 .array/port v0x55afaeb93590, 4756;
v0x55afaeb93590_4757 .array/port v0x55afaeb93590, 4757;
v0x55afaeb93590_4758 .array/port v0x55afaeb93590, 4758;
E_0x55afaeb77280/1189 .event anyedge, v0x55afaeb93590_4755, v0x55afaeb93590_4756, v0x55afaeb93590_4757, v0x55afaeb93590_4758;
v0x55afaeb93590_4759 .array/port v0x55afaeb93590, 4759;
v0x55afaeb93590_4760 .array/port v0x55afaeb93590, 4760;
v0x55afaeb93590_4761 .array/port v0x55afaeb93590, 4761;
v0x55afaeb93590_4762 .array/port v0x55afaeb93590, 4762;
E_0x55afaeb77280/1190 .event anyedge, v0x55afaeb93590_4759, v0x55afaeb93590_4760, v0x55afaeb93590_4761, v0x55afaeb93590_4762;
v0x55afaeb93590_4763 .array/port v0x55afaeb93590, 4763;
v0x55afaeb93590_4764 .array/port v0x55afaeb93590, 4764;
v0x55afaeb93590_4765 .array/port v0x55afaeb93590, 4765;
v0x55afaeb93590_4766 .array/port v0x55afaeb93590, 4766;
E_0x55afaeb77280/1191 .event anyedge, v0x55afaeb93590_4763, v0x55afaeb93590_4764, v0x55afaeb93590_4765, v0x55afaeb93590_4766;
v0x55afaeb93590_4767 .array/port v0x55afaeb93590, 4767;
v0x55afaeb93590_4768 .array/port v0x55afaeb93590, 4768;
v0x55afaeb93590_4769 .array/port v0x55afaeb93590, 4769;
v0x55afaeb93590_4770 .array/port v0x55afaeb93590, 4770;
E_0x55afaeb77280/1192 .event anyedge, v0x55afaeb93590_4767, v0x55afaeb93590_4768, v0x55afaeb93590_4769, v0x55afaeb93590_4770;
v0x55afaeb93590_4771 .array/port v0x55afaeb93590, 4771;
v0x55afaeb93590_4772 .array/port v0x55afaeb93590, 4772;
v0x55afaeb93590_4773 .array/port v0x55afaeb93590, 4773;
v0x55afaeb93590_4774 .array/port v0x55afaeb93590, 4774;
E_0x55afaeb77280/1193 .event anyedge, v0x55afaeb93590_4771, v0x55afaeb93590_4772, v0x55afaeb93590_4773, v0x55afaeb93590_4774;
v0x55afaeb93590_4775 .array/port v0x55afaeb93590, 4775;
v0x55afaeb93590_4776 .array/port v0x55afaeb93590, 4776;
v0x55afaeb93590_4777 .array/port v0x55afaeb93590, 4777;
v0x55afaeb93590_4778 .array/port v0x55afaeb93590, 4778;
E_0x55afaeb77280/1194 .event anyedge, v0x55afaeb93590_4775, v0x55afaeb93590_4776, v0x55afaeb93590_4777, v0x55afaeb93590_4778;
v0x55afaeb93590_4779 .array/port v0x55afaeb93590, 4779;
v0x55afaeb93590_4780 .array/port v0x55afaeb93590, 4780;
v0x55afaeb93590_4781 .array/port v0x55afaeb93590, 4781;
v0x55afaeb93590_4782 .array/port v0x55afaeb93590, 4782;
E_0x55afaeb77280/1195 .event anyedge, v0x55afaeb93590_4779, v0x55afaeb93590_4780, v0x55afaeb93590_4781, v0x55afaeb93590_4782;
v0x55afaeb93590_4783 .array/port v0x55afaeb93590, 4783;
v0x55afaeb93590_4784 .array/port v0x55afaeb93590, 4784;
v0x55afaeb93590_4785 .array/port v0x55afaeb93590, 4785;
v0x55afaeb93590_4786 .array/port v0x55afaeb93590, 4786;
E_0x55afaeb77280/1196 .event anyedge, v0x55afaeb93590_4783, v0x55afaeb93590_4784, v0x55afaeb93590_4785, v0x55afaeb93590_4786;
v0x55afaeb93590_4787 .array/port v0x55afaeb93590, 4787;
v0x55afaeb93590_4788 .array/port v0x55afaeb93590, 4788;
v0x55afaeb93590_4789 .array/port v0x55afaeb93590, 4789;
v0x55afaeb93590_4790 .array/port v0x55afaeb93590, 4790;
E_0x55afaeb77280/1197 .event anyedge, v0x55afaeb93590_4787, v0x55afaeb93590_4788, v0x55afaeb93590_4789, v0x55afaeb93590_4790;
v0x55afaeb93590_4791 .array/port v0x55afaeb93590, 4791;
v0x55afaeb93590_4792 .array/port v0x55afaeb93590, 4792;
v0x55afaeb93590_4793 .array/port v0x55afaeb93590, 4793;
v0x55afaeb93590_4794 .array/port v0x55afaeb93590, 4794;
E_0x55afaeb77280/1198 .event anyedge, v0x55afaeb93590_4791, v0x55afaeb93590_4792, v0x55afaeb93590_4793, v0x55afaeb93590_4794;
v0x55afaeb93590_4795 .array/port v0x55afaeb93590, 4795;
v0x55afaeb93590_4796 .array/port v0x55afaeb93590, 4796;
v0x55afaeb93590_4797 .array/port v0x55afaeb93590, 4797;
v0x55afaeb93590_4798 .array/port v0x55afaeb93590, 4798;
E_0x55afaeb77280/1199 .event anyedge, v0x55afaeb93590_4795, v0x55afaeb93590_4796, v0x55afaeb93590_4797, v0x55afaeb93590_4798;
v0x55afaeb93590_4799 .array/port v0x55afaeb93590, 4799;
v0x55afaeb93590_4800 .array/port v0x55afaeb93590, 4800;
v0x55afaeb93590_4801 .array/port v0x55afaeb93590, 4801;
v0x55afaeb93590_4802 .array/port v0x55afaeb93590, 4802;
E_0x55afaeb77280/1200 .event anyedge, v0x55afaeb93590_4799, v0x55afaeb93590_4800, v0x55afaeb93590_4801, v0x55afaeb93590_4802;
v0x55afaeb93590_4803 .array/port v0x55afaeb93590, 4803;
v0x55afaeb93590_4804 .array/port v0x55afaeb93590, 4804;
v0x55afaeb93590_4805 .array/port v0x55afaeb93590, 4805;
v0x55afaeb93590_4806 .array/port v0x55afaeb93590, 4806;
E_0x55afaeb77280/1201 .event anyedge, v0x55afaeb93590_4803, v0x55afaeb93590_4804, v0x55afaeb93590_4805, v0x55afaeb93590_4806;
v0x55afaeb93590_4807 .array/port v0x55afaeb93590, 4807;
v0x55afaeb93590_4808 .array/port v0x55afaeb93590, 4808;
v0x55afaeb93590_4809 .array/port v0x55afaeb93590, 4809;
v0x55afaeb93590_4810 .array/port v0x55afaeb93590, 4810;
E_0x55afaeb77280/1202 .event anyedge, v0x55afaeb93590_4807, v0x55afaeb93590_4808, v0x55afaeb93590_4809, v0x55afaeb93590_4810;
v0x55afaeb93590_4811 .array/port v0x55afaeb93590, 4811;
v0x55afaeb93590_4812 .array/port v0x55afaeb93590, 4812;
v0x55afaeb93590_4813 .array/port v0x55afaeb93590, 4813;
v0x55afaeb93590_4814 .array/port v0x55afaeb93590, 4814;
E_0x55afaeb77280/1203 .event anyedge, v0x55afaeb93590_4811, v0x55afaeb93590_4812, v0x55afaeb93590_4813, v0x55afaeb93590_4814;
v0x55afaeb93590_4815 .array/port v0x55afaeb93590, 4815;
v0x55afaeb93590_4816 .array/port v0x55afaeb93590, 4816;
v0x55afaeb93590_4817 .array/port v0x55afaeb93590, 4817;
v0x55afaeb93590_4818 .array/port v0x55afaeb93590, 4818;
E_0x55afaeb77280/1204 .event anyedge, v0x55afaeb93590_4815, v0x55afaeb93590_4816, v0x55afaeb93590_4817, v0x55afaeb93590_4818;
v0x55afaeb93590_4819 .array/port v0x55afaeb93590, 4819;
v0x55afaeb93590_4820 .array/port v0x55afaeb93590, 4820;
v0x55afaeb93590_4821 .array/port v0x55afaeb93590, 4821;
v0x55afaeb93590_4822 .array/port v0x55afaeb93590, 4822;
E_0x55afaeb77280/1205 .event anyedge, v0x55afaeb93590_4819, v0x55afaeb93590_4820, v0x55afaeb93590_4821, v0x55afaeb93590_4822;
v0x55afaeb93590_4823 .array/port v0x55afaeb93590, 4823;
v0x55afaeb93590_4824 .array/port v0x55afaeb93590, 4824;
v0x55afaeb93590_4825 .array/port v0x55afaeb93590, 4825;
v0x55afaeb93590_4826 .array/port v0x55afaeb93590, 4826;
E_0x55afaeb77280/1206 .event anyedge, v0x55afaeb93590_4823, v0x55afaeb93590_4824, v0x55afaeb93590_4825, v0x55afaeb93590_4826;
v0x55afaeb93590_4827 .array/port v0x55afaeb93590, 4827;
v0x55afaeb93590_4828 .array/port v0x55afaeb93590, 4828;
v0x55afaeb93590_4829 .array/port v0x55afaeb93590, 4829;
v0x55afaeb93590_4830 .array/port v0x55afaeb93590, 4830;
E_0x55afaeb77280/1207 .event anyedge, v0x55afaeb93590_4827, v0x55afaeb93590_4828, v0x55afaeb93590_4829, v0x55afaeb93590_4830;
v0x55afaeb93590_4831 .array/port v0x55afaeb93590, 4831;
v0x55afaeb93590_4832 .array/port v0x55afaeb93590, 4832;
v0x55afaeb93590_4833 .array/port v0x55afaeb93590, 4833;
v0x55afaeb93590_4834 .array/port v0x55afaeb93590, 4834;
E_0x55afaeb77280/1208 .event anyedge, v0x55afaeb93590_4831, v0x55afaeb93590_4832, v0x55afaeb93590_4833, v0x55afaeb93590_4834;
v0x55afaeb93590_4835 .array/port v0x55afaeb93590, 4835;
v0x55afaeb93590_4836 .array/port v0x55afaeb93590, 4836;
v0x55afaeb93590_4837 .array/port v0x55afaeb93590, 4837;
v0x55afaeb93590_4838 .array/port v0x55afaeb93590, 4838;
E_0x55afaeb77280/1209 .event anyedge, v0x55afaeb93590_4835, v0x55afaeb93590_4836, v0x55afaeb93590_4837, v0x55afaeb93590_4838;
v0x55afaeb93590_4839 .array/port v0x55afaeb93590, 4839;
v0x55afaeb93590_4840 .array/port v0x55afaeb93590, 4840;
v0x55afaeb93590_4841 .array/port v0x55afaeb93590, 4841;
v0x55afaeb93590_4842 .array/port v0x55afaeb93590, 4842;
E_0x55afaeb77280/1210 .event anyedge, v0x55afaeb93590_4839, v0x55afaeb93590_4840, v0x55afaeb93590_4841, v0x55afaeb93590_4842;
v0x55afaeb93590_4843 .array/port v0x55afaeb93590, 4843;
v0x55afaeb93590_4844 .array/port v0x55afaeb93590, 4844;
v0x55afaeb93590_4845 .array/port v0x55afaeb93590, 4845;
v0x55afaeb93590_4846 .array/port v0x55afaeb93590, 4846;
E_0x55afaeb77280/1211 .event anyedge, v0x55afaeb93590_4843, v0x55afaeb93590_4844, v0x55afaeb93590_4845, v0x55afaeb93590_4846;
v0x55afaeb93590_4847 .array/port v0x55afaeb93590, 4847;
v0x55afaeb93590_4848 .array/port v0x55afaeb93590, 4848;
v0x55afaeb93590_4849 .array/port v0x55afaeb93590, 4849;
v0x55afaeb93590_4850 .array/port v0x55afaeb93590, 4850;
E_0x55afaeb77280/1212 .event anyedge, v0x55afaeb93590_4847, v0x55afaeb93590_4848, v0x55afaeb93590_4849, v0x55afaeb93590_4850;
v0x55afaeb93590_4851 .array/port v0x55afaeb93590, 4851;
v0x55afaeb93590_4852 .array/port v0x55afaeb93590, 4852;
v0x55afaeb93590_4853 .array/port v0x55afaeb93590, 4853;
v0x55afaeb93590_4854 .array/port v0x55afaeb93590, 4854;
E_0x55afaeb77280/1213 .event anyedge, v0x55afaeb93590_4851, v0x55afaeb93590_4852, v0x55afaeb93590_4853, v0x55afaeb93590_4854;
v0x55afaeb93590_4855 .array/port v0x55afaeb93590, 4855;
v0x55afaeb93590_4856 .array/port v0x55afaeb93590, 4856;
v0x55afaeb93590_4857 .array/port v0x55afaeb93590, 4857;
v0x55afaeb93590_4858 .array/port v0x55afaeb93590, 4858;
E_0x55afaeb77280/1214 .event anyedge, v0x55afaeb93590_4855, v0x55afaeb93590_4856, v0x55afaeb93590_4857, v0x55afaeb93590_4858;
v0x55afaeb93590_4859 .array/port v0x55afaeb93590, 4859;
v0x55afaeb93590_4860 .array/port v0x55afaeb93590, 4860;
v0x55afaeb93590_4861 .array/port v0x55afaeb93590, 4861;
v0x55afaeb93590_4862 .array/port v0x55afaeb93590, 4862;
E_0x55afaeb77280/1215 .event anyedge, v0x55afaeb93590_4859, v0x55afaeb93590_4860, v0x55afaeb93590_4861, v0x55afaeb93590_4862;
v0x55afaeb93590_4863 .array/port v0x55afaeb93590, 4863;
v0x55afaeb93590_4864 .array/port v0x55afaeb93590, 4864;
v0x55afaeb93590_4865 .array/port v0x55afaeb93590, 4865;
v0x55afaeb93590_4866 .array/port v0x55afaeb93590, 4866;
E_0x55afaeb77280/1216 .event anyedge, v0x55afaeb93590_4863, v0x55afaeb93590_4864, v0x55afaeb93590_4865, v0x55afaeb93590_4866;
v0x55afaeb93590_4867 .array/port v0x55afaeb93590, 4867;
v0x55afaeb93590_4868 .array/port v0x55afaeb93590, 4868;
v0x55afaeb93590_4869 .array/port v0x55afaeb93590, 4869;
v0x55afaeb93590_4870 .array/port v0x55afaeb93590, 4870;
E_0x55afaeb77280/1217 .event anyedge, v0x55afaeb93590_4867, v0x55afaeb93590_4868, v0x55afaeb93590_4869, v0x55afaeb93590_4870;
v0x55afaeb93590_4871 .array/port v0x55afaeb93590, 4871;
v0x55afaeb93590_4872 .array/port v0x55afaeb93590, 4872;
v0x55afaeb93590_4873 .array/port v0x55afaeb93590, 4873;
v0x55afaeb93590_4874 .array/port v0x55afaeb93590, 4874;
E_0x55afaeb77280/1218 .event anyedge, v0x55afaeb93590_4871, v0x55afaeb93590_4872, v0x55afaeb93590_4873, v0x55afaeb93590_4874;
v0x55afaeb93590_4875 .array/port v0x55afaeb93590, 4875;
v0x55afaeb93590_4876 .array/port v0x55afaeb93590, 4876;
v0x55afaeb93590_4877 .array/port v0x55afaeb93590, 4877;
v0x55afaeb93590_4878 .array/port v0x55afaeb93590, 4878;
E_0x55afaeb77280/1219 .event anyedge, v0x55afaeb93590_4875, v0x55afaeb93590_4876, v0x55afaeb93590_4877, v0x55afaeb93590_4878;
v0x55afaeb93590_4879 .array/port v0x55afaeb93590, 4879;
v0x55afaeb93590_4880 .array/port v0x55afaeb93590, 4880;
v0x55afaeb93590_4881 .array/port v0x55afaeb93590, 4881;
v0x55afaeb93590_4882 .array/port v0x55afaeb93590, 4882;
E_0x55afaeb77280/1220 .event anyedge, v0x55afaeb93590_4879, v0x55afaeb93590_4880, v0x55afaeb93590_4881, v0x55afaeb93590_4882;
v0x55afaeb93590_4883 .array/port v0x55afaeb93590, 4883;
v0x55afaeb93590_4884 .array/port v0x55afaeb93590, 4884;
v0x55afaeb93590_4885 .array/port v0x55afaeb93590, 4885;
v0x55afaeb93590_4886 .array/port v0x55afaeb93590, 4886;
E_0x55afaeb77280/1221 .event anyedge, v0x55afaeb93590_4883, v0x55afaeb93590_4884, v0x55afaeb93590_4885, v0x55afaeb93590_4886;
v0x55afaeb93590_4887 .array/port v0x55afaeb93590, 4887;
v0x55afaeb93590_4888 .array/port v0x55afaeb93590, 4888;
v0x55afaeb93590_4889 .array/port v0x55afaeb93590, 4889;
v0x55afaeb93590_4890 .array/port v0x55afaeb93590, 4890;
E_0x55afaeb77280/1222 .event anyedge, v0x55afaeb93590_4887, v0x55afaeb93590_4888, v0x55afaeb93590_4889, v0x55afaeb93590_4890;
v0x55afaeb93590_4891 .array/port v0x55afaeb93590, 4891;
v0x55afaeb93590_4892 .array/port v0x55afaeb93590, 4892;
v0x55afaeb93590_4893 .array/port v0x55afaeb93590, 4893;
v0x55afaeb93590_4894 .array/port v0x55afaeb93590, 4894;
E_0x55afaeb77280/1223 .event anyedge, v0x55afaeb93590_4891, v0x55afaeb93590_4892, v0x55afaeb93590_4893, v0x55afaeb93590_4894;
v0x55afaeb93590_4895 .array/port v0x55afaeb93590, 4895;
v0x55afaeb93590_4896 .array/port v0x55afaeb93590, 4896;
v0x55afaeb93590_4897 .array/port v0x55afaeb93590, 4897;
v0x55afaeb93590_4898 .array/port v0x55afaeb93590, 4898;
E_0x55afaeb77280/1224 .event anyedge, v0x55afaeb93590_4895, v0x55afaeb93590_4896, v0x55afaeb93590_4897, v0x55afaeb93590_4898;
v0x55afaeb93590_4899 .array/port v0x55afaeb93590, 4899;
v0x55afaeb93590_4900 .array/port v0x55afaeb93590, 4900;
v0x55afaeb93590_4901 .array/port v0x55afaeb93590, 4901;
v0x55afaeb93590_4902 .array/port v0x55afaeb93590, 4902;
E_0x55afaeb77280/1225 .event anyedge, v0x55afaeb93590_4899, v0x55afaeb93590_4900, v0x55afaeb93590_4901, v0x55afaeb93590_4902;
v0x55afaeb93590_4903 .array/port v0x55afaeb93590, 4903;
v0x55afaeb93590_4904 .array/port v0x55afaeb93590, 4904;
v0x55afaeb93590_4905 .array/port v0x55afaeb93590, 4905;
v0x55afaeb93590_4906 .array/port v0x55afaeb93590, 4906;
E_0x55afaeb77280/1226 .event anyedge, v0x55afaeb93590_4903, v0x55afaeb93590_4904, v0x55afaeb93590_4905, v0x55afaeb93590_4906;
v0x55afaeb93590_4907 .array/port v0x55afaeb93590, 4907;
v0x55afaeb93590_4908 .array/port v0x55afaeb93590, 4908;
v0x55afaeb93590_4909 .array/port v0x55afaeb93590, 4909;
v0x55afaeb93590_4910 .array/port v0x55afaeb93590, 4910;
E_0x55afaeb77280/1227 .event anyedge, v0x55afaeb93590_4907, v0x55afaeb93590_4908, v0x55afaeb93590_4909, v0x55afaeb93590_4910;
v0x55afaeb93590_4911 .array/port v0x55afaeb93590, 4911;
v0x55afaeb93590_4912 .array/port v0x55afaeb93590, 4912;
v0x55afaeb93590_4913 .array/port v0x55afaeb93590, 4913;
v0x55afaeb93590_4914 .array/port v0x55afaeb93590, 4914;
E_0x55afaeb77280/1228 .event anyedge, v0x55afaeb93590_4911, v0x55afaeb93590_4912, v0x55afaeb93590_4913, v0x55afaeb93590_4914;
v0x55afaeb93590_4915 .array/port v0x55afaeb93590, 4915;
v0x55afaeb93590_4916 .array/port v0x55afaeb93590, 4916;
v0x55afaeb93590_4917 .array/port v0x55afaeb93590, 4917;
v0x55afaeb93590_4918 .array/port v0x55afaeb93590, 4918;
E_0x55afaeb77280/1229 .event anyedge, v0x55afaeb93590_4915, v0x55afaeb93590_4916, v0x55afaeb93590_4917, v0x55afaeb93590_4918;
v0x55afaeb93590_4919 .array/port v0x55afaeb93590, 4919;
v0x55afaeb93590_4920 .array/port v0x55afaeb93590, 4920;
v0x55afaeb93590_4921 .array/port v0x55afaeb93590, 4921;
v0x55afaeb93590_4922 .array/port v0x55afaeb93590, 4922;
E_0x55afaeb77280/1230 .event anyedge, v0x55afaeb93590_4919, v0x55afaeb93590_4920, v0x55afaeb93590_4921, v0x55afaeb93590_4922;
v0x55afaeb93590_4923 .array/port v0x55afaeb93590, 4923;
v0x55afaeb93590_4924 .array/port v0x55afaeb93590, 4924;
v0x55afaeb93590_4925 .array/port v0x55afaeb93590, 4925;
v0x55afaeb93590_4926 .array/port v0x55afaeb93590, 4926;
E_0x55afaeb77280/1231 .event anyedge, v0x55afaeb93590_4923, v0x55afaeb93590_4924, v0x55afaeb93590_4925, v0x55afaeb93590_4926;
v0x55afaeb93590_4927 .array/port v0x55afaeb93590, 4927;
v0x55afaeb93590_4928 .array/port v0x55afaeb93590, 4928;
v0x55afaeb93590_4929 .array/port v0x55afaeb93590, 4929;
v0x55afaeb93590_4930 .array/port v0x55afaeb93590, 4930;
E_0x55afaeb77280/1232 .event anyedge, v0x55afaeb93590_4927, v0x55afaeb93590_4928, v0x55afaeb93590_4929, v0x55afaeb93590_4930;
v0x55afaeb93590_4931 .array/port v0x55afaeb93590, 4931;
v0x55afaeb93590_4932 .array/port v0x55afaeb93590, 4932;
v0x55afaeb93590_4933 .array/port v0x55afaeb93590, 4933;
v0x55afaeb93590_4934 .array/port v0x55afaeb93590, 4934;
E_0x55afaeb77280/1233 .event anyedge, v0x55afaeb93590_4931, v0x55afaeb93590_4932, v0x55afaeb93590_4933, v0x55afaeb93590_4934;
v0x55afaeb93590_4935 .array/port v0x55afaeb93590, 4935;
v0x55afaeb93590_4936 .array/port v0x55afaeb93590, 4936;
v0x55afaeb93590_4937 .array/port v0x55afaeb93590, 4937;
v0x55afaeb93590_4938 .array/port v0x55afaeb93590, 4938;
E_0x55afaeb77280/1234 .event anyedge, v0x55afaeb93590_4935, v0x55afaeb93590_4936, v0x55afaeb93590_4937, v0x55afaeb93590_4938;
v0x55afaeb93590_4939 .array/port v0x55afaeb93590, 4939;
v0x55afaeb93590_4940 .array/port v0x55afaeb93590, 4940;
v0x55afaeb93590_4941 .array/port v0x55afaeb93590, 4941;
v0x55afaeb93590_4942 .array/port v0x55afaeb93590, 4942;
E_0x55afaeb77280/1235 .event anyedge, v0x55afaeb93590_4939, v0x55afaeb93590_4940, v0x55afaeb93590_4941, v0x55afaeb93590_4942;
v0x55afaeb93590_4943 .array/port v0x55afaeb93590, 4943;
v0x55afaeb93590_4944 .array/port v0x55afaeb93590, 4944;
v0x55afaeb93590_4945 .array/port v0x55afaeb93590, 4945;
v0x55afaeb93590_4946 .array/port v0x55afaeb93590, 4946;
E_0x55afaeb77280/1236 .event anyedge, v0x55afaeb93590_4943, v0x55afaeb93590_4944, v0x55afaeb93590_4945, v0x55afaeb93590_4946;
v0x55afaeb93590_4947 .array/port v0x55afaeb93590, 4947;
v0x55afaeb93590_4948 .array/port v0x55afaeb93590, 4948;
v0x55afaeb93590_4949 .array/port v0x55afaeb93590, 4949;
v0x55afaeb93590_4950 .array/port v0x55afaeb93590, 4950;
E_0x55afaeb77280/1237 .event anyedge, v0x55afaeb93590_4947, v0x55afaeb93590_4948, v0x55afaeb93590_4949, v0x55afaeb93590_4950;
v0x55afaeb93590_4951 .array/port v0x55afaeb93590, 4951;
v0x55afaeb93590_4952 .array/port v0x55afaeb93590, 4952;
v0x55afaeb93590_4953 .array/port v0x55afaeb93590, 4953;
v0x55afaeb93590_4954 .array/port v0x55afaeb93590, 4954;
E_0x55afaeb77280/1238 .event anyedge, v0x55afaeb93590_4951, v0x55afaeb93590_4952, v0x55afaeb93590_4953, v0x55afaeb93590_4954;
v0x55afaeb93590_4955 .array/port v0x55afaeb93590, 4955;
v0x55afaeb93590_4956 .array/port v0x55afaeb93590, 4956;
v0x55afaeb93590_4957 .array/port v0x55afaeb93590, 4957;
v0x55afaeb93590_4958 .array/port v0x55afaeb93590, 4958;
E_0x55afaeb77280/1239 .event anyedge, v0x55afaeb93590_4955, v0x55afaeb93590_4956, v0x55afaeb93590_4957, v0x55afaeb93590_4958;
v0x55afaeb93590_4959 .array/port v0x55afaeb93590, 4959;
v0x55afaeb93590_4960 .array/port v0x55afaeb93590, 4960;
v0x55afaeb93590_4961 .array/port v0x55afaeb93590, 4961;
v0x55afaeb93590_4962 .array/port v0x55afaeb93590, 4962;
E_0x55afaeb77280/1240 .event anyedge, v0x55afaeb93590_4959, v0x55afaeb93590_4960, v0x55afaeb93590_4961, v0x55afaeb93590_4962;
v0x55afaeb93590_4963 .array/port v0x55afaeb93590, 4963;
v0x55afaeb93590_4964 .array/port v0x55afaeb93590, 4964;
v0x55afaeb93590_4965 .array/port v0x55afaeb93590, 4965;
v0x55afaeb93590_4966 .array/port v0x55afaeb93590, 4966;
E_0x55afaeb77280/1241 .event anyedge, v0x55afaeb93590_4963, v0x55afaeb93590_4964, v0x55afaeb93590_4965, v0x55afaeb93590_4966;
v0x55afaeb93590_4967 .array/port v0x55afaeb93590, 4967;
v0x55afaeb93590_4968 .array/port v0x55afaeb93590, 4968;
v0x55afaeb93590_4969 .array/port v0x55afaeb93590, 4969;
v0x55afaeb93590_4970 .array/port v0x55afaeb93590, 4970;
E_0x55afaeb77280/1242 .event anyedge, v0x55afaeb93590_4967, v0x55afaeb93590_4968, v0x55afaeb93590_4969, v0x55afaeb93590_4970;
v0x55afaeb93590_4971 .array/port v0x55afaeb93590, 4971;
v0x55afaeb93590_4972 .array/port v0x55afaeb93590, 4972;
v0x55afaeb93590_4973 .array/port v0x55afaeb93590, 4973;
v0x55afaeb93590_4974 .array/port v0x55afaeb93590, 4974;
E_0x55afaeb77280/1243 .event anyedge, v0x55afaeb93590_4971, v0x55afaeb93590_4972, v0x55afaeb93590_4973, v0x55afaeb93590_4974;
v0x55afaeb93590_4975 .array/port v0x55afaeb93590, 4975;
v0x55afaeb93590_4976 .array/port v0x55afaeb93590, 4976;
v0x55afaeb93590_4977 .array/port v0x55afaeb93590, 4977;
v0x55afaeb93590_4978 .array/port v0x55afaeb93590, 4978;
E_0x55afaeb77280/1244 .event anyedge, v0x55afaeb93590_4975, v0x55afaeb93590_4976, v0x55afaeb93590_4977, v0x55afaeb93590_4978;
v0x55afaeb93590_4979 .array/port v0x55afaeb93590, 4979;
v0x55afaeb93590_4980 .array/port v0x55afaeb93590, 4980;
v0x55afaeb93590_4981 .array/port v0x55afaeb93590, 4981;
v0x55afaeb93590_4982 .array/port v0x55afaeb93590, 4982;
E_0x55afaeb77280/1245 .event anyedge, v0x55afaeb93590_4979, v0x55afaeb93590_4980, v0x55afaeb93590_4981, v0x55afaeb93590_4982;
v0x55afaeb93590_4983 .array/port v0x55afaeb93590, 4983;
v0x55afaeb93590_4984 .array/port v0x55afaeb93590, 4984;
v0x55afaeb93590_4985 .array/port v0x55afaeb93590, 4985;
v0x55afaeb93590_4986 .array/port v0x55afaeb93590, 4986;
E_0x55afaeb77280/1246 .event anyedge, v0x55afaeb93590_4983, v0x55afaeb93590_4984, v0x55afaeb93590_4985, v0x55afaeb93590_4986;
v0x55afaeb93590_4987 .array/port v0x55afaeb93590, 4987;
v0x55afaeb93590_4988 .array/port v0x55afaeb93590, 4988;
v0x55afaeb93590_4989 .array/port v0x55afaeb93590, 4989;
v0x55afaeb93590_4990 .array/port v0x55afaeb93590, 4990;
E_0x55afaeb77280/1247 .event anyedge, v0x55afaeb93590_4987, v0x55afaeb93590_4988, v0x55afaeb93590_4989, v0x55afaeb93590_4990;
v0x55afaeb93590_4991 .array/port v0x55afaeb93590, 4991;
v0x55afaeb93590_4992 .array/port v0x55afaeb93590, 4992;
v0x55afaeb93590_4993 .array/port v0x55afaeb93590, 4993;
v0x55afaeb93590_4994 .array/port v0x55afaeb93590, 4994;
E_0x55afaeb77280/1248 .event anyedge, v0x55afaeb93590_4991, v0x55afaeb93590_4992, v0x55afaeb93590_4993, v0x55afaeb93590_4994;
v0x55afaeb93590_4995 .array/port v0x55afaeb93590, 4995;
v0x55afaeb93590_4996 .array/port v0x55afaeb93590, 4996;
v0x55afaeb93590_4997 .array/port v0x55afaeb93590, 4997;
v0x55afaeb93590_4998 .array/port v0x55afaeb93590, 4998;
E_0x55afaeb77280/1249 .event anyedge, v0x55afaeb93590_4995, v0x55afaeb93590_4996, v0x55afaeb93590_4997, v0x55afaeb93590_4998;
v0x55afaeb93590_4999 .array/port v0x55afaeb93590, 4999;
v0x55afaeb93590_5000 .array/port v0x55afaeb93590, 5000;
v0x55afaeb93590_5001 .array/port v0x55afaeb93590, 5001;
v0x55afaeb93590_5002 .array/port v0x55afaeb93590, 5002;
E_0x55afaeb77280/1250 .event anyedge, v0x55afaeb93590_4999, v0x55afaeb93590_5000, v0x55afaeb93590_5001, v0x55afaeb93590_5002;
v0x55afaeb93590_5003 .array/port v0x55afaeb93590, 5003;
v0x55afaeb93590_5004 .array/port v0x55afaeb93590, 5004;
v0x55afaeb93590_5005 .array/port v0x55afaeb93590, 5005;
v0x55afaeb93590_5006 .array/port v0x55afaeb93590, 5006;
E_0x55afaeb77280/1251 .event anyedge, v0x55afaeb93590_5003, v0x55afaeb93590_5004, v0x55afaeb93590_5005, v0x55afaeb93590_5006;
v0x55afaeb93590_5007 .array/port v0x55afaeb93590, 5007;
v0x55afaeb93590_5008 .array/port v0x55afaeb93590, 5008;
v0x55afaeb93590_5009 .array/port v0x55afaeb93590, 5009;
v0x55afaeb93590_5010 .array/port v0x55afaeb93590, 5010;
E_0x55afaeb77280/1252 .event anyedge, v0x55afaeb93590_5007, v0x55afaeb93590_5008, v0x55afaeb93590_5009, v0x55afaeb93590_5010;
v0x55afaeb93590_5011 .array/port v0x55afaeb93590, 5011;
v0x55afaeb93590_5012 .array/port v0x55afaeb93590, 5012;
v0x55afaeb93590_5013 .array/port v0x55afaeb93590, 5013;
v0x55afaeb93590_5014 .array/port v0x55afaeb93590, 5014;
E_0x55afaeb77280/1253 .event anyedge, v0x55afaeb93590_5011, v0x55afaeb93590_5012, v0x55afaeb93590_5013, v0x55afaeb93590_5014;
v0x55afaeb93590_5015 .array/port v0x55afaeb93590, 5015;
v0x55afaeb93590_5016 .array/port v0x55afaeb93590, 5016;
v0x55afaeb93590_5017 .array/port v0x55afaeb93590, 5017;
v0x55afaeb93590_5018 .array/port v0x55afaeb93590, 5018;
E_0x55afaeb77280/1254 .event anyedge, v0x55afaeb93590_5015, v0x55afaeb93590_5016, v0x55afaeb93590_5017, v0x55afaeb93590_5018;
v0x55afaeb93590_5019 .array/port v0x55afaeb93590, 5019;
v0x55afaeb93590_5020 .array/port v0x55afaeb93590, 5020;
v0x55afaeb93590_5021 .array/port v0x55afaeb93590, 5021;
v0x55afaeb93590_5022 .array/port v0x55afaeb93590, 5022;
E_0x55afaeb77280/1255 .event anyedge, v0x55afaeb93590_5019, v0x55afaeb93590_5020, v0x55afaeb93590_5021, v0x55afaeb93590_5022;
v0x55afaeb93590_5023 .array/port v0x55afaeb93590, 5023;
v0x55afaeb93590_5024 .array/port v0x55afaeb93590, 5024;
v0x55afaeb93590_5025 .array/port v0x55afaeb93590, 5025;
v0x55afaeb93590_5026 .array/port v0x55afaeb93590, 5026;
E_0x55afaeb77280/1256 .event anyedge, v0x55afaeb93590_5023, v0x55afaeb93590_5024, v0x55afaeb93590_5025, v0x55afaeb93590_5026;
v0x55afaeb93590_5027 .array/port v0x55afaeb93590, 5027;
v0x55afaeb93590_5028 .array/port v0x55afaeb93590, 5028;
v0x55afaeb93590_5029 .array/port v0x55afaeb93590, 5029;
v0x55afaeb93590_5030 .array/port v0x55afaeb93590, 5030;
E_0x55afaeb77280/1257 .event anyedge, v0x55afaeb93590_5027, v0x55afaeb93590_5028, v0x55afaeb93590_5029, v0x55afaeb93590_5030;
v0x55afaeb93590_5031 .array/port v0x55afaeb93590, 5031;
v0x55afaeb93590_5032 .array/port v0x55afaeb93590, 5032;
v0x55afaeb93590_5033 .array/port v0x55afaeb93590, 5033;
v0x55afaeb93590_5034 .array/port v0x55afaeb93590, 5034;
E_0x55afaeb77280/1258 .event anyedge, v0x55afaeb93590_5031, v0x55afaeb93590_5032, v0x55afaeb93590_5033, v0x55afaeb93590_5034;
v0x55afaeb93590_5035 .array/port v0x55afaeb93590, 5035;
v0x55afaeb93590_5036 .array/port v0x55afaeb93590, 5036;
v0x55afaeb93590_5037 .array/port v0x55afaeb93590, 5037;
v0x55afaeb93590_5038 .array/port v0x55afaeb93590, 5038;
E_0x55afaeb77280/1259 .event anyedge, v0x55afaeb93590_5035, v0x55afaeb93590_5036, v0x55afaeb93590_5037, v0x55afaeb93590_5038;
v0x55afaeb93590_5039 .array/port v0x55afaeb93590, 5039;
v0x55afaeb93590_5040 .array/port v0x55afaeb93590, 5040;
v0x55afaeb93590_5041 .array/port v0x55afaeb93590, 5041;
v0x55afaeb93590_5042 .array/port v0x55afaeb93590, 5042;
E_0x55afaeb77280/1260 .event anyedge, v0x55afaeb93590_5039, v0x55afaeb93590_5040, v0x55afaeb93590_5041, v0x55afaeb93590_5042;
v0x55afaeb93590_5043 .array/port v0x55afaeb93590, 5043;
v0x55afaeb93590_5044 .array/port v0x55afaeb93590, 5044;
v0x55afaeb93590_5045 .array/port v0x55afaeb93590, 5045;
v0x55afaeb93590_5046 .array/port v0x55afaeb93590, 5046;
E_0x55afaeb77280/1261 .event anyedge, v0x55afaeb93590_5043, v0x55afaeb93590_5044, v0x55afaeb93590_5045, v0x55afaeb93590_5046;
v0x55afaeb93590_5047 .array/port v0x55afaeb93590, 5047;
v0x55afaeb93590_5048 .array/port v0x55afaeb93590, 5048;
v0x55afaeb93590_5049 .array/port v0x55afaeb93590, 5049;
v0x55afaeb93590_5050 .array/port v0x55afaeb93590, 5050;
E_0x55afaeb77280/1262 .event anyedge, v0x55afaeb93590_5047, v0x55afaeb93590_5048, v0x55afaeb93590_5049, v0x55afaeb93590_5050;
v0x55afaeb93590_5051 .array/port v0x55afaeb93590, 5051;
v0x55afaeb93590_5052 .array/port v0x55afaeb93590, 5052;
v0x55afaeb93590_5053 .array/port v0x55afaeb93590, 5053;
v0x55afaeb93590_5054 .array/port v0x55afaeb93590, 5054;
E_0x55afaeb77280/1263 .event anyedge, v0x55afaeb93590_5051, v0x55afaeb93590_5052, v0x55afaeb93590_5053, v0x55afaeb93590_5054;
v0x55afaeb93590_5055 .array/port v0x55afaeb93590, 5055;
v0x55afaeb93590_5056 .array/port v0x55afaeb93590, 5056;
v0x55afaeb93590_5057 .array/port v0x55afaeb93590, 5057;
v0x55afaeb93590_5058 .array/port v0x55afaeb93590, 5058;
E_0x55afaeb77280/1264 .event anyedge, v0x55afaeb93590_5055, v0x55afaeb93590_5056, v0x55afaeb93590_5057, v0x55afaeb93590_5058;
v0x55afaeb93590_5059 .array/port v0x55afaeb93590, 5059;
v0x55afaeb93590_5060 .array/port v0x55afaeb93590, 5060;
v0x55afaeb93590_5061 .array/port v0x55afaeb93590, 5061;
v0x55afaeb93590_5062 .array/port v0x55afaeb93590, 5062;
E_0x55afaeb77280/1265 .event anyedge, v0x55afaeb93590_5059, v0x55afaeb93590_5060, v0x55afaeb93590_5061, v0x55afaeb93590_5062;
v0x55afaeb93590_5063 .array/port v0x55afaeb93590, 5063;
v0x55afaeb93590_5064 .array/port v0x55afaeb93590, 5064;
v0x55afaeb93590_5065 .array/port v0x55afaeb93590, 5065;
v0x55afaeb93590_5066 .array/port v0x55afaeb93590, 5066;
E_0x55afaeb77280/1266 .event anyedge, v0x55afaeb93590_5063, v0x55afaeb93590_5064, v0x55afaeb93590_5065, v0x55afaeb93590_5066;
v0x55afaeb93590_5067 .array/port v0x55afaeb93590, 5067;
v0x55afaeb93590_5068 .array/port v0x55afaeb93590, 5068;
v0x55afaeb93590_5069 .array/port v0x55afaeb93590, 5069;
v0x55afaeb93590_5070 .array/port v0x55afaeb93590, 5070;
E_0x55afaeb77280/1267 .event anyedge, v0x55afaeb93590_5067, v0x55afaeb93590_5068, v0x55afaeb93590_5069, v0x55afaeb93590_5070;
v0x55afaeb93590_5071 .array/port v0x55afaeb93590, 5071;
v0x55afaeb93590_5072 .array/port v0x55afaeb93590, 5072;
v0x55afaeb93590_5073 .array/port v0x55afaeb93590, 5073;
v0x55afaeb93590_5074 .array/port v0x55afaeb93590, 5074;
E_0x55afaeb77280/1268 .event anyedge, v0x55afaeb93590_5071, v0x55afaeb93590_5072, v0x55afaeb93590_5073, v0x55afaeb93590_5074;
v0x55afaeb93590_5075 .array/port v0x55afaeb93590, 5075;
v0x55afaeb93590_5076 .array/port v0x55afaeb93590, 5076;
v0x55afaeb93590_5077 .array/port v0x55afaeb93590, 5077;
v0x55afaeb93590_5078 .array/port v0x55afaeb93590, 5078;
E_0x55afaeb77280/1269 .event anyedge, v0x55afaeb93590_5075, v0x55afaeb93590_5076, v0x55afaeb93590_5077, v0x55afaeb93590_5078;
v0x55afaeb93590_5079 .array/port v0x55afaeb93590, 5079;
v0x55afaeb93590_5080 .array/port v0x55afaeb93590, 5080;
v0x55afaeb93590_5081 .array/port v0x55afaeb93590, 5081;
v0x55afaeb93590_5082 .array/port v0x55afaeb93590, 5082;
E_0x55afaeb77280/1270 .event anyedge, v0x55afaeb93590_5079, v0x55afaeb93590_5080, v0x55afaeb93590_5081, v0x55afaeb93590_5082;
v0x55afaeb93590_5083 .array/port v0x55afaeb93590, 5083;
v0x55afaeb93590_5084 .array/port v0x55afaeb93590, 5084;
v0x55afaeb93590_5085 .array/port v0x55afaeb93590, 5085;
v0x55afaeb93590_5086 .array/port v0x55afaeb93590, 5086;
E_0x55afaeb77280/1271 .event anyedge, v0x55afaeb93590_5083, v0x55afaeb93590_5084, v0x55afaeb93590_5085, v0x55afaeb93590_5086;
v0x55afaeb93590_5087 .array/port v0x55afaeb93590, 5087;
v0x55afaeb93590_5088 .array/port v0x55afaeb93590, 5088;
v0x55afaeb93590_5089 .array/port v0x55afaeb93590, 5089;
v0x55afaeb93590_5090 .array/port v0x55afaeb93590, 5090;
E_0x55afaeb77280/1272 .event anyedge, v0x55afaeb93590_5087, v0x55afaeb93590_5088, v0x55afaeb93590_5089, v0x55afaeb93590_5090;
v0x55afaeb93590_5091 .array/port v0x55afaeb93590, 5091;
v0x55afaeb93590_5092 .array/port v0x55afaeb93590, 5092;
v0x55afaeb93590_5093 .array/port v0x55afaeb93590, 5093;
v0x55afaeb93590_5094 .array/port v0x55afaeb93590, 5094;
E_0x55afaeb77280/1273 .event anyedge, v0x55afaeb93590_5091, v0x55afaeb93590_5092, v0x55afaeb93590_5093, v0x55afaeb93590_5094;
v0x55afaeb93590_5095 .array/port v0x55afaeb93590, 5095;
v0x55afaeb93590_5096 .array/port v0x55afaeb93590, 5096;
v0x55afaeb93590_5097 .array/port v0x55afaeb93590, 5097;
v0x55afaeb93590_5098 .array/port v0x55afaeb93590, 5098;
E_0x55afaeb77280/1274 .event anyedge, v0x55afaeb93590_5095, v0x55afaeb93590_5096, v0x55afaeb93590_5097, v0x55afaeb93590_5098;
v0x55afaeb93590_5099 .array/port v0x55afaeb93590, 5099;
v0x55afaeb93590_5100 .array/port v0x55afaeb93590, 5100;
v0x55afaeb93590_5101 .array/port v0x55afaeb93590, 5101;
v0x55afaeb93590_5102 .array/port v0x55afaeb93590, 5102;
E_0x55afaeb77280/1275 .event anyedge, v0x55afaeb93590_5099, v0x55afaeb93590_5100, v0x55afaeb93590_5101, v0x55afaeb93590_5102;
v0x55afaeb93590_5103 .array/port v0x55afaeb93590, 5103;
v0x55afaeb93590_5104 .array/port v0x55afaeb93590, 5104;
v0x55afaeb93590_5105 .array/port v0x55afaeb93590, 5105;
v0x55afaeb93590_5106 .array/port v0x55afaeb93590, 5106;
E_0x55afaeb77280/1276 .event anyedge, v0x55afaeb93590_5103, v0x55afaeb93590_5104, v0x55afaeb93590_5105, v0x55afaeb93590_5106;
v0x55afaeb93590_5107 .array/port v0x55afaeb93590, 5107;
v0x55afaeb93590_5108 .array/port v0x55afaeb93590, 5108;
v0x55afaeb93590_5109 .array/port v0x55afaeb93590, 5109;
v0x55afaeb93590_5110 .array/port v0x55afaeb93590, 5110;
E_0x55afaeb77280/1277 .event anyedge, v0x55afaeb93590_5107, v0x55afaeb93590_5108, v0x55afaeb93590_5109, v0x55afaeb93590_5110;
v0x55afaeb93590_5111 .array/port v0x55afaeb93590, 5111;
v0x55afaeb93590_5112 .array/port v0x55afaeb93590, 5112;
v0x55afaeb93590_5113 .array/port v0x55afaeb93590, 5113;
v0x55afaeb93590_5114 .array/port v0x55afaeb93590, 5114;
E_0x55afaeb77280/1278 .event anyedge, v0x55afaeb93590_5111, v0x55afaeb93590_5112, v0x55afaeb93590_5113, v0x55afaeb93590_5114;
v0x55afaeb93590_5115 .array/port v0x55afaeb93590, 5115;
v0x55afaeb93590_5116 .array/port v0x55afaeb93590, 5116;
v0x55afaeb93590_5117 .array/port v0x55afaeb93590, 5117;
v0x55afaeb93590_5118 .array/port v0x55afaeb93590, 5118;
E_0x55afaeb77280/1279 .event anyedge, v0x55afaeb93590_5115, v0x55afaeb93590_5116, v0x55afaeb93590_5117, v0x55afaeb93590_5118;
v0x55afaeb93590_5119 .array/port v0x55afaeb93590, 5119;
v0x55afaeb93590_5120 .array/port v0x55afaeb93590, 5120;
v0x55afaeb93590_5121 .array/port v0x55afaeb93590, 5121;
v0x55afaeb93590_5122 .array/port v0x55afaeb93590, 5122;
E_0x55afaeb77280/1280 .event anyedge, v0x55afaeb93590_5119, v0x55afaeb93590_5120, v0x55afaeb93590_5121, v0x55afaeb93590_5122;
v0x55afaeb93590_5123 .array/port v0x55afaeb93590, 5123;
v0x55afaeb93590_5124 .array/port v0x55afaeb93590, 5124;
v0x55afaeb93590_5125 .array/port v0x55afaeb93590, 5125;
v0x55afaeb93590_5126 .array/port v0x55afaeb93590, 5126;
E_0x55afaeb77280/1281 .event anyedge, v0x55afaeb93590_5123, v0x55afaeb93590_5124, v0x55afaeb93590_5125, v0x55afaeb93590_5126;
v0x55afaeb93590_5127 .array/port v0x55afaeb93590, 5127;
v0x55afaeb93590_5128 .array/port v0x55afaeb93590, 5128;
v0x55afaeb93590_5129 .array/port v0x55afaeb93590, 5129;
v0x55afaeb93590_5130 .array/port v0x55afaeb93590, 5130;
E_0x55afaeb77280/1282 .event anyedge, v0x55afaeb93590_5127, v0x55afaeb93590_5128, v0x55afaeb93590_5129, v0x55afaeb93590_5130;
v0x55afaeb93590_5131 .array/port v0x55afaeb93590, 5131;
v0x55afaeb93590_5132 .array/port v0x55afaeb93590, 5132;
v0x55afaeb93590_5133 .array/port v0x55afaeb93590, 5133;
v0x55afaeb93590_5134 .array/port v0x55afaeb93590, 5134;
E_0x55afaeb77280/1283 .event anyedge, v0x55afaeb93590_5131, v0x55afaeb93590_5132, v0x55afaeb93590_5133, v0x55afaeb93590_5134;
v0x55afaeb93590_5135 .array/port v0x55afaeb93590, 5135;
v0x55afaeb93590_5136 .array/port v0x55afaeb93590, 5136;
v0x55afaeb93590_5137 .array/port v0x55afaeb93590, 5137;
v0x55afaeb93590_5138 .array/port v0x55afaeb93590, 5138;
E_0x55afaeb77280/1284 .event anyedge, v0x55afaeb93590_5135, v0x55afaeb93590_5136, v0x55afaeb93590_5137, v0x55afaeb93590_5138;
v0x55afaeb93590_5139 .array/port v0x55afaeb93590, 5139;
v0x55afaeb93590_5140 .array/port v0x55afaeb93590, 5140;
v0x55afaeb93590_5141 .array/port v0x55afaeb93590, 5141;
v0x55afaeb93590_5142 .array/port v0x55afaeb93590, 5142;
E_0x55afaeb77280/1285 .event anyedge, v0x55afaeb93590_5139, v0x55afaeb93590_5140, v0x55afaeb93590_5141, v0x55afaeb93590_5142;
v0x55afaeb93590_5143 .array/port v0x55afaeb93590, 5143;
v0x55afaeb93590_5144 .array/port v0x55afaeb93590, 5144;
v0x55afaeb93590_5145 .array/port v0x55afaeb93590, 5145;
v0x55afaeb93590_5146 .array/port v0x55afaeb93590, 5146;
E_0x55afaeb77280/1286 .event anyedge, v0x55afaeb93590_5143, v0x55afaeb93590_5144, v0x55afaeb93590_5145, v0x55afaeb93590_5146;
v0x55afaeb93590_5147 .array/port v0x55afaeb93590, 5147;
v0x55afaeb93590_5148 .array/port v0x55afaeb93590, 5148;
v0x55afaeb93590_5149 .array/port v0x55afaeb93590, 5149;
v0x55afaeb93590_5150 .array/port v0x55afaeb93590, 5150;
E_0x55afaeb77280/1287 .event anyedge, v0x55afaeb93590_5147, v0x55afaeb93590_5148, v0x55afaeb93590_5149, v0x55afaeb93590_5150;
v0x55afaeb93590_5151 .array/port v0x55afaeb93590, 5151;
v0x55afaeb93590_5152 .array/port v0x55afaeb93590, 5152;
v0x55afaeb93590_5153 .array/port v0x55afaeb93590, 5153;
v0x55afaeb93590_5154 .array/port v0x55afaeb93590, 5154;
E_0x55afaeb77280/1288 .event anyedge, v0x55afaeb93590_5151, v0x55afaeb93590_5152, v0x55afaeb93590_5153, v0x55afaeb93590_5154;
v0x55afaeb93590_5155 .array/port v0x55afaeb93590, 5155;
v0x55afaeb93590_5156 .array/port v0x55afaeb93590, 5156;
v0x55afaeb93590_5157 .array/port v0x55afaeb93590, 5157;
v0x55afaeb93590_5158 .array/port v0x55afaeb93590, 5158;
E_0x55afaeb77280/1289 .event anyedge, v0x55afaeb93590_5155, v0x55afaeb93590_5156, v0x55afaeb93590_5157, v0x55afaeb93590_5158;
v0x55afaeb93590_5159 .array/port v0x55afaeb93590, 5159;
v0x55afaeb93590_5160 .array/port v0x55afaeb93590, 5160;
v0x55afaeb93590_5161 .array/port v0x55afaeb93590, 5161;
v0x55afaeb93590_5162 .array/port v0x55afaeb93590, 5162;
E_0x55afaeb77280/1290 .event anyedge, v0x55afaeb93590_5159, v0x55afaeb93590_5160, v0x55afaeb93590_5161, v0x55afaeb93590_5162;
v0x55afaeb93590_5163 .array/port v0x55afaeb93590, 5163;
v0x55afaeb93590_5164 .array/port v0x55afaeb93590, 5164;
v0x55afaeb93590_5165 .array/port v0x55afaeb93590, 5165;
v0x55afaeb93590_5166 .array/port v0x55afaeb93590, 5166;
E_0x55afaeb77280/1291 .event anyedge, v0x55afaeb93590_5163, v0x55afaeb93590_5164, v0x55afaeb93590_5165, v0x55afaeb93590_5166;
v0x55afaeb93590_5167 .array/port v0x55afaeb93590, 5167;
v0x55afaeb93590_5168 .array/port v0x55afaeb93590, 5168;
v0x55afaeb93590_5169 .array/port v0x55afaeb93590, 5169;
v0x55afaeb93590_5170 .array/port v0x55afaeb93590, 5170;
E_0x55afaeb77280/1292 .event anyedge, v0x55afaeb93590_5167, v0x55afaeb93590_5168, v0x55afaeb93590_5169, v0x55afaeb93590_5170;
v0x55afaeb93590_5171 .array/port v0x55afaeb93590, 5171;
v0x55afaeb93590_5172 .array/port v0x55afaeb93590, 5172;
v0x55afaeb93590_5173 .array/port v0x55afaeb93590, 5173;
v0x55afaeb93590_5174 .array/port v0x55afaeb93590, 5174;
E_0x55afaeb77280/1293 .event anyedge, v0x55afaeb93590_5171, v0x55afaeb93590_5172, v0x55afaeb93590_5173, v0x55afaeb93590_5174;
v0x55afaeb93590_5175 .array/port v0x55afaeb93590, 5175;
v0x55afaeb93590_5176 .array/port v0x55afaeb93590, 5176;
v0x55afaeb93590_5177 .array/port v0x55afaeb93590, 5177;
v0x55afaeb93590_5178 .array/port v0x55afaeb93590, 5178;
E_0x55afaeb77280/1294 .event anyedge, v0x55afaeb93590_5175, v0x55afaeb93590_5176, v0x55afaeb93590_5177, v0x55afaeb93590_5178;
v0x55afaeb93590_5179 .array/port v0x55afaeb93590, 5179;
v0x55afaeb93590_5180 .array/port v0x55afaeb93590, 5180;
v0x55afaeb93590_5181 .array/port v0x55afaeb93590, 5181;
v0x55afaeb93590_5182 .array/port v0x55afaeb93590, 5182;
E_0x55afaeb77280/1295 .event anyedge, v0x55afaeb93590_5179, v0x55afaeb93590_5180, v0x55afaeb93590_5181, v0x55afaeb93590_5182;
v0x55afaeb93590_5183 .array/port v0x55afaeb93590, 5183;
v0x55afaeb93590_5184 .array/port v0x55afaeb93590, 5184;
v0x55afaeb93590_5185 .array/port v0x55afaeb93590, 5185;
v0x55afaeb93590_5186 .array/port v0x55afaeb93590, 5186;
E_0x55afaeb77280/1296 .event anyedge, v0x55afaeb93590_5183, v0x55afaeb93590_5184, v0x55afaeb93590_5185, v0x55afaeb93590_5186;
v0x55afaeb93590_5187 .array/port v0x55afaeb93590, 5187;
v0x55afaeb93590_5188 .array/port v0x55afaeb93590, 5188;
v0x55afaeb93590_5189 .array/port v0x55afaeb93590, 5189;
v0x55afaeb93590_5190 .array/port v0x55afaeb93590, 5190;
E_0x55afaeb77280/1297 .event anyedge, v0x55afaeb93590_5187, v0x55afaeb93590_5188, v0x55afaeb93590_5189, v0x55afaeb93590_5190;
v0x55afaeb93590_5191 .array/port v0x55afaeb93590, 5191;
v0x55afaeb93590_5192 .array/port v0x55afaeb93590, 5192;
v0x55afaeb93590_5193 .array/port v0x55afaeb93590, 5193;
v0x55afaeb93590_5194 .array/port v0x55afaeb93590, 5194;
E_0x55afaeb77280/1298 .event anyedge, v0x55afaeb93590_5191, v0x55afaeb93590_5192, v0x55afaeb93590_5193, v0x55afaeb93590_5194;
v0x55afaeb93590_5195 .array/port v0x55afaeb93590, 5195;
v0x55afaeb93590_5196 .array/port v0x55afaeb93590, 5196;
v0x55afaeb93590_5197 .array/port v0x55afaeb93590, 5197;
v0x55afaeb93590_5198 .array/port v0x55afaeb93590, 5198;
E_0x55afaeb77280/1299 .event anyedge, v0x55afaeb93590_5195, v0x55afaeb93590_5196, v0x55afaeb93590_5197, v0x55afaeb93590_5198;
v0x55afaeb93590_5199 .array/port v0x55afaeb93590, 5199;
v0x55afaeb93590_5200 .array/port v0x55afaeb93590, 5200;
v0x55afaeb93590_5201 .array/port v0x55afaeb93590, 5201;
v0x55afaeb93590_5202 .array/port v0x55afaeb93590, 5202;
E_0x55afaeb77280/1300 .event anyedge, v0x55afaeb93590_5199, v0x55afaeb93590_5200, v0x55afaeb93590_5201, v0x55afaeb93590_5202;
v0x55afaeb93590_5203 .array/port v0x55afaeb93590, 5203;
v0x55afaeb93590_5204 .array/port v0x55afaeb93590, 5204;
v0x55afaeb93590_5205 .array/port v0x55afaeb93590, 5205;
v0x55afaeb93590_5206 .array/port v0x55afaeb93590, 5206;
E_0x55afaeb77280/1301 .event anyedge, v0x55afaeb93590_5203, v0x55afaeb93590_5204, v0x55afaeb93590_5205, v0x55afaeb93590_5206;
v0x55afaeb93590_5207 .array/port v0x55afaeb93590, 5207;
v0x55afaeb93590_5208 .array/port v0x55afaeb93590, 5208;
v0x55afaeb93590_5209 .array/port v0x55afaeb93590, 5209;
v0x55afaeb93590_5210 .array/port v0x55afaeb93590, 5210;
E_0x55afaeb77280/1302 .event anyedge, v0x55afaeb93590_5207, v0x55afaeb93590_5208, v0x55afaeb93590_5209, v0x55afaeb93590_5210;
v0x55afaeb93590_5211 .array/port v0x55afaeb93590, 5211;
v0x55afaeb93590_5212 .array/port v0x55afaeb93590, 5212;
v0x55afaeb93590_5213 .array/port v0x55afaeb93590, 5213;
v0x55afaeb93590_5214 .array/port v0x55afaeb93590, 5214;
E_0x55afaeb77280/1303 .event anyedge, v0x55afaeb93590_5211, v0x55afaeb93590_5212, v0x55afaeb93590_5213, v0x55afaeb93590_5214;
v0x55afaeb93590_5215 .array/port v0x55afaeb93590, 5215;
v0x55afaeb93590_5216 .array/port v0x55afaeb93590, 5216;
v0x55afaeb93590_5217 .array/port v0x55afaeb93590, 5217;
v0x55afaeb93590_5218 .array/port v0x55afaeb93590, 5218;
E_0x55afaeb77280/1304 .event anyedge, v0x55afaeb93590_5215, v0x55afaeb93590_5216, v0x55afaeb93590_5217, v0x55afaeb93590_5218;
v0x55afaeb93590_5219 .array/port v0x55afaeb93590, 5219;
v0x55afaeb93590_5220 .array/port v0x55afaeb93590, 5220;
v0x55afaeb93590_5221 .array/port v0x55afaeb93590, 5221;
v0x55afaeb93590_5222 .array/port v0x55afaeb93590, 5222;
E_0x55afaeb77280/1305 .event anyedge, v0x55afaeb93590_5219, v0x55afaeb93590_5220, v0x55afaeb93590_5221, v0x55afaeb93590_5222;
v0x55afaeb93590_5223 .array/port v0x55afaeb93590, 5223;
v0x55afaeb93590_5224 .array/port v0x55afaeb93590, 5224;
v0x55afaeb93590_5225 .array/port v0x55afaeb93590, 5225;
v0x55afaeb93590_5226 .array/port v0x55afaeb93590, 5226;
E_0x55afaeb77280/1306 .event anyedge, v0x55afaeb93590_5223, v0x55afaeb93590_5224, v0x55afaeb93590_5225, v0x55afaeb93590_5226;
v0x55afaeb93590_5227 .array/port v0x55afaeb93590, 5227;
v0x55afaeb93590_5228 .array/port v0x55afaeb93590, 5228;
v0x55afaeb93590_5229 .array/port v0x55afaeb93590, 5229;
v0x55afaeb93590_5230 .array/port v0x55afaeb93590, 5230;
E_0x55afaeb77280/1307 .event anyedge, v0x55afaeb93590_5227, v0x55afaeb93590_5228, v0x55afaeb93590_5229, v0x55afaeb93590_5230;
v0x55afaeb93590_5231 .array/port v0x55afaeb93590, 5231;
v0x55afaeb93590_5232 .array/port v0x55afaeb93590, 5232;
v0x55afaeb93590_5233 .array/port v0x55afaeb93590, 5233;
v0x55afaeb93590_5234 .array/port v0x55afaeb93590, 5234;
E_0x55afaeb77280/1308 .event anyedge, v0x55afaeb93590_5231, v0x55afaeb93590_5232, v0x55afaeb93590_5233, v0x55afaeb93590_5234;
v0x55afaeb93590_5235 .array/port v0x55afaeb93590, 5235;
v0x55afaeb93590_5236 .array/port v0x55afaeb93590, 5236;
v0x55afaeb93590_5237 .array/port v0x55afaeb93590, 5237;
v0x55afaeb93590_5238 .array/port v0x55afaeb93590, 5238;
E_0x55afaeb77280/1309 .event anyedge, v0x55afaeb93590_5235, v0x55afaeb93590_5236, v0x55afaeb93590_5237, v0x55afaeb93590_5238;
v0x55afaeb93590_5239 .array/port v0x55afaeb93590, 5239;
v0x55afaeb93590_5240 .array/port v0x55afaeb93590, 5240;
v0x55afaeb93590_5241 .array/port v0x55afaeb93590, 5241;
v0x55afaeb93590_5242 .array/port v0x55afaeb93590, 5242;
E_0x55afaeb77280/1310 .event anyedge, v0x55afaeb93590_5239, v0x55afaeb93590_5240, v0x55afaeb93590_5241, v0x55afaeb93590_5242;
v0x55afaeb93590_5243 .array/port v0x55afaeb93590, 5243;
v0x55afaeb93590_5244 .array/port v0x55afaeb93590, 5244;
v0x55afaeb93590_5245 .array/port v0x55afaeb93590, 5245;
v0x55afaeb93590_5246 .array/port v0x55afaeb93590, 5246;
E_0x55afaeb77280/1311 .event anyedge, v0x55afaeb93590_5243, v0x55afaeb93590_5244, v0x55afaeb93590_5245, v0x55afaeb93590_5246;
v0x55afaeb93590_5247 .array/port v0x55afaeb93590, 5247;
v0x55afaeb93590_5248 .array/port v0x55afaeb93590, 5248;
v0x55afaeb93590_5249 .array/port v0x55afaeb93590, 5249;
v0x55afaeb93590_5250 .array/port v0x55afaeb93590, 5250;
E_0x55afaeb77280/1312 .event anyedge, v0x55afaeb93590_5247, v0x55afaeb93590_5248, v0x55afaeb93590_5249, v0x55afaeb93590_5250;
v0x55afaeb93590_5251 .array/port v0x55afaeb93590, 5251;
v0x55afaeb93590_5252 .array/port v0x55afaeb93590, 5252;
v0x55afaeb93590_5253 .array/port v0x55afaeb93590, 5253;
v0x55afaeb93590_5254 .array/port v0x55afaeb93590, 5254;
E_0x55afaeb77280/1313 .event anyedge, v0x55afaeb93590_5251, v0x55afaeb93590_5252, v0x55afaeb93590_5253, v0x55afaeb93590_5254;
v0x55afaeb93590_5255 .array/port v0x55afaeb93590, 5255;
v0x55afaeb93590_5256 .array/port v0x55afaeb93590, 5256;
v0x55afaeb93590_5257 .array/port v0x55afaeb93590, 5257;
v0x55afaeb93590_5258 .array/port v0x55afaeb93590, 5258;
E_0x55afaeb77280/1314 .event anyedge, v0x55afaeb93590_5255, v0x55afaeb93590_5256, v0x55afaeb93590_5257, v0x55afaeb93590_5258;
v0x55afaeb93590_5259 .array/port v0x55afaeb93590, 5259;
v0x55afaeb93590_5260 .array/port v0x55afaeb93590, 5260;
v0x55afaeb93590_5261 .array/port v0x55afaeb93590, 5261;
v0x55afaeb93590_5262 .array/port v0x55afaeb93590, 5262;
E_0x55afaeb77280/1315 .event anyedge, v0x55afaeb93590_5259, v0x55afaeb93590_5260, v0x55afaeb93590_5261, v0x55afaeb93590_5262;
v0x55afaeb93590_5263 .array/port v0x55afaeb93590, 5263;
v0x55afaeb93590_5264 .array/port v0x55afaeb93590, 5264;
v0x55afaeb93590_5265 .array/port v0x55afaeb93590, 5265;
v0x55afaeb93590_5266 .array/port v0x55afaeb93590, 5266;
E_0x55afaeb77280/1316 .event anyedge, v0x55afaeb93590_5263, v0x55afaeb93590_5264, v0x55afaeb93590_5265, v0x55afaeb93590_5266;
v0x55afaeb93590_5267 .array/port v0x55afaeb93590, 5267;
v0x55afaeb93590_5268 .array/port v0x55afaeb93590, 5268;
v0x55afaeb93590_5269 .array/port v0x55afaeb93590, 5269;
v0x55afaeb93590_5270 .array/port v0x55afaeb93590, 5270;
E_0x55afaeb77280/1317 .event anyedge, v0x55afaeb93590_5267, v0x55afaeb93590_5268, v0x55afaeb93590_5269, v0x55afaeb93590_5270;
v0x55afaeb93590_5271 .array/port v0x55afaeb93590, 5271;
v0x55afaeb93590_5272 .array/port v0x55afaeb93590, 5272;
v0x55afaeb93590_5273 .array/port v0x55afaeb93590, 5273;
v0x55afaeb93590_5274 .array/port v0x55afaeb93590, 5274;
E_0x55afaeb77280/1318 .event anyedge, v0x55afaeb93590_5271, v0x55afaeb93590_5272, v0x55afaeb93590_5273, v0x55afaeb93590_5274;
v0x55afaeb93590_5275 .array/port v0x55afaeb93590, 5275;
v0x55afaeb93590_5276 .array/port v0x55afaeb93590, 5276;
v0x55afaeb93590_5277 .array/port v0x55afaeb93590, 5277;
v0x55afaeb93590_5278 .array/port v0x55afaeb93590, 5278;
E_0x55afaeb77280/1319 .event anyedge, v0x55afaeb93590_5275, v0x55afaeb93590_5276, v0x55afaeb93590_5277, v0x55afaeb93590_5278;
v0x55afaeb93590_5279 .array/port v0x55afaeb93590, 5279;
v0x55afaeb93590_5280 .array/port v0x55afaeb93590, 5280;
v0x55afaeb93590_5281 .array/port v0x55afaeb93590, 5281;
v0x55afaeb93590_5282 .array/port v0x55afaeb93590, 5282;
E_0x55afaeb77280/1320 .event anyedge, v0x55afaeb93590_5279, v0x55afaeb93590_5280, v0x55afaeb93590_5281, v0x55afaeb93590_5282;
v0x55afaeb93590_5283 .array/port v0x55afaeb93590, 5283;
v0x55afaeb93590_5284 .array/port v0x55afaeb93590, 5284;
v0x55afaeb93590_5285 .array/port v0x55afaeb93590, 5285;
v0x55afaeb93590_5286 .array/port v0x55afaeb93590, 5286;
E_0x55afaeb77280/1321 .event anyedge, v0x55afaeb93590_5283, v0x55afaeb93590_5284, v0x55afaeb93590_5285, v0x55afaeb93590_5286;
v0x55afaeb93590_5287 .array/port v0x55afaeb93590, 5287;
v0x55afaeb93590_5288 .array/port v0x55afaeb93590, 5288;
v0x55afaeb93590_5289 .array/port v0x55afaeb93590, 5289;
v0x55afaeb93590_5290 .array/port v0x55afaeb93590, 5290;
E_0x55afaeb77280/1322 .event anyedge, v0x55afaeb93590_5287, v0x55afaeb93590_5288, v0x55afaeb93590_5289, v0x55afaeb93590_5290;
v0x55afaeb93590_5291 .array/port v0x55afaeb93590, 5291;
v0x55afaeb93590_5292 .array/port v0x55afaeb93590, 5292;
v0x55afaeb93590_5293 .array/port v0x55afaeb93590, 5293;
v0x55afaeb93590_5294 .array/port v0x55afaeb93590, 5294;
E_0x55afaeb77280/1323 .event anyedge, v0x55afaeb93590_5291, v0x55afaeb93590_5292, v0x55afaeb93590_5293, v0x55afaeb93590_5294;
v0x55afaeb93590_5295 .array/port v0x55afaeb93590, 5295;
v0x55afaeb93590_5296 .array/port v0x55afaeb93590, 5296;
v0x55afaeb93590_5297 .array/port v0x55afaeb93590, 5297;
v0x55afaeb93590_5298 .array/port v0x55afaeb93590, 5298;
E_0x55afaeb77280/1324 .event anyedge, v0x55afaeb93590_5295, v0x55afaeb93590_5296, v0x55afaeb93590_5297, v0x55afaeb93590_5298;
v0x55afaeb93590_5299 .array/port v0x55afaeb93590, 5299;
v0x55afaeb93590_5300 .array/port v0x55afaeb93590, 5300;
v0x55afaeb93590_5301 .array/port v0x55afaeb93590, 5301;
v0x55afaeb93590_5302 .array/port v0x55afaeb93590, 5302;
E_0x55afaeb77280/1325 .event anyedge, v0x55afaeb93590_5299, v0x55afaeb93590_5300, v0x55afaeb93590_5301, v0x55afaeb93590_5302;
v0x55afaeb93590_5303 .array/port v0x55afaeb93590, 5303;
v0x55afaeb93590_5304 .array/port v0x55afaeb93590, 5304;
v0x55afaeb93590_5305 .array/port v0x55afaeb93590, 5305;
v0x55afaeb93590_5306 .array/port v0x55afaeb93590, 5306;
E_0x55afaeb77280/1326 .event anyedge, v0x55afaeb93590_5303, v0x55afaeb93590_5304, v0x55afaeb93590_5305, v0x55afaeb93590_5306;
v0x55afaeb93590_5307 .array/port v0x55afaeb93590, 5307;
v0x55afaeb93590_5308 .array/port v0x55afaeb93590, 5308;
v0x55afaeb93590_5309 .array/port v0x55afaeb93590, 5309;
v0x55afaeb93590_5310 .array/port v0x55afaeb93590, 5310;
E_0x55afaeb77280/1327 .event anyedge, v0x55afaeb93590_5307, v0x55afaeb93590_5308, v0x55afaeb93590_5309, v0x55afaeb93590_5310;
v0x55afaeb93590_5311 .array/port v0x55afaeb93590, 5311;
v0x55afaeb93590_5312 .array/port v0x55afaeb93590, 5312;
v0x55afaeb93590_5313 .array/port v0x55afaeb93590, 5313;
v0x55afaeb93590_5314 .array/port v0x55afaeb93590, 5314;
E_0x55afaeb77280/1328 .event anyedge, v0x55afaeb93590_5311, v0x55afaeb93590_5312, v0x55afaeb93590_5313, v0x55afaeb93590_5314;
v0x55afaeb93590_5315 .array/port v0x55afaeb93590, 5315;
v0x55afaeb93590_5316 .array/port v0x55afaeb93590, 5316;
v0x55afaeb93590_5317 .array/port v0x55afaeb93590, 5317;
v0x55afaeb93590_5318 .array/port v0x55afaeb93590, 5318;
E_0x55afaeb77280/1329 .event anyedge, v0x55afaeb93590_5315, v0x55afaeb93590_5316, v0x55afaeb93590_5317, v0x55afaeb93590_5318;
v0x55afaeb93590_5319 .array/port v0x55afaeb93590, 5319;
v0x55afaeb93590_5320 .array/port v0x55afaeb93590, 5320;
v0x55afaeb93590_5321 .array/port v0x55afaeb93590, 5321;
v0x55afaeb93590_5322 .array/port v0x55afaeb93590, 5322;
E_0x55afaeb77280/1330 .event anyedge, v0x55afaeb93590_5319, v0x55afaeb93590_5320, v0x55afaeb93590_5321, v0x55afaeb93590_5322;
v0x55afaeb93590_5323 .array/port v0x55afaeb93590, 5323;
v0x55afaeb93590_5324 .array/port v0x55afaeb93590, 5324;
v0x55afaeb93590_5325 .array/port v0x55afaeb93590, 5325;
v0x55afaeb93590_5326 .array/port v0x55afaeb93590, 5326;
E_0x55afaeb77280/1331 .event anyedge, v0x55afaeb93590_5323, v0x55afaeb93590_5324, v0x55afaeb93590_5325, v0x55afaeb93590_5326;
v0x55afaeb93590_5327 .array/port v0x55afaeb93590, 5327;
v0x55afaeb93590_5328 .array/port v0x55afaeb93590, 5328;
v0x55afaeb93590_5329 .array/port v0x55afaeb93590, 5329;
v0x55afaeb93590_5330 .array/port v0x55afaeb93590, 5330;
E_0x55afaeb77280/1332 .event anyedge, v0x55afaeb93590_5327, v0x55afaeb93590_5328, v0x55afaeb93590_5329, v0x55afaeb93590_5330;
v0x55afaeb93590_5331 .array/port v0x55afaeb93590, 5331;
v0x55afaeb93590_5332 .array/port v0x55afaeb93590, 5332;
v0x55afaeb93590_5333 .array/port v0x55afaeb93590, 5333;
v0x55afaeb93590_5334 .array/port v0x55afaeb93590, 5334;
E_0x55afaeb77280/1333 .event anyedge, v0x55afaeb93590_5331, v0x55afaeb93590_5332, v0x55afaeb93590_5333, v0x55afaeb93590_5334;
v0x55afaeb93590_5335 .array/port v0x55afaeb93590, 5335;
v0x55afaeb93590_5336 .array/port v0x55afaeb93590, 5336;
v0x55afaeb93590_5337 .array/port v0x55afaeb93590, 5337;
v0x55afaeb93590_5338 .array/port v0x55afaeb93590, 5338;
E_0x55afaeb77280/1334 .event anyedge, v0x55afaeb93590_5335, v0x55afaeb93590_5336, v0x55afaeb93590_5337, v0x55afaeb93590_5338;
v0x55afaeb93590_5339 .array/port v0x55afaeb93590, 5339;
v0x55afaeb93590_5340 .array/port v0x55afaeb93590, 5340;
v0x55afaeb93590_5341 .array/port v0x55afaeb93590, 5341;
v0x55afaeb93590_5342 .array/port v0x55afaeb93590, 5342;
E_0x55afaeb77280/1335 .event anyedge, v0x55afaeb93590_5339, v0x55afaeb93590_5340, v0x55afaeb93590_5341, v0x55afaeb93590_5342;
v0x55afaeb93590_5343 .array/port v0x55afaeb93590, 5343;
v0x55afaeb93590_5344 .array/port v0x55afaeb93590, 5344;
v0x55afaeb93590_5345 .array/port v0x55afaeb93590, 5345;
v0x55afaeb93590_5346 .array/port v0x55afaeb93590, 5346;
E_0x55afaeb77280/1336 .event anyedge, v0x55afaeb93590_5343, v0x55afaeb93590_5344, v0x55afaeb93590_5345, v0x55afaeb93590_5346;
v0x55afaeb93590_5347 .array/port v0x55afaeb93590, 5347;
v0x55afaeb93590_5348 .array/port v0x55afaeb93590, 5348;
v0x55afaeb93590_5349 .array/port v0x55afaeb93590, 5349;
v0x55afaeb93590_5350 .array/port v0x55afaeb93590, 5350;
E_0x55afaeb77280/1337 .event anyedge, v0x55afaeb93590_5347, v0x55afaeb93590_5348, v0x55afaeb93590_5349, v0x55afaeb93590_5350;
v0x55afaeb93590_5351 .array/port v0x55afaeb93590, 5351;
v0x55afaeb93590_5352 .array/port v0x55afaeb93590, 5352;
v0x55afaeb93590_5353 .array/port v0x55afaeb93590, 5353;
v0x55afaeb93590_5354 .array/port v0x55afaeb93590, 5354;
E_0x55afaeb77280/1338 .event anyedge, v0x55afaeb93590_5351, v0x55afaeb93590_5352, v0x55afaeb93590_5353, v0x55afaeb93590_5354;
v0x55afaeb93590_5355 .array/port v0x55afaeb93590, 5355;
v0x55afaeb93590_5356 .array/port v0x55afaeb93590, 5356;
v0x55afaeb93590_5357 .array/port v0x55afaeb93590, 5357;
v0x55afaeb93590_5358 .array/port v0x55afaeb93590, 5358;
E_0x55afaeb77280/1339 .event anyedge, v0x55afaeb93590_5355, v0x55afaeb93590_5356, v0x55afaeb93590_5357, v0x55afaeb93590_5358;
v0x55afaeb93590_5359 .array/port v0x55afaeb93590, 5359;
v0x55afaeb93590_5360 .array/port v0x55afaeb93590, 5360;
v0x55afaeb93590_5361 .array/port v0x55afaeb93590, 5361;
v0x55afaeb93590_5362 .array/port v0x55afaeb93590, 5362;
E_0x55afaeb77280/1340 .event anyedge, v0x55afaeb93590_5359, v0x55afaeb93590_5360, v0x55afaeb93590_5361, v0x55afaeb93590_5362;
v0x55afaeb93590_5363 .array/port v0x55afaeb93590, 5363;
v0x55afaeb93590_5364 .array/port v0x55afaeb93590, 5364;
v0x55afaeb93590_5365 .array/port v0x55afaeb93590, 5365;
v0x55afaeb93590_5366 .array/port v0x55afaeb93590, 5366;
E_0x55afaeb77280/1341 .event anyedge, v0x55afaeb93590_5363, v0x55afaeb93590_5364, v0x55afaeb93590_5365, v0x55afaeb93590_5366;
v0x55afaeb93590_5367 .array/port v0x55afaeb93590, 5367;
v0x55afaeb93590_5368 .array/port v0x55afaeb93590, 5368;
v0x55afaeb93590_5369 .array/port v0x55afaeb93590, 5369;
v0x55afaeb93590_5370 .array/port v0x55afaeb93590, 5370;
E_0x55afaeb77280/1342 .event anyedge, v0x55afaeb93590_5367, v0x55afaeb93590_5368, v0x55afaeb93590_5369, v0x55afaeb93590_5370;
v0x55afaeb93590_5371 .array/port v0x55afaeb93590, 5371;
v0x55afaeb93590_5372 .array/port v0x55afaeb93590, 5372;
v0x55afaeb93590_5373 .array/port v0x55afaeb93590, 5373;
v0x55afaeb93590_5374 .array/port v0x55afaeb93590, 5374;
E_0x55afaeb77280/1343 .event anyedge, v0x55afaeb93590_5371, v0x55afaeb93590_5372, v0x55afaeb93590_5373, v0x55afaeb93590_5374;
v0x55afaeb93590_5375 .array/port v0x55afaeb93590, 5375;
v0x55afaeb93590_5376 .array/port v0x55afaeb93590, 5376;
v0x55afaeb93590_5377 .array/port v0x55afaeb93590, 5377;
v0x55afaeb93590_5378 .array/port v0x55afaeb93590, 5378;
E_0x55afaeb77280/1344 .event anyedge, v0x55afaeb93590_5375, v0x55afaeb93590_5376, v0x55afaeb93590_5377, v0x55afaeb93590_5378;
v0x55afaeb93590_5379 .array/port v0x55afaeb93590, 5379;
v0x55afaeb93590_5380 .array/port v0x55afaeb93590, 5380;
v0x55afaeb93590_5381 .array/port v0x55afaeb93590, 5381;
v0x55afaeb93590_5382 .array/port v0x55afaeb93590, 5382;
E_0x55afaeb77280/1345 .event anyedge, v0x55afaeb93590_5379, v0x55afaeb93590_5380, v0x55afaeb93590_5381, v0x55afaeb93590_5382;
v0x55afaeb93590_5383 .array/port v0x55afaeb93590, 5383;
v0x55afaeb93590_5384 .array/port v0x55afaeb93590, 5384;
v0x55afaeb93590_5385 .array/port v0x55afaeb93590, 5385;
v0x55afaeb93590_5386 .array/port v0x55afaeb93590, 5386;
E_0x55afaeb77280/1346 .event anyedge, v0x55afaeb93590_5383, v0x55afaeb93590_5384, v0x55afaeb93590_5385, v0x55afaeb93590_5386;
v0x55afaeb93590_5387 .array/port v0x55afaeb93590, 5387;
v0x55afaeb93590_5388 .array/port v0x55afaeb93590, 5388;
v0x55afaeb93590_5389 .array/port v0x55afaeb93590, 5389;
v0x55afaeb93590_5390 .array/port v0x55afaeb93590, 5390;
E_0x55afaeb77280/1347 .event anyedge, v0x55afaeb93590_5387, v0x55afaeb93590_5388, v0x55afaeb93590_5389, v0x55afaeb93590_5390;
v0x55afaeb93590_5391 .array/port v0x55afaeb93590, 5391;
v0x55afaeb93590_5392 .array/port v0x55afaeb93590, 5392;
v0x55afaeb93590_5393 .array/port v0x55afaeb93590, 5393;
v0x55afaeb93590_5394 .array/port v0x55afaeb93590, 5394;
E_0x55afaeb77280/1348 .event anyedge, v0x55afaeb93590_5391, v0x55afaeb93590_5392, v0x55afaeb93590_5393, v0x55afaeb93590_5394;
v0x55afaeb93590_5395 .array/port v0x55afaeb93590, 5395;
v0x55afaeb93590_5396 .array/port v0x55afaeb93590, 5396;
v0x55afaeb93590_5397 .array/port v0x55afaeb93590, 5397;
v0x55afaeb93590_5398 .array/port v0x55afaeb93590, 5398;
E_0x55afaeb77280/1349 .event anyedge, v0x55afaeb93590_5395, v0x55afaeb93590_5396, v0x55afaeb93590_5397, v0x55afaeb93590_5398;
v0x55afaeb93590_5399 .array/port v0x55afaeb93590, 5399;
v0x55afaeb93590_5400 .array/port v0x55afaeb93590, 5400;
v0x55afaeb93590_5401 .array/port v0x55afaeb93590, 5401;
v0x55afaeb93590_5402 .array/port v0x55afaeb93590, 5402;
E_0x55afaeb77280/1350 .event anyedge, v0x55afaeb93590_5399, v0x55afaeb93590_5400, v0x55afaeb93590_5401, v0x55afaeb93590_5402;
v0x55afaeb93590_5403 .array/port v0x55afaeb93590, 5403;
v0x55afaeb93590_5404 .array/port v0x55afaeb93590, 5404;
v0x55afaeb93590_5405 .array/port v0x55afaeb93590, 5405;
v0x55afaeb93590_5406 .array/port v0x55afaeb93590, 5406;
E_0x55afaeb77280/1351 .event anyedge, v0x55afaeb93590_5403, v0x55afaeb93590_5404, v0x55afaeb93590_5405, v0x55afaeb93590_5406;
v0x55afaeb93590_5407 .array/port v0x55afaeb93590, 5407;
v0x55afaeb93590_5408 .array/port v0x55afaeb93590, 5408;
v0x55afaeb93590_5409 .array/port v0x55afaeb93590, 5409;
v0x55afaeb93590_5410 .array/port v0x55afaeb93590, 5410;
E_0x55afaeb77280/1352 .event anyedge, v0x55afaeb93590_5407, v0x55afaeb93590_5408, v0x55afaeb93590_5409, v0x55afaeb93590_5410;
v0x55afaeb93590_5411 .array/port v0x55afaeb93590, 5411;
v0x55afaeb93590_5412 .array/port v0x55afaeb93590, 5412;
v0x55afaeb93590_5413 .array/port v0x55afaeb93590, 5413;
v0x55afaeb93590_5414 .array/port v0x55afaeb93590, 5414;
E_0x55afaeb77280/1353 .event anyedge, v0x55afaeb93590_5411, v0x55afaeb93590_5412, v0x55afaeb93590_5413, v0x55afaeb93590_5414;
v0x55afaeb93590_5415 .array/port v0x55afaeb93590, 5415;
v0x55afaeb93590_5416 .array/port v0x55afaeb93590, 5416;
v0x55afaeb93590_5417 .array/port v0x55afaeb93590, 5417;
v0x55afaeb93590_5418 .array/port v0x55afaeb93590, 5418;
E_0x55afaeb77280/1354 .event anyedge, v0x55afaeb93590_5415, v0x55afaeb93590_5416, v0x55afaeb93590_5417, v0x55afaeb93590_5418;
v0x55afaeb93590_5419 .array/port v0x55afaeb93590, 5419;
v0x55afaeb93590_5420 .array/port v0x55afaeb93590, 5420;
v0x55afaeb93590_5421 .array/port v0x55afaeb93590, 5421;
v0x55afaeb93590_5422 .array/port v0x55afaeb93590, 5422;
E_0x55afaeb77280/1355 .event anyedge, v0x55afaeb93590_5419, v0x55afaeb93590_5420, v0x55afaeb93590_5421, v0x55afaeb93590_5422;
v0x55afaeb93590_5423 .array/port v0x55afaeb93590, 5423;
v0x55afaeb93590_5424 .array/port v0x55afaeb93590, 5424;
v0x55afaeb93590_5425 .array/port v0x55afaeb93590, 5425;
v0x55afaeb93590_5426 .array/port v0x55afaeb93590, 5426;
E_0x55afaeb77280/1356 .event anyedge, v0x55afaeb93590_5423, v0x55afaeb93590_5424, v0x55afaeb93590_5425, v0x55afaeb93590_5426;
v0x55afaeb93590_5427 .array/port v0x55afaeb93590, 5427;
v0x55afaeb93590_5428 .array/port v0x55afaeb93590, 5428;
v0x55afaeb93590_5429 .array/port v0x55afaeb93590, 5429;
v0x55afaeb93590_5430 .array/port v0x55afaeb93590, 5430;
E_0x55afaeb77280/1357 .event anyedge, v0x55afaeb93590_5427, v0x55afaeb93590_5428, v0x55afaeb93590_5429, v0x55afaeb93590_5430;
v0x55afaeb93590_5431 .array/port v0x55afaeb93590, 5431;
v0x55afaeb93590_5432 .array/port v0x55afaeb93590, 5432;
v0x55afaeb93590_5433 .array/port v0x55afaeb93590, 5433;
v0x55afaeb93590_5434 .array/port v0x55afaeb93590, 5434;
E_0x55afaeb77280/1358 .event anyedge, v0x55afaeb93590_5431, v0x55afaeb93590_5432, v0x55afaeb93590_5433, v0x55afaeb93590_5434;
v0x55afaeb93590_5435 .array/port v0x55afaeb93590, 5435;
v0x55afaeb93590_5436 .array/port v0x55afaeb93590, 5436;
v0x55afaeb93590_5437 .array/port v0x55afaeb93590, 5437;
v0x55afaeb93590_5438 .array/port v0x55afaeb93590, 5438;
E_0x55afaeb77280/1359 .event anyedge, v0x55afaeb93590_5435, v0x55afaeb93590_5436, v0x55afaeb93590_5437, v0x55afaeb93590_5438;
v0x55afaeb93590_5439 .array/port v0x55afaeb93590, 5439;
v0x55afaeb93590_5440 .array/port v0x55afaeb93590, 5440;
v0x55afaeb93590_5441 .array/port v0x55afaeb93590, 5441;
v0x55afaeb93590_5442 .array/port v0x55afaeb93590, 5442;
E_0x55afaeb77280/1360 .event anyedge, v0x55afaeb93590_5439, v0x55afaeb93590_5440, v0x55afaeb93590_5441, v0x55afaeb93590_5442;
v0x55afaeb93590_5443 .array/port v0x55afaeb93590, 5443;
v0x55afaeb93590_5444 .array/port v0x55afaeb93590, 5444;
v0x55afaeb93590_5445 .array/port v0x55afaeb93590, 5445;
v0x55afaeb93590_5446 .array/port v0x55afaeb93590, 5446;
E_0x55afaeb77280/1361 .event anyedge, v0x55afaeb93590_5443, v0x55afaeb93590_5444, v0x55afaeb93590_5445, v0x55afaeb93590_5446;
v0x55afaeb93590_5447 .array/port v0x55afaeb93590, 5447;
v0x55afaeb93590_5448 .array/port v0x55afaeb93590, 5448;
v0x55afaeb93590_5449 .array/port v0x55afaeb93590, 5449;
v0x55afaeb93590_5450 .array/port v0x55afaeb93590, 5450;
E_0x55afaeb77280/1362 .event anyedge, v0x55afaeb93590_5447, v0x55afaeb93590_5448, v0x55afaeb93590_5449, v0x55afaeb93590_5450;
v0x55afaeb93590_5451 .array/port v0x55afaeb93590, 5451;
v0x55afaeb93590_5452 .array/port v0x55afaeb93590, 5452;
v0x55afaeb93590_5453 .array/port v0x55afaeb93590, 5453;
v0x55afaeb93590_5454 .array/port v0x55afaeb93590, 5454;
E_0x55afaeb77280/1363 .event anyedge, v0x55afaeb93590_5451, v0x55afaeb93590_5452, v0x55afaeb93590_5453, v0x55afaeb93590_5454;
v0x55afaeb93590_5455 .array/port v0x55afaeb93590, 5455;
v0x55afaeb93590_5456 .array/port v0x55afaeb93590, 5456;
v0x55afaeb93590_5457 .array/port v0x55afaeb93590, 5457;
v0x55afaeb93590_5458 .array/port v0x55afaeb93590, 5458;
E_0x55afaeb77280/1364 .event anyedge, v0x55afaeb93590_5455, v0x55afaeb93590_5456, v0x55afaeb93590_5457, v0x55afaeb93590_5458;
v0x55afaeb93590_5459 .array/port v0x55afaeb93590, 5459;
v0x55afaeb93590_5460 .array/port v0x55afaeb93590, 5460;
v0x55afaeb93590_5461 .array/port v0x55afaeb93590, 5461;
v0x55afaeb93590_5462 .array/port v0x55afaeb93590, 5462;
E_0x55afaeb77280/1365 .event anyedge, v0x55afaeb93590_5459, v0x55afaeb93590_5460, v0x55afaeb93590_5461, v0x55afaeb93590_5462;
v0x55afaeb93590_5463 .array/port v0x55afaeb93590, 5463;
v0x55afaeb93590_5464 .array/port v0x55afaeb93590, 5464;
v0x55afaeb93590_5465 .array/port v0x55afaeb93590, 5465;
v0x55afaeb93590_5466 .array/port v0x55afaeb93590, 5466;
E_0x55afaeb77280/1366 .event anyedge, v0x55afaeb93590_5463, v0x55afaeb93590_5464, v0x55afaeb93590_5465, v0x55afaeb93590_5466;
v0x55afaeb93590_5467 .array/port v0x55afaeb93590, 5467;
v0x55afaeb93590_5468 .array/port v0x55afaeb93590, 5468;
v0x55afaeb93590_5469 .array/port v0x55afaeb93590, 5469;
v0x55afaeb93590_5470 .array/port v0x55afaeb93590, 5470;
E_0x55afaeb77280/1367 .event anyedge, v0x55afaeb93590_5467, v0x55afaeb93590_5468, v0x55afaeb93590_5469, v0x55afaeb93590_5470;
v0x55afaeb93590_5471 .array/port v0x55afaeb93590, 5471;
v0x55afaeb93590_5472 .array/port v0x55afaeb93590, 5472;
v0x55afaeb93590_5473 .array/port v0x55afaeb93590, 5473;
v0x55afaeb93590_5474 .array/port v0x55afaeb93590, 5474;
E_0x55afaeb77280/1368 .event anyedge, v0x55afaeb93590_5471, v0x55afaeb93590_5472, v0x55afaeb93590_5473, v0x55afaeb93590_5474;
v0x55afaeb93590_5475 .array/port v0x55afaeb93590, 5475;
v0x55afaeb93590_5476 .array/port v0x55afaeb93590, 5476;
v0x55afaeb93590_5477 .array/port v0x55afaeb93590, 5477;
v0x55afaeb93590_5478 .array/port v0x55afaeb93590, 5478;
E_0x55afaeb77280/1369 .event anyedge, v0x55afaeb93590_5475, v0x55afaeb93590_5476, v0x55afaeb93590_5477, v0x55afaeb93590_5478;
v0x55afaeb93590_5479 .array/port v0x55afaeb93590, 5479;
v0x55afaeb93590_5480 .array/port v0x55afaeb93590, 5480;
v0x55afaeb93590_5481 .array/port v0x55afaeb93590, 5481;
v0x55afaeb93590_5482 .array/port v0x55afaeb93590, 5482;
E_0x55afaeb77280/1370 .event anyedge, v0x55afaeb93590_5479, v0x55afaeb93590_5480, v0x55afaeb93590_5481, v0x55afaeb93590_5482;
v0x55afaeb93590_5483 .array/port v0x55afaeb93590, 5483;
v0x55afaeb93590_5484 .array/port v0x55afaeb93590, 5484;
v0x55afaeb93590_5485 .array/port v0x55afaeb93590, 5485;
v0x55afaeb93590_5486 .array/port v0x55afaeb93590, 5486;
E_0x55afaeb77280/1371 .event anyedge, v0x55afaeb93590_5483, v0x55afaeb93590_5484, v0x55afaeb93590_5485, v0x55afaeb93590_5486;
v0x55afaeb93590_5487 .array/port v0x55afaeb93590, 5487;
v0x55afaeb93590_5488 .array/port v0x55afaeb93590, 5488;
v0x55afaeb93590_5489 .array/port v0x55afaeb93590, 5489;
v0x55afaeb93590_5490 .array/port v0x55afaeb93590, 5490;
E_0x55afaeb77280/1372 .event anyedge, v0x55afaeb93590_5487, v0x55afaeb93590_5488, v0x55afaeb93590_5489, v0x55afaeb93590_5490;
v0x55afaeb93590_5491 .array/port v0x55afaeb93590, 5491;
v0x55afaeb93590_5492 .array/port v0x55afaeb93590, 5492;
v0x55afaeb93590_5493 .array/port v0x55afaeb93590, 5493;
v0x55afaeb93590_5494 .array/port v0x55afaeb93590, 5494;
E_0x55afaeb77280/1373 .event anyedge, v0x55afaeb93590_5491, v0x55afaeb93590_5492, v0x55afaeb93590_5493, v0x55afaeb93590_5494;
v0x55afaeb93590_5495 .array/port v0x55afaeb93590, 5495;
v0x55afaeb93590_5496 .array/port v0x55afaeb93590, 5496;
v0x55afaeb93590_5497 .array/port v0x55afaeb93590, 5497;
v0x55afaeb93590_5498 .array/port v0x55afaeb93590, 5498;
E_0x55afaeb77280/1374 .event anyedge, v0x55afaeb93590_5495, v0x55afaeb93590_5496, v0x55afaeb93590_5497, v0x55afaeb93590_5498;
v0x55afaeb93590_5499 .array/port v0x55afaeb93590, 5499;
v0x55afaeb93590_5500 .array/port v0x55afaeb93590, 5500;
v0x55afaeb93590_5501 .array/port v0x55afaeb93590, 5501;
v0x55afaeb93590_5502 .array/port v0x55afaeb93590, 5502;
E_0x55afaeb77280/1375 .event anyedge, v0x55afaeb93590_5499, v0x55afaeb93590_5500, v0x55afaeb93590_5501, v0x55afaeb93590_5502;
v0x55afaeb93590_5503 .array/port v0x55afaeb93590, 5503;
v0x55afaeb93590_5504 .array/port v0x55afaeb93590, 5504;
v0x55afaeb93590_5505 .array/port v0x55afaeb93590, 5505;
v0x55afaeb93590_5506 .array/port v0x55afaeb93590, 5506;
E_0x55afaeb77280/1376 .event anyedge, v0x55afaeb93590_5503, v0x55afaeb93590_5504, v0x55afaeb93590_5505, v0x55afaeb93590_5506;
v0x55afaeb93590_5507 .array/port v0x55afaeb93590, 5507;
v0x55afaeb93590_5508 .array/port v0x55afaeb93590, 5508;
v0x55afaeb93590_5509 .array/port v0x55afaeb93590, 5509;
v0x55afaeb93590_5510 .array/port v0x55afaeb93590, 5510;
E_0x55afaeb77280/1377 .event anyedge, v0x55afaeb93590_5507, v0x55afaeb93590_5508, v0x55afaeb93590_5509, v0x55afaeb93590_5510;
v0x55afaeb93590_5511 .array/port v0x55afaeb93590, 5511;
v0x55afaeb93590_5512 .array/port v0x55afaeb93590, 5512;
v0x55afaeb93590_5513 .array/port v0x55afaeb93590, 5513;
v0x55afaeb93590_5514 .array/port v0x55afaeb93590, 5514;
E_0x55afaeb77280/1378 .event anyedge, v0x55afaeb93590_5511, v0x55afaeb93590_5512, v0x55afaeb93590_5513, v0x55afaeb93590_5514;
v0x55afaeb93590_5515 .array/port v0x55afaeb93590, 5515;
v0x55afaeb93590_5516 .array/port v0x55afaeb93590, 5516;
v0x55afaeb93590_5517 .array/port v0x55afaeb93590, 5517;
v0x55afaeb93590_5518 .array/port v0x55afaeb93590, 5518;
E_0x55afaeb77280/1379 .event anyedge, v0x55afaeb93590_5515, v0x55afaeb93590_5516, v0x55afaeb93590_5517, v0x55afaeb93590_5518;
v0x55afaeb93590_5519 .array/port v0x55afaeb93590, 5519;
v0x55afaeb93590_5520 .array/port v0x55afaeb93590, 5520;
v0x55afaeb93590_5521 .array/port v0x55afaeb93590, 5521;
v0x55afaeb93590_5522 .array/port v0x55afaeb93590, 5522;
E_0x55afaeb77280/1380 .event anyedge, v0x55afaeb93590_5519, v0x55afaeb93590_5520, v0x55afaeb93590_5521, v0x55afaeb93590_5522;
v0x55afaeb93590_5523 .array/port v0x55afaeb93590, 5523;
v0x55afaeb93590_5524 .array/port v0x55afaeb93590, 5524;
v0x55afaeb93590_5525 .array/port v0x55afaeb93590, 5525;
v0x55afaeb93590_5526 .array/port v0x55afaeb93590, 5526;
E_0x55afaeb77280/1381 .event anyedge, v0x55afaeb93590_5523, v0x55afaeb93590_5524, v0x55afaeb93590_5525, v0x55afaeb93590_5526;
v0x55afaeb93590_5527 .array/port v0x55afaeb93590, 5527;
v0x55afaeb93590_5528 .array/port v0x55afaeb93590, 5528;
v0x55afaeb93590_5529 .array/port v0x55afaeb93590, 5529;
v0x55afaeb93590_5530 .array/port v0x55afaeb93590, 5530;
E_0x55afaeb77280/1382 .event anyedge, v0x55afaeb93590_5527, v0x55afaeb93590_5528, v0x55afaeb93590_5529, v0x55afaeb93590_5530;
v0x55afaeb93590_5531 .array/port v0x55afaeb93590, 5531;
v0x55afaeb93590_5532 .array/port v0x55afaeb93590, 5532;
v0x55afaeb93590_5533 .array/port v0x55afaeb93590, 5533;
v0x55afaeb93590_5534 .array/port v0x55afaeb93590, 5534;
E_0x55afaeb77280/1383 .event anyedge, v0x55afaeb93590_5531, v0x55afaeb93590_5532, v0x55afaeb93590_5533, v0x55afaeb93590_5534;
v0x55afaeb93590_5535 .array/port v0x55afaeb93590, 5535;
v0x55afaeb93590_5536 .array/port v0x55afaeb93590, 5536;
v0x55afaeb93590_5537 .array/port v0x55afaeb93590, 5537;
v0x55afaeb93590_5538 .array/port v0x55afaeb93590, 5538;
E_0x55afaeb77280/1384 .event anyedge, v0x55afaeb93590_5535, v0x55afaeb93590_5536, v0x55afaeb93590_5537, v0x55afaeb93590_5538;
v0x55afaeb93590_5539 .array/port v0x55afaeb93590, 5539;
v0x55afaeb93590_5540 .array/port v0x55afaeb93590, 5540;
v0x55afaeb93590_5541 .array/port v0x55afaeb93590, 5541;
v0x55afaeb93590_5542 .array/port v0x55afaeb93590, 5542;
E_0x55afaeb77280/1385 .event anyedge, v0x55afaeb93590_5539, v0x55afaeb93590_5540, v0x55afaeb93590_5541, v0x55afaeb93590_5542;
v0x55afaeb93590_5543 .array/port v0x55afaeb93590, 5543;
v0x55afaeb93590_5544 .array/port v0x55afaeb93590, 5544;
v0x55afaeb93590_5545 .array/port v0x55afaeb93590, 5545;
v0x55afaeb93590_5546 .array/port v0x55afaeb93590, 5546;
E_0x55afaeb77280/1386 .event anyedge, v0x55afaeb93590_5543, v0x55afaeb93590_5544, v0x55afaeb93590_5545, v0x55afaeb93590_5546;
v0x55afaeb93590_5547 .array/port v0x55afaeb93590, 5547;
v0x55afaeb93590_5548 .array/port v0x55afaeb93590, 5548;
v0x55afaeb93590_5549 .array/port v0x55afaeb93590, 5549;
v0x55afaeb93590_5550 .array/port v0x55afaeb93590, 5550;
E_0x55afaeb77280/1387 .event anyedge, v0x55afaeb93590_5547, v0x55afaeb93590_5548, v0x55afaeb93590_5549, v0x55afaeb93590_5550;
v0x55afaeb93590_5551 .array/port v0x55afaeb93590, 5551;
v0x55afaeb93590_5552 .array/port v0x55afaeb93590, 5552;
v0x55afaeb93590_5553 .array/port v0x55afaeb93590, 5553;
v0x55afaeb93590_5554 .array/port v0x55afaeb93590, 5554;
E_0x55afaeb77280/1388 .event anyedge, v0x55afaeb93590_5551, v0x55afaeb93590_5552, v0x55afaeb93590_5553, v0x55afaeb93590_5554;
v0x55afaeb93590_5555 .array/port v0x55afaeb93590, 5555;
v0x55afaeb93590_5556 .array/port v0x55afaeb93590, 5556;
v0x55afaeb93590_5557 .array/port v0x55afaeb93590, 5557;
v0x55afaeb93590_5558 .array/port v0x55afaeb93590, 5558;
E_0x55afaeb77280/1389 .event anyedge, v0x55afaeb93590_5555, v0x55afaeb93590_5556, v0x55afaeb93590_5557, v0x55afaeb93590_5558;
v0x55afaeb93590_5559 .array/port v0x55afaeb93590, 5559;
v0x55afaeb93590_5560 .array/port v0x55afaeb93590, 5560;
v0x55afaeb93590_5561 .array/port v0x55afaeb93590, 5561;
v0x55afaeb93590_5562 .array/port v0x55afaeb93590, 5562;
E_0x55afaeb77280/1390 .event anyedge, v0x55afaeb93590_5559, v0x55afaeb93590_5560, v0x55afaeb93590_5561, v0x55afaeb93590_5562;
v0x55afaeb93590_5563 .array/port v0x55afaeb93590, 5563;
v0x55afaeb93590_5564 .array/port v0x55afaeb93590, 5564;
v0x55afaeb93590_5565 .array/port v0x55afaeb93590, 5565;
v0x55afaeb93590_5566 .array/port v0x55afaeb93590, 5566;
E_0x55afaeb77280/1391 .event anyedge, v0x55afaeb93590_5563, v0x55afaeb93590_5564, v0x55afaeb93590_5565, v0x55afaeb93590_5566;
v0x55afaeb93590_5567 .array/port v0x55afaeb93590, 5567;
v0x55afaeb93590_5568 .array/port v0x55afaeb93590, 5568;
v0x55afaeb93590_5569 .array/port v0x55afaeb93590, 5569;
v0x55afaeb93590_5570 .array/port v0x55afaeb93590, 5570;
E_0x55afaeb77280/1392 .event anyedge, v0x55afaeb93590_5567, v0x55afaeb93590_5568, v0x55afaeb93590_5569, v0x55afaeb93590_5570;
v0x55afaeb93590_5571 .array/port v0x55afaeb93590, 5571;
v0x55afaeb93590_5572 .array/port v0x55afaeb93590, 5572;
v0x55afaeb93590_5573 .array/port v0x55afaeb93590, 5573;
v0x55afaeb93590_5574 .array/port v0x55afaeb93590, 5574;
E_0x55afaeb77280/1393 .event anyedge, v0x55afaeb93590_5571, v0x55afaeb93590_5572, v0x55afaeb93590_5573, v0x55afaeb93590_5574;
v0x55afaeb93590_5575 .array/port v0x55afaeb93590, 5575;
v0x55afaeb93590_5576 .array/port v0x55afaeb93590, 5576;
v0x55afaeb93590_5577 .array/port v0x55afaeb93590, 5577;
v0x55afaeb93590_5578 .array/port v0x55afaeb93590, 5578;
E_0x55afaeb77280/1394 .event anyedge, v0x55afaeb93590_5575, v0x55afaeb93590_5576, v0x55afaeb93590_5577, v0x55afaeb93590_5578;
v0x55afaeb93590_5579 .array/port v0x55afaeb93590, 5579;
v0x55afaeb93590_5580 .array/port v0x55afaeb93590, 5580;
v0x55afaeb93590_5581 .array/port v0x55afaeb93590, 5581;
v0x55afaeb93590_5582 .array/port v0x55afaeb93590, 5582;
E_0x55afaeb77280/1395 .event anyedge, v0x55afaeb93590_5579, v0x55afaeb93590_5580, v0x55afaeb93590_5581, v0x55afaeb93590_5582;
v0x55afaeb93590_5583 .array/port v0x55afaeb93590, 5583;
v0x55afaeb93590_5584 .array/port v0x55afaeb93590, 5584;
v0x55afaeb93590_5585 .array/port v0x55afaeb93590, 5585;
v0x55afaeb93590_5586 .array/port v0x55afaeb93590, 5586;
E_0x55afaeb77280/1396 .event anyedge, v0x55afaeb93590_5583, v0x55afaeb93590_5584, v0x55afaeb93590_5585, v0x55afaeb93590_5586;
v0x55afaeb93590_5587 .array/port v0x55afaeb93590, 5587;
v0x55afaeb93590_5588 .array/port v0x55afaeb93590, 5588;
v0x55afaeb93590_5589 .array/port v0x55afaeb93590, 5589;
v0x55afaeb93590_5590 .array/port v0x55afaeb93590, 5590;
E_0x55afaeb77280/1397 .event anyedge, v0x55afaeb93590_5587, v0x55afaeb93590_5588, v0x55afaeb93590_5589, v0x55afaeb93590_5590;
v0x55afaeb93590_5591 .array/port v0x55afaeb93590, 5591;
v0x55afaeb93590_5592 .array/port v0x55afaeb93590, 5592;
v0x55afaeb93590_5593 .array/port v0x55afaeb93590, 5593;
v0x55afaeb93590_5594 .array/port v0x55afaeb93590, 5594;
E_0x55afaeb77280/1398 .event anyedge, v0x55afaeb93590_5591, v0x55afaeb93590_5592, v0x55afaeb93590_5593, v0x55afaeb93590_5594;
v0x55afaeb93590_5595 .array/port v0x55afaeb93590, 5595;
v0x55afaeb93590_5596 .array/port v0x55afaeb93590, 5596;
v0x55afaeb93590_5597 .array/port v0x55afaeb93590, 5597;
v0x55afaeb93590_5598 .array/port v0x55afaeb93590, 5598;
E_0x55afaeb77280/1399 .event anyedge, v0x55afaeb93590_5595, v0x55afaeb93590_5596, v0x55afaeb93590_5597, v0x55afaeb93590_5598;
v0x55afaeb93590_5599 .array/port v0x55afaeb93590, 5599;
v0x55afaeb93590_5600 .array/port v0x55afaeb93590, 5600;
v0x55afaeb93590_5601 .array/port v0x55afaeb93590, 5601;
v0x55afaeb93590_5602 .array/port v0x55afaeb93590, 5602;
E_0x55afaeb77280/1400 .event anyedge, v0x55afaeb93590_5599, v0x55afaeb93590_5600, v0x55afaeb93590_5601, v0x55afaeb93590_5602;
v0x55afaeb93590_5603 .array/port v0x55afaeb93590, 5603;
v0x55afaeb93590_5604 .array/port v0x55afaeb93590, 5604;
v0x55afaeb93590_5605 .array/port v0x55afaeb93590, 5605;
v0x55afaeb93590_5606 .array/port v0x55afaeb93590, 5606;
E_0x55afaeb77280/1401 .event anyedge, v0x55afaeb93590_5603, v0x55afaeb93590_5604, v0x55afaeb93590_5605, v0x55afaeb93590_5606;
v0x55afaeb93590_5607 .array/port v0x55afaeb93590, 5607;
v0x55afaeb93590_5608 .array/port v0x55afaeb93590, 5608;
v0x55afaeb93590_5609 .array/port v0x55afaeb93590, 5609;
v0x55afaeb93590_5610 .array/port v0x55afaeb93590, 5610;
E_0x55afaeb77280/1402 .event anyedge, v0x55afaeb93590_5607, v0x55afaeb93590_5608, v0x55afaeb93590_5609, v0x55afaeb93590_5610;
v0x55afaeb93590_5611 .array/port v0x55afaeb93590, 5611;
v0x55afaeb93590_5612 .array/port v0x55afaeb93590, 5612;
v0x55afaeb93590_5613 .array/port v0x55afaeb93590, 5613;
v0x55afaeb93590_5614 .array/port v0x55afaeb93590, 5614;
E_0x55afaeb77280/1403 .event anyedge, v0x55afaeb93590_5611, v0x55afaeb93590_5612, v0x55afaeb93590_5613, v0x55afaeb93590_5614;
v0x55afaeb93590_5615 .array/port v0x55afaeb93590, 5615;
v0x55afaeb93590_5616 .array/port v0x55afaeb93590, 5616;
v0x55afaeb93590_5617 .array/port v0x55afaeb93590, 5617;
v0x55afaeb93590_5618 .array/port v0x55afaeb93590, 5618;
E_0x55afaeb77280/1404 .event anyedge, v0x55afaeb93590_5615, v0x55afaeb93590_5616, v0x55afaeb93590_5617, v0x55afaeb93590_5618;
v0x55afaeb93590_5619 .array/port v0x55afaeb93590, 5619;
v0x55afaeb93590_5620 .array/port v0x55afaeb93590, 5620;
v0x55afaeb93590_5621 .array/port v0x55afaeb93590, 5621;
v0x55afaeb93590_5622 .array/port v0x55afaeb93590, 5622;
E_0x55afaeb77280/1405 .event anyedge, v0x55afaeb93590_5619, v0x55afaeb93590_5620, v0x55afaeb93590_5621, v0x55afaeb93590_5622;
v0x55afaeb93590_5623 .array/port v0x55afaeb93590, 5623;
v0x55afaeb93590_5624 .array/port v0x55afaeb93590, 5624;
v0x55afaeb93590_5625 .array/port v0x55afaeb93590, 5625;
v0x55afaeb93590_5626 .array/port v0x55afaeb93590, 5626;
E_0x55afaeb77280/1406 .event anyedge, v0x55afaeb93590_5623, v0x55afaeb93590_5624, v0x55afaeb93590_5625, v0x55afaeb93590_5626;
v0x55afaeb93590_5627 .array/port v0x55afaeb93590, 5627;
v0x55afaeb93590_5628 .array/port v0x55afaeb93590, 5628;
v0x55afaeb93590_5629 .array/port v0x55afaeb93590, 5629;
v0x55afaeb93590_5630 .array/port v0x55afaeb93590, 5630;
E_0x55afaeb77280/1407 .event anyedge, v0x55afaeb93590_5627, v0x55afaeb93590_5628, v0x55afaeb93590_5629, v0x55afaeb93590_5630;
v0x55afaeb93590_5631 .array/port v0x55afaeb93590, 5631;
v0x55afaeb93590_5632 .array/port v0x55afaeb93590, 5632;
v0x55afaeb93590_5633 .array/port v0x55afaeb93590, 5633;
v0x55afaeb93590_5634 .array/port v0x55afaeb93590, 5634;
E_0x55afaeb77280/1408 .event anyedge, v0x55afaeb93590_5631, v0x55afaeb93590_5632, v0x55afaeb93590_5633, v0x55afaeb93590_5634;
v0x55afaeb93590_5635 .array/port v0x55afaeb93590, 5635;
v0x55afaeb93590_5636 .array/port v0x55afaeb93590, 5636;
v0x55afaeb93590_5637 .array/port v0x55afaeb93590, 5637;
v0x55afaeb93590_5638 .array/port v0x55afaeb93590, 5638;
E_0x55afaeb77280/1409 .event anyedge, v0x55afaeb93590_5635, v0x55afaeb93590_5636, v0x55afaeb93590_5637, v0x55afaeb93590_5638;
v0x55afaeb93590_5639 .array/port v0x55afaeb93590, 5639;
v0x55afaeb93590_5640 .array/port v0x55afaeb93590, 5640;
v0x55afaeb93590_5641 .array/port v0x55afaeb93590, 5641;
v0x55afaeb93590_5642 .array/port v0x55afaeb93590, 5642;
E_0x55afaeb77280/1410 .event anyedge, v0x55afaeb93590_5639, v0x55afaeb93590_5640, v0x55afaeb93590_5641, v0x55afaeb93590_5642;
v0x55afaeb93590_5643 .array/port v0x55afaeb93590, 5643;
v0x55afaeb93590_5644 .array/port v0x55afaeb93590, 5644;
v0x55afaeb93590_5645 .array/port v0x55afaeb93590, 5645;
v0x55afaeb93590_5646 .array/port v0x55afaeb93590, 5646;
E_0x55afaeb77280/1411 .event anyedge, v0x55afaeb93590_5643, v0x55afaeb93590_5644, v0x55afaeb93590_5645, v0x55afaeb93590_5646;
v0x55afaeb93590_5647 .array/port v0x55afaeb93590, 5647;
v0x55afaeb93590_5648 .array/port v0x55afaeb93590, 5648;
v0x55afaeb93590_5649 .array/port v0x55afaeb93590, 5649;
v0x55afaeb93590_5650 .array/port v0x55afaeb93590, 5650;
E_0x55afaeb77280/1412 .event anyedge, v0x55afaeb93590_5647, v0x55afaeb93590_5648, v0x55afaeb93590_5649, v0x55afaeb93590_5650;
v0x55afaeb93590_5651 .array/port v0x55afaeb93590, 5651;
v0x55afaeb93590_5652 .array/port v0x55afaeb93590, 5652;
v0x55afaeb93590_5653 .array/port v0x55afaeb93590, 5653;
v0x55afaeb93590_5654 .array/port v0x55afaeb93590, 5654;
E_0x55afaeb77280/1413 .event anyedge, v0x55afaeb93590_5651, v0x55afaeb93590_5652, v0x55afaeb93590_5653, v0x55afaeb93590_5654;
v0x55afaeb93590_5655 .array/port v0x55afaeb93590, 5655;
v0x55afaeb93590_5656 .array/port v0x55afaeb93590, 5656;
v0x55afaeb93590_5657 .array/port v0x55afaeb93590, 5657;
v0x55afaeb93590_5658 .array/port v0x55afaeb93590, 5658;
E_0x55afaeb77280/1414 .event anyedge, v0x55afaeb93590_5655, v0x55afaeb93590_5656, v0x55afaeb93590_5657, v0x55afaeb93590_5658;
v0x55afaeb93590_5659 .array/port v0x55afaeb93590, 5659;
v0x55afaeb93590_5660 .array/port v0x55afaeb93590, 5660;
v0x55afaeb93590_5661 .array/port v0x55afaeb93590, 5661;
v0x55afaeb93590_5662 .array/port v0x55afaeb93590, 5662;
E_0x55afaeb77280/1415 .event anyedge, v0x55afaeb93590_5659, v0x55afaeb93590_5660, v0x55afaeb93590_5661, v0x55afaeb93590_5662;
v0x55afaeb93590_5663 .array/port v0x55afaeb93590, 5663;
v0x55afaeb93590_5664 .array/port v0x55afaeb93590, 5664;
v0x55afaeb93590_5665 .array/port v0x55afaeb93590, 5665;
v0x55afaeb93590_5666 .array/port v0x55afaeb93590, 5666;
E_0x55afaeb77280/1416 .event anyedge, v0x55afaeb93590_5663, v0x55afaeb93590_5664, v0x55afaeb93590_5665, v0x55afaeb93590_5666;
v0x55afaeb93590_5667 .array/port v0x55afaeb93590, 5667;
v0x55afaeb93590_5668 .array/port v0x55afaeb93590, 5668;
v0x55afaeb93590_5669 .array/port v0x55afaeb93590, 5669;
v0x55afaeb93590_5670 .array/port v0x55afaeb93590, 5670;
E_0x55afaeb77280/1417 .event anyedge, v0x55afaeb93590_5667, v0x55afaeb93590_5668, v0x55afaeb93590_5669, v0x55afaeb93590_5670;
v0x55afaeb93590_5671 .array/port v0x55afaeb93590, 5671;
v0x55afaeb93590_5672 .array/port v0x55afaeb93590, 5672;
v0x55afaeb93590_5673 .array/port v0x55afaeb93590, 5673;
v0x55afaeb93590_5674 .array/port v0x55afaeb93590, 5674;
E_0x55afaeb77280/1418 .event anyedge, v0x55afaeb93590_5671, v0x55afaeb93590_5672, v0x55afaeb93590_5673, v0x55afaeb93590_5674;
v0x55afaeb93590_5675 .array/port v0x55afaeb93590, 5675;
v0x55afaeb93590_5676 .array/port v0x55afaeb93590, 5676;
v0x55afaeb93590_5677 .array/port v0x55afaeb93590, 5677;
v0x55afaeb93590_5678 .array/port v0x55afaeb93590, 5678;
E_0x55afaeb77280/1419 .event anyedge, v0x55afaeb93590_5675, v0x55afaeb93590_5676, v0x55afaeb93590_5677, v0x55afaeb93590_5678;
v0x55afaeb93590_5679 .array/port v0x55afaeb93590, 5679;
v0x55afaeb93590_5680 .array/port v0x55afaeb93590, 5680;
v0x55afaeb93590_5681 .array/port v0x55afaeb93590, 5681;
v0x55afaeb93590_5682 .array/port v0x55afaeb93590, 5682;
E_0x55afaeb77280/1420 .event anyedge, v0x55afaeb93590_5679, v0x55afaeb93590_5680, v0x55afaeb93590_5681, v0x55afaeb93590_5682;
v0x55afaeb93590_5683 .array/port v0x55afaeb93590, 5683;
v0x55afaeb93590_5684 .array/port v0x55afaeb93590, 5684;
v0x55afaeb93590_5685 .array/port v0x55afaeb93590, 5685;
v0x55afaeb93590_5686 .array/port v0x55afaeb93590, 5686;
E_0x55afaeb77280/1421 .event anyedge, v0x55afaeb93590_5683, v0x55afaeb93590_5684, v0x55afaeb93590_5685, v0x55afaeb93590_5686;
v0x55afaeb93590_5687 .array/port v0x55afaeb93590, 5687;
v0x55afaeb93590_5688 .array/port v0x55afaeb93590, 5688;
v0x55afaeb93590_5689 .array/port v0x55afaeb93590, 5689;
v0x55afaeb93590_5690 .array/port v0x55afaeb93590, 5690;
E_0x55afaeb77280/1422 .event anyedge, v0x55afaeb93590_5687, v0x55afaeb93590_5688, v0x55afaeb93590_5689, v0x55afaeb93590_5690;
v0x55afaeb93590_5691 .array/port v0x55afaeb93590, 5691;
v0x55afaeb93590_5692 .array/port v0x55afaeb93590, 5692;
v0x55afaeb93590_5693 .array/port v0x55afaeb93590, 5693;
v0x55afaeb93590_5694 .array/port v0x55afaeb93590, 5694;
E_0x55afaeb77280/1423 .event anyedge, v0x55afaeb93590_5691, v0x55afaeb93590_5692, v0x55afaeb93590_5693, v0x55afaeb93590_5694;
v0x55afaeb93590_5695 .array/port v0x55afaeb93590, 5695;
v0x55afaeb93590_5696 .array/port v0x55afaeb93590, 5696;
v0x55afaeb93590_5697 .array/port v0x55afaeb93590, 5697;
v0x55afaeb93590_5698 .array/port v0x55afaeb93590, 5698;
E_0x55afaeb77280/1424 .event anyedge, v0x55afaeb93590_5695, v0x55afaeb93590_5696, v0x55afaeb93590_5697, v0x55afaeb93590_5698;
v0x55afaeb93590_5699 .array/port v0x55afaeb93590, 5699;
v0x55afaeb93590_5700 .array/port v0x55afaeb93590, 5700;
v0x55afaeb93590_5701 .array/port v0x55afaeb93590, 5701;
v0x55afaeb93590_5702 .array/port v0x55afaeb93590, 5702;
E_0x55afaeb77280/1425 .event anyedge, v0x55afaeb93590_5699, v0x55afaeb93590_5700, v0x55afaeb93590_5701, v0x55afaeb93590_5702;
v0x55afaeb93590_5703 .array/port v0x55afaeb93590, 5703;
v0x55afaeb93590_5704 .array/port v0x55afaeb93590, 5704;
v0x55afaeb93590_5705 .array/port v0x55afaeb93590, 5705;
v0x55afaeb93590_5706 .array/port v0x55afaeb93590, 5706;
E_0x55afaeb77280/1426 .event anyedge, v0x55afaeb93590_5703, v0x55afaeb93590_5704, v0x55afaeb93590_5705, v0x55afaeb93590_5706;
v0x55afaeb93590_5707 .array/port v0x55afaeb93590, 5707;
v0x55afaeb93590_5708 .array/port v0x55afaeb93590, 5708;
v0x55afaeb93590_5709 .array/port v0x55afaeb93590, 5709;
v0x55afaeb93590_5710 .array/port v0x55afaeb93590, 5710;
E_0x55afaeb77280/1427 .event anyedge, v0x55afaeb93590_5707, v0x55afaeb93590_5708, v0x55afaeb93590_5709, v0x55afaeb93590_5710;
v0x55afaeb93590_5711 .array/port v0x55afaeb93590, 5711;
v0x55afaeb93590_5712 .array/port v0x55afaeb93590, 5712;
v0x55afaeb93590_5713 .array/port v0x55afaeb93590, 5713;
v0x55afaeb93590_5714 .array/port v0x55afaeb93590, 5714;
E_0x55afaeb77280/1428 .event anyedge, v0x55afaeb93590_5711, v0x55afaeb93590_5712, v0x55afaeb93590_5713, v0x55afaeb93590_5714;
v0x55afaeb93590_5715 .array/port v0x55afaeb93590, 5715;
v0x55afaeb93590_5716 .array/port v0x55afaeb93590, 5716;
v0x55afaeb93590_5717 .array/port v0x55afaeb93590, 5717;
v0x55afaeb93590_5718 .array/port v0x55afaeb93590, 5718;
E_0x55afaeb77280/1429 .event anyedge, v0x55afaeb93590_5715, v0x55afaeb93590_5716, v0x55afaeb93590_5717, v0x55afaeb93590_5718;
v0x55afaeb93590_5719 .array/port v0x55afaeb93590, 5719;
v0x55afaeb93590_5720 .array/port v0x55afaeb93590, 5720;
v0x55afaeb93590_5721 .array/port v0x55afaeb93590, 5721;
v0x55afaeb93590_5722 .array/port v0x55afaeb93590, 5722;
E_0x55afaeb77280/1430 .event anyedge, v0x55afaeb93590_5719, v0x55afaeb93590_5720, v0x55afaeb93590_5721, v0x55afaeb93590_5722;
v0x55afaeb93590_5723 .array/port v0x55afaeb93590, 5723;
v0x55afaeb93590_5724 .array/port v0x55afaeb93590, 5724;
v0x55afaeb93590_5725 .array/port v0x55afaeb93590, 5725;
v0x55afaeb93590_5726 .array/port v0x55afaeb93590, 5726;
E_0x55afaeb77280/1431 .event anyedge, v0x55afaeb93590_5723, v0x55afaeb93590_5724, v0x55afaeb93590_5725, v0x55afaeb93590_5726;
v0x55afaeb93590_5727 .array/port v0x55afaeb93590, 5727;
v0x55afaeb93590_5728 .array/port v0x55afaeb93590, 5728;
v0x55afaeb93590_5729 .array/port v0x55afaeb93590, 5729;
v0x55afaeb93590_5730 .array/port v0x55afaeb93590, 5730;
E_0x55afaeb77280/1432 .event anyedge, v0x55afaeb93590_5727, v0x55afaeb93590_5728, v0x55afaeb93590_5729, v0x55afaeb93590_5730;
v0x55afaeb93590_5731 .array/port v0x55afaeb93590, 5731;
v0x55afaeb93590_5732 .array/port v0x55afaeb93590, 5732;
v0x55afaeb93590_5733 .array/port v0x55afaeb93590, 5733;
v0x55afaeb93590_5734 .array/port v0x55afaeb93590, 5734;
E_0x55afaeb77280/1433 .event anyedge, v0x55afaeb93590_5731, v0x55afaeb93590_5732, v0x55afaeb93590_5733, v0x55afaeb93590_5734;
v0x55afaeb93590_5735 .array/port v0x55afaeb93590, 5735;
v0x55afaeb93590_5736 .array/port v0x55afaeb93590, 5736;
v0x55afaeb93590_5737 .array/port v0x55afaeb93590, 5737;
v0x55afaeb93590_5738 .array/port v0x55afaeb93590, 5738;
E_0x55afaeb77280/1434 .event anyedge, v0x55afaeb93590_5735, v0x55afaeb93590_5736, v0x55afaeb93590_5737, v0x55afaeb93590_5738;
v0x55afaeb93590_5739 .array/port v0x55afaeb93590, 5739;
v0x55afaeb93590_5740 .array/port v0x55afaeb93590, 5740;
v0x55afaeb93590_5741 .array/port v0x55afaeb93590, 5741;
v0x55afaeb93590_5742 .array/port v0x55afaeb93590, 5742;
E_0x55afaeb77280/1435 .event anyedge, v0x55afaeb93590_5739, v0x55afaeb93590_5740, v0x55afaeb93590_5741, v0x55afaeb93590_5742;
v0x55afaeb93590_5743 .array/port v0x55afaeb93590, 5743;
v0x55afaeb93590_5744 .array/port v0x55afaeb93590, 5744;
v0x55afaeb93590_5745 .array/port v0x55afaeb93590, 5745;
v0x55afaeb93590_5746 .array/port v0x55afaeb93590, 5746;
E_0x55afaeb77280/1436 .event anyedge, v0x55afaeb93590_5743, v0x55afaeb93590_5744, v0x55afaeb93590_5745, v0x55afaeb93590_5746;
v0x55afaeb93590_5747 .array/port v0x55afaeb93590, 5747;
v0x55afaeb93590_5748 .array/port v0x55afaeb93590, 5748;
v0x55afaeb93590_5749 .array/port v0x55afaeb93590, 5749;
v0x55afaeb93590_5750 .array/port v0x55afaeb93590, 5750;
E_0x55afaeb77280/1437 .event anyedge, v0x55afaeb93590_5747, v0x55afaeb93590_5748, v0x55afaeb93590_5749, v0x55afaeb93590_5750;
v0x55afaeb93590_5751 .array/port v0x55afaeb93590, 5751;
v0x55afaeb93590_5752 .array/port v0x55afaeb93590, 5752;
v0x55afaeb93590_5753 .array/port v0x55afaeb93590, 5753;
v0x55afaeb93590_5754 .array/port v0x55afaeb93590, 5754;
E_0x55afaeb77280/1438 .event anyedge, v0x55afaeb93590_5751, v0x55afaeb93590_5752, v0x55afaeb93590_5753, v0x55afaeb93590_5754;
v0x55afaeb93590_5755 .array/port v0x55afaeb93590, 5755;
v0x55afaeb93590_5756 .array/port v0x55afaeb93590, 5756;
v0x55afaeb93590_5757 .array/port v0x55afaeb93590, 5757;
v0x55afaeb93590_5758 .array/port v0x55afaeb93590, 5758;
E_0x55afaeb77280/1439 .event anyedge, v0x55afaeb93590_5755, v0x55afaeb93590_5756, v0x55afaeb93590_5757, v0x55afaeb93590_5758;
v0x55afaeb93590_5759 .array/port v0x55afaeb93590, 5759;
v0x55afaeb93590_5760 .array/port v0x55afaeb93590, 5760;
v0x55afaeb93590_5761 .array/port v0x55afaeb93590, 5761;
v0x55afaeb93590_5762 .array/port v0x55afaeb93590, 5762;
E_0x55afaeb77280/1440 .event anyedge, v0x55afaeb93590_5759, v0x55afaeb93590_5760, v0x55afaeb93590_5761, v0x55afaeb93590_5762;
v0x55afaeb93590_5763 .array/port v0x55afaeb93590, 5763;
v0x55afaeb93590_5764 .array/port v0x55afaeb93590, 5764;
v0x55afaeb93590_5765 .array/port v0x55afaeb93590, 5765;
v0x55afaeb93590_5766 .array/port v0x55afaeb93590, 5766;
E_0x55afaeb77280/1441 .event anyedge, v0x55afaeb93590_5763, v0x55afaeb93590_5764, v0x55afaeb93590_5765, v0x55afaeb93590_5766;
v0x55afaeb93590_5767 .array/port v0x55afaeb93590, 5767;
v0x55afaeb93590_5768 .array/port v0x55afaeb93590, 5768;
v0x55afaeb93590_5769 .array/port v0x55afaeb93590, 5769;
v0x55afaeb93590_5770 .array/port v0x55afaeb93590, 5770;
E_0x55afaeb77280/1442 .event anyedge, v0x55afaeb93590_5767, v0x55afaeb93590_5768, v0x55afaeb93590_5769, v0x55afaeb93590_5770;
v0x55afaeb93590_5771 .array/port v0x55afaeb93590, 5771;
v0x55afaeb93590_5772 .array/port v0x55afaeb93590, 5772;
v0x55afaeb93590_5773 .array/port v0x55afaeb93590, 5773;
v0x55afaeb93590_5774 .array/port v0x55afaeb93590, 5774;
E_0x55afaeb77280/1443 .event anyedge, v0x55afaeb93590_5771, v0x55afaeb93590_5772, v0x55afaeb93590_5773, v0x55afaeb93590_5774;
v0x55afaeb93590_5775 .array/port v0x55afaeb93590, 5775;
v0x55afaeb93590_5776 .array/port v0x55afaeb93590, 5776;
v0x55afaeb93590_5777 .array/port v0x55afaeb93590, 5777;
v0x55afaeb93590_5778 .array/port v0x55afaeb93590, 5778;
E_0x55afaeb77280/1444 .event anyedge, v0x55afaeb93590_5775, v0x55afaeb93590_5776, v0x55afaeb93590_5777, v0x55afaeb93590_5778;
v0x55afaeb93590_5779 .array/port v0x55afaeb93590, 5779;
v0x55afaeb93590_5780 .array/port v0x55afaeb93590, 5780;
v0x55afaeb93590_5781 .array/port v0x55afaeb93590, 5781;
v0x55afaeb93590_5782 .array/port v0x55afaeb93590, 5782;
E_0x55afaeb77280/1445 .event anyedge, v0x55afaeb93590_5779, v0x55afaeb93590_5780, v0x55afaeb93590_5781, v0x55afaeb93590_5782;
v0x55afaeb93590_5783 .array/port v0x55afaeb93590, 5783;
v0x55afaeb93590_5784 .array/port v0x55afaeb93590, 5784;
v0x55afaeb93590_5785 .array/port v0x55afaeb93590, 5785;
v0x55afaeb93590_5786 .array/port v0x55afaeb93590, 5786;
E_0x55afaeb77280/1446 .event anyedge, v0x55afaeb93590_5783, v0x55afaeb93590_5784, v0x55afaeb93590_5785, v0x55afaeb93590_5786;
v0x55afaeb93590_5787 .array/port v0x55afaeb93590, 5787;
v0x55afaeb93590_5788 .array/port v0x55afaeb93590, 5788;
v0x55afaeb93590_5789 .array/port v0x55afaeb93590, 5789;
v0x55afaeb93590_5790 .array/port v0x55afaeb93590, 5790;
E_0x55afaeb77280/1447 .event anyedge, v0x55afaeb93590_5787, v0x55afaeb93590_5788, v0x55afaeb93590_5789, v0x55afaeb93590_5790;
v0x55afaeb93590_5791 .array/port v0x55afaeb93590, 5791;
v0x55afaeb93590_5792 .array/port v0x55afaeb93590, 5792;
v0x55afaeb93590_5793 .array/port v0x55afaeb93590, 5793;
v0x55afaeb93590_5794 .array/port v0x55afaeb93590, 5794;
E_0x55afaeb77280/1448 .event anyedge, v0x55afaeb93590_5791, v0x55afaeb93590_5792, v0x55afaeb93590_5793, v0x55afaeb93590_5794;
v0x55afaeb93590_5795 .array/port v0x55afaeb93590, 5795;
v0x55afaeb93590_5796 .array/port v0x55afaeb93590, 5796;
v0x55afaeb93590_5797 .array/port v0x55afaeb93590, 5797;
v0x55afaeb93590_5798 .array/port v0x55afaeb93590, 5798;
E_0x55afaeb77280/1449 .event anyedge, v0x55afaeb93590_5795, v0x55afaeb93590_5796, v0x55afaeb93590_5797, v0x55afaeb93590_5798;
v0x55afaeb93590_5799 .array/port v0x55afaeb93590, 5799;
v0x55afaeb93590_5800 .array/port v0x55afaeb93590, 5800;
v0x55afaeb93590_5801 .array/port v0x55afaeb93590, 5801;
v0x55afaeb93590_5802 .array/port v0x55afaeb93590, 5802;
E_0x55afaeb77280/1450 .event anyedge, v0x55afaeb93590_5799, v0x55afaeb93590_5800, v0x55afaeb93590_5801, v0x55afaeb93590_5802;
v0x55afaeb93590_5803 .array/port v0x55afaeb93590, 5803;
v0x55afaeb93590_5804 .array/port v0x55afaeb93590, 5804;
v0x55afaeb93590_5805 .array/port v0x55afaeb93590, 5805;
v0x55afaeb93590_5806 .array/port v0x55afaeb93590, 5806;
E_0x55afaeb77280/1451 .event anyedge, v0x55afaeb93590_5803, v0x55afaeb93590_5804, v0x55afaeb93590_5805, v0x55afaeb93590_5806;
v0x55afaeb93590_5807 .array/port v0x55afaeb93590, 5807;
v0x55afaeb93590_5808 .array/port v0x55afaeb93590, 5808;
v0x55afaeb93590_5809 .array/port v0x55afaeb93590, 5809;
v0x55afaeb93590_5810 .array/port v0x55afaeb93590, 5810;
E_0x55afaeb77280/1452 .event anyedge, v0x55afaeb93590_5807, v0x55afaeb93590_5808, v0x55afaeb93590_5809, v0x55afaeb93590_5810;
v0x55afaeb93590_5811 .array/port v0x55afaeb93590, 5811;
v0x55afaeb93590_5812 .array/port v0x55afaeb93590, 5812;
v0x55afaeb93590_5813 .array/port v0x55afaeb93590, 5813;
v0x55afaeb93590_5814 .array/port v0x55afaeb93590, 5814;
E_0x55afaeb77280/1453 .event anyedge, v0x55afaeb93590_5811, v0x55afaeb93590_5812, v0x55afaeb93590_5813, v0x55afaeb93590_5814;
v0x55afaeb93590_5815 .array/port v0x55afaeb93590, 5815;
v0x55afaeb93590_5816 .array/port v0x55afaeb93590, 5816;
v0x55afaeb93590_5817 .array/port v0x55afaeb93590, 5817;
v0x55afaeb93590_5818 .array/port v0x55afaeb93590, 5818;
E_0x55afaeb77280/1454 .event anyedge, v0x55afaeb93590_5815, v0x55afaeb93590_5816, v0x55afaeb93590_5817, v0x55afaeb93590_5818;
v0x55afaeb93590_5819 .array/port v0x55afaeb93590, 5819;
v0x55afaeb93590_5820 .array/port v0x55afaeb93590, 5820;
v0x55afaeb93590_5821 .array/port v0x55afaeb93590, 5821;
v0x55afaeb93590_5822 .array/port v0x55afaeb93590, 5822;
E_0x55afaeb77280/1455 .event anyedge, v0x55afaeb93590_5819, v0x55afaeb93590_5820, v0x55afaeb93590_5821, v0x55afaeb93590_5822;
v0x55afaeb93590_5823 .array/port v0x55afaeb93590, 5823;
v0x55afaeb93590_5824 .array/port v0x55afaeb93590, 5824;
v0x55afaeb93590_5825 .array/port v0x55afaeb93590, 5825;
v0x55afaeb93590_5826 .array/port v0x55afaeb93590, 5826;
E_0x55afaeb77280/1456 .event anyedge, v0x55afaeb93590_5823, v0x55afaeb93590_5824, v0x55afaeb93590_5825, v0x55afaeb93590_5826;
v0x55afaeb93590_5827 .array/port v0x55afaeb93590, 5827;
v0x55afaeb93590_5828 .array/port v0x55afaeb93590, 5828;
v0x55afaeb93590_5829 .array/port v0x55afaeb93590, 5829;
v0x55afaeb93590_5830 .array/port v0x55afaeb93590, 5830;
E_0x55afaeb77280/1457 .event anyedge, v0x55afaeb93590_5827, v0x55afaeb93590_5828, v0x55afaeb93590_5829, v0x55afaeb93590_5830;
v0x55afaeb93590_5831 .array/port v0x55afaeb93590, 5831;
v0x55afaeb93590_5832 .array/port v0x55afaeb93590, 5832;
v0x55afaeb93590_5833 .array/port v0x55afaeb93590, 5833;
v0x55afaeb93590_5834 .array/port v0x55afaeb93590, 5834;
E_0x55afaeb77280/1458 .event anyedge, v0x55afaeb93590_5831, v0x55afaeb93590_5832, v0x55afaeb93590_5833, v0x55afaeb93590_5834;
v0x55afaeb93590_5835 .array/port v0x55afaeb93590, 5835;
v0x55afaeb93590_5836 .array/port v0x55afaeb93590, 5836;
v0x55afaeb93590_5837 .array/port v0x55afaeb93590, 5837;
v0x55afaeb93590_5838 .array/port v0x55afaeb93590, 5838;
E_0x55afaeb77280/1459 .event anyedge, v0x55afaeb93590_5835, v0x55afaeb93590_5836, v0x55afaeb93590_5837, v0x55afaeb93590_5838;
v0x55afaeb93590_5839 .array/port v0x55afaeb93590, 5839;
v0x55afaeb93590_5840 .array/port v0x55afaeb93590, 5840;
v0x55afaeb93590_5841 .array/port v0x55afaeb93590, 5841;
v0x55afaeb93590_5842 .array/port v0x55afaeb93590, 5842;
E_0x55afaeb77280/1460 .event anyedge, v0x55afaeb93590_5839, v0x55afaeb93590_5840, v0x55afaeb93590_5841, v0x55afaeb93590_5842;
v0x55afaeb93590_5843 .array/port v0x55afaeb93590, 5843;
v0x55afaeb93590_5844 .array/port v0x55afaeb93590, 5844;
v0x55afaeb93590_5845 .array/port v0x55afaeb93590, 5845;
v0x55afaeb93590_5846 .array/port v0x55afaeb93590, 5846;
E_0x55afaeb77280/1461 .event anyedge, v0x55afaeb93590_5843, v0x55afaeb93590_5844, v0x55afaeb93590_5845, v0x55afaeb93590_5846;
v0x55afaeb93590_5847 .array/port v0x55afaeb93590, 5847;
v0x55afaeb93590_5848 .array/port v0x55afaeb93590, 5848;
v0x55afaeb93590_5849 .array/port v0x55afaeb93590, 5849;
v0x55afaeb93590_5850 .array/port v0x55afaeb93590, 5850;
E_0x55afaeb77280/1462 .event anyedge, v0x55afaeb93590_5847, v0x55afaeb93590_5848, v0x55afaeb93590_5849, v0x55afaeb93590_5850;
v0x55afaeb93590_5851 .array/port v0x55afaeb93590, 5851;
v0x55afaeb93590_5852 .array/port v0x55afaeb93590, 5852;
v0x55afaeb93590_5853 .array/port v0x55afaeb93590, 5853;
v0x55afaeb93590_5854 .array/port v0x55afaeb93590, 5854;
E_0x55afaeb77280/1463 .event anyedge, v0x55afaeb93590_5851, v0x55afaeb93590_5852, v0x55afaeb93590_5853, v0x55afaeb93590_5854;
v0x55afaeb93590_5855 .array/port v0x55afaeb93590, 5855;
v0x55afaeb93590_5856 .array/port v0x55afaeb93590, 5856;
v0x55afaeb93590_5857 .array/port v0x55afaeb93590, 5857;
v0x55afaeb93590_5858 .array/port v0x55afaeb93590, 5858;
E_0x55afaeb77280/1464 .event anyedge, v0x55afaeb93590_5855, v0x55afaeb93590_5856, v0x55afaeb93590_5857, v0x55afaeb93590_5858;
v0x55afaeb93590_5859 .array/port v0x55afaeb93590, 5859;
v0x55afaeb93590_5860 .array/port v0x55afaeb93590, 5860;
v0x55afaeb93590_5861 .array/port v0x55afaeb93590, 5861;
v0x55afaeb93590_5862 .array/port v0x55afaeb93590, 5862;
E_0x55afaeb77280/1465 .event anyedge, v0x55afaeb93590_5859, v0x55afaeb93590_5860, v0x55afaeb93590_5861, v0x55afaeb93590_5862;
v0x55afaeb93590_5863 .array/port v0x55afaeb93590, 5863;
v0x55afaeb93590_5864 .array/port v0x55afaeb93590, 5864;
v0x55afaeb93590_5865 .array/port v0x55afaeb93590, 5865;
v0x55afaeb93590_5866 .array/port v0x55afaeb93590, 5866;
E_0x55afaeb77280/1466 .event anyedge, v0x55afaeb93590_5863, v0x55afaeb93590_5864, v0x55afaeb93590_5865, v0x55afaeb93590_5866;
v0x55afaeb93590_5867 .array/port v0x55afaeb93590, 5867;
v0x55afaeb93590_5868 .array/port v0x55afaeb93590, 5868;
v0x55afaeb93590_5869 .array/port v0x55afaeb93590, 5869;
v0x55afaeb93590_5870 .array/port v0x55afaeb93590, 5870;
E_0x55afaeb77280/1467 .event anyedge, v0x55afaeb93590_5867, v0x55afaeb93590_5868, v0x55afaeb93590_5869, v0x55afaeb93590_5870;
v0x55afaeb93590_5871 .array/port v0x55afaeb93590, 5871;
v0x55afaeb93590_5872 .array/port v0x55afaeb93590, 5872;
v0x55afaeb93590_5873 .array/port v0x55afaeb93590, 5873;
v0x55afaeb93590_5874 .array/port v0x55afaeb93590, 5874;
E_0x55afaeb77280/1468 .event anyedge, v0x55afaeb93590_5871, v0x55afaeb93590_5872, v0x55afaeb93590_5873, v0x55afaeb93590_5874;
v0x55afaeb93590_5875 .array/port v0x55afaeb93590, 5875;
v0x55afaeb93590_5876 .array/port v0x55afaeb93590, 5876;
v0x55afaeb93590_5877 .array/port v0x55afaeb93590, 5877;
v0x55afaeb93590_5878 .array/port v0x55afaeb93590, 5878;
E_0x55afaeb77280/1469 .event anyedge, v0x55afaeb93590_5875, v0x55afaeb93590_5876, v0x55afaeb93590_5877, v0x55afaeb93590_5878;
v0x55afaeb93590_5879 .array/port v0x55afaeb93590, 5879;
v0x55afaeb93590_5880 .array/port v0x55afaeb93590, 5880;
v0x55afaeb93590_5881 .array/port v0x55afaeb93590, 5881;
v0x55afaeb93590_5882 .array/port v0x55afaeb93590, 5882;
E_0x55afaeb77280/1470 .event anyedge, v0x55afaeb93590_5879, v0x55afaeb93590_5880, v0x55afaeb93590_5881, v0x55afaeb93590_5882;
v0x55afaeb93590_5883 .array/port v0x55afaeb93590, 5883;
v0x55afaeb93590_5884 .array/port v0x55afaeb93590, 5884;
v0x55afaeb93590_5885 .array/port v0x55afaeb93590, 5885;
v0x55afaeb93590_5886 .array/port v0x55afaeb93590, 5886;
E_0x55afaeb77280/1471 .event anyedge, v0x55afaeb93590_5883, v0x55afaeb93590_5884, v0x55afaeb93590_5885, v0x55afaeb93590_5886;
v0x55afaeb93590_5887 .array/port v0x55afaeb93590, 5887;
v0x55afaeb93590_5888 .array/port v0x55afaeb93590, 5888;
v0x55afaeb93590_5889 .array/port v0x55afaeb93590, 5889;
v0x55afaeb93590_5890 .array/port v0x55afaeb93590, 5890;
E_0x55afaeb77280/1472 .event anyedge, v0x55afaeb93590_5887, v0x55afaeb93590_5888, v0x55afaeb93590_5889, v0x55afaeb93590_5890;
v0x55afaeb93590_5891 .array/port v0x55afaeb93590, 5891;
v0x55afaeb93590_5892 .array/port v0x55afaeb93590, 5892;
v0x55afaeb93590_5893 .array/port v0x55afaeb93590, 5893;
v0x55afaeb93590_5894 .array/port v0x55afaeb93590, 5894;
E_0x55afaeb77280/1473 .event anyedge, v0x55afaeb93590_5891, v0x55afaeb93590_5892, v0x55afaeb93590_5893, v0x55afaeb93590_5894;
v0x55afaeb93590_5895 .array/port v0x55afaeb93590, 5895;
v0x55afaeb93590_5896 .array/port v0x55afaeb93590, 5896;
v0x55afaeb93590_5897 .array/port v0x55afaeb93590, 5897;
v0x55afaeb93590_5898 .array/port v0x55afaeb93590, 5898;
E_0x55afaeb77280/1474 .event anyedge, v0x55afaeb93590_5895, v0x55afaeb93590_5896, v0x55afaeb93590_5897, v0x55afaeb93590_5898;
v0x55afaeb93590_5899 .array/port v0x55afaeb93590, 5899;
v0x55afaeb93590_5900 .array/port v0x55afaeb93590, 5900;
v0x55afaeb93590_5901 .array/port v0x55afaeb93590, 5901;
v0x55afaeb93590_5902 .array/port v0x55afaeb93590, 5902;
E_0x55afaeb77280/1475 .event anyedge, v0x55afaeb93590_5899, v0x55afaeb93590_5900, v0x55afaeb93590_5901, v0x55afaeb93590_5902;
v0x55afaeb93590_5903 .array/port v0x55afaeb93590, 5903;
v0x55afaeb93590_5904 .array/port v0x55afaeb93590, 5904;
v0x55afaeb93590_5905 .array/port v0x55afaeb93590, 5905;
v0x55afaeb93590_5906 .array/port v0x55afaeb93590, 5906;
E_0x55afaeb77280/1476 .event anyedge, v0x55afaeb93590_5903, v0x55afaeb93590_5904, v0x55afaeb93590_5905, v0x55afaeb93590_5906;
v0x55afaeb93590_5907 .array/port v0x55afaeb93590, 5907;
v0x55afaeb93590_5908 .array/port v0x55afaeb93590, 5908;
v0x55afaeb93590_5909 .array/port v0x55afaeb93590, 5909;
v0x55afaeb93590_5910 .array/port v0x55afaeb93590, 5910;
E_0x55afaeb77280/1477 .event anyedge, v0x55afaeb93590_5907, v0x55afaeb93590_5908, v0x55afaeb93590_5909, v0x55afaeb93590_5910;
v0x55afaeb93590_5911 .array/port v0x55afaeb93590, 5911;
v0x55afaeb93590_5912 .array/port v0x55afaeb93590, 5912;
v0x55afaeb93590_5913 .array/port v0x55afaeb93590, 5913;
v0x55afaeb93590_5914 .array/port v0x55afaeb93590, 5914;
E_0x55afaeb77280/1478 .event anyedge, v0x55afaeb93590_5911, v0x55afaeb93590_5912, v0x55afaeb93590_5913, v0x55afaeb93590_5914;
v0x55afaeb93590_5915 .array/port v0x55afaeb93590, 5915;
v0x55afaeb93590_5916 .array/port v0x55afaeb93590, 5916;
v0x55afaeb93590_5917 .array/port v0x55afaeb93590, 5917;
v0x55afaeb93590_5918 .array/port v0x55afaeb93590, 5918;
E_0x55afaeb77280/1479 .event anyedge, v0x55afaeb93590_5915, v0x55afaeb93590_5916, v0x55afaeb93590_5917, v0x55afaeb93590_5918;
v0x55afaeb93590_5919 .array/port v0x55afaeb93590, 5919;
v0x55afaeb93590_5920 .array/port v0x55afaeb93590, 5920;
v0x55afaeb93590_5921 .array/port v0x55afaeb93590, 5921;
v0x55afaeb93590_5922 .array/port v0x55afaeb93590, 5922;
E_0x55afaeb77280/1480 .event anyedge, v0x55afaeb93590_5919, v0x55afaeb93590_5920, v0x55afaeb93590_5921, v0x55afaeb93590_5922;
v0x55afaeb93590_5923 .array/port v0x55afaeb93590, 5923;
v0x55afaeb93590_5924 .array/port v0x55afaeb93590, 5924;
v0x55afaeb93590_5925 .array/port v0x55afaeb93590, 5925;
v0x55afaeb93590_5926 .array/port v0x55afaeb93590, 5926;
E_0x55afaeb77280/1481 .event anyedge, v0x55afaeb93590_5923, v0x55afaeb93590_5924, v0x55afaeb93590_5925, v0x55afaeb93590_5926;
v0x55afaeb93590_5927 .array/port v0x55afaeb93590, 5927;
v0x55afaeb93590_5928 .array/port v0x55afaeb93590, 5928;
v0x55afaeb93590_5929 .array/port v0x55afaeb93590, 5929;
v0x55afaeb93590_5930 .array/port v0x55afaeb93590, 5930;
E_0x55afaeb77280/1482 .event anyedge, v0x55afaeb93590_5927, v0x55afaeb93590_5928, v0x55afaeb93590_5929, v0x55afaeb93590_5930;
v0x55afaeb93590_5931 .array/port v0x55afaeb93590, 5931;
v0x55afaeb93590_5932 .array/port v0x55afaeb93590, 5932;
v0x55afaeb93590_5933 .array/port v0x55afaeb93590, 5933;
v0x55afaeb93590_5934 .array/port v0x55afaeb93590, 5934;
E_0x55afaeb77280/1483 .event anyedge, v0x55afaeb93590_5931, v0x55afaeb93590_5932, v0x55afaeb93590_5933, v0x55afaeb93590_5934;
v0x55afaeb93590_5935 .array/port v0x55afaeb93590, 5935;
v0x55afaeb93590_5936 .array/port v0x55afaeb93590, 5936;
v0x55afaeb93590_5937 .array/port v0x55afaeb93590, 5937;
v0x55afaeb93590_5938 .array/port v0x55afaeb93590, 5938;
E_0x55afaeb77280/1484 .event anyedge, v0x55afaeb93590_5935, v0x55afaeb93590_5936, v0x55afaeb93590_5937, v0x55afaeb93590_5938;
v0x55afaeb93590_5939 .array/port v0x55afaeb93590, 5939;
v0x55afaeb93590_5940 .array/port v0x55afaeb93590, 5940;
v0x55afaeb93590_5941 .array/port v0x55afaeb93590, 5941;
v0x55afaeb93590_5942 .array/port v0x55afaeb93590, 5942;
E_0x55afaeb77280/1485 .event anyedge, v0x55afaeb93590_5939, v0x55afaeb93590_5940, v0x55afaeb93590_5941, v0x55afaeb93590_5942;
v0x55afaeb93590_5943 .array/port v0x55afaeb93590, 5943;
v0x55afaeb93590_5944 .array/port v0x55afaeb93590, 5944;
v0x55afaeb93590_5945 .array/port v0x55afaeb93590, 5945;
v0x55afaeb93590_5946 .array/port v0x55afaeb93590, 5946;
E_0x55afaeb77280/1486 .event anyedge, v0x55afaeb93590_5943, v0x55afaeb93590_5944, v0x55afaeb93590_5945, v0x55afaeb93590_5946;
v0x55afaeb93590_5947 .array/port v0x55afaeb93590, 5947;
v0x55afaeb93590_5948 .array/port v0x55afaeb93590, 5948;
v0x55afaeb93590_5949 .array/port v0x55afaeb93590, 5949;
v0x55afaeb93590_5950 .array/port v0x55afaeb93590, 5950;
E_0x55afaeb77280/1487 .event anyedge, v0x55afaeb93590_5947, v0x55afaeb93590_5948, v0x55afaeb93590_5949, v0x55afaeb93590_5950;
v0x55afaeb93590_5951 .array/port v0x55afaeb93590, 5951;
v0x55afaeb93590_5952 .array/port v0x55afaeb93590, 5952;
v0x55afaeb93590_5953 .array/port v0x55afaeb93590, 5953;
v0x55afaeb93590_5954 .array/port v0x55afaeb93590, 5954;
E_0x55afaeb77280/1488 .event anyedge, v0x55afaeb93590_5951, v0x55afaeb93590_5952, v0x55afaeb93590_5953, v0x55afaeb93590_5954;
v0x55afaeb93590_5955 .array/port v0x55afaeb93590, 5955;
v0x55afaeb93590_5956 .array/port v0x55afaeb93590, 5956;
v0x55afaeb93590_5957 .array/port v0x55afaeb93590, 5957;
v0x55afaeb93590_5958 .array/port v0x55afaeb93590, 5958;
E_0x55afaeb77280/1489 .event anyedge, v0x55afaeb93590_5955, v0x55afaeb93590_5956, v0x55afaeb93590_5957, v0x55afaeb93590_5958;
v0x55afaeb93590_5959 .array/port v0x55afaeb93590, 5959;
v0x55afaeb93590_5960 .array/port v0x55afaeb93590, 5960;
v0x55afaeb93590_5961 .array/port v0x55afaeb93590, 5961;
v0x55afaeb93590_5962 .array/port v0x55afaeb93590, 5962;
E_0x55afaeb77280/1490 .event anyedge, v0x55afaeb93590_5959, v0x55afaeb93590_5960, v0x55afaeb93590_5961, v0x55afaeb93590_5962;
v0x55afaeb93590_5963 .array/port v0x55afaeb93590, 5963;
v0x55afaeb93590_5964 .array/port v0x55afaeb93590, 5964;
v0x55afaeb93590_5965 .array/port v0x55afaeb93590, 5965;
v0x55afaeb93590_5966 .array/port v0x55afaeb93590, 5966;
E_0x55afaeb77280/1491 .event anyedge, v0x55afaeb93590_5963, v0x55afaeb93590_5964, v0x55afaeb93590_5965, v0x55afaeb93590_5966;
v0x55afaeb93590_5967 .array/port v0x55afaeb93590, 5967;
v0x55afaeb93590_5968 .array/port v0x55afaeb93590, 5968;
v0x55afaeb93590_5969 .array/port v0x55afaeb93590, 5969;
v0x55afaeb93590_5970 .array/port v0x55afaeb93590, 5970;
E_0x55afaeb77280/1492 .event anyedge, v0x55afaeb93590_5967, v0x55afaeb93590_5968, v0x55afaeb93590_5969, v0x55afaeb93590_5970;
v0x55afaeb93590_5971 .array/port v0x55afaeb93590, 5971;
v0x55afaeb93590_5972 .array/port v0x55afaeb93590, 5972;
v0x55afaeb93590_5973 .array/port v0x55afaeb93590, 5973;
v0x55afaeb93590_5974 .array/port v0x55afaeb93590, 5974;
E_0x55afaeb77280/1493 .event anyedge, v0x55afaeb93590_5971, v0x55afaeb93590_5972, v0x55afaeb93590_5973, v0x55afaeb93590_5974;
v0x55afaeb93590_5975 .array/port v0x55afaeb93590, 5975;
v0x55afaeb93590_5976 .array/port v0x55afaeb93590, 5976;
v0x55afaeb93590_5977 .array/port v0x55afaeb93590, 5977;
v0x55afaeb93590_5978 .array/port v0x55afaeb93590, 5978;
E_0x55afaeb77280/1494 .event anyedge, v0x55afaeb93590_5975, v0x55afaeb93590_5976, v0x55afaeb93590_5977, v0x55afaeb93590_5978;
v0x55afaeb93590_5979 .array/port v0x55afaeb93590, 5979;
v0x55afaeb93590_5980 .array/port v0x55afaeb93590, 5980;
v0x55afaeb93590_5981 .array/port v0x55afaeb93590, 5981;
v0x55afaeb93590_5982 .array/port v0x55afaeb93590, 5982;
E_0x55afaeb77280/1495 .event anyedge, v0x55afaeb93590_5979, v0x55afaeb93590_5980, v0x55afaeb93590_5981, v0x55afaeb93590_5982;
v0x55afaeb93590_5983 .array/port v0x55afaeb93590, 5983;
v0x55afaeb93590_5984 .array/port v0x55afaeb93590, 5984;
v0x55afaeb93590_5985 .array/port v0x55afaeb93590, 5985;
v0x55afaeb93590_5986 .array/port v0x55afaeb93590, 5986;
E_0x55afaeb77280/1496 .event anyedge, v0x55afaeb93590_5983, v0x55afaeb93590_5984, v0x55afaeb93590_5985, v0x55afaeb93590_5986;
v0x55afaeb93590_5987 .array/port v0x55afaeb93590, 5987;
v0x55afaeb93590_5988 .array/port v0x55afaeb93590, 5988;
v0x55afaeb93590_5989 .array/port v0x55afaeb93590, 5989;
v0x55afaeb93590_5990 .array/port v0x55afaeb93590, 5990;
E_0x55afaeb77280/1497 .event anyedge, v0x55afaeb93590_5987, v0x55afaeb93590_5988, v0x55afaeb93590_5989, v0x55afaeb93590_5990;
v0x55afaeb93590_5991 .array/port v0x55afaeb93590, 5991;
v0x55afaeb93590_5992 .array/port v0x55afaeb93590, 5992;
v0x55afaeb93590_5993 .array/port v0x55afaeb93590, 5993;
v0x55afaeb93590_5994 .array/port v0x55afaeb93590, 5994;
E_0x55afaeb77280/1498 .event anyedge, v0x55afaeb93590_5991, v0x55afaeb93590_5992, v0x55afaeb93590_5993, v0x55afaeb93590_5994;
v0x55afaeb93590_5995 .array/port v0x55afaeb93590, 5995;
v0x55afaeb93590_5996 .array/port v0x55afaeb93590, 5996;
v0x55afaeb93590_5997 .array/port v0x55afaeb93590, 5997;
v0x55afaeb93590_5998 .array/port v0x55afaeb93590, 5998;
E_0x55afaeb77280/1499 .event anyedge, v0x55afaeb93590_5995, v0x55afaeb93590_5996, v0x55afaeb93590_5997, v0x55afaeb93590_5998;
v0x55afaeb93590_5999 .array/port v0x55afaeb93590, 5999;
v0x55afaeb93590_6000 .array/port v0x55afaeb93590, 6000;
v0x55afaeb93590_6001 .array/port v0x55afaeb93590, 6001;
v0x55afaeb93590_6002 .array/port v0x55afaeb93590, 6002;
E_0x55afaeb77280/1500 .event anyedge, v0x55afaeb93590_5999, v0x55afaeb93590_6000, v0x55afaeb93590_6001, v0x55afaeb93590_6002;
v0x55afaeb93590_6003 .array/port v0x55afaeb93590, 6003;
v0x55afaeb93590_6004 .array/port v0x55afaeb93590, 6004;
v0x55afaeb93590_6005 .array/port v0x55afaeb93590, 6005;
v0x55afaeb93590_6006 .array/port v0x55afaeb93590, 6006;
E_0x55afaeb77280/1501 .event anyedge, v0x55afaeb93590_6003, v0x55afaeb93590_6004, v0x55afaeb93590_6005, v0x55afaeb93590_6006;
v0x55afaeb93590_6007 .array/port v0x55afaeb93590, 6007;
v0x55afaeb93590_6008 .array/port v0x55afaeb93590, 6008;
v0x55afaeb93590_6009 .array/port v0x55afaeb93590, 6009;
v0x55afaeb93590_6010 .array/port v0x55afaeb93590, 6010;
E_0x55afaeb77280/1502 .event anyedge, v0x55afaeb93590_6007, v0x55afaeb93590_6008, v0x55afaeb93590_6009, v0x55afaeb93590_6010;
v0x55afaeb93590_6011 .array/port v0x55afaeb93590, 6011;
v0x55afaeb93590_6012 .array/port v0x55afaeb93590, 6012;
v0x55afaeb93590_6013 .array/port v0x55afaeb93590, 6013;
v0x55afaeb93590_6014 .array/port v0x55afaeb93590, 6014;
E_0x55afaeb77280/1503 .event anyedge, v0x55afaeb93590_6011, v0x55afaeb93590_6012, v0x55afaeb93590_6013, v0x55afaeb93590_6014;
v0x55afaeb93590_6015 .array/port v0x55afaeb93590, 6015;
v0x55afaeb93590_6016 .array/port v0x55afaeb93590, 6016;
v0x55afaeb93590_6017 .array/port v0x55afaeb93590, 6017;
v0x55afaeb93590_6018 .array/port v0x55afaeb93590, 6018;
E_0x55afaeb77280/1504 .event anyedge, v0x55afaeb93590_6015, v0x55afaeb93590_6016, v0x55afaeb93590_6017, v0x55afaeb93590_6018;
v0x55afaeb93590_6019 .array/port v0x55afaeb93590, 6019;
v0x55afaeb93590_6020 .array/port v0x55afaeb93590, 6020;
v0x55afaeb93590_6021 .array/port v0x55afaeb93590, 6021;
v0x55afaeb93590_6022 .array/port v0x55afaeb93590, 6022;
E_0x55afaeb77280/1505 .event anyedge, v0x55afaeb93590_6019, v0x55afaeb93590_6020, v0x55afaeb93590_6021, v0x55afaeb93590_6022;
v0x55afaeb93590_6023 .array/port v0x55afaeb93590, 6023;
v0x55afaeb93590_6024 .array/port v0x55afaeb93590, 6024;
v0x55afaeb93590_6025 .array/port v0x55afaeb93590, 6025;
v0x55afaeb93590_6026 .array/port v0x55afaeb93590, 6026;
E_0x55afaeb77280/1506 .event anyedge, v0x55afaeb93590_6023, v0x55afaeb93590_6024, v0x55afaeb93590_6025, v0x55afaeb93590_6026;
v0x55afaeb93590_6027 .array/port v0x55afaeb93590, 6027;
v0x55afaeb93590_6028 .array/port v0x55afaeb93590, 6028;
v0x55afaeb93590_6029 .array/port v0x55afaeb93590, 6029;
v0x55afaeb93590_6030 .array/port v0x55afaeb93590, 6030;
E_0x55afaeb77280/1507 .event anyedge, v0x55afaeb93590_6027, v0x55afaeb93590_6028, v0x55afaeb93590_6029, v0x55afaeb93590_6030;
v0x55afaeb93590_6031 .array/port v0x55afaeb93590, 6031;
v0x55afaeb93590_6032 .array/port v0x55afaeb93590, 6032;
v0x55afaeb93590_6033 .array/port v0x55afaeb93590, 6033;
v0x55afaeb93590_6034 .array/port v0x55afaeb93590, 6034;
E_0x55afaeb77280/1508 .event anyedge, v0x55afaeb93590_6031, v0x55afaeb93590_6032, v0x55afaeb93590_6033, v0x55afaeb93590_6034;
v0x55afaeb93590_6035 .array/port v0x55afaeb93590, 6035;
v0x55afaeb93590_6036 .array/port v0x55afaeb93590, 6036;
v0x55afaeb93590_6037 .array/port v0x55afaeb93590, 6037;
v0x55afaeb93590_6038 .array/port v0x55afaeb93590, 6038;
E_0x55afaeb77280/1509 .event anyedge, v0x55afaeb93590_6035, v0x55afaeb93590_6036, v0x55afaeb93590_6037, v0x55afaeb93590_6038;
v0x55afaeb93590_6039 .array/port v0x55afaeb93590, 6039;
v0x55afaeb93590_6040 .array/port v0x55afaeb93590, 6040;
v0x55afaeb93590_6041 .array/port v0x55afaeb93590, 6041;
v0x55afaeb93590_6042 .array/port v0x55afaeb93590, 6042;
E_0x55afaeb77280/1510 .event anyedge, v0x55afaeb93590_6039, v0x55afaeb93590_6040, v0x55afaeb93590_6041, v0x55afaeb93590_6042;
v0x55afaeb93590_6043 .array/port v0x55afaeb93590, 6043;
v0x55afaeb93590_6044 .array/port v0x55afaeb93590, 6044;
v0x55afaeb93590_6045 .array/port v0x55afaeb93590, 6045;
v0x55afaeb93590_6046 .array/port v0x55afaeb93590, 6046;
E_0x55afaeb77280/1511 .event anyedge, v0x55afaeb93590_6043, v0x55afaeb93590_6044, v0x55afaeb93590_6045, v0x55afaeb93590_6046;
v0x55afaeb93590_6047 .array/port v0x55afaeb93590, 6047;
v0x55afaeb93590_6048 .array/port v0x55afaeb93590, 6048;
v0x55afaeb93590_6049 .array/port v0x55afaeb93590, 6049;
v0x55afaeb93590_6050 .array/port v0x55afaeb93590, 6050;
E_0x55afaeb77280/1512 .event anyedge, v0x55afaeb93590_6047, v0x55afaeb93590_6048, v0x55afaeb93590_6049, v0x55afaeb93590_6050;
v0x55afaeb93590_6051 .array/port v0x55afaeb93590, 6051;
v0x55afaeb93590_6052 .array/port v0x55afaeb93590, 6052;
v0x55afaeb93590_6053 .array/port v0x55afaeb93590, 6053;
v0x55afaeb93590_6054 .array/port v0x55afaeb93590, 6054;
E_0x55afaeb77280/1513 .event anyedge, v0x55afaeb93590_6051, v0x55afaeb93590_6052, v0x55afaeb93590_6053, v0x55afaeb93590_6054;
v0x55afaeb93590_6055 .array/port v0x55afaeb93590, 6055;
v0x55afaeb93590_6056 .array/port v0x55afaeb93590, 6056;
v0x55afaeb93590_6057 .array/port v0x55afaeb93590, 6057;
v0x55afaeb93590_6058 .array/port v0x55afaeb93590, 6058;
E_0x55afaeb77280/1514 .event anyedge, v0x55afaeb93590_6055, v0x55afaeb93590_6056, v0x55afaeb93590_6057, v0x55afaeb93590_6058;
v0x55afaeb93590_6059 .array/port v0x55afaeb93590, 6059;
v0x55afaeb93590_6060 .array/port v0x55afaeb93590, 6060;
v0x55afaeb93590_6061 .array/port v0x55afaeb93590, 6061;
v0x55afaeb93590_6062 .array/port v0x55afaeb93590, 6062;
E_0x55afaeb77280/1515 .event anyedge, v0x55afaeb93590_6059, v0x55afaeb93590_6060, v0x55afaeb93590_6061, v0x55afaeb93590_6062;
v0x55afaeb93590_6063 .array/port v0x55afaeb93590, 6063;
v0x55afaeb93590_6064 .array/port v0x55afaeb93590, 6064;
v0x55afaeb93590_6065 .array/port v0x55afaeb93590, 6065;
v0x55afaeb93590_6066 .array/port v0x55afaeb93590, 6066;
E_0x55afaeb77280/1516 .event anyedge, v0x55afaeb93590_6063, v0x55afaeb93590_6064, v0x55afaeb93590_6065, v0x55afaeb93590_6066;
v0x55afaeb93590_6067 .array/port v0x55afaeb93590, 6067;
v0x55afaeb93590_6068 .array/port v0x55afaeb93590, 6068;
v0x55afaeb93590_6069 .array/port v0x55afaeb93590, 6069;
v0x55afaeb93590_6070 .array/port v0x55afaeb93590, 6070;
E_0x55afaeb77280/1517 .event anyedge, v0x55afaeb93590_6067, v0x55afaeb93590_6068, v0x55afaeb93590_6069, v0x55afaeb93590_6070;
v0x55afaeb93590_6071 .array/port v0x55afaeb93590, 6071;
v0x55afaeb93590_6072 .array/port v0x55afaeb93590, 6072;
v0x55afaeb93590_6073 .array/port v0x55afaeb93590, 6073;
v0x55afaeb93590_6074 .array/port v0x55afaeb93590, 6074;
E_0x55afaeb77280/1518 .event anyedge, v0x55afaeb93590_6071, v0x55afaeb93590_6072, v0x55afaeb93590_6073, v0x55afaeb93590_6074;
v0x55afaeb93590_6075 .array/port v0x55afaeb93590, 6075;
v0x55afaeb93590_6076 .array/port v0x55afaeb93590, 6076;
v0x55afaeb93590_6077 .array/port v0x55afaeb93590, 6077;
v0x55afaeb93590_6078 .array/port v0x55afaeb93590, 6078;
E_0x55afaeb77280/1519 .event anyedge, v0x55afaeb93590_6075, v0x55afaeb93590_6076, v0x55afaeb93590_6077, v0x55afaeb93590_6078;
v0x55afaeb93590_6079 .array/port v0x55afaeb93590, 6079;
v0x55afaeb93590_6080 .array/port v0x55afaeb93590, 6080;
v0x55afaeb93590_6081 .array/port v0x55afaeb93590, 6081;
v0x55afaeb93590_6082 .array/port v0x55afaeb93590, 6082;
E_0x55afaeb77280/1520 .event anyedge, v0x55afaeb93590_6079, v0x55afaeb93590_6080, v0x55afaeb93590_6081, v0x55afaeb93590_6082;
v0x55afaeb93590_6083 .array/port v0x55afaeb93590, 6083;
v0x55afaeb93590_6084 .array/port v0x55afaeb93590, 6084;
v0x55afaeb93590_6085 .array/port v0x55afaeb93590, 6085;
v0x55afaeb93590_6086 .array/port v0x55afaeb93590, 6086;
E_0x55afaeb77280/1521 .event anyedge, v0x55afaeb93590_6083, v0x55afaeb93590_6084, v0x55afaeb93590_6085, v0x55afaeb93590_6086;
v0x55afaeb93590_6087 .array/port v0x55afaeb93590, 6087;
v0x55afaeb93590_6088 .array/port v0x55afaeb93590, 6088;
v0x55afaeb93590_6089 .array/port v0x55afaeb93590, 6089;
v0x55afaeb93590_6090 .array/port v0x55afaeb93590, 6090;
E_0x55afaeb77280/1522 .event anyedge, v0x55afaeb93590_6087, v0x55afaeb93590_6088, v0x55afaeb93590_6089, v0x55afaeb93590_6090;
v0x55afaeb93590_6091 .array/port v0x55afaeb93590, 6091;
v0x55afaeb93590_6092 .array/port v0x55afaeb93590, 6092;
v0x55afaeb93590_6093 .array/port v0x55afaeb93590, 6093;
v0x55afaeb93590_6094 .array/port v0x55afaeb93590, 6094;
E_0x55afaeb77280/1523 .event anyedge, v0x55afaeb93590_6091, v0x55afaeb93590_6092, v0x55afaeb93590_6093, v0x55afaeb93590_6094;
v0x55afaeb93590_6095 .array/port v0x55afaeb93590, 6095;
v0x55afaeb93590_6096 .array/port v0x55afaeb93590, 6096;
v0x55afaeb93590_6097 .array/port v0x55afaeb93590, 6097;
v0x55afaeb93590_6098 .array/port v0x55afaeb93590, 6098;
E_0x55afaeb77280/1524 .event anyedge, v0x55afaeb93590_6095, v0x55afaeb93590_6096, v0x55afaeb93590_6097, v0x55afaeb93590_6098;
v0x55afaeb93590_6099 .array/port v0x55afaeb93590, 6099;
v0x55afaeb93590_6100 .array/port v0x55afaeb93590, 6100;
v0x55afaeb93590_6101 .array/port v0x55afaeb93590, 6101;
v0x55afaeb93590_6102 .array/port v0x55afaeb93590, 6102;
E_0x55afaeb77280/1525 .event anyedge, v0x55afaeb93590_6099, v0x55afaeb93590_6100, v0x55afaeb93590_6101, v0x55afaeb93590_6102;
v0x55afaeb93590_6103 .array/port v0x55afaeb93590, 6103;
v0x55afaeb93590_6104 .array/port v0x55afaeb93590, 6104;
v0x55afaeb93590_6105 .array/port v0x55afaeb93590, 6105;
v0x55afaeb93590_6106 .array/port v0x55afaeb93590, 6106;
E_0x55afaeb77280/1526 .event anyedge, v0x55afaeb93590_6103, v0x55afaeb93590_6104, v0x55afaeb93590_6105, v0x55afaeb93590_6106;
v0x55afaeb93590_6107 .array/port v0x55afaeb93590, 6107;
v0x55afaeb93590_6108 .array/port v0x55afaeb93590, 6108;
v0x55afaeb93590_6109 .array/port v0x55afaeb93590, 6109;
v0x55afaeb93590_6110 .array/port v0x55afaeb93590, 6110;
E_0x55afaeb77280/1527 .event anyedge, v0x55afaeb93590_6107, v0x55afaeb93590_6108, v0x55afaeb93590_6109, v0x55afaeb93590_6110;
v0x55afaeb93590_6111 .array/port v0x55afaeb93590, 6111;
v0x55afaeb93590_6112 .array/port v0x55afaeb93590, 6112;
v0x55afaeb93590_6113 .array/port v0x55afaeb93590, 6113;
v0x55afaeb93590_6114 .array/port v0x55afaeb93590, 6114;
E_0x55afaeb77280/1528 .event anyedge, v0x55afaeb93590_6111, v0x55afaeb93590_6112, v0x55afaeb93590_6113, v0x55afaeb93590_6114;
v0x55afaeb93590_6115 .array/port v0x55afaeb93590, 6115;
v0x55afaeb93590_6116 .array/port v0x55afaeb93590, 6116;
v0x55afaeb93590_6117 .array/port v0x55afaeb93590, 6117;
v0x55afaeb93590_6118 .array/port v0x55afaeb93590, 6118;
E_0x55afaeb77280/1529 .event anyedge, v0x55afaeb93590_6115, v0x55afaeb93590_6116, v0x55afaeb93590_6117, v0x55afaeb93590_6118;
v0x55afaeb93590_6119 .array/port v0x55afaeb93590, 6119;
v0x55afaeb93590_6120 .array/port v0x55afaeb93590, 6120;
v0x55afaeb93590_6121 .array/port v0x55afaeb93590, 6121;
v0x55afaeb93590_6122 .array/port v0x55afaeb93590, 6122;
E_0x55afaeb77280/1530 .event anyedge, v0x55afaeb93590_6119, v0x55afaeb93590_6120, v0x55afaeb93590_6121, v0x55afaeb93590_6122;
v0x55afaeb93590_6123 .array/port v0x55afaeb93590, 6123;
v0x55afaeb93590_6124 .array/port v0x55afaeb93590, 6124;
v0x55afaeb93590_6125 .array/port v0x55afaeb93590, 6125;
v0x55afaeb93590_6126 .array/port v0x55afaeb93590, 6126;
E_0x55afaeb77280/1531 .event anyedge, v0x55afaeb93590_6123, v0x55afaeb93590_6124, v0x55afaeb93590_6125, v0x55afaeb93590_6126;
v0x55afaeb93590_6127 .array/port v0x55afaeb93590, 6127;
v0x55afaeb93590_6128 .array/port v0x55afaeb93590, 6128;
v0x55afaeb93590_6129 .array/port v0x55afaeb93590, 6129;
v0x55afaeb93590_6130 .array/port v0x55afaeb93590, 6130;
E_0x55afaeb77280/1532 .event anyedge, v0x55afaeb93590_6127, v0x55afaeb93590_6128, v0x55afaeb93590_6129, v0x55afaeb93590_6130;
v0x55afaeb93590_6131 .array/port v0x55afaeb93590, 6131;
v0x55afaeb93590_6132 .array/port v0x55afaeb93590, 6132;
v0x55afaeb93590_6133 .array/port v0x55afaeb93590, 6133;
v0x55afaeb93590_6134 .array/port v0x55afaeb93590, 6134;
E_0x55afaeb77280/1533 .event anyedge, v0x55afaeb93590_6131, v0x55afaeb93590_6132, v0x55afaeb93590_6133, v0x55afaeb93590_6134;
v0x55afaeb93590_6135 .array/port v0x55afaeb93590, 6135;
v0x55afaeb93590_6136 .array/port v0x55afaeb93590, 6136;
v0x55afaeb93590_6137 .array/port v0x55afaeb93590, 6137;
v0x55afaeb93590_6138 .array/port v0x55afaeb93590, 6138;
E_0x55afaeb77280/1534 .event anyedge, v0x55afaeb93590_6135, v0x55afaeb93590_6136, v0x55afaeb93590_6137, v0x55afaeb93590_6138;
v0x55afaeb93590_6139 .array/port v0x55afaeb93590, 6139;
v0x55afaeb93590_6140 .array/port v0x55afaeb93590, 6140;
v0x55afaeb93590_6141 .array/port v0x55afaeb93590, 6141;
v0x55afaeb93590_6142 .array/port v0x55afaeb93590, 6142;
E_0x55afaeb77280/1535 .event anyedge, v0x55afaeb93590_6139, v0x55afaeb93590_6140, v0x55afaeb93590_6141, v0x55afaeb93590_6142;
v0x55afaeb93590_6143 .array/port v0x55afaeb93590, 6143;
v0x55afaeb93590_6144 .array/port v0x55afaeb93590, 6144;
v0x55afaeb93590_6145 .array/port v0x55afaeb93590, 6145;
v0x55afaeb93590_6146 .array/port v0x55afaeb93590, 6146;
E_0x55afaeb77280/1536 .event anyedge, v0x55afaeb93590_6143, v0x55afaeb93590_6144, v0x55afaeb93590_6145, v0x55afaeb93590_6146;
v0x55afaeb93590_6147 .array/port v0x55afaeb93590, 6147;
v0x55afaeb93590_6148 .array/port v0x55afaeb93590, 6148;
v0x55afaeb93590_6149 .array/port v0x55afaeb93590, 6149;
v0x55afaeb93590_6150 .array/port v0x55afaeb93590, 6150;
E_0x55afaeb77280/1537 .event anyedge, v0x55afaeb93590_6147, v0x55afaeb93590_6148, v0x55afaeb93590_6149, v0x55afaeb93590_6150;
v0x55afaeb93590_6151 .array/port v0x55afaeb93590, 6151;
v0x55afaeb93590_6152 .array/port v0x55afaeb93590, 6152;
v0x55afaeb93590_6153 .array/port v0x55afaeb93590, 6153;
v0x55afaeb93590_6154 .array/port v0x55afaeb93590, 6154;
E_0x55afaeb77280/1538 .event anyedge, v0x55afaeb93590_6151, v0x55afaeb93590_6152, v0x55afaeb93590_6153, v0x55afaeb93590_6154;
v0x55afaeb93590_6155 .array/port v0x55afaeb93590, 6155;
v0x55afaeb93590_6156 .array/port v0x55afaeb93590, 6156;
v0x55afaeb93590_6157 .array/port v0x55afaeb93590, 6157;
v0x55afaeb93590_6158 .array/port v0x55afaeb93590, 6158;
E_0x55afaeb77280/1539 .event anyedge, v0x55afaeb93590_6155, v0x55afaeb93590_6156, v0x55afaeb93590_6157, v0x55afaeb93590_6158;
v0x55afaeb93590_6159 .array/port v0x55afaeb93590, 6159;
v0x55afaeb93590_6160 .array/port v0x55afaeb93590, 6160;
v0x55afaeb93590_6161 .array/port v0x55afaeb93590, 6161;
v0x55afaeb93590_6162 .array/port v0x55afaeb93590, 6162;
E_0x55afaeb77280/1540 .event anyedge, v0x55afaeb93590_6159, v0x55afaeb93590_6160, v0x55afaeb93590_6161, v0x55afaeb93590_6162;
v0x55afaeb93590_6163 .array/port v0x55afaeb93590, 6163;
v0x55afaeb93590_6164 .array/port v0x55afaeb93590, 6164;
v0x55afaeb93590_6165 .array/port v0x55afaeb93590, 6165;
v0x55afaeb93590_6166 .array/port v0x55afaeb93590, 6166;
E_0x55afaeb77280/1541 .event anyedge, v0x55afaeb93590_6163, v0x55afaeb93590_6164, v0x55afaeb93590_6165, v0x55afaeb93590_6166;
v0x55afaeb93590_6167 .array/port v0x55afaeb93590, 6167;
v0x55afaeb93590_6168 .array/port v0x55afaeb93590, 6168;
v0x55afaeb93590_6169 .array/port v0x55afaeb93590, 6169;
v0x55afaeb93590_6170 .array/port v0x55afaeb93590, 6170;
E_0x55afaeb77280/1542 .event anyedge, v0x55afaeb93590_6167, v0x55afaeb93590_6168, v0x55afaeb93590_6169, v0x55afaeb93590_6170;
v0x55afaeb93590_6171 .array/port v0x55afaeb93590, 6171;
v0x55afaeb93590_6172 .array/port v0x55afaeb93590, 6172;
v0x55afaeb93590_6173 .array/port v0x55afaeb93590, 6173;
v0x55afaeb93590_6174 .array/port v0x55afaeb93590, 6174;
E_0x55afaeb77280/1543 .event anyedge, v0x55afaeb93590_6171, v0x55afaeb93590_6172, v0x55afaeb93590_6173, v0x55afaeb93590_6174;
v0x55afaeb93590_6175 .array/port v0x55afaeb93590, 6175;
v0x55afaeb93590_6176 .array/port v0x55afaeb93590, 6176;
v0x55afaeb93590_6177 .array/port v0x55afaeb93590, 6177;
v0x55afaeb93590_6178 .array/port v0x55afaeb93590, 6178;
E_0x55afaeb77280/1544 .event anyedge, v0x55afaeb93590_6175, v0x55afaeb93590_6176, v0x55afaeb93590_6177, v0x55afaeb93590_6178;
v0x55afaeb93590_6179 .array/port v0x55afaeb93590, 6179;
v0x55afaeb93590_6180 .array/port v0x55afaeb93590, 6180;
v0x55afaeb93590_6181 .array/port v0x55afaeb93590, 6181;
v0x55afaeb93590_6182 .array/port v0x55afaeb93590, 6182;
E_0x55afaeb77280/1545 .event anyedge, v0x55afaeb93590_6179, v0x55afaeb93590_6180, v0x55afaeb93590_6181, v0x55afaeb93590_6182;
v0x55afaeb93590_6183 .array/port v0x55afaeb93590, 6183;
v0x55afaeb93590_6184 .array/port v0x55afaeb93590, 6184;
v0x55afaeb93590_6185 .array/port v0x55afaeb93590, 6185;
v0x55afaeb93590_6186 .array/port v0x55afaeb93590, 6186;
E_0x55afaeb77280/1546 .event anyedge, v0x55afaeb93590_6183, v0x55afaeb93590_6184, v0x55afaeb93590_6185, v0x55afaeb93590_6186;
v0x55afaeb93590_6187 .array/port v0x55afaeb93590, 6187;
v0x55afaeb93590_6188 .array/port v0x55afaeb93590, 6188;
v0x55afaeb93590_6189 .array/port v0x55afaeb93590, 6189;
v0x55afaeb93590_6190 .array/port v0x55afaeb93590, 6190;
E_0x55afaeb77280/1547 .event anyedge, v0x55afaeb93590_6187, v0x55afaeb93590_6188, v0x55afaeb93590_6189, v0x55afaeb93590_6190;
v0x55afaeb93590_6191 .array/port v0x55afaeb93590, 6191;
v0x55afaeb93590_6192 .array/port v0x55afaeb93590, 6192;
v0x55afaeb93590_6193 .array/port v0x55afaeb93590, 6193;
v0x55afaeb93590_6194 .array/port v0x55afaeb93590, 6194;
E_0x55afaeb77280/1548 .event anyedge, v0x55afaeb93590_6191, v0x55afaeb93590_6192, v0x55afaeb93590_6193, v0x55afaeb93590_6194;
v0x55afaeb93590_6195 .array/port v0x55afaeb93590, 6195;
v0x55afaeb93590_6196 .array/port v0x55afaeb93590, 6196;
v0x55afaeb93590_6197 .array/port v0x55afaeb93590, 6197;
v0x55afaeb93590_6198 .array/port v0x55afaeb93590, 6198;
E_0x55afaeb77280/1549 .event anyedge, v0x55afaeb93590_6195, v0x55afaeb93590_6196, v0x55afaeb93590_6197, v0x55afaeb93590_6198;
v0x55afaeb93590_6199 .array/port v0x55afaeb93590, 6199;
v0x55afaeb93590_6200 .array/port v0x55afaeb93590, 6200;
v0x55afaeb93590_6201 .array/port v0x55afaeb93590, 6201;
v0x55afaeb93590_6202 .array/port v0x55afaeb93590, 6202;
E_0x55afaeb77280/1550 .event anyedge, v0x55afaeb93590_6199, v0x55afaeb93590_6200, v0x55afaeb93590_6201, v0x55afaeb93590_6202;
v0x55afaeb93590_6203 .array/port v0x55afaeb93590, 6203;
v0x55afaeb93590_6204 .array/port v0x55afaeb93590, 6204;
v0x55afaeb93590_6205 .array/port v0x55afaeb93590, 6205;
v0x55afaeb93590_6206 .array/port v0x55afaeb93590, 6206;
E_0x55afaeb77280/1551 .event anyedge, v0x55afaeb93590_6203, v0x55afaeb93590_6204, v0x55afaeb93590_6205, v0x55afaeb93590_6206;
v0x55afaeb93590_6207 .array/port v0x55afaeb93590, 6207;
v0x55afaeb93590_6208 .array/port v0x55afaeb93590, 6208;
v0x55afaeb93590_6209 .array/port v0x55afaeb93590, 6209;
v0x55afaeb93590_6210 .array/port v0x55afaeb93590, 6210;
E_0x55afaeb77280/1552 .event anyedge, v0x55afaeb93590_6207, v0x55afaeb93590_6208, v0x55afaeb93590_6209, v0x55afaeb93590_6210;
v0x55afaeb93590_6211 .array/port v0x55afaeb93590, 6211;
v0x55afaeb93590_6212 .array/port v0x55afaeb93590, 6212;
v0x55afaeb93590_6213 .array/port v0x55afaeb93590, 6213;
v0x55afaeb93590_6214 .array/port v0x55afaeb93590, 6214;
E_0x55afaeb77280/1553 .event anyedge, v0x55afaeb93590_6211, v0x55afaeb93590_6212, v0x55afaeb93590_6213, v0x55afaeb93590_6214;
v0x55afaeb93590_6215 .array/port v0x55afaeb93590, 6215;
v0x55afaeb93590_6216 .array/port v0x55afaeb93590, 6216;
v0x55afaeb93590_6217 .array/port v0x55afaeb93590, 6217;
v0x55afaeb93590_6218 .array/port v0x55afaeb93590, 6218;
E_0x55afaeb77280/1554 .event anyedge, v0x55afaeb93590_6215, v0x55afaeb93590_6216, v0x55afaeb93590_6217, v0x55afaeb93590_6218;
v0x55afaeb93590_6219 .array/port v0x55afaeb93590, 6219;
v0x55afaeb93590_6220 .array/port v0x55afaeb93590, 6220;
v0x55afaeb93590_6221 .array/port v0x55afaeb93590, 6221;
v0x55afaeb93590_6222 .array/port v0x55afaeb93590, 6222;
E_0x55afaeb77280/1555 .event anyedge, v0x55afaeb93590_6219, v0x55afaeb93590_6220, v0x55afaeb93590_6221, v0x55afaeb93590_6222;
v0x55afaeb93590_6223 .array/port v0x55afaeb93590, 6223;
v0x55afaeb93590_6224 .array/port v0x55afaeb93590, 6224;
v0x55afaeb93590_6225 .array/port v0x55afaeb93590, 6225;
v0x55afaeb93590_6226 .array/port v0x55afaeb93590, 6226;
E_0x55afaeb77280/1556 .event anyedge, v0x55afaeb93590_6223, v0x55afaeb93590_6224, v0x55afaeb93590_6225, v0x55afaeb93590_6226;
v0x55afaeb93590_6227 .array/port v0x55afaeb93590, 6227;
v0x55afaeb93590_6228 .array/port v0x55afaeb93590, 6228;
v0x55afaeb93590_6229 .array/port v0x55afaeb93590, 6229;
v0x55afaeb93590_6230 .array/port v0x55afaeb93590, 6230;
E_0x55afaeb77280/1557 .event anyedge, v0x55afaeb93590_6227, v0x55afaeb93590_6228, v0x55afaeb93590_6229, v0x55afaeb93590_6230;
v0x55afaeb93590_6231 .array/port v0x55afaeb93590, 6231;
v0x55afaeb93590_6232 .array/port v0x55afaeb93590, 6232;
v0x55afaeb93590_6233 .array/port v0x55afaeb93590, 6233;
v0x55afaeb93590_6234 .array/port v0x55afaeb93590, 6234;
E_0x55afaeb77280/1558 .event anyedge, v0x55afaeb93590_6231, v0x55afaeb93590_6232, v0x55afaeb93590_6233, v0x55afaeb93590_6234;
v0x55afaeb93590_6235 .array/port v0x55afaeb93590, 6235;
v0x55afaeb93590_6236 .array/port v0x55afaeb93590, 6236;
v0x55afaeb93590_6237 .array/port v0x55afaeb93590, 6237;
v0x55afaeb93590_6238 .array/port v0x55afaeb93590, 6238;
E_0x55afaeb77280/1559 .event anyedge, v0x55afaeb93590_6235, v0x55afaeb93590_6236, v0x55afaeb93590_6237, v0x55afaeb93590_6238;
v0x55afaeb93590_6239 .array/port v0x55afaeb93590, 6239;
v0x55afaeb93590_6240 .array/port v0x55afaeb93590, 6240;
v0x55afaeb93590_6241 .array/port v0x55afaeb93590, 6241;
v0x55afaeb93590_6242 .array/port v0x55afaeb93590, 6242;
E_0x55afaeb77280/1560 .event anyedge, v0x55afaeb93590_6239, v0x55afaeb93590_6240, v0x55afaeb93590_6241, v0x55afaeb93590_6242;
v0x55afaeb93590_6243 .array/port v0x55afaeb93590, 6243;
v0x55afaeb93590_6244 .array/port v0x55afaeb93590, 6244;
v0x55afaeb93590_6245 .array/port v0x55afaeb93590, 6245;
v0x55afaeb93590_6246 .array/port v0x55afaeb93590, 6246;
E_0x55afaeb77280/1561 .event anyedge, v0x55afaeb93590_6243, v0x55afaeb93590_6244, v0x55afaeb93590_6245, v0x55afaeb93590_6246;
v0x55afaeb93590_6247 .array/port v0x55afaeb93590, 6247;
v0x55afaeb93590_6248 .array/port v0x55afaeb93590, 6248;
v0x55afaeb93590_6249 .array/port v0x55afaeb93590, 6249;
v0x55afaeb93590_6250 .array/port v0x55afaeb93590, 6250;
E_0x55afaeb77280/1562 .event anyedge, v0x55afaeb93590_6247, v0x55afaeb93590_6248, v0x55afaeb93590_6249, v0x55afaeb93590_6250;
v0x55afaeb93590_6251 .array/port v0x55afaeb93590, 6251;
v0x55afaeb93590_6252 .array/port v0x55afaeb93590, 6252;
v0x55afaeb93590_6253 .array/port v0x55afaeb93590, 6253;
v0x55afaeb93590_6254 .array/port v0x55afaeb93590, 6254;
E_0x55afaeb77280/1563 .event anyedge, v0x55afaeb93590_6251, v0x55afaeb93590_6252, v0x55afaeb93590_6253, v0x55afaeb93590_6254;
v0x55afaeb93590_6255 .array/port v0x55afaeb93590, 6255;
v0x55afaeb93590_6256 .array/port v0x55afaeb93590, 6256;
v0x55afaeb93590_6257 .array/port v0x55afaeb93590, 6257;
v0x55afaeb93590_6258 .array/port v0x55afaeb93590, 6258;
E_0x55afaeb77280/1564 .event anyedge, v0x55afaeb93590_6255, v0x55afaeb93590_6256, v0x55afaeb93590_6257, v0x55afaeb93590_6258;
v0x55afaeb93590_6259 .array/port v0x55afaeb93590, 6259;
v0x55afaeb93590_6260 .array/port v0x55afaeb93590, 6260;
v0x55afaeb93590_6261 .array/port v0x55afaeb93590, 6261;
v0x55afaeb93590_6262 .array/port v0x55afaeb93590, 6262;
E_0x55afaeb77280/1565 .event anyedge, v0x55afaeb93590_6259, v0x55afaeb93590_6260, v0x55afaeb93590_6261, v0x55afaeb93590_6262;
v0x55afaeb93590_6263 .array/port v0x55afaeb93590, 6263;
v0x55afaeb93590_6264 .array/port v0x55afaeb93590, 6264;
v0x55afaeb93590_6265 .array/port v0x55afaeb93590, 6265;
v0x55afaeb93590_6266 .array/port v0x55afaeb93590, 6266;
E_0x55afaeb77280/1566 .event anyedge, v0x55afaeb93590_6263, v0x55afaeb93590_6264, v0x55afaeb93590_6265, v0x55afaeb93590_6266;
v0x55afaeb93590_6267 .array/port v0x55afaeb93590, 6267;
v0x55afaeb93590_6268 .array/port v0x55afaeb93590, 6268;
v0x55afaeb93590_6269 .array/port v0x55afaeb93590, 6269;
v0x55afaeb93590_6270 .array/port v0x55afaeb93590, 6270;
E_0x55afaeb77280/1567 .event anyedge, v0x55afaeb93590_6267, v0x55afaeb93590_6268, v0x55afaeb93590_6269, v0x55afaeb93590_6270;
v0x55afaeb93590_6271 .array/port v0x55afaeb93590, 6271;
v0x55afaeb93590_6272 .array/port v0x55afaeb93590, 6272;
v0x55afaeb93590_6273 .array/port v0x55afaeb93590, 6273;
v0x55afaeb93590_6274 .array/port v0x55afaeb93590, 6274;
E_0x55afaeb77280/1568 .event anyedge, v0x55afaeb93590_6271, v0x55afaeb93590_6272, v0x55afaeb93590_6273, v0x55afaeb93590_6274;
v0x55afaeb93590_6275 .array/port v0x55afaeb93590, 6275;
v0x55afaeb93590_6276 .array/port v0x55afaeb93590, 6276;
v0x55afaeb93590_6277 .array/port v0x55afaeb93590, 6277;
v0x55afaeb93590_6278 .array/port v0x55afaeb93590, 6278;
E_0x55afaeb77280/1569 .event anyedge, v0x55afaeb93590_6275, v0x55afaeb93590_6276, v0x55afaeb93590_6277, v0x55afaeb93590_6278;
v0x55afaeb93590_6279 .array/port v0x55afaeb93590, 6279;
v0x55afaeb93590_6280 .array/port v0x55afaeb93590, 6280;
v0x55afaeb93590_6281 .array/port v0x55afaeb93590, 6281;
v0x55afaeb93590_6282 .array/port v0x55afaeb93590, 6282;
E_0x55afaeb77280/1570 .event anyedge, v0x55afaeb93590_6279, v0x55afaeb93590_6280, v0x55afaeb93590_6281, v0x55afaeb93590_6282;
v0x55afaeb93590_6283 .array/port v0x55afaeb93590, 6283;
v0x55afaeb93590_6284 .array/port v0x55afaeb93590, 6284;
v0x55afaeb93590_6285 .array/port v0x55afaeb93590, 6285;
v0x55afaeb93590_6286 .array/port v0x55afaeb93590, 6286;
E_0x55afaeb77280/1571 .event anyedge, v0x55afaeb93590_6283, v0x55afaeb93590_6284, v0x55afaeb93590_6285, v0x55afaeb93590_6286;
v0x55afaeb93590_6287 .array/port v0x55afaeb93590, 6287;
v0x55afaeb93590_6288 .array/port v0x55afaeb93590, 6288;
v0x55afaeb93590_6289 .array/port v0x55afaeb93590, 6289;
v0x55afaeb93590_6290 .array/port v0x55afaeb93590, 6290;
E_0x55afaeb77280/1572 .event anyedge, v0x55afaeb93590_6287, v0x55afaeb93590_6288, v0x55afaeb93590_6289, v0x55afaeb93590_6290;
v0x55afaeb93590_6291 .array/port v0x55afaeb93590, 6291;
v0x55afaeb93590_6292 .array/port v0x55afaeb93590, 6292;
v0x55afaeb93590_6293 .array/port v0x55afaeb93590, 6293;
v0x55afaeb93590_6294 .array/port v0x55afaeb93590, 6294;
E_0x55afaeb77280/1573 .event anyedge, v0x55afaeb93590_6291, v0x55afaeb93590_6292, v0x55afaeb93590_6293, v0x55afaeb93590_6294;
v0x55afaeb93590_6295 .array/port v0x55afaeb93590, 6295;
v0x55afaeb93590_6296 .array/port v0x55afaeb93590, 6296;
v0x55afaeb93590_6297 .array/port v0x55afaeb93590, 6297;
v0x55afaeb93590_6298 .array/port v0x55afaeb93590, 6298;
E_0x55afaeb77280/1574 .event anyedge, v0x55afaeb93590_6295, v0x55afaeb93590_6296, v0x55afaeb93590_6297, v0x55afaeb93590_6298;
v0x55afaeb93590_6299 .array/port v0x55afaeb93590, 6299;
v0x55afaeb93590_6300 .array/port v0x55afaeb93590, 6300;
v0x55afaeb93590_6301 .array/port v0x55afaeb93590, 6301;
v0x55afaeb93590_6302 .array/port v0x55afaeb93590, 6302;
E_0x55afaeb77280/1575 .event anyedge, v0x55afaeb93590_6299, v0x55afaeb93590_6300, v0x55afaeb93590_6301, v0x55afaeb93590_6302;
v0x55afaeb93590_6303 .array/port v0x55afaeb93590, 6303;
v0x55afaeb93590_6304 .array/port v0x55afaeb93590, 6304;
v0x55afaeb93590_6305 .array/port v0x55afaeb93590, 6305;
v0x55afaeb93590_6306 .array/port v0x55afaeb93590, 6306;
E_0x55afaeb77280/1576 .event anyedge, v0x55afaeb93590_6303, v0x55afaeb93590_6304, v0x55afaeb93590_6305, v0x55afaeb93590_6306;
v0x55afaeb93590_6307 .array/port v0x55afaeb93590, 6307;
v0x55afaeb93590_6308 .array/port v0x55afaeb93590, 6308;
v0x55afaeb93590_6309 .array/port v0x55afaeb93590, 6309;
v0x55afaeb93590_6310 .array/port v0x55afaeb93590, 6310;
E_0x55afaeb77280/1577 .event anyedge, v0x55afaeb93590_6307, v0x55afaeb93590_6308, v0x55afaeb93590_6309, v0x55afaeb93590_6310;
v0x55afaeb93590_6311 .array/port v0x55afaeb93590, 6311;
v0x55afaeb93590_6312 .array/port v0x55afaeb93590, 6312;
v0x55afaeb93590_6313 .array/port v0x55afaeb93590, 6313;
v0x55afaeb93590_6314 .array/port v0x55afaeb93590, 6314;
E_0x55afaeb77280/1578 .event anyedge, v0x55afaeb93590_6311, v0x55afaeb93590_6312, v0x55afaeb93590_6313, v0x55afaeb93590_6314;
v0x55afaeb93590_6315 .array/port v0x55afaeb93590, 6315;
v0x55afaeb93590_6316 .array/port v0x55afaeb93590, 6316;
v0x55afaeb93590_6317 .array/port v0x55afaeb93590, 6317;
v0x55afaeb93590_6318 .array/port v0x55afaeb93590, 6318;
E_0x55afaeb77280/1579 .event anyedge, v0x55afaeb93590_6315, v0x55afaeb93590_6316, v0x55afaeb93590_6317, v0x55afaeb93590_6318;
v0x55afaeb93590_6319 .array/port v0x55afaeb93590, 6319;
v0x55afaeb93590_6320 .array/port v0x55afaeb93590, 6320;
v0x55afaeb93590_6321 .array/port v0x55afaeb93590, 6321;
v0x55afaeb93590_6322 .array/port v0x55afaeb93590, 6322;
E_0x55afaeb77280/1580 .event anyedge, v0x55afaeb93590_6319, v0x55afaeb93590_6320, v0x55afaeb93590_6321, v0x55afaeb93590_6322;
v0x55afaeb93590_6323 .array/port v0x55afaeb93590, 6323;
v0x55afaeb93590_6324 .array/port v0x55afaeb93590, 6324;
v0x55afaeb93590_6325 .array/port v0x55afaeb93590, 6325;
v0x55afaeb93590_6326 .array/port v0x55afaeb93590, 6326;
E_0x55afaeb77280/1581 .event anyedge, v0x55afaeb93590_6323, v0x55afaeb93590_6324, v0x55afaeb93590_6325, v0x55afaeb93590_6326;
v0x55afaeb93590_6327 .array/port v0x55afaeb93590, 6327;
v0x55afaeb93590_6328 .array/port v0x55afaeb93590, 6328;
v0x55afaeb93590_6329 .array/port v0x55afaeb93590, 6329;
v0x55afaeb93590_6330 .array/port v0x55afaeb93590, 6330;
E_0x55afaeb77280/1582 .event anyedge, v0x55afaeb93590_6327, v0x55afaeb93590_6328, v0x55afaeb93590_6329, v0x55afaeb93590_6330;
v0x55afaeb93590_6331 .array/port v0x55afaeb93590, 6331;
v0x55afaeb93590_6332 .array/port v0x55afaeb93590, 6332;
v0x55afaeb93590_6333 .array/port v0x55afaeb93590, 6333;
v0x55afaeb93590_6334 .array/port v0x55afaeb93590, 6334;
E_0x55afaeb77280/1583 .event anyedge, v0x55afaeb93590_6331, v0x55afaeb93590_6332, v0x55afaeb93590_6333, v0x55afaeb93590_6334;
v0x55afaeb93590_6335 .array/port v0x55afaeb93590, 6335;
v0x55afaeb93590_6336 .array/port v0x55afaeb93590, 6336;
v0x55afaeb93590_6337 .array/port v0x55afaeb93590, 6337;
v0x55afaeb93590_6338 .array/port v0x55afaeb93590, 6338;
E_0x55afaeb77280/1584 .event anyedge, v0x55afaeb93590_6335, v0x55afaeb93590_6336, v0x55afaeb93590_6337, v0x55afaeb93590_6338;
v0x55afaeb93590_6339 .array/port v0x55afaeb93590, 6339;
v0x55afaeb93590_6340 .array/port v0x55afaeb93590, 6340;
v0x55afaeb93590_6341 .array/port v0x55afaeb93590, 6341;
v0x55afaeb93590_6342 .array/port v0x55afaeb93590, 6342;
E_0x55afaeb77280/1585 .event anyedge, v0x55afaeb93590_6339, v0x55afaeb93590_6340, v0x55afaeb93590_6341, v0x55afaeb93590_6342;
v0x55afaeb93590_6343 .array/port v0x55afaeb93590, 6343;
v0x55afaeb93590_6344 .array/port v0x55afaeb93590, 6344;
v0x55afaeb93590_6345 .array/port v0x55afaeb93590, 6345;
v0x55afaeb93590_6346 .array/port v0x55afaeb93590, 6346;
E_0x55afaeb77280/1586 .event anyedge, v0x55afaeb93590_6343, v0x55afaeb93590_6344, v0x55afaeb93590_6345, v0x55afaeb93590_6346;
v0x55afaeb93590_6347 .array/port v0x55afaeb93590, 6347;
v0x55afaeb93590_6348 .array/port v0x55afaeb93590, 6348;
v0x55afaeb93590_6349 .array/port v0x55afaeb93590, 6349;
v0x55afaeb93590_6350 .array/port v0x55afaeb93590, 6350;
E_0x55afaeb77280/1587 .event anyedge, v0x55afaeb93590_6347, v0x55afaeb93590_6348, v0x55afaeb93590_6349, v0x55afaeb93590_6350;
v0x55afaeb93590_6351 .array/port v0x55afaeb93590, 6351;
v0x55afaeb93590_6352 .array/port v0x55afaeb93590, 6352;
v0x55afaeb93590_6353 .array/port v0x55afaeb93590, 6353;
v0x55afaeb93590_6354 .array/port v0x55afaeb93590, 6354;
E_0x55afaeb77280/1588 .event anyedge, v0x55afaeb93590_6351, v0x55afaeb93590_6352, v0x55afaeb93590_6353, v0x55afaeb93590_6354;
v0x55afaeb93590_6355 .array/port v0x55afaeb93590, 6355;
v0x55afaeb93590_6356 .array/port v0x55afaeb93590, 6356;
v0x55afaeb93590_6357 .array/port v0x55afaeb93590, 6357;
v0x55afaeb93590_6358 .array/port v0x55afaeb93590, 6358;
E_0x55afaeb77280/1589 .event anyedge, v0x55afaeb93590_6355, v0x55afaeb93590_6356, v0x55afaeb93590_6357, v0x55afaeb93590_6358;
v0x55afaeb93590_6359 .array/port v0x55afaeb93590, 6359;
v0x55afaeb93590_6360 .array/port v0x55afaeb93590, 6360;
v0x55afaeb93590_6361 .array/port v0x55afaeb93590, 6361;
v0x55afaeb93590_6362 .array/port v0x55afaeb93590, 6362;
E_0x55afaeb77280/1590 .event anyedge, v0x55afaeb93590_6359, v0x55afaeb93590_6360, v0x55afaeb93590_6361, v0x55afaeb93590_6362;
v0x55afaeb93590_6363 .array/port v0x55afaeb93590, 6363;
v0x55afaeb93590_6364 .array/port v0x55afaeb93590, 6364;
v0x55afaeb93590_6365 .array/port v0x55afaeb93590, 6365;
v0x55afaeb93590_6366 .array/port v0x55afaeb93590, 6366;
E_0x55afaeb77280/1591 .event anyedge, v0x55afaeb93590_6363, v0x55afaeb93590_6364, v0x55afaeb93590_6365, v0x55afaeb93590_6366;
v0x55afaeb93590_6367 .array/port v0x55afaeb93590, 6367;
v0x55afaeb93590_6368 .array/port v0x55afaeb93590, 6368;
v0x55afaeb93590_6369 .array/port v0x55afaeb93590, 6369;
v0x55afaeb93590_6370 .array/port v0x55afaeb93590, 6370;
E_0x55afaeb77280/1592 .event anyedge, v0x55afaeb93590_6367, v0x55afaeb93590_6368, v0x55afaeb93590_6369, v0x55afaeb93590_6370;
v0x55afaeb93590_6371 .array/port v0x55afaeb93590, 6371;
v0x55afaeb93590_6372 .array/port v0x55afaeb93590, 6372;
v0x55afaeb93590_6373 .array/port v0x55afaeb93590, 6373;
v0x55afaeb93590_6374 .array/port v0x55afaeb93590, 6374;
E_0x55afaeb77280/1593 .event anyedge, v0x55afaeb93590_6371, v0x55afaeb93590_6372, v0x55afaeb93590_6373, v0x55afaeb93590_6374;
v0x55afaeb93590_6375 .array/port v0x55afaeb93590, 6375;
v0x55afaeb93590_6376 .array/port v0x55afaeb93590, 6376;
v0x55afaeb93590_6377 .array/port v0x55afaeb93590, 6377;
v0x55afaeb93590_6378 .array/port v0x55afaeb93590, 6378;
E_0x55afaeb77280/1594 .event anyedge, v0x55afaeb93590_6375, v0x55afaeb93590_6376, v0x55afaeb93590_6377, v0x55afaeb93590_6378;
v0x55afaeb93590_6379 .array/port v0x55afaeb93590, 6379;
v0x55afaeb93590_6380 .array/port v0x55afaeb93590, 6380;
v0x55afaeb93590_6381 .array/port v0x55afaeb93590, 6381;
v0x55afaeb93590_6382 .array/port v0x55afaeb93590, 6382;
E_0x55afaeb77280/1595 .event anyedge, v0x55afaeb93590_6379, v0x55afaeb93590_6380, v0x55afaeb93590_6381, v0x55afaeb93590_6382;
v0x55afaeb93590_6383 .array/port v0x55afaeb93590, 6383;
v0x55afaeb93590_6384 .array/port v0x55afaeb93590, 6384;
v0x55afaeb93590_6385 .array/port v0x55afaeb93590, 6385;
v0x55afaeb93590_6386 .array/port v0x55afaeb93590, 6386;
E_0x55afaeb77280/1596 .event anyedge, v0x55afaeb93590_6383, v0x55afaeb93590_6384, v0x55afaeb93590_6385, v0x55afaeb93590_6386;
v0x55afaeb93590_6387 .array/port v0x55afaeb93590, 6387;
v0x55afaeb93590_6388 .array/port v0x55afaeb93590, 6388;
v0x55afaeb93590_6389 .array/port v0x55afaeb93590, 6389;
v0x55afaeb93590_6390 .array/port v0x55afaeb93590, 6390;
E_0x55afaeb77280/1597 .event anyedge, v0x55afaeb93590_6387, v0x55afaeb93590_6388, v0x55afaeb93590_6389, v0x55afaeb93590_6390;
v0x55afaeb93590_6391 .array/port v0x55afaeb93590, 6391;
v0x55afaeb93590_6392 .array/port v0x55afaeb93590, 6392;
v0x55afaeb93590_6393 .array/port v0x55afaeb93590, 6393;
v0x55afaeb93590_6394 .array/port v0x55afaeb93590, 6394;
E_0x55afaeb77280/1598 .event anyedge, v0x55afaeb93590_6391, v0x55afaeb93590_6392, v0x55afaeb93590_6393, v0x55afaeb93590_6394;
v0x55afaeb93590_6395 .array/port v0x55afaeb93590, 6395;
v0x55afaeb93590_6396 .array/port v0x55afaeb93590, 6396;
v0x55afaeb93590_6397 .array/port v0x55afaeb93590, 6397;
v0x55afaeb93590_6398 .array/port v0x55afaeb93590, 6398;
E_0x55afaeb77280/1599 .event anyedge, v0x55afaeb93590_6395, v0x55afaeb93590_6396, v0x55afaeb93590_6397, v0x55afaeb93590_6398;
v0x55afaeb93590_6399 .array/port v0x55afaeb93590, 6399;
v0x55afaeb93590_6400 .array/port v0x55afaeb93590, 6400;
v0x55afaeb93590_6401 .array/port v0x55afaeb93590, 6401;
v0x55afaeb93590_6402 .array/port v0x55afaeb93590, 6402;
E_0x55afaeb77280/1600 .event anyedge, v0x55afaeb93590_6399, v0x55afaeb93590_6400, v0x55afaeb93590_6401, v0x55afaeb93590_6402;
v0x55afaeb93590_6403 .array/port v0x55afaeb93590, 6403;
v0x55afaeb93590_6404 .array/port v0x55afaeb93590, 6404;
v0x55afaeb93590_6405 .array/port v0x55afaeb93590, 6405;
v0x55afaeb93590_6406 .array/port v0x55afaeb93590, 6406;
E_0x55afaeb77280/1601 .event anyedge, v0x55afaeb93590_6403, v0x55afaeb93590_6404, v0x55afaeb93590_6405, v0x55afaeb93590_6406;
v0x55afaeb93590_6407 .array/port v0x55afaeb93590, 6407;
v0x55afaeb93590_6408 .array/port v0x55afaeb93590, 6408;
v0x55afaeb93590_6409 .array/port v0x55afaeb93590, 6409;
v0x55afaeb93590_6410 .array/port v0x55afaeb93590, 6410;
E_0x55afaeb77280/1602 .event anyedge, v0x55afaeb93590_6407, v0x55afaeb93590_6408, v0x55afaeb93590_6409, v0x55afaeb93590_6410;
v0x55afaeb93590_6411 .array/port v0x55afaeb93590, 6411;
v0x55afaeb93590_6412 .array/port v0x55afaeb93590, 6412;
v0x55afaeb93590_6413 .array/port v0x55afaeb93590, 6413;
v0x55afaeb93590_6414 .array/port v0x55afaeb93590, 6414;
E_0x55afaeb77280/1603 .event anyedge, v0x55afaeb93590_6411, v0x55afaeb93590_6412, v0x55afaeb93590_6413, v0x55afaeb93590_6414;
v0x55afaeb93590_6415 .array/port v0x55afaeb93590, 6415;
v0x55afaeb93590_6416 .array/port v0x55afaeb93590, 6416;
v0x55afaeb93590_6417 .array/port v0x55afaeb93590, 6417;
v0x55afaeb93590_6418 .array/port v0x55afaeb93590, 6418;
E_0x55afaeb77280/1604 .event anyedge, v0x55afaeb93590_6415, v0x55afaeb93590_6416, v0x55afaeb93590_6417, v0x55afaeb93590_6418;
v0x55afaeb93590_6419 .array/port v0x55afaeb93590, 6419;
v0x55afaeb93590_6420 .array/port v0x55afaeb93590, 6420;
v0x55afaeb93590_6421 .array/port v0x55afaeb93590, 6421;
v0x55afaeb93590_6422 .array/port v0x55afaeb93590, 6422;
E_0x55afaeb77280/1605 .event anyedge, v0x55afaeb93590_6419, v0x55afaeb93590_6420, v0x55afaeb93590_6421, v0x55afaeb93590_6422;
v0x55afaeb93590_6423 .array/port v0x55afaeb93590, 6423;
v0x55afaeb93590_6424 .array/port v0x55afaeb93590, 6424;
v0x55afaeb93590_6425 .array/port v0x55afaeb93590, 6425;
v0x55afaeb93590_6426 .array/port v0x55afaeb93590, 6426;
E_0x55afaeb77280/1606 .event anyedge, v0x55afaeb93590_6423, v0x55afaeb93590_6424, v0x55afaeb93590_6425, v0x55afaeb93590_6426;
v0x55afaeb93590_6427 .array/port v0x55afaeb93590, 6427;
v0x55afaeb93590_6428 .array/port v0x55afaeb93590, 6428;
v0x55afaeb93590_6429 .array/port v0x55afaeb93590, 6429;
v0x55afaeb93590_6430 .array/port v0x55afaeb93590, 6430;
E_0x55afaeb77280/1607 .event anyedge, v0x55afaeb93590_6427, v0x55afaeb93590_6428, v0x55afaeb93590_6429, v0x55afaeb93590_6430;
v0x55afaeb93590_6431 .array/port v0x55afaeb93590, 6431;
v0x55afaeb93590_6432 .array/port v0x55afaeb93590, 6432;
v0x55afaeb93590_6433 .array/port v0x55afaeb93590, 6433;
v0x55afaeb93590_6434 .array/port v0x55afaeb93590, 6434;
E_0x55afaeb77280/1608 .event anyedge, v0x55afaeb93590_6431, v0x55afaeb93590_6432, v0x55afaeb93590_6433, v0x55afaeb93590_6434;
v0x55afaeb93590_6435 .array/port v0x55afaeb93590, 6435;
v0x55afaeb93590_6436 .array/port v0x55afaeb93590, 6436;
v0x55afaeb93590_6437 .array/port v0x55afaeb93590, 6437;
v0x55afaeb93590_6438 .array/port v0x55afaeb93590, 6438;
E_0x55afaeb77280/1609 .event anyedge, v0x55afaeb93590_6435, v0x55afaeb93590_6436, v0x55afaeb93590_6437, v0x55afaeb93590_6438;
v0x55afaeb93590_6439 .array/port v0x55afaeb93590, 6439;
v0x55afaeb93590_6440 .array/port v0x55afaeb93590, 6440;
v0x55afaeb93590_6441 .array/port v0x55afaeb93590, 6441;
v0x55afaeb93590_6442 .array/port v0x55afaeb93590, 6442;
E_0x55afaeb77280/1610 .event anyedge, v0x55afaeb93590_6439, v0x55afaeb93590_6440, v0x55afaeb93590_6441, v0x55afaeb93590_6442;
v0x55afaeb93590_6443 .array/port v0x55afaeb93590, 6443;
v0x55afaeb93590_6444 .array/port v0x55afaeb93590, 6444;
v0x55afaeb93590_6445 .array/port v0x55afaeb93590, 6445;
v0x55afaeb93590_6446 .array/port v0x55afaeb93590, 6446;
E_0x55afaeb77280/1611 .event anyedge, v0x55afaeb93590_6443, v0x55afaeb93590_6444, v0x55afaeb93590_6445, v0x55afaeb93590_6446;
v0x55afaeb93590_6447 .array/port v0x55afaeb93590, 6447;
v0x55afaeb93590_6448 .array/port v0x55afaeb93590, 6448;
v0x55afaeb93590_6449 .array/port v0x55afaeb93590, 6449;
v0x55afaeb93590_6450 .array/port v0x55afaeb93590, 6450;
E_0x55afaeb77280/1612 .event anyedge, v0x55afaeb93590_6447, v0x55afaeb93590_6448, v0x55afaeb93590_6449, v0x55afaeb93590_6450;
v0x55afaeb93590_6451 .array/port v0x55afaeb93590, 6451;
v0x55afaeb93590_6452 .array/port v0x55afaeb93590, 6452;
v0x55afaeb93590_6453 .array/port v0x55afaeb93590, 6453;
v0x55afaeb93590_6454 .array/port v0x55afaeb93590, 6454;
E_0x55afaeb77280/1613 .event anyedge, v0x55afaeb93590_6451, v0x55afaeb93590_6452, v0x55afaeb93590_6453, v0x55afaeb93590_6454;
v0x55afaeb93590_6455 .array/port v0x55afaeb93590, 6455;
v0x55afaeb93590_6456 .array/port v0x55afaeb93590, 6456;
v0x55afaeb93590_6457 .array/port v0x55afaeb93590, 6457;
v0x55afaeb93590_6458 .array/port v0x55afaeb93590, 6458;
E_0x55afaeb77280/1614 .event anyedge, v0x55afaeb93590_6455, v0x55afaeb93590_6456, v0x55afaeb93590_6457, v0x55afaeb93590_6458;
v0x55afaeb93590_6459 .array/port v0x55afaeb93590, 6459;
v0x55afaeb93590_6460 .array/port v0x55afaeb93590, 6460;
v0x55afaeb93590_6461 .array/port v0x55afaeb93590, 6461;
v0x55afaeb93590_6462 .array/port v0x55afaeb93590, 6462;
E_0x55afaeb77280/1615 .event anyedge, v0x55afaeb93590_6459, v0x55afaeb93590_6460, v0x55afaeb93590_6461, v0x55afaeb93590_6462;
v0x55afaeb93590_6463 .array/port v0x55afaeb93590, 6463;
v0x55afaeb93590_6464 .array/port v0x55afaeb93590, 6464;
v0x55afaeb93590_6465 .array/port v0x55afaeb93590, 6465;
v0x55afaeb93590_6466 .array/port v0x55afaeb93590, 6466;
E_0x55afaeb77280/1616 .event anyedge, v0x55afaeb93590_6463, v0x55afaeb93590_6464, v0x55afaeb93590_6465, v0x55afaeb93590_6466;
v0x55afaeb93590_6467 .array/port v0x55afaeb93590, 6467;
v0x55afaeb93590_6468 .array/port v0x55afaeb93590, 6468;
v0x55afaeb93590_6469 .array/port v0x55afaeb93590, 6469;
v0x55afaeb93590_6470 .array/port v0x55afaeb93590, 6470;
E_0x55afaeb77280/1617 .event anyedge, v0x55afaeb93590_6467, v0x55afaeb93590_6468, v0x55afaeb93590_6469, v0x55afaeb93590_6470;
v0x55afaeb93590_6471 .array/port v0x55afaeb93590, 6471;
v0x55afaeb93590_6472 .array/port v0x55afaeb93590, 6472;
v0x55afaeb93590_6473 .array/port v0x55afaeb93590, 6473;
v0x55afaeb93590_6474 .array/port v0x55afaeb93590, 6474;
E_0x55afaeb77280/1618 .event anyedge, v0x55afaeb93590_6471, v0x55afaeb93590_6472, v0x55afaeb93590_6473, v0x55afaeb93590_6474;
v0x55afaeb93590_6475 .array/port v0x55afaeb93590, 6475;
v0x55afaeb93590_6476 .array/port v0x55afaeb93590, 6476;
v0x55afaeb93590_6477 .array/port v0x55afaeb93590, 6477;
v0x55afaeb93590_6478 .array/port v0x55afaeb93590, 6478;
E_0x55afaeb77280/1619 .event anyedge, v0x55afaeb93590_6475, v0x55afaeb93590_6476, v0x55afaeb93590_6477, v0x55afaeb93590_6478;
v0x55afaeb93590_6479 .array/port v0x55afaeb93590, 6479;
v0x55afaeb93590_6480 .array/port v0x55afaeb93590, 6480;
v0x55afaeb93590_6481 .array/port v0x55afaeb93590, 6481;
v0x55afaeb93590_6482 .array/port v0x55afaeb93590, 6482;
E_0x55afaeb77280/1620 .event anyedge, v0x55afaeb93590_6479, v0x55afaeb93590_6480, v0x55afaeb93590_6481, v0x55afaeb93590_6482;
v0x55afaeb93590_6483 .array/port v0x55afaeb93590, 6483;
v0x55afaeb93590_6484 .array/port v0x55afaeb93590, 6484;
v0x55afaeb93590_6485 .array/port v0x55afaeb93590, 6485;
v0x55afaeb93590_6486 .array/port v0x55afaeb93590, 6486;
E_0x55afaeb77280/1621 .event anyedge, v0x55afaeb93590_6483, v0x55afaeb93590_6484, v0x55afaeb93590_6485, v0x55afaeb93590_6486;
v0x55afaeb93590_6487 .array/port v0x55afaeb93590, 6487;
v0x55afaeb93590_6488 .array/port v0x55afaeb93590, 6488;
v0x55afaeb93590_6489 .array/port v0x55afaeb93590, 6489;
v0x55afaeb93590_6490 .array/port v0x55afaeb93590, 6490;
E_0x55afaeb77280/1622 .event anyedge, v0x55afaeb93590_6487, v0x55afaeb93590_6488, v0x55afaeb93590_6489, v0x55afaeb93590_6490;
v0x55afaeb93590_6491 .array/port v0x55afaeb93590, 6491;
v0x55afaeb93590_6492 .array/port v0x55afaeb93590, 6492;
v0x55afaeb93590_6493 .array/port v0x55afaeb93590, 6493;
v0x55afaeb93590_6494 .array/port v0x55afaeb93590, 6494;
E_0x55afaeb77280/1623 .event anyedge, v0x55afaeb93590_6491, v0x55afaeb93590_6492, v0x55afaeb93590_6493, v0x55afaeb93590_6494;
v0x55afaeb93590_6495 .array/port v0x55afaeb93590, 6495;
v0x55afaeb93590_6496 .array/port v0x55afaeb93590, 6496;
v0x55afaeb93590_6497 .array/port v0x55afaeb93590, 6497;
v0x55afaeb93590_6498 .array/port v0x55afaeb93590, 6498;
E_0x55afaeb77280/1624 .event anyedge, v0x55afaeb93590_6495, v0x55afaeb93590_6496, v0x55afaeb93590_6497, v0x55afaeb93590_6498;
v0x55afaeb93590_6499 .array/port v0x55afaeb93590, 6499;
v0x55afaeb93590_6500 .array/port v0x55afaeb93590, 6500;
v0x55afaeb93590_6501 .array/port v0x55afaeb93590, 6501;
v0x55afaeb93590_6502 .array/port v0x55afaeb93590, 6502;
E_0x55afaeb77280/1625 .event anyedge, v0x55afaeb93590_6499, v0x55afaeb93590_6500, v0x55afaeb93590_6501, v0x55afaeb93590_6502;
v0x55afaeb93590_6503 .array/port v0x55afaeb93590, 6503;
v0x55afaeb93590_6504 .array/port v0x55afaeb93590, 6504;
v0x55afaeb93590_6505 .array/port v0x55afaeb93590, 6505;
v0x55afaeb93590_6506 .array/port v0x55afaeb93590, 6506;
E_0x55afaeb77280/1626 .event anyedge, v0x55afaeb93590_6503, v0x55afaeb93590_6504, v0x55afaeb93590_6505, v0x55afaeb93590_6506;
v0x55afaeb93590_6507 .array/port v0x55afaeb93590, 6507;
v0x55afaeb93590_6508 .array/port v0x55afaeb93590, 6508;
v0x55afaeb93590_6509 .array/port v0x55afaeb93590, 6509;
v0x55afaeb93590_6510 .array/port v0x55afaeb93590, 6510;
E_0x55afaeb77280/1627 .event anyedge, v0x55afaeb93590_6507, v0x55afaeb93590_6508, v0x55afaeb93590_6509, v0x55afaeb93590_6510;
v0x55afaeb93590_6511 .array/port v0x55afaeb93590, 6511;
v0x55afaeb93590_6512 .array/port v0x55afaeb93590, 6512;
v0x55afaeb93590_6513 .array/port v0x55afaeb93590, 6513;
v0x55afaeb93590_6514 .array/port v0x55afaeb93590, 6514;
E_0x55afaeb77280/1628 .event anyedge, v0x55afaeb93590_6511, v0x55afaeb93590_6512, v0x55afaeb93590_6513, v0x55afaeb93590_6514;
v0x55afaeb93590_6515 .array/port v0x55afaeb93590, 6515;
v0x55afaeb93590_6516 .array/port v0x55afaeb93590, 6516;
v0x55afaeb93590_6517 .array/port v0x55afaeb93590, 6517;
v0x55afaeb93590_6518 .array/port v0x55afaeb93590, 6518;
E_0x55afaeb77280/1629 .event anyedge, v0x55afaeb93590_6515, v0x55afaeb93590_6516, v0x55afaeb93590_6517, v0x55afaeb93590_6518;
v0x55afaeb93590_6519 .array/port v0x55afaeb93590, 6519;
v0x55afaeb93590_6520 .array/port v0x55afaeb93590, 6520;
v0x55afaeb93590_6521 .array/port v0x55afaeb93590, 6521;
v0x55afaeb93590_6522 .array/port v0x55afaeb93590, 6522;
E_0x55afaeb77280/1630 .event anyedge, v0x55afaeb93590_6519, v0x55afaeb93590_6520, v0x55afaeb93590_6521, v0x55afaeb93590_6522;
v0x55afaeb93590_6523 .array/port v0x55afaeb93590, 6523;
v0x55afaeb93590_6524 .array/port v0x55afaeb93590, 6524;
v0x55afaeb93590_6525 .array/port v0x55afaeb93590, 6525;
v0x55afaeb93590_6526 .array/port v0x55afaeb93590, 6526;
E_0x55afaeb77280/1631 .event anyedge, v0x55afaeb93590_6523, v0x55afaeb93590_6524, v0x55afaeb93590_6525, v0x55afaeb93590_6526;
v0x55afaeb93590_6527 .array/port v0x55afaeb93590, 6527;
v0x55afaeb93590_6528 .array/port v0x55afaeb93590, 6528;
v0x55afaeb93590_6529 .array/port v0x55afaeb93590, 6529;
v0x55afaeb93590_6530 .array/port v0x55afaeb93590, 6530;
E_0x55afaeb77280/1632 .event anyedge, v0x55afaeb93590_6527, v0x55afaeb93590_6528, v0x55afaeb93590_6529, v0x55afaeb93590_6530;
v0x55afaeb93590_6531 .array/port v0x55afaeb93590, 6531;
v0x55afaeb93590_6532 .array/port v0x55afaeb93590, 6532;
v0x55afaeb93590_6533 .array/port v0x55afaeb93590, 6533;
v0x55afaeb93590_6534 .array/port v0x55afaeb93590, 6534;
E_0x55afaeb77280/1633 .event anyedge, v0x55afaeb93590_6531, v0x55afaeb93590_6532, v0x55afaeb93590_6533, v0x55afaeb93590_6534;
v0x55afaeb93590_6535 .array/port v0x55afaeb93590, 6535;
v0x55afaeb93590_6536 .array/port v0x55afaeb93590, 6536;
v0x55afaeb93590_6537 .array/port v0x55afaeb93590, 6537;
v0x55afaeb93590_6538 .array/port v0x55afaeb93590, 6538;
E_0x55afaeb77280/1634 .event anyedge, v0x55afaeb93590_6535, v0x55afaeb93590_6536, v0x55afaeb93590_6537, v0x55afaeb93590_6538;
v0x55afaeb93590_6539 .array/port v0x55afaeb93590, 6539;
v0x55afaeb93590_6540 .array/port v0x55afaeb93590, 6540;
v0x55afaeb93590_6541 .array/port v0x55afaeb93590, 6541;
v0x55afaeb93590_6542 .array/port v0x55afaeb93590, 6542;
E_0x55afaeb77280/1635 .event anyedge, v0x55afaeb93590_6539, v0x55afaeb93590_6540, v0x55afaeb93590_6541, v0x55afaeb93590_6542;
v0x55afaeb93590_6543 .array/port v0x55afaeb93590, 6543;
v0x55afaeb93590_6544 .array/port v0x55afaeb93590, 6544;
v0x55afaeb93590_6545 .array/port v0x55afaeb93590, 6545;
v0x55afaeb93590_6546 .array/port v0x55afaeb93590, 6546;
E_0x55afaeb77280/1636 .event anyedge, v0x55afaeb93590_6543, v0x55afaeb93590_6544, v0x55afaeb93590_6545, v0x55afaeb93590_6546;
v0x55afaeb93590_6547 .array/port v0x55afaeb93590, 6547;
v0x55afaeb93590_6548 .array/port v0x55afaeb93590, 6548;
v0x55afaeb93590_6549 .array/port v0x55afaeb93590, 6549;
v0x55afaeb93590_6550 .array/port v0x55afaeb93590, 6550;
E_0x55afaeb77280/1637 .event anyedge, v0x55afaeb93590_6547, v0x55afaeb93590_6548, v0x55afaeb93590_6549, v0x55afaeb93590_6550;
v0x55afaeb93590_6551 .array/port v0x55afaeb93590, 6551;
v0x55afaeb93590_6552 .array/port v0x55afaeb93590, 6552;
v0x55afaeb93590_6553 .array/port v0x55afaeb93590, 6553;
v0x55afaeb93590_6554 .array/port v0x55afaeb93590, 6554;
E_0x55afaeb77280/1638 .event anyedge, v0x55afaeb93590_6551, v0x55afaeb93590_6552, v0x55afaeb93590_6553, v0x55afaeb93590_6554;
v0x55afaeb93590_6555 .array/port v0x55afaeb93590, 6555;
v0x55afaeb93590_6556 .array/port v0x55afaeb93590, 6556;
v0x55afaeb93590_6557 .array/port v0x55afaeb93590, 6557;
v0x55afaeb93590_6558 .array/port v0x55afaeb93590, 6558;
E_0x55afaeb77280/1639 .event anyedge, v0x55afaeb93590_6555, v0x55afaeb93590_6556, v0x55afaeb93590_6557, v0x55afaeb93590_6558;
v0x55afaeb93590_6559 .array/port v0x55afaeb93590, 6559;
v0x55afaeb93590_6560 .array/port v0x55afaeb93590, 6560;
v0x55afaeb93590_6561 .array/port v0x55afaeb93590, 6561;
v0x55afaeb93590_6562 .array/port v0x55afaeb93590, 6562;
E_0x55afaeb77280/1640 .event anyedge, v0x55afaeb93590_6559, v0x55afaeb93590_6560, v0x55afaeb93590_6561, v0x55afaeb93590_6562;
v0x55afaeb93590_6563 .array/port v0x55afaeb93590, 6563;
v0x55afaeb93590_6564 .array/port v0x55afaeb93590, 6564;
v0x55afaeb93590_6565 .array/port v0x55afaeb93590, 6565;
v0x55afaeb93590_6566 .array/port v0x55afaeb93590, 6566;
E_0x55afaeb77280/1641 .event anyedge, v0x55afaeb93590_6563, v0x55afaeb93590_6564, v0x55afaeb93590_6565, v0x55afaeb93590_6566;
v0x55afaeb93590_6567 .array/port v0x55afaeb93590, 6567;
v0x55afaeb93590_6568 .array/port v0x55afaeb93590, 6568;
v0x55afaeb93590_6569 .array/port v0x55afaeb93590, 6569;
v0x55afaeb93590_6570 .array/port v0x55afaeb93590, 6570;
E_0x55afaeb77280/1642 .event anyedge, v0x55afaeb93590_6567, v0x55afaeb93590_6568, v0x55afaeb93590_6569, v0x55afaeb93590_6570;
v0x55afaeb93590_6571 .array/port v0x55afaeb93590, 6571;
v0x55afaeb93590_6572 .array/port v0x55afaeb93590, 6572;
v0x55afaeb93590_6573 .array/port v0x55afaeb93590, 6573;
v0x55afaeb93590_6574 .array/port v0x55afaeb93590, 6574;
E_0x55afaeb77280/1643 .event anyedge, v0x55afaeb93590_6571, v0x55afaeb93590_6572, v0x55afaeb93590_6573, v0x55afaeb93590_6574;
v0x55afaeb93590_6575 .array/port v0x55afaeb93590, 6575;
v0x55afaeb93590_6576 .array/port v0x55afaeb93590, 6576;
v0x55afaeb93590_6577 .array/port v0x55afaeb93590, 6577;
v0x55afaeb93590_6578 .array/port v0x55afaeb93590, 6578;
E_0x55afaeb77280/1644 .event anyedge, v0x55afaeb93590_6575, v0x55afaeb93590_6576, v0x55afaeb93590_6577, v0x55afaeb93590_6578;
v0x55afaeb93590_6579 .array/port v0x55afaeb93590, 6579;
v0x55afaeb93590_6580 .array/port v0x55afaeb93590, 6580;
v0x55afaeb93590_6581 .array/port v0x55afaeb93590, 6581;
v0x55afaeb93590_6582 .array/port v0x55afaeb93590, 6582;
E_0x55afaeb77280/1645 .event anyedge, v0x55afaeb93590_6579, v0x55afaeb93590_6580, v0x55afaeb93590_6581, v0x55afaeb93590_6582;
v0x55afaeb93590_6583 .array/port v0x55afaeb93590, 6583;
v0x55afaeb93590_6584 .array/port v0x55afaeb93590, 6584;
v0x55afaeb93590_6585 .array/port v0x55afaeb93590, 6585;
v0x55afaeb93590_6586 .array/port v0x55afaeb93590, 6586;
E_0x55afaeb77280/1646 .event anyedge, v0x55afaeb93590_6583, v0x55afaeb93590_6584, v0x55afaeb93590_6585, v0x55afaeb93590_6586;
v0x55afaeb93590_6587 .array/port v0x55afaeb93590, 6587;
v0x55afaeb93590_6588 .array/port v0x55afaeb93590, 6588;
v0x55afaeb93590_6589 .array/port v0x55afaeb93590, 6589;
v0x55afaeb93590_6590 .array/port v0x55afaeb93590, 6590;
E_0x55afaeb77280/1647 .event anyedge, v0x55afaeb93590_6587, v0x55afaeb93590_6588, v0x55afaeb93590_6589, v0x55afaeb93590_6590;
v0x55afaeb93590_6591 .array/port v0x55afaeb93590, 6591;
v0x55afaeb93590_6592 .array/port v0x55afaeb93590, 6592;
v0x55afaeb93590_6593 .array/port v0x55afaeb93590, 6593;
v0x55afaeb93590_6594 .array/port v0x55afaeb93590, 6594;
E_0x55afaeb77280/1648 .event anyedge, v0x55afaeb93590_6591, v0x55afaeb93590_6592, v0x55afaeb93590_6593, v0x55afaeb93590_6594;
v0x55afaeb93590_6595 .array/port v0x55afaeb93590, 6595;
v0x55afaeb93590_6596 .array/port v0x55afaeb93590, 6596;
v0x55afaeb93590_6597 .array/port v0x55afaeb93590, 6597;
v0x55afaeb93590_6598 .array/port v0x55afaeb93590, 6598;
E_0x55afaeb77280/1649 .event anyedge, v0x55afaeb93590_6595, v0x55afaeb93590_6596, v0x55afaeb93590_6597, v0x55afaeb93590_6598;
v0x55afaeb93590_6599 .array/port v0x55afaeb93590, 6599;
v0x55afaeb93590_6600 .array/port v0x55afaeb93590, 6600;
v0x55afaeb93590_6601 .array/port v0x55afaeb93590, 6601;
v0x55afaeb93590_6602 .array/port v0x55afaeb93590, 6602;
E_0x55afaeb77280/1650 .event anyedge, v0x55afaeb93590_6599, v0x55afaeb93590_6600, v0x55afaeb93590_6601, v0x55afaeb93590_6602;
v0x55afaeb93590_6603 .array/port v0x55afaeb93590, 6603;
v0x55afaeb93590_6604 .array/port v0x55afaeb93590, 6604;
v0x55afaeb93590_6605 .array/port v0x55afaeb93590, 6605;
v0x55afaeb93590_6606 .array/port v0x55afaeb93590, 6606;
E_0x55afaeb77280/1651 .event anyedge, v0x55afaeb93590_6603, v0x55afaeb93590_6604, v0x55afaeb93590_6605, v0x55afaeb93590_6606;
v0x55afaeb93590_6607 .array/port v0x55afaeb93590, 6607;
v0x55afaeb93590_6608 .array/port v0x55afaeb93590, 6608;
v0x55afaeb93590_6609 .array/port v0x55afaeb93590, 6609;
v0x55afaeb93590_6610 .array/port v0x55afaeb93590, 6610;
E_0x55afaeb77280/1652 .event anyedge, v0x55afaeb93590_6607, v0x55afaeb93590_6608, v0x55afaeb93590_6609, v0x55afaeb93590_6610;
v0x55afaeb93590_6611 .array/port v0x55afaeb93590, 6611;
v0x55afaeb93590_6612 .array/port v0x55afaeb93590, 6612;
v0x55afaeb93590_6613 .array/port v0x55afaeb93590, 6613;
v0x55afaeb93590_6614 .array/port v0x55afaeb93590, 6614;
E_0x55afaeb77280/1653 .event anyedge, v0x55afaeb93590_6611, v0x55afaeb93590_6612, v0x55afaeb93590_6613, v0x55afaeb93590_6614;
v0x55afaeb93590_6615 .array/port v0x55afaeb93590, 6615;
v0x55afaeb93590_6616 .array/port v0x55afaeb93590, 6616;
v0x55afaeb93590_6617 .array/port v0x55afaeb93590, 6617;
v0x55afaeb93590_6618 .array/port v0x55afaeb93590, 6618;
E_0x55afaeb77280/1654 .event anyedge, v0x55afaeb93590_6615, v0x55afaeb93590_6616, v0x55afaeb93590_6617, v0x55afaeb93590_6618;
v0x55afaeb93590_6619 .array/port v0x55afaeb93590, 6619;
v0x55afaeb93590_6620 .array/port v0x55afaeb93590, 6620;
v0x55afaeb93590_6621 .array/port v0x55afaeb93590, 6621;
v0x55afaeb93590_6622 .array/port v0x55afaeb93590, 6622;
E_0x55afaeb77280/1655 .event anyedge, v0x55afaeb93590_6619, v0x55afaeb93590_6620, v0x55afaeb93590_6621, v0x55afaeb93590_6622;
v0x55afaeb93590_6623 .array/port v0x55afaeb93590, 6623;
v0x55afaeb93590_6624 .array/port v0x55afaeb93590, 6624;
v0x55afaeb93590_6625 .array/port v0x55afaeb93590, 6625;
v0x55afaeb93590_6626 .array/port v0x55afaeb93590, 6626;
E_0x55afaeb77280/1656 .event anyedge, v0x55afaeb93590_6623, v0x55afaeb93590_6624, v0x55afaeb93590_6625, v0x55afaeb93590_6626;
v0x55afaeb93590_6627 .array/port v0x55afaeb93590, 6627;
v0x55afaeb93590_6628 .array/port v0x55afaeb93590, 6628;
v0x55afaeb93590_6629 .array/port v0x55afaeb93590, 6629;
v0x55afaeb93590_6630 .array/port v0x55afaeb93590, 6630;
E_0x55afaeb77280/1657 .event anyedge, v0x55afaeb93590_6627, v0x55afaeb93590_6628, v0x55afaeb93590_6629, v0x55afaeb93590_6630;
v0x55afaeb93590_6631 .array/port v0x55afaeb93590, 6631;
v0x55afaeb93590_6632 .array/port v0x55afaeb93590, 6632;
v0x55afaeb93590_6633 .array/port v0x55afaeb93590, 6633;
v0x55afaeb93590_6634 .array/port v0x55afaeb93590, 6634;
E_0x55afaeb77280/1658 .event anyedge, v0x55afaeb93590_6631, v0x55afaeb93590_6632, v0x55afaeb93590_6633, v0x55afaeb93590_6634;
v0x55afaeb93590_6635 .array/port v0x55afaeb93590, 6635;
v0x55afaeb93590_6636 .array/port v0x55afaeb93590, 6636;
v0x55afaeb93590_6637 .array/port v0x55afaeb93590, 6637;
v0x55afaeb93590_6638 .array/port v0x55afaeb93590, 6638;
E_0x55afaeb77280/1659 .event anyedge, v0x55afaeb93590_6635, v0x55afaeb93590_6636, v0x55afaeb93590_6637, v0x55afaeb93590_6638;
v0x55afaeb93590_6639 .array/port v0x55afaeb93590, 6639;
v0x55afaeb93590_6640 .array/port v0x55afaeb93590, 6640;
v0x55afaeb93590_6641 .array/port v0x55afaeb93590, 6641;
v0x55afaeb93590_6642 .array/port v0x55afaeb93590, 6642;
E_0x55afaeb77280/1660 .event anyedge, v0x55afaeb93590_6639, v0x55afaeb93590_6640, v0x55afaeb93590_6641, v0x55afaeb93590_6642;
v0x55afaeb93590_6643 .array/port v0x55afaeb93590, 6643;
v0x55afaeb93590_6644 .array/port v0x55afaeb93590, 6644;
v0x55afaeb93590_6645 .array/port v0x55afaeb93590, 6645;
v0x55afaeb93590_6646 .array/port v0x55afaeb93590, 6646;
E_0x55afaeb77280/1661 .event anyedge, v0x55afaeb93590_6643, v0x55afaeb93590_6644, v0x55afaeb93590_6645, v0x55afaeb93590_6646;
v0x55afaeb93590_6647 .array/port v0x55afaeb93590, 6647;
v0x55afaeb93590_6648 .array/port v0x55afaeb93590, 6648;
v0x55afaeb93590_6649 .array/port v0x55afaeb93590, 6649;
v0x55afaeb93590_6650 .array/port v0x55afaeb93590, 6650;
E_0x55afaeb77280/1662 .event anyedge, v0x55afaeb93590_6647, v0x55afaeb93590_6648, v0x55afaeb93590_6649, v0x55afaeb93590_6650;
v0x55afaeb93590_6651 .array/port v0x55afaeb93590, 6651;
v0x55afaeb93590_6652 .array/port v0x55afaeb93590, 6652;
v0x55afaeb93590_6653 .array/port v0x55afaeb93590, 6653;
v0x55afaeb93590_6654 .array/port v0x55afaeb93590, 6654;
E_0x55afaeb77280/1663 .event anyedge, v0x55afaeb93590_6651, v0x55afaeb93590_6652, v0x55afaeb93590_6653, v0x55afaeb93590_6654;
v0x55afaeb93590_6655 .array/port v0x55afaeb93590, 6655;
v0x55afaeb93590_6656 .array/port v0x55afaeb93590, 6656;
v0x55afaeb93590_6657 .array/port v0x55afaeb93590, 6657;
v0x55afaeb93590_6658 .array/port v0x55afaeb93590, 6658;
E_0x55afaeb77280/1664 .event anyedge, v0x55afaeb93590_6655, v0x55afaeb93590_6656, v0x55afaeb93590_6657, v0x55afaeb93590_6658;
v0x55afaeb93590_6659 .array/port v0x55afaeb93590, 6659;
v0x55afaeb93590_6660 .array/port v0x55afaeb93590, 6660;
v0x55afaeb93590_6661 .array/port v0x55afaeb93590, 6661;
v0x55afaeb93590_6662 .array/port v0x55afaeb93590, 6662;
E_0x55afaeb77280/1665 .event anyedge, v0x55afaeb93590_6659, v0x55afaeb93590_6660, v0x55afaeb93590_6661, v0x55afaeb93590_6662;
v0x55afaeb93590_6663 .array/port v0x55afaeb93590, 6663;
v0x55afaeb93590_6664 .array/port v0x55afaeb93590, 6664;
v0x55afaeb93590_6665 .array/port v0x55afaeb93590, 6665;
v0x55afaeb93590_6666 .array/port v0x55afaeb93590, 6666;
E_0x55afaeb77280/1666 .event anyedge, v0x55afaeb93590_6663, v0x55afaeb93590_6664, v0x55afaeb93590_6665, v0x55afaeb93590_6666;
v0x55afaeb93590_6667 .array/port v0x55afaeb93590, 6667;
v0x55afaeb93590_6668 .array/port v0x55afaeb93590, 6668;
v0x55afaeb93590_6669 .array/port v0x55afaeb93590, 6669;
v0x55afaeb93590_6670 .array/port v0x55afaeb93590, 6670;
E_0x55afaeb77280/1667 .event anyedge, v0x55afaeb93590_6667, v0x55afaeb93590_6668, v0x55afaeb93590_6669, v0x55afaeb93590_6670;
v0x55afaeb93590_6671 .array/port v0x55afaeb93590, 6671;
v0x55afaeb93590_6672 .array/port v0x55afaeb93590, 6672;
v0x55afaeb93590_6673 .array/port v0x55afaeb93590, 6673;
v0x55afaeb93590_6674 .array/port v0x55afaeb93590, 6674;
E_0x55afaeb77280/1668 .event anyedge, v0x55afaeb93590_6671, v0x55afaeb93590_6672, v0x55afaeb93590_6673, v0x55afaeb93590_6674;
v0x55afaeb93590_6675 .array/port v0x55afaeb93590, 6675;
v0x55afaeb93590_6676 .array/port v0x55afaeb93590, 6676;
v0x55afaeb93590_6677 .array/port v0x55afaeb93590, 6677;
v0x55afaeb93590_6678 .array/port v0x55afaeb93590, 6678;
E_0x55afaeb77280/1669 .event anyedge, v0x55afaeb93590_6675, v0x55afaeb93590_6676, v0x55afaeb93590_6677, v0x55afaeb93590_6678;
v0x55afaeb93590_6679 .array/port v0x55afaeb93590, 6679;
v0x55afaeb93590_6680 .array/port v0x55afaeb93590, 6680;
v0x55afaeb93590_6681 .array/port v0x55afaeb93590, 6681;
v0x55afaeb93590_6682 .array/port v0x55afaeb93590, 6682;
E_0x55afaeb77280/1670 .event anyedge, v0x55afaeb93590_6679, v0x55afaeb93590_6680, v0x55afaeb93590_6681, v0x55afaeb93590_6682;
v0x55afaeb93590_6683 .array/port v0x55afaeb93590, 6683;
v0x55afaeb93590_6684 .array/port v0x55afaeb93590, 6684;
v0x55afaeb93590_6685 .array/port v0x55afaeb93590, 6685;
v0x55afaeb93590_6686 .array/port v0x55afaeb93590, 6686;
E_0x55afaeb77280/1671 .event anyedge, v0x55afaeb93590_6683, v0x55afaeb93590_6684, v0x55afaeb93590_6685, v0x55afaeb93590_6686;
v0x55afaeb93590_6687 .array/port v0x55afaeb93590, 6687;
v0x55afaeb93590_6688 .array/port v0x55afaeb93590, 6688;
v0x55afaeb93590_6689 .array/port v0x55afaeb93590, 6689;
v0x55afaeb93590_6690 .array/port v0x55afaeb93590, 6690;
E_0x55afaeb77280/1672 .event anyedge, v0x55afaeb93590_6687, v0x55afaeb93590_6688, v0x55afaeb93590_6689, v0x55afaeb93590_6690;
v0x55afaeb93590_6691 .array/port v0x55afaeb93590, 6691;
v0x55afaeb93590_6692 .array/port v0x55afaeb93590, 6692;
v0x55afaeb93590_6693 .array/port v0x55afaeb93590, 6693;
v0x55afaeb93590_6694 .array/port v0x55afaeb93590, 6694;
E_0x55afaeb77280/1673 .event anyedge, v0x55afaeb93590_6691, v0x55afaeb93590_6692, v0x55afaeb93590_6693, v0x55afaeb93590_6694;
v0x55afaeb93590_6695 .array/port v0x55afaeb93590, 6695;
v0x55afaeb93590_6696 .array/port v0x55afaeb93590, 6696;
v0x55afaeb93590_6697 .array/port v0x55afaeb93590, 6697;
v0x55afaeb93590_6698 .array/port v0x55afaeb93590, 6698;
E_0x55afaeb77280/1674 .event anyedge, v0x55afaeb93590_6695, v0x55afaeb93590_6696, v0x55afaeb93590_6697, v0x55afaeb93590_6698;
v0x55afaeb93590_6699 .array/port v0x55afaeb93590, 6699;
v0x55afaeb93590_6700 .array/port v0x55afaeb93590, 6700;
v0x55afaeb93590_6701 .array/port v0x55afaeb93590, 6701;
v0x55afaeb93590_6702 .array/port v0x55afaeb93590, 6702;
E_0x55afaeb77280/1675 .event anyedge, v0x55afaeb93590_6699, v0x55afaeb93590_6700, v0x55afaeb93590_6701, v0x55afaeb93590_6702;
v0x55afaeb93590_6703 .array/port v0x55afaeb93590, 6703;
v0x55afaeb93590_6704 .array/port v0x55afaeb93590, 6704;
v0x55afaeb93590_6705 .array/port v0x55afaeb93590, 6705;
v0x55afaeb93590_6706 .array/port v0x55afaeb93590, 6706;
E_0x55afaeb77280/1676 .event anyedge, v0x55afaeb93590_6703, v0x55afaeb93590_6704, v0x55afaeb93590_6705, v0x55afaeb93590_6706;
v0x55afaeb93590_6707 .array/port v0x55afaeb93590, 6707;
v0x55afaeb93590_6708 .array/port v0x55afaeb93590, 6708;
v0x55afaeb93590_6709 .array/port v0x55afaeb93590, 6709;
v0x55afaeb93590_6710 .array/port v0x55afaeb93590, 6710;
E_0x55afaeb77280/1677 .event anyedge, v0x55afaeb93590_6707, v0x55afaeb93590_6708, v0x55afaeb93590_6709, v0x55afaeb93590_6710;
v0x55afaeb93590_6711 .array/port v0x55afaeb93590, 6711;
v0x55afaeb93590_6712 .array/port v0x55afaeb93590, 6712;
v0x55afaeb93590_6713 .array/port v0x55afaeb93590, 6713;
v0x55afaeb93590_6714 .array/port v0x55afaeb93590, 6714;
E_0x55afaeb77280/1678 .event anyedge, v0x55afaeb93590_6711, v0x55afaeb93590_6712, v0x55afaeb93590_6713, v0x55afaeb93590_6714;
v0x55afaeb93590_6715 .array/port v0x55afaeb93590, 6715;
v0x55afaeb93590_6716 .array/port v0x55afaeb93590, 6716;
v0x55afaeb93590_6717 .array/port v0x55afaeb93590, 6717;
v0x55afaeb93590_6718 .array/port v0x55afaeb93590, 6718;
E_0x55afaeb77280/1679 .event anyedge, v0x55afaeb93590_6715, v0x55afaeb93590_6716, v0x55afaeb93590_6717, v0x55afaeb93590_6718;
v0x55afaeb93590_6719 .array/port v0x55afaeb93590, 6719;
v0x55afaeb93590_6720 .array/port v0x55afaeb93590, 6720;
v0x55afaeb93590_6721 .array/port v0x55afaeb93590, 6721;
v0x55afaeb93590_6722 .array/port v0x55afaeb93590, 6722;
E_0x55afaeb77280/1680 .event anyedge, v0x55afaeb93590_6719, v0x55afaeb93590_6720, v0x55afaeb93590_6721, v0x55afaeb93590_6722;
v0x55afaeb93590_6723 .array/port v0x55afaeb93590, 6723;
v0x55afaeb93590_6724 .array/port v0x55afaeb93590, 6724;
v0x55afaeb93590_6725 .array/port v0x55afaeb93590, 6725;
v0x55afaeb93590_6726 .array/port v0x55afaeb93590, 6726;
E_0x55afaeb77280/1681 .event anyedge, v0x55afaeb93590_6723, v0x55afaeb93590_6724, v0x55afaeb93590_6725, v0x55afaeb93590_6726;
v0x55afaeb93590_6727 .array/port v0x55afaeb93590, 6727;
v0x55afaeb93590_6728 .array/port v0x55afaeb93590, 6728;
v0x55afaeb93590_6729 .array/port v0x55afaeb93590, 6729;
v0x55afaeb93590_6730 .array/port v0x55afaeb93590, 6730;
E_0x55afaeb77280/1682 .event anyedge, v0x55afaeb93590_6727, v0x55afaeb93590_6728, v0x55afaeb93590_6729, v0x55afaeb93590_6730;
v0x55afaeb93590_6731 .array/port v0x55afaeb93590, 6731;
v0x55afaeb93590_6732 .array/port v0x55afaeb93590, 6732;
v0x55afaeb93590_6733 .array/port v0x55afaeb93590, 6733;
v0x55afaeb93590_6734 .array/port v0x55afaeb93590, 6734;
E_0x55afaeb77280/1683 .event anyedge, v0x55afaeb93590_6731, v0x55afaeb93590_6732, v0x55afaeb93590_6733, v0x55afaeb93590_6734;
v0x55afaeb93590_6735 .array/port v0x55afaeb93590, 6735;
v0x55afaeb93590_6736 .array/port v0x55afaeb93590, 6736;
v0x55afaeb93590_6737 .array/port v0x55afaeb93590, 6737;
v0x55afaeb93590_6738 .array/port v0x55afaeb93590, 6738;
E_0x55afaeb77280/1684 .event anyedge, v0x55afaeb93590_6735, v0x55afaeb93590_6736, v0x55afaeb93590_6737, v0x55afaeb93590_6738;
v0x55afaeb93590_6739 .array/port v0x55afaeb93590, 6739;
v0x55afaeb93590_6740 .array/port v0x55afaeb93590, 6740;
v0x55afaeb93590_6741 .array/port v0x55afaeb93590, 6741;
v0x55afaeb93590_6742 .array/port v0x55afaeb93590, 6742;
E_0x55afaeb77280/1685 .event anyedge, v0x55afaeb93590_6739, v0x55afaeb93590_6740, v0x55afaeb93590_6741, v0x55afaeb93590_6742;
v0x55afaeb93590_6743 .array/port v0x55afaeb93590, 6743;
v0x55afaeb93590_6744 .array/port v0x55afaeb93590, 6744;
v0x55afaeb93590_6745 .array/port v0x55afaeb93590, 6745;
v0x55afaeb93590_6746 .array/port v0x55afaeb93590, 6746;
E_0x55afaeb77280/1686 .event anyedge, v0x55afaeb93590_6743, v0x55afaeb93590_6744, v0x55afaeb93590_6745, v0x55afaeb93590_6746;
v0x55afaeb93590_6747 .array/port v0x55afaeb93590, 6747;
v0x55afaeb93590_6748 .array/port v0x55afaeb93590, 6748;
v0x55afaeb93590_6749 .array/port v0x55afaeb93590, 6749;
v0x55afaeb93590_6750 .array/port v0x55afaeb93590, 6750;
E_0x55afaeb77280/1687 .event anyedge, v0x55afaeb93590_6747, v0x55afaeb93590_6748, v0x55afaeb93590_6749, v0x55afaeb93590_6750;
v0x55afaeb93590_6751 .array/port v0x55afaeb93590, 6751;
v0x55afaeb93590_6752 .array/port v0x55afaeb93590, 6752;
v0x55afaeb93590_6753 .array/port v0x55afaeb93590, 6753;
v0x55afaeb93590_6754 .array/port v0x55afaeb93590, 6754;
E_0x55afaeb77280/1688 .event anyedge, v0x55afaeb93590_6751, v0x55afaeb93590_6752, v0x55afaeb93590_6753, v0x55afaeb93590_6754;
v0x55afaeb93590_6755 .array/port v0x55afaeb93590, 6755;
v0x55afaeb93590_6756 .array/port v0x55afaeb93590, 6756;
v0x55afaeb93590_6757 .array/port v0x55afaeb93590, 6757;
v0x55afaeb93590_6758 .array/port v0x55afaeb93590, 6758;
E_0x55afaeb77280/1689 .event anyedge, v0x55afaeb93590_6755, v0x55afaeb93590_6756, v0x55afaeb93590_6757, v0x55afaeb93590_6758;
v0x55afaeb93590_6759 .array/port v0x55afaeb93590, 6759;
v0x55afaeb93590_6760 .array/port v0x55afaeb93590, 6760;
v0x55afaeb93590_6761 .array/port v0x55afaeb93590, 6761;
v0x55afaeb93590_6762 .array/port v0x55afaeb93590, 6762;
E_0x55afaeb77280/1690 .event anyedge, v0x55afaeb93590_6759, v0x55afaeb93590_6760, v0x55afaeb93590_6761, v0x55afaeb93590_6762;
v0x55afaeb93590_6763 .array/port v0x55afaeb93590, 6763;
v0x55afaeb93590_6764 .array/port v0x55afaeb93590, 6764;
v0x55afaeb93590_6765 .array/port v0x55afaeb93590, 6765;
v0x55afaeb93590_6766 .array/port v0x55afaeb93590, 6766;
E_0x55afaeb77280/1691 .event anyedge, v0x55afaeb93590_6763, v0x55afaeb93590_6764, v0x55afaeb93590_6765, v0x55afaeb93590_6766;
v0x55afaeb93590_6767 .array/port v0x55afaeb93590, 6767;
v0x55afaeb93590_6768 .array/port v0x55afaeb93590, 6768;
v0x55afaeb93590_6769 .array/port v0x55afaeb93590, 6769;
v0x55afaeb93590_6770 .array/port v0x55afaeb93590, 6770;
E_0x55afaeb77280/1692 .event anyedge, v0x55afaeb93590_6767, v0x55afaeb93590_6768, v0x55afaeb93590_6769, v0x55afaeb93590_6770;
v0x55afaeb93590_6771 .array/port v0x55afaeb93590, 6771;
v0x55afaeb93590_6772 .array/port v0x55afaeb93590, 6772;
v0x55afaeb93590_6773 .array/port v0x55afaeb93590, 6773;
v0x55afaeb93590_6774 .array/port v0x55afaeb93590, 6774;
E_0x55afaeb77280/1693 .event anyedge, v0x55afaeb93590_6771, v0x55afaeb93590_6772, v0x55afaeb93590_6773, v0x55afaeb93590_6774;
v0x55afaeb93590_6775 .array/port v0x55afaeb93590, 6775;
v0x55afaeb93590_6776 .array/port v0x55afaeb93590, 6776;
v0x55afaeb93590_6777 .array/port v0x55afaeb93590, 6777;
v0x55afaeb93590_6778 .array/port v0x55afaeb93590, 6778;
E_0x55afaeb77280/1694 .event anyedge, v0x55afaeb93590_6775, v0x55afaeb93590_6776, v0x55afaeb93590_6777, v0x55afaeb93590_6778;
v0x55afaeb93590_6779 .array/port v0x55afaeb93590, 6779;
v0x55afaeb93590_6780 .array/port v0x55afaeb93590, 6780;
v0x55afaeb93590_6781 .array/port v0x55afaeb93590, 6781;
v0x55afaeb93590_6782 .array/port v0x55afaeb93590, 6782;
E_0x55afaeb77280/1695 .event anyedge, v0x55afaeb93590_6779, v0x55afaeb93590_6780, v0x55afaeb93590_6781, v0x55afaeb93590_6782;
v0x55afaeb93590_6783 .array/port v0x55afaeb93590, 6783;
v0x55afaeb93590_6784 .array/port v0x55afaeb93590, 6784;
v0x55afaeb93590_6785 .array/port v0x55afaeb93590, 6785;
v0x55afaeb93590_6786 .array/port v0x55afaeb93590, 6786;
E_0x55afaeb77280/1696 .event anyedge, v0x55afaeb93590_6783, v0x55afaeb93590_6784, v0x55afaeb93590_6785, v0x55afaeb93590_6786;
v0x55afaeb93590_6787 .array/port v0x55afaeb93590, 6787;
v0x55afaeb93590_6788 .array/port v0x55afaeb93590, 6788;
v0x55afaeb93590_6789 .array/port v0x55afaeb93590, 6789;
v0x55afaeb93590_6790 .array/port v0x55afaeb93590, 6790;
E_0x55afaeb77280/1697 .event anyedge, v0x55afaeb93590_6787, v0x55afaeb93590_6788, v0x55afaeb93590_6789, v0x55afaeb93590_6790;
v0x55afaeb93590_6791 .array/port v0x55afaeb93590, 6791;
v0x55afaeb93590_6792 .array/port v0x55afaeb93590, 6792;
v0x55afaeb93590_6793 .array/port v0x55afaeb93590, 6793;
v0x55afaeb93590_6794 .array/port v0x55afaeb93590, 6794;
E_0x55afaeb77280/1698 .event anyedge, v0x55afaeb93590_6791, v0x55afaeb93590_6792, v0x55afaeb93590_6793, v0x55afaeb93590_6794;
v0x55afaeb93590_6795 .array/port v0x55afaeb93590, 6795;
v0x55afaeb93590_6796 .array/port v0x55afaeb93590, 6796;
v0x55afaeb93590_6797 .array/port v0x55afaeb93590, 6797;
v0x55afaeb93590_6798 .array/port v0x55afaeb93590, 6798;
E_0x55afaeb77280/1699 .event anyedge, v0x55afaeb93590_6795, v0x55afaeb93590_6796, v0x55afaeb93590_6797, v0x55afaeb93590_6798;
v0x55afaeb93590_6799 .array/port v0x55afaeb93590, 6799;
v0x55afaeb93590_6800 .array/port v0x55afaeb93590, 6800;
v0x55afaeb93590_6801 .array/port v0x55afaeb93590, 6801;
v0x55afaeb93590_6802 .array/port v0x55afaeb93590, 6802;
E_0x55afaeb77280/1700 .event anyedge, v0x55afaeb93590_6799, v0x55afaeb93590_6800, v0x55afaeb93590_6801, v0x55afaeb93590_6802;
v0x55afaeb93590_6803 .array/port v0x55afaeb93590, 6803;
v0x55afaeb93590_6804 .array/port v0x55afaeb93590, 6804;
v0x55afaeb93590_6805 .array/port v0x55afaeb93590, 6805;
v0x55afaeb93590_6806 .array/port v0x55afaeb93590, 6806;
E_0x55afaeb77280/1701 .event anyedge, v0x55afaeb93590_6803, v0x55afaeb93590_6804, v0x55afaeb93590_6805, v0x55afaeb93590_6806;
v0x55afaeb93590_6807 .array/port v0x55afaeb93590, 6807;
v0x55afaeb93590_6808 .array/port v0x55afaeb93590, 6808;
v0x55afaeb93590_6809 .array/port v0x55afaeb93590, 6809;
v0x55afaeb93590_6810 .array/port v0x55afaeb93590, 6810;
E_0x55afaeb77280/1702 .event anyedge, v0x55afaeb93590_6807, v0x55afaeb93590_6808, v0x55afaeb93590_6809, v0x55afaeb93590_6810;
v0x55afaeb93590_6811 .array/port v0x55afaeb93590, 6811;
v0x55afaeb93590_6812 .array/port v0x55afaeb93590, 6812;
v0x55afaeb93590_6813 .array/port v0x55afaeb93590, 6813;
v0x55afaeb93590_6814 .array/port v0x55afaeb93590, 6814;
E_0x55afaeb77280/1703 .event anyedge, v0x55afaeb93590_6811, v0x55afaeb93590_6812, v0x55afaeb93590_6813, v0x55afaeb93590_6814;
v0x55afaeb93590_6815 .array/port v0x55afaeb93590, 6815;
v0x55afaeb93590_6816 .array/port v0x55afaeb93590, 6816;
v0x55afaeb93590_6817 .array/port v0x55afaeb93590, 6817;
v0x55afaeb93590_6818 .array/port v0x55afaeb93590, 6818;
E_0x55afaeb77280/1704 .event anyedge, v0x55afaeb93590_6815, v0x55afaeb93590_6816, v0x55afaeb93590_6817, v0x55afaeb93590_6818;
v0x55afaeb93590_6819 .array/port v0x55afaeb93590, 6819;
v0x55afaeb93590_6820 .array/port v0x55afaeb93590, 6820;
v0x55afaeb93590_6821 .array/port v0x55afaeb93590, 6821;
v0x55afaeb93590_6822 .array/port v0x55afaeb93590, 6822;
E_0x55afaeb77280/1705 .event anyedge, v0x55afaeb93590_6819, v0x55afaeb93590_6820, v0x55afaeb93590_6821, v0x55afaeb93590_6822;
v0x55afaeb93590_6823 .array/port v0x55afaeb93590, 6823;
v0x55afaeb93590_6824 .array/port v0x55afaeb93590, 6824;
v0x55afaeb93590_6825 .array/port v0x55afaeb93590, 6825;
v0x55afaeb93590_6826 .array/port v0x55afaeb93590, 6826;
E_0x55afaeb77280/1706 .event anyedge, v0x55afaeb93590_6823, v0x55afaeb93590_6824, v0x55afaeb93590_6825, v0x55afaeb93590_6826;
v0x55afaeb93590_6827 .array/port v0x55afaeb93590, 6827;
v0x55afaeb93590_6828 .array/port v0x55afaeb93590, 6828;
v0x55afaeb93590_6829 .array/port v0x55afaeb93590, 6829;
v0x55afaeb93590_6830 .array/port v0x55afaeb93590, 6830;
E_0x55afaeb77280/1707 .event anyedge, v0x55afaeb93590_6827, v0x55afaeb93590_6828, v0x55afaeb93590_6829, v0x55afaeb93590_6830;
v0x55afaeb93590_6831 .array/port v0x55afaeb93590, 6831;
v0x55afaeb93590_6832 .array/port v0x55afaeb93590, 6832;
v0x55afaeb93590_6833 .array/port v0x55afaeb93590, 6833;
v0x55afaeb93590_6834 .array/port v0x55afaeb93590, 6834;
E_0x55afaeb77280/1708 .event anyedge, v0x55afaeb93590_6831, v0x55afaeb93590_6832, v0x55afaeb93590_6833, v0x55afaeb93590_6834;
v0x55afaeb93590_6835 .array/port v0x55afaeb93590, 6835;
v0x55afaeb93590_6836 .array/port v0x55afaeb93590, 6836;
v0x55afaeb93590_6837 .array/port v0x55afaeb93590, 6837;
v0x55afaeb93590_6838 .array/port v0x55afaeb93590, 6838;
E_0x55afaeb77280/1709 .event anyedge, v0x55afaeb93590_6835, v0x55afaeb93590_6836, v0x55afaeb93590_6837, v0x55afaeb93590_6838;
v0x55afaeb93590_6839 .array/port v0x55afaeb93590, 6839;
v0x55afaeb93590_6840 .array/port v0x55afaeb93590, 6840;
v0x55afaeb93590_6841 .array/port v0x55afaeb93590, 6841;
v0x55afaeb93590_6842 .array/port v0x55afaeb93590, 6842;
E_0x55afaeb77280/1710 .event anyedge, v0x55afaeb93590_6839, v0x55afaeb93590_6840, v0x55afaeb93590_6841, v0x55afaeb93590_6842;
v0x55afaeb93590_6843 .array/port v0x55afaeb93590, 6843;
v0x55afaeb93590_6844 .array/port v0x55afaeb93590, 6844;
v0x55afaeb93590_6845 .array/port v0x55afaeb93590, 6845;
v0x55afaeb93590_6846 .array/port v0x55afaeb93590, 6846;
E_0x55afaeb77280/1711 .event anyedge, v0x55afaeb93590_6843, v0x55afaeb93590_6844, v0x55afaeb93590_6845, v0x55afaeb93590_6846;
v0x55afaeb93590_6847 .array/port v0x55afaeb93590, 6847;
v0x55afaeb93590_6848 .array/port v0x55afaeb93590, 6848;
v0x55afaeb93590_6849 .array/port v0x55afaeb93590, 6849;
v0x55afaeb93590_6850 .array/port v0x55afaeb93590, 6850;
E_0x55afaeb77280/1712 .event anyedge, v0x55afaeb93590_6847, v0x55afaeb93590_6848, v0x55afaeb93590_6849, v0x55afaeb93590_6850;
v0x55afaeb93590_6851 .array/port v0x55afaeb93590, 6851;
v0x55afaeb93590_6852 .array/port v0x55afaeb93590, 6852;
v0x55afaeb93590_6853 .array/port v0x55afaeb93590, 6853;
v0x55afaeb93590_6854 .array/port v0x55afaeb93590, 6854;
E_0x55afaeb77280/1713 .event anyedge, v0x55afaeb93590_6851, v0x55afaeb93590_6852, v0x55afaeb93590_6853, v0x55afaeb93590_6854;
v0x55afaeb93590_6855 .array/port v0x55afaeb93590, 6855;
v0x55afaeb93590_6856 .array/port v0x55afaeb93590, 6856;
v0x55afaeb93590_6857 .array/port v0x55afaeb93590, 6857;
v0x55afaeb93590_6858 .array/port v0x55afaeb93590, 6858;
E_0x55afaeb77280/1714 .event anyedge, v0x55afaeb93590_6855, v0x55afaeb93590_6856, v0x55afaeb93590_6857, v0x55afaeb93590_6858;
v0x55afaeb93590_6859 .array/port v0x55afaeb93590, 6859;
v0x55afaeb93590_6860 .array/port v0x55afaeb93590, 6860;
v0x55afaeb93590_6861 .array/port v0x55afaeb93590, 6861;
v0x55afaeb93590_6862 .array/port v0x55afaeb93590, 6862;
E_0x55afaeb77280/1715 .event anyedge, v0x55afaeb93590_6859, v0x55afaeb93590_6860, v0x55afaeb93590_6861, v0x55afaeb93590_6862;
v0x55afaeb93590_6863 .array/port v0x55afaeb93590, 6863;
v0x55afaeb93590_6864 .array/port v0x55afaeb93590, 6864;
v0x55afaeb93590_6865 .array/port v0x55afaeb93590, 6865;
v0x55afaeb93590_6866 .array/port v0x55afaeb93590, 6866;
E_0x55afaeb77280/1716 .event anyedge, v0x55afaeb93590_6863, v0x55afaeb93590_6864, v0x55afaeb93590_6865, v0x55afaeb93590_6866;
v0x55afaeb93590_6867 .array/port v0x55afaeb93590, 6867;
v0x55afaeb93590_6868 .array/port v0x55afaeb93590, 6868;
v0x55afaeb93590_6869 .array/port v0x55afaeb93590, 6869;
v0x55afaeb93590_6870 .array/port v0x55afaeb93590, 6870;
E_0x55afaeb77280/1717 .event anyedge, v0x55afaeb93590_6867, v0x55afaeb93590_6868, v0x55afaeb93590_6869, v0x55afaeb93590_6870;
v0x55afaeb93590_6871 .array/port v0x55afaeb93590, 6871;
v0x55afaeb93590_6872 .array/port v0x55afaeb93590, 6872;
v0x55afaeb93590_6873 .array/port v0x55afaeb93590, 6873;
v0x55afaeb93590_6874 .array/port v0x55afaeb93590, 6874;
E_0x55afaeb77280/1718 .event anyedge, v0x55afaeb93590_6871, v0x55afaeb93590_6872, v0x55afaeb93590_6873, v0x55afaeb93590_6874;
v0x55afaeb93590_6875 .array/port v0x55afaeb93590, 6875;
v0x55afaeb93590_6876 .array/port v0x55afaeb93590, 6876;
v0x55afaeb93590_6877 .array/port v0x55afaeb93590, 6877;
v0x55afaeb93590_6878 .array/port v0x55afaeb93590, 6878;
E_0x55afaeb77280/1719 .event anyedge, v0x55afaeb93590_6875, v0x55afaeb93590_6876, v0x55afaeb93590_6877, v0x55afaeb93590_6878;
v0x55afaeb93590_6879 .array/port v0x55afaeb93590, 6879;
v0x55afaeb93590_6880 .array/port v0x55afaeb93590, 6880;
v0x55afaeb93590_6881 .array/port v0x55afaeb93590, 6881;
v0x55afaeb93590_6882 .array/port v0x55afaeb93590, 6882;
E_0x55afaeb77280/1720 .event anyedge, v0x55afaeb93590_6879, v0x55afaeb93590_6880, v0x55afaeb93590_6881, v0x55afaeb93590_6882;
v0x55afaeb93590_6883 .array/port v0x55afaeb93590, 6883;
v0x55afaeb93590_6884 .array/port v0x55afaeb93590, 6884;
v0x55afaeb93590_6885 .array/port v0x55afaeb93590, 6885;
v0x55afaeb93590_6886 .array/port v0x55afaeb93590, 6886;
E_0x55afaeb77280/1721 .event anyedge, v0x55afaeb93590_6883, v0x55afaeb93590_6884, v0x55afaeb93590_6885, v0x55afaeb93590_6886;
v0x55afaeb93590_6887 .array/port v0x55afaeb93590, 6887;
v0x55afaeb93590_6888 .array/port v0x55afaeb93590, 6888;
v0x55afaeb93590_6889 .array/port v0x55afaeb93590, 6889;
v0x55afaeb93590_6890 .array/port v0x55afaeb93590, 6890;
E_0x55afaeb77280/1722 .event anyedge, v0x55afaeb93590_6887, v0x55afaeb93590_6888, v0x55afaeb93590_6889, v0x55afaeb93590_6890;
v0x55afaeb93590_6891 .array/port v0x55afaeb93590, 6891;
v0x55afaeb93590_6892 .array/port v0x55afaeb93590, 6892;
v0x55afaeb93590_6893 .array/port v0x55afaeb93590, 6893;
v0x55afaeb93590_6894 .array/port v0x55afaeb93590, 6894;
E_0x55afaeb77280/1723 .event anyedge, v0x55afaeb93590_6891, v0x55afaeb93590_6892, v0x55afaeb93590_6893, v0x55afaeb93590_6894;
v0x55afaeb93590_6895 .array/port v0x55afaeb93590, 6895;
v0x55afaeb93590_6896 .array/port v0x55afaeb93590, 6896;
v0x55afaeb93590_6897 .array/port v0x55afaeb93590, 6897;
v0x55afaeb93590_6898 .array/port v0x55afaeb93590, 6898;
E_0x55afaeb77280/1724 .event anyedge, v0x55afaeb93590_6895, v0x55afaeb93590_6896, v0x55afaeb93590_6897, v0x55afaeb93590_6898;
v0x55afaeb93590_6899 .array/port v0x55afaeb93590, 6899;
v0x55afaeb93590_6900 .array/port v0x55afaeb93590, 6900;
v0x55afaeb93590_6901 .array/port v0x55afaeb93590, 6901;
v0x55afaeb93590_6902 .array/port v0x55afaeb93590, 6902;
E_0x55afaeb77280/1725 .event anyedge, v0x55afaeb93590_6899, v0x55afaeb93590_6900, v0x55afaeb93590_6901, v0x55afaeb93590_6902;
v0x55afaeb93590_6903 .array/port v0x55afaeb93590, 6903;
v0x55afaeb93590_6904 .array/port v0x55afaeb93590, 6904;
v0x55afaeb93590_6905 .array/port v0x55afaeb93590, 6905;
v0x55afaeb93590_6906 .array/port v0x55afaeb93590, 6906;
E_0x55afaeb77280/1726 .event anyedge, v0x55afaeb93590_6903, v0x55afaeb93590_6904, v0x55afaeb93590_6905, v0x55afaeb93590_6906;
v0x55afaeb93590_6907 .array/port v0x55afaeb93590, 6907;
v0x55afaeb93590_6908 .array/port v0x55afaeb93590, 6908;
v0x55afaeb93590_6909 .array/port v0x55afaeb93590, 6909;
v0x55afaeb93590_6910 .array/port v0x55afaeb93590, 6910;
E_0x55afaeb77280/1727 .event anyedge, v0x55afaeb93590_6907, v0x55afaeb93590_6908, v0x55afaeb93590_6909, v0x55afaeb93590_6910;
v0x55afaeb93590_6911 .array/port v0x55afaeb93590, 6911;
v0x55afaeb93590_6912 .array/port v0x55afaeb93590, 6912;
v0x55afaeb93590_6913 .array/port v0x55afaeb93590, 6913;
v0x55afaeb93590_6914 .array/port v0x55afaeb93590, 6914;
E_0x55afaeb77280/1728 .event anyedge, v0x55afaeb93590_6911, v0x55afaeb93590_6912, v0x55afaeb93590_6913, v0x55afaeb93590_6914;
v0x55afaeb93590_6915 .array/port v0x55afaeb93590, 6915;
v0x55afaeb93590_6916 .array/port v0x55afaeb93590, 6916;
v0x55afaeb93590_6917 .array/port v0x55afaeb93590, 6917;
v0x55afaeb93590_6918 .array/port v0x55afaeb93590, 6918;
E_0x55afaeb77280/1729 .event anyedge, v0x55afaeb93590_6915, v0x55afaeb93590_6916, v0x55afaeb93590_6917, v0x55afaeb93590_6918;
v0x55afaeb93590_6919 .array/port v0x55afaeb93590, 6919;
v0x55afaeb93590_6920 .array/port v0x55afaeb93590, 6920;
v0x55afaeb93590_6921 .array/port v0x55afaeb93590, 6921;
v0x55afaeb93590_6922 .array/port v0x55afaeb93590, 6922;
E_0x55afaeb77280/1730 .event anyedge, v0x55afaeb93590_6919, v0x55afaeb93590_6920, v0x55afaeb93590_6921, v0x55afaeb93590_6922;
v0x55afaeb93590_6923 .array/port v0x55afaeb93590, 6923;
v0x55afaeb93590_6924 .array/port v0x55afaeb93590, 6924;
v0x55afaeb93590_6925 .array/port v0x55afaeb93590, 6925;
v0x55afaeb93590_6926 .array/port v0x55afaeb93590, 6926;
E_0x55afaeb77280/1731 .event anyedge, v0x55afaeb93590_6923, v0x55afaeb93590_6924, v0x55afaeb93590_6925, v0x55afaeb93590_6926;
v0x55afaeb93590_6927 .array/port v0x55afaeb93590, 6927;
v0x55afaeb93590_6928 .array/port v0x55afaeb93590, 6928;
v0x55afaeb93590_6929 .array/port v0x55afaeb93590, 6929;
v0x55afaeb93590_6930 .array/port v0x55afaeb93590, 6930;
E_0x55afaeb77280/1732 .event anyedge, v0x55afaeb93590_6927, v0x55afaeb93590_6928, v0x55afaeb93590_6929, v0x55afaeb93590_6930;
v0x55afaeb93590_6931 .array/port v0x55afaeb93590, 6931;
v0x55afaeb93590_6932 .array/port v0x55afaeb93590, 6932;
v0x55afaeb93590_6933 .array/port v0x55afaeb93590, 6933;
v0x55afaeb93590_6934 .array/port v0x55afaeb93590, 6934;
E_0x55afaeb77280/1733 .event anyedge, v0x55afaeb93590_6931, v0x55afaeb93590_6932, v0x55afaeb93590_6933, v0x55afaeb93590_6934;
v0x55afaeb93590_6935 .array/port v0x55afaeb93590, 6935;
v0x55afaeb93590_6936 .array/port v0x55afaeb93590, 6936;
v0x55afaeb93590_6937 .array/port v0x55afaeb93590, 6937;
v0x55afaeb93590_6938 .array/port v0x55afaeb93590, 6938;
E_0x55afaeb77280/1734 .event anyedge, v0x55afaeb93590_6935, v0x55afaeb93590_6936, v0x55afaeb93590_6937, v0x55afaeb93590_6938;
v0x55afaeb93590_6939 .array/port v0x55afaeb93590, 6939;
v0x55afaeb93590_6940 .array/port v0x55afaeb93590, 6940;
v0x55afaeb93590_6941 .array/port v0x55afaeb93590, 6941;
v0x55afaeb93590_6942 .array/port v0x55afaeb93590, 6942;
E_0x55afaeb77280/1735 .event anyedge, v0x55afaeb93590_6939, v0x55afaeb93590_6940, v0x55afaeb93590_6941, v0x55afaeb93590_6942;
v0x55afaeb93590_6943 .array/port v0x55afaeb93590, 6943;
v0x55afaeb93590_6944 .array/port v0x55afaeb93590, 6944;
v0x55afaeb93590_6945 .array/port v0x55afaeb93590, 6945;
v0x55afaeb93590_6946 .array/port v0x55afaeb93590, 6946;
E_0x55afaeb77280/1736 .event anyedge, v0x55afaeb93590_6943, v0x55afaeb93590_6944, v0x55afaeb93590_6945, v0x55afaeb93590_6946;
v0x55afaeb93590_6947 .array/port v0x55afaeb93590, 6947;
v0x55afaeb93590_6948 .array/port v0x55afaeb93590, 6948;
v0x55afaeb93590_6949 .array/port v0x55afaeb93590, 6949;
v0x55afaeb93590_6950 .array/port v0x55afaeb93590, 6950;
E_0x55afaeb77280/1737 .event anyedge, v0x55afaeb93590_6947, v0x55afaeb93590_6948, v0x55afaeb93590_6949, v0x55afaeb93590_6950;
v0x55afaeb93590_6951 .array/port v0x55afaeb93590, 6951;
v0x55afaeb93590_6952 .array/port v0x55afaeb93590, 6952;
v0x55afaeb93590_6953 .array/port v0x55afaeb93590, 6953;
v0x55afaeb93590_6954 .array/port v0x55afaeb93590, 6954;
E_0x55afaeb77280/1738 .event anyedge, v0x55afaeb93590_6951, v0x55afaeb93590_6952, v0x55afaeb93590_6953, v0x55afaeb93590_6954;
v0x55afaeb93590_6955 .array/port v0x55afaeb93590, 6955;
v0x55afaeb93590_6956 .array/port v0x55afaeb93590, 6956;
v0x55afaeb93590_6957 .array/port v0x55afaeb93590, 6957;
v0x55afaeb93590_6958 .array/port v0x55afaeb93590, 6958;
E_0x55afaeb77280/1739 .event anyedge, v0x55afaeb93590_6955, v0x55afaeb93590_6956, v0x55afaeb93590_6957, v0x55afaeb93590_6958;
v0x55afaeb93590_6959 .array/port v0x55afaeb93590, 6959;
v0x55afaeb93590_6960 .array/port v0x55afaeb93590, 6960;
v0x55afaeb93590_6961 .array/port v0x55afaeb93590, 6961;
v0x55afaeb93590_6962 .array/port v0x55afaeb93590, 6962;
E_0x55afaeb77280/1740 .event anyedge, v0x55afaeb93590_6959, v0x55afaeb93590_6960, v0x55afaeb93590_6961, v0x55afaeb93590_6962;
v0x55afaeb93590_6963 .array/port v0x55afaeb93590, 6963;
v0x55afaeb93590_6964 .array/port v0x55afaeb93590, 6964;
v0x55afaeb93590_6965 .array/port v0x55afaeb93590, 6965;
v0x55afaeb93590_6966 .array/port v0x55afaeb93590, 6966;
E_0x55afaeb77280/1741 .event anyedge, v0x55afaeb93590_6963, v0x55afaeb93590_6964, v0x55afaeb93590_6965, v0x55afaeb93590_6966;
v0x55afaeb93590_6967 .array/port v0x55afaeb93590, 6967;
v0x55afaeb93590_6968 .array/port v0x55afaeb93590, 6968;
v0x55afaeb93590_6969 .array/port v0x55afaeb93590, 6969;
v0x55afaeb93590_6970 .array/port v0x55afaeb93590, 6970;
E_0x55afaeb77280/1742 .event anyedge, v0x55afaeb93590_6967, v0x55afaeb93590_6968, v0x55afaeb93590_6969, v0x55afaeb93590_6970;
v0x55afaeb93590_6971 .array/port v0x55afaeb93590, 6971;
v0x55afaeb93590_6972 .array/port v0x55afaeb93590, 6972;
v0x55afaeb93590_6973 .array/port v0x55afaeb93590, 6973;
v0x55afaeb93590_6974 .array/port v0x55afaeb93590, 6974;
E_0x55afaeb77280/1743 .event anyedge, v0x55afaeb93590_6971, v0x55afaeb93590_6972, v0x55afaeb93590_6973, v0x55afaeb93590_6974;
v0x55afaeb93590_6975 .array/port v0x55afaeb93590, 6975;
v0x55afaeb93590_6976 .array/port v0x55afaeb93590, 6976;
v0x55afaeb93590_6977 .array/port v0x55afaeb93590, 6977;
v0x55afaeb93590_6978 .array/port v0x55afaeb93590, 6978;
E_0x55afaeb77280/1744 .event anyedge, v0x55afaeb93590_6975, v0x55afaeb93590_6976, v0x55afaeb93590_6977, v0x55afaeb93590_6978;
v0x55afaeb93590_6979 .array/port v0x55afaeb93590, 6979;
v0x55afaeb93590_6980 .array/port v0x55afaeb93590, 6980;
v0x55afaeb93590_6981 .array/port v0x55afaeb93590, 6981;
v0x55afaeb93590_6982 .array/port v0x55afaeb93590, 6982;
E_0x55afaeb77280/1745 .event anyedge, v0x55afaeb93590_6979, v0x55afaeb93590_6980, v0x55afaeb93590_6981, v0x55afaeb93590_6982;
v0x55afaeb93590_6983 .array/port v0x55afaeb93590, 6983;
v0x55afaeb93590_6984 .array/port v0x55afaeb93590, 6984;
v0x55afaeb93590_6985 .array/port v0x55afaeb93590, 6985;
v0x55afaeb93590_6986 .array/port v0x55afaeb93590, 6986;
E_0x55afaeb77280/1746 .event anyedge, v0x55afaeb93590_6983, v0x55afaeb93590_6984, v0x55afaeb93590_6985, v0x55afaeb93590_6986;
v0x55afaeb93590_6987 .array/port v0x55afaeb93590, 6987;
v0x55afaeb93590_6988 .array/port v0x55afaeb93590, 6988;
v0x55afaeb93590_6989 .array/port v0x55afaeb93590, 6989;
v0x55afaeb93590_6990 .array/port v0x55afaeb93590, 6990;
E_0x55afaeb77280/1747 .event anyedge, v0x55afaeb93590_6987, v0x55afaeb93590_6988, v0x55afaeb93590_6989, v0x55afaeb93590_6990;
v0x55afaeb93590_6991 .array/port v0x55afaeb93590, 6991;
v0x55afaeb93590_6992 .array/port v0x55afaeb93590, 6992;
v0x55afaeb93590_6993 .array/port v0x55afaeb93590, 6993;
v0x55afaeb93590_6994 .array/port v0x55afaeb93590, 6994;
E_0x55afaeb77280/1748 .event anyedge, v0x55afaeb93590_6991, v0x55afaeb93590_6992, v0x55afaeb93590_6993, v0x55afaeb93590_6994;
v0x55afaeb93590_6995 .array/port v0x55afaeb93590, 6995;
v0x55afaeb93590_6996 .array/port v0x55afaeb93590, 6996;
v0x55afaeb93590_6997 .array/port v0x55afaeb93590, 6997;
v0x55afaeb93590_6998 .array/port v0x55afaeb93590, 6998;
E_0x55afaeb77280/1749 .event anyedge, v0x55afaeb93590_6995, v0x55afaeb93590_6996, v0x55afaeb93590_6997, v0x55afaeb93590_6998;
v0x55afaeb93590_6999 .array/port v0x55afaeb93590, 6999;
v0x55afaeb93590_7000 .array/port v0x55afaeb93590, 7000;
v0x55afaeb93590_7001 .array/port v0x55afaeb93590, 7001;
v0x55afaeb93590_7002 .array/port v0x55afaeb93590, 7002;
E_0x55afaeb77280/1750 .event anyedge, v0x55afaeb93590_6999, v0x55afaeb93590_7000, v0x55afaeb93590_7001, v0x55afaeb93590_7002;
v0x55afaeb93590_7003 .array/port v0x55afaeb93590, 7003;
v0x55afaeb93590_7004 .array/port v0x55afaeb93590, 7004;
v0x55afaeb93590_7005 .array/port v0x55afaeb93590, 7005;
v0x55afaeb93590_7006 .array/port v0x55afaeb93590, 7006;
E_0x55afaeb77280/1751 .event anyedge, v0x55afaeb93590_7003, v0x55afaeb93590_7004, v0x55afaeb93590_7005, v0x55afaeb93590_7006;
v0x55afaeb93590_7007 .array/port v0x55afaeb93590, 7007;
v0x55afaeb93590_7008 .array/port v0x55afaeb93590, 7008;
v0x55afaeb93590_7009 .array/port v0x55afaeb93590, 7009;
v0x55afaeb93590_7010 .array/port v0x55afaeb93590, 7010;
E_0x55afaeb77280/1752 .event anyedge, v0x55afaeb93590_7007, v0x55afaeb93590_7008, v0x55afaeb93590_7009, v0x55afaeb93590_7010;
v0x55afaeb93590_7011 .array/port v0x55afaeb93590, 7011;
v0x55afaeb93590_7012 .array/port v0x55afaeb93590, 7012;
v0x55afaeb93590_7013 .array/port v0x55afaeb93590, 7013;
v0x55afaeb93590_7014 .array/port v0x55afaeb93590, 7014;
E_0x55afaeb77280/1753 .event anyedge, v0x55afaeb93590_7011, v0x55afaeb93590_7012, v0x55afaeb93590_7013, v0x55afaeb93590_7014;
v0x55afaeb93590_7015 .array/port v0x55afaeb93590, 7015;
v0x55afaeb93590_7016 .array/port v0x55afaeb93590, 7016;
v0x55afaeb93590_7017 .array/port v0x55afaeb93590, 7017;
v0x55afaeb93590_7018 .array/port v0x55afaeb93590, 7018;
E_0x55afaeb77280/1754 .event anyedge, v0x55afaeb93590_7015, v0x55afaeb93590_7016, v0x55afaeb93590_7017, v0x55afaeb93590_7018;
v0x55afaeb93590_7019 .array/port v0x55afaeb93590, 7019;
v0x55afaeb93590_7020 .array/port v0x55afaeb93590, 7020;
v0x55afaeb93590_7021 .array/port v0x55afaeb93590, 7021;
v0x55afaeb93590_7022 .array/port v0x55afaeb93590, 7022;
E_0x55afaeb77280/1755 .event anyedge, v0x55afaeb93590_7019, v0x55afaeb93590_7020, v0x55afaeb93590_7021, v0x55afaeb93590_7022;
v0x55afaeb93590_7023 .array/port v0x55afaeb93590, 7023;
v0x55afaeb93590_7024 .array/port v0x55afaeb93590, 7024;
v0x55afaeb93590_7025 .array/port v0x55afaeb93590, 7025;
v0x55afaeb93590_7026 .array/port v0x55afaeb93590, 7026;
E_0x55afaeb77280/1756 .event anyedge, v0x55afaeb93590_7023, v0x55afaeb93590_7024, v0x55afaeb93590_7025, v0x55afaeb93590_7026;
v0x55afaeb93590_7027 .array/port v0x55afaeb93590, 7027;
v0x55afaeb93590_7028 .array/port v0x55afaeb93590, 7028;
v0x55afaeb93590_7029 .array/port v0x55afaeb93590, 7029;
v0x55afaeb93590_7030 .array/port v0x55afaeb93590, 7030;
E_0x55afaeb77280/1757 .event anyedge, v0x55afaeb93590_7027, v0x55afaeb93590_7028, v0x55afaeb93590_7029, v0x55afaeb93590_7030;
v0x55afaeb93590_7031 .array/port v0x55afaeb93590, 7031;
v0x55afaeb93590_7032 .array/port v0x55afaeb93590, 7032;
v0x55afaeb93590_7033 .array/port v0x55afaeb93590, 7033;
v0x55afaeb93590_7034 .array/port v0x55afaeb93590, 7034;
E_0x55afaeb77280/1758 .event anyedge, v0x55afaeb93590_7031, v0x55afaeb93590_7032, v0x55afaeb93590_7033, v0x55afaeb93590_7034;
v0x55afaeb93590_7035 .array/port v0x55afaeb93590, 7035;
v0x55afaeb93590_7036 .array/port v0x55afaeb93590, 7036;
v0x55afaeb93590_7037 .array/port v0x55afaeb93590, 7037;
v0x55afaeb93590_7038 .array/port v0x55afaeb93590, 7038;
E_0x55afaeb77280/1759 .event anyedge, v0x55afaeb93590_7035, v0x55afaeb93590_7036, v0x55afaeb93590_7037, v0x55afaeb93590_7038;
v0x55afaeb93590_7039 .array/port v0x55afaeb93590, 7039;
v0x55afaeb93590_7040 .array/port v0x55afaeb93590, 7040;
v0x55afaeb93590_7041 .array/port v0x55afaeb93590, 7041;
v0x55afaeb93590_7042 .array/port v0x55afaeb93590, 7042;
E_0x55afaeb77280/1760 .event anyedge, v0x55afaeb93590_7039, v0x55afaeb93590_7040, v0x55afaeb93590_7041, v0x55afaeb93590_7042;
v0x55afaeb93590_7043 .array/port v0x55afaeb93590, 7043;
v0x55afaeb93590_7044 .array/port v0x55afaeb93590, 7044;
v0x55afaeb93590_7045 .array/port v0x55afaeb93590, 7045;
v0x55afaeb93590_7046 .array/port v0x55afaeb93590, 7046;
E_0x55afaeb77280/1761 .event anyedge, v0x55afaeb93590_7043, v0x55afaeb93590_7044, v0x55afaeb93590_7045, v0x55afaeb93590_7046;
v0x55afaeb93590_7047 .array/port v0x55afaeb93590, 7047;
v0x55afaeb93590_7048 .array/port v0x55afaeb93590, 7048;
v0x55afaeb93590_7049 .array/port v0x55afaeb93590, 7049;
v0x55afaeb93590_7050 .array/port v0x55afaeb93590, 7050;
E_0x55afaeb77280/1762 .event anyedge, v0x55afaeb93590_7047, v0x55afaeb93590_7048, v0x55afaeb93590_7049, v0x55afaeb93590_7050;
v0x55afaeb93590_7051 .array/port v0x55afaeb93590, 7051;
v0x55afaeb93590_7052 .array/port v0x55afaeb93590, 7052;
v0x55afaeb93590_7053 .array/port v0x55afaeb93590, 7053;
v0x55afaeb93590_7054 .array/port v0x55afaeb93590, 7054;
E_0x55afaeb77280/1763 .event anyedge, v0x55afaeb93590_7051, v0x55afaeb93590_7052, v0x55afaeb93590_7053, v0x55afaeb93590_7054;
v0x55afaeb93590_7055 .array/port v0x55afaeb93590, 7055;
v0x55afaeb93590_7056 .array/port v0x55afaeb93590, 7056;
v0x55afaeb93590_7057 .array/port v0x55afaeb93590, 7057;
v0x55afaeb93590_7058 .array/port v0x55afaeb93590, 7058;
E_0x55afaeb77280/1764 .event anyedge, v0x55afaeb93590_7055, v0x55afaeb93590_7056, v0x55afaeb93590_7057, v0x55afaeb93590_7058;
v0x55afaeb93590_7059 .array/port v0x55afaeb93590, 7059;
v0x55afaeb93590_7060 .array/port v0x55afaeb93590, 7060;
v0x55afaeb93590_7061 .array/port v0x55afaeb93590, 7061;
v0x55afaeb93590_7062 .array/port v0x55afaeb93590, 7062;
E_0x55afaeb77280/1765 .event anyedge, v0x55afaeb93590_7059, v0x55afaeb93590_7060, v0x55afaeb93590_7061, v0x55afaeb93590_7062;
v0x55afaeb93590_7063 .array/port v0x55afaeb93590, 7063;
v0x55afaeb93590_7064 .array/port v0x55afaeb93590, 7064;
v0x55afaeb93590_7065 .array/port v0x55afaeb93590, 7065;
v0x55afaeb93590_7066 .array/port v0x55afaeb93590, 7066;
E_0x55afaeb77280/1766 .event anyedge, v0x55afaeb93590_7063, v0x55afaeb93590_7064, v0x55afaeb93590_7065, v0x55afaeb93590_7066;
v0x55afaeb93590_7067 .array/port v0x55afaeb93590, 7067;
v0x55afaeb93590_7068 .array/port v0x55afaeb93590, 7068;
v0x55afaeb93590_7069 .array/port v0x55afaeb93590, 7069;
v0x55afaeb93590_7070 .array/port v0x55afaeb93590, 7070;
E_0x55afaeb77280/1767 .event anyedge, v0x55afaeb93590_7067, v0x55afaeb93590_7068, v0x55afaeb93590_7069, v0x55afaeb93590_7070;
v0x55afaeb93590_7071 .array/port v0x55afaeb93590, 7071;
v0x55afaeb93590_7072 .array/port v0x55afaeb93590, 7072;
v0x55afaeb93590_7073 .array/port v0x55afaeb93590, 7073;
v0x55afaeb93590_7074 .array/port v0x55afaeb93590, 7074;
E_0x55afaeb77280/1768 .event anyedge, v0x55afaeb93590_7071, v0x55afaeb93590_7072, v0x55afaeb93590_7073, v0x55afaeb93590_7074;
v0x55afaeb93590_7075 .array/port v0x55afaeb93590, 7075;
v0x55afaeb93590_7076 .array/port v0x55afaeb93590, 7076;
v0x55afaeb93590_7077 .array/port v0x55afaeb93590, 7077;
v0x55afaeb93590_7078 .array/port v0x55afaeb93590, 7078;
E_0x55afaeb77280/1769 .event anyedge, v0x55afaeb93590_7075, v0x55afaeb93590_7076, v0x55afaeb93590_7077, v0x55afaeb93590_7078;
v0x55afaeb93590_7079 .array/port v0x55afaeb93590, 7079;
v0x55afaeb93590_7080 .array/port v0x55afaeb93590, 7080;
v0x55afaeb93590_7081 .array/port v0x55afaeb93590, 7081;
v0x55afaeb93590_7082 .array/port v0x55afaeb93590, 7082;
E_0x55afaeb77280/1770 .event anyedge, v0x55afaeb93590_7079, v0x55afaeb93590_7080, v0x55afaeb93590_7081, v0x55afaeb93590_7082;
v0x55afaeb93590_7083 .array/port v0x55afaeb93590, 7083;
v0x55afaeb93590_7084 .array/port v0x55afaeb93590, 7084;
v0x55afaeb93590_7085 .array/port v0x55afaeb93590, 7085;
v0x55afaeb93590_7086 .array/port v0x55afaeb93590, 7086;
E_0x55afaeb77280/1771 .event anyedge, v0x55afaeb93590_7083, v0x55afaeb93590_7084, v0x55afaeb93590_7085, v0x55afaeb93590_7086;
v0x55afaeb93590_7087 .array/port v0x55afaeb93590, 7087;
v0x55afaeb93590_7088 .array/port v0x55afaeb93590, 7088;
v0x55afaeb93590_7089 .array/port v0x55afaeb93590, 7089;
v0x55afaeb93590_7090 .array/port v0x55afaeb93590, 7090;
E_0x55afaeb77280/1772 .event anyedge, v0x55afaeb93590_7087, v0x55afaeb93590_7088, v0x55afaeb93590_7089, v0x55afaeb93590_7090;
v0x55afaeb93590_7091 .array/port v0x55afaeb93590, 7091;
v0x55afaeb93590_7092 .array/port v0x55afaeb93590, 7092;
v0x55afaeb93590_7093 .array/port v0x55afaeb93590, 7093;
v0x55afaeb93590_7094 .array/port v0x55afaeb93590, 7094;
E_0x55afaeb77280/1773 .event anyedge, v0x55afaeb93590_7091, v0x55afaeb93590_7092, v0x55afaeb93590_7093, v0x55afaeb93590_7094;
v0x55afaeb93590_7095 .array/port v0x55afaeb93590, 7095;
v0x55afaeb93590_7096 .array/port v0x55afaeb93590, 7096;
v0x55afaeb93590_7097 .array/port v0x55afaeb93590, 7097;
v0x55afaeb93590_7098 .array/port v0x55afaeb93590, 7098;
E_0x55afaeb77280/1774 .event anyedge, v0x55afaeb93590_7095, v0x55afaeb93590_7096, v0x55afaeb93590_7097, v0x55afaeb93590_7098;
v0x55afaeb93590_7099 .array/port v0x55afaeb93590, 7099;
v0x55afaeb93590_7100 .array/port v0x55afaeb93590, 7100;
v0x55afaeb93590_7101 .array/port v0x55afaeb93590, 7101;
v0x55afaeb93590_7102 .array/port v0x55afaeb93590, 7102;
E_0x55afaeb77280/1775 .event anyedge, v0x55afaeb93590_7099, v0x55afaeb93590_7100, v0x55afaeb93590_7101, v0x55afaeb93590_7102;
v0x55afaeb93590_7103 .array/port v0x55afaeb93590, 7103;
v0x55afaeb93590_7104 .array/port v0x55afaeb93590, 7104;
v0x55afaeb93590_7105 .array/port v0x55afaeb93590, 7105;
v0x55afaeb93590_7106 .array/port v0x55afaeb93590, 7106;
E_0x55afaeb77280/1776 .event anyedge, v0x55afaeb93590_7103, v0x55afaeb93590_7104, v0x55afaeb93590_7105, v0x55afaeb93590_7106;
v0x55afaeb93590_7107 .array/port v0x55afaeb93590, 7107;
v0x55afaeb93590_7108 .array/port v0x55afaeb93590, 7108;
v0x55afaeb93590_7109 .array/port v0x55afaeb93590, 7109;
v0x55afaeb93590_7110 .array/port v0x55afaeb93590, 7110;
E_0x55afaeb77280/1777 .event anyedge, v0x55afaeb93590_7107, v0x55afaeb93590_7108, v0x55afaeb93590_7109, v0x55afaeb93590_7110;
v0x55afaeb93590_7111 .array/port v0x55afaeb93590, 7111;
v0x55afaeb93590_7112 .array/port v0x55afaeb93590, 7112;
v0x55afaeb93590_7113 .array/port v0x55afaeb93590, 7113;
v0x55afaeb93590_7114 .array/port v0x55afaeb93590, 7114;
E_0x55afaeb77280/1778 .event anyedge, v0x55afaeb93590_7111, v0x55afaeb93590_7112, v0x55afaeb93590_7113, v0x55afaeb93590_7114;
v0x55afaeb93590_7115 .array/port v0x55afaeb93590, 7115;
v0x55afaeb93590_7116 .array/port v0x55afaeb93590, 7116;
v0x55afaeb93590_7117 .array/port v0x55afaeb93590, 7117;
v0x55afaeb93590_7118 .array/port v0x55afaeb93590, 7118;
E_0x55afaeb77280/1779 .event anyedge, v0x55afaeb93590_7115, v0x55afaeb93590_7116, v0x55afaeb93590_7117, v0x55afaeb93590_7118;
v0x55afaeb93590_7119 .array/port v0x55afaeb93590, 7119;
v0x55afaeb93590_7120 .array/port v0x55afaeb93590, 7120;
v0x55afaeb93590_7121 .array/port v0x55afaeb93590, 7121;
v0x55afaeb93590_7122 .array/port v0x55afaeb93590, 7122;
E_0x55afaeb77280/1780 .event anyedge, v0x55afaeb93590_7119, v0x55afaeb93590_7120, v0x55afaeb93590_7121, v0x55afaeb93590_7122;
v0x55afaeb93590_7123 .array/port v0x55afaeb93590, 7123;
v0x55afaeb93590_7124 .array/port v0x55afaeb93590, 7124;
v0x55afaeb93590_7125 .array/port v0x55afaeb93590, 7125;
v0x55afaeb93590_7126 .array/port v0x55afaeb93590, 7126;
E_0x55afaeb77280/1781 .event anyedge, v0x55afaeb93590_7123, v0x55afaeb93590_7124, v0x55afaeb93590_7125, v0x55afaeb93590_7126;
v0x55afaeb93590_7127 .array/port v0x55afaeb93590, 7127;
v0x55afaeb93590_7128 .array/port v0x55afaeb93590, 7128;
v0x55afaeb93590_7129 .array/port v0x55afaeb93590, 7129;
v0x55afaeb93590_7130 .array/port v0x55afaeb93590, 7130;
E_0x55afaeb77280/1782 .event anyedge, v0x55afaeb93590_7127, v0x55afaeb93590_7128, v0x55afaeb93590_7129, v0x55afaeb93590_7130;
v0x55afaeb93590_7131 .array/port v0x55afaeb93590, 7131;
v0x55afaeb93590_7132 .array/port v0x55afaeb93590, 7132;
v0x55afaeb93590_7133 .array/port v0x55afaeb93590, 7133;
v0x55afaeb93590_7134 .array/port v0x55afaeb93590, 7134;
E_0x55afaeb77280/1783 .event anyedge, v0x55afaeb93590_7131, v0x55afaeb93590_7132, v0x55afaeb93590_7133, v0x55afaeb93590_7134;
v0x55afaeb93590_7135 .array/port v0x55afaeb93590, 7135;
v0x55afaeb93590_7136 .array/port v0x55afaeb93590, 7136;
v0x55afaeb93590_7137 .array/port v0x55afaeb93590, 7137;
v0x55afaeb93590_7138 .array/port v0x55afaeb93590, 7138;
E_0x55afaeb77280/1784 .event anyedge, v0x55afaeb93590_7135, v0x55afaeb93590_7136, v0x55afaeb93590_7137, v0x55afaeb93590_7138;
v0x55afaeb93590_7139 .array/port v0x55afaeb93590, 7139;
v0x55afaeb93590_7140 .array/port v0x55afaeb93590, 7140;
v0x55afaeb93590_7141 .array/port v0x55afaeb93590, 7141;
v0x55afaeb93590_7142 .array/port v0x55afaeb93590, 7142;
E_0x55afaeb77280/1785 .event anyedge, v0x55afaeb93590_7139, v0x55afaeb93590_7140, v0x55afaeb93590_7141, v0x55afaeb93590_7142;
v0x55afaeb93590_7143 .array/port v0x55afaeb93590, 7143;
v0x55afaeb93590_7144 .array/port v0x55afaeb93590, 7144;
v0x55afaeb93590_7145 .array/port v0x55afaeb93590, 7145;
v0x55afaeb93590_7146 .array/port v0x55afaeb93590, 7146;
E_0x55afaeb77280/1786 .event anyedge, v0x55afaeb93590_7143, v0x55afaeb93590_7144, v0x55afaeb93590_7145, v0x55afaeb93590_7146;
v0x55afaeb93590_7147 .array/port v0x55afaeb93590, 7147;
v0x55afaeb93590_7148 .array/port v0x55afaeb93590, 7148;
v0x55afaeb93590_7149 .array/port v0x55afaeb93590, 7149;
v0x55afaeb93590_7150 .array/port v0x55afaeb93590, 7150;
E_0x55afaeb77280/1787 .event anyedge, v0x55afaeb93590_7147, v0x55afaeb93590_7148, v0x55afaeb93590_7149, v0x55afaeb93590_7150;
v0x55afaeb93590_7151 .array/port v0x55afaeb93590, 7151;
v0x55afaeb93590_7152 .array/port v0x55afaeb93590, 7152;
v0x55afaeb93590_7153 .array/port v0x55afaeb93590, 7153;
v0x55afaeb93590_7154 .array/port v0x55afaeb93590, 7154;
E_0x55afaeb77280/1788 .event anyedge, v0x55afaeb93590_7151, v0x55afaeb93590_7152, v0x55afaeb93590_7153, v0x55afaeb93590_7154;
v0x55afaeb93590_7155 .array/port v0x55afaeb93590, 7155;
v0x55afaeb93590_7156 .array/port v0x55afaeb93590, 7156;
v0x55afaeb93590_7157 .array/port v0x55afaeb93590, 7157;
v0x55afaeb93590_7158 .array/port v0x55afaeb93590, 7158;
E_0x55afaeb77280/1789 .event anyedge, v0x55afaeb93590_7155, v0x55afaeb93590_7156, v0x55afaeb93590_7157, v0x55afaeb93590_7158;
v0x55afaeb93590_7159 .array/port v0x55afaeb93590, 7159;
v0x55afaeb93590_7160 .array/port v0x55afaeb93590, 7160;
v0x55afaeb93590_7161 .array/port v0x55afaeb93590, 7161;
v0x55afaeb93590_7162 .array/port v0x55afaeb93590, 7162;
E_0x55afaeb77280/1790 .event anyedge, v0x55afaeb93590_7159, v0x55afaeb93590_7160, v0x55afaeb93590_7161, v0x55afaeb93590_7162;
v0x55afaeb93590_7163 .array/port v0x55afaeb93590, 7163;
v0x55afaeb93590_7164 .array/port v0x55afaeb93590, 7164;
v0x55afaeb93590_7165 .array/port v0x55afaeb93590, 7165;
v0x55afaeb93590_7166 .array/port v0x55afaeb93590, 7166;
E_0x55afaeb77280/1791 .event anyedge, v0x55afaeb93590_7163, v0x55afaeb93590_7164, v0x55afaeb93590_7165, v0x55afaeb93590_7166;
v0x55afaeb93590_7167 .array/port v0x55afaeb93590, 7167;
v0x55afaeb93590_7168 .array/port v0x55afaeb93590, 7168;
v0x55afaeb93590_7169 .array/port v0x55afaeb93590, 7169;
v0x55afaeb93590_7170 .array/port v0x55afaeb93590, 7170;
E_0x55afaeb77280/1792 .event anyedge, v0x55afaeb93590_7167, v0x55afaeb93590_7168, v0x55afaeb93590_7169, v0x55afaeb93590_7170;
v0x55afaeb93590_7171 .array/port v0x55afaeb93590, 7171;
v0x55afaeb93590_7172 .array/port v0x55afaeb93590, 7172;
v0x55afaeb93590_7173 .array/port v0x55afaeb93590, 7173;
v0x55afaeb93590_7174 .array/port v0x55afaeb93590, 7174;
E_0x55afaeb77280/1793 .event anyedge, v0x55afaeb93590_7171, v0x55afaeb93590_7172, v0x55afaeb93590_7173, v0x55afaeb93590_7174;
v0x55afaeb93590_7175 .array/port v0x55afaeb93590, 7175;
v0x55afaeb93590_7176 .array/port v0x55afaeb93590, 7176;
v0x55afaeb93590_7177 .array/port v0x55afaeb93590, 7177;
v0x55afaeb93590_7178 .array/port v0x55afaeb93590, 7178;
E_0x55afaeb77280/1794 .event anyedge, v0x55afaeb93590_7175, v0x55afaeb93590_7176, v0x55afaeb93590_7177, v0x55afaeb93590_7178;
v0x55afaeb93590_7179 .array/port v0x55afaeb93590, 7179;
v0x55afaeb93590_7180 .array/port v0x55afaeb93590, 7180;
v0x55afaeb93590_7181 .array/port v0x55afaeb93590, 7181;
v0x55afaeb93590_7182 .array/port v0x55afaeb93590, 7182;
E_0x55afaeb77280/1795 .event anyedge, v0x55afaeb93590_7179, v0x55afaeb93590_7180, v0x55afaeb93590_7181, v0x55afaeb93590_7182;
v0x55afaeb93590_7183 .array/port v0x55afaeb93590, 7183;
v0x55afaeb93590_7184 .array/port v0x55afaeb93590, 7184;
v0x55afaeb93590_7185 .array/port v0x55afaeb93590, 7185;
v0x55afaeb93590_7186 .array/port v0x55afaeb93590, 7186;
E_0x55afaeb77280/1796 .event anyedge, v0x55afaeb93590_7183, v0x55afaeb93590_7184, v0x55afaeb93590_7185, v0x55afaeb93590_7186;
v0x55afaeb93590_7187 .array/port v0x55afaeb93590, 7187;
v0x55afaeb93590_7188 .array/port v0x55afaeb93590, 7188;
v0x55afaeb93590_7189 .array/port v0x55afaeb93590, 7189;
v0x55afaeb93590_7190 .array/port v0x55afaeb93590, 7190;
E_0x55afaeb77280/1797 .event anyedge, v0x55afaeb93590_7187, v0x55afaeb93590_7188, v0x55afaeb93590_7189, v0x55afaeb93590_7190;
v0x55afaeb93590_7191 .array/port v0x55afaeb93590, 7191;
v0x55afaeb93590_7192 .array/port v0x55afaeb93590, 7192;
v0x55afaeb93590_7193 .array/port v0x55afaeb93590, 7193;
v0x55afaeb93590_7194 .array/port v0x55afaeb93590, 7194;
E_0x55afaeb77280/1798 .event anyedge, v0x55afaeb93590_7191, v0x55afaeb93590_7192, v0x55afaeb93590_7193, v0x55afaeb93590_7194;
v0x55afaeb93590_7195 .array/port v0x55afaeb93590, 7195;
v0x55afaeb93590_7196 .array/port v0x55afaeb93590, 7196;
v0x55afaeb93590_7197 .array/port v0x55afaeb93590, 7197;
v0x55afaeb93590_7198 .array/port v0x55afaeb93590, 7198;
E_0x55afaeb77280/1799 .event anyedge, v0x55afaeb93590_7195, v0x55afaeb93590_7196, v0x55afaeb93590_7197, v0x55afaeb93590_7198;
v0x55afaeb93590_7199 .array/port v0x55afaeb93590, 7199;
v0x55afaeb93590_7200 .array/port v0x55afaeb93590, 7200;
v0x55afaeb93590_7201 .array/port v0x55afaeb93590, 7201;
v0x55afaeb93590_7202 .array/port v0x55afaeb93590, 7202;
E_0x55afaeb77280/1800 .event anyedge, v0x55afaeb93590_7199, v0x55afaeb93590_7200, v0x55afaeb93590_7201, v0x55afaeb93590_7202;
v0x55afaeb93590_7203 .array/port v0x55afaeb93590, 7203;
v0x55afaeb93590_7204 .array/port v0x55afaeb93590, 7204;
v0x55afaeb93590_7205 .array/port v0x55afaeb93590, 7205;
v0x55afaeb93590_7206 .array/port v0x55afaeb93590, 7206;
E_0x55afaeb77280/1801 .event anyedge, v0x55afaeb93590_7203, v0x55afaeb93590_7204, v0x55afaeb93590_7205, v0x55afaeb93590_7206;
v0x55afaeb93590_7207 .array/port v0x55afaeb93590, 7207;
v0x55afaeb93590_7208 .array/port v0x55afaeb93590, 7208;
v0x55afaeb93590_7209 .array/port v0x55afaeb93590, 7209;
v0x55afaeb93590_7210 .array/port v0x55afaeb93590, 7210;
E_0x55afaeb77280/1802 .event anyedge, v0x55afaeb93590_7207, v0x55afaeb93590_7208, v0x55afaeb93590_7209, v0x55afaeb93590_7210;
v0x55afaeb93590_7211 .array/port v0x55afaeb93590, 7211;
v0x55afaeb93590_7212 .array/port v0x55afaeb93590, 7212;
v0x55afaeb93590_7213 .array/port v0x55afaeb93590, 7213;
v0x55afaeb93590_7214 .array/port v0x55afaeb93590, 7214;
E_0x55afaeb77280/1803 .event anyedge, v0x55afaeb93590_7211, v0x55afaeb93590_7212, v0x55afaeb93590_7213, v0x55afaeb93590_7214;
v0x55afaeb93590_7215 .array/port v0x55afaeb93590, 7215;
v0x55afaeb93590_7216 .array/port v0x55afaeb93590, 7216;
v0x55afaeb93590_7217 .array/port v0x55afaeb93590, 7217;
v0x55afaeb93590_7218 .array/port v0x55afaeb93590, 7218;
E_0x55afaeb77280/1804 .event anyedge, v0x55afaeb93590_7215, v0x55afaeb93590_7216, v0x55afaeb93590_7217, v0x55afaeb93590_7218;
v0x55afaeb93590_7219 .array/port v0x55afaeb93590, 7219;
v0x55afaeb93590_7220 .array/port v0x55afaeb93590, 7220;
v0x55afaeb93590_7221 .array/port v0x55afaeb93590, 7221;
v0x55afaeb93590_7222 .array/port v0x55afaeb93590, 7222;
E_0x55afaeb77280/1805 .event anyedge, v0x55afaeb93590_7219, v0x55afaeb93590_7220, v0x55afaeb93590_7221, v0x55afaeb93590_7222;
v0x55afaeb93590_7223 .array/port v0x55afaeb93590, 7223;
v0x55afaeb93590_7224 .array/port v0x55afaeb93590, 7224;
v0x55afaeb93590_7225 .array/port v0x55afaeb93590, 7225;
v0x55afaeb93590_7226 .array/port v0x55afaeb93590, 7226;
E_0x55afaeb77280/1806 .event anyedge, v0x55afaeb93590_7223, v0x55afaeb93590_7224, v0x55afaeb93590_7225, v0x55afaeb93590_7226;
v0x55afaeb93590_7227 .array/port v0x55afaeb93590, 7227;
v0x55afaeb93590_7228 .array/port v0x55afaeb93590, 7228;
v0x55afaeb93590_7229 .array/port v0x55afaeb93590, 7229;
v0x55afaeb93590_7230 .array/port v0x55afaeb93590, 7230;
E_0x55afaeb77280/1807 .event anyedge, v0x55afaeb93590_7227, v0x55afaeb93590_7228, v0x55afaeb93590_7229, v0x55afaeb93590_7230;
v0x55afaeb93590_7231 .array/port v0x55afaeb93590, 7231;
v0x55afaeb93590_7232 .array/port v0x55afaeb93590, 7232;
v0x55afaeb93590_7233 .array/port v0x55afaeb93590, 7233;
v0x55afaeb93590_7234 .array/port v0x55afaeb93590, 7234;
E_0x55afaeb77280/1808 .event anyedge, v0x55afaeb93590_7231, v0x55afaeb93590_7232, v0x55afaeb93590_7233, v0x55afaeb93590_7234;
v0x55afaeb93590_7235 .array/port v0x55afaeb93590, 7235;
v0x55afaeb93590_7236 .array/port v0x55afaeb93590, 7236;
v0x55afaeb93590_7237 .array/port v0x55afaeb93590, 7237;
v0x55afaeb93590_7238 .array/port v0x55afaeb93590, 7238;
E_0x55afaeb77280/1809 .event anyedge, v0x55afaeb93590_7235, v0x55afaeb93590_7236, v0x55afaeb93590_7237, v0x55afaeb93590_7238;
v0x55afaeb93590_7239 .array/port v0x55afaeb93590, 7239;
v0x55afaeb93590_7240 .array/port v0x55afaeb93590, 7240;
v0x55afaeb93590_7241 .array/port v0x55afaeb93590, 7241;
v0x55afaeb93590_7242 .array/port v0x55afaeb93590, 7242;
E_0x55afaeb77280/1810 .event anyedge, v0x55afaeb93590_7239, v0x55afaeb93590_7240, v0x55afaeb93590_7241, v0x55afaeb93590_7242;
v0x55afaeb93590_7243 .array/port v0x55afaeb93590, 7243;
v0x55afaeb93590_7244 .array/port v0x55afaeb93590, 7244;
v0x55afaeb93590_7245 .array/port v0x55afaeb93590, 7245;
v0x55afaeb93590_7246 .array/port v0x55afaeb93590, 7246;
E_0x55afaeb77280/1811 .event anyedge, v0x55afaeb93590_7243, v0x55afaeb93590_7244, v0x55afaeb93590_7245, v0x55afaeb93590_7246;
v0x55afaeb93590_7247 .array/port v0x55afaeb93590, 7247;
v0x55afaeb93590_7248 .array/port v0x55afaeb93590, 7248;
v0x55afaeb93590_7249 .array/port v0x55afaeb93590, 7249;
v0x55afaeb93590_7250 .array/port v0x55afaeb93590, 7250;
E_0x55afaeb77280/1812 .event anyedge, v0x55afaeb93590_7247, v0x55afaeb93590_7248, v0x55afaeb93590_7249, v0x55afaeb93590_7250;
v0x55afaeb93590_7251 .array/port v0x55afaeb93590, 7251;
v0x55afaeb93590_7252 .array/port v0x55afaeb93590, 7252;
v0x55afaeb93590_7253 .array/port v0x55afaeb93590, 7253;
v0x55afaeb93590_7254 .array/port v0x55afaeb93590, 7254;
E_0x55afaeb77280/1813 .event anyedge, v0x55afaeb93590_7251, v0x55afaeb93590_7252, v0x55afaeb93590_7253, v0x55afaeb93590_7254;
v0x55afaeb93590_7255 .array/port v0x55afaeb93590, 7255;
v0x55afaeb93590_7256 .array/port v0x55afaeb93590, 7256;
v0x55afaeb93590_7257 .array/port v0x55afaeb93590, 7257;
v0x55afaeb93590_7258 .array/port v0x55afaeb93590, 7258;
E_0x55afaeb77280/1814 .event anyedge, v0x55afaeb93590_7255, v0x55afaeb93590_7256, v0x55afaeb93590_7257, v0x55afaeb93590_7258;
v0x55afaeb93590_7259 .array/port v0x55afaeb93590, 7259;
v0x55afaeb93590_7260 .array/port v0x55afaeb93590, 7260;
v0x55afaeb93590_7261 .array/port v0x55afaeb93590, 7261;
v0x55afaeb93590_7262 .array/port v0x55afaeb93590, 7262;
E_0x55afaeb77280/1815 .event anyedge, v0x55afaeb93590_7259, v0x55afaeb93590_7260, v0x55afaeb93590_7261, v0x55afaeb93590_7262;
v0x55afaeb93590_7263 .array/port v0x55afaeb93590, 7263;
v0x55afaeb93590_7264 .array/port v0x55afaeb93590, 7264;
v0x55afaeb93590_7265 .array/port v0x55afaeb93590, 7265;
v0x55afaeb93590_7266 .array/port v0x55afaeb93590, 7266;
E_0x55afaeb77280/1816 .event anyedge, v0x55afaeb93590_7263, v0x55afaeb93590_7264, v0x55afaeb93590_7265, v0x55afaeb93590_7266;
v0x55afaeb93590_7267 .array/port v0x55afaeb93590, 7267;
v0x55afaeb93590_7268 .array/port v0x55afaeb93590, 7268;
v0x55afaeb93590_7269 .array/port v0x55afaeb93590, 7269;
v0x55afaeb93590_7270 .array/port v0x55afaeb93590, 7270;
E_0x55afaeb77280/1817 .event anyedge, v0x55afaeb93590_7267, v0x55afaeb93590_7268, v0x55afaeb93590_7269, v0x55afaeb93590_7270;
v0x55afaeb93590_7271 .array/port v0x55afaeb93590, 7271;
v0x55afaeb93590_7272 .array/port v0x55afaeb93590, 7272;
v0x55afaeb93590_7273 .array/port v0x55afaeb93590, 7273;
v0x55afaeb93590_7274 .array/port v0x55afaeb93590, 7274;
E_0x55afaeb77280/1818 .event anyedge, v0x55afaeb93590_7271, v0x55afaeb93590_7272, v0x55afaeb93590_7273, v0x55afaeb93590_7274;
v0x55afaeb93590_7275 .array/port v0x55afaeb93590, 7275;
v0x55afaeb93590_7276 .array/port v0x55afaeb93590, 7276;
v0x55afaeb93590_7277 .array/port v0x55afaeb93590, 7277;
v0x55afaeb93590_7278 .array/port v0x55afaeb93590, 7278;
E_0x55afaeb77280/1819 .event anyedge, v0x55afaeb93590_7275, v0x55afaeb93590_7276, v0x55afaeb93590_7277, v0x55afaeb93590_7278;
v0x55afaeb93590_7279 .array/port v0x55afaeb93590, 7279;
v0x55afaeb93590_7280 .array/port v0x55afaeb93590, 7280;
v0x55afaeb93590_7281 .array/port v0x55afaeb93590, 7281;
v0x55afaeb93590_7282 .array/port v0x55afaeb93590, 7282;
E_0x55afaeb77280/1820 .event anyedge, v0x55afaeb93590_7279, v0x55afaeb93590_7280, v0x55afaeb93590_7281, v0x55afaeb93590_7282;
v0x55afaeb93590_7283 .array/port v0x55afaeb93590, 7283;
v0x55afaeb93590_7284 .array/port v0x55afaeb93590, 7284;
v0x55afaeb93590_7285 .array/port v0x55afaeb93590, 7285;
v0x55afaeb93590_7286 .array/port v0x55afaeb93590, 7286;
E_0x55afaeb77280/1821 .event anyedge, v0x55afaeb93590_7283, v0x55afaeb93590_7284, v0x55afaeb93590_7285, v0x55afaeb93590_7286;
v0x55afaeb93590_7287 .array/port v0x55afaeb93590, 7287;
v0x55afaeb93590_7288 .array/port v0x55afaeb93590, 7288;
v0x55afaeb93590_7289 .array/port v0x55afaeb93590, 7289;
v0x55afaeb93590_7290 .array/port v0x55afaeb93590, 7290;
E_0x55afaeb77280/1822 .event anyedge, v0x55afaeb93590_7287, v0x55afaeb93590_7288, v0x55afaeb93590_7289, v0x55afaeb93590_7290;
v0x55afaeb93590_7291 .array/port v0x55afaeb93590, 7291;
v0x55afaeb93590_7292 .array/port v0x55afaeb93590, 7292;
v0x55afaeb93590_7293 .array/port v0x55afaeb93590, 7293;
v0x55afaeb93590_7294 .array/port v0x55afaeb93590, 7294;
E_0x55afaeb77280/1823 .event anyedge, v0x55afaeb93590_7291, v0x55afaeb93590_7292, v0x55afaeb93590_7293, v0x55afaeb93590_7294;
v0x55afaeb93590_7295 .array/port v0x55afaeb93590, 7295;
v0x55afaeb93590_7296 .array/port v0x55afaeb93590, 7296;
v0x55afaeb93590_7297 .array/port v0x55afaeb93590, 7297;
v0x55afaeb93590_7298 .array/port v0x55afaeb93590, 7298;
E_0x55afaeb77280/1824 .event anyedge, v0x55afaeb93590_7295, v0x55afaeb93590_7296, v0x55afaeb93590_7297, v0x55afaeb93590_7298;
v0x55afaeb93590_7299 .array/port v0x55afaeb93590, 7299;
v0x55afaeb93590_7300 .array/port v0x55afaeb93590, 7300;
v0x55afaeb93590_7301 .array/port v0x55afaeb93590, 7301;
v0x55afaeb93590_7302 .array/port v0x55afaeb93590, 7302;
E_0x55afaeb77280/1825 .event anyedge, v0x55afaeb93590_7299, v0x55afaeb93590_7300, v0x55afaeb93590_7301, v0x55afaeb93590_7302;
v0x55afaeb93590_7303 .array/port v0x55afaeb93590, 7303;
v0x55afaeb93590_7304 .array/port v0x55afaeb93590, 7304;
v0x55afaeb93590_7305 .array/port v0x55afaeb93590, 7305;
v0x55afaeb93590_7306 .array/port v0x55afaeb93590, 7306;
E_0x55afaeb77280/1826 .event anyedge, v0x55afaeb93590_7303, v0x55afaeb93590_7304, v0x55afaeb93590_7305, v0x55afaeb93590_7306;
v0x55afaeb93590_7307 .array/port v0x55afaeb93590, 7307;
v0x55afaeb93590_7308 .array/port v0x55afaeb93590, 7308;
v0x55afaeb93590_7309 .array/port v0x55afaeb93590, 7309;
v0x55afaeb93590_7310 .array/port v0x55afaeb93590, 7310;
E_0x55afaeb77280/1827 .event anyedge, v0x55afaeb93590_7307, v0x55afaeb93590_7308, v0x55afaeb93590_7309, v0x55afaeb93590_7310;
v0x55afaeb93590_7311 .array/port v0x55afaeb93590, 7311;
v0x55afaeb93590_7312 .array/port v0x55afaeb93590, 7312;
v0x55afaeb93590_7313 .array/port v0x55afaeb93590, 7313;
v0x55afaeb93590_7314 .array/port v0x55afaeb93590, 7314;
E_0x55afaeb77280/1828 .event anyedge, v0x55afaeb93590_7311, v0x55afaeb93590_7312, v0x55afaeb93590_7313, v0x55afaeb93590_7314;
v0x55afaeb93590_7315 .array/port v0x55afaeb93590, 7315;
v0x55afaeb93590_7316 .array/port v0x55afaeb93590, 7316;
v0x55afaeb93590_7317 .array/port v0x55afaeb93590, 7317;
v0x55afaeb93590_7318 .array/port v0x55afaeb93590, 7318;
E_0x55afaeb77280/1829 .event anyedge, v0x55afaeb93590_7315, v0x55afaeb93590_7316, v0x55afaeb93590_7317, v0x55afaeb93590_7318;
v0x55afaeb93590_7319 .array/port v0x55afaeb93590, 7319;
v0x55afaeb93590_7320 .array/port v0x55afaeb93590, 7320;
v0x55afaeb93590_7321 .array/port v0x55afaeb93590, 7321;
v0x55afaeb93590_7322 .array/port v0x55afaeb93590, 7322;
E_0x55afaeb77280/1830 .event anyedge, v0x55afaeb93590_7319, v0x55afaeb93590_7320, v0x55afaeb93590_7321, v0x55afaeb93590_7322;
v0x55afaeb93590_7323 .array/port v0x55afaeb93590, 7323;
v0x55afaeb93590_7324 .array/port v0x55afaeb93590, 7324;
v0x55afaeb93590_7325 .array/port v0x55afaeb93590, 7325;
v0x55afaeb93590_7326 .array/port v0x55afaeb93590, 7326;
E_0x55afaeb77280/1831 .event anyedge, v0x55afaeb93590_7323, v0x55afaeb93590_7324, v0x55afaeb93590_7325, v0x55afaeb93590_7326;
v0x55afaeb93590_7327 .array/port v0x55afaeb93590, 7327;
v0x55afaeb93590_7328 .array/port v0x55afaeb93590, 7328;
v0x55afaeb93590_7329 .array/port v0x55afaeb93590, 7329;
v0x55afaeb93590_7330 .array/port v0x55afaeb93590, 7330;
E_0x55afaeb77280/1832 .event anyedge, v0x55afaeb93590_7327, v0x55afaeb93590_7328, v0x55afaeb93590_7329, v0x55afaeb93590_7330;
v0x55afaeb93590_7331 .array/port v0x55afaeb93590, 7331;
v0x55afaeb93590_7332 .array/port v0x55afaeb93590, 7332;
v0x55afaeb93590_7333 .array/port v0x55afaeb93590, 7333;
v0x55afaeb93590_7334 .array/port v0x55afaeb93590, 7334;
E_0x55afaeb77280/1833 .event anyedge, v0x55afaeb93590_7331, v0x55afaeb93590_7332, v0x55afaeb93590_7333, v0x55afaeb93590_7334;
v0x55afaeb93590_7335 .array/port v0x55afaeb93590, 7335;
v0x55afaeb93590_7336 .array/port v0x55afaeb93590, 7336;
v0x55afaeb93590_7337 .array/port v0x55afaeb93590, 7337;
v0x55afaeb93590_7338 .array/port v0x55afaeb93590, 7338;
E_0x55afaeb77280/1834 .event anyedge, v0x55afaeb93590_7335, v0x55afaeb93590_7336, v0x55afaeb93590_7337, v0x55afaeb93590_7338;
v0x55afaeb93590_7339 .array/port v0x55afaeb93590, 7339;
v0x55afaeb93590_7340 .array/port v0x55afaeb93590, 7340;
v0x55afaeb93590_7341 .array/port v0x55afaeb93590, 7341;
v0x55afaeb93590_7342 .array/port v0x55afaeb93590, 7342;
E_0x55afaeb77280/1835 .event anyedge, v0x55afaeb93590_7339, v0x55afaeb93590_7340, v0x55afaeb93590_7341, v0x55afaeb93590_7342;
v0x55afaeb93590_7343 .array/port v0x55afaeb93590, 7343;
v0x55afaeb93590_7344 .array/port v0x55afaeb93590, 7344;
v0x55afaeb93590_7345 .array/port v0x55afaeb93590, 7345;
v0x55afaeb93590_7346 .array/port v0x55afaeb93590, 7346;
E_0x55afaeb77280/1836 .event anyedge, v0x55afaeb93590_7343, v0x55afaeb93590_7344, v0x55afaeb93590_7345, v0x55afaeb93590_7346;
v0x55afaeb93590_7347 .array/port v0x55afaeb93590, 7347;
v0x55afaeb93590_7348 .array/port v0x55afaeb93590, 7348;
v0x55afaeb93590_7349 .array/port v0x55afaeb93590, 7349;
v0x55afaeb93590_7350 .array/port v0x55afaeb93590, 7350;
E_0x55afaeb77280/1837 .event anyedge, v0x55afaeb93590_7347, v0x55afaeb93590_7348, v0x55afaeb93590_7349, v0x55afaeb93590_7350;
v0x55afaeb93590_7351 .array/port v0x55afaeb93590, 7351;
v0x55afaeb93590_7352 .array/port v0x55afaeb93590, 7352;
v0x55afaeb93590_7353 .array/port v0x55afaeb93590, 7353;
v0x55afaeb93590_7354 .array/port v0x55afaeb93590, 7354;
E_0x55afaeb77280/1838 .event anyedge, v0x55afaeb93590_7351, v0x55afaeb93590_7352, v0x55afaeb93590_7353, v0x55afaeb93590_7354;
v0x55afaeb93590_7355 .array/port v0x55afaeb93590, 7355;
v0x55afaeb93590_7356 .array/port v0x55afaeb93590, 7356;
v0x55afaeb93590_7357 .array/port v0x55afaeb93590, 7357;
v0x55afaeb93590_7358 .array/port v0x55afaeb93590, 7358;
E_0x55afaeb77280/1839 .event anyedge, v0x55afaeb93590_7355, v0x55afaeb93590_7356, v0x55afaeb93590_7357, v0x55afaeb93590_7358;
v0x55afaeb93590_7359 .array/port v0x55afaeb93590, 7359;
v0x55afaeb93590_7360 .array/port v0x55afaeb93590, 7360;
v0x55afaeb93590_7361 .array/port v0x55afaeb93590, 7361;
v0x55afaeb93590_7362 .array/port v0x55afaeb93590, 7362;
E_0x55afaeb77280/1840 .event anyedge, v0x55afaeb93590_7359, v0x55afaeb93590_7360, v0x55afaeb93590_7361, v0x55afaeb93590_7362;
v0x55afaeb93590_7363 .array/port v0x55afaeb93590, 7363;
v0x55afaeb93590_7364 .array/port v0x55afaeb93590, 7364;
v0x55afaeb93590_7365 .array/port v0x55afaeb93590, 7365;
v0x55afaeb93590_7366 .array/port v0x55afaeb93590, 7366;
E_0x55afaeb77280/1841 .event anyedge, v0x55afaeb93590_7363, v0x55afaeb93590_7364, v0x55afaeb93590_7365, v0x55afaeb93590_7366;
v0x55afaeb93590_7367 .array/port v0x55afaeb93590, 7367;
v0x55afaeb93590_7368 .array/port v0x55afaeb93590, 7368;
v0x55afaeb93590_7369 .array/port v0x55afaeb93590, 7369;
v0x55afaeb93590_7370 .array/port v0x55afaeb93590, 7370;
E_0x55afaeb77280/1842 .event anyedge, v0x55afaeb93590_7367, v0x55afaeb93590_7368, v0x55afaeb93590_7369, v0x55afaeb93590_7370;
v0x55afaeb93590_7371 .array/port v0x55afaeb93590, 7371;
v0x55afaeb93590_7372 .array/port v0x55afaeb93590, 7372;
v0x55afaeb93590_7373 .array/port v0x55afaeb93590, 7373;
v0x55afaeb93590_7374 .array/port v0x55afaeb93590, 7374;
E_0x55afaeb77280/1843 .event anyedge, v0x55afaeb93590_7371, v0x55afaeb93590_7372, v0x55afaeb93590_7373, v0x55afaeb93590_7374;
v0x55afaeb93590_7375 .array/port v0x55afaeb93590, 7375;
v0x55afaeb93590_7376 .array/port v0x55afaeb93590, 7376;
v0x55afaeb93590_7377 .array/port v0x55afaeb93590, 7377;
v0x55afaeb93590_7378 .array/port v0x55afaeb93590, 7378;
E_0x55afaeb77280/1844 .event anyedge, v0x55afaeb93590_7375, v0x55afaeb93590_7376, v0x55afaeb93590_7377, v0x55afaeb93590_7378;
v0x55afaeb93590_7379 .array/port v0x55afaeb93590, 7379;
v0x55afaeb93590_7380 .array/port v0x55afaeb93590, 7380;
v0x55afaeb93590_7381 .array/port v0x55afaeb93590, 7381;
v0x55afaeb93590_7382 .array/port v0x55afaeb93590, 7382;
E_0x55afaeb77280/1845 .event anyedge, v0x55afaeb93590_7379, v0x55afaeb93590_7380, v0x55afaeb93590_7381, v0x55afaeb93590_7382;
v0x55afaeb93590_7383 .array/port v0x55afaeb93590, 7383;
v0x55afaeb93590_7384 .array/port v0x55afaeb93590, 7384;
v0x55afaeb93590_7385 .array/port v0x55afaeb93590, 7385;
v0x55afaeb93590_7386 .array/port v0x55afaeb93590, 7386;
E_0x55afaeb77280/1846 .event anyedge, v0x55afaeb93590_7383, v0x55afaeb93590_7384, v0x55afaeb93590_7385, v0x55afaeb93590_7386;
v0x55afaeb93590_7387 .array/port v0x55afaeb93590, 7387;
v0x55afaeb93590_7388 .array/port v0x55afaeb93590, 7388;
v0x55afaeb93590_7389 .array/port v0x55afaeb93590, 7389;
v0x55afaeb93590_7390 .array/port v0x55afaeb93590, 7390;
E_0x55afaeb77280/1847 .event anyedge, v0x55afaeb93590_7387, v0x55afaeb93590_7388, v0x55afaeb93590_7389, v0x55afaeb93590_7390;
v0x55afaeb93590_7391 .array/port v0x55afaeb93590, 7391;
v0x55afaeb93590_7392 .array/port v0x55afaeb93590, 7392;
v0x55afaeb93590_7393 .array/port v0x55afaeb93590, 7393;
v0x55afaeb93590_7394 .array/port v0x55afaeb93590, 7394;
E_0x55afaeb77280/1848 .event anyedge, v0x55afaeb93590_7391, v0x55afaeb93590_7392, v0x55afaeb93590_7393, v0x55afaeb93590_7394;
v0x55afaeb93590_7395 .array/port v0x55afaeb93590, 7395;
v0x55afaeb93590_7396 .array/port v0x55afaeb93590, 7396;
v0x55afaeb93590_7397 .array/port v0x55afaeb93590, 7397;
v0x55afaeb93590_7398 .array/port v0x55afaeb93590, 7398;
E_0x55afaeb77280/1849 .event anyedge, v0x55afaeb93590_7395, v0x55afaeb93590_7396, v0x55afaeb93590_7397, v0x55afaeb93590_7398;
v0x55afaeb93590_7399 .array/port v0x55afaeb93590, 7399;
v0x55afaeb93590_7400 .array/port v0x55afaeb93590, 7400;
v0x55afaeb93590_7401 .array/port v0x55afaeb93590, 7401;
v0x55afaeb93590_7402 .array/port v0x55afaeb93590, 7402;
E_0x55afaeb77280/1850 .event anyedge, v0x55afaeb93590_7399, v0x55afaeb93590_7400, v0x55afaeb93590_7401, v0x55afaeb93590_7402;
v0x55afaeb93590_7403 .array/port v0x55afaeb93590, 7403;
v0x55afaeb93590_7404 .array/port v0x55afaeb93590, 7404;
v0x55afaeb93590_7405 .array/port v0x55afaeb93590, 7405;
v0x55afaeb93590_7406 .array/port v0x55afaeb93590, 7406;
E_0x55afaeb77280/1851 .event anyedge, v0x55afaeb93590_7403, v0x55afaeb93590_7404, v0x55afaeb93590_7405, v0x55afaeb93590_7406;
v0x55afaeb93590_7407 .array/port v0x55afaeb93590, 7407;
v0x55afaeb93590_7408 .array/port v0x55afaeb93590, 7408;
v0x55afaeb93590_7409 .array/port v0x55afaeb93590, 7409;
v0x55afaeb93590_7410 .array/port v0x55afaeb93590, 7410;
E_0x55afaeb77280/1852 .event anyedge, v0x55afaeb93590_7407, v0x55afaeb93590_7408, v0x55afaeb93590_7409, v0x55afaeb93590_7410;
v0x55afaeb93590_7411 .array/port v0x55afaeb93590, 7411;
v0x55afaeb93590_7412 .array/port v0x55afaeb93590, 7412;
v0x55afaeb93590_7413 .array/port v0x55afaeb93590, 7413;
v0x55afaeb93590_7414 .array/port v0x55afaeb93590, 7414;
E_0x55afaeb77280/1853 .event anyedge, v0x55afaeb93590_7411, v0x55afaeb93590_7412, v0x55afaeb93590_7413, v0x55afaeb93590_7414;
v0x55afaeb93590_7415 .array/port v0x55afaeb93590, 7415;
v0x55afaeb93590_7416 .array/port v0x55afaeb93590, 7416;
v0x55afaeb93590_7417 .array/port v0x55afaeb93590, 7417;
v0x55afaeb93590_7418 .array/port v0x55afaeb93590, 7418;
E_0x55afaeb77280/1854 .event anyedge, v0x55afaeb93590_7415, v0x55afaeb93590_7416, v0x55afaeb93590_7417, v0x55afaeb93590_7418;
v0x55afaeb93590_7419 .array/port v0x55afaeb93590, 7419;
v0x55afaeb93590_7420 .array/port v0x55afaeb93590, 7420;
v0x55afaeb93590_7421 .array/port v0x55afaeb93590, 7421;
v0x55afaeb93590_7422 .array/port v0x55afaeb93590, 7422;
E_0x55afaeb77280/1855 .event anyedge, v0x55afaeb93590_7419, v0x55afaeb93590_7420, v0x55afaeb93590_7421, v0x55afaeb93590_7422;
v0x55afaeb93590_7423 .array/port v0x55afaeb93590, 7423;
v0x55afaeb93590_7424 .array/port v0x55afaeb93590, 7424;
v0x55afaeb93590_7425 .array/port v0x55afaeb93590, 7425;
v0x55afaeb93590_7426 .array/port v0x55afaeb93590, 7426;
E_0x55afaeb77280/1856 .event anyedge, v0x55afaeb93590_7423, v0x55afaeb93590_7424, v0x55afaeb93590_7425, v0x55afaeb93590_7426;
v0x55afaeb93590_7427 .array/port v0x55afaeb93590, 7427;
v0x55afaeb93590_7428 .array/port v0x55afaeb93590, 7428;
v0x55afaeb93590_7429 .array/port v0x55afaeb93590, 7429;
v0x55afaeb93590_7430 .array/port v0x55afaeb93590, 7430;
E_0x55afaeb77280/1857 .event anyedge, v0x55afaeb93590_7427, v0x55afaeb93590_7428, v0x55afaeb93590_7429, v0x55afaeb93590_7430;
v0x55afaeb93590_7431 .array/port v0x55afaeb93590, 7431;
v0x55afaeb93590_7432 .array/port v0x55afaeb93590, 7432;
v0x55afaeb93590_7433 .array/port v0x55afaeb93590, 7433;
v0x55afaeb93590_7434 .array/port v0x55afaeb93590, 7434;
E_0x55afaeb77280/1858 .event anyedge, v0x55afaeb93590_7431, v0x55afaeb93590_7432, v0x55afaeb93590_7433, v0x55afaeb93590_7434;
v0x55afaeb93590_7435 .array/port v0x55afaeb93590, 7435;
v0x55afaeb93590_7436 .array/port v0x55afaeb93590, 7436;
v0x55afaeb93590_7437 .array/port v0x55afaeb93590, 7437;
v0x55afaeb93590_7438 .array/port v0x55afaeb93590, 7438;
E_0x55afaeb77280/1859 .event anyedge, v0x55afaeb93590_7435, v0x55afaeb93590_7436, v0x55afaeb93590_7437, v0x55afaeb93590_7438;
v0x55afaeb93590_7439 .array/port v0x55afaeb93590, 7439;
v0x55afaeb93590_7440 .array/port v0x55afaeb93590, 7440;
v0x55afaeb93590_7441 .array/port v0x55afaeb93590, 7441;
v0x55afaeb93590_7442 .array/port v0x55afaeb93590, 7442;
E_0x55afaeb77280/1860 .event anyedge, v0x55afaeb93590_7439, v0x55afaeb93590_7440, v0x55afaeb93590_7441, v0x55afaeb93590_7442;
v0x55afaeb93590_7443 .array/port v0x55afaeb93590, 7443;
v0x55afaeb93590_7444 .array/port v0x55afaeb93590, 7444;
v0x55afaeb93590_7445 .array/port v0x55afaeb93590, 7445;
v0x55afaeb93590_7446 .array/port v0x55afaeb93590, 7446;
E_0x55afaeb77280/1861 .event anyedge, v0x55afaeb93590_7443, v0x55afaeb93590_7444, v0x55afaeb93590_7445, v0x55afaeb93590_7446;
v0x55afaeb93590_7447 .array/port v0x55afaeb93590, 7447;
v0x55afaeb93590_7448 .array/port v0x55afaeb93590, 7448;
v0x55afaeb93590_7449 .array/port v0x55afaeb93590, 7449;
v0x55afaeb93590_7450 .array/port v0x55afaeb93590, 7450;
E_0x55afaeb77280/1862 .event anyedge, v0x55afaeb93590_7447, v0x55afaeb93590_7448, v0x55afaeb93590_7449, v0x55afaeb93590_7450;
v0x55afaeb93590_7451 .array/port v0x55afaeb93590, 7451;
v0x55afaeb93590_7452 .array/port v0x55afaeb93590, 7452;
v0x55afaeb93590_7453 .array/port v0x55afaeb93590, 7453;
v0x55afaeb93590_7454 .array/port v0x55afaeb93590, 7454;
E_0x55afaeb77280/1863 .event anyedge, v0x55afaeb93590_7451, v0x55afaeb93590_7452, v0x55afaeb93590_7453, v0x55afaeb93590_7454;
v0x55afaeb93590_7455 .array/port v0x55afaeb93590, 7455;
v0x55afaeb93590_7456 .array/port v0x55afaeb93590, 7456;
v0x55afaeb93590_7457 .array/port v0x55afaeb93590, 7457;
v0x55afaeb93590_7458 .array/port v0x55afaeb93590, 7458;
E_0x55afaeb77280/1864 .event anyedge, v0x55afaeb93590_7455, v0x55afaeb93590_7456, v0x55afaeb93590_7457, v0x55afaeb93590_7458;
v0x55afaeb93590_7459 .array/port v0x55afaeb93590, 7459;
v0x55afaeb93590_7460 .array/port v0x55afaeb93590, 7460;
v0x55afaeb93590_7461 .array/port v0x55afaeb93590, 7461;
v0x55afaeb93590_7462 .array/port v0x55afaeb93590, 7462;
E_0x55afaeb77280/1865 .event anyedge, v0x55afaeb93590_7459, v0x55afaeb93590_7460, v0x55afaeb93590_7461, v0x55afaeb93590_7462;
v0x55afaeb93590_7463 .array/port v0x55afaeb93590, 7463;
v0x55afaeb93590_7464 .array/port v0x55afaeb93590, 7464;
v0x55afaeb93590_7465 .array/port v0x55afaeb93590, 7465;
v0x55afaeb93590_7466 .array/port v0x55afaeb93590, 7466;
E_0x55afaeb77280/1866 .event anyedge, v0x55afaeb93590_7463, v0x55afaeb93590_7464, v0x55afaeb93590_7465, v0x55afaeb93590_7466;
v0x55afaeb93590_7467 .array/port v0x55afaeb93590, 7467;
v0x55afaeb93590_7468 .array/port v0x55afaeb93590, 7468;
v0x55afaeb93590_7469 .array/port v0x55afaeb93590, 7469;
v0x55afaeb93590_7470 .array/port v0x55afaeb93590, 7470;
E_0x55afaeb77280/1867 .event anyedge, v0x55afaeb93590_7467, v0x55afaeb93590_7468, v0x55afaeb93590_7469, v0x55afaeb93590_7470;
v0x55afaeb93590_7471 .array/port v0x55afaeb93590, 7471;
v0x55afaeb93590_7472 .array/port v0x55afaeb93590, 7472;
v0x55afaeb93590_7473 .array/port v0x55afaeb93590, 7473;
v0x55afaeb93590_7474 .array/port v0x55afaeb93590, 7474;
E_0x55afaeb77280/1868 .event anyedge, v0x55afaeb93590_7471, v0x55afaeb93590_7472, v0x55afaeb93590_7473, v0x55afaeb93590_7474;
v0x55afaeb93590_7475 .array/port v0x55afaeb93590, 7475;
v0x55afaeb93590_7476 .array/port v0x55afaeb93590, 7476;
v0x55afaeb93590_7477 .array/port v0x55afaeb93590, 7477;
v0x55afaeb93590_7478 .array/port v0x55afaeb93590, 7478;
E_0x55afaeb77280/1869 .event anyedge, v0x55afaeb93590_7475, v0x55afaeb93590_7476, v0x55afaeb93590_7477, v0x55afaeb93590_7478;
v0x55afaeb93590_7479 .array/port v0x55afaeb93590, 7479;
v0x55afaeb93590_7480 .array/port v0x55afaeb93590, 7480;
v0x55afaeb93590_7481 .array/port v0x55afaeb93590, 7481;
v0x55afaeb93590_7482 .array/port v0x55afaeb93590, 7482;
E_0x55afaeb77280/1870 .event anyedge, v0x55afaeb93590_7479, v0x55afaeb93590_7480, v0x55afaeb93590_7481, v0x55afaeb93590_7482;
v0x55afaeb93590_7483 .array/port v0x55afaeb93590, 7483;
v0x55afaeb93590_7484 .array/port v0x55afaeb93590, 7484;
v0x55afaeb93590_7485 .array/port v0x55afaeb93590, 7485;
v0x55afaeb93590_7486 .array/port v0x55afaeb93590, 7486;
E_0x55afaeb77280/1871 .event anyedge, v0x55afaeb93590_7483, v0x55afaeb93590_7484, v0x55afaeb93590_7485, v0x55afaeb93590_7486;
v0x55afaeb93590_7487 .array/port v0x55afaeb93590, 7487;
v0x55afaeb93590_7488 .array/port v0x55afaeb93590, 7488;
v0x55afaeb93590_7489 .array/port v0x55afaeb93590, 7489;
v0x55afaeb93590_7490 .array/port v0x55afaeb93590, 7490;
E_0x55afaeb77280/1872 .event anyedge, v0x55afaeb93590_7487, v0x55afaeb93590_7488, v0x55afaeb93590_7489, v0x55afaeb93590_7490;
v0x55afaeb93590_7491 .array/port v0x55afaeb93590, 7491;
v0x55afaeb93590_7492 .array/port v0x55afaeb93590, 7492;
v0x55afaeb93590_7493 .array/port v0x55afaeb93590, 7493;
v0x55afaeb93590_7494 .array/port v0x55afaeb93590, 7494;
E_0x55afaeb77280/1873 .event anyedge, v0x55afaeb93590_7491, v0x55afaeb93590_7492, v0x55afaeb93590_7493, v0x55afaeb93590_7494;
v0x55afaeb93590_7495 .array/port v0x55afaeb93590, 7495;
v0x55afaeb93590_7496 .array/port v0x55afaeb93590, 7496;
v0x55afaeb93590_7497 .array/port v0x55afaeb93590, 7497;
v0x55afaeb93590_7498 .array/port v0x55afaeb93590, 7498;
E_0x55afaeb77280/1874 .event anyedge, v0x55afaeb93590_7495, v0x55afaeb93590_7496, v0x55afaeb93590_7497, v0x55afaeb93590_7498;
v0x55afaeb93590_7499 .array/port v0x55afaeb93590, 7499;
v0x55afaeb93590_7500 .array/port v0x55afaeb93590, 7500;
v0x55afaeb93590_7501 .array/port v0x55afaeb93590, 7501;
v0x55afaeb93590_7502 .array/port v0x55afaeb93590, 7502;
E_0x55afaeb77280/1875 .event anyedge, v0x55afaeb93590_7499, v0x55afaeb93590_7500, v0x55afaeb93590_7501, v0x55afaeb93590_7502;
v0x55afaeb93590_7503 .array/port v0x55afaeb93590, 7503;
v0x55afaeb93590_7504 .array/port v0x55afaeb93590, 7504;
v0x55afaeb93590_7505 .array/port v0x55afaeb93590, 7505;
v0x55afaeb93590_7506 .array/port v0x55afaeb93590, 7506;
E_0x55afaeb77280/1876 .event anyedge, v0x55afaeb93590_7503, v0x55afaeb93590_7504, v0x55afaeb93590_7505, v0x55afaeb93590_7506;
v0x55afaeb93590_7507 .array/port v0x55afaeb93590, 7507;
v0x55afaeb93590_7508 .array/port v0x55afaeb93590, 7508;
v0x55afaeb93590_7509 .array/port v0x55afaeb93590, 7509;
v0x55afaeb93590_7510 .array/port v0x55afaeb93590, 7510;
E_0x55afaeb77280/1877 .event anyedge, v0x55afaeb93590_7507, v0x55afaeb93590_7508, v0x55afaeb93590_7509, v0x55afaeb93590_7510;
v0x55afaeb93590_7511 .array/port v0x55afaeb93590, 7511;
v0x55afaeb93590_7512 .array/port v0x55afaeb93590, 7512;
v0x55afaeb93590_7513 .array/port v0x55afaeb93590, 7513;
v0x55afaeb93590_7514 .array/port v0x55afaeb93590, 7514;
E_0x55afaeb77280/1878 .event anyedge, v0x55afaeb93590_7511, v0x55afaeb93590_7512, v0x55afaeb93590_7513, v0x55afaeb93590_7514;
v0x55afaeb93590_7515 .array/port v0x55afaeb93590, 7515;
v0x55afaeb93590_7516 .array/port v0x55afaeb93590, 7516;
v0x55afaeb93590_7517 .array/port v0x55afaeb93590, 7517;
v0x55afaeb93590_7518 .array/port v0x55afaeb93590, 7518;
E_0x55afaeb77280/1879 .event anyedge, v0x55afaeb93590_7515, v0x55afaeb93590_7516, v0x55afaeb93590_7517, v0x55afaeb93590_7518;
v0x55afaeb93590_7519 .array/port v0x55afaeb93590, 7519;
v0x55afaeb93590_7520 .array/port v0x55afaeb93590, 7520;
v0x55afaeb93590_7521 .array/port v0x55afaeb93590, 7521;
v0x55afaeb93590_7522 .array/port v0x55afaeb93590, 7522;
E_0x55afaeb77280/1880 .event anyedge, v0x55afaeb93590_7519, v0x55afaeb93590_7520, v0x55afaeb93590_7521, v0x55afaeb93590_7522;
v0x55afaeb93590_7523 .array/port v0x55afaeb93590, 7523;
v0x55afaeb93590_7524 .array/port v0x55afaeb93590, 7524;
v0x55afaeb93590_7525 .array/port v0x55afaeb93590, 7525;
v0x55afaeb93590_7526 .array/port v0x55afaeb93590, 7526;
E_0x55afaeb77280/1881 .event anyedge, v0x55afaeb93590_7523, v0x55afaeb93590_7524, v0x55afaeb93590_7525, v0x55afaeb93590_7526;
v0x55afaeb93590_7527 .array/port v0x55afaeb93590, 7527;
v0x55afaeb93590_7528 .array/port v0x55afaeb93590, 7528;
v0x55afaeb93590_7529 .array/port v0x55afaeb93590, 7529;
v0x55afaeb93590_7530 .array/port v0x55afaeb93590, 7530;
E_0x55afaeb77280/1882 .event anyedge, v0x55afaeb93590_7527, v0x55afaeb93590_7528, v0x55afaeb93590_7529, v0x55afaeb93590_7530;
v0x55afaeb93590_7531 .array/port v0x55afaeb93590, 7531;
v0x55afaeb93590_7532 .array/port v0x55afaeb93590, 7532;
v0x55afaeb93590_7533 .array/port v0x55afaeb93590, 7533;
v0x55afaeb93590_7534 .array/port v0x55afaeb93590, 7534;
E_0x55afaeb77280/1883 .event anyedge, v0x55afaeb93590_7531, v0x55afaeb93590_7532, v0x55afaeb93590_7533, v0x55afaeb93590_7534;
v0x55afaeb93590_7535 .array/port v0x55afaeb93590, 7535;
v0x55afaeb93590_7536 .array/port v0x55afaeb93590, 7536;
v0x55afaeb93590_7537 .array/port v0x55afaeb93590, 7537;
v0x55afaeb93590_7538 .array/port v0x55afaeb93590, 7538;
E_0x55afaeb77280/1884 .event anyedge, v0x55afaeb93590_7535, v0x55afaeb93590_7536, v0x55afaeb93590_7537, v0x55afaeb93590_7538;
v0x55afaeb93590_7539 .array/port v0x55afaeb93590, 7539;
v0x55afaeb93590_7540 .array/port v0x55afaeb93590, 7540;
v0x55afaeb93590_7541 .array/port v0x55afaeb93590, 7541;
v0x55afaeb93590_7542 .array/port v0x55afaeb93590, 7542;
E_0x55afaeb77280/1885 .event anyedge, v0x55afaeb93590_7539, v0x55afaeb93590_7540, v0x55afaeb93590_7541, v0x55afaeb93590_7542;
v0x55afaeb93590_7543 .array/port v0x55afaeb93590, 7543;
v0x55afaeb93590_7544 .array/port v0x55afaeb93590, 7544;
v0x55afaeb93590_7545 .array/port v0x55afaeb93590, 7545;
v0x55afaeb93590_7546 .array/port v0x55afaeb93590, 7546;
E_0x55afaeb77280/1886 .event anyedge, v0x55afaeb93590_7543, v0x55afaeb93590_7544, v0x55afaeb93590_7545, v0x55afaeb93590_7546;
v0x55afaeb93590_7547 .array/port v0x55afaeb93590, 7547;
v0x55afaeb93590_7548 .array/port v0x55afaeb93590, 7548;
v0x55afaeb93590_7549 .array/port v0x55afaeb93590, 7549;
v0x55afaeb93590_7550 .array/port v0x55afaeb93590, 7550;
E_0x55afaeb77280/1887 .event anyedge, v0x55afaeb93590_7547, v0x55afaeb93590_7548, v0x55afaeb93590_7549, v0x55afaeb93590_7550;
v0x55afaeb93590_7551 .array/port v0x55afaeb93590, 7551;
v0x55afaeb93590_7552 .array/port v0x55afaeb93590, 7552;
v0x55afaeb93590_7553 .array/port v0x55afaeb93590, 7553;
v0x55afaeb93590_7554 .array/port v0x55afaeb93590, 7554;
E_0x55afaeb77280/1888 .event anyedge, v0x55afaeb93590_7551, v0x55afaeb93590_7552, v0x55afaeb93590_7553, v0x55afaeb93590_7554;
v0x55afaeb93590_7555 .array/port v0x55afaeb93590, 7555;
v0x55afaeb93590_7556 .array/port v0x55afaeb93590, 7556;
v0x55afaeb93590_7557 .array/port v0x55afaeb93590, 7557;
v0x55afaeb93590_7558 .array/port v0x55afaeb93590, 7558;
E_0x55afaeb77280/1889 .event anyedge, v0x55afaeb93590_7555, v0x55afaeb93590_7556, v0x55afaeb93590_7557, v0x55afaeb93590_7558;
v0x55afaeb93590_7559 .array/port v0x55afaeb93590, 7559;
v0x55afaeb93590_7560 .array/port v0x55afaeb93590, 7560;
v0x55afaeb93590_7561 .array/port v0x55afaeb93590, 7561;
v0x55afaeb93590_7562 .array/port v0x55afaeb93590, 7562;
E_0x55afaeb77280/1890 .event anyedge, v0x55afaeb93590_7559, v0x55afaeb93590_7560, v0x55afaeb93590_7561, v0x55afaeb93590_7562;
v0x55afaeb93590_7563 .array/port v0x55afaeb93590, 7563;
v0x55afaeb93590_7564 .array/port v0x55afaeb93590, 7564;
v0x55afaeb93590_7565 .array/port v0x55afaeb93590, 7565;
v0x55afaeb93590_7566 .array/port v0x55afaeb93590, 7566;
E_0x55afaeb77280/1891 .event anyedge, v0x55afaeb93590_7563, v0x55afaeb93590_7564, v0x55afaeb93590_7565, v0x55afaeb93590_7566;
v0x55afaeb93590_7567 .array/port v0x55afaeb93590, 7567;
v0x55afaeb93590_7568 .array/port v0x55afaeb93590, 7568;
v0x55afaeb93590_7569 .array/port v0x55afaeb93590, 7569;
v0x55afaeb93590_7570 .array/port v0x55afaeb93590, 7570;
E_0x55afaeb77280/1892 .event anyedge, v0x55afaeb93590_7567, v0x55afaeb93590_7568, v0x55afaeb93590_7569, v0x55afaeb93590_7570;
v0x55afaeb93590_7571 .array/port v0x55afaeb93590, 7571;
v0x55afaeb93590_7572 .array/port v0x55afaeb93590, 7572;
v0x55afaeb93590_7573 .array/port v0x55afaeb93590, 7573;
v0x55afaeb93590_7574 .array/port v0x55afaeb93590, 7574;
E_0x55afaeb77280/1893 .event anyedge, v0x55afaeb93590_7571, v0x55afaeb93590_7572, v0x55afaeb93590_7573, v0x55afaeb93590_7574;
v0x55afaeb93590_7575 .array/port v0x55afaeb93590, 7575;
v0x55afaeb93590_7576 .array/port v0x55afaeb93590, 7576;
v0x55afaeb93590_7577 .array/port v0x55afaeb93590, 7577;
v0x55afaeb93590_7578 .array/port v0x55afaeb93590, 7578;
E_0x55afaeb77280/1894 .event anyedge, v0x55afaeb93590_7575, v0x55afaeb93590_7576, v0x55afaeb93590_7577, v0x55afaeb93590_7578;
v0x55afaeb93590_7579 .array/port v0x55afaeb93590, 7579;
v0x55afaeb93590_7580 .array/port v0x55afaeb93590, 7580;
v0x55afaeb93590_7581 .array/port v0x55afaeb93590, 7581;
v0x55afaeb93590_7582 .array/port v0x55afaeb93590, 7582;
E_0x55afaeb77280/1895 .event anyedge, v0x55afaeb93590_7579, v0x55afaeb93590_7580, v0x55afaeb93590_7581, v0x55afaeb93590_7582;
v0x55afaeb93590_7583 .array/port v0x55afaeb93590, 7583;
v0x55afaeb93590_7584 .array/port v0x55afaeb93590, 7584;
v0x55afaeb93590_7585 .array/port v0x55afaeb93590, 7585;
v0x55afaeb93590_7586 .array/port v0x55afaeb93590, 7586;
E_0x55afaeb77280/1896 .event anyedge, v0x55afaeb93590_7583, v0x55afaeb93590_7584, v0x55afaeb93590_7585, v0x55afaeb93590_7586;
v0x55afaeb93590_7587 .array/port v0x55afaeb93590, 7587;
v0x55afaeb93590_7588 .array/port v0x55afaeb93590, 7588;
v0x55afaeb93590_7589 .array/port v0x55afaeb93590, 7589;
v0x55afaeb93590_7590 .array/port v0x55afaeb93590, 7590;
E_0x55afaeb77280/1897 .event anyedge, v0x55afaeb93590_7587, v0x55afaeb93590_7588, v0x55afaeb93590_7589, v0x55afaeb93590_7590;
v0x55afaeb93590_7591 .array/port v0x55afaeb93590, 7591;
v0x55afaeb93590_7592 .array/port v0x55afaeb93590, 7592;
v0x55afaeb93590_7593 .array/port v0x55afaeb93590, 7593;
v0x55afaeb93590_7594 .array/port v0x55afaeb93590, 7594;
E_0x55afaeb77280/1898 .event anyedge, v0x55afaeb93590_7591, v0x55afaeb93590_7592, v0x55afaeb93590_7593, v0x55afaeb93590_7594;
v0x55afaeb93590_7595 .array/port v0x55afaeb93590, 7595;
v0x55afaeb93590_7596 .array/port v0x55afaeb93590, 7596;
v0x55afaeb93590_7597 .array/port v0x55afaeb93590, 7597;
v0x55afaeb93590_7598 .array/port v0x55afaeb93590, 7598;
E_0x55afaeb77280/1899 .event anyedge, v0x55afaeb93590_7595, v0x55afaeb93590_7596, v0x55afaeb93590_7597, v0x55afaeb93590_7598;
v0x55afaeb93590_7599 .array/port v0x55afaeb93590, 7599;
v0x55afaeb93590_7600 .array/port v0x55afaeb93590, 7600;
v0x55afaeb93590_7601 .array/port v0x55afaeb93590, 7601;
v0x55afaeb93590_7602 .array/port v0x55afaeb93590, 7602;
E_0x55afaeb77280/1900 .event anyedge, v0x55afaeb93590_7599, v0x55afaeb93590_7600, v0x55afaeb93590_7601, v0x55afaeb93590_7602;
v0x55afaeb93590_7603 .array/port v0x55afaeb93590, 7603;
v0x55afaeb93590_7604 .array/port v0x55afaeb93590, 7604;
v0x55afaeb93590_7605 .array/port v0x55afaeb93590, 7605;
v0x55afaeb93590_7606 .array/port v0x55afaeb93590, 7606;
E_0x55afaeb77280/1901 .event anyedge, v0x55afaeb93590_7603, v0x55afaeb93590_7604, v0x55afaeb93590_7605, v0x55afaeb93590_7606;
v0x55afaeb93590_7607 .array/port v0x55afaeb93590, 7607;
v0x55afaeb93590_7608 .array/port v0x55afaeb93590, 7608;
v0x55afaeb93590_7609 .array/port v0x55afaeb93590, 7609;
v0x55afaeb93590_7610 .array/port v0x55afaeb93590, 7610;
E_0x55afaeb77280/1902 .event anyedge, v0x55afaeb93590_7607, v0x55afaeb93590_7608, v0x55afaeb93590_7609, v0x55afaeb93590_7610;
v0x55afaeb93590_7611 .array/port v0x55afaeb93590, 7611;
v0x55afaeb93590_7612 .array/port v0x55afaeb93590, 7612;
v0x55afaeb93590_7613 .array/port v0x55afaeb93590, 7613;
v0x55afaeb93590_7614 .array/port v0x55afaeb93590, 7614;
E_0x55afaeb77280/1903 .event anyedge, v0x55afaeb93590_7611, v0x55afaeb93590_7612, v0x55afaeb93590_7613, v0x55afaeb93590_7614;
v0x55afaeb93590_7615 .array/port v0x55afaeb93590, 7615;
v0x55afaeb93590_7616 .array/port v0x55afaeb93590, 7616;
v0x55afaeb93590_7617 .array/port v0x55afaeb93590, 7617;
v0x55afaeb93590_7618 .array/port v0x55afaeb93590, 7618;
E_0x55afaeb77280/1904 .event anyedge, v0x55afaeb93590_7615, v0x55afaeb93590_7616, v0x55afaeb93590_7617, v0x55afaeb93590_7618;
v0x55afaeb93590_7619 .array/port v0x55afaeb93590, 7619;
v0x55afaeb93590_7620 .array/port v0x55afaeb93590, 7620;
v0x55afaeb93590_7621 .array/port v0x55afaeb93590, 7621;
v0x55afaeb93590_7622 .array/port v0x55afaeb93590, 7622;
E_0x55afaeb77280/1905 .event anyedge, v0x55afaeb93590_7619, v0x55afaeb93590_7620, v0x55afaeb93590_7621, v0x55afaeb93590_7622;
v0x55afaeb93590_7623 .array/port v0x55afaeb93590, 7623;
v0x55afaeb93590_7624 .array/port v0x55afaeb93590, 7624;
v0x55afaeb93590_7625 .array/port v0x55afaeb93590, 7625;
v0x55afaeb93590_7626 .array/port v0x55afaeb93590, 7626;
E_0x55afaeb77280/1906 .event anyedge, v0x55afaeb93590_7623, v0x55afaeb93590_7624, v0x55afaeb93590_7625, v0x55afaeb93590_7626;
v0x55afaeb93590_7627 .array/port v0x55afaeb93590, 7627;
v0x55afaeb93590_7628 .array/port v0x55afaeb93590, 7628;
v0x55afaeb93590_7629 .array/port v0x55afaeb93590, 7629;
v0x55afaeb93590_7630 .array/port v0x55afaeb93590, 7630;
E_0x55afaeb77280/1907 .event anyedge, v0x55afaeb93590_7627, v0x55afaeb93590_7628, v0x55afaeb93590_7629, v0x55afaeb93590_7630;
v0x55afaeb93590_7631 .array/port v0x55afaeb93590, 7631;
v0x55afaeb93590_7632 .array/port v0x55afaeb93590, 7632;
v0x55afaeb93590_7633 .array/port v0x55afaeb93590, 7633;
v0x55afaeb93590_7634 .array/port v0x55afaeb93590, 7634;
E_0x55afaeb77280/1908 .event anyedge, v0x55afaeb93590_7631, v0x55afaeb93590_7632, v0x55afaeb93590_7633, v0x55afaeb93590_7634;
v0x55afaeb93590_7635 .array/port v0x55afaeb93590, 7635;
v0x55afaeb93590_7636 .array/port v0x55afaeb93590, 7636;
v0x55afaeb93590_7637 .array/port v0x55afaeb93590, 7637;
v0x55afaeb93590_7638 .array/port v0x55afaeb93590, 7638;
E_0x55afaeb77280/1909 .event anyedge, v0x55afaeb93590_7635, v0x55afaeb93590_7636, v0x55afaeb93590_7637, v0x55afaeb93590_7638;
v0x55afaeb93590_7639 .array/port v0x55afaeb93590, 7639;
v0x55afaeb93590_7640 .array/port v0x55afaeb93590, 7640;
v0x55afaeb93590_7641 .array/port v0x55afaeb93590, 7641;
v0x55afaeb93590_7642 .array/port v0x55afaeb93590, 7642;
E_0x55afaeb77280/1910 .event anyedge, v0x55afaeb93590_7639, v0x55afaeb93590_7640, v0x55afaeb93590_7641, v0x55afaeb93590_7642;
v0x55afaeb93590_7643 .array/port v0x55afaeb93590, 7643;
v0x55afaeb93590_7644 .array/port v0x55afaeb93590, 7644;
v0x55afaeb93590_7645 .array/port v0x55afaeb93590, 7645;
v0x55afaeb93590_7646 .array/port v0x55afaeb93590, 7646;
E_0x55afaeb77280/1911 .event anyedge, v0x55afaeb93590_7643, v0x55afaeb93590_7644, v0x55afaeb93590_7645, v0x55afaeb93590_7646;
v0x55afaeb93590_7647 .array/port v0x55afaeb93590, 7647;
v0x55afaeb93590_7648 .array/port v0x55afaeb93590, 7648;
v0x55afaeb93590_7649 .array/port v0x55afaeb93590, 7649;
v0x55afaeb93590_7650 .array/port v0x55afaeb93590, 7650;
E_0x55afaeb77280/1912 .event anyedge, v0x55afaeb93590_7647, v0x55afaeb93590_7648, v0x55afaeb93590_7649, v0x55afaeb93590_7650;
v0x55afaeb93590_7651 .array/port v0x55afaeb93590, 7651;
v0x55afaeb93590_7652 .array/port v0x55afaeb93590, 7652;
v0x55afaeb93590_7653 .array/port v0x55afaeb93590, 7653;
v0x55afaeb93590_7654 .array/port v0x55afaeb93590, 7654;
E_0x55afaeb77280/1913 .event anyedge, v0x55afaeb93590_7651, v0x55afaeb93590_7652, v0x55afaeb93590_7653, v0x55afaeb93590_7654;
v0x55afaeb93590_7655 .array/port v0x55afaeb93590, 7655;
v0x55afaeb93590_7656 .array/port v0x55afaeb93590, 7656;
v0x55afaeb93590_7657 .array/port v0x55afaeb93590, 7657;
v0x55afaeb93590_7658 .array/port v0x55afaeb93590, 7658;
E_0x55afaeb77280/1914 .event anyedge, v0x55afaeb93590_7655, v0x55afaeb93590_7656, v0x55afaeb93590_7657, v0x55afaeb93590_7658;
v0x55afaeb93590_7659 .array/port v0x55afaeb93590, 7659;
v0x55afaeb93590_7660 .array/port v0x55afaeb93590, 7660;
v0x55afaeb93590_7661 .array/port v0x55afaeb93590, 7661;
v0x55afaeb93590_7662 .array/port v0x55afaeb93590, 7662;
E_0x55afaeb77280/1915 .event anyedge, v0x55afaeb93590_7659, v0x55afaeb93590_7660, v0x55afaeb93590_7661, v0x55afaeb93590_7662;
v0x55afaeb93590_7663 .array/port v0x55afaeb93590, 7663;
v0x55afaeb93590_7664 .array/port v0x55afaeb93590, 7664;
v0x55afaeb93590_7665 .array/port v0x55afaeb93590, 7665;
v0x55afaeb93590_7666 .array/port v0x55afaeb93590, 7666;
E_0x55afaeb77280/1916 .event anyedge, v0x55afaeb93590_7663, v0x55afaeb93590_7664, v0x55afaeb93590_7665, v0x55afaeb93590_7666;
v0x55afaeb93590_7667 .array/port v0x55afaeb93590, 7667;
v0x55afaeb93590_7668 .array/port v0x55afaeb93590, 7668;
v0x55afaeb93590_7669 .array/port v0x55afaeb93590, 7669;
v0x55afaeb93590_7670 .array/port v0x55afaeb93590, 7670;
E_0x55afaeb77280/1917 .event anyedge, v0x55afaeb93590_7667, v0x55afaeb93590_7668, v0x55afaeb93590_7669, v0x55afaeb93590_7670;
v0x55afaeb93590_7671 .array/port v0x55afaeb93590, 7671;
v0x55afaeb93590_7672 .array/port v0x55afaeb93590, 7672;
v0x55afaeb93590_7673 .array/port v0x55afaeb93590, 7673;
v0x55afaeb93590_7674 .array/port v0x55afaeb93590, 7674;
E_0x55afaeb77280/1918 .event anyedge, v0x55afaeb93590_7671, v0x55afaeb93590_7672, v0x55afaeb93590_7673, v0x55afaeb93590_7674;
v0x55afaeb93590_7675 .array/port v0x55afaeb93590, 7675;
v0x55afaeb93590_7676 .array/port v0x55afaeb93590, 7676;
v0x55afaeb93590_7677 .array/port v0x55afaeb93590, 7677;
v0x55afaeb93590_7678 .array/port v0x55afaeb93590, 7678;
E_0x55afaeb77280/1919 .event anyedge, v0x55afaeb93590_7675, v0x55afaeb93590_7676, v0x55afaeb93590_7677, v0x55afaeb93590_7678;
v0x55afaeb93590_7679 .array/port v0x55afaeb93590, 7679;
v0x55afaeb93590_7680 .array/port v0x55afaeb93590, 7680;
v0x55afaeb93590_7681 .array/port v0x55afaeb93590, 7681;
v0x55afaeb93590_7682 .array/port v0x55afaeb93590, 7682;
E_0x55afaeb77280/1920 .event anyedge, v0x55afaeb93590_7679, v0x55afaeb93590_7680, v0x55afaeb93590_7681, v0x55afaeb93590_7682;
v0x55afaeb93590_7683 .array/port v0x55afaeb93590, 7683;
v0x55afaeb93590_7684 .array/port v0x55afaeb93590, 7684;
v0x55afaeb93590_7685 .array/port v0x55afaeb93590, 7685;
v0x55afaeb93590_7686 .array/port v0x55afaeb93590, 7686;
E_0x55afaeb77280/1921 .event anyedge, v0x55afaeb93590_7683, v0x55afaeb93590_7684, v0x55afaeb93590_7685, v0x55afaeb93590_7686;
v0x55afaeb93590_7687 .array/port v0x55afaeb93590, 7687;
v0x55afaeb93590_7688 .array/port v0x55afaeb93590, 7688;
v0x55afaeb93590_7689 .array/port v0x55afaeb93590, 7689;
v0x55afaeb93590_7690 .array/port v0x55afaeb93590, 7690;
E_0x55afaeb77280/1922 .event anyedge, v0x55afaeb93590_7687, v0x55afaeb93590_7688, v0x55afaeb93590_7689, v0x55afaeb93590_7690;
v0x55afaeb93590_7691 .array/port v0x55afaeb93590, 7691;
v0x55afaeb93590_7692 .array/port v0x55afaeb93590, 7692;
v0x55afaeb93590_7693 .array/port v0x55afaeb93590, 7693;
v0x55afaeb93590_7694 .array/port v0x55afaeb93590, 7694;
E_0x55afaeb77280/1923 .event anyedge, v0x55afaeb93590_7691, v0x55afaeb93590_7692, v0x55afaeb93590_7693, v0x55afaeb93590_7694;
v0x55afaeb93590_7695 .array/port v0x55afaeb93590, 7695;
v0x55afaeb93590_7696 .array/port v0x55afaeb93590, 7696;
v0x55afaeb93590_7697 .array/port v0x55afaeb93590, 7697;
v0x55afaeb93590_7698 .array/port v0x55afaeb93590, 7698;
E_0x55afaeb77280/1924 .event anyedge, v0x55afaeb93590_7695, v0x55afaeb93590_7696, v0x55afaeb93590_7697, v0x55afaeb93590_7698;
v0x55afaeb93590_7699 .array/port v0x55afaeb93590, 7699;
v0x55afaeb93590_7700 .array/port v0x55afaeb93590, 7700;
v0x55afaeb93590_7701 .array/port v0x55afaeb93590, 7701;
v0x55afaeb93590_7702 .array/port v0x55afaeb93590, 7702;
E_0x55afaeb77280/1925 .event anyedge, v0x55afaeb93590_7699, v0x55afaeb93590_7700, v0x55afaeb93590_7701, v0x55afaeb93590_7702;
v0x55afaeb93590_7703 .array/port v0x55afaeb93590, 7703;
v0x55afaeb93590_7704 .array/port v0x55afaeb93590, 7704;
v0x55afaeb93590_7705 .array/port v0x55afaeb93590, 7705;
v0x55afaeb93590_7706 .array/port v0x55afaeb93590, 7706;
E_0x55afaeb77280/1926 .event anyedge, v0x55afaeb93590_7703, v0x55afaeb93590_7704, v0x55afaeb93590_7705, v0x55afaeb93590_7706;
v0x55afaeb93590_7707 .array/port v0x55afaeb93590, 7707;
v0x55afaeb93590_7708 .array/port v0x55afaeb93590, 7708;
v0x55afaeb93590_7709 .array/port v0x55afaeb93590, 7709;
v0x55afaeb93590_7710 .array/port v0x55afaeb93590, 7710;
E_0x55afaeb77280/1927 .event anyedge, v0x55afaeb93590_7707, v0x55afaeb93590_7708, v0x55afaeb93590_7709, v0x55afaeb93590_7710;
v0x55afaeb93590_7711 .array/port v0x55afaeb93590, 7711;
v0x55afaeb93590_7712 .array/port v0x55afaeb93590, 7712;
v0x55afaeb93590_7713 .array/port v0x55afaeb93590, 7713;
v0x55afaeb93590_7714 .array/port v0x55afaeb93590, 7714;
E_0x55afaeb77280/1928 .event anyedge, v0x55afaeb93590_7711, v0x55afaeb93590_7712, v0x55afaeb93590_7713, v0x55afaeb93590_7714;
v0x55afaeb93590_7715 .array/port v0x55afaeb93590, 7715;
v0x55afaeb93590_7716 .array/port v0x55afaeb93590, 7716;
v0x55afaeb93590_7717 .array/port v0x55afaeb93590, 7717;
v0x55afaeb93590_7718 .array/port v0x55afaeb93590, 7718;
E_0x55afaeb77280/1929 .event anyedge, v0x55afaeb93590_7715, v0x55afaeb93590_7716, v0x55afaeb93590_7717, v0x55afaeb93590_7718;
v0x55afaeb93590_7719 .array/port v0x55afaeb93590, 7719;
v0x55afaeb93590_7720 .array/port v0x55afaeb93590, 7720;
v0x55afaeb93590_7721 .array/port v0x55afaeb93590, 7721;
v0x55afaeb93590_7722 .array/port v0x55afaeb93590, 7722;
E_0x55afaeb77280/1930 .event anyedge, v0x55afaeb93590_7719, v0x55afaeb93590_7720, v0x55afaeb93590_7721, v0x55afaeb93590_7722;
v0x55afaeb93590_7723 .array/port v0x55afaeb93590, 7723;
v0x55afaeb93590_7724 .array/port v0x55afaeb93590, 7724;
v0x55afaeb93590_7725 .array/port v0x55afaeb93590, 7725;
v0x55afaeb93590_7726 .array/port v0x55afaeb93590, 7726;
E_0x55afaeb77280/1931 .event anyedge, v0x55afaeb93590_7723, v0x55afaeb93590_7724, v0x55afaeb93590_7725, v0x55afaeb93590_7726;
v0x55afaeb93590_7727 .array/port v0x55afaeb93590, 7727;
v0x55afaeb93590_7728 .array/port v0x55afaeb93590, 7728;
v0x55afaeb93590_7729 .array/port v0x55afaeb93590, 7729;
v0x55afaeb93590_7730 .array/port v0x55afaeb93590, 7730;
E_0x55afaeb77280/1932 .event anyedge, v0x55afaeb93590_7727, v0x55afaeb93590_7728, v0x55afaeb93590_7729, v0x55afaeb93590_7730;
v0x55afaeb93590_7731 .array/port v0x55afaeb93590, 7731;
v0x55afaeb93590_7732 .array/port v0x55afaeb93590, 7732;
v0x55afaeb93590_7733 .array/port v0x55afaeb93590, 7733;
v0x55afaeb93590_7734 .array/port v0x55afaeb93590, 7734;
E_0x55afaeb77280/1933 .event anyedge, v0x55afaeb93590_7731, v0x55afaeb93590_7732, v0x55afaeb93590_7733, v0x55afaeb93590_7734;
v0x55afaeb93590_7735 .array/port v0x55afaeb93590, 7735;
v0x55afaeb93590_7736 .array/port v0x55afaeb93590, 7736;
v0x55afaeb93590_7737 .array/port v0x55afaeb93590, 7737;
v0x55afaeb93590_7738 .array/port v0x55afaeb93590, 7738;
E_0x55afaeb77280/1934 .event anyedge, v0x55afaeb93590_7735, v0x55afaeb93590_7736, v0x55afaeb93590_7737, v0x55afaeb93590_7738;
v0x55afaeb93590_7739 .array/port v0x55afaeb93590, 7739;
v0x55afaeb93590_7740 .array/port v0x55afaeb93590, 7740;
v0x55afaeb93590_7741 .array/port v0x55afaeb93590, 7741;
v0x55afaeb93590_7742 .array/port v0x55afaeb93590, 7742;
E_0x55afaeb77280/1935 .event anyedge, v0x55afaeb93590_7739, v0x55afaeb93590_7740, v0x55afaeb93590_7741, v0x55afaeb93590_7742;
v0x55afaeb93590_7743 .array/port v0x55afaeb93590, 7743;
v0x55afaeb93590_7744 .array/port v0x55afaeb93590, 7744;
v0x55afaeb93590_7745 .array/port v0x55afaeb93590, 7745;
v0x55afaeb93590_7746 .array/port v0x55afaeb93590, 7746;
E_0x55afaeb77280/1936 .event anyedge, v0x55afaeb93590_7743, v0x55afaeb93590_7744, v0x55afaeb93590_7745, v0x55afaeb93590_7746;
v0x55afaeb93590_7747 .array/port v0x55afaeb93590, 7747;
v0x55afaeb93590_7748 .array/port v0x55afaeb93590, 7748;
v0x55afaeb93590_7749 .array/port v0x55afaeb93590, 7749;
v0x55afaeb93590_7750 .array/port v0x55afaeb93590, 7750;
E_0x55afaeb77280/1937 .event anyedge, v0x55afaeb93590_7747, v0x55afaeb93590_7748, v0x55afaeb93590_7749, v0x55afaeb93590_7750;
v0x55afaeb93590_7751 .array/port v0x55afaeb93590, 7751;
v0x55afaeb93590_7752 .array/port v0x55afaeb93590, 7752;
v0x55afaeb93590_7753 .array/port v0x55afaeb93590, 7753;
v0x55afaeb93590_7754 .array/port v0x55afaeb93590, 7754;
E_0x55afaeb77280/1938 .event anyedge, v0x55afaeb93590_7751, v0x55afaeb93590_7752, v0x55afaeb93590_7753, v0x55afaeb93590_7754;
v0x55afaeb93590_7755 .array/port v0x55afaeb93590, 7755;
v0x55afaeb93590_7756 .array/port v0x55afaeb93590, 7756;
v0x55afaeb93590_7757 .array/port v0x55afaeb93590, 7757;
v0x55afaeb93590_7758 .array/port v0x55afaeb93590, 7758;
E_0x55afaeb77280/1939 .event anyedge, v0x55afaeb93590_7755, v0x55afaeb93590_7756, v0x55afaeb93590_7757, v0x55afaeb93590_7758;
v0x55afaeb93590_7759 .array/port v0x55afaeb93590, 7759;
v0x55afaeb93590_7760 .array/port v0x55afaeb93590, 7760;
v0x55afaeb93590_7761 .array/port v0x55afaeb93590, 7761;
v0x55afaeb93590_7762 .array/port v0x55afaeb93590, 7762;
E_0x55afaeb77280/1940 .event anyedge, v0x55afaeb93590_7759, v0x55afaeb93590_7760, v0x55afaeb93590_7761, v0x55afaeb93590_7762;
v0x55afaeb93590_7763 .array/port v0x55afaeb93590, 7763;
v0x55afaeb93590_7764 .array/port v0x55afaeb93590, 7764;
v0x55afaeb93590_7765 .array/port v0x55afaeb93590, 7765;
v0x55afaeb93590_7766 .array/port v0x55afaeb93590, 7766;
E_0x55afaeb77280/1941 .event anyedge, v0x55afaeb93590_7763, v0x55afaeb93590_7764, v0x55afaeb93590_7765, v0x55afaeb93590_7766;
v0x55afaeb93590_7767 .array/port v0x55afaeb93590, 7767;
v0x55afaeb93590_7768 .array/port v0x55afaeb93590, 7768;
v0x55afaeb93590_7769 .array/port v0x55afaeb93590, 7769;
v0x55afaeb93590_7770 .array/port v0x55afaeb93590, 7770;
E_0x55afaeb77280/1942 .event anyedge, v0x55afaeb93590_7767, v0x55afaeb93590_7768, v0x55afaeb93590_7769, v0x55afaeb93590_7770;
v0x55afaeb93590_7771 .array/port v0x55afaeb93590, 7771;
v0x55afaeb93590_7772 .array/port v0x55afaeb93590, 7772;
v0x55afaeb93590_7773 .array/port v0x55afaeb93590, 7773;
v0x55afaeb93590_7774 .array/port v0x55afaeb93590, 7774;
E_0x55afaeb77280/1943 .event anyedge, v0x55afaeb93590_7771, v0x55afaeb93590_7772, v0x55afaeb93590_7773, v0x55afaeb93590_7774;
v0x55afaeb93590_7775 .array/port v0x55afaeb93590, 7775;
v0x55afaeb93590_7776 .array/port v0x55afaeb93590, 7776;
v0x55afaeb93590_7777 .array/port v0x55afaeb93590, 7777;
v0x55afaeb93590_7778 .array/port v0x55afaeb93590, 7778;
E_0x55afaeb77280/1944 .event anyedge, v0x55afaeb93590_7775, v0x55afaeb93590_7776, v0x55afaeb93590_7777, v0x55afaeb93590_7778;
v0x55afaeb93590_7779 .array/port v0x55afaeb93590, 7779;
v0x55afaeb93590_7780 .array/port v0x55afaeb93590, 7780;
v0x55afaeb93590_7781 .array/port v0x55afaeb93590, 7781;
v0x55afaeb93590_7782 .array/port v0x55afaeb93590, 7782;
E_0x55afaeb77280/1945 .event anyedge, v0x55afaeb93590_7779, v0x55afaeb93590_7780, v0x55afaeb93590_7781, v0x55afaeb93590_7782;
v0x55afaeb93590_7783 .array/port v0x55afaeb93590, 7783;
v0x55afaeb93590_7784 .array/port v0x55afaeb93590, 7784;
v0x55afaeb93590_7785 .array/port v0x55afaeb93590, 7785;
v0x55afaeb93590_7786 .array/port v0x55afaeb93590, 7786;
E_0x55afaeb77280/1946 .event anyedge, v0x55afaeb93590_7783, v0x55afaeb93590_7784, v0x55afaeb93590_7785, v0x55afaeb93590_7786;
v0x55afaeb93590_7787 .array/port v0x55afaeb93590, 7787;
v0x55afaeb93590_7788 .array/port v0x55afaeb93590, 7788;
v0x55afaeb93590_7789 .array/port v0x55afaeb93590, 7789;
v0x55afaeb93590_7790 .array/port v0x55afaeb93590, 7790;
E_0x55afaeb77280/1947 .event anyedge, v0x55afaeb93590_7787, v0x55afaeb93590_7788, v0x55afaeb93590_7789, v0x55afaeb93590_7790;
v0x55afaeb93590_7791 .array/port v0x55afaeb93590, 7791;
v0x55afaeb93590_7792 .array/port v0x55afaeb93590, 7792;
v0x55afaeb93590_7793 .array/port v0x55afaeb93590, 7793;
v0x55afaeb93590_7794 .array/port v0x55afaeb93590, 7794;
E_0x55afaeb77280/1948 .event anyedge, v0x55afaeb93590_7791, v0x55afaeb93590_7792, v0x55afaeb93590_7793, v0x55afaeb93590_7794;
v0x55afaeb93590_7795 .array/port v0x55afaeb93590, 7795;
v0x55afaeb93590_7796 .array/port v0x55afaeb93590, 7796;
v0x55afaeb93590_7797 .array/port v0x55afaeb93590, 7797;
v0x55afaeb93590_7798 .array/port v0x55afaeb93590, 7798;
E_0x55afaeb77280/1949 .event anyedge, v0x55afaeb93590_7795, v0x55afaeb93590_7796, v0x55afaeb93590_7797, v0x55afaeb93590_7798;
v0x55afaeb93590_7799 .array/port v0x55afaeb93590, 7799;
v0x55afaeb93590_7800 .array/port v0x55afaeb93590, 7800;
v0x55afaeb93590_7801 .array/port v0x55afaeb93590, 7801;
v0x55afaeb93590_7802 .array/port v0x55afaeb93590, 7802;
E_0x55afaeb77280/1950 .event anyedge, v0x55afaeb93590_7799, v0x55afaeb93590_7800, v0x55afaeb93590_7801, v0x55afaeb93590_7802;
v0x55afaeb93590_7803 .array/port v0x55afaeb93590, 7803;
v0x55afaeb93590_7804 .array/port v0x55afaeb93590, 7804;
v0x55afaeb93590_7805 .array/port v0x55afaeb93590, 7805;
v0x55afaeb93590_7806 .array/port v0x55afaeb93590, 7806;
E_0x55afaeb77280/1951 .event anyedge, v0x55afaeb93590_7803, v0x55afaeb93590_7804, v0x55afaeb93590_7805, v0x55afaeb93590_7806;
v0x55afaeb93590_7807 .array/port v0x55afaeb93590, 7807;
v0x55afaeb93590_7808 .array/port v0x55afaeb93590, 7808;
v0x55afaeb93590_7809 .array/port v0x55afaeb93590, 7809;
v0x55afaeb93590_7810 .array/port v0x55afaeb93590, 7810;
E_0x55afaeb77280/1952 .event anyedge, v0x55afaeb93590_7807, v0x55afaeb93590_7808, v0x55afaeb93590_7809, v0x55afaeb93590_7810;
v0x55afaeb93590_7811 .array/port v0x55afaeb93590, 7811;
v0x55afaeb93590_7812 .array/port v0x55afaeb93590, 7812;
v0x55afaeb93590_7813 .array/port v0x55afaeb93590, 7813;
v0x55afaeb93590_7814 .array/port v0x55afaeb93590, 7814;
E_0x55afaeb77280/1953 .event anyedge, v0x55afaeb93590_7811, v0x55afaeb93590_7812, v0x55afaeb93590_7813, v0x55afaeb93590_7814;
v0x55afaeb93590_7815 .array/port v0x55afaeb93590, 7815;
v0x55afaeb93590_7816 .array/port v0x55afaeb93590, 7816;
v0x55afaeb93590_7817 .array/port v0x55afaeb93590, 7817;
v0x55afaeb93590_7818 .array/port v0x55afaeb93590, 7818;
E_0x55afaeb77280/1954 .event anyedge, v0x55afaeb93590_7815, v0x55afaeb93590_7816, v0x55afaeb93590_7817, v0x55afaeb93590_7818;
v0x55afaeb93590_7819 .array/port v0x55afaeb93590, 7819;
v0x55afaeb93590_7820 .array/port v0x55afaeb93590, 7820;
v0x55afaeb93590_7821 .array/port v0x55afaeb93590, 7821;
v0x55afaeb93590_7822 .array/port v0x55afaeb93590, 7822;
E_0x55afaeb77280/1955 .event anyedge, v0x55afaeb93590_7819, v0x55afaeb93590_7820, v0x55afaeb93590_7821, v0x55afaeb93590_7822;
v0x55afaeb93590_7823 .array/port v0x55afaeb93590, 7823;
v0x55afaeb93590_7824 .array/port v0x55afaeb93590, 7824;
v0x55afaeb93590_7825 .array/port v0x55afaeb93590, 7825;
v0x55afaeb93590_7826 .array/port v0x55afaeb93590, 7826;
E_0x55afaeb77280/1956 .event anyedge, v0x55afaeb93590_7823, v0x55afaeb93590_7824, v0x55afaeb93590_7825, v0x55afaeb93590_7826;
v0x55afaeb93590_7827 .array/port v0x55afaeb93590, 7827;
v0x55afaeb93590_7828 .array/port v0x55afaeb93590, 7828;
v0x55afaeb93590_7829 .array/port v0x55afaeb93590, 7829;
v0x55afaeb93590_7830 .array/port v0x55afaeb93590, 7830;
E_0x55afaeb77280/1957 .event anyedge, v0x55afaeb93590_7827, v0x55afaeb93590_7828, v0x55afaeb93590_7829, v0x55afaeb93590_7830;
v0x55afaeb93590_7831 .array/port v0x55afaeb93590, 7831;
v0x55afaeb93590_7832 .array/port v0x55afaeb93590, 7832;
v0x55afaeb93590_7833 .array/port v0x55afaeb93590, 7833;
v0x55afaeb93590_7834 .array/port v0x55afaeb93590, 7834;
E_0x55afaeb77280/1958 .event anyedge, v0x55afaeb93590_7831, v0x55afaeb93590_7832, v0x55afaeb93590_7833, v0x55afaeb93590_7834;
v0x55afaeb93590_7835 .array/port v0x55afaeb93590, 7835;
v0x55afaeb93590_7836 .array/port v0x55afaeb93590, 7836;
v0x55afaeb93590_7837 .array/port v0x55afaeb93590, 7837;
v0x55afaeb93590_7838 .array/port v0x55afaeb93590, 7838;
E_0x55afaeb77280/1959 .event anyedge, v0x55afaeb93590_7835, v0x55afaeb93590_7836, v0x55afaeb93590_7837, v0x55afaeb93590_7838;
v0x55afaeb93590_7839 .array/port v0x55afaeb93590, 7839;
v0x55afaeb93590_7840 .array/port v0x55afaeb93590, 7840;
v0x55afaeb93590_7841 .array/port v0x55afaeb93590, 7841;
v0x55afaeb93590_7842 .array/port v0x55afaeb93590, 7842;
E_0x55afaeb77280/1960 .event anyedge, v0x55afaeb93590_7839, v0x55afaeb93590_7840, v0x55afaeb93590_7841, v0x55afaeb93590_7842;
v0x55afaeb93590_7843 .array/port v0x55afaeb93590, 7843;
v0x55afaeb93590_7844 .array/port v0x55afaeb93590, 7844;
v0x55afaeb93590_7845 .array/port v0x55afaeb93590, 7845;
v0x55afaeb93590_7846 .array/port v0x55afaeb93590, 7846;
E_0x55afaeb77280/1961 .event anyedge, v0x55afaeb93590_7843, v0x55afaeb93590_7844, v0x55afaeb93590_7845, v0x55afaeb93590_7846;
v0x55afaeb93590_7847 .array/port v0x55afaeb93590, 7847;
v0x55afaeb93590_7848 .array/port v0x55afaeb93590, 7848;
v0x55afaeb93590_7849 .array/port v0x55afaeb93590, 7849;
v0x55afaeb93590_7850 .array/port v0x55afaeb93590, 7850;
E_0x55afaeb77280/1962 .event anyedge, v0x55afaeb93590_7847, v0x55afaeb93590_7848, v0x55afaeb93590_7849, v0x55afaeb93590_7850;
v0x55afaeb93590_7851 .array/port v0x55afaeb93590, 7851;
v0x55afaeb93590_7852 .array/port v0x55afaeb93590, 7852;
v0x55afaeb93590_7853 .array/port v0x55afaeb93590, 7853;
v0x55afaeb93590_7854 .array/port v0x55afaeb93590, 7854;
E_0x55afaeb77280/1963 .event anyedge, v0x55afaeb93590_7851, v0x55afaeb93590_7852, v0x55afaeb93590_7853, v0x55afaeb93590_7854;
v0x55afaeb93590_7855 .array/port v0x55afaeb93590, 7855;
v0x55afaeb93590_7856 .array/port v0x55afaeb93590, 7856;
v0x55afaeb93590_7857 .array/port v0x55afaeb93590, 7857;
v0x55afaeb93590_7858 .array/port v0x55afaeb93590, 7858;
E_0x55afaeb77280/1964 .event anyedge, v0x55afaeb93590_7855, v0x55afaeb93590_7856, v0x55afaeb93590_7857, v0x55afaeb93590_7858;
v0x55afaeb93590_7859 .array/port v0x55afaeb93590, 7859;
v0x55afaeb93590_7860 .array/port v0x55afaeb93590, 7860;
v0x55afaeb93590_7861 .array/port v0x55afaeb93590, 7861;
v0x55afaeb93590_7862 .array/port v0x55afaeb93590, 7862;
E_0x55afaeb77280/1965 .event anyedge, v0x55afaeb93590_7859, v0x55afaeb93590_7860, v0x55afaeb93590_7861, v0x55afaeb93590_7862;
v0x55afaeb93590_7863 .array/port v0x55afaeb93590, 7863;
v0x55afaeb93590_7864 .array/port v0x55afaeb93590, 7864;
v0x55afaeb93590_7865 .array/port v0x55afaeb93590, 7865;
v0x55afaeb93590_7866 .array/port v0x55afaeb93590, 7866;
E_0x55afaeb77280/1966 .event anyedge, v0x55afaeb93590_7863, v0x55afaeb93590_7864, v0x55afaeb93590_7865, v0x55afaeb93590_7866;
v0x55afaeb93590_7867 .array/port v0x55afaeb93590, 7867;
v0x55afaeb93590_7868 .array/port v0x55afaeb93590, 7868;
v0x55afaeb93590_7869 .array/port v0x55afaeb93590, 7869;
v0x55afaeb93590_7870 .array/port v0x55afaeb93590, 7870;
E_0x55afaeb77280/1967 .event anyedge, v0x55afaeb93590_7867, v0x55afaeb93590_7868, v0x55afaeb93590_7869, v0x55afaeb93590_7870;
v0x55afaeb93590_7871 .array/port v0x55afaeb93590, 7871;
v0x55afaeb93590_7872 .array/port v0x55afaeb93590, 7872;
v0x55afaeb93590_7873 .array/port v0x55afaeb93590, 7873;
v0x55afaeb93590_7874 .array/port v0x55afaeb93590, 7874;
E_0x55afaeb77280/1968 .event anyedge, v0x55afaeb93590_7871, v0x55afaeb93590_7872, v0x55afaeb93590_7873, v0x55afaeb93590_7874;
v0x55afaeb93590_7875 .array/port v0x55afaeb93590, 7875;
v0x55afaeb93590_7876 .array/port v0x55afaeb93590, 7876;
v0x55afaeb93590_7877 .array/port v0x55afaeb93590, 7877;
v0x55afaeb93590_7878 .array/port v0x55afaeb93590, 7878;
E_0x55afaeb77280/1969 .event anyedge, v0x55afaeb93590_7875, v0x55afaeb93590_7876, v0x55afaeb93590_7877, v0x55afaeb93590_7878;
v0x55afaeb93590_7879 .array/port v0x55afaeb93590, 7879;
v0x55afaeb93590_7880 .array/port v0x55afaeb93590, 7880;
v0x55afaeb93590_7881 .array/port v0x55afaeb93590, 7881;
v0x55afaeb93590_7882 .array/port v0x55afaeb93590, 7882;
E_0x55afaeb77280/1970 .event anyedge, v0x55afaeb93590_7879, v0x55afaeb93590_7880, v0x55afaeb93590_7881, v0x55afaeb93590_7882;
v0x55afaeb93590_7883 .array/port v0x55afaeb93590, 7883;
v0x55afaeb93590_7884 .array/port v0x55afaeb93590, 7884;
v0x55afaeb93590_7885 .array/port v0x55afaeb93590, 7885;
v0x55afaeb93590_7886 .array/port v0x55afaeb93590, 7886;
E_0x55afaeb77280/1971 .event anyedge, v0x55afaeb93590_7883, v0x55afaeb93590_7884, v0x55afaeb93590_7885, v0x55afaeb93590_7886;
v0x55afaeb93590_7887 .array/port v0x55afaeb93590, 7887;
v0x55afaeb93590_7888 .array/port v0x55afaeb93590, 7888;
v0x55afaeb93590_7889 .array/port v0x55afaeb93590, 7889;
v0x55afaeb93590_7890 .array/port v0x55afaeb93590, 7890;
E_0x55afaeb77280/1972 .event anyedge, v0x55afaeb93590_7887, v0x55afaeb93590_7888, v0x55afaeb93590_7889, v0x55afaeb93590_7890;
v0x55afaeb93590_7891 .array/port v0x55afaeb93590, 7891;
v0x55afaeb93590_7892 .array/port v0x55afaeb93590, 7892;
v0x55afaeb93590_7893 .array/port v0x55afaeb93590, 7893;
v0x55afaeb93590_7894 .array/port v0x55afaeb93590, 7894;
E_0x55afaeb77280/1973 .event anyedge, v0x55afaeb93590_7891, v0x55afaeb93590_7892, v0x55afaeb93590_7893, v0x55afaeb93590_7894;
v0x55afaeb93590_7895 .array/port v0x55afaeb93590, 7895;
v0x55afaeb93590_7896 .array/port v0x55afaeb93590, 7896;
v0x55afaeb93590_7897 .array/port v0x55afaeb93590, 7897;
v0x55afaeb93590_7898 .array/port v0x55afaeb93590, 7898;
E_0x55afaeb77280/1974 .event anyedge, v0x55afaeb93590_7895, v0x55afaeb93590_7896, v0x55afaeb93590_7897, v0x55afaeb93590_7898;
v0x55afaeb93590_7899 .array/port v0x55afaeb93590, 7899;
v0x55afaeb93590_7900 .array/port v0x55afaeb93590, 7900;
v0x55afaeb93590_7901 .array/port v0x55afaeb93590, 7901;
v0x55afaeb93590_7902 .array/port v0x55afaeb93590, 7902;
E_0x55afaeb77280/1975 .event anyedge, v0x55afaeb93590_7899, v0x55afaeb93590_7900, v0x55afaeb93590_7901, v0x55afaeb93590_7902;
v0x55afaeb93590_7903 .array/port v0x55afaeb93590, 7903;
v0x55afaeb93590_7904 .array/port v0x55afaeb93590, 7904;
v0x55afaeb93590_7905 .array/port v0x55afaeb93590, 7905;
v0x55afaeb93590_7906 .array/port v0x55afaeb93590, 7906;
E_0x55afaeb77280/1976 .event anyedge, v0x55afaeb93590_7903, v0x55afaeb93590_7904, v0x55afaeb93590_7905, v0x55afaeb93590_7906;
v0x55afaeb93590_7907 .array/port v0x55afaeb93590, 7907;
v0x55afaeb93590_7908 .array/port v0x55afaeb93590, 7908;
v0x55afaeb93590_7909 .array/port v0x55afaeb93590, 7909;
v0x55afaeb93590_7910 .array/port v0x55afaeb93590, 7910;
E_0x55afaeb77280/1977 .event anyedge, v0x55afaeb93590_7907, v0x55afaeb93590_7908, v0x55afaeb93590_7909, v0x55afaeb93590_7910;
v0x55afaeb93590_7911 .array/port v0x55afaeb93590, 7911;
v0x55afaeb93590_7912 .array/port v0x55afaeb93590, 7912;
v0x55afaeb93590_7913 .array/port v0x55afaeb93590, 7913;
v0x55afaeb93590_7914 .array/port v0x55afaeb93590, 7914;
E_0x55afaeb77280/1978 .event anyedge, v0x55afaeb93590_7911, v0x55afaeb93590_7912, v0x55afaeb93590_7913, v0x55afaeb93590_7914;
v0x55afaeb93590_7915 .array/port v0x55afaeb93590, 7915;
v0x55afaeb93590_7916 .array/port v0x55afaeb93590, 7916;
v0x55afaeb93590_7917 .array/port v0x55afaeb93590, 7917;
v0x55afaeb93590_7918 .array/port v0x55afaeb93590, 7918;
E_0x55afaeb77280/1979 .event anyedge, v0x55afaeb93590_7915, v0x55afaeb93590_7916, v0x55afaeb93590_7917, v0x55afaeb93590_7918;
v0x55afaeb93590_7919 .array/port v0x55afaeb93590, 7919;
v0x55afaeb93590_7920 .array/port v0x55afaeb93590, 7920;
v0x55afaeb93590_7921 .array/port v0x55afaeb93590, 7921;
v0x55afaeb93590_7922 .array/port v0x55afaeb93590, 7922;
E_0x55afaeb77280/1980 .event anyedge, v0x55afaeb93590_7919, v0x55afaeb93590_7920, v0x55afaeb93590_7921, v0x55afaeb93590_7922;
v0x55afaeb93590_7923 .array/port v0x55afaeb93590, 7923;
v0x55afaeb93590_7924 .array/port v0x55afaeb93590, 7924;
v0x55afaeb93590_7925 .array/port v0x55afaeb93590, 7925;
v0x55afaeb93590_7926 .array/port v0x55afaeb93590, 7926;
E_0x55afaeb77280/1981 .event anyedge, v0x55afaeb93590_7923, v0x55afaeb93590_7924, v0x55afaeb93590_7925, v0x55afaeb93590_7926;
v0x55afaeb93590_7927 .array/port v0x55afaeb93590, 7927;
v0x55afaeb93590_7928 .array/port v0x55afaeb93590, 7928;
v0x55afaeb93590_7929 .array/port v0x55afaeb93590, 7929;
v0x55afaeb93590_7930 .array/port v0x55afaeb93590, 7930;
E_0x55afaeb77280/1982 .event anyedge, v0x55afaeb93590_7927, v0x55afaeb93590_7928, v0x55afaeb93590_7929, v0x55afaeb93590_7930;
v0x55afaeb93590_7931 .array/port v0x55afaeb93590, 7931;
v0x55afaeb93590_7932 .array/port v0x55afaeb93590, 7932;
v0x55afaeb93590_7933 .array/port v0x55afaeb93590, 7933;
v0x55afaeb93590_7934 .array/port v0x55afaeb93590, 7934;
E_0x55afaeb77280/1983 .event anyedge, v0x55afaeb93590_7931, v0x55afaeb93590_7932, v0x55afaeb93590_7933, v0x55afaeb93590_7934;
v0x55afaeb93590_7935 .array/port v0x55afaeb93590, 7935;
v0x55afaeb93590_7936 .array/port v0x55afaeb93590, 7936;
v0x55afaeb93590_7937 .array/port v0x55afaeb93590, 7937;
v0x55afaeb93590_7938 .array/port v0x55afaeb93590, 7938;
E_0x55afaeb77280/1984 .event anyedge, v0x55afaeb93590_7935, v0x55afaeb93590_7936, v0x55afaeb93590_7937, v0x55afaeb93590_7938;
v0x55afaeb93590_7939 .array/port v0x55afaeb93590, 7939;
v0x55afaeb93590_7940 .array/port v0x55afaeb93590, 7940;
v0x55afaeb93590_7941 .array/port v0x55afaeb93590, 7941;
v0x55afaeb93590_7942 .array/port v0x55afaeb93590, 7942;
E_0x55afaeb77280/1985 .event anyedge, v0x55afaeb93590_7939, v0x55afaeb93590_7940, v0x55afaeb93590_7941, v0x55afaeb93590_7942;
v0x55afaeb93590_7943 .array/port v0x55afaeb93590, 7943;
v0x55afaeb93590_7944 .array/port v0x55afaeb93590, 7944;
v0x55afaeb93590_7945 .array/port v0x55afaeb93590, 7945;
v0x55afaeb93590_7946 .array/port v0x55afaeb93590, 7946;
E_0x55afaeb77280/1986 .event anyedge, v0x55afaeb93590_7943, v0x55afaeb93590_7944, v0x55afaeb93590_7945, v0x55afaeb93590_7946;
v0x55afaeb93590_7947 .array/port v0x55afaeb93590, 7947;
v0x55afaeb93590_7948 .array/port v0x55afaeb93590, 7948;
v0x55afaeb93590_7949 .array/port v0x55afaeb93590, 7949;
v0x55afaeb93590_7950 .array/port v0x55afaeb93590, 7950;
E_0x55afaeb77280/1987 .event anyedge, v0x55afaeb93590_7947, v0x55afaeb93590_7948, v0x55afaeb93590_7949, v0x55afaeb93590_7950;
v0x55afaeb93590_7951 .array/port v0x55afaeb93590, 7951;
v0x55afaeb93590_7952 .array/port v0x55afaeb93590, 7952;
v0x55afaeb93590_7953 .array/port v0x55afaeb93590, 7953;
v0x55afaeb93590_7954 .array/port v0x55afaeb93590, 7954;
E_0x55afaeb77280/1988 .event anyedge, v0x55afaeb93590_7951, v0x55afaeb93590_7952, v0x55afaeb93590_7953, v0x55afaeb93590_7954;
v0x55afaeb93590_7955 .array/port v0x55afaeb93590, 7955;
v0x55afaeb93590_7956 .array/port v0x55afaeb93590, 7956;
v0x55afaeb93590_7957 .array/port v0x55afaeb93590, 7957;
v0x55afaeb93590_7958 .array/port v0x55afaeb93590, 7958;
E_0x55afaeb77280/1989 .event anyedge, v0x55afaeb93590_7955, v0x55afaeb93590_7956, v0x55afaeb93590_7957, v0x55afaeb93590_7958;
v0x55afaeb93590_7959 .array/port v0x55afaeb93590, 7959;
v0x55afaeb93590_7960 .array/port v0x55afaeb93590, 7960;
v0x55afaeb93590_7961 .array/port v0x55afaeb93590, 7961;
v0x55afaeb93590_7962 .array/port v0x55afaeb93590, 7962;
E_0x55afaeb77280/1990 .event anyedge, v0x55afaeb93590_7959, v0x55afaeb93590_7960, v0x55afaeb93590_7961, v0x55afaeb93590_7962;
v0x55afaeb93590_7963 .array/port v0x55afaeb93590, 7963;
v0x55afaeb93590_7964 .array/port v0x55afaeb93590, 7964;
v0x55afaeb93590_7965 .array/port v0x55afaeb93590, 7965;
v0x55afaeb93590_7966 .array/port v0x55afaeb93590, 7966;
E_0x55afaeb77280/1991 .event anyedge, v0x55afaeb93590_7963, v0x55afaeb93590_7964, v0x55afaeb93590_7965, v0x55afaeb93590_7966;
v0x55afaeb93590_7967 .array/port v0x55afaeb93590, 7967;
v0x55afaeb93590_7968 .array/port v0x55afaeb93590, 7968;
v0x55afaeb93590_7969 .array/port v0x55afaeb93590, 7969;
v0x55afaeb93590_7970 .array/port v0x55afaeb93590, 7970;
E_0x55afaeb77280/1992 .event anyedge, v0x55afaeb93590_7967, v0x55afaeb93590_7968, v0x55afaeb93590_7969, v0x55afaeb93590_7970;
v0x55afaeb93590_7971 .array/port v0x55afaeb93590, 7971;
v0x55afaeb93590_7972 .array/port v0x55afaeb93590, 7972;
v0x55afaeb93590_7973 .array/port v0x55afaeb93590, 7973;
v0x55afaeb93590_7974 .array/port v0x55afaeb93590, 7974;
E_0x55afaeb77280/1993 .event anyedge, v0x55afaeb93590_7971, v0x55afaeb93590_7972, v0x55afaeb93590_7973, v0x55afaeb93590_7974;
v0x55afaeb93590_7975 .array/port v0x55afaeb93590, 7975;
v0x55afaeb93590_7976 .array/port v0x55afaeb93590, 7976;
v0x55afaeb93590_7977 .array/port v0x55afaeb93590, 7977;
v0x55afaeb93590_7978 .array/port v0x55afaeb93590, 7978;
E_0x55afaeb77280/1994 .event anyedge, v0x55afaeb93590_7975, v0x55afaeb93590_7976, v0x55afaeb93590_7977, v0x55afaeb93590_7978;
v0x55afaeb93590_7979 .array/port v0x55afaeb93590, 7979;
v0x55afaeb93590_7980 .array/port v0x55afaeb93590, 7980;
v0x55afaeb93590_7981 .array/port v0x55afaeb93590, 7981;
v0x55afaeb93590_7982 .array/port v0x55afaeb93590, 7982;
E_0x55afaeb77280/1995 .event anyedge, v0x55afaeb93590_7979, v0x55afaeb93590_7980, v0x55afaeb93590_7981, v0x55afaeb93590_7982;
v0x55afaeb93590_7983 .array/port v0x55afaeb93590, 7983;
v0x55afaeb93590_7984 .array/port v0x55afaeb93590, 7984;
v0x55afaeb93590_7985 .array/port v0x55afaeb93590, 7985;
v0x55afaeb93590_7986 .array/port v0x55afaeb93590, 7986;
E_0x55afaeb77280/1996 .event anyedge, v0x55afaeb93590_7983, v0x55afaeb93590_7984, v0x55afaeb93590_7985, v0x55afaeb93590_7986;
v0x55afaeb93590_7987 .array/port v0x55afaeb93590, 7987;
v0x55afaeb93590_7988 .array/port v0x55afaeb93590, 7988;
v0x55afaeb93590_7989 .array/port v0x55afaeb93590, 7989;
v0x55afaeb93590_7990 .array/port v0x55afaeb93590, 7990;
E_0x55afaeb77280/1997 .event anyedge, v0x55afaeb93590_7987, v0x55afaeb93590_7988, v0x55afaeb93590_7989, v0x55afaeb93590_7990;
v0x55afaeb93590_7991 .array/port v0x55afaeb93590, 7991;
v0x55afaeb93590_7992 .array/port v0x55afaeb93590, 7992;
v0x55afaeb93590_7993 .array/port v0x55afaeb93590, 7993;
v0x55afaeb93590_7994 .array/port v0x55afaeb93590, 7994;
E_0x55afaeb77280/1998 .event anyedge, v0x55afaeb93590_7991, v0x55afaeb93590_7992, v0x55afaeb93590_7993, v0x55afaeb93590_7994;
v0x55afaeb93590_7995 .array/port v0x55afaeb93590, 7995;
v0x55afaeb93590_7996 .array/port v0x55afaeb93590, 7996;
v0x55afaeb93590_7997 .array/port v0x55afaeb93590, 7997;
v0x55afaeb93590_7998 .array/port v0x55afaeb93590, 7998;
E_0x55afaeb77280/1999 .event anyedge, v0x55afaeb93590_7995, v0x55afaeb93590_7996, v0x55afaeb93590_7997, v0x55afaeb93590_7998;
v0x55afaeb93590_7999 .array/port v0x55afaeb93590, 7999;
v0x55afaeb93590_8000 .array/port v0x55afaeb93590, 8000;
v0x55afaeb93590_8001 .array/port v0x55afaeb93590, 8001;
v0x55afaeb93590_8002 .array/port v0x55afaeb93590, 8002;
E_0x55afaeb77280/2000 .event anyedge, v0x55afaeb93590_7999, v0x55afaeb93590_8000, v0x55afaeb93590_8001, v0x55afaeb93590_8002;
v0x55afaeb93590_8003 .array/port v0x55afaeb93590, 8003;
v0x55afaeb93590_8004 .array/port v0x55afaeb93590, 8004;
v0x55afaeb93590_8005 .array/port v0x55afaeb93590, 8005;
v0x55afaeb93590_8006 .array/port v0x55afaeb93590, 8006;
E_0x55afaeb77280/2001 .event anyedge, v0x55afaeb93590_8003, v0x55afaeb93590_8004, v0x55afaeb93590_8005, v0x55afaeb93590_8006;
v0x55afaeb93590_8007 .array/port v0x55afaeb93590, 8007;
v0x55afaeb93590_8008 .array/port v0x55afaeb93590, 8008;
v0x55afaeb93590_8009 .array/port v0x55afaeb93590, 8009;
v0x55afaeb93590_8010 .array/port v0x55afaeb93590, 8010;
E_0x55afaeb77280/2002 .event anyedge, v0x55afaeb93590_8007, v0x55afaeb93590_8008, v0x55afaeb93590_8009, v0x55afaeb93590_8010;
v0x55afaeb93590_8011 .array/port v0x55afaeb93590, 8011;
v0x55afaeb93590_8012 .array/port v0x55afaeb93590, 8012;
v0x55afaeb93590_8013 .array/port v0x55afaeb93590, 8013;
v0x55afaeb93590_8014 .array/port v0x55afaeb93590, 8014;
E_0x55afaeb77280/2003 .event anyedge, v0x55afaeb93590_8011, v0x55afaeb93590_8012, v0x55afaeb93590_8013, v0x55afaeb93590_8014;
v0x55afaeb93590_8015 .array/port v0x55afaeb93590, 8015;
v0x55afaeb93590_8016 .array/port v0x55afaeb93590, 8016;
v0x55afaeb93590_8017 .array/port v0x55afaeb93590, 8017;
v0x55afaeb93590_8018 .array/port v0x55afaeb93590, 8018;
E_0x55afaeb77280/2004 .event anyedge, v0x55afaeb93590_8015, v0x55afaeb93590_8016, v0x55afaeb93590_8017, v0x55afaeb93590_8018;
v0x55afaeb93590_8019 .array/port v0x55afaeb93590, 8019;
v0x55afaeb93590_8020 .array/port v0x55afaeb93590, 8020;
v0x55afaeb93590_8021 .array/port v0x55afaeb93590, 8021;
v0x55afaeb93590_8022 .array/port v0x55afaeb93590, 8022;
E_0x55afaeb77280/2005 .event anyedge, v0x55afaeb93590_8019, v0x55afaeb93590_8020, v0x55afaeb93590_8021, v0x55afaeb93590_8022;
v0x55afaeb93590_8023 .array/port v0x55afaeb93590, 8023;
v0x55afaeb93590_8024 .array/port v0x55afaeb93590, 8024;
v0x55afaeb93590_8025 .array/port v0x55afaeb93590, 8025;
v0x55afaeb93590_8026 .array/port v0x55afaeb93590, 8026;
E_0x55afaeb77280/2006 .event anyedge, v0x55afaeb93590_8023, v0x55afaeb93590_8024, v0x55afaeb93590_8025, v0x55afaeb93590_8026;
v0x55afaeb93590_8027 .array/port v0x55afaeb93590, 8027;
v0x55afaeb93590_8028 .array/port v0x55afaeb93590, 8028;
v0x55afaeb93590_8029 .array/port v0x55afaeb93590, 8029;
v0x55afaeb93590_8030 .array/port v0x55afaeb93590, 8030;
E_0x55afaeb77280/2007 .event anyedge, v0x55afaeb93590_8027, v0x55afaeb93590_8028, v0x55afaeb93590_8029, v0x55afaeb93590_8030;
v0x55afaeb93590_8031 .array/port v0x55afaeb93590, 8031;
v0x55afaeb93590_8032 .array/port v0x55afaeb93590, 8032;
v0x55afaeb93590_8033 .array/port v0x55afaeb93590, 8033;
v0x55afaeb93590_8034 .array/port v0x55afaeb93590, 8034;
E_0x55afaeb77280/2008 .event anyedge, v0x55afaeb93590_8031, v0x55afaeb93590_8032, v0x55afaeb93590_8033, v0x55afaeb93590_8034;
v0x55afaeb93590_8035 .array/port v0x55afaeb93590, 8035;
v0x55afaeb93590_8036 .array/port v0x55afaeb93590, 8036;
v0x55afaeb93590_8037 .array/port v0x55afaeb93590, 8037;
v0x55afaeb93590_8038 .array/port v0x55afaeb93590, 8038;
E_0x55afaeb77280/2009 .event anyedge, v0x55afaeb93590_8035, v0x55afaeb93590_8036, v0x55afaeb93590_8037, v0x55afaeb93590_8038;
v0x55afaeb93590_8039 .array/port v0x55afaeb93590, 8039;
v0x55afaeb93590_8040 .array/port v0x55afaeb93590, 8040;
v0x55afaeb93590_8041 .array/port v0x55afaeb93590, 8041;
v0x55afaeb93590_8042 .array/port v0x55afaeb93590, 8042;
E_0x55afaeb77280/2010 .event anyedge, v0x55afaeb93590_8039, v0x55afaeb93590_8040, v0x55afaeb93590_8041, v0x55afaeb93590_8042;
v0x55afaeb93590_8043 .array/port v0x55afaeb93590, 8043;
v0x55afaeb93590_8044 .array/port v0x55afaeb93590, 8044;
v0x55afaeb93590_8045 .array/port v0x55afaeb93590, 8045;
v0x55afaeb93590_8046 .array/port v0x55afaeb93590, 8046;
E_0x55afaeb77280/2011 .event anyedge, v0x55afaeb93590_8043, v0x55afaeb93590_8044, v0x55afaeb93590_8045, v0x55afaeb93590_8046;
v0x55afaeb93590_8047 .array/port v0x55afaeb93590, 8047;
v0x55afaeb93590_8048 .array/port v0x55afaeb93590, 8048;
v0x55afaeb93590_8049 .array/port v0x55afaeb93590, 8049;
v0x55afaeb93590_8050 .array/port v0x55afaeb93590, 8050;
E_0x55afaeb77280/2012 .event anyedge, v0x55afaeb93590_8047, v0x55afaeb93590_8048, v0x55afaeb93590_8049, v0x55afaeb93590_8050;
v0x55afaeb93590_8051 .array/port v0x55afaeb93590, 8051;
v0x55afaeb93590_8052 .array/port v0x55afaeb93590, 8052;
v0x55afaeb93590_8053 .array/port v0x55afaeb93590, 8053;
v0x55afaeb93590_8054 .array/port v0x55afaeb93590, 8054;
E_0x55afaeb77280/2013 .event anyedge, v0x55afaeb93590_8051, v0x55afaeb93590_8052, v0x55afaeb93590_8053, v0x55afaeb93590_8054;
v0x55afaeb93590_8055 .array/port v0x55afaeb93590, 8055;
v0x55afaeb93590_8056 .array/port v0x55afaeb93590, 8056;
v0x55afaeb93590_8057 .array/port v0x55afaeb93590, 8057;
v0x55afaeb93590_8058 .array/port v0x55afaeb93590, 8058;
E_0x55afaeb77280/2014 .event anyedge, v0x55afaeb93590_8055, v0x55afaeb93590_8056, v0x55afaeb93590_8057, v0x55afaeb93590_8058;
v0x55afaeb93590_8059 .array/port v0x55afaeb93590, 8059;
v0x55afaeb93590_8060 .array/port v0x55afaeb93590, 8060;
v0x55afaeb93590_8061 .array/port v0x55afaeb93590, 8061;
v0x55afaeb93590_8062 .array/port v0x55afaeb93590, 8062;
E_0x55afaeb77280/2015 .event anyedge, v0x55afaeb93590_8059, v0x55afaeb93590_8060, v0x55afaeb93590_8061, v0x55afaeb93590_8062;
v0x55afaeb93590_8063 .array/port v0x55afaeb93590, 8063;
v0x55afaeb93590_8064 .array/port v0x55afaeb93590, 8064;
v0x55afaeb93590_8065 .array/port v0x55afaeb93590, 8065;
v0x55afaeb93590_8066 .array/port v0x55afaeb93590, 8066;
E_0x55afaeb77280/2016 .event anyedge, v0x55afaeb93590_8063, v0x55afaeb93590_8064, v0x55afaeb93590_8065, v0x55afaeb93590_8066;
v0x55afaeb93590_8067 .array/port v0x55afaeb93590, 8067;
v0x55afaeb93590_8068 .array/port v0x55afaeb93590, 8068;
v0x55afaeb93590_8069 .array/port v0x55afaeb93590, 8069;
v0x55afaeb93590_8070 .array/port v0x55afaeb93590, 8070;
E_0x55afaeb77280/2017 .event anyedge, v0x55afaeb93590_8067, v0x55afaeb93590_8068, v0x55afaeb93590_8069, v0x55afaeb93590_8070;
v0x55afaeb93590_8071 .array/port v0x55afaeb93590, 8071;
v0x55afaeb93590_8072 .array/port v0x55afaeb93590, 8072;
v0x55afaeb93590_8073 .array/port v0x55afaeb93590, 8073;
v0x55afaeb93590_8074 .array/port v0x55afaeb93590, 8074;
E_0x55afaeb77280/2018 .event anyedge, v0x55afaeb93590_8071, v0x55afaeb93590_8072, v0x55afaeb93590_8073, v0x55afaeb93590_8074;
v0x55afaeb93590_8075 .array/port v0x55afaeb93590, 8075;
v0x55afaeb93590_8076 .array/port v0x55afaeb93590, 8076;
v0x55afaeb93590_8077 .array/port v0x55afaeb93590, 8077;
v0x55afaeb93590_8078 .array/port v0x55afaeb93590, 8078;
E_0x55afaeb77280/2019 .event anyedge, v0x55afaeb93590_8075, v0x55afaeb93590_8076, v0x55afaeb93590_8077, v0x55afaeb93590_8078;
v0x55afaeb93590_8079 .array/port v0x55afaeb93590, 8079;
v0x55afaeb93590_8080 .array/port v0x55afaeb93590, 8080;
v0x55afaeb93590_8081 .array/port v0x55afaeb93590, 8081;
v0x55afaeb93590_8082 .array/port v0x55afaeb93590, 8082;
E_0x55afaeb77280/2020 .event anyedge, v0x55afaeb93590_8079, v0x55afaeb93590_8080, v0x55afaeb93590_8081, v0x55afaeb93590_8082;
v0x55afaeb93590_8083 .array/port v0x55afaeb93590, 8083;
v0x55afaeb93590_8084 .array/port v0x55afaeb93590, 8084;
v0x55afaeb93590_8085 .array/port v0x55afaeb93590, 8085;
v0x55afaeb93590_8086 .array/port v0x55afaeb93590, 8086;
E_0x55afaeb77280/2021 .event anyedge, v0x55afaeb93590_8083, v0x55afaeb93590_8084, v0x55afaeb93590_8085, v0x55afaeb93590_8086;
v0x55afaeb93590_8087 .array/port v0x55afaeb93590, 8087;
v0x55afaeb93590_8088 .array/port v0x55afaeb93590, 8088;
v0x55afaeb93590_8089 .array/port v0x55afaeb93590, 8089;
v0x55afaeb93590_8090 .array/port v0x55afaeb93590, 8090;
E_0x55afaeb77280/2022 .event anyedge, v0x55afaeb93590_8087, v0x55afaeb93590_8088, v0x55afaeb93590_8089, v0x55afaeb93590_8090;
v0x55afaeb93590_8091 .array/port v0x55afaeb93590, 8091;
v0x55afaeb93590_8092 .array/port v0x55afaeb93590, 8092;
v0x55afaeb93590_8093 .array/port v0x55afaeb93590, 8093;
v0x55afaeb93590_8094 .array/port v0x55afaeb93590, 8094;
E_0x55afaeb77280/2023 .event anyedge, v0x55afaeb93590_8091, v0x55afaeb93590_8092, v0x55afaeb93590_8093, v0x55afaeb93590_8094;
v0x55afaeb93590_8095 .array/port v0x55afaeb93590, 8095;
v0x55afaeb93590_8096 .array/port v0x55afaeb93590, 8096;
v0x55afaeb93590_8097 .array/port v0x55afaeb93590, 8097;
v0x55afaeb93590_8098 .array/port v0x55afaeb93590, 8098;
E_0x55afaeb77280/2024 .event anyedge, v0x55afaeb93590_8095, v0x55afaeb93590_8096, v0x55afaeb93590_8097, v0x55afaeb93590_8098;
v0x55afaeb93590_8099 .array/port v0x55afaeb93590, 8099;
v0x55afaeb93590_8100 .array/port v0x55afaeb93590, 8100;
v0x55afaeb93590_8101 .array/port v0x55afaeb93590, 8101;
v0x55afaeb93590_8102 .array/port v0x55afaeb93590, 8102;
E_0x55afaeb77280/2025 .event anyedge, v0x55afaeb93590_8099, v0x55afaeb93590_8100, v0x55afaeb93590_8101, v0x55afaeb93590_8102;
v0x55afaeb93590_8103 .array/port v0x55afaeb93590, 8103;
v0x55afaeb93590_8104 .array/port v0x55afaeb93590, 8104;
v0x55afaeb93590_8105 .array/port v0x55afaeb93590, 8105;
v0x55afaeb93590_8106 .array/port v0x55afaeb93590, 8106;
E_0x55afaeb77280/2026 .event anyedge, v0x55afaeb93590_8103, v0x55afaeb93590_8104, v0x55afaeb93590_8105, v0x55afaeb93590_8106;
v0x55afaeb93590_8107 .array/port v0x55afaeb93590, 8107;
v0x55afaeb93590_8108 .array/port v0x55afaeb93590, 8108;
v0x55afaeb93590_8109 .array/port v0x55afaeb93590, 8109;
v0x55afaeb93590_8110 .array/port v0x55afaeb93590, 8110;
E_0x55afaeb77280/2027 .event anyedge, v0x55afaeb93590_8107, v0x55afaeb93590_8108, v0x55afaeb93590_8109, v0x55afaeb93590_8110;
v0x55afaeb93590_8111 .array/port v0x55afaeb93590, 8111;
v0x55afaeb93590_8112 .array/port v0x55afaeb93590, 8112;
v0x55afaeb93590_8113 .array/port v0x55afaeb93590, 8113;
v0x55afaeb93590_8114 .array/port v0x55afaeb93590, 8114;
E_0x55afaeb77280/2028 .event anyedge, v0x55afaeb93590_8111, v0x55afaeb93590_8112, v0x55afaeb93590_8113, v0x55afaeb93590_8114;
v0x55afaeb93590_8115 .array/port v0x55afaeb93590, 8115;
v0x55afaeb93590_8116 .array/port v0x55afaeb93590, 8116;
v0x55afaeb93590_8117 .array/port v0x55afaeb93590, 8117;
v0x55afaeb93590_8118 .array/port v0x55afaeb93590, 8118;
E_0x55afaeb77280/2029 .event anyedge, v0x55afaeb93590_8115, v0x55afaeb93590_8116, v0x55afaeb93590_8117, v0x55afaeb93590_8118;
v0x55afaeb93590_8119 .array/port v0x55afaeb93590, 8119;
v0x55afaeb93590_8120 .array/port v0x55afaeb93590, 8120;
v0x55afaeb93590_8121 .array/port v0x55afaeb93590, 8121;
v0x55afaeb93590_8122 .array/port v0x55afaeb93590, 8122;
E_0x55afaeb77280/2030 .event anyedge, v0x55afaeb93590_8119, v0x55afaeb93590_8120, v0x55afaeb93590_8121, v0x55afaeb93590_8122;
v0x55afaeb93590_8123 .array/port v0x55afaeb93590, 8123;
v0x55afaeb93590_8124 .array/port v0x55afaeb93590, 8124;
v0x55afaeb93590_8125 .array/port v0x55afaeb93590, 8125;
v0x55afaeb93590_8126 .array/port v0x55afaeb93590, 8126;
E_0x55afaeb77280/2031 .event anyedge, v0x55afaeb93590_8123, v0x55afaeb93590_8124, v0x55afaeb93590_8125, v0x55afaeb93590_8126;
v0x55afaeb93590_8127 .array/port v0x55afaeb93590, 8127;
v0x55afaeb93590_8128 .array/port v0x55afaeb93590, 8128;
v0x55afaeb93590_8129 .array/port v0x55afaeb93590, 8129;
v0x55afaeb93590_8130 .array/port v0x55afaeb93590, 8130;
E_0x55afaeb77280/2032 .event anyedge, v0x55afaeb93590_8127, v0x55afaeb93590_8128, v0x55afaeb93590_8129, v0x55afaeb93590_8130;
v0x55afaeb93590_8131 .array/port v0x55afaeb93590, 8131;
v0x55afaeb93590_8132 .array/port v0x55afaeb93590, 8132;
v0x55afaeb93590_8133 .array/port v0x55afaeb93590, 8133;
v0x55afaeb93590_8134 .array/port v0x55afaeb93590, 8134;
E_0x55afaeb77280/2033 .event anyedge, v0x55afaeb93590_8131, v0x55afaeb93590_8132, v0x55afaeb93590_8133, v0x55afaeb93590_8134;
v0x55afaeb93590_8135 .array/port v0x55afaeb93590, 8135;
v0x55afaeb93590_8136 .array/port v0x55afaeb93590, 8136;
v0x55afaeb93590_8137 .array/port v0x55afaeb93590, 8137;
v0x55afaeb93590_8138 .array/port v0x55afaeb93590, 8138;
E_0x55afaeb77280/2034 .event anyedge, v0x55afaeb93590_8135, v0x55afaeb93590_8136, v0x55afaeb93590_8137, v0x55afaeb93590_8138;
v0x55afaeb93590_8139 .array/port v0x55afaeb93590, 8139;
v0x55afaeb93590_8140 .array/port v0x55afaeb93590, 8140;
v0x55afaeb93590_8141 .array/port v0x55afaeb93590, 8141;
v0x55afaeb93590_8142 .array/port v0x55afaeb93590, 8142;
E_0x55afaeb77280/2035 .event anyedge, v0x55afaeb93590_8139, v0x55afaeb93590_8140, v0x55afaeb93590_8141, v0x55afaeb93590_8142;
v0x55afaeb93590_8143 .array/port v0x55afaeb93590, 8143;
v0x55afaeb93590_8144 .array/port v0x55afaeb93590, 8144;
v0x55afaeb93590_8145 .array/port v0x55afaeb93590, 8145;
v0x55afaeb93590_8146 .array/port v0x55afaeb93590, 8146;
E_0x55afaeb77280/2036 .event anyedge, v0x55afaeb93590_8143, v0x55afaeb93590_8144, v0x55afaeb93590_8145, v0x55afaeb93590_8146;
v0x55afaeb93590_8147 .array/port v0x55afaeb93590, 8147;
v0x55afaeb93590_8148 .array/port v0x55afaeb93590, 8148;
v0x55afaeb93590_8149 .array/port v0x55afaeb93590, 8149;
v0x55afaeb93590_8150 .array/port v0x55afaeb93590, 8150;
E_0x55afaeb77280/2037 .event anyedge, v0x55afaeb93590_8147, v0x55afaeb93590_8148, v0x55afaeb93590_8149, v0x55afaeb93590_8150;
v0x55afaeb93590_8151 .array/port v0x55afaeb93590, 8151;
v0x55afaeb93590_8152 .array/port v0x55afaeb93590, 8152;
v0x55afaeb93590_8153 .array/port v0x55afaeb93590, 8153;
v0x55afaeb93590_8154 .array/port v0x55afaeb93590, 8154;
E_0x55afaeb77280/2038 .event anyedge, v0x55afaeb93590_8151, v0x55afaeb93590_8152, v0x55afaeb93590_8153, v0x55afaeb93590_8154;
v0x55afaeb93590_8155 .array/port v0x55afaeb93590, 8155;
v0x55afaeb93590_8156 .array/port v0x55afaeb93590, 8156;
v0x55afaeb93590_8157 .array/port v0x55afaeb93590, 8157;
v0x55afaeb93590_8158 .array/port v0x55afaeb93590, 8158;
E_0x55afaeb77280/2039 .event anyedge, v0x55afaeb93590_8155, v0x55afaeb93590_8156, v0x55afaeb93590_8157, v0x55afaeb93590_8158;
v0x55afaeb93590_8159 .array/port v0x55afaeb93590, 8159;
v0x55afaeb93590_8160 .array/port v0x55afaeb93590, 8160;
v0x55afaeb93590_8161 .array/port v0x55afaeb93590, 8161;
v0x55afaeb93590_8162 .array/port v0x55afaeb93590, 8162;
E_0x55afaeb77280/2040 .event anyedge, v0x55afaeb93590_8159, v0x55afaeb93590_8160, v0x55afaeb93590_8161, v0x55afaeb93590_8162;
v0x55afaeb93590_8163 .array/port v0x55afaeb93590, 8163;
v0x55afaeb93590_8164 .array/port v0x55afaeb93590, 8164;
v0x55afaeb93590_8165 .array/port v0x55afaeb93590, 8165;
v0x55afaeb93590_8166 .array/port v0x55afaeb93590, 8166;
E_0x55afaeb77280/2041 .event anyedge, v0x55afaeb93590_8163, v0x55afaeb93590_8164, v0x55afaeb93590_8165, v0x55afaeb93590_8166;
v0x55afaeb93590_8167 .array/port v0x55afaeb93590, 8167;
v0x55afaeb93590_8168 .array/port v0x55afaeb93590, 8168;
v0x55afaeb93590_8169 .array/port v0x55afaeb93590, 8169;
v0x55afaeb93590_8170 .array/port v0x55afaeb93590, 8170;
E_0x55afaeb77280/2042 .event anyedge, v0x55afaeb93590_8167, v0x55afaeb93590_8168, v0x55afaeb93590_8169, v0x55afaeb93590_8170;
v0x55afaeb93590_8171 .array/port v0x55afaeb93590, 8171;
v0x55afaeb93590_8172 .array/port v0x55afaeb93590, 8172;
v0x55afaeb93590_8173 .array/port v0x55afaeb93590, 8173;
v0x55afaeb93590_8174 .array/port v0x55afaeb93590, 8174;
E_0x55afaeb77280/2043 .event anyedge, v0x55afaeb93590_8171, v0x55afaeb93590_8172, v0x55afaeb93590_8173, v0x55afaeb93590_8174;
v0x55afaeb93590_8175 .array/port v0x55afaeb93590, 8175;
v0x55afaeb93590_8176 .array/port v0x55afaeb93590, 8176;
v0x55afaeb93590_8177 .array/port v0x55afaeb93590, 8177;
v0x55afaeb93590_8178 .array/port v0x55afaeb93590, 8178;
E_0x55afaeb77280/2044 .event anyedge, v0x55afaeb93590_8175, v0x55afaeb93590_8176, v0x55afaeb93590_8177, v0x55afaeb93590_8178;
v0x55afaeb93590_8179 .array/port v0x55afaeb93590, 8179;
v0x55afaeb93590_8180 .array/port v0x55afaeb93590, 8180;
v0x55afaeb93590_8181 .array/port v0x55afaeb93590, 8181;
v0x55afaeb93590_8182 .array/port v0x55afaeb93590, 8182;
E_0x55afaeb77280/2045 .event anyedge, v0x55afaeb93590_8179, v0x55afaeb93590_8180, v0x55afaeb93590_8181, v0x55afaeb93590_8182;
v0x55afaeb93590_8183 .array/port v0x55afaeb93590, 8183;
v0x55afaeb93590_8184 .array/port v0x55afaeb93590, 8184;
v0x55afaeb93590_8185 .array/port v0x55afaeb93590, 8185;
v0x55afaeb93590_8186 .array/port v0x55afaeb93590, 8186;
E_0x55afaeb77280/2046 .event anyedge, v0x55afaeb93590_8183, v0x55afaeb93590_8184, v0x55afaeb93590_8185, v0x55afaeb93590_8186;
v0x55afaeb93590_8187 .array/port v0x55afaeb93590, 8187;
v0x55afaeb93590_8188 .array/port v0x55afaeb93590, 8188;
v0x55afaeb93590_8189 .array/port v0x55afaeb93590, 8189;
v0x55afaeb93590_8190 .array/port v0x55afaeb93590, 8190;
E_0x55afaeb77280/2047 .event anyedge, v0x55afaeb93590_8187, v0x55afaeb93590_8188, v0x55afaeb93590_8189, v0x55afaeb93590_8190;
v0x55afaeb93590_8191 .array/port v0x55afaeb93590, 8191;
E_0x55afaeb77280/2048 .event anyedge, v0x55afaeb93590_8191, v0x55afaeb93e10_0;
E_0x55afaeb77280 .event/or E_0x55afaeb77280/0, E_0x55afaeb77280/1, E_0x55afaeb77280/2, E_0x55afaeb77280/3, E_0x55afaeb77280/4, E_0x55afaeb77280/5, E_0x55afaeb77280/6, E_0x55afaeb77280/7, E_0x55afaeb77280/8, E_0x55afaeb77280/9, E_0x55afaeb77280/10, E_0x55afaeb77280/11, E_0x55afaeb77280/12, E_0x55afaeb77280/13, E_0x55afaeb77280/14, E_0x55afaeb77280/15, E_0x55afaeb77280/16, E_0x55afaeb77280/17, E_0x55afaeb77280/18, E_0x55afaeb77280/19, E_0x55afaeb77280/20, E_0x55afaeb77280/21, E_0x55afaeb77280/22, E_0x55afaeb77280/23, E_0x55afaeb77280/24, E_0x55afaeb77280/25, E_0x55afaeb77280/26, E_0x55afaeb77280/27, E_0x55afaeb77280/28, E_0x55afaeb77280/29, E_0x55afaeb77280/30, E_0x55afaeb77280/31, E_0x55afaeb77280/32, E_0x55afaeb77280/33, E_0x55afaeb77280/34, E_0x55afaeb77280/35, E_0x55afaeb77280/36, E_0x55afaeb77280/37, E_0x55afaeb77280/38, E_0x55afaeb77280/39, E_0x55afaeb77280/40, E_0x55afaeb77280/41, E_0x55afaeb77280/42, E_0x55afaeb77280/43, E_0x55afaeb77280/44, E_0x55afaeb77280/45, E_0x55afaeb77280/46, E_0x55afaeb77280/47, E_0x55afaeb77280/48, E_0x55afaeb77280/49, E_0x55afaeb77280/50, E_0x55afaeb77280/51, E_0x55afaeb77280/52, E_0x55afaeb77280/53, E_0x55afaeb77280/54, E_0x55afaeb77280/55, E_0x55afaeb77280/56, E_0x55afaeb77280/57, E_0x55afaeb77280/58, E_0x55afaeb77280/59, E_0x55afaeb77280/60, E_0x55afaeb77280/61, E_0x55afaeb77280/62, E_0x55afaeb77280/63, E_0x55afaeb77280/64, E_0x55afaeb77280/65, E_0x55afaeb77280/66, E_0x55afaeb77280/67, E_0x55afaeb77280/68, E_0x55afaeb77280/69, E_0x55afaeb77280/70, E_0x55afaeb77280/71, E_0x55afaeb77280/72, E_0x55afaeb77280/73, E_0x55afaeb77280/74, E_0x55afaeb77280/75, E_0x55afaeb77280/76, E_0x55afaeb77280/77, E_0x55afaeb77280/78, E_0x55afaeb77280/79, E_0x55afaeb77280/80, E_0x55afaeb77280/81, E_0x55afaeb77280/82, E_0x55afaeb77280/83, E_0x55afaeb77280/84, E_0x55afaeb77280/85, E_0x55afaeb77280/86, E_0x55afaeb77280/87, E_0x55afaeb77280/88, E_0x55afaeb77280/89, E_0x55afaeb77280/90, E_0x55afaeb77280/91, E_0x55afaeb77280/92, E_0x55afaeb77280/93, E_0x55afaeb77280/94, E_0x55afaeb77280/95, E_0x55afaeb77280/96, E_0x55afaeb77280/97, E_0x55afaeb77280/98, E_0x55afaeb77280/99, E_0x55afaeb77280/100, E_0x55afaeb77280/101, E_0x55afaeb77280/102, E_0x55afaeb77280/103, E_0x55afaeb77280/104, E_0x55afaeb77280/105, E_0x55afaeb77280/106, E_0x55afaeb77280/107, E_0x55afaeb77280/108, E_0x55afaeb77280/109, E_0x55afaeb77280/110, E_0x55afaeb77280/111, E_0x55afaeb77280/112, E_0x55afaeb77280/113, E_0x55afaeb77280/114, E_0x55afaeb77280/115, E_0x55afaeb77280/116, E_0x55afaeb77280/117, E_0x55afaeb77280/118, E_0x55afaeb77280/119, E_0x55afaeb77280/120, E_0x55afaeb77280/121, E_0x55afaeb77280/122, E_0x55afaeb77280/123, E_0x55afaeb77280/124, E_0x55afaeb77280/125, E_0x55afaeb77280/126, E_0x55afaeb77280/127, E_0x55afaeb77280/128, E_0x55afaeb77280/129, E_0x55afaeb77280/130, E_0x55afaeb77280/131, E_0x55afaeb77280/132, E_0x55afaeb77280/133, E_0x55afaeb77280/134, E_0x55afaeb77280/135, E_0x55afaeb77280/136, E_0x55afaeb77280/137, E_0x55afaeb77280/138, E_0x55afaeb77280/139, E_0x55afaeb77280/140, E_0x55afaeb77280/141, E_0x55afaeb77280/142, E_0x55afaeb77280/143, E_0x55afaeb77280/144, E_0x55afaeb77280/145, E_0x55afaeb77280/146, E_0x55afaeb77280/147, E_0x55afaeb77280/148, E_0x55afaeb77280/149, E_0x55afaeb77280/150, E_0x55afaeb77280/151, E_0x55afaeb77280/152, E_0x55afaeb77280/153, E_0x55afaeb77280/154, E_0x55afaeb77280/155, E_0x55afaeb77280/156, E_0x55afaeb77280/157, E_0x55afaeb77280/158, E_0x55afaeb77280/159, E_0x55afaeb77280/160, E_0x55afaeb77280/161, E_0x55afaeb77280/162, E_0x55afaeb77280/163, E_0x55afaeb77280/164, E_0x55afaeb77280/165, E_0x55afaeb77280/166, E_0x55afaeb77280/167, E_0x55afaeb77280/168, E_0x55afaeb77280/169, E_0x55afaeb77280/170, E_0x55afaeb77280/171, E_0x55afaeb77280/172, E_0x55afaeb77280/173, E_0x55afaeb77280/174, E_0x55afaeb77280/175, E_0x55afaeb77280/176, E_0x55afaeb77280/177, E_0x55afaeb77280/178, E_0x55afaeb77280/179, E_0x55afaeb77280/180, E_0x55afaeb77280/181, E_0x55afaeb77280/182, E_0x55afaeb77280/183, E_0x55afaeb77280/184, E_0x55afaeb77280/185, E_0x55afaeb77280/186, E_0x55afaeb77280/187, E_0x55afaeb77280/188, E_0x55afaeb77280/189, E_0x55afaeb77280/190, E_0x55afaeb77280/191, E_0x55afaeb77280/192, E_0x55afaeb77280/193, E_0x55afaeb77280/194, E_0x55afaeb77280/195, E_0x55afaeb77280/196, E_0x55afaeb77280/197, E_0x55afaeb77280/198, E_0x55afaeb77280/199, E_0x55afaeb77280/200, E_0x55afaeb77280/201, E_0x55afaeb77280/202, E_0x55afaeb77280/203, E_0x55afaeb77280/204, E_0x55afaeb77280/205, E_0x55afaeb77280/206, E_0x55afaeb77280/207, E_0x55afaeb77280/208, E_0x55afaeb77280/209, E_0x55afaeb77280/210, E_0x55afaeb77280/211, E_0x55afaeb77280/212, E_0x55afaeb77280/213, E_0x55afaeb77280/214, E_0x55afaeb77280/215, E_0x55afaeb77280/216, E_0x55afaeb77280/217, E_0x55afaeb77280/218, E_0x55afaeb77280/219, E_0x55afaeb77280/220, E_0x55afaeb77280/221, E_0x55afaeb77280/222, E_0x55afaeb77280/223, E_0x55afaeb77280/224, E_0x55afaeb77280/225, E_0x55afaeb77280/226, E_0x55afaeb77280/227, E_0x55afaeb77280/228, E_0x55afaeb77280/229, E_0x55afaeb77280/230, E_0x55afaeb77280/231, E_0x55afaeb77280/232, E_0x55afaeb77280/233, E_0x55afaeb77280/234, E_0x55afaeb77280/235, E_0x55afaeb77280/236, E_0x55afaeb77280/237, E_0x55afaeb77280/238, E_0x55afaeb77280/239, E_0x55afaeb77280/240, E_0x55afaeb77280/241, E_0x55afaeb77280/242, E_0x55afaeb77280/243, E_0x55afaeb77280/244, E_0x55afaeb77280/245, E_0x55afaeb77280/246, E_0x55afaeb77280/247, E_0x55afaeb77280/248, E_0x55afaeb77280/249, E_0x55afaeb77280/250, E_0x55afaeb77280/251, E_0x55afaeb77280/252, E_0x55afaeb77280/253, E_0x55afaeb77280/254, E_0x55afaeb77280/255, E_0x55afaeb77280/256, E_0x55afaeb77280/257, E_0x55afaeb77280/258, E_0x55afaeb77280/259, E_0x55afaeb77280/260, E_0x55afaeb77280/261, E_0x55afaeb77280/262, E_0x55afaeb77280/263, E_0x55afaeb77280/264, E_0x55afaeb77280/265, E_0x55afaeb77280/266, E_0x55afaeb77280/267, E_0x55afaeb77280/268, E_0x55afaeb77280/269, E_0x55afaeb77280/270, E_0x55afaeb77280/271, E_0x55afaeb77280/272, E_0x55afaeb77280/273, E_0x55afaeb77280/274, E_0x55afaeb77280/275, E_0x55afaeb77280/276, E_0x55afaeb77280/277, E_0x55afaeb77280/278, E_0x55afaeb77280/279, E_0x55afaeb77280/280, E_0x55afaeb77280/281, E_0x55afaeb77280/282, E_0x55afaeb77280/283, E_0x55afaeb77280/284, E_0x55afaeb77280/285, E_0x55afaeb77280/286, E_0x55afaeb77280/287, E_0x55afaeb77280/288, E_0x55afaeb77280/289, E_0x55afaeb77280/290, E_0x55afaeb77280/291, E_0x55afaeb77280/292, E_0x55afaeb77280/293, E_0x55afaeb77280/294, E_0x55afaeb77280/295, E_0x55afaeb77280/296, E_0x55afaeb77280/297, E_0x55afaeb77280/298, E_0x55afaeb77280/299, E_0x55afaeb77280/300, E_0x55afaeb77280/301, E_0x55afaeb77280/302, E_0x55afaeb77280/303, E_0x55afaeb77280/304, E_0x55afaeb77280/305, E_0x55afaeb77280/306, E_0x55afaeb77280/307, E_0x55afaeb77280/308, E_0x55afaeb77280/309, E_0x55afaeb77280/310, E_0x55afaeb77280/311, E_0x55afaeb77280/312, E_0x55afaeb77280/313, E_0x55afaeb77280/314, E_0x55afaeb77280/315, E_0x55afaeb77280/316, E_0x55afaeb77280/317, E_0x55afaeb77280/318, E_0x55afaeb77280/319, E_0x55afaeb77280/320, E_0x55afaeb77280/321, E_0x55afaeb77280/322, E_0x55afaeb77280/323, E_0x55afaeb77280/324, E_0x55afaeb77280/325, E_0x55afaeb77280/326, E_0x55afaeb77280/327, E_0x55afaeb77280/328, E_0x55afaeb77280/329, E_0x55afaeb77280/330, E_0x55afaeb77280/331, E_0x55afaeb77280/332, E_0x55afaeb77280/333, E_0x55afaeb77280/334, E_0x55afaeb77280/335, E_0x55afaeb77280/336, E_0x55afaeb77280/337, E_0x55afaeb77280/338, E_0x55afaeb77280/339, E_0x55afaeb77280/340, E_0x55afaeb77280/341, E_0x55afaeb77280/342, E_0x55afaeb77280/343, E_0x55afaeb77280/344, E_0x55afaeb77280/345, E_0x55afaeb77280/346, E_0x55afaeb77280/347, E_0x55afaeb77280/348, E_0x55afaeb77280/349, E_0x55afaeb77280/350, E_0x55afaeb77280/351, E_0x55afaeb77280/352, E_0x55afaeb77280/353, E_0x55afaeb77280/354, E_0x55afaeb77280/355, E_0x55afaeb77280/356, E_0x55afaeb77280/357, E_0x55afaeb77280/358, E_0x55afaeb77280/359, E_0x55afaeb77280/360, E_0x55afaeb77280/361, E_0x55afaeb77280/362, E_0x55afaeb77280/363, E_0x55afaeb77280/364, E_0x55afaeb77280/365, E_0x55afaeb77280/366, E_0x55afaeb77280/367, E_0x55afaeb77280/368, E_0x55afaeb77280/369, E_0x55afaeb77280/370, E_0x55afaeb77280/371, E_0x55afaeb77280/372, E_0x55afaeb77280/373, E_0x55afaeb77280/374, E_0x55afaeb77280/375, E_0x55afaeb77280/376, E_0x55afaeb77280/377, E_0x55afaeb77280/378, E_0x55afaeb77280/379, E_0x55afaeb77280/380, E_0x55afaeb77280/381, E_0x55afaeb77280/382, E_0x55afaeb77280/383, E_0x55afaeb77280/384, E_0x55afaeb77280/385, E_0x55afaeb77280/386, E_0x55afaeb77280/387, E_0x55afaeb77280/388, E_0x55afaeb77280/389, E_0x55afaeb77280/390, E_0x55afaeb77280/391, E_0x55afaeb77280/392, E_0x55afaeb77280/393, E_0x55afaeb77280/394, E_0x55afaeb77280/395, E_0x55afaeb77280/396, E_0x55afaeb77280/397, E_0x55afaeb77280/398, E_0x55afaeb77280/399, E_0x55afaeb77280/400, E_0x55afaeb77280/401, E_0x55afaeb77280/402, E_0x55afaeb77280/403, E_0x55afaeb77280/404, E_0x55afaeb77280/405, E_0x55afaeb77280/406, E_0x55afaeb77280/407, E_0x55afaeb77280/408, E_0x55afaeb77280/409, E_0x55afaeb77280/410, E_0x55afaeb77280/411, E_0x55afaeb77280/412, E_0x55afaeb77280/413, E_0x55afaeb77280/414, E_0x55afaeb77280/415, E_0x55afaeb77280/416, E_0x55afaeb77280/417, E_0x55afaeb77280/418, E_0x55afaeb77280/419, E_0x55afaeb77280/420, E_0x55afaeb77280/421, E_0x55afaeb77280/422, E_0x55afaeb77280/423, E_0x55afaeb77280/424, E_0x55afaeb77280/425, E_0x55afaeb77280/426, E_0x55afaeb77280/427, E_0x55afaeb77280/428, E_0x55afaeb77280/429, E_0x55afaeb77280/430, E_0x55afaeb77280/431, E_0x55afaeb77280/432, E_0x55afaeb77280/433, E_0x55afaeb77280/434, E_0x55afaeb77280/435, E_0x55afaeb77280/436, E_0x55afaeb77280/437, E_0x55afaeb77280/438, E_0x55afaeb77280/439, E_0x55afaeb77280/440, E_0x55afaeb77280/441, E_0x55afaeb77280/442, E_0x55afaeb77280/443, E_0x55afaeb77280/444, E_0x55afaeb77280/445, E_0x55afaeb77280/446, E_0x55afaeb77280/447, E_0x55afaeb77280/448, E_0x55afaeb77280/449, E_0x55afaeb77280/450, E_0x55afaeb77280/451, E_0x55afaeb77280/452, E_0x55afaeb77280/453, E_0x55afaeb77280/454, E_0x55afaeb77280/455, E_0x55afaeb77280/456, E_0x55afaeb77280/457, E_0x55afaeb77280/458, E_0x55afaeb77280/459, E_0x55afaeb77280/460, E_0x55afaeb77280/461, E_0x55afaeb77280/462, E_0x55afaeb77280/463, E_0x55afaeb77280/464, E_0x55afaeb77280/465, E_0x55afaeb77280/466, E_0x55afaeb77280/467, E_0x55afaeb77280/468, E_0x55afaeb77280/469, E_0x55afaeb77280/470, E_0x55afaeb77280/471, E_0x55afaeb77280/472, E_0x55afaeb77280/473, E_0x55afaeb77280/474, E_0x55afaeb77280/475, E_0x55afaeb77280/476, E_0x55afaeb77280/477, E_0x55afaeb77280/478, E_0x55afaeb77280/479, E_0x55afaeb77280/480, E_0x55afaeb77280/481, E_0x55afaeb77280/482, E_0x55afaeb77280/483, E_0x55afaeb77280/484, E_0x55afaeb77280/485, E_0x55afaeb77280/486, E_0x55afaeb77280/487, E_0x55afaeb77280/488, E_0x55afaeb77280/489, E_0x55afaeb77280/490, E_0x55afaeb77280/491, E_0x55afaeb77280/492, E_0x55afaeb77280/493, E_0x55afaeb77280/494, E_0x55afaeb77280/495, E_0x55afaeb77280/496, E_0x55afaeb77280/497, E_0x55afaeb77280/498, E_0x55afaeb77280/499, E_0x55afaeb77280/500, E_0x55afaeb77280/501, E_0x55afaeb77280/502, E_0x55afaeb77280/503, E_0x55afaeb77280/504, E_0x55afaeb77280/505, E_0x55afaeb77280/506, E_0x55afaeb77280/507, E_0x55afaeb77280/508, E_0x55afaeb77280/509, E_0x55afaeb77280/510, E_0x55afaeb77280/511, E_0x55afaeb77280/512, E_0x55afaeb77280/513, E_0x55afaeb77280/514, E_0x55afaeb77280/515, E_0x55afaeb77280/516, E_0x55afaeb77280/517, E_0x55afaeb77280/518, E_0x55afaeb77280/519, E_0x55afaeb77280/520, E_0x55afaeb77280/521, E_0x55afaeb77280/522, E_0x55afaeb77280/523, E_0x55afaeb77280/524, E_0x55afaeb77280/525, E_0x55afaeb77280/526, E_0x55afaeb77280/527, E_0x55afaeb77280/528, E_0x55afaeb77280/529, E_0x55afaeb77280/530, E_0x55afaeb77280/531, E_0x55afaeb77280/532, E_0x55afaeb77280/533, E_0x55afaeb77280/534, E_0x55afaeb77280/535, E_0x55afaeb77280/536, E_0x55afaeb77280/537, E_0x55afaeb77280/538, E_0x55afaeb77280/539, E_0x55afaeb77280/540, E_0x55afaeb77280/541, E_0x55afaeb77280/542, E_0x55afaeb77280/543, E_0x55afaeb77280/544, E_0x55afaeb77280/545, E_0x55afaeb77280/546, E_0x55afaeb77280/547, E_0x55afaeb77280/548, E_0x55afaeb77280/549, E_0x55afaeb77280/550, E_0x55afaeb77280/551, E_0x55afaeb77280/552, E_0x55afaeb77280/553, E_0x55afaeb77280/554, E_0x55afaeb77280/555, E_0x55afaeb77280/556, E_0x55afaeb77280/557, E_0x55afaeb77280/558, E_0x55afaeb77280/559, E_0x55afaeb77280/560, E_0x55afaeb77280/561, E_0x55afaeb77280/562, E_0x55afaeb77280/563, E_0x55afaeb77280/564, E_0x55afaeb77280/565, E_0x55afaeb77280/566, E_0x55afaeb77280/567, E_0x55afaeb77280/568, E_0x55afaeb77280/569, E_0x55afaeb77280/570, E_0x55afaeb77280/571, E_0x55afaeb77280/572, E_0x55afaeb77280/573, E_0x55afaeb77280/574, E_0x55afaeb77280/575, E_0x55afaeb77280/576, E_0x55afaeb77280/577, E_0x55afaeb77280/578, E_0x55afaeb77280/579, E_0x55afaeb77280/580, E_0x55afaeb77280/581, E_0x55afaeb77280/582, E_0x55afaeb77280/583, E_0x55afaeb77280/584, E_0x55afaeb77280/585, E_0x55afaeb77280/586, E_0x55afaeb77280/587, E_0x55afaeb77280/588, E_0x55afaeb77280/589, E_0x55afaeb77280/590, E_0x55afaeb77280/591, E_0x55afaeb77280/592, E_0x55afaeb77280/593, E_0x55afaeb77280/594, E_0x55afaeb77280/595, E_0x55afaeb77280/596, E_0x55afaeb77280/597, E_0x55afaeb77280/598, E_0x55afaeb77280/599, E_0x55afaeb77280/600, E_0x55afaeb77280/601, E_0x55afaeb77280/602, E_0x55afaeb77280/603, E_0x55afaeb77280/604, E_0x55afaeb77280/605, E_0x55afaeb77280/606, E_0x55afaeb77280/607, E_0x55afaeb77280/608, E_0x55afaeb77280/609, E_0x55afaeb77280/610, E_0x55afaeb77280/611, E_0x55afaeb77280/612, E_0x55afaeb77280/613, E_0x55afaeb77280/614, E_0x55afaeb77280/615, E_0x55afaeb77280/616, E_0x55afaeb77280/617, E_0x55afaeb77280/618, E_0x55afaeb77280/619, E_0x55afaeb77280/620, E_0x55afaeb77280/621, E_0x55afaeb77280/622, E_0x55afaeb77280/623, E_0x55afaeb77280/624, E_0x55afaeb77280/625, E_0x55afaeb77280/626, E_0x55afaeb77280/627, E_0x55afaeb77280/628, E_0x55afaeb77280/629, E_0x55afaeb77280/630, E_0x55afaeb77280/631, E_0x55afaeb77280/632, E_0x55afaeb77280/633, E_0x55afaeb77280/634, E_0x55afaeb77280/635, E_0x55afaeb77280/636, E_0x55afaeb77280/637, E_0x55afaeb77280/638, E_0x55afaeb77280/639, E_0x55afaeb77280/640, E_0x55afaeb77280/641, E_0x55afaeb77280/642, E_0x55afaeb77280/643, E_0x55afaeb77280/644, E_0x55afaeb77280/645, E_0x55afaeb77280/646, E_0x55afaeb77280/647, E_0x55afaeb77280/648, E_0x55afaeb77280/649, E_0x55afaeb77280/650, E_0x55afaeb77280/651, E_0x55afaeb77280/652, E_0x55afaeb77280/653, E_0x55afaeb77280/654, E_0x55afaeb77280/655, E_0x55afaeb77280/656, E_0x55afaeb77280/657, E_0x55afaeb77280/658, E_0x55afaeb77280/659, E_0x55afaeb77280/660, E_0x55afaeb77280/661, E_0x55afaeb77280/662, E_0x55afaeb77280/663, E_0x55afaeb77280/664, E_0x55afaeb77280/665, E_0x55afaeb77280/666, E_0x55afaeb77280/667, E_0x55afaeb77280/668, E_0x55afaeb77280/669, E_0x55afaeb77280/670, E_0x55afaeb77280/671, E_0x55afaeb77280/672, E_0x55afaeb77280/673, E_0x55afaeb77280/674, E_0x55afaeb77280/675, E_0x55afaeb77280/676, E_0x55afaeb77280/677, E_0x55afaeb77280/678, E_0x55afaeb77280/679, E_0x55afaeb77280/680, E_0x55afaeb77280/681, E_0x55afaeb77280/682, E_0x55afaeb77280/683, E_0x55afaeb77280/684, E_0x55afaeb77280/685, E_0x55afaeb77280/686, E_0x55afaeb77280/687, E_0x55afaeb77280/688, E_0x55afaeb77280/689, E_0x55afaeb77280/690, E_0x55afaeb77280/691, E_0x55afaeb77280/692, E_0x55afaeb77280/693, E_0x55afaeb77280/694, E_0x55afaeb77280/695, E_0x55afaeb77280/696, E_0x55afaeb77280/697, E_0x55afaeb77280/698, E_0x55afaeb77280/699, E_0x55afaeb77280/700, E_0x55afaeb77280/701, E_0x55afaeb77280/702, E_0x55afaeb77280/703, E_0x55afaeb77280/704, E_0x55afaeb77280/705, E_0x55afaeb77280/706, E_0x55afaeb77280/707, E_0x55afaeb77280/708, E_0x55afaeb77280/709, E_0x55afaeb77280/710, E_0x55afaeb77280/711, E_0x55afaeb77280/712, E_0x55afaeb77280/713, E_0x55afaeb77280/714, E_0x55afaeb77280/715, E_0x55afaeb77280/716, E_0x55afaeb77280/717, E_0x55afaeb77280/718, E_0x55afaeb77280/719, E_0x55afaeb77280/720, E_0x55afaeb77280/721, E_0x55afaeb77280/722, E_0x55afaeb77280/723, E_0x55afaeb77280/724, E_0x55afaeb77280/725, E_0x55afaeb77280/726, E_0x55afaeb77280/727, E_0x55afaeb77280/728, E_0x55afaeb77280/729, E_0x55afaeb77280/730, E_0x55afaeb77280/731, E_0x55afaeb77280/732, E_0x55afaeb77280/733, E_0x55afaeb77280/734, E_0x55afaeb77280/735, E_0x55afaeb77280/736, E_0x55afaeb77280/737, E_0x55afaeb77280/738, E_0x55afaeb77280/739, E_0x55afaeb77280/740, E_0x55afaeb77280/741, E_0x55afaeb77280/742, E_0x55afaeb77280/743, E_0x55afaeb77280/744, E_0x55afaeb77280/745, E_0x55afaeb77280/746, E_0x55afaeb77280/747, E_0x55afaeb77280/748, E_0x55afaeb77280/749, E_0x55afaeb77280/750, E_0x55afaeb77280/751, E_0x55afaeb77280/752, E_0x55afaeb77280/753, E_0x55afaeb77280/754, E_0x55afaeb77280/755, E_0x55afaeb77280/756, E_0x55afaeb77280/757, E_0x55afaeb77280/758, E_0x55afaeb77280/759, E_0x55afaeb77280/760, E_0x55afaeb77280/761, E_0x55afaeb77280/762, E_0x55afaeb77280/763, E_0x55afaeb77280/764, E_0x55afaeb77280/765, E_0x55afaeb77280/766, E_0x55afaeb77280/767, E_0x55afaeb77280/768, E_0x55afaeb77280/769, E_0x55afaeb77280/770, E_0x55afaeb77280/771, E_0x55afaeb77280/772, E_0x55afaeb77280/773, E_0x55afaeb77280/774, E_0x55afaeb77280/775, E_0x55afaeb77280/776, E_0x55afaeb77280/777, E_0x55afaeb77280/778, E_0x55afaeb77280/779, E_0x55afaeb77280/780, E_0x55afaeb77280/781, E_0x55afaeb77280/782, E_0x55afaeb77280/783, E_0x55afaeb77280/784, E_0x55afaeb77280/785, E_0x55afaeb77280/786, E_0x55afaeb77280/787, E_0x55afaeb77280/788, E_0x55afaeb77280/789, E_0x55afaeb77280/790, E_0x55afaeb77280/791, E_0x55afaeb77280/792, E_0x55afaeb77280/793, E_0x55afaeb77280/794, E_0x55afaeb77280/795, E_0x55afaeb77280/796, E_0x55afaeb77280/797, E_0x55afaeb77280/798, E_0x55afaeb77280/799, E_0x55afaeb77280/800, E_0x55afaeb77280/801, E_0x55afaeb77280/802, E_0x55afaeb77280/803, E_0x55afaeb77280/804, E_0x55afaeb77280/805, E_0x55afaeb77280/806, E_0x55afaeb77280/807, E_0x55afaeb77280/808, E_0x55afaeb77280/809, E_0x55afaeb77280/810, E_0x55afaeb77280/811, E_0x55afaeb77280/812, E_0x55afaeb77280/813, E_0x55afaeb77280/814, E_0x55afaeb77280/815, E_0x55afaeb77280/816, E_0x55afaeb77280/817, E_0x55afaeb77280/818, E_0x55afaeb77280/819, E_0x55afaeb77280/820, E_0x55afaeb77280/821, E_0x55afaeb77280/822, E_0x55afaeb77280/823, E_0x55afaeb77280/824, E_0x55afaeb77280/825, E_0x55afaeb77280/826, E_0x55afaeb77280/827, E_0x55afaeb77280/828, E_0x55afaeb77280/829, E_0x55afaeb77280/830, E_0x55afaeb77280/831, E_0x55afaeb77280/832, E_0x55afaeb77280/833, E_0x55afaeb77280/834, E_0x55afaeb77280/835, E_0x55afaeb77280/836, E_0x55afaeb77280/837, E_0x55afaeb77280/838, E_0x55afaeb77280/839, E_0x55afaeb77280/840, E_0x55afaeb77280/841, E_0x55afaeb77280/842, E_0x55afaeb77280/843, E_0x55afaeb77280/844, E_0x55afaeb77280/845, E_0x55afaeb77280/846, E_0x55afaeb77280/847, E_0x55afaeb77280/848, E_0x55afaeb77280/849, E_0x55afaeb77280/850, E_0x55afaeb77280/851, E_0x55afaeb77280/852, E_0x55afaeb77280/853, E_0x55afaeb77280/854, E_0x55afaeb77280/855, E_0x55afaeb77280/856, E_0x55afaeb77280/857, E_0x55afaeb77280/858, E_0x55afaeb77280/859, E_0x55afaeb77280/860, E_0x55afaeb77280/861, E_0x55afaeb77280/862, E_0x55afaeb77280/863, E_0x55afaeb77280/864, E_0x55afaeb77280/865, E_0x55afaeb77280/866, E_0x55afaeb77280/867, E_0x55afaeb77280/868, E_0x55afaeb77280/869, E_0x55afaeb77280/870, E_0x55afaeb77280/871, E_0x55afaeb77280/872, E_0x55afaeb77280/873, E_0x55afaeb77280/874, E_0x55afaeb77280/875, E_0x55afaeb77280/876, E_0x55afaeb77280/877, E_0x55afaeb77280/878, E_0x55afaeb77280/879, E_0x55afaeb77280/880, E_0x55afaeb77280/881, E_0x55afaeb77280/882, E_0x55afaeb77280/883, E_0x55afaeb77280/884, E_0x55afaeb77280/885, E_0x55afaeb77280/886, E_0x55afaeb77280/887, E_0x55afaeb77280/888, E_0x55afaeb77280/889, E_0x55afaeb77280/890, E_0x55afaeb77280/891, E_0x55afaeb77280/892, E_0x55afaeb77280/893, E_0x55afaeb77280/894, E_0x55afaeb77280/895, E_0x55afaeb77280/896, E_0x55afaeb77280/897, E_0x55afaeb77280/898, E_0x55afaeb77280/899, E_0x55afaeb77280/900, E_0x55afaeb77280/901, E_0x55afaeb77280/902, E_0x55afaeb77280/903, E_0x55afaeb77280/904, E_0x55afaeb77280/905, E_0x55afaeb77280/906, E_0x55afaeb77280/907, E_0x55afaeb77280/908, E_0x55afaeb77280/909, E_0x55afaeb77280/910, E_0x55afaeb77280/911, E_0x55afaeb77280/912, E_0x55afaeb77280/913, E_0x55afaeb77280/914, E_0x55afaeb77280/915, E_0x55afaeb77280/916, E_0x55afaeb77280/917, E_0x55afaeb77280/918, E_0x55afaeb77280/919, E_0x55afaeb77280/920, E_0x55afaeb77280/921, E_0x55afaeb77280/922, E_0x55afaeb77280/923, E_0x55afaeb77280/924, E_0x55afaeb77280/925, E_0x55afaeb77280/926, E_0x55afaeb77280/927, E_0x55afaeb77280/928, E_0x55afaeb77280/929, E_0x55afaeb77280/930, E_0x55afaeb77280/931, E_0x55afaeb77280/932, E_0x55afaeb77280/933, E_0x55afaeb77280/934, E_0x55afaeb77280/935, E_0x55afaeb77280/936, E_0x55afaeb77280/937, E_0x55afaeb77280/938, E_0x55afaeb77280/939, E_0x55afaeb77280/940, E_0x55afaeb77280/941, E_0x55afaeb77280/942, E_0x55afaeb77280/943, E_0x55afaeb77280/944, E_0x55afaeb77280/945, E_0x55afaeb77280/946, E_0x55afaeb77280/947, E_0x55afaeb77280/948, E_0x55afaeb77280/949, E_0x55afaeb77280/950, E_0x55afaeb77280/951, E_0x55afaeb77280/952, E_0x55afaeb77280/953, E_0x55afaeb77280/954, E_0x55afaeb77280/955, E_0x55afaeb77280/956, E_0x55afaeb77280/957, E_0x55afaeb77280/958, E_0x55afaeb77280/959, E_0x55afaeb77280/960, E_0x55afaeb77280/961, E_0x55afaeb77280/962, E_0x55afaeb77280/963, E_0x55afaeb77280/964, E_0x55afaeb77280/965, E_0x55afaeb77280/966, E_0x55afaeb77280/967, E_0x55afaeb77280/968, E_0x55afaeb77280/969, E_0x55afaeb77280/970, E_0x55afaeb77280/971, E_0x55afaeb77280/972, E_0x55afaeb77280/973, E_0x55afaeb77280/974, E_0x55afaeb77280/975, E_0x55afaeb77280/976, E_0x55afaeb77280/977, E_0x55afaeb77280/978, E_0x55afaeb77280/979, E_0x55afaeb77280/980, E_0x55afaeb77280/981, E_0x55afaeb77280/982, E_0x55afaeb77280/983, E_0x55afaeb77280/984, E_0x55afaeb77280/985, E_0x55afaeb77280/986, E_0x55afaeb77280/987, E_0x55afaeb77280/988, E_0x55afaeb77280/989, E_0x55afaeb77280/990, E_0x55afaeb77280/991, E_0x55afaeb77280/992, E_0x55afaeb77280/993, E_0x55afaeb77280/994, E_0x55afaeb77280/995, E_0x55afaeb77280/996, E_0x55afaeb77280/997, E_0x55afaeb77280/998, E_0x55afaeb77280/999, E_0x55afaeb77280/1000, E_0x55afaeb77280/1001, E_0x55afaeb77280/1002, E_0x55afaeb77280/1003, E_0x55afaeb77280/1004, E_0x55afaeb77280/1005, E_0x55afaeb77280/1006, E_0x55afaeb77280/1007, E_0x55afaeb77280/1008, E_0x55afaeb77280/1009, E_0x55afaeb77280/1010, E_0x55afaeb77280/1011, E_0x55afaeb77280/1012, E_0x55afaeb77280/1013, E_0x55afaeb77280/1014, E_0x55afaeb77280/1015, E_0x55afaeb77280/1016, E_0x55afaeb77280/1017, E_0x55afaeb77280/1018, E_0x55afaeb77280/1019, E_0x55afaeb77280/1020, E_0x55afaeb77280/1021, E_0x55afaeb77280/1022, E_0x55afaeb77280/1023, E_0x55afaeb77280/1024, E_0x55afaeb77280/1025, E_0x55afaeb77280/1026, E_0x55afaeb77280/1027, E_0x55afaeb77280/1028, E_0x55afaeb77280/1029, E_0x55afaeb77280/1030, E_0x55afaeb77280/1031, E_0x55afaeb77280/1032, E_0x55afaeb77280/1033, E_0x55afaeb77280/1034, E_0x55afaeb77280/1035, E_0x55afaeb77280/1036, E_0x55afaeb77280/1037, E_0x55afaeb77280/1038, E_0x55afaeb77280/1039, E_0x55afaeb77280/1040, E_0x55afaeb77280/1041, E_0x55afaeb77280/1042, E_0x55afaeb77280/1043, E_0x55afaeb77280/1044, E_0x55afaeb77280/1045, E_0x55afaeb77280/1046, E_0x55afaeb77280/1047, E_0x55afaeb77280/1048, E_0x55afaeb77280/1049, E_0x55afaeb77280/1050, E_0x55afaeb77280/1051, E_0x55afaeb77280/1052, E_0x55afaeb77280/1053, E_0x55afaeb77280/1054, E_0x55afaeb77280/1055, E_0x55afaeb77280/1056, E_0x55afaeb77280/1057, E_0x55afaeb77280/1058, E_0x55afaeb77280/1059, E_0x55afaeb77280/1060, E_0x55afaeb77280/1061, E_0x55afaeb77280/1062, E_0x55afaeb77280/1063, E_0x55afaeb77280/1064, E_0x55afaeb77280/1065, E_0x55afaeb77280/1066, E_0x55afaeb77280/1067, E_0x55afaeb77280/1068, E_0x55afaeb77280/1069, E_0x55afaeb77280/1070, E_0x55afaeb77280/1071, E_0x55afaeb77280/1072, E_0x55afaeb77280/1073, E_0x55afaeb77280/1074, E_0x55afaeb77280/1075, E_0x55afaeb77280/1076, E_0x55afaeb77280/1077, E_0x55afaeb77280/1078, E_0x55afaeb77280/1079, E_0x55afaeb77280/1080, E_0x55afaeb77280/1081, E_0x55afaeb77280/1082, E_0x55afaeb77280/1083, E_0x55afaeb77280/1084, E_0x55afaeb77280/1085, E_0x55afaeb77280/1086, E_0x55afaeb77280/1087, E_0x55afaeb77280/1088, E_0x55afaeb77280/1089, E_0x55afaeb77280/1090, E_0x55afaeb77280/1091, E_0x55afaeb77280/1092, E_0x55afaeb77280/1093, E_0x55afaeb77280/1094, E_0x55afaeb77280/1095, E_0x55afaeb77280/1096, E_0x55afaeb77280/1097, E_0x55afaeb77280/1098, E_0x55afaeb77280/1099, E_0x55afaeb77280/1100, E_0x55afaeb77280/1101, E_0x55afaeb77280/1102, E_0x55afaeb77280/1103, E_0x55afaeb77280/1104, E_0x55afaeb77280/1105, E_0x55afaeb77280/1106, E_0x55afaeb77280/1107, E_0x55afaeb77280/1108, E_0x55afaeb77280/1109, E_0x55afaeb77280/1110, E_0x55afaeb77280/1111, E_0x55afaeb77280/1112, E_0x55afaeb77280/1113, E_0x55afaeb77280/1114, E_0x55afaeb77280/1115, E_0x55afaeb77280/1116, E_0x55afaeb77280/1117, E_0x55afaeb77280/1118, E_0x55afaeb77280/1119, E_0x55afaeb77280/1120, E_0x55afaeb77280/1121, E_0x55afaeb77280/1122, E_0x55afaeb77280/1123, E_0x55afaeb77280/1124, E_0x55afaeb77280/1125, E_0x55afaeb77280/1126, E_0x55afaeb77280/1127, E_0x55afaeb77280/1128, E_0x55afaeb77280/1129, E_0x55afaeb77280/1130, E_0x55afaeb77280/1131, E_0x55afaeb77280/1132, E_0x55afaeb77280/1133, E_0x55afaeb77280/1134, E_0x55afaeb77280/1135, E_0x55afaeb77280/1136, E_0x55afaeb77280/1137, E_0x55afaeb77280/1138, E_0x55afaeb77280/1139, E_0x55afaeb77280/1140, E_0x55afaeb77280/1141, E_0x55afaeb77280/1142, E_0x55afaeb77280/1143, E_0x55afaeb77280/1144, E_0x55afaeb77280/1145, E_0x55afaeb77280/1146, E_0x55afaeb77280/1147, E_0x55afaeb77280/1148, E_0x55afaeb77280/1149, E_0x55afaeb77280/1150, E_0x55afaeb77280/1151, E_0x55afaeb77280/1152, E_0x55afaeb77280/1153, E_0x55afaeb77280/1154, E_0x55afaeb77280/1155, E_0x55afaeb77280/1156, E_0x55afaeb77280/1157, E_0x55afaeb77280/1158, E_0x55afaeb77280/1159, E_0x55afaeb77280/1160, E_0x55afaeb77280/1161, E_0x55afaeb77280/1162, E_0x55afaeb77280/1163, E_0x55afaeb77280/1164, E_0x55afaeb77280/1165, E_0x55afaeb77280/1166, E_0x55afaeb77280/1167, E_0x55afaeb77280/1168, E_0x55afaeb77280/1169, E_0x55afaeb77280/1170, E_0x55afaeb77280/1171, E_0x55afaeb77280/1172, E_0x55afaeb77280/1173, E_0x55afaeb77280/1174, E_0x55afaeb77280/1175, E_0x55afaeb77280/1176, E_0x55afaeb77280/1177, E_0x55afaeb77280/1178, E_0x55afaeb77280/1179, E_0x55afaeb77280/1180, E_0x55afaeb77280/1181, E_0x55afaeb77280/1182, E_0x55afaeb77280/1183, E_0x55afaeb77280/1184, E_0x55afaeb77280/1185, E_0x55afaeb77280/1186, E_0x55afaeb77280/1187, E_0x55afaeb77280/1188, E_0x55afaeb77280/1189, E_0x55afaeb77280/1190, E_0x55afaeb77280/1191, E_0x55afaeb77280/1192, E_0x55afaeb77280/1193, E_0x55afaeb77280/1194, E_0x55afaeb77280/1195, E_0x55afaeb77280/1196, E_0x55afaeb77280/1197, E_0x55afaeb77280/1198, E_0x55afaeb77280/1199, E_0x55afaeb77280/1200, E_0x55afaeb77280/1201, E_0x55afaeb77280/1202, E_0x55afaeb77280/1203, E_0x55afaeb77280/1204, E_0x55afaeb77280/1205, E_0x55afaeb77280/1206, E_0x55afaeb77280/1207, E_0x55afaeb77280/1208, E_0x55afaeb77280/1209, E_0x55afaeb77280/1210, E_0x55afaeb77280/1211, E_0x55afaeb77280/1212, E_0x55afaeb77280/1213, E_0x55afaeb77280/1214, E_0x55afaeb77280/1215, E_0x55afaeb77280/1216, E_0x55afaeb77280/1217, E_0x55afaeb77280/1218, E_0x55afaeb77280/1219, E_0x55afaeb77280/1220, E_0x55afaeb77280/1221, E_0x55afaeb77280/1222, E_0x55afaeb77280/1223, E_0x55afaeb77280/1224, E_0x55afaeb77280/1225, E_0x55afaeb77280/1226, E_0x55afaeb77280/1227, E_0x55afaeb77280/1228, E_0x55afaeb77280/1229, E_0x55afaeb77280/1230, E_0x55afaeb77280/1231, E_0x55afaeb77280/1232, E_0x55afaeb77280/1233, E_0x55afaeb77280/1234, E_0x55afaeb77280/1235, E_0x55afaeb77280/1236, E_0x55afaeb77280/1237, E_0x55afaeb77280/1238, E_0x55afaeb77280/1239, E_0x55afaeb77280/1240, E_0x55afaeb77280/1241, E_0x55afaeb77280/1242, E_0x55afaeb77280/1243, E_0x55afaeb77280/1244, E_0x55afaeb77280/1245, E_0x55afaeb77280/1246, E_0x55afaeb77280/1247, E_0x55afaeb77280/1248, E_0x55afaeb77280/1249, E_0x55afaeb77280/1250, E_0x55afaeb77280/1251, E_0x55afaeb77280/1252, E_0x55afaeb77280/1253, E_0x55afaeb77280/1254, E_0x55afaeb77280/1255, E_0x55afaeb77280/1256, E_0x55afaeb77280/1257, E_0x55afaeb77280/1258, E_0x55afaeb77280/1259, E_0x55afaeb77280/1260, E_0x55afaeb77280/1261, E_0x55afaeb77280/1262, E_0x55afaeb77280/1263, E_0x55afaeb77280/1264, E_0x55afaeb77280/1265, E_0x55afaeb77280/1266, E_0x55afaeb77280/1267, E_0x55afaeb77280/1268, E_0x55afaeb77280/1269, E_0x55afaeb77280/1270, E_0x55afaeb77280/1271, E_0x55afaeb77280/1272, E_0x55afaeb77280/1273, E_0x55afaeb77280/1274, E_0x55afaeb77280/1275, E_0x55afaeb77280/1276, E_0x55afaeb77280/1277, E_0x55afaeb77280/1278, E_0x55afaeb77280/1279, E_0x55afaeb77280/1280, E_0x55afaeb77280/1281, E_0x55afaeb77280/1282, E_0x55afaeb77280/1283, E_0x55afaeb77280/1284, E_0x55afaeb77280/1285, E_0x55afaeb77280/1286, E_0x55afaeb77280/1287, E_0x55afaeb77280/1288, E_0x55afaeb77280/1289, E_0x55afaeb77280/1290, E_0x55afaeb77280/1291, E_0x55afaeb77280/1292, E_0x55afaeb77280/1293, E_0x55afaeb77280/1294, E_0x55afaeb77280/1295, E_0x55afaeb77280/1296, E_0x55afaeb77280/1297, E_0x55afaeb77280/1298, E_0x55afaeb77280/1299, E_0x55afaeb77280/1300, E_0x55afaeb77280/1301, E_0x55afaeb77280/1302, E_0x55afaeb77280/1303, E_0x55afaeb77280/1304, E_0x55afaeb77280/1305, E_0x55afaeb77280/1306, E_0x55afaeb77280/1307, E_0x55afaeb77280/1308, E_0x55afaeb77280/1309, E_0x55afaeb77280/1310, E_0x55afaeb77280/1311, E_0x55afaeb77280/1312, E_0x55afaeb77280/1313, E_0x55afaeb77280/1314, E_0x55afaeb77280/1315, E_0x55afaeb77280/1316, E_0x55afaeb77280/1317, E_0x55afaeb77280/1318, E_0x55afaeb77280/1319, E_0x55afaeb77280/1320, E_0x55afaeb77280/1321, E_0x55afaeb77280/1322, E_0x55afaeb77280/1323, E_0x55afaeb77280/1324, E_0x55afaeb77280/1325, E_0x55afaeb77280/1326, E_0x55afaeb77280/1327, E_0x55afaeb77280/1328, E_0x55afaeb77280/1329, E_0x55afaeb77280/1330, E_0x55afaeb77280/1331, E_0x55afaeb77280/1332, E_0x55afaeb77280/1333, E_0x55afaeb77280/1334, E_0x55afaeb77280/1335, E_0x55afaeb77280/1336, E_0x55afaeb77280/1337, E_0x55afaeb77280/1338, E_0x55afaeb77280/1339, E_0x55afaeb77280/1340, E_0x55afaeb77280/1341, E_0x55afaeb77280/1342, E_0x55afaeb77280/1343, E_0x55afaeb77280/1344, E_0x55afaeb77280/1345, E_0x55afaeb77280/1346, E_0x55afaeb77280/1347, E_0x55afaeb77280/1348, E_0x55afaeb77280/1349, E_0x55afaeb77280/1350, E_0x55afaeb77280/1351, E_0x55afaeb77280/1352, E_0x55afaeb77280/1353, E_0x55afaeb77280/1354, E_0x55afaeb77280/1355, E_0x55afaeb77280/1356, E_0x55afaeb77280/1357, E_0x55afaeb77280/1358, E_0x55afaeb77280/1359, E_0x55afaeb77280/1360, E_0x55afaeb77280/1361, E_0x55afaeb77280/1362, E_0x55afaeb77280/1363, E_0x55afaeb77280/1364, E_0x55afaeb77280/1365, E_0x55afaeb77280/1366, E_0x55afaeb77280/1367, E_0x55afaeb77280/1368, E_0x55afaeb77280/1369, E_0x55afaeb77280/1370, E_0x55afaeb77280/1371, E_0x55afaeb77280/1372, E_0x55afaeb77280/1373, E_0x55afaeb77280/1374, E_0x55afaeb77280/1375, E_0x55afaeb77280/1376, E_0x55afaeb77280/1377, E_0x55afaeb77280/1378, E_0x55afaeb77280/1379, E_0x55afaeb77280/1380, E_0x55afaeb77280/1381, E_0x55afaeb77280/1382, E_0x55afaeb77280/1383, E_0x55afaeb77280/1384, E_0x55afaeb77280/1385, E_0x55afaeb77280/1386, E_0x55afaeb77280/1387, E_0x55afaeb77280/1388, E_0x55afaeb77280/1389, E_0x55afaeb77280/1390, E_0x55afaeb77280/1391, E_0x55afaeb77280/1392, E_0x55afaeb77280/1393, E_0x55afaeb77280/1394, E_0x55afaeb77280/1395, E_0x55afaeb77280/1396, E_0x55afaeb77280/1397, E_0x55afaeb77280/1398, E_0x55afaeb77280/1399, E_0x55afaeb77280/1400, E_0x55afaeb77280/1401, E_0x55afaeb77280/1402, E_0x55afaeb77280/1403, E_0x55afaeb77280/1404, E_0x55afaeb77280/1405, E_0x55afaeb77280/1406, E_0x55afaeb77280/1407, E_0x55afaeb77280/1408, E_0x55afaeb77280/1409, E_0x55afaeb77280/1410, E_0x55afaeb77280/1411, E_0x55afaeb77280/1412, E_0x55afaeb77280/1413, E_0x55afaeb77280/1414, E_0x55afaeb77280/1415, E_0x55afaeb77280/1416, E_0x55afaeb77280/1417, E_0x55afaeb77280/1418, E_0x55afaeb77280/1419, E_0x55afaeb77280/1420, E_0x55afaeb77280/1421, E_0x55afaeb77280/1422, E_0x55afaeb77280/1423, E_0x55afaeb77280/1424, E_0x55afaeb77280/1425, E_0x55afaeb77280/1426, E_0x55afaeb77280/1427, E_0x55afaeb77280/1428, E_0x55afaeb77280/1429, E_0x55afaeb77280/1430, E_0x55afaeb77280/1431, E_0x55afaeb77280/1432, E_0x55afaeb77280/1433, E_0x55afaeb77280/1434, E_0x55afaeb77280/1435, E_0x55afaeb77280/1436, E_0x55afaeb77280/1437, E_0x55afaeb77280/1438, E_0x55afaeb77280/1439, E_0x55afaeb77280/1440, E_0x55afaeb77280/1441, E_0x55afaeb77280/1442, E_0x55afaeb77280/1443, E_0x55afaeb77280/1444, E_0x55afaeb77280/1445, E_0x55afaeb77280/1446, E_0x55afaeb77280/1447, E_0x55afaeb77280/1448, E_0x55afaeb77280/1449, E_0x55afaeb77280/1450, E_0x55afaeb77280/1451, E_0x55afaeb77280/1452, E_0x55afaeb77280/1453, E_0x55afaeb77280/1454, E_0x55afaeb77280/1455, E_0x55afaeb77280/1456, E_0x55afaeb77280/1457, E_0x55afaeb77280/1458, E_0x55afaeb77280/1459, E_0x55afaeb77280/1460, E_0x55afaeb77280/1461, E_0x55afaeb77280/1462, E_0x55afaeb77280/1463, E_0x55afaeb77280/1464, E_0x55afaeb77280/1465, E_0x55afaeb77280/1466, E_0x55afaeb77280/1467, E_0x55afaeb77280/1468, E_0x55afaeb77280/1469, E_0x55afaeb77280/1470, E_0x55afaeb77280/1471, E_0x55afaeb77280/1472, E_0x55afaeb77280/1473, E_0x55afaeb77280/1474, E_0x55afaeb77280/1475, E_0x55afaeb77280/1476, E_0x55afaeb77280/1477, E_0x55afaeb77280/1478, E_0x55afaeb77280/1479, E_0x55afaeb77280/1480, E_0x55afaeb77280/1481, E_0x55afaeb77280/1482, E_0x55afaeb77280/1483, E_0x55afaeb77280/1484, E_0x55afaeb77280/1485, E_0x55afaeb77280/1486, E_0x55afaeb77280/1487, E_0x55afaeb77280/1488, E_0x55afaeb77280/1489, E_0x55afaeb77280/1490, E_0x55afaeb77280/1491, E_0x55afaeb77280/1492, E_0x55afaeb77280/1493, E_0x55afaeb77280/1494, E_0x55afaeb77280/1495, E_0x55afaeb77280/1496, E_0x55afaeb77280/1497, E_0x55afaeb77280/1498, E_0x55afaeb77280/1499, E_0x55afaeb77280/1500, E_0x55afaeb77280/1501, E_0x55afaeb77280/1502, E_0x55afaeb77280/1503, E_0x55afaeb77280/1504, E_0x55afaeb77280/1505, E_0x55afaeb77280/1506, E_0x55afaeb77280/1507, E_0x55afaeb77280/1508, E_0x55afaeb77280/1509, E_0x55afaeb77280/1510, E_0x55afaeb77280/1511, E_0x55afaeb77280/1512, E_0x55afaeb77280/1513, E_0x55afaeb77280/1514, E_0x55afaeb77280/1515, E_0x55afaeb77280/1516, E_0x55afaeb77280/1517, E_0x55afaeb77280/1518, E_0x55afaeb77280/1519, E_0x55afaeb77280/1520, E_0x55afaeb77280/1521, E_0x55afaeb77280/1522, E_0x55afaeb77280/1523, E_0x55afaeb77280/1524, E_0x55afaeb77280/1525, E_0x55afaeb77280/1526, E_0x55afaeb77280/1527, E_0x55afaeb77280/1528, E_0x55afaeb77280/1529, E_0x55afaeb77280/1530, E_0x55afaeb77280/1531, E_0x55afaeb77280/1532, E_0x55afaeb77280/1533, E_0x55afaeb77280/1534, E_0x55afaeb77280/1535, E_0x55afaeb77280/1536, E_0x55afaeb77280/1537, E_0x55afaeb77280/1538, E_0x55afaeb77280/1539, E_0x55afaeb77280/1540, E_0x55afaeb77280/1541, E_0x55afaeb77280/1542, E_0x55afaeb77280/1543, E_0x55afaeb77280/1544, E_0x55afaeb77280/1545, E_0x55afaeb77280/1546, E_0x55afaeb77280/1547, E_0x55afaeb77280/1548, E_0x55afaeb77280/1549, E_0x55afaeb77280/1550, E_0x55afaeb77280/1551, E_0x55afaeb77280/1552, E_0x55afaeb77280/1553, E_0x55afaeb77280/1554, E_0x55afaeb77280/1555, E_0x55afaeb77280/1556, E_0x55afaeb77280/1557, E_0x55afaeb77280/1558, E_0x55afaeb77280/1559, E_0x55afaeb77280/1560, E_0x55afaeb77280/1561, E_0x55afaeb77280/1562, E_0x55afaeb77280/1563, E_0x55afaeb77280/1564, E_0x55afaeb77280/1565, E_0x55afaeb77280/1566, E_0x55afaeb77280/1567, E_0x55afaeb77280/1568, E_0x55afaeb77280/1569, E_0x55afaeb77280/1570, E_0x55afaeb77280/1571, E_0x55afaeb77280/1572, E_0x55afaeb77280/1573, E_0x55afaeb77280/1574, E_0x55afaeb77280/1575, E_0x55afaeb77280/1576, E_0x55afaeb77280/1577, E_0x55afaeb77280/1578, E_0x55afaeb77280/1579, E_0x55afaeb77280/1580, E_0x55afaeb77280/1581, E_0x55afaeb77280/1582, E_0x55afaeb77280/1583, E_0x55afaeb77280/1584, E_0x55afaeb77280/1585, E_0x55afaeb77280/1586, E_0x55afaeb77280/1587, E_0x55afaeb77280/1588, E_0x55afaeb77280/1589, E_0x55afaeb77280/1590, E_0x55afaeb77280/1591, E_0x55afaeb77280/1592, E_0x55afaeb77280/1593, E_0x55afaeb77280/1594, E_0x55afaeb77280/1595, E_0x55afaeb77280/1596, E_0x55afaeb77280/1597, E_0x55afaeb77280/1598, E_0x55afaeb77280/1599, E_0x55afaeb77280/1600, E_0x55afaeb77280/1601, E_0x55afaeb77280/1602, E_0x55afaeb77280/1603, E_0x55afaeb77280/1604, E_0x55afaeb77280/1605, E_0x55afaeb77280/1606, E_0x55afaeb77280/1607, E_0x55afaeb77280/1608, E_0x55afaeb77280/1609, E_0x55afaeb77280/1610, E_0x55afaeb77280/1611, E_0x55afaeb77280/1612, E_0x55afaeb77280/1613, E_0x55afaeb77280/1614, E_0x55afaeb77280/1615, E_0x55afaeb77280/1616, E_0x55afaeb77280/1617, E_0x55afaeb77280/1618, E_0x55afaeb77280/1619, E_0x55afaeb77280/1620, E_0x55afaeb77280/1621, E_0x55afaeb77280/1622, E_0x55afaeb77280/1623, E_0x55afaeb77280/1624, E_0x55afaeb77280/1625, E_0x55afaeb77280/1626, E_0x55afaeb77280/1627, E_0x55afaeb77280/1628, E_0x55afaeb77280/1629, E_0x55afaeb77280/1630, E_0x55afaeb77280/1631, E_0x55afaeb77280/1632, E_0x55afaeb77280/1633, E_0x55afaeb77280/1634, E_0x55afaeb77280/1635, E_0x55afaeb77280/1636, E_0x55afaeb77280/1637, E_0x55afaeb77280/1638, E_0x55afaeb77280/1639, E_0x55afaeb77280/1640, E_0x55afaeb77280/1641, E_0x55afaeb77280/1642, E_0x55afaeb77280/1643, E_0x55afaeb77280/1644, E_0x55afaeb77280/1645, E_0x55afaeb77280/1646, E_0x55afaeb77280/1647, E_0x55afaeb77280/1648, E_0x55afaeb77280/1649, E_0x55afaeb77280/1650, E_0x55afaeb77280/1651, E_0x55afaeb77280/1652, E_0x55afaeb77280/1653, E_0x55afaeb77280/1654, E_0x55afaeb77280/1655, E_0x55afaeb77280/1656, E_0x55afaeb77280/1657, E_0x55afaeb77280/1658, E_0x55afaeb77280/1659, E_0x55afaeb77280/1660, E_0x55afaeb77280/1661, E_0x55afaeb77280/1662, E_0x55afaeb77280/1663, E_0x55afaeb77280/1664, E_0x55afaeb77280/1665, E_0x55afaeb77280/1666, E_0x55afaeb77280/1667, E_0x55afaeb77280/1668, E_0x55afaeb77280/1669, E_0x55afaeb77280/1670, E_0x55afaeb77280/1671, E_0x55afaeb77280/1672, E_0x55afaeb77280/1673, E_0x55afaeb77280/1674, E_0x55afaeb77280/1675, E_0x55afaeb77280/1676, E_0x55afaeb77280/1677, E_0x55afaeb77280/1678, E_0x55afaeb77280/1679, E_0x55afaeb77280/1680, E_0x55afaeb77280/1681, E_0x55afaeb77280/1682, E_0x55afaeb77280/1683, E_0x55afaeb77280/1684, E_0x55afaeb77280/1685, E_0x55afaeb77280/1686, E_0x55afaeb77280/1687, E_0x55afaeb77280/1688, E_0x55afaeb77280/1689, E_0x55afaeb77280/1690, E_0x55afaeb77280/1691, E_0x55afaeb77280/1692, E_0x55afaeb77280/1693, E_0x55afaeb77280/1694, E_0x55afaeb77280/1695, E_0x55afaeb77280/1696, E_0x55afaeb77280/1697, E_0x55afaeb77280/1698, E_0x55afaeb77280/1699, E_0x55afaeb77280/1700, E_0x55afaeb77280/1701, E_0x55afaeb77280/1702, E_0x55afaeb77280/1703, E_0x55afaeb77280/1704, E_0x55afaeb77280/1705, E_0x55afaeb77280/1706, E_0x55afaeb77280/1707, E_0x55afaeb77280/1708, E_0x55afaeb77280/1709, E_0x55afaeb77280/1710, E_0x55afaeb77280/1711, E_0x55afaeb77280/1712, E_0x55afaeb77280/1713, E_0x55afaeb77280/1714, E_0x55afaeb77280/1715, E_0x55afaeb77280/1716, E_0x55afaeb77280/1717, E_0x55afaeb77280/1718, E_0x55afaeb77280/1719, E_0x55afaeb77280/1720, E_0x55afaeb77280/1721, E_0x55afaeb77280/1722, E_0x55afaeb77280/1723, E_0x55afaeb77280/1724, E_0x55afaeb77280/1725, E_0x55afaeb77280/1726, E_0x55afaeb77280/1727, E_0x55afaeb77280/1728, E_0x55afaeb77280/1729, E_0x55afaeb77280/1730, E_0x55afaeb77280/1731, E_0x55afaeb77280/1732, E_0x55afaeb77280/1733, E_0x55afaeb77280/1734, E_0x55afaeb77280/1735, E_0x55afaeb77280/1736, E_0x55afaeb77280/1737, E_0x55afaeb77280/1738, E_0x55afaeb77280/1739, E_0x55afaeb77280/1740, E_0x55afaeb77280/1741, E_0x55afaeb77280/1742, E_0x55afaeb77280/1743, E_0x55afaeb77280/1744, E_0x55afaeb77280/1745, E_0x55afaeb77280/1746, E_0x55afaeb77280/1747, E_0x55afaeb77280/1748, E_0x55afaeb77280/1749, E_0x55afaeb77280/1750, E_0x55afaeb77280/1751, E_0x55afaeb77280/1752, E_0x55afaeb77280/1753, E_0x55afaeb77280/1754, E_0x55afaeb77280/1755, E_0x55afaeb77280/1756, E_0x55afaeb77280/1757, E_0x55afaeb77280/1758, E_0x55afaeb77280/1759, E_0x55afaeb77280/1760, E_0x55afaeb77280/1761, E_0x55afaeb77280/1762, E_0x55afaeb77280/1763, E_0x55afaeb77280/1764, E_0x55afaeb77280/1765, E_0x55afaeb77280/1766, E_0x55afaeb77280/1767, E_0x55afaeb77280/1768, E_0x55afaeb77280/1769, E_0x55afaeb77280/1770, E_0x55afaeb77280/1771, E_0x55afaeb77280/1772, E_0x55afaeb77280/1773, E_0x55afaeb77280/1774, E_0x55afaeb77280/1775, E_0x55afaeb77280/1776, E_0x55afaeb77280/1777, E_0x55afaeb77280/1778, E_0x55afaeb77280/1779, E_0x55afaeb77280/1780, E_0x55afaeb77280/1781, E_0x55afaeb77280/1782, E_0x55afaeb77280/1783, E_0x55afaeb77280/1784, E_0x55afaeb77280/1785, E_0x55afaeb77280/1786, E_0x55afaeb77280/1787, E_0x55afaeb77280/1788, E_0x55afaeb77280/1789, E_0x55afaeb77280/1790, E_0x55afaeb77280/1791, E_0x55afaeb77280/1792, E_0x55afaeb77280/1793, E_0x55afaeb77280/1794, E_0x55afaeb77280/1795, E_0x55afaeb77280/1796, E_0x55afaeb77280/1797, E_0x55afaeb77280/1798, E_0x55afaeb77280/1799, E_0x55afaeb77280/1800, E_0x55afaeb77280/1801, E_0x55afaeb77280/1802, E_0x55afaeb77280/1803, E_0x55afaeb77280/1804, E_0x55afaeb77280/1805, E_0x55afaeb77280/1806, E_0x55afaeb77280/1807, E_0x55afaeb77280/1808, E_0x55afaeb77280/1809, E_0x55afaeb77280/1810, E_0x55afaeb77280/1811, E_0x55afaeb77280/1812, E_0x55afaeb77280/1813, E_0x55afaeb77280/1814, E_0x55afaeb77280/1815, E_0x55afaeb77280/1816, E_0x55afaeb77280/1817, E_0x55afaeb77280/1818, E_0x55afaeb77280/1819, E_0x55afaeb77280/1820, E_0x55afaeb77280/1821, E_0x55afaeb77280/1822, E_0x55afaeb77280/1823, E_0x55afaeb77280/1824, E_0x55afaeb77280/1825, E_0x55afaeb77280/1826, E_0x55afaeb77280/1827, E_0x55afaeb77280/1828, E_0x55afaeb77280/1829, E_0x55afaeb77280/1830, E_0x55afaeb77280/1831, E_0x55afaeb77280/1832, E_0x55afaeb77280/1833, E_0x55afaeb77280/1834, E_0x55afaeb77280/1835, E_0x55afaeb77280/1836, E_0x55afaeb77280/1837, E_0x55afaeb77280/1838, E_0x55afaeb77280/1839, E_0x55afaeb77280/1840, E_0x55afaeb77280/1841, E_0x55afaeb77280/1842, E_0x55afaeb77280/1843, E_0x55afaeb77280/1844, E_0x55afaeb77280/1845, E_0x55afaeb77280/1846, E_0x55afaeb77280/1847, E_0x55afaeb77280/1848, E_0x55afaeb77280/1849, E_0x55afaeb77280/1850, E_0x55afaeb77280/1851, E_0x55afaeb77280/1852, E_0x55afaeb77280/1853, E_0x55afaeb77280/1854, E_0x55afaeb77280/1855, E_0x55afaeb77280/1856, E_0x55afaeb77280/1857, E_0x55afaeb77280/1858, E_0x55afaeb77280/1859, E_0x55afaeb77280/1860, E_0x55afaeb77280/1861, E_0x55afaeb77280/1862, E_0x55afaeb77280/1863, E_0x55afaeb77280/1864, E_0x55afaeb77280/1865, E_0x55afaeb77280/1866, E_0x55afaeb77280/1867, E_0x55afaeb77280/1868, E_0x55afaeb77280/1869, E_0x55afaeb77280/1870, E_0x55afaeb77280/1871, E_0x55afaeb77280/1872, E_0x55afaeb77280/1873, E_0x55afaeb77280/1874, E_0x55afaeb77280/1875, E_0x55afaeb77280/1876, E_0x55afaeb77280/1877, E_0x55afaeb77280/1878, E_0x55afaeb77280/1879, E_0x55afaeb77280/1880, E_0x55afaeb77280/1881, E_0x55afaeb77280/1882, E_0x55afaeb77280/1883, E_0x55afaeb77280/1884, E_0x55afaeb77280/1885, E_0x55afaeb77280/1886, E_0x55afaeb77280/1887, E_0x55afaeb77280/1888, E_0x55afaeb77280/1889, E_0x55afaeb77280/1890, E_0x55afaeb77280/1891, E_0x55afaeb77280/1892, E_0x55afaeb77280/1893, E_0x55afaeb77280/1894, E_0x55afaeb77280/1895, E_0x55afaeb77280/1896, E_0x55afaeb77280/1897, E_0x55afaeb77280/1898, E_0x55afaeb77280/1899, E_0x55afaeb77280/1900, E_0x55afaeb77280/1901, E_0x55afaeb77280/1902, E_0x55afaeb77280/1903, E_0x55afaeb77280/1904, E_0x55afaeb77280/1905, E_0x55afaeb77280/1906, E_0x55afaeb77280/1907, E_0x55afaeb77280/1908, E_0x55afaeb77280/1909, E_0x55afaeb77280/1910, E_0x55afaeb77280/1911, E_0x55afaeb77280/1912, E_0x55afaeb77280/1913, E_0x55afaeb77280/1914, E_0x55afaeb77280/1915, E_0x55afaeb77280/1916, E_0x55afaeb77280/1917, E_0x55afaeb77280/1918, E_0x55afaeb77280/1919, E_0x55afaeb77280/1920, E_0x55afaeb77280/1921, E_0x55afaeb77280/1922, E_0x55afaeb77280/1923, E_0x55afaeb77280/1924, E_0x55afaeb77280/1925, E_0x55afaeb77280/1926, E_0x55afaeb77280/1927, E_0x55afaeb77280/1928, E_0x55afaeb77280/1929, E_0x55afaeb77280/1930, E_0x55afaeb77280/1931, E_0x55afaeb77280/1932, E_0x55afaeb77280/1933, E_0x55afaeb77280/1934, E_0x55afaeb77280/1935, E_0x55afaeb77280/1936, E_0x55afaeb77280/1937, E_0x55afaeb77280/1938, E_0x55afaeb77280/1939, E_0x55afaeb77280/1940, E_0x55afaeb77280/1941, E_0x55afaeb77280/1942, E_0x55afaeb77280/1943, E_0x55afaeb77280/1944, E_0x55afaeb77280/1945, E_0x55afaeb77280/1946, E_0x55afaeb77280/1947, E_0x55afaeb77280/1948, E_0x55afaeb77280/1949, E_0x55afaeb77280/1950, E_0x55afaeb77280/1951, E_0x55afaeb77280/1952, E_0x55afaeb77280/1953, E_0x55afaeb77280/1954, E_0x55afaeb77280/1955, E_0x55afaeb77280/1956, E_0x55afaeb77280/1957, E_0x55afaeb77280/1958, E_0x55afaeb77280/1959, E_0x55afaeb77280/1960, E_0x55afaeb77280/1961, E_0x55afaeb77280/1962, E_0x55afaeb77280/1963, E_0x55afaeb77280/1964, E_0x55afaeb77280/1965, E_0x55afaeb77280/1966, E_0x55afaeb77280/1967, E_0x55afaeb77280/1968, E_0x55afaeb77280/1969, E_0x55afaeb77280/1970, E_0x55afaeb77280/1971, E_0x55afaeb77280/1972, E_0x55afaeb77280/1973, E_0x55afaeb77280/1974, E_0x55afaeb77280/1975, E_0x55afaeb77280/1976, E_0x55afaeb77280/1977, E_0x55afaeb77280/1978, E_0x55afaeb77280/1979, E_0x55afaeb77280/1980, E_0x55afaeb77280/1981, E_0x55afaeb77280/1982, E_0x55afaeb77280/1983, E_0x55afaeb77280/1984, E_0x55afaeb77280/1985, E_0x55afaeb77280/1986, E_0x55afaeb77280/1987, E_0x55afaeb77280/1988, E_0x55afaeb77280/1989, E_0x55afaeb77280/1990, E_0x55afaeb77280/1991, E_0x55afaeb77280/1992, E_0x55afaeb77280/1993, E_0x55afaeb77280/1994, E_0x55afaeb77280/1995, E_0x55afaeb77280/1996, E_0x55afaeb77280/1997, E_0x55afaeb77280/1998, E_0x55afaeb77280/1999, E_0x55afaeb77280/2000, E_0x55afaeb77280/2001, E_0x55afaeb77280/2002, E_0x55afaeb77280/2003, E_0x55afaeb77280/2004, E_0x55afaeb77280/2005, E_0x55afaeb77280/2006, E_0x55afaeb77280/2007, E_0x55afaeb77280/2008, E_0x55afaeb77280/2009, E_0x55afaeb77280/2010, E_0x55afaeb77280/2011, E_0x55afaeb77280/2012, E_0x55afaeb77280/2013, E_0x55afaeb77280/2014, E_0x55afaeb77280/2015, E_0x55afaeb77280/2016, E_0x55afaeb77280/2017, E_0x55afaeb77280/2018, E_0x55afaeb77280/2019, E_0x55afaeb77280/2020, E_0x55afaeb77280/2021, E_0x55afaeb77280/2022, E_0x55afaeb77280/2023, E_0x55afaeb77280/2024, E_0x55afaeb77280/2025, E_0x55afaeb77280/2026, E_0x55afaeb77280/2027, E_0x55afaeb77280/2028, E_0x55afaeb77280/2029, E_0x55afaeb77280/2030, E_0x55afaeb77280/2031, E_0x55afaeb77280/2032, E_0x55afaeb77280/2033, E_0x55afaeb77280/2034, E_0x55afaeb77280/2035, E_0x55afaeb77280/2036, E_0x55afaeb77280/2037, E_0x55afaeb77280/2038, E_0x55afaeb77280/2039, E_0x55afaeb77280/2040, E_0x55afaeb77280/2041, E_0x55afaeb77280/2042, E_0x55afaeb77280/2043, E_0x55afaeb77280/2044, E_0x55afaeb77280/2045, E_0x55afaeb77280/2046, E_0x55afaeb77280/2047, E_0x55afaeb77280/2048;
S_0x55afaed34da0 .scope module, "rf" "RF" 3 434, 8 3 0, S_0x55afaeb99310;
 .timescale -9 -10;
    .port_info 0 /INPUT 1 "clk";
    .port_info 1 /INPUT 1 "rst";
    .port_info 2 /INPUT 5 "rd_addr1";
    .port_info 3 /INPUT 5 "rd_addr2";
    .port_info 4 /OUTPUT 32 "rd_data1";
    .port_info 5 /OUTPUT 32 "rd_data2";
    .port_info 6 /INPUT 1 "RegWrite";
    .port_info 7 /INPUT 5 "wr_addr";
    .port_info 8 /INPUT 32 "wr_data";
v0x55afaed35200_0 .net "RegWrite", 0 0, v0x55afaed3a800_0;  alias, 1 drivers
v0x55afaed352c0_0 .net "clk", 0 0, v0x55afaed3b940_0;  alias, 1 drivers
v0x55afaed35360_0 .net "rd_addr1", 4 0, L_0x55afaed4d030;  alias, 1 drivers
v0x55afaed35400_0 .net "rd_addr2", 4 0, L_0x55afaeba5980;  alias, 1 drivers
v0x55afaed354c0_0 .var "rd_data1", 31 0;
v0x55afaed355f0_0 .var "rd_data2", 31 0;
v0x55afaed356d0 .array "register_file", 31 0, 31 0;
v0x55afaed35b90_0 .net "rst", 0 0, v0x55afaed3be10_0;  alias, 1 drivers
v0x55afaed35c30_0 .net "wr_addr", 4 0, v0x55afaed3b670_0;  1 drivers
v0x55afaed35d80_0 .net "wr_data", 31 0, v0x55afaed3b730_0;  1 drivers
E_0x55afaeb23630/0 .event anyedge, v0x55afaeb9a7a0_0, v0x55afaed35360_0, v0x55afaed35c30_0, v0x55afaed35d80_0;
v0x55afaed356d0_0 .array/port v0x55afaed356d0, 0;
v0x55afaed356d0_1 .array/port v0x55afaed356d0, 1;
v0x55afaed356d0_2 .array/port v0x55afaed356d0, 2;
v0x55afaed356d0_3 .array/port v0x55afaed356d0, 3;
E_0x55afaeb23630/1 .event anyedge, v0x55afaed356d0_0, v0x55afaed356d0_1, v0x55afaed356d0_2, v0x55afaed356d0_3;
v0x55afaed356d0_4 .array/port v0x55afaed356d0, 4;
v0x55afaed356d0_5 .array/port v0x55afaed356d0, 5;
v0x55afaed356d0_6 .array/port v0x55afaed356d0, 6;
v0x55afaed356d0_7 .array/port v0x55afaed356d0, 7;
E_0x55afaeb23630/2 .event anyedge, v0x55afaed356d0_4, v0x55afaed356d0_5, v0x55afaed356d0_6, v0x55afaed356d0_7;
v0x55afaed356d0_8 .array/port v0x55afaed356d0, 8;
v0x55afaed356d0_9 .array/port v0x55afaed356d0, 9;
v0x55afaed356d0_10 .array/port v0x55afaed356d0, 10;
v0x55afaed356d0_11 .array/port v0x55afaed356d0, 11;
E_0x55afaeb23630/3 .event anyedge, v0x55afaed356d0_8, v0x55afaed356d0_9, v0x55afaed356d0_10, v0x55afaed356d0_11;
v0x55afaed356d0_12 .array/port v0x55afaed356d0, 12;
v0x55afaed356d0_13 .array/port v0x55afaed356d0, 13;
v0x55afaed356d0_14 .array/port v0x55afaed356d0, 14;
v0x55afaed356d0_15 .array/port v0x55afaed356d0, 15;
E_0x55afaeb23630/4 .event anyedge, v0x55afaed356d0_12, v0x55afaed356d0_13, v0x55afaed356d0_14, v0x55afaed356d0_15;
v0x55afaed356d0_16 .array/port v0x55afaed356d0, 16;
v0x55afaed356d0_17 .array/port v0x55afaed356d0, 17;
v0x55afaed356d0_18 .array/port v0x55afaed356d0, 18;
v0x55afaed356d0_19 .array/port v0x55afaed356d0, 19;
E_0x55afaeb23630/5 .event anyedge, v0x55afaed356d0_16, v0x55afaed356d0_17, v0x55afaed356d0_18, v0x55afaed356d0_19;
v0x55afaed356d0_20 .array/port v0x55afaed356d0, 20;
v0x55afaed356d0_21 .array/port v0x55afaed356d0, 21;
v0x55afaed356d0_22 .array/port v0x55afaed356d0, 22;
v0x55afaed356d0_23 .array/port v0x55afaed356d0, 23;
E_0x55afaeb23630/6 .event anyedge, v0x55afaed356d0_20, v0x55afaed356d0_21, v0x55afaed356d0_22, v0x55afaed356d0_23;
v0x55afaed356d0_24 .array/port v0x55afaed356d0, 24;
v0x55afaed356d0_25 .array/port v0x55afaed356d0, 25;
v0x55afaed356d0_26 .array/port v0x55afaed356d0, 26;
v0x55afaed356d0_27 .array/port v0x55afaed356d0, 27;
E_0x55afaeb23630/7 .event anyedge, v0x55afaed356d0_24, v0x55afaed356d0_25, v0x55afaed356d0_26, v0x55afaed356d0_27;
v0x55afaed356d0_28 .array/port v0x55afaed356d0, 28;
v0x55afaed356d0_29 .array/port v0x55afaed356d0, 29;
v0x55afaed356d0_30 .array/port v0x55afaed356d0, 30;
v0x55afaed356d0_31 .array/port v0x55afaed356d0, 31;
E_0x55afaeb23630/8 .event anyedge, v0x55afaed356d0_28, v0x55afaed356d0_29, v0x55afaed356d0_30, v0x55afaed356d0_31;
E_0x55afaeb23630/9 .event anyedge, v0x55afaed35400_0;
E_0x55afaeb23630 .event/or E_0x55afaeb23630/0, E_0x55afaeb23630/1, E_0x55afaeb23630/2, E_0x55afaeb23630/3, E_0x55afaeb23630/4, E_0x55afaeb23630/5, E_0x55afaeb23630/6, E_0x55afaeb23630/7, E_0x55afaeb23630/8, E_0x55afaeb23630/9;
    .scope S_0x55afaeb9bf50;
T_0 ;
    %wait E_0x55afaeb89090;
    %load/vec4 v0x55afaeb97120_0;
    %pad/u 32;
    %pushi/vec4 0, 0, 32;
    %cmp/e;
    %flag_get/vec4 4;
    %store/vec4 v0x55afaeb94250_0, 0, 1;
    %load/vec4 v0x55afaeb97120_0;
    %pad/u 32;
    %cmpi/ne 0, 0, 32;
    %flag_get/vec4 4;
    %jmp/0 T_0.1, 4;
    %load/vec4 v0x55afaeb97120_0;
    %pushi/vec4 4, 0, 6;
    %cmp/ne;
    %flag_get/vec4 4;
    %and;
T_0.1;
    %flag_set/vec4 8;
    %flag_get/vec4 8;
    %jmp/0 T_0.0, 8;
    %load/vec4 v0x55afaeb97120_0;
    %pushi/vec4 5, 0, 6;
    %cmp/ne;
    %flag_get/vec4 4;
    %and;
T_0.0;
    %store/vec4 v0x55afaeb26bc0_0, 0, 1;
    %load/vec4 v0x55afaeb97120_0;
    %pushi/vec4 35, 0, 6;
    %cmp/e;
    %flag_get/vec4 4;
    %store/vec4 v0x55afaeb99760_0, 0, 1;
    %load/vec4 v0x55afaeb97120_0;
    %cmpi/ne 43, 0, 6;
    %flag_get/vec4 4;
    %jmp/0 T_0.5, 4;
    %load/vec4 v0x55afaeb97120_0;
    %pushi/vec4 4, 0, 6;
    %cmp/ne;
    %flag_get/vec4 4;
    %and;
T_0.5;
    %flag_set/vec4 10;
    %flag_get/vec4 10;
    %jmp/0 T_0.4, 10;
    %load/vec4 v0x55afaeb97120_0;
    %pushi/vec4 5, 0, 6;
    %cmp/ne;
    %flag_get/vec4 4;
    %and;
T_0.4;
    %flag_set/vec4 9;
    %flag_get/vec4 9;
    %jmp/0 T_0.3, 9;
    %load/vec4 v0x55afaeb97120_0;
    %pushi/vec4 2, 0, 6;
    %cmp/ne;
    %flag_get/vec4 4;
    %and;
T_0.3;
    %flag_set/vec4 8;
    %flag_get/vec4 8;
    %jmp/0 T_0.2, 8;
    %load/vec4 v0x55afaeb97120_0;
    %pad/u 32;
    %cmpi/e 0, 0, 32;
    %flag_get/vec4 4;
    %jmp/0 T_0.6, 4;
    %load/vec4 v0x55afaeb97040_0;
    %pushi/vec4 8, 0, 6;
    %cmp/e;
    %flag_get/vec4 4;
    %and;
T_0.6;
    %nor/r;
    %and;
T_0.2;
    %store/vec4 v0x55afaeb94310_0, 0, 1;
    %load/vec4 v0x55afaeb97120_0;
    %pushi/vec4 35, 0, 6;
    %cmp/e;
    %flag_get/vec4 4;
    %store/vec4 v0x55afaeb9ceb0_0, 0, 1;
    %load/vec4 v0x55afaeb97120_0;
    %pushi/vec4 43, 0, 6;
    %cmp/e;
    %flag_get/vec4 4;
    %store/vec4 v0x55afaeb996a0_0, 0, 1;
    %load/vec4 v0x55afaeb97120_0;
    %cmpi/e 4, 0, 6;
    %flag_get/vec4 4;
    %jmp/1 T_0.7, 4;
    %load/vec4 v0x55afaeb97120_0;
    %pushi/vec4 5, 0, 6;
    %cmp/e;
    %flag_get/vec4 4;
    %or;
T_0.7;
    %store/vec4 v0x55afaeb285a0_0, 0, 1;
    %load/vec4 v0x55afaeb97120_0;
    %pad/u 32;
    %cmpi/e 0, 0, 32;
    %flag_get/vec4 4;
    %jmp/0 T_0.8, 4;
    %load/vec4 v0x55afaeb97040_0;
    %pushi/vec4 8, 0, 6;
    %cmp/e;
    %flag_get/vec4 4;
    %and;
T_0.8;
    %store/vec4 v0x55afaeb28640_0, 0, 1;
    %load/vec4 v0x55afaeb97120_0;
    %cmpi/ne 12, 0, 6;
    %flag_get/vec4 4;
    %jmp/0 T_0.10, 4;
    %load/vec4 v0x55afaeb97120_0;
    %pushi/vec4 13, 0, 6;
    %cmp/ne;
    %flag_get/vec4 4;
    %and;
T_0.10;
    %flag_set/vec4 8;
    %flag_get/vec4 8;
    %jmp/0 T_0.9, 8;
    %load/vec4 v0x55afaeb97120_0;
    %pushi/vec4 14, 0, 6;
    %cmp/ne;
    %flag_get/vec4 4;
    %and;
T_0.9;
    %store/vec4 v0x55afaeb269d0_0, 0, 1;
    %load/vec4 v0x55afaeb97120_0;
    %pushi/vec4 3, 0, 6;
    %cmp/e;
    %flag_get/vec4 4;
    %store/vec4 v0x55afaeb26910_0, 0, 1;
    %pushi/vec4 0, 0, 4;
    %store/vec4 v0x55afaeb82fd0_0, 0, 4;
    %load/vec4 v0x55afaeb97120_0;
    %pad/u 32;
    %cmpi/e 0, 0, 32;
    %jmp/0xz  T_0.11, 4;
    %load/vec4 v0x55afaeb97040_0;
    %dup/vec4;
    %pushi/vec4 0, 0, 6;
    %cmp/u;
    %jmp/1 T_0.13, 6;
    %dup/vec4;
    %pushi/vec4 2, 0, 6;
    %cmp/u;
    %jmp/1 T_0.14, 6;
    %dup/vec4;
    %pushi/vec4 3, 0, 6;
    %cmp/u;
    %jmp/1 T_0.15, 6;
    %dup/vec4;
    %pushi/vec4 33, 0, 6;
    %cmp/u;
    %jmp/1 T_0.16, 6;
    %dup/vec4;
    %pushi/vec4 35, 0, 6;
    %cmp/u;
    %jmp/1 T_0.17, 6;
    %dup/vec4;
    %pushi/vec4 36, 0, 6;
    %cmp/u;
    %jmp/1 T_0.18, 6;
    %dup/vec4;
    %pushi/vec4 37, 0, 6;
    %cmp/u;
    %jmp/1 T_0.19, 6;
    %dup/vec4;
    %pushi/vec4 38, 0, 6;
    %cmp/u;
    %jmp/1 T_0.20, 6;
    %dup/vec4;
    %pushi/vec4 39, 0, 6;
    %cmp/u;
    %jmp/1 T_0.21, 6;
    %dup/vec4;
    %pushi/vec4 42, 0, 6;
    %cmp/u;
    %jmp/1 T_0.22, 6;
    %dup/vec4;
    %pushi/vec4 43, 0, 6;
    %cmp/u;
    %jmp/1 T_0.23, 6;
    %jmp T_0.24;
T_0.13 ;
    %pushi/vec4 4, 0, 4;
    %store/vec4 v0x55afaeb82fd0_0, 0, 4;
    %jmp T_0.24;
T_0.14 ;
    %pushi/vec4 6, 0, 4;
    %store/vec4 v0x55afaeb82fd0_0, 0, 4;
    %jmp T_0.24;
T_0.15 ;
    %pushi/vec4 5, 0, 4;
    %store/vec4 v0x55afaeb82fd0_0, 0, 4;
    %jmp T_0.24;
T_0.16 ;
    %pushi/vec4 0, 0, 4;
    %store/vec4 v0x55afaeb82fd0_0, 0, 4;
    %jmp T_0.24;
T_0.17 ;
    %pushi/vec4 7, 0, 4;
    %store/vec4 v0x55afaeb82fd0_0, 0, 4;
    %jmp T_0.24;
T_0.18 ;
    %pushi/vec4 1, 0, 4;
    %store/vec4 v0x55afaeb82fd0_0, 0, 4;
    %jmp T_0.24;
T_0.19 ;
    %pushi/vec4 3, 0, 4;
    %store/vec4 v0x55afaeb82fd0_0, 0, 4;
    %jmp T_0.24;
T_0.20 ;
    %pushi/vec4 8, 0, 4;
    %store/vec4 v0x55afaeb82fd0_0, 0, 4;
    %jmp T_0.24;
T_0.21 ;
    %pushi/vec4 2, 0, 4;
    %store/vec4 v0x55afaeb82fd0_0, 0, 4;
    %jmp T_0.24;
T_0.22 ;
    %pushi/vec4 9, 0, 4;
    %store/vec4 v0x55afaeb82fd0_0, 0, 4;
    %jmp T_0.24;
T_0.23 ;
    %pushi/vec4 10, 0, 4;
    %store/vec4 v0x55afaeb82fd0_0, 0, 4;
    %jmp T_0.24;
T_0.24 ;
    %pop/vec4 1;
    %jmp T_0.12;
T_0.11 ;
    %load/vec4 v0x55afaeb97120_0;
    %dup/vec4;
    %pushi/vec4 4, 0, 6;
    %cmp/u;
    %jmp/1 T_0.25, 6;
    %dup/vec4;
    %pushi/vec4 5, 0, 6;
    %cmp/u;
    %jmp/1 T_0.26, 6;
    %dup/vec4;
    %pushi/vec4 9, 0, 6;
    %cmp/u;
    %jmp/1 T_0.27, 6;
    %dup/vec4;
    %pushi/vec4 10, 0, 6;
    %cmp/u;
    %jmp/1 T_0.28, 6;
    %dup/vec4;
    %pushi/vec4 11, 0, 6;
    %cmp/u;
    %jmp/1 T_0.29, 6;
    %dup/vec4;
    %pushi/vec4 12, 0, 6;
    %cmp/u;
    %jmp/1 T_0.30, 6;
    %dup/vec4;
    %pushi/vec4 13, 0, 6;
    %cmp/u;
    %jmp/1 T_0.31, 6;
    %dup/vec4;
    %pushi/vec4 14, 0, 6;
    %cmp/u;
    %jmp/1 T_0.32, 6;
    %dup/vec4;
    %pushi/vec4 15, 0, 6;
    %cmp/u;
    %jmp/1 T_0.33, 6;
    %dup/vec4;
    %pushi/vec4 35, 0, 6;
    %cmp/u;
    %jmp/1 T_0.34, 6;
    %dup/vec4;
    %pushi/vec4 43, 0, 6;
    %cmp/u;
    %jmp/1 T_0.35, 6;
    %jmp T_0.36;
T_0.25 ;
    %pushi/vec4 11, 0, 4;
    %store/vec4 v0x55afaeb82fd0_0, 0, 4;
    %jmp T_0.36;
T_0.26 ;
    %pushi/vec4 12, 0, 4;
    %store/vec4 v0x55afaeb82fd0_0, 0, 4;
    %jmp T_0.36;
T_0.27 ;
    %pushi/vec4 0, 0, 4;
    %store/vec4 v0x55afaeb82fd0_0, 0, 4;
    %jmp T_0.36;
T_0.28 ;
    %pushi/vec4 9, 0, 4;
    %store/vec4 v0x55afaeb82fd0_0, 0, 4;
    %jmp T_0.36;
T_0.29 ;
    %pushi/vec4 10, 0, 4;
    %store/vec4 v0x55afaeb82fd0_0, 0, 4;
    %jmp T_0.36;
T_0.30 ;
    %pushi/vec4 1, 0, 4;
    %store/vec4 v0x55afaeb82fd0_0, 0, 4;
    %jmp T_0.36;
T_0.31 ;
    %pushi/vec4 3, 0, 4;
    %store/vec4 v0x55afaeb82fd0_0, 0, 4;
    %jmp T_0.36;
T_0.32 ;
    %pushi/vec4 8, 0, 4;
    %store/vec4 v0x55afaeb82fd0_0, 0, 4;
    %jmp T_0.36;
T_0.33 ;
    %pushi/vec4 13, 0, 4;
    %store/vec4 v0x55afaeb82fd0_0, 0, 4;
    %jmp T_0.36;
T_0.34 ;
    %pushi/vec4 0, 0, 4;
    %store/vec4 v0x55afaeb82fd0_0, 0, 4;
    %jmp T_0.36;
T_0.35 ;
    %pushi/vec4 0, 0, 4;
    %store/vec4 v0x55afaeb82fd0_0, 0, 4;
    %jmp T_0.36;
T_0.36 ;
    %pop/vec4 1;
T_0.12 ;
    %jmp T_0;
    .thread T_0, $push;
    .scope S_0x55afaed34da0;
T_1 ;
    %wait E_0x55afaeb23630;
    %load/vec4 v0x55afaed35200_0;
    %flag_set/vec4 10;
    %flag_get/vec4 10;
    %jmp/0 T_1.3, 10;
    %load/vec4 v0x55afaed35360_0;
    %load/vec4 v0x55afaed35c30_0;
    %cmp/e;
    %flag_get/vec4 4;
    %and;
T_1.3;
    %flag_set/vec4 9;
    %flag_get/vec4 9;
    %jmp/0 T_1.2, 9;
    %load/vec4 v0x55afaed35c30_0;
    %pushi/vec4 0, 0, 5;
    %cmp/ne;
    %flag_get/vec4 4;
    %and;
T_1.2;
    %flag_set/vec4 8;
    %jmp/0xz  T_1.0, 8;
    %load/vec4 v0x55afaed35d80_0;
    %store/vec4 v0x55afaed354c0_0, 0, 32;
    %jmp T_1.1;
T_1.0 ;
    %load/vec4 v0x55afaed35360_0;
    %pad/u 7;
    %ix/vec4 4;
    %load/vec4a v0x55afaed356d0, 4;
    %store/vec4 v0x55afaed354c0_0, 0, 32;
T_1.1 ;
    %load/vec4 v0x55afaed35200_0;
    %flag_set/vec4 10;
    %flag_get/vec4 10;
    %jmp/0 T_1.7, 10;
    %load/vec4 v0x55afaed35400_0;
    %load/vec4 v0x55afaed35c30_0;
    %cmp/e;
    %flag_get/vec4 4;
    %and;
T_1.7;
    %flag_set/vec4 9;
    %flag_get/vec4 9;
    %jmp/0 T_1.6, 9;
    %load/vec4 v0x55afaed35c30_0;
    %pushi/vec4 0, 0, 5;
    %cmp/ne;
    %flag_get/vec4 4;
    %and;
T_1.6;
    %flag_set/vec4 8;
    %jmp/0xz  T_1.4, 8;
    %load/vec4 v0x55afaed35d80_0;
    %store/vec4 v0x55afaed355f0_0, 0, 32;
    %jmp T_1.5;
T_1.4 ;
    %load/vec4 v0x55afaed35400_0;
    %pad/u 7;
    %ix/vec4 4;
    %load/vec4a v0x55afaed356d0, 4;
    %store/vec4 v0x55afaed355f0_0, 0, 32;
T_1.5 ;
    %jmp T_1;
    .thread T_1, $push;
    .scope S_0x55afaed34da0;
T_2 ;
    %wait E_0x55afaeb76e10;
    %load/vec4 v0x55afaed35b90_0;
    %flag_set/vec4 8;
    %jmp/0xz  T_2.0, 8;
    %vpi_call 8 44 "$readmemh", "initial_reg.mem", v0x55afaed356d0 {0 0 0};
    %jmp T_2.1;
T_2.0 ;
    %load/vec4 v0x55afaed35200_0;
    %flag_set/vec4 9;
    %flag_get/vec4 9;
    %jmp/0 T_2.4, 9;
    %load/vec4 v0x55afaed35c30_0;
    %pushi/vec4 0, 0, 5;
    %cmp/ne;
    %flag_get/vec4 4;
    %and;
T_2.4;
    %flag_set/vec4 8;
    %jmp/0xz  T_2.2, 8;
    %load/vec4 v0x55afaed35d80_0;
    %load/vec4 v0x55afaed35c30_0;
    %pad/u 7;
    %ix/vec4 3;
    %ix/load 4, 0, 0; Constant delay
    %assign/vec4/a/d v0x55afaed356d0, 0, 4;
T_2.2 ;
T_2.1 ;
    %jmp T_2;
    .thread T_2;
    .scope S_0x55afaeb98de0;
T_3 ;
    %vpi_call 7 19 "$readmemh", "initial_mem.mem", v0x55afaeb93590 {0 0 0};
    %end;
    .thread T_3;
    .scope S_0x55afaeb98de0;
T_4 ;
    %wait E_0x55afaeb77280;
    %load/vec4 v0x55afaeb95a60_0;
    %ix/load 5, 2, 0;
    %flag_set/imm 4, 0;
    %shiftr 5;
    %ix/vec4 4;
    %load/vec4a v0x55afaeb93590, 4;
    %store/vec4 v0x55afaeb959a0_0, 0, 32;
    %load/vec4 v0x55afaeb93e10_0;
    %ix/load 5, 2, 0;
    %flag_set/imm 4, 0;
    %shiftr 5;
    %ix/vec4 4;
    %load/vec4a v0x55afaeb93590, 4;
    %store/vec4 v0x55afaeb939d0_0, 0, 32;
    %jmp T_4;
    .thread T_4, $push;
    .scope S_0x55afaeb98de0;
T_5 ;
    %wait E_0x55afaeb76e10;
    %load/vec4 v0x55afaed34be0_0;
    %nor/r;
    %flag_set/vec4 8;
    %jmp/0xz  T_5.0, 8;
    %load/vec4 v0x55afaeb97c90_0;
    %flag_set/vec4 8;
    %jmp/0xz  T_5.2, 8;
    %load/vec4 v0x55afaeb93ab0_0;
    %load/vec4 v0x55afaeb93e10_0;
    %ix/load 4, 2, 0;
    %flag_set/imm 4, 0;
    %shiftr 4;
    %ix/vec4 3;
    %ix/load 4, 0, 0; Constant delay
    %assign/vec4/a/d v0x55afaeb93590, 0, 4;
T_5.2 ;
T_5.0 ;
    %jmp T_5;
    .thread T_5;
    .scope S_0x55afaeb9bb70;
T_6 ;
    %wait E_0x55afaeb3c7e0;
    %pushi/vec4 0, 0, 32;
    %store/vec4 v0x55afaec10a60_0, 0, 32;
    %load/vec4 v0x55afaecc05e0_0;
    %dup/vec4;
    %pushi/vec4 0, 0, 4;
    %cmp/u;
    %jmp/1 T_6.0, 6;
    %dup/vec4;
    %pushi/vec4 1, 0, 4;
    %cmp/u;
    %jmp/1 T_6.1, 6;
    %dup/vec4;
    %pushi/vec4 2, 0, 4;
    %cmp/u;
    %jmp/1 T_6.2, 6;
    %dup/vec4;
    %pushi/vec4 3, 0, 4;
    %cmp/u;
    %jmp/1 T_6.3, 6;
    %dup/vec4;
    %pushi/vec4 4, 0, 4;
    %cmp/u;
    %jmp/1 T_6.4, 6;
    %dup/vec4;
    %pushi/vec4 5, 0, 4;
    %cmp/u;
    %jmp/1 T_6.5, 6;
    %dup/vec4;
    %pushi/vec4 6, 0, 4;
    %cmp/u;
    %jmp/1 T_6.6, 6;
    %dup/vec4;
    %pushi/vec4 7, 0, 4;
    %cmp/u;
    %jmp/1 T_6.7, 6;
    %dup/vec4;
    %pushi/vec4 8, 0, 4;
    %cmp/u;
    %jmp/1 T_6.8, 6;
    %dup/vec4;
    %pushi/vec4 9, 0, 4;
    %cmp/u;
    %jmp/1 T_6.9, 6;
    %dup/vec4;
    %pushi/vec4 10, 0, 4;
    %cmp/u;
    %jmp/1 T_6.10, 6;
    %dup/vec4;
    %pushi/vec4 11, 0, 4;
    %cmp/u;
    %jmp/1 T_6.11, 6;
    %dup/vec4;
    %pushi/vec4 12, 0, 4;
    %cmp/u;
    %jmp/1 T_6.12, 6;
    %dup/vec4;
    %pushi/vec4 13, 0, 4;
    %cmp/u;
    %jmp/1 T_6.13, 6;
    %jmp T_6.14;
T_6.0 ;
    %load/vec4 v0x55afaeba5aa0_0;
    %load/vec4 v0x55afaec78620_0;
    %add;
    %store/vec4 v0x55afaec10a60_0, 0, 32;
    %jmp T_6.14;
T_6.1 ;
    %load/vec4 v0x55afaeba5aa0_0;
    %load/vec4 v0x55afaec78620_0;
    %and;
    %store/vec4 v0x55afaec10a60_0, 0, 32;
    %jmp T_6.14;
T_6.2 ;
    %load/vec4 v0x55afaeba5aa0_0;
    %load/vec4 v0x55afaec78620_0;
    %or;
    %inv;
    %store/vec4 v0x55afaec10a60_0, 0, 32;
    %jmp T_6.14;
T_6.3 ;
    %load/vec4 v0x55afaeba5aa0_0;
    %load/vec4 v0x55afaec78620_0;
    %or;
    %store/vec4 v0x55afaec10a60_0, 0, 32;
    %jmp T_6.14;
T_6.4 ;
    %load/vec4 v0x55afaec78620_0;
    %ix/getv 4, v0x55afaeb57500_0;
    %shiftl 4;
    %store/vec4 v0x55afaec10a60_0, 0, 32;
    %jmp T_6.14;
T_6.5 ;
    %load/vec4 v0x55afaec78620_0;
    %ix/getv 4, v0x55afaeb57500_0;
    %shiftr/s 4;
    %store/vec4 v0x55afaec10a60_0, 0, 32;
    %jmp T_6.14;
T_6.6 ;
    %load/vec4 v0x55afaec78620_0;
    %ix/getv 4, v0x55afaeb57500_0;
    %shiftr 4;
    %store/vec4 v0x55afaec10a60_0, 0, 32;
    %jmp T_6.14;
T_6.7 ;
    %load/vec4 v0x55afaeba5aa0_0;
    %load/vec4 v0x55afaec78620_0;
    %sub;
    %store/vec4 v0x55afaec10a60_0, 0, 32;
    %jmp T_6.14;
T_6.8 ;
    %load/vec4 v0x55afaeba5aa0_0;
    %load/vec4 v0x55afaec78620_0;
    %xor;
    %store/vec4 v0x55afaec10a60_0, 0, 32;
    %jmp T_6.14;
T_6.9 ;
    %load/vec4 v0x55afaeba5aa0_0;
    %load/vec4 v0x55afaec78620_0;
    %cmp/s;
    %flag_get/vec4 5;
    %pad/u 32;
    %store/vec4 v0x55afaec10a60_0, 0, 32;
    %jmp T_6.14;
T_6.10 ;
    %load/vec4 v0x55afaeba5aa0_0;
    %load/vec4 v0x55afaec78620_0;
    %cmp/u;
    %flag_get/vec4 5;
    %pad/u 32;
    %store/vec4 v0x55afaec10a60_0, 0, 32;
    %jmp T_6.14;
T_6.11 ;
    %load/vec4 v0x55afaeba5aa0_0;
    %load/vec4 v0x55afaec78620_0;
    %cmp/e;
    %flag_get/vec4 4;
    %pad/u 32;
    %store/vec4 v0x55afaec10a60_0, 0, 32;
    %jmp T_6.14;
T_6.12 ;
    %load/vec4 v0x55afaeba5aa0_0;
    %load/vec4 v0x55afaec78620_0;
    %cmp/ne;
    %flag_get/vec4 4;
    %pad/u 32;
    %store/vec4 v0x55afaec10a60_0, 0, 32;
    %jmp T_6.14;
T_6.13 ;
    %load/vec4 v0x55afaec78620_0;
    %ix/load 4, 16, 0;
    %flag_set/imm 4, 0;
    %shiftl 4;
    %store/vec4 v0x55afaec10a60_0, 0, 32;
    %jmp T_6.14;
T_6.14 ;
    %pop/vec4 1;
    %jmp T_6;
    .thread T_6, $push;
    .scope S_0x55afaeb91e50;
T_7 ;
    %wait E_0x55afaec76ec0;
    %load/vec4 v0x55afaeb27a00_0;
    %flag_set/vec4 8;
    %jmp/0xz  T_7.0, 8;
    %pushi/vec4 0, 0, 1;
    %store/vec4 v0x55afaeb912a0_0, 0, 1;
    %pushi/vec4 0, 0, 1;
    %store/vec4 v0x55afaeb96940_0, 0, 1;
    %pushi/vec4 1, 0, 1;
    %store/vec4 v0x55afaeb96860_0, 0, 1;
    %jmp T_7.1;
T_7.0 ;
    %pushi/vec4 1, 0, 1;
    %store/vec4 v0x55afaeb912a0_0, 0, 1;
    %pushi/vec4 1, 0, 1;
    %store/vec4 v0x55afaeb96940_0, 0, 1;
    %pushi/vec4 0, 0, 1;
    %store/vec4 v0x55afaeb96860_0, 0, 1;
T_7.1 ;
    %jmp T_7;
    .thread T_7, $push;
    .scope S_0x55afaeb91e50;
T_8 ;
    %wait E_0x55afaeb8a240;
    %load/vec4 v0x55afaeb27cb0_0;
    %load/vec4 v0x55afaeb9b660_0;
    %or;
    %store/vec4 v0x55afaeb911e0_0, 0, 1;
    %jmp T_8;
    .thread T_8, $push;
    .scope S_0x55afaeb99310;
T_9 ;
    %wait E_0x55afaeb76960;
    %load/vec4 v0x55afaed3ac50_0;
    %store/vec4 v0x55afaed3b670_0, 0, 5;
    %load/vec4 v0x55afaed3a8f0_0;
    %flag_set/vec4 8;
    %jmp/0 T_9.0, 8;
    %load/vec4 v0x55afaed3ab70_0;
    %jmp/1 T_9.1, 8;
T_9.0 ; End of true expr.
    %load/vec4 v0x55afaed3a740_0;
    %flag_set/vec4 9;
    %jmp/0 T_9.2, 9;
    %load/vec4 v0x55afaed3aa90_0;
    %jmp/1 T_9.3, 9;
T_9.2 ; End of true expr.
    %load/vec4 v0x55afaed3a9b0_0;
    %jmp/0 T_9.3, 9;
 ; End of false expr.
    %blend;
T_9.3;
    %jmp/0 T_9.1, 8;
 ; End of false expr.
    %blend;
T_9.1;
    %store/vec4 v0x55afaed3b730_0, 0, 32;
    %jmp T_9;
    .thread T_9, $push;
    .scope S_0x55afaeb99310;
T_10 ;
    %wait E_0x55afaeb77700;
    %load/vec4 v0x55afaed3a440_0;
    %flag_set/vec4 8;
    %jmp/0xz  T_10.0, 8;
    %load/vec4 v0x55afaed38500_0;
    %store/vec4 v0x55afaed368b0_0, 0, 32;
    %jmp T_10.1;
T_10.0 ;
    %load/vec4 v0x55afaed38f60_0;
    %flag_set/vec4 8;
    %jmp/0xz  T_10.2, 8;
    %load/vec4 v0x55afaed38e80_0;
    %store/vec4 v0x55afaed368b0_0, 0, 32;
    %jmp T_10.3;
T_10.2 ;
    %load/vec4 v0x55afaed39f20_0;
    %store/vec4 v0x55afaed368b0_0, 0, 32;
T_10.3 ;
T_10.1 ;
    %jmp T_10;
    .thread T_10, $push;
    .scope S_0x55afaeb99310;
T_11 ;
    %wait E_0x55afaeb76e10;
    %load/vec4 v0x55afaed3b400_0;
    %flag_set/vec4 8;
    %jmp/0xz  T_11.0, 8;
    %pushi/vec4 0, 0, 3;
    %assign/vec4 v0x55afaed38aa0_0, 0;
    %jmp T_11.1;
T_11.0 ;
    %load/vec4 v0x55afaed3a000_0;
    %cmpi/e 0, 0, 32;
    %jmp/0xz  T_11.2, 4;
    %load/vec4 v0x55afaed38aa0_0;
    %addi 1, 0, 3;
    %assign/vec4 v0x55afaed38aa0_0, 0;
    %jmp T_11.3;
T_11.2 ;
    %pushi/vec4 0, 0, 3;
    %assign/vec4 v0x55afaed38aa0_0, 0;
T_11.3 ;
T_11.1 ;
    %jmp T_11;
    .thread T_11;
    .scope S_0x55afaeb99310;
T_12 ;
    %wait E_0x55afaeb76e10;
    %load/vec4 v0x55afaed3b400_0;
    %flag_set/vec4 8;
    %jmp/0xz  T_12.0, 8;
    %pushi/vec4 0, 0, 32;
    %assign/vec4 v0x55afaed36770_0, 0;
    %pushi/vec4 0, 0, 32;
    %assign/vec4 v0x55afaed3a0e0_0, 0;
    %pushi/vec4 0, 0, 32;
    %assign/vec4 v0x55afaed3a000_0, 0;
    %pushi/vec4 0, 0, 1;
    %assign/vec4 v0x55afaed39540_0, 0;
    %pushi/vec4 0, 0, 1;
    %assign/vec4 v0x55afaed393c0_0, 0;
    %pushi/vec4 0, 0, 1;
    %assign/vec4 v0x55afaed39610_0, 0;
    %pushi/vec4 0, 0, 1;
    %assign/vec4 v0x55afaed39280_0, 0;
    %pushi/vec4 0, 0, 1;
    %assign/vec4 v0x55afaed39320_0, 0;
    %pushi/vec4 0, 0, 1;
    %assign/vec4 v0x55afaed391c0_0, 0;
    %pushi/vec4 0, 0, 1;
    %assign/vec4 v0x55afaed39480_0, 0;
    %pushi/vec4 0, 0, 4;
    %assign/vec4 v0x55afaed39030_0, 0;
    %pushi/vec4 0, 0, 1;
    %assign/vec4 v0x55afaed39100_0, 0;
    %pushi/vec4 0, 0, 32;
    %assign/vec4 v0x55afaed397b0_0, 0;
    %pushi/vec4 0, 0, 32;
    %assign/vec4 v0x55afaed39970_0, 0;
    %pushi/vec4 0, 0, 32;
    %assign/vec4 v0x55afaed39a50_0, 0;
    %pushi/vec4 0, 0, 32;
    %assign/vec4 v0x55afaed396d0_0, 0;
    %pushi/vec4 0, 0, 5;
    %assign/vec4 v0x55afaed39cd0_0, 0;
    %pushi/vec4 0, 0, 5;
    %assign/vec4 v0x55afaed39b30_0, 0;
    %pushi/vec4 0, 0, 5;
    %assign/vec4 v0x55afaed39c10_0, 0;
    %pushi/vec4 0, 0, 5;
    %assign/vec4 v0x55afaed39890_0, 0;
    %pushi/vec4 0, 0, 1;
    %assign/vec4 v0x55afaed38290_0, 0;
    %pushi/vec4 0, 0, 1;
    %assign/vec4 v0x55afaed381f0_0, 0;
    %pushi/vec4 0, 0, 1;
    %assign/vec4 v0x55afaed38360_0, 0;
    %pushi/vec4 0, 0, 1;
    %assign/vec4 v0x55afaed38090_0, 0;
    %pushi/vec4 0, 0, 1;
    %assign/vec4 v0x55afaed38150_0, 0;
    %pushi/vec4 0, 0, 1;
    %assign/vec4 v0x55afaed37ff0_0, 0;
    %pushi/vec4 0, 0, 32;
    %assign/vec4 v0x55afaed385e0_0, 0;
    %pushi/vec4 0, 0, 32;
    %assign/vec4 v0x55afaed38500_0, 0;
    %pushi/vec4 0, 0, 32;
    %assign/vec4 v0x55afaed38420_0, 0;
    %pushi/vec4 0, 0, 32;
    %assign/vec4 v0x55afaed386c0_0, 0;
    %pushi/vec4 0, 0, 5;
    %assign/vec4 v0x55afaed387a0_0, 0;
    %pushi/vec4 0, 0, 1;
    %assign/vec4 v0x55afaed3a800_0, 0;
    %pushi/vec4 0, 0, 1;
    %assign/vec4 v0x55afaed3a740_0, 0;
    %pushi/vec4 0, 0, 1;
    %assign/vec4 v0x55afaed3a8f0_0, 0;
    %pushi/vec4 0, 0, 32;
    %assign/vec4 v0x55afaed3ab70_0, 0;
    %pushi/vec4 0, 0, 32;
    %assign/vec4 v0x55afaed3aa90_0, 0;
    %pushi/vec4 0, 0, 32;
    %assign/vec4 v0x55afaed3a9b0_0, 0;
    %pushi/vec4 0, 0, 5;
    %assign/vec4 v0x55afaed3ac50_0, 0;
    %jmp T_12.1;
T_12.0 ;
    %load/vec4 v0x55afaed36810_0;
    %load/vec4 v0x55afaed3a440_0;
    %or;
    %flag_set/vec4 8;
    %jmp/0xz  T_12.2, 8;
    %load/vec4 v0x55afaed368b0_0;
    %assign/vec4 v0x55afaed36770_0, 0;
T_12.2 ;
    %load/vec4 v0x55afaed3a510_0;
    %load/vec4 v0x55afaed38b80_0;
    %or;
    %load/vec4 v0x55afaed36300_0;
    %or;
    %flag_set/vec4 8;
    %jmp/0xz  T_12.4, 8;
    %pushi/vec4 0, 0, 32;
    %assign/vec4 v0x55afaed3a0e0_0, 0;
    %pushi/vec4 32, 0, 32;
    %assign/vec4 v0x55afaed3a000_0, 0;
    %jmp T_12.5;
T_12.4 ;
    %load/vec4 v0x55afaed36260_0;
    %flag_set/vec4 8;
    %jmp/0xz  T_12.6, 8;
    %load/vec4 v0x55afaed39f20_0;
    %assign/vec4 v0x55afaed3a0e0_0, 0;
    %load/vec4 v0x55afaed39d90_0;
    %assign/vec4 v0x55afaed3a000_0, 0;
T_12.6 ;
T_12.5 ;
    %load/vec4 v0x55afaed3a510_0;
    %load/vec4 v0x55afaed361c0_0;
    %or;
    %flag_set/vec4 8;
    %jmp/0xz  T_12.8, 8;
    %pushi/vec4 0, 0, 1;
    %assign/vec4 v0x55afaed39540_0, 0;
    %pushi/vec4 0, 0, 1;
    %assign/vec4 v0x55afaed393c0_0, 0;
    %pushi/vec4 0, 0, 1;
    %assign/vec4 v0x55afaed39610_0, 0;
    %pushi/vec4 0, 0, 1;
    %assign/vec4 v0x55afaed39280_0, 0;
    %pushi/vec4 0, 0, 1;
    %assign/vec4 v0x55afaed39320_0, 0;
    %pushi/vec4 0, 0, 1;
    %assign/vec4 v0x55afaed391c0_0, 0;
    %pushi/vec4 0, 0, 1;
    %assign/vec4 v0x55afaed39480_0, 0;
    %pushi/vec4 0, 0, 4;
    %assign/vec4 v0x55afaed39030_0, 0;
    %pushi/vec4 0, 0, 1;
    %assign/vec4 v0x55afaed39100_0, 0;
    %pushi/vec4 0, 0, 32;
    %assign/vec4 v0x55afaed397b0_0, 0;
    %pushi/vec4 0, 0, 32;
    %assign/vec4 v0x55afaed39970_0, 0;
    %pushi/vec4 0, 0, 32;
    %assign/vec4 v0x55afaed39a50_0, 0;
    %pushi/vec4 0, 0, 32;
    %assign/vec4 v0x55afaed396d0_0, 0;
    %pushi/vec4 0, 0, 5;
    %assign/vec4 v0x55afaed39cd0_0, 0;
    %pushi/vec4 0, 0, 5;
    %assign/vec4 v0x55afaed39b30_0, 0;
    %pushi/vec4 0, 0, 5;
    %assign/vec4 v0x55afaed39c10_0, 0;
    %pushi/vec4 0, 0, 5;
    %assign/vec4 v0x55afaed39890_0, 0;
    %jmp T_12.9;
T_12.8 ;
    %load/vec4 v0x55afaed36a20_0;
    %assign/vec4 v0x55afaed39540_0, 0;
    %load/vec4 v0x55afaed366a0_0;
    %assign/vec4 v0x55afaed393c0_0, 0;
    %load/vec4 v0x55afaed36af0_0;
    %assign/vec4 v0x55afaed39610_0, 0;
    %load/vec4 v0x55afaed36470_0;
    %assign/vec4 v0x55afaed39280_0, 0;
    %load/vec4 v0x55afaed36540_0;
    %assign/vec4 v0x55afaed39320_0, 0;
    %load/vec4 v0x55afaed36120_0;
    %assign/vec4 v0x55afaed391c0_0, 0;
    %load/vec4 v0x55afaed36950_0;
    %assign/vec4 v0x55afaed39480_0, 0;
    %load/vec4 v0x55afaed35f80_0;
    %assign/vec4 v0x55afaed39030_0, 0;
    %load/vec4 v0x55afaed36060_0;
    %assign/vec4 v0x55afaed39100_0, 0;
    %load/vec4 v0x55afaed3a0e0_0;
    %assign/vec4 v0x55afaed397b0_0, 0;
    %load/vec4 v0x55afaed3b190_0;
    %assign/vec4 v0x55afaed39970_0, 0;
    %load/vec4 v0x55afaed3b260_0;
    %assign/vec4 v0x55afaed39a50_0, 0;
    %load/vec4 v0x55afaed38860_0;
    %assign/vec4 v0x55afaed396d0_0, 0;
    %load/vec4 v0x55afaed3b5b0_0;
    %assign/vec4 v0x55afaed39cd0_0, 0;
    %load/vec4 v0x55afaed3b330_0;
    %assign/vec4 v0x55afaed39b30_0, 0;
    %load/vec4 v0x55afaed3b4f0_0;
    %assign/vec4 v0x55afaed39c10_0, 0;
    %load/vec4 v0x55afaed3af50_0;
    %assign/vec4 v0x55afaed39890_0, 0;
T_12.9 ;
    %load/vec4 v0x55afaed3a510_0;
    %flag_set/vec4 8;
    %jmp/0xz  T_12.10, 8;
    %pushi/vec4 0, 0, 1;
    %assign/vec4 v0x55afaed38290_0, 0;
    %pushi/vec4 0, 0, 1;
    %assign/vec4 v0x55afaed381f0_0, 0;
    %pushi/vec4 0, 0, 1;
    %assign/vec4 v0x55afaed38360_0, 0;
    %pushi/vec4 0, 0, 1;
    %assign/vec4 v0x55afaed38090_0, 0;
    %pushi/vec4 0, 0, 1;
    %assign/vec4 v0x55afaed38150_0, 0;
    %pushi/vec4 0, 0, 1;
    %assign/vec4 v0x55afaed37ff0_0, 0;
    %pushi/vec4 0, 0, 32;
    %assign/vec4 v0x55afaed385e0_0, 0;
    %pushi/vec4 0, 0, 32;
    %assign/vec4 v0x55afaed38500_0, 0;
    %pushi/vec4 0, 0, 32;
    %assign/vec4 v0x55afaed38420_0, 0;
    %pushi/vec4 0, 0, 32;
    %assign/vec4 v0x55afaed386c0_0, 0;
    %pushi/vec4 0, 0, 5;
    %assign/vec4 v0x55afaed387a0_0, 0;
    %jmp T_12.11;
T_12.10 ;
    %load/vec4 v0x55afaed39540_0;
    %assign/vec4 v0x55afaed38290_0, 0;
    %load/vec4 v0x55afaed393c0_0;
    %assign/vec4 v0x55afaed381f0_0, 0;
    %load/vec4 v0x55afaed39610_0;
    %assign/vec4 v0x55afaed38360_0, 0;
    %load/vec4 v0x55afaed39280_0;
    %assign/vec4 v0x55afaed38090_0, 0;
    %load/vec4 v0x55afaed39320_0;
    %assign/vec4 v0x55afaed38150_0, 0;
    %load/vec4 v0x55afaed391c0_0;
    %assign/vec4 v0x55afaed37ff0_0, 0;
    %load/vec4 v0x55afaed397b0_0;
    %assign/vec4 v0x55afaed385e0_0, 0;
    %load/vec4 v0x55afaed37e50_0;
    %assign/vec4 v0x55afaed38500_0, 0;
    %load/vec4 v0x55afaed37cf0_0;
    %assign/vec4 v0x55afaed38420_0, 0;
    %load/vec4 v0x55afaed39a50_0;
    %assign/vec4 v0x55afaed386c0_0, 0;
    %load/vec4 v0x55afaed37f30_0;
    %assign/vec4 v0x55afaed387a0_0, 0;
T_12.11 ;
    %load/vec4 v0x55afaed38290_0;
    %assign/vec4 v0x55afaed3a800_0, 0;
    %load/vec4 v0x55afaed381f0_0;
    %assign/vec4 v0x55afaed3a740_0, 0;
    %load/vec4 v0x55afaed38360_0;
    %assign/vec4 v0x55afaed3a8f0_0, 0;
    %load/vec4 v0x55afaed385e0_0;
    %assign/vec4 v0x55afaed3ab70_0, 0;
    %load/vec4 v0x55afaed3a5b0_0;
    %assign/vec4 v0x55afaed3aa90_0, 0;
    %load/vec4 v0x55afaed38420_0;
    %assign/vec4 v0x55afaed3a9b0_0, 0;
    %load/vec4 v0x55afaed387a0_0;
    %assign/vec4 v0x55afaed3ac50_0, 0;
T_12.1 ;
    %jmp T_12;
    .thread T_12;
    .scope S_0x55afaeb9cbc0;
T_13 ;
    %fork t_1, S_0x55afaeb96280;
    %jmp t_0;
    .scope S_0x55afaeb96280;
t_1 ;
    %vpi_call 2 40 "$readmemh", "reference_mem.mem", v0x55afaed3bc90 {0 0 0};
    %vpi_call 2 41 "$readmemh", "reference_reg.mem", v0x55afaed3bd50 {0 0 0};
    %vpi_call 2 42 "$readmemh", "initial_mem.mem", v0x55afaed3c070 {0 0 0};
    %vpi_call 2 43 "$readmemh", "initial_reg.mem", v0x55afaed3c130 {0 0 0};
    %pushi/vec4 1, 0, 1;
    %store/vec4 v0x55afaed3ba00_0, 0, 1;
    %pushi/vec4 0, 0, 32;
    %store/vec4 v0x55afaed3beb0_0, 0, 32;
    %pushi/vec4 0, 0, 32;
    %store/vec4 v0x55afaed3bf90_0, 0, 32;
    %end;
    .scope S_0x55afaeb9cbc0;
t_0 %join;
    %end;
    .thread T_13;
    .scope S_0x55afaeb9cbc0;
T_14 ;
    %fork t_3, S_0x55afaeb95f00;
    %jmp t_2;
    .scope S_0x55afaeb95f00;
t_3 ;
    %pushi/vec4 0, 0, 1;
    %store/vec4 v0x55afaed3b940_0, 0, 1;
T_14.0 ;
    %delay 5000, 0;
    %load/vec4 v0x55afaed3b940_0;
    %inv;
    %store/vec4 v0x55afaed3b940_0, 0, 1;
    %jmp T_14.0;
    %end;
    .scope S_0x55afaeb9cbc0;
t_2 %join;
    %end;
    .thread T_14;
    .scope S_0x55afaeb9cbc0;
T_15 ;
    %fork t_5, S_0x55afaeb975f0;
    %jmp t_4;
    .scope S_0x55afaeb975f0;
t_5 ;
    %pushi/vec4 0, 0, 32;
    %store/vec4 v0x55afaed3b860_0, 0, 32;
    %pushi/vec4 1, 0, 1;
    %store/vec4 v0x55afaed3be10_0, 0, 1;
    %delay 15000, 0;
    %pushi/vec4 0, 0, 1;
    %store/vec4 v0x55afaed3be10_0, 0, 1;
    %wait E_0x55afaeb77b70;
    %vpi_call 2 60 "$display", "Program Terminate\012" {0 0 0};
    %pushi/vec4 0, 0, 32;
    %store/vec4 v0x55afaed3bba0_0, 0, 32;
T_15.0 ;
    %load/vec4 v0x55afaed3bba0_0;
    %cmpi/s 32, 0, 32;
    %jmp/0xz T_15.1, 5;
    %ix/getv/s 4, v0x55afaed3bba0_0;
    %load/vec4a v0x55afaed356d0, 4;
    %ix/getv/s 4, v0x55afaed3bba0_0;
    %load/vec4a v0x55afaed3bd50, 4;
    %cmp/ne;
    %jmp/0xz  T_15.2, 4;
    %pushi/vec4 1, 0, 32;
    %store/vec4 v0x55afaed3b860_0, 0, 32;
T_15.2 ;
    %load/vec4 v0x55afaed3bba0_0;
    %addi 1, 0, 32;
    %store/vec4 v0x55afaed3bba0_0, 0, 32;
    %jmp T_15.0;
T_15.1 ;
    %pushi/vec4 0, 0, 32;
    %store/vec4 v0x55afaed3bba0_0, 0, 32;
T_15.4 ;
    %load/vec4 v0x55afaed3bba0_0;
    %cmpi/s 8192, 0, 32;
    %jmp/0xz T_15.5, 5;
    %ix/getv/s 4, v0x55afaed3bba0_0;
    %load/vec4a v0x55afaeb93590, 4;
    %ix/getv/s 4, v0x55afaed3bba0_0;
    %load/vec4a v0x55afaed3bc90, 4;
    %cmp/ne;
    %jmp/0xz  T_15.6, 4;
    %pushi/vec4 1, 0, 32;
    %store/vec4 v0x55afaed3b860_0, 0, 32;
T_15.6 ;
    %load/vec4 v0x55afaed3bba0_0;
    %addi 1, 0, 32;
    %store/vec4 v0x55afaed3bba0_0, 0, 32;
    %jmp T_15.4;
T_15.5 ;
    %load/vec4 v0x55afaed3b860_0;
    %cmpi/ne 0, 0, 32;
    %jmp/0xz  T_15.8, 4;
    %vpi_call 2 72 "$display", "Simulation failed." {0 0 0};
    %pushi/vec4 0, 0, 32;
    %store/vec4 v0x55afaed3bba0_0, 0, 32;
T_15.10 ;
    %load/vec4 v0x55afaed3bba0_0;
    %cmpi/s 32, 0, 32;
    %jmp/0xz T_15.11, 5;
    %vpi_call 2 74 "$display", "index: %d, dat: %h, %h", v0x55afaed3bba0_0, &A<v0x55afaed356d0, v0x55afaed3bba0_0 >, &A<v0x55afaed3bd50, v0x55afaed3bba0_0 > {0 0 0};
    %load/vec4 v0x55afaed3bba0_0;
    %addi 1, 0, 32;
    %store/vec4 v0x55afaed3bba0_0, 0, 32;
    %jmp T_15.10;
T_15.11 ;
    %jmp T_15.9;
T_15.8 ;
    %vpi_call 2 76 "$display", "Simulation success!!!" {0 0 0};
T_15.9 ;
    %vpi_call 2 77 "$finish" {0 0 0};
    %end;
    .scope S_0x55afaeb9cbc0;
t_4 %join;
    %end;
    .thread T_15;
# The file index is used to find the file name in the following table.
:file_names 9;
    "N/A";
    "<interactive>";
    "CPU_tb.v";
    "CPU.v";
    "ALU.v";
    "CTRL.v";
    "HAZARD.v";
    "MEM.v";
    "RF.v";
